File created by python code using SuperMAGGetIndices

============================================================
<year>  <month>  <day>  <hour>  <min>  <sec>  <SME (nT)>  <SML (nT)>  <SMU (nT)>
2013  03  14  00  00  00   102.62   -68.36    34.26
2013  03  14  00  01  00    90.63   -55.79    34.84
2013  03  14  00  02  00    79.69   -43.27    36.42
2013  03  14  00  03  00    79.42   -42.20    37.21
2013  03  14  00  04  00    81.24   -43.62    37.62
2013  03  14  00  05  00    75.80   -37.45    38.35
2013  03  14  00  06  00    69.43   -29.93    39.50
2013  03  14  00  07  00    68.30   -28.75    39.55
2013  03  14  00  08  00    75.38   -35.71    39.67
2013  03  14  00  09  00    82.57   -42.17    40.40
2013  03  14  00  10  00    90.38   -48.27    42.10
2013  03  14  00  11  00    94.10   -51.59    42.51
2013  03  14  00  12  00    93.00   -50.73    42.27
2013  03  14  00  13  00    81.18   -37.90    43.28
2013  03  14  00  14  00    80.28   -35.19    45.09
2013  03  14  00  15  00    83.86   -37.18    46.68
2013  03  14  00  16  00    82.62   -36.35    46.27
2013  03  14  00  17  00    80.84   -35.51    45.33
2013  03  14  00  18  00    80.47   -35.49    44.98
2013  03  14  00  19  00    75.29   -31.02    44.27
2013  03  14  00  20  00    69.51   -26.33    43.19
2013  03  14  00  21  00    66.53   -23.19    43.33
2013  03  14  00  22  00    63.64   -21.11    42.53
2013  03  14  00  23  00    63.53   -19.63    43.90
2013  03  14  00  24  00    63.68   -19.40    44.29
2013  03  14  00  25  00    61.72   -18.90    42.83
2013  03  14  00  26  00    60.47   -16.60    43.87
2013  03  14  00  27  00    62.12   -14.77    47.34
2013  03  14  00  28  00    62.53   -14.68    47.86
2013  03  14  00  29  00    64.18   -15.34    48.83
2013  03  14  00  30  00    66.17   -16.53    49.63
2013  03  14  00  31  00    67.39   -17.71    49.68
2013  03  14  00  32  00    64.23   -17.38    46.85
2013  03  14  00  33  00    64.28   -17.61    46.67
2013  03  14  00  34  00    64.34   -17.39    46.95
2013  03  14  00  35  00    72.99   -25.88    47.12
2013  03  14  00  36  00    76.36   -29.84    46.51
2013  03  14  00  37  00    75.12   -29.18    45.94
2013  03  14  00  38  00    73.26   -27.80    45.46
2013  03  14  00  39  00    68.77   -22.92    45.85
2013  03  14  00  40  00    64.50   -18.21    46.29
2013  03  14  00  41  00    66.30   -20.30    46.00
2013  03  14  00  42  00    74.13   -29.28    44.85
2013  03  14  00  43  00    70.62   -26.51    44.11
2013  03  14  00  44  00    68.09   -23.55    44.54
2013  03  14  00  45  00    66.71   -22.87    43.85
2013  03  14  00  46  00    61.64   -18.69    42.96
2013  03  14  00  47  00    56.99   -14.73    42.26
2013  03  14  00  48  00    56.26   -13.91    42.34
2013  03  14  00  49  00    56.00   -13.69    42.31
2013  03  14  00  50  00    56.68   -14.15    42.53
2013  03  14  00  51  00    56.74   -14.92    41.82
2013  03  14  00  52  00    57.05   -14.88    42.17
2013  03  14  00  53  00    56.59   -15.13    41.46
2013  03  14  00  54  00    55.25   -14.71    40.55
2013  03  14  00  55  00    53.48   -14.73    38.74
2013  03  14  00  56  00    60.22   -20.01    40.21
2013  03  14  00  57  00    65.70   -20.55    45.15
2013  03  14  00  58  00    71.62   -22.73    48.89
2013  03  14  00  59  00    73.14   -22.43    50.70
2013  03  14  01  00  00    71.41   -22.76    48.65
2013  03  14  01  01  00    67.62   -20.40    47.22
2013  03  14  01  02  00    66.33   -17.16    49.17
2013  03  14  01  03  00    68.65   -18.70    49.95
2013  03  14  01  04  00    80.49   -28.59    51.90
2013  03  14  01  05  00    83.51   -35.30    48.21
2013  03  14  01  06  00    62.49   -20.45    42.03
2013  03  14  01  07  00    60.45   -19.97    40.48
2013  03  14  01  08  00    59.62   -19.22    40.40
2013  03  14  01  09  00    57.39   -15.48    41.90
2013  03  14  01  10  00    57.35   -15.46    41.89
2013  03  14  01  11  00    55.94   -15.17    40.77
2013  03  14  01  12  00    54.49   -14.21    40.29
2013  03  14  01  13  00    55.46   -13.56    41.90
2013  03  14  01  14  00    65.48   -22.19    43.29
2013  03  14  01  15  00    61.63   -16.95    44.68
2013  03  14  01  16  00    60.13   -16.18    43.95
2013  03  14  01  17  00    56.61   -14.40    42.21
2013  03  14  01  18  00    55.52   -14.50    41.02
2013  03  14  01  19  00    56.13   -14.27    41.86
2013  03  14  01  20  00    56.27   -14.15    42.12
2013  03  14  01  21  00    56.35   -13.73    42.63
2013  03  14  01  22  00    57.32   -13.39    43.93
2013  03  14  01  23  00    57.21   -13.64    43.57
2013  03  14  01  24  00    57.32   -14.33    42.99
2013  03  14  01  25  00    57.04   -14.50    42.54
2013  03  14  01  26  00    56.62   -13.71    42.91
2013  03  14  01  27  00    56.47   -12.82    43.66
2013  03  14  01  28  00    57.27   -12.36    44.91
2013  03  14  01  29  00    58.55   -13.34    45.21
2013  03  14  01  30  00    58.21   -13.27    44.94
2013  03  14  01  31  00    58.73   -13.72    45.01
2013  03  14  01  32  00    59.82   -14.05    45.77
2013  03  14  01  33  00    59.72   -14.10    45.61
2013  03  14  01  34  00    58.71   -14.06    44.65
2013  03  14  01  35  00    56.79   -14.42    42.37
2013  03  14  01  36  00    54.36   -14.13    40.23
2013  03  14  01  37  00    53.18   -13.29    39.89
2013  03  14  01  38  00    55.20   -13.21    41.99
2013  03  14  01  39  00    56.90   -13.82    43.08
2013  03  14  01  40  00    57.53   -14.34    43.19
2013  03  14  01  41  00    56.41   -14.72    41.69
2013  03  14  01  42  00    54.39   -14.19    40.20
2013  03  14  01  43  00    53.60   -14.72    38.88
2013  03  14  01  44  00    56.05   -16.02    40.03
2013  03  14  01  45  00    55.22   -16.44    38.79
2013  03  14  01  46  00    53.45   -16.33    37.12
2013  03  14  01  47  00    52.66   -16.48    36.18
2013  03  14  01  48  00    51.22   -16.24    34.98
2013  03  14  01  49  00    51.73   -15.66    36.07
2013  03  14  01  50  00    51.24   -14.23    37.00
2013  03  14  01  51  00    52.33   -13.45    38.88
2013  03  14  01  52  00    54.65   -12.78    41.88
2013  03  14  01  53  00    56.43   -12.16    44.26
2013  03  14  01  54  00    58.04   -13.02    45.02
2013  03  14  01  55  00    57.59   -13.95    43.64
2013  03  14  01  56  00    56.79   -14.69    42.10
2013  03  14  01  57  00    54.65   -14.70    39.95
2013  03  14  01  58  00    53.31   -14.55    38.76
2013  03  14  01  59  00    53.19   -14.95    38.23
2013  03  14  02  00  00    54.00   -15.49    38.51
2013  03  14  02  01  00    55.38   -16.09    39.30
2013  03  14  02  02  00    55.47   -15.79    39.68
2013  03  14  02  03  00    56.47   -15.51    40.96
2013  03  14  02  04  00    58.70   -16.53    42.17
2013  03  14  02  05  00    60.10   -17.00    43.10
2013  03  14  02  06  00    59.70   -16.67    43.03
2013  03  14  02  07  00    58.18   -15.70    42.48
2013  03  14  02  08  00    56.64   -14.50    42.14
2013  03  14  02  09  00    56.48   -14.15    42.33
2013  03  14  02  10  00    57.27   -14.77    42.49
2013  03  14  02  11  00    57.19   -15.52    41.67
2013  03  14  02  12  00    55.96   -15.72    40.24
2013  03  14  02  13  00    54.50   -15.58    38.93
2013  03  14  02  14  00    54.00   -15.74    38.26
2013  03  14  02  15  00    53.83   -15.32    38.52
2013  03  14  02  16  00    55.22   -15.95    39.27
2013  03  14  02  17  00    56.74   -16.82    39.92
2013  03  14  02  18  00    58.14   -18.15    39.99
2013  03  14  02  19  00    59.13   -19.19    39.94
2013  03  14  02  20  00    59.17   -19.26    39.91
2013  03  14  02  21  00    59.23   -18.99    40.24
2013  03  14  02  22  00    58.64   -18.03    40.61
2013  03  14  02  23  00    57.67   -16.87    40.80
2013  03  14  02  24  00    56.83   -16.07    40.75
2013  03  14  02  25  00    56.04   -15.43    40.61
2013  03  14  02  26  00    55.54   -14.88    40.66
2013  03  14  02  27  00    55.32   -13.58    41.74
2013  03  14  02  28  00    56.84   -12.69    44.15
2013  03  14  02  29  00    59.90   -12.96    46.94
2013  03  14  02  30  00    64.46   -14.35    50.12
2013  03  14  02  31  00    66.53   -15.36    51.17
2013  03  14  02  32  00    67.13   -16.90    50.23
2013  03  14  02  33  00    66.35   -17.57    48.78
2013  03  14  02  34  00    63.54   -17.39    46.16
2013  03  14  02  35  00    59.08   -16.14    42.94
2013  03  14  02  36  00    55.20   -14.23    40.96
2013  03  14  02  37  00    54.05   -12.60    41.45
2013  03  14  02  38  00    55.77   -12.76    43.01
2013  03  14  02  39  00    58.69   -13.62    45.08
2013  03  14  02  40  00    61.54   -15.18    46.35
2013  03  14  02  41  00    62.48   -16.98    45.50
2013  03  14  02  42  00    63.29   -18.83    44.46
2013  03  14  02  43  00    60.93   -18.11    42.82
2013  03  14  02  44  00    59.86   -18.25    41.61
2013  03  14  02  45  00    59.49   -18.48    41.01
2013  03  14  02  46  00    59.89   -18.96    40.93
2013  03  14  02  47  00    59.72   -18.86    40.87
2013  03  14  02  48  00    58.76   -18.21    40.55
2013  03  14  02  49  00    57.89   -17.84    40.05
2013  03  14  02  50  00    56.58   -17.76    38.82
2013  03  14  02  51  00    56.16   -17.99    38.18
2013  03  14  02  52  00    55.42   -17.41    38.01
2013  03  14  02  53  00    54.92   -16.98    37.93
2013  03  14  02  54  00    54.96   -17.14    37.82
2013  03  14  02  55  00    53.94   -15.82    38.13
2013  03  14  02  56  00    54.07   -15.68    38.40
2013  03  14  02  57  00    55.14   -16.15    38.99
2013  03  14  02  58  00    54.53   -15.64    38.89
2013  03  14  02  59  00    53.45   -14.32    39.13
2013  03  14  03  00  00    52.04   -13.13    38.90
2013  03  14  03  01  00    51.30   -11.92    39.38
2013  03  14  03  02  00    51.45   -11.50    39.95
2013  03  14  03  03  00    52.20   -11.94    40.26
2013  03  14  03  04  00    53.87   -13.26    40.60
2013  03  14  03  05  00    54.01   -13.58    40.44
2013  03  14  03  06  00    54.48   -14.36    40.12
2013  03  14  03  07  00    54.57   -14.69    39.88
2013  03  14  03  08  00    53.68   -14.83    38.85
2013  03  14  03  09  00    52.75   -14.70    38.05
2013  03  14  03  10  00    52.18   -14.94    37.24
2013  03  14  03  11  00    52.46   -15.82    36.64
2013  03  14  03  12  00    53.40   -17.24    36.17
2013  03  14  03  13  00    52.97   -17.75    35.22
2013  03  14  03  14  00    51.92   -17.74    34.18
2013  03  14  03  15  00    50.33   -16.82    33.51
2013  03  14  03  16  00    49.10   -16.15    32.95
2013  03  14  03  17  00    47.20   -14.75    32.45
2013  03  14  03  18  00    45.69   -13.63    32.06
2013  03  14  03  19  00    46.00   -13.91    32.09
2013  03  14  03  20  00    46.97   -14.26    32.71
2013  03  14  03  21  00    48.07   -14.93    33.14
2013  03  14  03  22  00    48.20   -15.44    32.77
2013  03  14  03  23  00    48.09   -16.10    31.99
2013  03  14  03  24  00    48.71   -17.36    31.34
2013  03  14  03  25  00    48.72   -18.18    30.55
2013  03  14  03  26  00    48.13   -18.04    30.09
2013  03  14  03  27  00    47.52   -17.56    29.96
2013  03  14  03  28  00    47.21   -17.46    29.76
2013  03  14  03  29  00    47.50   -17.53    29.97
2013  03  14  03  30  00    48.11   -17.36    30.75
2013  03  14  03  31  00    48.49   -16.78    31.72
2013  03  14  03  32  00    48.53   -16.02    32.51
2013  03  14  03  33  00    48.91   -15.74    33.18
2013  03  14  03  34  00    49.93   -16.00    33.92
2013  03  14  03  35  00    50.81   -16.40    34.42
2013  03  14  03  36  00    50.06   -16.21    33.85
2013  03  14  03  37  00    48.93   -15.87    33.05
2013  03  14  03  38  00    48.62   -15.68    32.94
2013  03  14  03  39  00    48.52   -15.52    33.00
2013  03  14  03  40  00    48.26   -15.33    32.93
2013  03  14  03  41  00    48.01   -15.13    32.88
2013  03  14  03  42  00    48.89   -14.95    33.94
2013  03  14  03  43  00    50.28   -15.00    35.28
2013  03  14  03  44  00    50.31   -14.82    35.49
2013  03  14  03  45  00    50.27   -15.31    34.96
2013  03  14  03  46  00    49.16   -15.46    33.71
2013  03  14  03  47  00    48.24   -15.48    32.76
2013  03  14  03  48  00    47.68   -15.39    32.29
2013  03  14  03  49  00    47.17   -15.36    31.81
2013  03  14  03  50  00    47.11   -15.78    31.33
2013  03  14  03  51  00    47.76   -16.58    31.18
2013  03  14  03  52  00    47.79   -16.87    30.92
2013  03  14  03  53  00    47.26   -16.78    30.48
2013  03  14  03  54  00    46.31   -16.94    29.37
2013  03  14  03  55  00    45.27   -16.94    28.34
2013  03  14  03  56  00    43.89   -16.53    27.36
2013  03  14  03  57  00    43.22   -15.99    27.23
2013  03  14  03  58  00    42.71   -14.98    27.73
2013  03  14  03  59  00    43.57   -14.84    28.74
2013  03  14  04  00  00    44.53   -14.77    29.75
2013  03  14  04  01  00    45.51   -14.88    30.63
2013  03  14  04  02  00    46.74   -14.96    31.78
2013  03  14  04  03  00    47.87   -15.10    32.77
2013  03  14  04  04  00    48.47   -15.18    33.29
2013  03  14  04  05  00    48.89   -15.96    32.93
2013  03  14  04  06  00    49.22   -17.38    31.83
2013  03  14  04  07  00    49.02   -18.02    30.99
2013  03  14  04  08  00    48.58   -17.76    30.83
2013  03  14  04  09  00    47.93   -17.26    30.67
2013  03  14  04  10  00    47.50   -17.25    30.25
2013  03  14  04  11  00    47.23   -17.19    30.04
2013  03  14  04  12  00    46.04   -16.92    29.12
2013  03  14  04  13  00    45.10   -16.84    28.25
2013  03  14  04  14  00    44.36   -16.81    27.55
2013  03  14  04  15  00    44.20   -16.96    27.24
2013  03  14  04  16  00    44.87   -17.57    27.30
2013  03  14  04  17  00    45.50   -17.91    27.59
2013  03  14  04  18  00    45.87   -17.36    28.51
2013  03  14  04  19  00    46.71   -17.53    29.18
2013  03  14  04  20  00    47.49   -18.73    28.76
2013  03  14  04  21  00    47.75   -19.18    28.57
2013  03  14  04  22  00    53.33   -25.38    27.95
2013  03  14  04  23  00    57.11   -29.85    27.26
2013  03  14  04  24  00    47.86   -21.03    26.83
2013  03  14  04  25  00    49.60   -22.36    27.23
2013  03  14  04  26  00    50.27   -22.62    27.64
2013  03  14  04  27  00    49.66   -22.12    27.53
2013  03  14  04  28  00    47.11   -19.57    27.54
2013  03  14  04  29  00    48.65   -20.50    28.16
2013  03  14  04  30  00    49.34   -20.95    28.39
2013  03  14  04  31  00    49.62   -21.57    28.05
2013  03  14  04  32  00    49.43   -22.00    27.43
2013  03  14  04  33  00    48.92   -21.70    27.22
2013  03  14  04  34  00    48.42   -21.28    27.14
2013  03  14  04  35  00    48.13   -21.25    26.88
2013  03  14  04  36  00    48.51   -21.59    26.92
2013  03  14  04  37  00    49.19   -22.15    27.05
2013  03  14  04  38  00    49.23   -22.30    26.93
2013  03  14  04  39  00    49.01   -22.41    26.60
2013  03  14  04  40  00    48.60   -22.22    26.38
2013  03  14  04  41  00    48.38   -22.20    26.18
2013  03  14  04  42  00    48.28   -22.28    25.99
2013  03  14  04  43  00    48.43   -22.33    26.10
2013  03  14  04  44  00    48.69   -22.54    26.16
2013  03  14  04  45  00    48.53   -22.30    26.23
2013  03  14  04  46  00    48.42   -22.16    26.25
2013  03  14  04  47  00    48.33   -21.99    26.34
2013  03  14  04  48  00    48.43   -21.92    26.51
2013  03  14  04  49  00    48.38   -21.76    26.63
2013  03  14  04  50  00    48.23   -21.33    26.89
2013  03  14  04  51  00    47.86   -20.56    27.30
2013  03  14  04  52  00    46.95   -19.41    27.53
2013  03  14  04  53  00    47.02   -19.46    27.56
2013  03  14  04  54  00    47.76   -20.24    27.52
2013  03  14  04  55  00    48.48   -21.10    27.38
2013  03  14  04  56  00    48.93   -21.46    27.47
2013  03  14  04  57  00    49.10   -21.39    27.71
2013  03  14  04  58  00    49.32   -21.58    27.75
2013  03  14  04  59  00    48.72   -21.15    27.57
2013  03  14  05  00  00    48.14   -20.64    27.50
2013  03  14  05  01  00    47.31   -19.89    27.42
2013  03  14  05  02  00    46.72   -19.51    27.21
2013  03  14  05  03  00    46.39   -19.57    26.82
2013  03  14  05  04  00    46.71   -19.92    26.78
2013  03  14  05  05  00    47.37   -20.23    27.14
2013  03  14  05  06  00    47.96   -20.53    27.43
2013  03  14  05  07  00    48.35   -20.42    27.93
2013  03  14  05  08  00    48.49   -20.31    28.17
2013  03  14  05  09  00    49.53   -21.13    28.40
2013  03  14  05  10  00    50.63   -22.47    28.15
2013  03  14  05  11  00    50.93   -23.06    27.87
2013  03  14  05  12  00    50.52   -22.91    27.61
2013  03  14  05  13  00    50.80   -23.00    27.81
2013  03  14  05  14  00    50.02   -21.91    28.11
2013  03  14  05  15  00    49.07   -20.84    28.23
2013  03  14  05  16  00    48.53   -20.44    28.09
2013  03  14  05  17  00    47.99   -20.24    27.75
2013  03  14  05  18  00    47.85   -20.24    27.61
2013  03  14  05  19  00    47.96   -20.20    27.75
2013  03  14  05  20  00    48.65   -20.55    28.10
2013  03  14  05  21  00    48.97   -20.97    27.99
2013  03  14  05  22  00    48.31   -20.70    27.62
2013  03  14  05  23  00    47.64   -20.52    27.12
2013  03  14  05  24  00    47.17   -19.99    27.18
2013  03  14  05  25  00    46.68   -19.17    27.51
2013  03  14  05  26  00    45.72   -18.43    27.29
2013  03  14  05  27  00    44.65   -17.73    26.92
2013  03  14  05  28  00    44.26   -17.41    26.85
2013  03  14  05  29  00    44.19   -17.27    26.92
2013  03  14  05  30  00    44.01   -17.25    26.76
2013  03  14  05  31  00    43.95   -17.42    26.53
2013  03  14  05  32  00    43.89   -17.51    26.38
2013  03  14  05  33  00    43.67   -17.35    26.31
2013  03  14  05  34  00    43.11   -16.86    26.25
2013  03  14  05  35  00    42.92   -16.26    26.66
2013  03  14  05  36  00    42.71   -15.75    26.96
2013  03  14  05  37  00    42.73   -15.59    27.14
2013  03  14  05  38  00    42.83   -15.53    27.29
2013  03  14  05  39  00    43.42   -15.94    27.48
2013  03  14  05  40  00    43.78   -16.09    27.68
2013  03  14  05  41  00    43.60   -16.05    27.54
2013  03  14  05  42  00    43.57   -16.28    27.29
2013  03  14  05  43  00    43.78   -16.37    27.41
2013  03  14  05  44  00    43.88   -16.17    27.71
2013  03  14  05  45  00    44.02   -16.17    27.85
2013  03  14  05  46  00    44.35   -16.25    28.11
2013  03  14  05  47  00    44.76   -16.35    28.41
2013  03  14  05  48  00    45.04   -16.31    28.72
2013  03  14  05  49  00    45.59   -16.44    29.15
2013  03  14  05  50  00    46.31   -16.89    29.42
2013  03  14  05  51  00    46.64   -17.13    29.51
2013  03  14  05  52  00    46.42   -16.96    29.46
2013  03  14  05  53  00    46.29   -17.02    29.27
2013  03  14  05  54  00    45.51   -16.79    28.72
2013  03  14  05  55  00    44.69   -16.18    28.51
2013  03  14  05  56  00    44.47   -16.08    28.39
2013  03  14  05  57  00    44.08   -16.08    28.00
2013  03  14  05  58  00    43.65   -15.88    27.78
2013  03  14  05  59  00    44.02   -16.23    27.79
2013  03  14  06  00  00    44.40   -16.57    27.82
2013  03  14  06  01  00    44.43   -16.83    27.60
2013  03  14  06  02  00    45.02   -17.38    27.64
2013  03  14  06  03  00    45.23   -17.62    27.61
2013  03  14  06  04  00    45.91   -18.36    27.55
2013  03  14  06  05  00    46.37   -18.79    27.58
2013  03  14  06  06  00    46.70   -19.04    27.66
2013  03  14  06  07  00    46.35   -18.62    27.73
2013  03  14  06  08  00    45.10   -17.42    27.68
2013  03  14  06  09  00    44.27   -16.51    27.76
2013  03  14  06  10  00    43.90   -16.02    27.89
2013  03  14  06  11  00    43.51   -15.46    28.05
2013  03  14  06  12  00    43.74   -15.70    28.05
2013  03  14  06  13  00    44.58   -16.64    27.94
2013  03  14  06  14  00    45.99   -18.05    27.94
2013  03  14  06  15  00    46.38   -18.40    27.98
2013  03  14  06  16  00    46.00   -18.01    27.99
2013  03  14  06  17  00    44.99   -16.88    28.11
2013  03  14  06  18  00    44.72   -16.38    28.33
2013  03  14  06  19  00    45.22   -16.80    28.42
2013  03  14  06  20  00    45.37   -16.93    28.44
2013  03  14  06  21  00    45.33   -16.88    28.45
2013  03  14  06  22  00    45.46   -17.03    28.43
2013  03  14  06  23  00    45.45   -17.02    28.43
2013  03  14  06  24  00    45.09   -16.93    28.16
2013  03  14  06  25  00    44.74   -16.85    27.89
2013  03  14  06  26  00    45.04   -17.31    27.73
2013  03  14  06  27  00    45.40   -17.80    27.59
2013  03  14  06  28  00    44.90   -17.35    27.55
2013  03  14  06  29  00    44.38   -16.90    27.48
2013  03  14  06  30  00    44.73   -17.39    27.33
2013  03  14  06  31  00    45.65   -18.57    27.08
2013  03  14  06  32  00    46.07   -19.28    26.79
2013  03  14  06  33  00    46.17   -19.55    26.63
2013  03  14  06  34  00    46.23   -19.71    26.51
2013  03  14  06  35  00    46.70   -20.36    26.33
2013  03  14  06  36  00    46.93   -20.73    26.20
2013  03  14  06  37  00    46.62   -20.55    26.08
2013  03  14  06  38  00    45.42   -19.41    26.02
2013  03  14  06  39  00    44.58   -18.49    26.09
2013  03  14  06  40  00    44.72   -18.31    26.42
2013  03  14  06  41  00    45.58   -18.76    26.82
2013  03  14  06  42  00    45.64   -18.27    27.36
2013  03  14  06  43  00    45.57   -17.87    27.69
2013  03  14  06  44  00    45.76   -17.93    27.83
2013  03  14  06  45  00    45.54   -17.46    28.08
2013  03  14  06  46  00    46.95   -18.41    28.54
2013  03  14  06  47  00    47.20   -18.52    28.69
2013  03  14  06  48  00    47.48   -18.43    29.05
2013  03  14  06  49  00    47.64   -18.42    29.21
2013  03  14  06  50  00    47.08   -17.73    29.34
2013  03  14  06  51  00    46.42   -16.80    29.61
2013  03  14  06  52  00    46.65   -16.89    29.76
2013  03  14  06  53  00    47.62   -17.81    29.80
2013  03  14  06  54  00    48.94   -19.29    29.65
2013  03  14  06  55  00    49.18   -19.68    29.50
2013  03  14  06  56  00    48.68   -19.32    29.36
2013  03  14  06  57  00    48.56   -19.21    29.35
2013  03  14  06  58  00    48.90   -19.26    29.64
2013  03  14  06  59  00    49.44   -19.48    29.95
2013  03  14  07  00  00    49.00   -18.97    30.03
2013  03  14  07  01  00    48.81   -18.65    30.17
2013  03  14  07  02  00    48.30   -18.18    30.12
2013  03  14  07  03  00    47.91   -17.82    30.09
2013  03  14  07  04  00    48.36   -18.20    30.16
2013  03  14  07  05  00    47.93   -17.70    30.23
2013  03  14  07  06  00    45.76   -15.40    30.36
2013  03  14  07  07  00    45.45   -14.63    30.82
2013  03  14  07  08  00    45.71   -14.87    30.84
2013  03  14  07  09  00    45.11   -14.81    30.30
2013  03  14  07  10  00    45.09   -15.14    29.95
2013  03  14  07  11  00    45.60   -16.01    29.59
2013  03  14  07  12  00    46.22   -16.32    29.90
2013  03  14  07  13  00    45.97   -16.05    29.92
2013  03  14  07  14  00    44.98   -14.74    30.25
2013  03  14  07  15  00    45.37   -13.40    31.97
2013  03  14  07  16  00    46.23   -14.73    31.50
2013  03  14  07  17  00    45.26   -15.73    29.54
2013  03  14  07  18  00    45.09   -16.06    29.03
2013  03  14  07  19  00    45.02   -17.17    27.85
2013  03  14  07  20  00    45.17   -17.64    27.53
2013  03  14  07  21  00    45.86   -18.17    27.69
2013  03  14  07  22  00    46.67   -17.87    28.80
2013  03  14  07  23  00    46.67   -17.11    29.55
2013  03  14  07  24  00    45.53   -16.49    29.04
2013  03  14  07  25  00    44.30   -15.56    28.74
2013  03  14  07  26  00    44.04   -14.89    29.16
2013  03  14  07  27  00    45.03   -15.72    29.30
2013  03  14  07  28  00    45.49   -16.30    29.19
2013  03  14  07  29  00    44.80   -15.71    29.09
2013  03  14  07  30  00    45.03   -15.39    29.65
2013  03  14  07  31  00    45.85   -15.57    30.29
2013  03  14  07  32  00    46.35   -15.85    30.50
2013  03  14  07  33  00    46.33   -15.70    30.63
2013  03  14  07  34  00    46.49   -15.87    30.62
2013  03  14  07  35  00    46.66   -16.46    30.20
2013  03  14  07  36  00    45.55   -16.01    29.54
2013  03  14  07  37  00    45.41   -15.78    29.63
2013  03  14  07  38  00    45.53   -15.38    30.15
2013  03  14  07  39  00    46.34   -15.89    30.45
2013  03  14  07  40  00    46.44   -16.30    30.14
2013  03  14  07  41  00    45.49   -15.58    29.90
2013  03  14  07  42  00    44.52   -14.59    29.93
2013  03  14  07  43  00    44.42   -14.21    30.20
2013  03  14  07  44  00    44.31   -14.08    30.24
2013  03  14  07  45  00    44.47   -14.17    30.30
2013  03  14  07  46  00    46.08   -15.39    30.69
2013  03  14  07  47  00    47.94   -16.40    31.54
2013  03  14  07  48  00    49.26   -16.96    32.31
2013  03  14  07  49  00    50.72   -17.89    32.83
2013  03  14  07  50  00    51.28   -18.02    33.26
2013  03  14  07  51  00    51.64   -17.50    34.14
2013  03  14  07  52  00    52.04   -17.32    34.72
2013  03  14  07  53  00    51.44   -16.40    35.04
2013  03  14  07  54  00    51.31   -15.96    35.35
2013  03  14  07  55  00    51.46   -15.69    35.76
2013  03  14  07  56  00    51.83   -15.80    36.02
2013  03  14  07  57  00    52.06   -16.21    35.85
2013  03  14  07  58  00    52.51   -16.71    35.80
2013  03  14  07  59  00    51.51   -16.13    35.38
2013  03  14  08  00  00    50.34   -15.18    35.16
2013  03  14  08  01  00    49.00   -14.22    34.78
2013  03  14  08  02  00    47.98   -13.17    34.81
2013  03  14  08  03  00    47.20   -12.91    34.29
2013  03  14  08  04  00    45.93   -12.37    33.56
2013  03  14  08  05  00    45.52   -12.21    33.31
2013  03  14  08  06  00    45.55   -12.38    33.17
2013  03  14  08  07  00    44.73   -11.94    32.79
2013  03  14  08  08  00    44.03   -11.87    32.16
2013  03  14  08  09  00    43.53   -11.85    31.68
2013  03  14  08  10  00    43.46   -11.88    31.58
2013  03  14  08  11  00    44.28   -12.70    31.58
2013  03  14  08  12  00    43.73   -12.05    31.68
2013  03  14  08  13  00    43.80   -11.91    31.90
2013  03  14  08  14  00    44.07   -11.70    32.37
2013  03  14  08  15  00    44.25   -11.51    32.74
2013  03  14  08  16  00    44.21   -11.28    32.92
2013  03  14  08  17  00    44.15   -11.28    32.86
2013  03  14  08  18  00    44.00   -11.24    32.75
2013  03  14  08  19  00    44.25   -11.44    32.81
2013  03  14  08  20  00    44.83   -11.96    32.86
2013  03  14  08  21  00    45.09   -12.37    32.72
2013  03  14  08  22  00    44.99   -12.29    32.70
2013  03  14  08  23  00    44.74   -11.82    32.92
2013  03  14  08  24  00    44.54   -11.48    33.05
2013  03  14  08  25  00    44.21   -11.25    32.96
2013  03  14  08  26  00    44.00   -11.36    32.63
2013  03  14  08  27  00    44.46   -11.86    32.61
2013  03  14  08  28  00    44.21   -12.16    32.05
2013  03  14  08  29  00    43.91   -12.29    31.63
2013  03  14  08  30  00    43.74   -12.37    31.37
2013  03  14  08  31  00    43.26   -12.34    30.92
2013  03  14  08  32  00    43.09   -12.27    30.82
2013  03  14  08  33  00    45.00   -14.15    30.85
2013  03  14  08  34  00    45.33   -15.01    30.32
2013  03  14  08  35  00    45.64   -15.98    29.65
2013  03  14  08  36  00    44.68   -15.30    29.39
2013  03  14  08  37  00    43.30   -13.90    29.40
2013  03  14  08  38  00    42.84   -13.58    29.26
2013  03  14  08  39  00    40.97   -13.72    27.25
2013  03  14  08  40  00    38.79   -13.87    24.91
2013  03  14  08  41  00    38.49   -13.78    24.71
2013  03  14  08  42  00    38.29   -13.78    24.51
2013  03  14  08  43  00    38.29   -13.77    24.52
2013  03  14  08  44  00    37.99   -13.44    24.55
2013  03  14  08  45  00    37.52   -12.78    24.74
2013  03  14  08  46  00    37.68   -12.69    24.99
2013  03  14  08  47  00    37.78   -12.60    25.18
2013  03  14  08  48  00    38.22   -12.70    25.52
2013  03  14  08  49  00    38.15   -12.74    25.41
2013  03  14  08  50  00    37.92   -12.76    25.16
2013  03  14  08  51  00    37.60   -13.01    24.60
2013  03  14  08  52  00    36.56   -13.35    23.20
2013  03  14  08  53  00    36.29   -13.80    22.49
2013  03  14  08  54  00    36.60   -14.01    22.59
2013  03  14  08  55  00    38.35   -15.61    22.74
2013  03  14  08  56  00    40.14   -17.29    22.85
2013  03  14  08  57  00    42.44   -19.08    23.36
2013  03  14  08  58  00    44.13   -19.07    25.05
2013  03  14  08  59  00    41.87   -16.07    25.80
2013  03  14  09  00  00    39.47   -12.92    26.55
2013  03  14  09  01  00    40.83   -13.09    27.74
2013  03  14  09  02  00    42.29   -13.21    29.08
2013  03  14  09  03  00    44.04   -13.33    30.71
2013  03  14  09  04  00    45.71   -13.48    32.23
2013  03  14  09  05  00    46.94   -13.56    33.38
2013  03  14  09  06  00    48.25   -13.64    34.61
2013  03  14  09  07  00    49.82   -14.06    35.76
2013  03  14  09  08  00    51.79   -14.36    37.43
2013  03  14  09  09  00    52.63   -14.39    38.24
2013  03  14  09  10  00    55.24   -14.49    40.76
2013  03  14  09  11  00    55.61   -14.44    41.17
2013  03  14  09  12  00    54.94   -13.99    40.95
2013  03  14  09  13  00    52.31   -13.42    38.89
2013  03  14  09  14  00    54.53   -13.84    40.69
2013  03  14  09  15  00    55.51   -13.61    41.90
2013  03  14  09  16  00    54.81   -13.46    41.35
2013  03  14  09  17  00    57.62   -13.65    43.97
2013  03  14  09  18  00    59.25   -13.93    45.31
2013  03  14  09  19  00    58.17   -13.55    44.62
2013  03  14  09  20  00    57.32   -12.84    44.49
2013  03  14  09  21  00    53.14   -12.51    40.64
2013  03  14  09  22  00    46.72   -11.87    34.85
2013  03  14  09  23  00    44.40   -11.93    32.48
2013  03  14  09  24  00    58.26   -23.03    35.23
2013  03  14  09  25  00    77.22   -40.16    37.06
2013  03  14  09  26  00    71.42   -34.01    37.41
2013  03  14  09  27  00    70.49   -35.08    35.41
2013  03  14  09  28  00    89.39   -56.38    33.01
2013  03  14  09  29  00    70.09   -39.30    30.79
2013  03  14  09  30  00    55.80   -18.94    36.86
2013  03  14  09  31  00    61.84   -21.74    40.10
2013  03  14  09  32  00    67.52   -22.46    45.06
2013  03  14  09  33  00    73.83   -26.02    47.81
2013  03  14  09  34  00    72.85   -25.47    47.38
2013  03  14  09  35  00    69.34   -20.82    48.52
2013  03  14  09  36  00    67.58   -17.22    50.36
2013  03  14  09  37  00    70.78   -19.22    51.55
2013  03  14  09  38  00    68.35   -16.11    52.24
2013  03  14  09  39  00    67.75   -15.18    52.58
2013  03  14  09  40  00    67.63   -15.27    52.36
2013  03  14  09  41  00    69.84   -16.14    53.71
2013  03  14  09  42  00    69.82   -16.16    53.66
2013  03  14  09  43  00    69.86   -15.91    53.95
2013  03  14  09  44  00    71.18   -16.34    54.83
2013  03  14  09  45  00    70.10   -15.81    54.29
2013  03  14  09  46  00    69.63   -15.68    53.95
2013  03  14  09  47  00    70.51   -15.85    54.67
2013  03  14  09  48  00    71.73   -16.10    55.64
2013  03  14  09  49  00    72.44   -17.00    55.45
2013  03  14  09  50  00    72.57   -17.06    55.51
2013  03  14  09  51  00    78.91   -23.61    55.30
2013  03  14  09  52  00    92.19   -38.60    53.59
2013  03  14  09  53  00   128.35   -81.28    47.07
2013  03  14  09  54  00   229.40  -187.44    41.96
2013  03  14  09  55  00   195.93  -157.54    38.39
2013  03  14  09  56  00   171.66  -131.29    40.37
2013  03  14  09  57  00   214.03  -175.24    38.79
2013  03  14  09  58  00   173.73  -141.73    32.00
2013  03  14  09  59  00   196.54  -166.53    30.00
2013  03  14  10  00  00   198.63  -170.90    27.72
2013  03  14  10  01  00   196.72  -169.55    27.17
2013  03  14  10  02  00   213.33  -185.84    27.48
2013  03  14  10  03  00   191.91  -164.82    27.09
2013  03  14  10  04  00   183.35  -157.94    25.40
2013  03  14  10  05  00   187.11  -161.73    25.37
2013  03  14  10  06  00   172.69  -147.59    25.11
2013  03  14  10  07  00   183.46  -156.90    26.56
2013  03  14  10  08  00   186.37  -158.13    28.23
2013  03  14  10  09  00   170.92  -142.67    28.25
2013  03  14  10  10  00   173.94  -147.49    26.44
2013  03  14  10  11  00   182.92  -154.62    28.30
2013  03  14  10  12  00   179.37  -150.05    29.32
2013  03  14  10  13  00   172.98  -144.63    28.35
2013  03  14  10  14  00   173.20  -146.82    26.37
2013  03  14  10  15  00   183.17  -154.85    28.32
2013  03  14  10  16  00   180.64  -148.50    32.15
2013  03  14  10  17  00   182.88  -149.44    33.44
2013  03  14  10  18  00   184.98  -141.99    43.00
2013  03  14  10  19  00   174.69  -128.36    46.33
2013  03  14  10  20  00   156.26  -126.31    29.95
2013  03  14  10  21  00   145.61  -115.65    29.96
2013  03  14  10  22  00   146.17  -114.08    32.09
2013  03  14  10  23  00   147.27  -114.58    32.69
2013  03  14  10  24  00   147.56  -114.34    33.21
2013  03  14  10  25  00   145.40  -113.10    32.31
2013  03  14  10  26  00   145.11  -112.28    32.83
2013  03  14  10  27  00   146.23  -111.07    35.16
2013  03  14  10  28  00   148.19  -112.43    35.76
2013  03  14  10  29  00   143.15  -109.15    33.99
2013  03  14  10  30  00   141.19  -107.16    34.03
2013  03  14  10  31  00   138.08  -104.11    33.97
2013  03  14  10  32  00   132.25  -100.29    31.96
2013  03  14  10  33  00   125.78   -94.34    31.44
2013  03  14  10  34  00   116.57   -85.68    30.90
2013  03  14  10  35  00   116.22   -85.34    30.88
2013  03  14  10  36  00   118.05   -88.66    29.39
2013  03  14  10  37  00   113.17   -85.51    27.67
2013  03  14  10  38  00   112.87   -85.83    27.03
2013  03  14  10  39  00   101.30   -74.43    26.87
2013  03  14  10  40  00    94.81   -69.13    25.68
2013  03  14  10  41  00    94.11   -72.34    21.78
2013  03  14  10  42  00    95.78   -74.16    21.62
2013  03  14  10  43  00    93.33   -70.26    23.07
2013  03  14  10  44  00    88.78   -67.50    21.28
2013  03  14  10  45  00    87.09   -66.17    20.92
2013  03  14  10  46  00    89.79   -69.04    20.75
2013  03  14  10  47  00    91.72   -70.84    20.88
2013  03  14  10  48  00    88.75   -67.96    20.79
2013  03  14  10  49  00    83.59   -62.39    21.20
2013  03  14  10  50  00    83.30   -61.67    21.63
2013  03  14  10  51  00    77.19   -55.57    21.62
2013  03  14  10  52  00    79.13   -57.04    22.09
2013  03  14  10  53  00    88.49   -66.89    21.59
2013  03  14  10  54  00    99.90   -78.64    21.26
2013  03  14  10  55  00    92.23   -71.16    21.07
2013  03  14  10  56  00    91.17   -70.12    21.05
2013  03  14  10  57  00    98.64   -77.56    21.08
2013  03  14  10  58  00    89.66   -68.87    20.79
2013  03  14  10  59  00   107.32   -86.31    21.00
2013  03  14  11  00  00   107.86   -86.84    21.02
2013  03  14  11  01  00   101.82   -80.95    20.86
2013  03  14  11  02  00   114.26   -93.15    21.11
2013  03  14  11  03  00   110.94   -89.38    21.57
2013  03  14  11  04  00   123.79  -102.33    21.46
2013  03  14  11  05  00   105.43   -83.86    21.57
2013  03  14  11  06  00   107.43   -86.11    21.32
2013  03  14  11  07  00   130.62  -108.83    21.80
2013  03  14  11  08  00   106.57   -84.34    22.23
2013  03  14  11  09  00    95.75   -73.48    22.27
2013  03  14  11  10  00   101.75   -79.56    22.19
2013  03  14  11  11  00   102.32   -79.80    22.52
2013  03  14  11  12  00   104.43   -82.00    22.44
2013  03  14  11  13  00   102.49   -80.02    22.48
2013  03  14  11  14  00    90.81   -68.24    22.56
2013  03  14  11  15  00    97.97   -75.20    22.77
2013  03  14  11  16  00    99.84   -73.37    26.46
2013  03  14  11  17  00    93.77   -62.94    30.83
2013  03  14  11  18  00   128.34   -97.71    30.63
2013  03  14  11  19  00   164.01  -134.99    29.03
2013  03  14  11  20  00   133.19  -104.21    28.99
2013  03  14  11  21  00   114.83   -84.88    29.95
2013  03  14  11  22  00   105.87   -75.98    29.89
2013  03  14  11  23  00   125.01   -92.81    32.19
2013  03  14  11  24  00   114.34   -81.31    33.03
2013  03  14  11  25  00   105.54   -74.25    31.29
2013  03  14  11  26  00    99.31   -67.02    32.29
2013  03  14  11  27  00   114.88   -80.39    34.49
2013  03  14  11  28  00   125.64   -89.46    36.18
2013  03  14  11  29  00   132.15   -95.94    36.21
2013  03  14  11  30  00   121.03   -83.56    37.46
2013  03  14  11  31  00   122.80   -85.56    37.24
2013  03  14  11  32  00   124.42   -86.91    37.51
2013  03  14  11  33  00   121.44   -82.81    38.63
2013  03  14  11  34  00   121.14   -84.56    36.58
2013  03  14  11  35  00   114.25   -81.86    32.39
2013  03  14  11  36  00   107.92   -77.83    30.10
2013  03  14  11  37  00   100.68   -71.81    28.87
2013  03  14  11  38  00    98.33   -70.90    27.43
2013  03  14  11  39  00    99.78   -72.46    27.31
2013  03  14  11  40  00   100.11   -75.26    24.85
2013  03  14  11  41  00    95.35   -72.43    22.92
2013  03  14  11  42  00    90.39   -67.24    23.15
2013  03  14  11  43  00    86.61   -63.60    23.01
2013  03  14  11  44  00    84.62   -61.95    22.67
2013  03  14  11  45  00    82.98   -60.60    22.38
2013  03  14  11  46  00    79.77   -57.52    22.25
2013  03  14  11  47  00    85.51   -62.76    22.74
2013  03  14  11  48  00    91.09   -65.30    25.79
2013  03  14  11  49  00    88.64   -61.95    26.69
2013  03  14  11  50  00    86.05   -59.40    26.65
2013  03  14  11  51  00    83.02   -57.93    25.09
2013  03  14  11  52  00    80.53   -56.75    23.79
2013  03  14  11  53  00    81.19   -57.62    23.57
2013  03  14  11  54  00    80.45   -56.18    24.27
2013  03  14  11  55  00    78.48   -53.20    25.28
2013  03  14  11  56  00    74.62   -47.90    26.72
2013  03  14  11  57  00    74.20   -47.49    26.71
2013  03  14  11  58  00    78.58   -47.62    30.96
2013  03  14  11  59  00    78.54   -50.66    27.87
2013  03  14  12  00  00    81.16   -53.25    27.90
2013  03  14  12  01  00    86.12   -58.00    28.12
2013  03  14  12  02  00    83.11   -55.24    27.87
2013  03  14  12  03  00    83.76   -55.82    27.94
2013  03  14  12  04  00    85.92   -58.08    27.84
2013  03  14  12  05  00    88.04   -60.19    27.85
2013  03  14  12  06  00    85.59   -58.27    27.32
2013  03  14  12  07  00    84.46   -57.14    27.32
2013  03  14  12  08  00    82.53   -54.83    27.70
2013  03  14  12  09  00    84.99   -57.86    27.13
2013  03  14  12  10  00    86.10   -58.58    27.52
2013  03  14  12  11  00    84.11   -55.81    28.30
2013  03  14  12  12  00    82.45   -54.55    27.90
2013  03  14  12  13  00    81.56   -54.09    27.47
2013  03  14  12  14  00    72.82   -44.50    28.32
2013  03  14  12  15  00    68.64   -39.73    28.91
2013  03  14  12  16  00    70.84   -42.59    28.25
2013  03  14  12  17  00    72.48   -42.26    30.22
2013  03  14  12  18  00    74.58   -43.99    30.59
2013  03  14  12  19  00    75.91   -46.14    29.77
2013  03  14  12  20  00    81.97   -49.25    32.72
2013  03  14  12  21  00    83.64   -50.68    32.96
2013  03  14  12  22  00    83.20   -50.86    32.34
2013  03  14  12  23  00    81.78   -48.72    33.06
2013  03  14  12  24  00    79.72   -43.32    36.40
2013  03  14  12  25  00    78.27   -39.27    38.99
2013  03  14  12  26  00    82.21   -42.54    39.67
2013  03  14  12  27  00    88.34   -47.45    40.89
2013  03  14  12  28  00   110.26   -67.93    42.33
2013  03  14  12  29  00   122.72   -79.10    43.62
2013  03  14  12  30  00   110.22   -65.59    44.63
2013  03  14  12  31  00   152.58  -108.99    43.60
2013  03  14  12  32  00   188.08  -141.24    46.84
2013  03  14  12  33  00   169.24  -112.44    56.79
2013  03  14  12  34  00   137.91   -76.14    61.77
2013  03  14  12  35  00   132.48   -68.73    63.75
2013  03  14  12  36  00   139.03   -72.29    66.74
2013  03  14  12  37  00   138.61   -71.87    66.73
2013  03  14  12  38  00   138.99   -71.28    67.72
2013  03  14  12  39  00   142.27   -75.56    66.71
2013  03  14  12  40  00   140.89   -75.20    65.69
2013  03  14  12  41  00   135.76   -75.03    60.72
2013  03  14  12  42  00   136.93   -82.16    54.77
2013  03  14  12  43  00   140.39   -84.63    55.76
2013  03  14  12  44  00   145.23   -84.49    60.73
2013  03  14  12  45  00   153.84   -89.11    64.73
2013  03  14  12  46  00   161.36   -97.62    63.74
2013  03  14  12  47  00   165.16  -103.39    61.77
2013  03  14  12  48  00   165.91  -106.14    59.77
2013  03  14  12  49  00   161.53  -108.75    52.79
2013  03  14  12  50  00   154.89  -110.10    44.79
2013  03  14  12  51  00   155.21  -112.44    42.77
2013  03  14  12  52  00   175.86  -119.10    56.76
2013  03  14  12  53  00   196.50  -129.25    67.25
2013  03  14  12  54  00   206.52  -124.43    82.09
2013  03  14  12  55  00   216.22  -121.35    94.87
2013  03  14  12  56  00   249.54  -141.72   107.82
2013  03  14  12  57  00   263.99  -157.37   106.62
2013  03  14  12  58  00   269.21  -167.80   101.41
2013  03  14  12  59  00   270.46  -175.42    95.05
2013  03  14  13  00  00   272.90  -178.72    94.18
2013  03  14  13  01  00   265.47  -169.39    96.08
2013  03  14  13  02  00   262.12  -168.58    93.54
2013  03  14  13  03  00   271.14  -178.39    92.75
2013  03  14  13  04  00   267.06  -175.08    91.98
2013  03  14  13  05  00   282.26  -191.76    90.50
2013  03  14  13  06  00   264.76  -176.10    88.66
2013  03  14  13  07  00   273.87  -186.77    87.10
2013  03  14  13  08  00   279.11  -191.60    87.51
2013  03  14  13  09  00   270.26  -180.78    89.48
2013  03  14  13  10  00   268.02  -182.55    85.47
2013  03  14  13  11  00   263.03  -177.56    85.46
2013  03  14  13  12  00   272.26  -184.82    87.44
2013  03  14  13  13  00   272.68  -182.12    90.56
2013  03  14  13  14  00   272.94  -178.36    94.58
2013  03  14  13  15  00   267.73  -171.57    96.16
2013  03  14  13  16  00   259.07  -162.09    96.98
2013  03  14  13  17  00   250.89  -156.79    94.10
2013  03  14  13  18  00   250.64  -156.05    94.59
2013  03  14  13  19  00   262.20  -167.46    94.74
2013  03  14  13  20  00   245.96  -155.03    90.92
2013  03  14  13  21  00   258.85  -173.40    85.45
2013  03  14  13  22  00   268.97  -183.55    85.42
2013  03  14  13  23  00   270.72  -184.19    86.53
2013  03  14  13  24  00   267.45  -183.07    84.38
2013  03  14  13  25  00   254.72  -171.39    83.34
2013  03  14  13  26  00   228.45  -145.08    83.37
2013  03  14  13  27  00   221.00  -138.28    82.71
2013  03  14  13  28  00   228.64  -147.59    81.05
2013  03  14  13  29  00   225.65  -143.97    81.68
2013  03  14  13  30  00   213.03  -124.61    88.43
2013  03  14  13  31  00   194.70  -118.15    76.55
2013  03  14  13  32  00   194.44  -123.45    71.00
2013  03  14  13  33  00   199.14  -122.47    76.67
2013  03  14  13  34  00   203.30  -122.85    80.45
2013  03  14  13  35  00   205.07  -121.11    83.96
2013  03  14  13  36  00   197.54  -109.73    87.81
2013  03  14  13  37  00   181.69   -94.76    86.93
2013  03  14  13  38  00   172.04   -84.79    87.25
2013  03  14  13  39  00   163.15   -77.99    85.16
2013  03  14  13  40  00   164.82   -79.95    84.87
2013  03  14  13  41  00   167.61   -83.05    84.56
2013  03  14  13  42  00   162.54   -76.82    85.71
2013  03  14  13  43  00   158.21   -72.53    85.68
2013  03  14  13  44  00   161.38   -78.16    83.22
2013  03  14  13  45  00   162.74   -81.17    81.56
2013  03  14  13  46  00   158.98   -74.35    84.63
2013  03  14  13  47  00   167.40   -79.68    87.72
2013  03  14  13  48  00   172.88   -82.65    90.23
2013  03  14  13  49  00   174.02   -80.02    94.00
2013  03  14  13  50  00   173.24   -77.49    95.75
2013  03  14  13  51  00   174.35   -77.41    96.94
2013  03  14  13  52  00   172.13   -77.86    94.27
2013  03  14  13  53  00   164.66   -73.91    90.75
2013  03  14  13  54  00   178.50   -85.60    92.90
2013  03  14  13  55  00   186.06   -92.50    93.56
2013  03  14  13  56  00   190.13   -94.46    95.67
2013  03  14  13  57  00   187.90   -91.45    96.45
2013  03  14  13  58  00   173.56   -81.11    92.45
2013  03  14  13  59  00   167.08   -81.61    85.48
2013  03  14  14  00  00   154.59   -78.59    76.01
2013  03  14  14  01  00   145.09   -75.03    70.06
2013  03  14  14  02  00   133.99   -66.82    67.18
2013  03  14  14  03  00   126.14   -60.60    65.54
2013  03  14  14  04  00   131.28   -62.30    68.98
2013  03  14  14  05  00   131.51   -60.07    71.45
2013  03  14  14  06  00   137.34   -60.96    76.38
2013  03  14  14  07  00   149.23   -63.72    85.51
2013  03  14  14  08  00   161.54   -65.94    95.61
2013  03  14  14  09  00   174.78   -74.07   100.71
2013  03  14  14  10  00   186.92   -79.42   107.50
2013  03  14  14  11  00   203.45   -86.54   116.91
2013  03  14  14  12  00   216.17   -94.71   121.46
2013  03  14  14  13  00   228.07   -99.35   128.72
2013  03  14  14  14  00   233.97  -102.20   131.77
2013  03  14  14  15  00   228.93   -99.39   129.54
2013  03  14  14  16  00   227.11   -94.90   132.21
2013  03  14  14  17  00   227.50   -98.42   129.08
2013  03  14  14  18  00   236.25  -109.63   126.63
2013  03  14  14  19  00   246.42  -117.04   129.38
2013  03  14  14  20  00   250.61  -116.17   134.44
2013  03  14  14  21  00   251.26  -113.09   138.17
2013  03  14  14  22  00   255.51  -113.52   141.98
2013  03  14  14  23  00   248.82  -108.32   140.50
2013  03  14  14  24  00   239.43  -104.67   134.77
2013  03  14  14  25  00   236.19  -101.79   134.40
2013  03  14  14  26  00   231.17  -102.18   128.99
2013  03  14  14  27  00   231.69  -103.89   127.81
2013  03  14  14  28  00   229.33   -99.96   129.37
2013  03  14  14  29  00   221.34   -95.88   125.47
2013  03  14  14  30  00   214.48   -90.49   123.99
2013  03  14  14  31  00   221.31  -100.40   120.91
2013  03  14  14  32  00   231.33  -109.55   121.78
2013  03  14  14  33  00   233.14  -111.88   121.25
2013  03  14  14  34  00   235.69  -113.91   121.78
2013  03  14  14  35  00   238.33  -113.92   124.42
2013  03  14  14  36  00   233.57  -109.68   123.90
2013  03  14  14  37  00   225.86  -104.40   121.46
2013  03  14  14  38  00   218.89   -96.84   122.06
2013  03  14  14  39  00   222.43   -98.39   124.03
2013  03  14  14  40  00   230.62  -103.62   127.00
2013  03  14  14  41  00   244.95  -116.55   128.41
2013  03  14  14  42  00   264.75  -132.38   132.37
2013  03  14  14  43  00   261.66  -134.65   127.01
2013  03  14  14  44  00   252.85  -120.30   132.54
2013  03  14  14  45  00   245.24  -107.37   137.87
2013  03  14  14  46  00   233.52  -104.40   129.11
2013  03  14  14  47  00   228.90  -105.66   123.24
2013  03  14  14  48  00   222.55   -97.40   125.14
2013  03  14  14  49  00   220.45   -92.40   128.05
2013  03  14  14  50  00   209.72   -88.31   121.41
2013  03  14  14  51  00   212.13   -90.86   121.27
2013  03  14  14  52  00   227.35   -99.14   128.21
2013  03  14  14  53  00   238.34  -107.33   131.02
2013  03  14  14  54  00   243.63  -110.94   132.68
2013  03  14  14  55  00   240.68  -112.92   127.76
2013  03  14  14  56  00   249.23  -114.18   135.05
2013  03  14  14  57  00   245.19  -127.12   118.07
2013  03  14  14  58  00   242.09  -131.75   110.34
2013  03  14  14  59  00   235.90  -126.83   109.06
2013  03  14  15  00  00   234.71  -120.93   113.78
2013  03  14  15  01  00   237.31  -115.34   121.97
2013  03  14  15  02  00   243.92  -114.16   129.76
2013  03  14  15  03  00   247.99  -122.46   125.53
2013  03  14  15  04  00   242.37  -122.88   119.49
2013  03  14  15  05  00   232.63  -116.23   116.40
2013  03  14  15  06  00   233.48  -111.73   121.75
2013  03  14  15  07  00   230.32  -104.83   125.50
2013  03  14  15  08  00   236.99  -107.57   129.42
2013  03  14  15  09  00   241.15  -109.51   131.64
2013  03  14  15  10  00   232.37  -102.38   129.99
2013  03  14  15  11  00   231.04  -106.28   124.76
2013  03  14  15  12  00   250.04  -127.17   122.86
2013  03  14  15  13  00   275.50  -148.78   126.72
2013  03  14  15  14  00   268.05  -142.96   125.09
2013  03  14  15  15  00   248.21  -127.07   121.14
2013  03  14  15  16  00   244.80  -126.83   117.97
2013  03  14  15  17  00   238.35  -128.12   110.24
2013  03  14  15  18  00   243.04  -131.84   111.20
2013  03  14  15  19  00   245.83  -132.39   113.44
2013  03  14  15  20  00   233.52  -117.80   115.72
2013  03  14  15  21  00   226.56  -110.87   115.69
2013  03  14  15  22  00   224.80  -110.86   113.93
2013  03  14  15  23  00   244.49  -123.98   120.50
2013  03  14  15  24  00   264.30  -141.95   122.35
2013  03  14  15  25  00   276.53  -153.05   123.48
2013  03  14  15  26  00   285.82  -158.80   127.02
2013  03  14  15  27  00   285.82  -157.27   128.54
2013  03  14  15  28  00   285.17  -157.21   127.96
2013  03  14  15  29  00   279.76  -150.98   128.78
2013  03  14  15  30  00   277.96  -146.93   131.04
2013  03  14  15  31  00   282.15  -152.51   129.64
2013  03  14  15  32  00   287.14  -157.75   129.39
2013  03  14  15  33  00   295.84  -165.74   130.10
2013  03  14  15  34  00   295.40  -164.88   130.52
2013  03  14  15  35  00   291.46  -162.61   128.86
2013  03  14  15  36  00   281.99  -158.03   123.95
2013  03  14  15  37  00   278.18  -159.71   118.47
2013  03  14  15  38  00   284.45  -164.49   119.96
2013  03  14  15  39  00   297.28  -172.32   124.96
2013  03  14  15  40  00   303.47  -177.85   125.63
2013  03  14  15  41  00   307.46  -176.31   131.15
2013  03  14  15  42  00   301.08  -167.54   133.54
2013  03  14  15  43  00   293.07  -155.09   137.98
2013  03  14  15  44  00   281.68  -145.94   135.74
2013  03  14  15  45  00   277.23  -142.41   134.82
2013  03  14  15  46  00   284.70  -155.16   129.54
2013  03  14  15  47  00   290.31  -164.03   126.28
2013  03  14  15  48  00   283.81  -161.07   122.74
2013  03  14  15  49  00   263.29  -144.00   119.29
2013  03  14  15  50  00   243.67  -130.63   113.04
2013  03  14  15  51  00   248.24  -135.03   113.22
2013  03  14  15  52  00   248.90  -134.81   114.09
2013  03  14  15  53  00   241.58  -135.73   105.85
2013  03  14  15  54  00   245.35  -140.87   104.48
2013  03  14  15  55  00   260.44  -155.41   105.02
2013  03  14  15  56  00   271.89  -166.86   105.04
2013  03  14  15  57  00   260.82  -158.33   102.49
2013  03  14  15  58  00   249.04  -144.60   104.44
2013  03  14  15  59  00   242.94  -135.94   107.00
2013  03  14  16  00  00   236.78  -127.89   108.89
2013  03  14  16  01  00   241.64  -128.42   113.22
2013  03  14  16  02  00   255.79  -136.67   119.12
2013  03  14  16  03  00   272.86  -148.44   124.41
2013  03  14  16  04  00   287.27  -161.07   126.20
2013  03  14  16  05  00   284.21  -157.70   126.51
2013  03  14  16  06  00   279.74  -155.05   124.69
2013  03  14  16  07  00   272.29  -150.97   121.33
2013  03  14  16  08  00   282.34  -161.70   120.63
2013  03  14  16  09  00   273.82  -155.41   118.40
2013  03  14  16  10  00   264.33  -147.03   117.31
2013  03  14  16  11  00   266.42  -146.21   120.21
2013  03  14  16  12  00   263.57  -141.12   122.45
2013  03  14  16  13  00   254.16  -131.81   122.36
2013  03  14  16  14  00   246.08  -125.02   121.07
2013  03  14  16  15  00   233.04  -116.91   116.13
2013  03  14  16  16  00   231.58  -114.11   117.47
2013  03  14  16  17  00   240.66  -121.32   119.34
2013  03  14  16  18  00   250.83  -125.34   125.49
2013  03  14  16  19  00   246.62  -120.79   125.83
2013  03  14  16  20  00   232.22  -106.91   125.31
2013  03  14  16  21  00   231.50  -104.71   126.79
2013  03  14  16  22  00   233.99  -106.47   127.52
2013  03  14  16  23  00   232.85  -104.06   128.79
2013  03  14  16  24  00   241.73  -112.32   129.41
2013  03  14  16  25  00   247.22  -113.75   133.47
2013  03  14  16  26  00   246.79  -106.83   139.95
2013  03  14  16  27  00   250.66  -106.92   143.74
2013  03  14  16  28  00   253.98  -108.18   145.80
2013  03  14  16  29  00   252.01  -108.48   143.53
2013  03  14  16  30  00   250.21  -106.25   143.96
2013  03  14  16  31  00   245.51  -100.27   145.24
2013  03  14  16  32  00   245.43  -101.74   143.69
2013  03  14  16  33  00   243.44  -103.42   140.02
2013  03  14  16  34  00   237.07  -100.50   136.58
2013  03  14  16  35  00   236.44  -101.05   135.39
2013  03  14  16  36  00   239.17  -108.14   131.03
2013  03  14  16  37  00   238.51  -111.24   127.27
2013  03  14  16  38  00   235.18  -115.20   119.98
2013  03  14  16  39  00   235.93  -123.80   112.13
2013  03  14  16  40  00   234.24  -124.22   110.02
2013  03  14  16  41  00   228.40  -119.85   108.55
2013  03  14  16  42  00   223.10  -113.56   109.54
2013  03  14  16  43  00   215.99  -104.59   111.40
2013  03  14  16  44  00   209.88  -100.54   109.34
2013  03  14  16  45  00   207.93  -103.42   104.51
2013  03  14  16  46  00   205.92  -105.03   100.89
2013  03  14  16  47  00   202.32  -100.72   101.60
2013  03  14  16  48  00   198.20   -90.61   107.60
2013  03  14  16  49  00   190.49   -80.34   110.15
2013  03  14  16  50  00   175.42   -70.24   105.18
2013  03  14  16  51  00   161.98   -60.26   101.73
2013  03  14  16  52  00   155.32   -55.03   100.28
2013  03  14  16  53  00   154.20   -53.03   101.17
2013  03  14  16  54  00   158.78   -52.51   106.27
2013  03  14  16  55  00   160.09   -50.63   109.46
2013  03  14  16  56  00   163.70   -55.91   107.80
2013  03  14  16  57  00   152.60   -49.75   102.86
2013  03  14  16  58  00   144.11   -48.86    95.26
2013  03  14  16  59  00   142.05   -51.14    90.92
2013  03  14  17  00  00   138.52   -47.22    91.30
2013  03  14  17  01  00   138.28   -46.48    91.80
2013  03  14  17  02  00   138.37   -47.32    91.06
2013  03  14  17  03  00   142.45   -51.98    90.47
2013  03  14  17  04  00   146.76   -54.64    92.12
2013  03  14  17  05  00   154.15   -60.78    93.37
2013  03  14  17  06  00   152.02   -59.10    92.92
2013  03  14  17  07  00   151.21   -56.24    94.98
2013  03  14  17  08  00   151.66   -56.38    95.28
2013  03  14  17  09  00   159.37   -63.37    96.00
2013  03  14  17  10  00   161.06   -67.48    93.58
2013  03  14  17  11  00   155.88   -67.41    88.47
2013  03  14  17  12  00   147.76   -65.41    82.35
2013  03  14  17  13  00   137.12   -60.65    76.47
2013  03  14  17  14  00   131.46   -57.39    74.07
2013  03  14  17  15  00   139.94   -63.80    76.14
2013  03  14  17  16  00   144.65   -65.38    79.27
2013  03  14  17  17  00   137.76   -60.99    76.77
2013  03  14  17  18  00   118.77   -49.66    69.10
2013  03  14  17  19  00   108.50   -41.23    67.27
2013  03  14  17  20  00   108.34   -42.32    66.02
2013  03  14  17  21  00   107.85   -46.34    61.51
2013  03  14  17  22  00   105.81   -48.88    56.93
2013  03  14  17  23  00   106.97   -51.85    55.12
2013  03  14  17  24  00   104.88   -51.22    53.65
2013  03  14  17  25  00    97.58   -46.63    50.95
2013  03  14  17  26  00    95.21   -46.11    49.10
2013  03  14  17  27  00    89.47   -41.68    47.79
2013  03  14  17  28  00    83.97   -38.56    45.41
2013  03  14  17  29  00    80.57   -36.34    44.23
2013  03  14  17  30  00    80.40   -35.90    44.50
2013  03  14  17  31  00    84.94   -39.47    45.47
2013  03  14  17  32  00    87.31   -41.15    46.16
2013  03  14  17  33  00    86.39   -39.40    46.99
2013  03  14  17  34  00    81.26   -35.61    45.65
2013  03  14  17  35  00    79.67   -31.25    48.42
2013  03  14  17  36  00    80.92   -30.45    50.47
2013  03  14  17  37  00    87.80   -32.84    54.95
2013  03  14  17  38  00    92.80   -35.36    57.44
2013  03  14  17  39  00    83.90   -25.16    58.73
2013  03  14  17  40  00    88.12   -28.82    59.30
2013  03  14  17  41  00    98.94   -41.76    57.19
2013  03  14  17  42  00    94.96   -36.18    58.78
2013  03  14  17  43  00   109.74   -48.63    61.11
2013  03  14  17  44  00   118.35   -56.68    61.67
2013  03  14  17  45  00   117.64   -55.47    62.17
2013  03  14  17  46  00   118.96   -56.17    62.79
2013  03  14  17  47  00   115.22   -52.01    63.20
2013  03  14  17  48  00   109.60   -47.66    61.95
2013  03  14  17  49  00   119.23   -54.06    65.17
2013  03  14  17  50  00   126.80   -58.98    67.82
2013  03  14  17  51  00   134.13   -64.74    69.39
2013  03  14  17  52  00   133.06   -62.82    70.25
2013  03  14  17  53  00   128.65   -56.78    71.87
2013  03  14  17  54  00   123.68   -49.41    74.28
2013  03  14  17  55  00   124.70   -46.50    78.19
2013  03  14  17  56  00   131.77   -51.05    80.72
2013  03  14  17  57  00   129.65   -47.93    81.72
2013  03  14  17  58  00   125.60   -41.49    84.10
2013  03  14  17  59  00   117.84   -30.39    87.46
2013  03  14  18  00  00   112.12   -21.88    90.25
2013  03  14  18  01  00   120.50   -27.07    93.43
2013  03  14  18  02  00   122.08   -28.68    93.39
2013  03  14  18  03  00   120.63   -28.18    92.45
2013  03  14  18  04  00   115.48   -24.94    90.54
2013  03  14  18  05  00   109.41   -22.68    86.73
2013  03  14  18  06  00   110.15   -29.22    80.92
2013  03  14  18  07  00   111.43   -31.45    79.98
2013  03  14  18  08  00   113.83   -35.27    78.56
2013  03  14  18  09  00   111.78   -32.59    79.19
2013  03  14  18  10  00   104.12   -27.34    76.78
2013  03  14  18  11  00   102.63   -28.47    74.15
2013  03  14  18  12  00   104.40   -33.00    71.40
2013  03  14  18  13  00    95.61   -28.82    66.78
2013  03  14  18  14  00    84.41   -22.19    62.22
2013  03  14  18  15  00    84.92   -25.12    59.81
2013  03  14  18  16  00    83.56   -22.92    60.63
2013  03  14  18  17  00    82.40   -23.81    58.59
2013  03  14  18  18  00    81.39   -24.91    56.48
2013  03  14  18  19  00    80.08   -24.51    55.57
2013  03  14  18  20  00    84.42   -29.19    55.23
2013  03  14  18  21  00    89.64   -35.02    54.62
2013  03  14  18  22  00    91.74   -35.51    56.23
2013  03  14  18  23  00    95.90   -36.33    59.57
2013  03  14  18  24  00    94.19   -32.11    62.08
2013  03  14  18  25  00    86.36   -24.34    62.02
2013  03  14  18  26  00    79.40   -19.46    59.93
2013  03  14  18  27  00    77.95   -20.28    57.67
2013  03  14  18  28  00    83.09   -22.52    60.57
2013  03  14  18  29  00    84.55   -21.12    63.43
2013  03  14  18  30  00    83.40   -18.78    64.62
2013  03  14  18  31  00    88.86   -24.76    64.10
2013  03  14  18  32  00    87.08   -22.64    64.44
2013  03  14  18  33  00    84.76   -18.89    65.87
2013  03  14  18  34  00    86.72   -18.90    67.82
2013  03  14  18  35  00    86.67   -18.96    67.71
2013  03  14  18  36  00    88.41   -18.87    69.54
2013  03  14  18  37  00    89.87   -19.19    70.68
2013  03  14  18  38  00    89.77   -19.39    70.37
2013  03  14  18  39  00    87.43   -19.22    68.21
2013  03  14  18  40  00    84.03   -18.98    65.05
2013  03  14  18  41  00    82.91   -19.11    63.80
2013  03  14  18  42  00    81.61   -19.26    62.36
2013  03  14  18  43  00    78.67   -19.55    59.12
2013  03  14  18  44  00    74.41   -19.59    54.82
2013  03  14  18  45  00    70.19   -20.09    50.10
2013  03  14  18  46  00    65.38   -20.36    45.02
2013  03  14  18  47  00    61.63   -20.63    41.00
2013  03  14  18  48  00    59.08   -20.69    38.39
2013  03  14  18  49  00    59.42   -21.88    37.54
2013  03  14  18  50  00    68.10   -31.91    36.19
2013  03  14  18  51  00    66.82   -33.14    33.67
2013  03  14  18  52  00    64.90   -31.90    32.99
2013  03  14  18  53  00    65.53   -31.74    33.79
2013  03  14  18  54  00    64.89   -33.70    31.19
2013  03  14  18  55  00    68.25   -37.57    30.68
2013  03  14  18  56  00    69.68   -38.20    31.48
2013  03  14  18  57  00    62.28   -31.06    31.22
2013  03  14  18  58  00    58.66   -28.76    29.90
2013  03  14  18  59  00    56.23   -27.72    28.50
2013  03  14  19  00  00    55.26   -27.91    27.35
2013  03  14  19  01  00    55.96   -28.42    27.54
2013  03  14  19  02  00    58.53   -29.51    29.02
2013  03  14  19  03  00    62.88   -33.56    29.33
2013  03  14  19  04  00    63.26   -33.63    29.63
2013  03  14  19  05  00    63.11   -32.74    30.37
2013  03  14  19  06  00    63.40   -31.66    31.73
2013  03  14  19  07  00    60.05   -27.50    32.56
2013  03  14  19  08  00    67.45   -33.50    33.95
2013  03  14  19  09  00    71.60   -36.54    35.07
2013  03  14  19  10  00    65.15   -31.50    33.64
2013  03  14  19  11  00    52.59   -20.50    32.09
2013  03  14  19  12  00    49.24   -19.09    30.15
2013  03  14  19  13  00    47.64   -18.55    29.09
2013  03  14  19  14  00    48.14   -20.58    27.56
2013  03  14  19  15  00    47.99   -19.56    28.43
2013  03  14  19  16  00    55.91   -25.59    30.32
2013  03  14  19  17  00    63.74   -33.62    30.12
2013  03  14  19  18  00    56.63   -29.65    26.98
2013  03  14  19  19  00    59.00   -32.38    26.62
2013  03  14  19  20  00    67.45   -38.16    29.29
2013  03  14  19  21  00    71.05   -38.26    32.79
2013  03  14  19  22  00    69.34   -31.73    37.60
2013  03  14  19  23  00    67.60   -27.46    40.15
2013  03  14  19  24  00    67.45   -26.08    41.37
2013  03  14  19  25  00    70.99   -28.60    42.39
2013  03  14  19  26  00    71.19   -28.10    43.09
2013  03  14  19  27  00    71.43   -30.22    41.21
2013  03  14  19  28  00    64.75   -24.05    40.70
2013  03  14  19  29  00    53.53   -14.01    39.52
2013  03  14  19  30  00    52.31   -13.94    38.37
2013  03  14  19  31  00    50.99   -13.96    37.02
2013  03  14  19  32  00    51.17   -16.06    35.11
2013  03  14  19  33  00    55.84   -21.38    34.46
2013  03  14  19  34  00    58.83   -24.51    34.32
2013  03  14  19  35  00    60.84   -26.42    34.42
2013  03  14  19  36  00    63.31   -24.75    38.56
2013  03  14  19  37  00    58.20   -18.87    39.33
2013  03  14  19  38  00    49.64   -14.64    35.00
2013  03  14  19  39  00    49.26   -14.58    34.69
2013  03  14  19  40  00    57.21   -22.12    35.10
2013  03  14  19  41  00    55.33   -20.17    35.16
2013  03  14  19  42  00    58.55   -24.24    34.32
2013  03  14  19  43  00    61.67   -28.30    33.36
2013  03  14  19  44  00    79.41   -47.27    32.14
2013  03  14  19  45  00    68.23   -35.54    32.69
2013  03  14  19  46  00    74.59   -42.14    32.45
2013  03  14  19  47  00    80.25   -45.81    34.44
2013  03  14  19  48  00    80.58   -44.92    35.66
2013  03  14  19  49  00    76.55   -39.52    37.03
2013  03  14  19  50  00    68.27   -30.13    38.15
2013  03  14  19  51  00    63.00   -23.86    39.14
2013  03  14  19  52  00    58.13   -18.61    39.52
2013  03  14  19  53  00    60.48   -22.61    37.87
2013  03  14  19  54  00    68.88   -33.92    34.97
2013  03  14  19  55  00    79.92   -38.21    41.71
2013  03  14  19  56  00    75.10   -28.06    47.04
2013  03  14  19  57  00    72.01   -27.59    44.42
2013  03  14  19  58  00    75.80   -28.77    47.03
2013  03  14  19  59  00    82.41   -34.57    47.83
2013  03  14  20  00  00    90.35   -44.56    45.79
2013  03  14  20  01  00   105.59   -62.96    42.63
2013  03  14  20  02  00   106.75   -67.37    39.38
2013  03  14  20  03  00    97.99   -61.42    36.57
2013  03  14  20  04  00   125.88   -91.80    34.09
2013  03  14  20  05  00   115.21   -81.52    33.69
2013  03  14  20  06  00   110.72   -76.81    33.90
2013  03  14  20  07  00   107.10   -74.37    32.73
2013  03  14  20  08  00    97.03   -64.26    32.77
2013  03  14  20  09  00    96.86   -64.60    32.26
2013  03  14  20  10  00    94.01   -62.48    31.53
2013  03  14  20  11  00    92.71   -64.63    28.08
2013  03  14  20  12  00    94.82   -67.84    26.99
2013  03  14  20  13  00    96.93   -70.00    26.93
2013  03  14  20  14  00    98.42   -69.31    29.11
2013  03  14  20  15  00    99.02   -70.75    28.26
2013  03  14  20  16  00   100.10   -73.61    26.49
2013  03  14  20  17  00    99.88   -75.99    23.88
2013  03  14  20  18  00    99.02   -78.40    20.62
2013  03  14  20  19  00    99.02   -79.86    19.16
2013  03  14  20  20  00    99.89   -79.51    20.38
2013  03  14  20  21  00   102.73   -79.21    23.52
2013  03  14  20  22  00   104.99   -78.97    26.02
2013  03  14  20  23  00   104.70   -79.30    25.40
2013  03  14  20  24  00   100.21   -78.90    21.31
2013  03  14  20  25  00    97.21   -77.98    19.23
2013  03  14  20  26  00    95.49   -76.87    18.62
2013  03  14  20  27  00    93.13   -73.82    19.31
2013  03  14  20  28  00    90.46   -70.54    19.92
2013  03  14  20  29  00    86.41   -67.34    19.07
2013  03  14  20  30  00    80.76   -63.67    17.10
2013  03  14  20  31  00    77.00   -59.87    17.13
2013  03  14  20  32  00    74.73   -57.17    17.55
2013  03  14  20  33  00    70.32   -52.54    17.78
2013  03  14  20  34  00    68.07   -48.31    19.76
2013  03  14  20  35  00    63.33   -43.58    19.76
2013  03  14  20  36  00    62.12   -38.96    23.16
2013  03  14  20  37  00    58.34   -35.57    22.77
2013  03  14  20  38  00    52.42   -32.48    19.94
2013  03  14  20  39  00    46.46   -27.52    18.94
2013  03  14  20  40  00    42.64   -23.13    19.51
2013  03  14  20  41  00    40.11   -21.09    19.01
2013  03  14  20  42  00    38.65   -19.43    19.22
2013  03  14  20  43  00    38.90   -19.78    19.12
2013  03  14  20  44  00    38.87   -19.87    19.00
2013  03  14  20  45  00    37.35   -18.55    18.80
2013  03  14  20  46  00    37.16   -17.97    19.19
2013  03  14  20  47  00    39.78   -20.37    19.41
2013  03  14  20  48  00    40.99   -21.55    19.44
2013  03  14  20  49  00    43.52   -23.81    19.70
2013  03  14  20  50  00    43.86   -23.97    19.89
2013  03  14  20  51  00    43.32   -23.32    20.00
2013  03  14  20  52  00    44.49   -24.49    20.00
2013  03  14  20  53  00    44.39   -24.26    20.14
2013  03  14  20  54  00    43.85   -23.50    20.35
2013  03  14  20  55  00    43.70   -23.22    20.47
2013  03  14  20  56  00    44.41   -24.02    20.39
2013  03  14  20  57  00    44.07   -23.96    20.11
2013  03  14  20  58  00    45.27   -25.37    19.90
2013  03  14  20  59  00    46.54   -26.80    19.74
2013  03  14  21  00  00    48.81   -29.13    19.68
2013  03  14  21  01  00    52.14   -31.01    21.13
2013  03  14  21  02  00    52.13   -31.02    21.11
2013  03  14  21  03  00    51.68   -30.58    21.09
2013  03  14  21  04  00    49.97   -29.89    20.08
2013  03  14  21  05  00    49.66   -28.57    21.09
2013  03  14  21  06  00    49.22   -27.13    22.10
2013  03  14  21  07  00    49.00   -26.90    22.10
2013  03  14  21  08  00    49.65   -27.55    22.10
2013  03  14  21  09  00    52.76   -29.66    23.11
2013  03  14  21  10  00    53.96   -30.85    23.11
2013  03  14  21  11  00    53.82   -30.72    23.10
2013  03  14  21  12  00    54.31   -31.20    23.10
2013  03  14  21  13  00    53.26   -31.16    22.10
2013  03  14  21  14  00    52.33   -31.56    20.77
2013  03  14  21  15  00    53.20   -32.44    20.76
2013  03  14  21  16  00    53.79   -33.23    20.56
2013  03  14  21  17  00    54.03   -33.39    20.64
2013  03  14  21  18  00    55.45   -33.76    21.69
2013  03  14  21  19  00    56.56   -34.97    21.59
2013  03  14  21  20  00    58.23   -36.53    21.70
2013  03  14  21  21  00    59.43   -38.15    21.28
2013  03  14  21  22  00    59.08   -38.92    20.16
2013  03  14  21  23  00    58.57   -38.44    20.13
2013  03  14  21  24  00    59.53   -38.70    20.83
2013  03  14  21  25  00    60.35   -39.21    21.14
2013  03  14  21  26  00    59.26   -39.03    20.23
2013  03  14  21  27  00    58.88   -38.99    19.89
2013  03  14  21  28  00    58.31   -39.12    19.19
2013  03  14  21  29  00    57.37   -38.33    19.03
2013  03  14  21  30  00    58.66   -37.23    21.43
2013  03  14  21  31  00    57.73   -35.03    22.70
2013  03  14  21  32  00    56.06   -33.22    22.84
2013  03  14  21  33  00    55.14   -32.43    22.71
2013  03  14  21  34  00    54.46   -32.57    21.89
2013  03  14  21  35  00    54.79   -32.63    22.17
2013  03  14  21  36  00    55.10   -32.96    22.13
2013  03  14  21  37  00    54.27   -33.45    20.82
2013  03  14  21  38  00    53.30   -33.33    19.97
2013  03  14  21  39  00    52.44   -32.82    19.62
2013  03  14  21  40  00    49.43   -31.96    17.47
2013  03  14  21  41  00    46.85   -30.40    16.45
2013  03  14  21  42  00    44.48   -28.10    16.38
2013  03  14  21  43  00    43.03   -26.41    16.61
2013  03  14  21  44  00    44.04   -25.45    18.59
2013  03  14  21  45  00    47.23   -25.18    22.05
2013  03  14  21  46  00    47.60   -24.57    23.04
2013  03  14  21  47  00    43.42   -24.63    18.80
2013  03  14  21  48  00    44.05   -25.05    19.00
2013  03  14  21  49  00    45.45   -26.32    19.13
2013  03  14  21  50  00    46.71   -27.88    18.83
2013  03  14  21  51  00    47.29   -27.60    19.69
2013  03  14  21  52  00    47.91   -26.74    21.18
2013  03  14  21  53  00    49.72   -27.21    22.51
2013  03  14  21  54  00    50.54   -28.32    22.21
2013  03  14  21  55  00    50.57   -29.13    21.43
2013  03  14  21  56  00    50.60   -29.59    21.01
2013  03  14  21  57  00    49.89   -29.24    20.65
2013  03  14  21  58  00    49.86   -29.40    20.46
2013  03  14  21  59  00    50.18   -30.03    20.15
2013  03  14  22  00  00    49.88   -30.12    19.76
2013  03  14  22  01  00    50.47   -30.63    19.84
2013  03  14  22  02  00    52.81   -30.98    21.84
2013  03  14  22  03  00    54.34   -30.87    23.48
2013  03  14  22  04  00    55.12   -30.58    24.54
2013  03  14  22  05  00    55.22   -30.50    24.71
2013  03  14  22  06  00    54.97   -30.12    24.85
2013  03  14  22  07  00    55.35   -30.28    25.07
2013  03  14  22  08  00    55.59   -30.69    24.90
2013  03  14  22  09  00    55.50   -31.68    23.81
2013  03  14  22  10  00    54.61   -33.12    21.50
2013  03  14  22  11  00    52.51   -34.54    17.97
2013  03  14  22  12  00    53.86   -35.89    17.97
2013  03  14  22  13  00    56.21   -36.25    19.96
2013  03  14  22  14  00    54.89   -34.94    19.95
2013  03  14  22  15  00    55.50   -32.75    22.75
2013  03  14  22  16  00    54.16   -31.08    23.08
2013  03  14  22  17  00    49.88   -30.33    19.55
2013  03  14  22  18  00    48.61   -29.67    18.94
2013  03  14  22  19  00    47.83   -29.00    18.82
2013  03  14  22  20  00    49.37   -29.21    20.16
2013  03  14  22  21  00    49.03   -28.10    20.94
2013  03  14  22  22  00    52.29   -25.36    26.93
2013  03  14  22  23  00    55.94   -22.69    33.25
2013  03  14  22  24  00    56.47   -18.33    38.14
2013  03  14  22  25  00    68.75   -26.13    42.62
2013  03  14  22  26  00    69.91   -25.58    44.33
2013  03  14  22  27  00    67.81   -23.79    44.02
2013  03  14  22  28  00    62.82   -20.51    42.30
2013  03  14  22  29  00    63.15   -18.67    44.48
2013  03  14  22  30  00    69.94   -19.00    50.94
2013  03  14  22  31  00    71.07   -17.80    53.27
2013  03  14  22  32  00    64.37   -13.15    51.22
2013  03  14  22  33  00    59.73   -14.35    45.38
2013  03  14  22  34  00    56.41   -14.47    41.93
2013  03  14  22  35  00    63.51   -14.01    49.50
2013  03  14  22  36  00    69.02   -14.27    54.75
2013  03  14  22  37  00    75.09   -17.44    57.65
2013  03  14  22  38  00    76.52   -18.36    58.17
2013  03  14  22  39  00    74.19   -17.26    56.94
2013  03  14  22  40  00    75.62   -18.99    56.63
2013  03  14  22  41  00    76.67   -19.76    56.91
2013  03  14  22  42  00    83.09   -20.03    63.05
2013  03  14  22  43  00    86.12   -20.18    65.94
2013  03  14  22  44  00    87.91   -19.99    67.92
2013  03  14  22  45  00    83.70   -18.90    64.80
2013  03  14  22  46  00    79.91   -19.55    60.36
2013  03  14  22  47  00    73.17   -18.42    54.75
2013  03  14  22  48  00    67.30   -17.36    49.94
2013  03  14  22  49  00    59.04   -17.17    41.86
2013  03  14  22  50  00    48.76   -17.76    31.00
2013  03  14  22  51  00    42.89   -18.17    24.71
2013  03  14  22  52  00    41.94   -17.97    23.97
2013  03  14  22  53  00    42.50   -18.09    24.42
2013  03  14  22  54  00    44.69   -18.25    26.44
2013  03  14  22  55  00    45.68   -18.48    27.20
2013  03  14  22  56  00    45.07   -18.06    27.01
2013  03  14  22  57  00    45.05   -19.35    25.70
2013  03  14  22  58  00    44.10   -19.56    24.54
2013  03  14  22  59  00    41.73   -19.97    21.76
2013  03  14  23  00  00    42.89   -22.51    20.38
2013  03  14  23  01  00    44.67   -24.24    20.43
2013  03  14  23  02  00    46.70   -24.63    22.07
2013  03  14  23  03  00    49.59   -24.00    25.59
2013  03  14  23  04  00    51.05   -23.21    27.84
2013  03  14  23  05  00    51.32   -23.49    27.83
2013  03  14  23  06  00    51.58   -25.12    26.46
2013  03  14  23  07  00    51.63   -27.12    24.51
2013  03  14  23  08  00    50.87   -29.01    21.85
2013  03  14  23  09  00    49.80   -30.41    19.40
2013  03  14  23  10  00    48.71   -31.78    16.94
2013  03  14  23  11  00    50.75   -33.35    17.40
2013  03  14  23  12  00    53.00   -34.44    18.56
2013  03  14  23  13  00    53.09   -34.60    18.49
2013  03  14  23  14  00    54.02   -33.68    20.35
2013  03  14  23  15  00    58.30   -32.73    25.57
2013  03  14  23  16  00    62.72   -31.47    31.26
2013  03  14  23  17  00    65.91   -30.92    34.99
2013  03  14  23  18  00    64.43   -29.51    34.92
2013  03  14  23  19  00    61.08   -26.87    34.20
2013  03  14  23  20  00    57.72   -23.92    33.80
2013  03  14  23  21  00    56.43   -22.01    34.42
2013  03  14  23  22  00    54.72   -19.61    35.11
2013  03  14  23  23  00    60.58   -20.62    39.96
2013  03  14  23  24  00    66.95   -19.02    47.93
2013  03  14  23  25  00    73.02   -18.31    54.71
2013  03  14  23  26  00    70.48   -17.66    52.82
2013  03  14  23  27  00    67.56   -16.14    51.42
2013  03  14  23  28  00    66.43   -16.74    49.69
2013  03  14  23  29  00    63.09   -17.72    45.37
2013  03  14  23  30  00    59.56   -18.16    41.40
2013  03  14  23  31  00    54.01   -18.48    35.54
2013  03  14  23  32  00    50.38   -18.32    32.05
2013  03  14  23  33  00    45.38   -17.11    28.28
2013  03  14  23  34  00    41.99   -17.75    24.24
2013  03  14  23  35  00    39.27   -17.09    22.18
2013  03  14  23  36  00    41.06   -18.72    22.33
2013  03  14  23  37  00    42.88   -20.70    22.18
2013  03  14  23  38  00    44.76   -22.74    22.02
2013  03  14  23  39  00    45.83   -24.47    21.36
2013  03  14  23  40  00    45.73   -25.85    19.88
2013  03  14  23  41  00    45.92   -26.90    19.02
2013  03  14  23  42  00    47.48   -28.26    19.22
2013  03  14  23  43  00    49.23   -29.20    20.03
2013  03  14  23  44  00    51.61   -30.38    21.23
2013  03  14  23  45  00    52.67   -31.38    21.29
2013  03  14  23  46  00    53.40   -32.01    21.39
2013  03  14  23  47  00    53.66   -32.99    20.67
2013  03  14  23  48  00    53.58   -33.21    20.37
2013  03  14  23  49  00    53.34   -33.05    20.29
2013  03  14  23  50  00    55.36   -33.14    22.22
2013  03  14  23  51  00    55.70   -32.33    23.37
2013  03  14  23  52  00    53.58   -30.48    23.10
2013  03  14  23  53  00    52.05   -29.38    22.67
2013  03  14  23  54  00    51.83   -28.58    23.25
2013  03  14  23  55  00    53.64   -28.14    25.50
2013  03  14  23  56  00    54.82   -28.14    26.68
2013  03  14  23  57  00    53.06   -27.26    25.80
2013  03  14  23  58  00    50.32   -26.70    23.61
2013  03  14  23  59  00    48.21   -27.09    21.12
2013  03  15  00  00  00    47.07   -27.48    19.59
2013  03  15  00  01  00    47.62   -27.78    19.84
2013  03  15  00  02  00    48.02   -28.30    19.73
2013  03  15  00  03  00    47.57   -28.17    19.41
2013  03  15  00  04  00    47.22   -27.81    19.41
2013  03  15  00  05  00    47.41   -27.39    20.03
2013  03  15  00  06  00    47.35   -26.84    20.51
2013  03  15  00  07  00    46.84   -26.24    20.60
2013  03  15  00  08  00    46.92   -26.53    20.39
2013  03  15  00  09  00    46.91   -26.60    20.32
2013  03  15  00  10  00    49.89   -26.69    23.20
2013  03  15  00  11  00    52.49   -27.31    25.18
2013  03  15  00  12  00    53.02   -27.90    25.11
2013  03  15  00  13  00    51.30   -28.21    23.09
2013  03  15  00  14  00    49.80   -29.15    20.65
2013  03  15  00  15  00    50.10   -30.05    20.05
2013  03  15  00  16  00    51.50   -31.37    20.13
2013  03  15  00  17  00    51.37   -31.46    19.91
2013  03  15  00  18  00    50.20   -30.27    19.93
2013  03  15  00  19  00    49.26   -29.46    19.80
2013  03  15  00  20  00    48.99   -28.23    20.76
2013  03  15  00  21  00    47.87   -26.99    20.88
2013  03  15  00  22  00    47.35   -25.94    21.41
2013  03  15  00  23  00    46.38   -25.22    21.15
2013  03  15  00  24  00    46.32   -25.15    21.17
2013  03  15  00  25  00    48.78   -26.03    22.76
2013  03  15  00  26  00    49.73   -25.98    23.74
2013  03  15  00  27  00    48.44   -24.70    23.74
2013  03  15  00  28  00    47.61   -23.87    23.74
2013  03  15  00  29  00    47.22   -24.50    22.72
2013  03  15  00  30  00    47.43   -26.08    21.36
2013  03  15  00  31  00    47.59   -26.47    21.12
2013  03  15  00  32  00    46.87   -26.03    20.84
2013  03  15  00  33  00    46.98   -26.17    20.81
2013  03  15  00  34  00    47.20   -26.06    21.14
2013  03  15  00  35  00    47.34   -25.90    21.43
2013  03  15  00  36  00    47.69   -26.55    21.14
2013  03  15  00  37  00    48.79   -27.67    21.12
2013  03  15  00  38  00    49.47   -27.76    21.71
2013  03  15  00  39  00    48.67   -26.48    22.19
2013  03  15  00  40  00    47.92   -25.58    22.34
2013  03  15  00  41  00    47.96   -24.95    23.01
2013  03  15  00  42  00    48.07   -24.78    23.29
2013  03  15  00  43  00    48.37   -25.46    22.91
2013  03  15  00  44  00    49.63   -26.32    23.31
2013  03  15  00  45  00    50.62   -26.08    24.54
2013  03  15  00  46  00    52.58   -26.74    25.85
2013  03  15  00  47  00    54.68   -28.01    26.67
2013  03  15  00  48  00    54.75   -27.97    26.78
2013  03  15  00  49  00    54.29   -26.81    27.48
2013  03  15  00  50  00    53.58   -25.29    28.29
2013  03  15  00  51  00    53.37   -25.09    28.28
2013  03  15  00  52  00    53.91   -26.38    27.52
2013  03  15  00  53  00    53.79   -27.41    26.37
2013  03  15  00  54  00    53.66   -27.87    25.79
2013  03  15  00  55  00    53.78   -27.44    26.35
2013  03  15  00  56  00    53.86   -27.45    26.42
2013  03  15  00  57  00    53.55   -27.51    26.04
2013  03  15  00  58  00    53.79   -27.17    26.63
2013  03  15  00  59  00    55.21   -27.88    27.33
2013  03  15  01  00  00    56.26   -28.94    27.32
2013  03  15  01  01  00    57.05   -30.72    26.33
2013  03  15  01  02  00    57.54   -31.47    26.07
2013  03  15  01  03  00    56.54   -30.04    26.50
2013  03  15  01  04  00    52.28   -27.13    25.15
2013  03  15  01  05  00    49.21   -25.34    23.87
2013  03  15  01  06  00    48.97   -25.19    23.79
2013  03  15  01  07  00    49.15   -24.95    24.20
2013  03  15  01  08  00    47.58   -23.27    24.32
2013  03  15  01  09  00    48.97   -24.35    24.62
2013  03  15  01  10  00    50.08   -25.34    24.74
2013  03  15  01  11  00    51.31   -26.68    24.63
2013  03  15  01  12  00    51.06   -27.21    23.85
2013  03  15  01  13  00    50.45   -26.91    23.54
2013  03  15  01  14  00    50.43   -27.04    23.40
2013  03  15  01  15  00    51.07   -28.41    22.66
2013  03  15  01  16  00    52.37   -30.19    22.17
2013  03  15  01  17  00    53.87   -31.29    22.58
2013  03  15  01  18  00    54.14   -31.76    22.39
2013  03  15  01  19  00    52.54   -30.70    21.84
2013  03  15  01  20  00    52.58   -30.31    22.27
2013  03  15  01  21  00    54.45   -30.75    23.70
2013  03  15  01  22  00    55.45   -30.69    24.77
2013  03  15  01  23  00    56.83   -31.09    25.74
2013  03  15  01  24  00    57.44   -30.99    26.45
2013  03  15  01  25  00    57.14   -30.65    26.49
2013  03  15  01  26  00    56.81   -30.45    26.36
2013  03  15  01  27  00    55.49   -30.21    25.28
2013  03  15  01  28  00    54.38   -30.20    24.18
2013  03  15  01  29  00    52.60   -30.00    22.59
2013  03  15  01  30  00    51.08   -29.86    21.21
2013  03  15  01  31  00    50.18   -30.24    19.94
2013  03  15  01  32  00    49.61   -30.06    19.54
2013  03  15  01  33  00    49.24   -29.31    19.93
2013  03  15  01  34  00    49.07   -28.41    20.66
2013  03  15  01  35  00    49.24   -27.75    21.48
2013  03  15  01  36  00    50.09   -27.32    22.77
2013  03  15  01  37  00    50.50   -26.86    23.65
2013  03  15  01  38  00    50.75   -26.83    23.93
2013  03  15  01  39  00    51.07   -27.27    23.81
2013  03  15  01  40  00    51.15   -27.92    23.24
2013  03  15  01  41  00    51.04   -28.40    22.65
2013  03  15  01  42  00    51.25   -29.10    22.15
2013  03  15  01  43  00    51.83   -29.95    21.88
2013  03  15  01  44  00    52.01   -30.26    21.75
2013  03  15  01  45  00    52.02   -30.11    21.91
2013  03  15  01  46  00    51.99   -29.60    22.38
2013  03  15  01  47  00    52.06   -29.08    22.98
2013  03  15  01  48  00    51.80   -28.69    23.11
2013  03  15  01  49  00    51.58   -28.67    22.90
2013  03  15  01  50  00    51.46   -28.63    22.83
2013  03  15  01  51  00    50.96   -28.23    22.73
2013  03  15  01  52  00    50.53   -27.81    22.73
2013  03  15  01  53  00    50.41   -27.43    22.97
2013  03  15  01  54  00    50.75   -27.23    23.52
2013  03  15  01  55  00    51.47   -26.97    24.50
2013  03  15  01  56  00    51.95   -27.01    24.93
2013  03  15  01  57  00    52.45   -27.25    25.21
2013  03  15  01  58  00    52.51   -27.74    24.77
2013  03  15  01  59  00    52.98   -28.61    24.37
2013  03  15  02  00  00    53.54   -28.94    24.59
2013  03  15  02  01  00    54.58   -29.60    24.99
2013  03  15  02  02  00    55.81   -30.49    25.31
2013  03  15  02  03  00    57.05   -31.31    25.74
2013  03  15  02  04  00    57.95   -32.12    25.83
2013  03  15  02  05  00    58.62   -33.17    25.44
2013  03  15  02  06  00    59.23   -34.26    24.97
2013  03  15  02  07  00    58.93   -34.38    24.55
2013  03  15  02  08  00    58.06   -34.08    23.98
2013  03  15  02  09  00    56.52   -33.11    23.42
2013  03  15  02  10  00    55.49   -32.13    23.36
2013  03  15  02  11  00    54.64   -31.23    23.41
2013  03  15  02  12  00    53.92   -30.33    23.59
2013  03  15  02  13  00    53.25   -29.56    23.69
2013  03  15  02  14  00    52.34   -28.68    23.66
2013  03  15  02  15  00    52.18   -28.47    23.71
2013  03  15  02  16  00    52.55   -28.09    24.46
2013  03  15  02  17  00    53.01   -28.18    24.83
2013  03  15  02  18  00    53.31   -28.72    24.59
2013  03  15  02  19  00    52.87   -28.69    24.18
2013  03  15  02  20  00    52.72   -28.58    24.15
2013  03  15  02  21  00    52.51   -28.38    24.13
2013  03  15  02  22  00    52.56   -28.76    23.80
2013  03  15  02  23  00    54.08   -30.08    24.00
2013  03  15  02  24  00    55.61   -31.07    24.53
2013  03  15  02  25  00    56.75   -31.45    25.30
2013  03  15  02  26  00    56.79   -30.67    26.12
2013  03  15  02  27  00    56.19   -29.66    26.53
2013  03  15  02  28  00    55.65   -29.01    26.64
2013  03  15  02  29  00    55.38   -28.82    26.56
2013  03  15  02  30  00    54.81   -28.48    26.33
2013  03  15  02  31  00    54.86   -28.76    26.10
2013  03  15  02  32  00    55.13   -29.09    26.05
2013  03  15  02  33  00    55.14   -29.33    25.81
2013  03  15  02  34  00    55.09   -29.56    25.53
2013  03  15  02  35  00    55.83   -30.13    25.70
2013  03  15  02  36  00    57.05   -30.63    26.42
2013  03  15  02  37  00    58.31   -31.05    27.25
2013  03  15  02  38  00    58.72   -31.38    27.33
2013  03  15  02  39  00    57.89   -31.65    26.25
2013  03  15  02  40  00    58.11   -31.20    26.91
2013  03  15  02  41  00    59.85   -30.54    29.30
2013  03  15  02  42  00    60.94   -30.35    30.59
2013  03  15  02  43  00    59.25   -30.43    28.82
2013  03  15  02  44  00    57.68   -30.91    26.77
2013  03  15  02  45  00    57.70   -31.37    26.33
2013  03  15  02  46  00    61.18   -32.17    29.01
2013  03  15  02  47  00    62.22   -32.33    29.88
2013  03  15  02  48  00    60.77   -31.98    28.79
2013  03  15  02  49  00    58.94   -31.33    27.62
2013  03  15  02  50  00    57.98   -29.84    28.15
2013  03  15  02  51  00    55.81   -27.43    28.38
2013  03  15  02  52  00    56.11   -26.20    29.91
2013  03  15  02  53  00    56.95   -26.15    30.80
2013  03  15  02  54  00    55.88   -25.02    30.86
2013  03  15  02  55  00    58.78   -27.14    31.63
2013  03  15  02  56  00    63.02   -29.58    33.44
2013  03  15  02  57  00    66.99   -27.85    39.13
2013  03  15  02  58  00    72.09   -25.85    46.24
2013  03  15  02  59  00    63.78   -25.62    38.16
2013  03  15  03  00  00    62.44   -25.50    36.94
2013  03  15  03  01  00    60.56   -26.03    34.53
2013  03  15  03  02  00    59.90   -26.88    33.02
2013  03  15  03  03  00    59.78   -26.58    33.20
2013  03  15  03  04  00    61.75   -26.89    34.86
2013  03  15  03  05  00    64.25   -27.34    36.92
2013  03  15  03  06  00    65.61   -27.27    38.34
2013  03  15  03  07  00    64.24   -27.81    36.43
2013  03  15  03  08  00    60.88   -28.63    32.25
2013  03  15  03  09  00    58.68   -28.41    30.27
2013  03  15  03  10  00    57.64   -25.98    31.67
2013  03  15  03  11  00    57.86   -23.55    34.31
2013  03  15  03  12  00    59.11   -22.43    36.68
2013  03  15  03  13  00    60.43   -22.24    38.20
2013  03  15  03  14  00    61.19   -21.51    39.68
2013  03  15  03  15  00    62.10   -21.67    40.43
2013  03  15  03  16  00    61.60   -21.90    39.70
2013  03  15  03  17  00    64.39   -25.42    38.97
2013  03  15  03  18  00    63.93   -25.35    38.58
2013  03  15  03  19  00    59.12   -20.51    38.61
2013  03  15  03  20  00    59.33   -19.88    39.45
2013  03  15  03  21  00    59.69   -19.75    39.94
2013  03  15  03  22  00    59.56   -19.85    39.71
2013  03  15  03  23  00    58.82   -20.24    38.57
2013  03  15  03  24  00    58.51   -20.78    37.73
2013  03  15  03  25  00    58.62   -21.07    37.55
2013  03  15  03  26  00    59.24   -21.44    37.81
2013  03  15  03  27  00    59.71   -21.60    38.11
2013  03  15  03  28  00    59.73   -21.29    38.45
2013  03  15  03  29  00    60.85   -21.44    39.41
2013  03  15  03  30  00    61.49   -21.36    40.14
2013  03  15  03  31  00    61.66   -21.29    40.36
2013  03  15  03  32  00    62.26   -21.11    41.15
2013  03  15  03  33  00    63.26   -21.36    41.90
2013  03  15  03  34  00    64.53   -21.34    43.19
2013  03  15  03  35  00    65.02   -21.29    43.74
2013  03  15  03  36  00    65.01   -21.21    43.80
2013  03  15  03  37  00    65.88   -21.42    44.46
2013  03  15  03  38  00    65.98   -21.47    44.51
2013  03  15  03  39  00    66.08   -21.33    44.76
2013  03  15  03  40  00    65.39   -21.31    44.08
2013  03  15  03  41  00    63.50   -20.78    42.72
2013  03  15  03  42  00    67.30   -24.96    42.34
2013  03  15  03  43  00    74.11   -31.69    42.43
2013  03  15  03  44  00    77.58   -34.35    43.22
2013  03  15  03  45  00    82.95   -39.36    43.59
2013  03  15  03  46  00    80.34   -36.89    43.45
2013  03  15  03  47  00    77.04   -33.65    43.39
2013  03  15  03  48  00    74.34   -30.36    43.98
2013  03  15  03  49  00    72.52   -27.57    44.95
2013  03  15  03  50  00    70.38   -25.64    44.74
2013  03  15  03  51  00    68.65   -24.68    43.97
2013  03  15  03  52  00    67.97   -24.60    43.37
2013  03  15  03  53  00    66.79   -24.13    42.65
2013  03  15  03  54  00    65.23   -23.54    41.69
2013  03  15  03  55  00    63.68   -22.53    41.15
2013  03  15  03  56  00    62.82   -22.56    40.26
2013  03  15  03  57  00    62.74   -22.60    40.14
2013  03  15  03  58  00    62.80   -22.16    40.65
2013  03  15  03  59  00    63.84   -22.09    41.74
2013  03  15  04  00  00    64.67   -22.18    42.49
2013  03  15  04  01  00    64.77   -22.26    42.51
2013  03  15  04  02  00    62.99   -22.20    40.80
2013  03  15  04  03  00    60.74   -22.05    38.69
2013  03  15  04  04  00    61.31   -24.27    37.04
2013  03  15  04  05  00    61.55   -25.55    35.99
2013  03  15  04  06  00    62.57   -26.34    36.23
2013  03  15  04  07  00    65.77   -29.05    36.72
2013  03  15  04  08  00    69.52   -31.69    37.83
2013  03  15  04  09  00    72.49   -34.15    38.34
2013  03  15  04  10  00    76.72   -39.10    37.62
2013  03  15  04  11  00    75.54   -38.92    36.61
2013  03  15  04  12  00    75.08   -39.07    36.01
2013  03  15  04  13  00    77.85   -42.65    35.21
2013  03  15  04  14  00    79.73   -43.63    36.10
2013  03  15  04  15  00    81.19   -42.99    38.20
2013  03  15  04  16  00    88.55   -47.17    41.38
2013  03  15  04  17  00    95.33   -51.49    43.83
2013  03  15  04  18  00    99.22   -55.61    43.62
2013  03  15  04  19  00    96.32   -55.60    40.72
2013  03  15  04  20  00    92.12   -53.60    38.52
2013  03  15  04  21  00    88.97   -50.93    38.04
2013  03  15  04  22  00    86.26   -46.11    40.15
2013  03  15  04  23  00    86.36   -44.99    41.37
2013  03  15  04  24  00    89.17   -45.83    43.34
2013  03  15  04  25  00    91.71   -44.51    47.20
2013  03  15  04  26  00    96.64   -48.76    47.88
2013  03  15  04  27  00   101.29   -52.71    48.58
2013  03  15  04  28  00   107.18   -58.49    48.70
2013  03  15  04  29  00   113.04   -63.62    49.42
2013  03  15  04  30  00   114.30   -65.66    48.64
2013  03  15  04  31  00   110.36   -63.52    46.85
2013  03  15  04  32  00   105.87   -61.99    43.88
2013  03  15  04  33  00   108.81   -64.31    44.50
2013  03  15  04  34  00   153.22  -107.02    46.20
2013  03  15  04  35  00   191.64  -142.41    49.23
2013  03  15  04  36  00   226.37  -173.81    52.56
2013  03  15  04  37  00   241.37  -187.52    53.85
2013  03  15  04  38  00   201.25  -147.22    54.04
2013  03  15  04  39  00   155.73  -102.85    52.88
2013  03  15  04  40  00   164.75  -112.20    52.55
2013  03  15  04  41  00   160.72  -110.43    50.29
2013  03  15  04  42  00   158.26  -108.50    49.76
2013  03  15  04  43  00   157.48  -106.21    51.26
2013  03  15  04  44  00   156.48  -103.33    53.15
2013  03  15  04  45  00   158.54  -105.21    53.33
2013  03  15  04  46  00   166.58  -113.87    52.71
2013  03  15  04  47  00   171.16  -117.84    53.32
2013  03  15  04  48  00   171.50  -116.81    54.68
2013  03  15  04  49  00   169.72  -114.03    55.68
2013  03  15  04  50  00   166.87  -110.20    56.67
2013  03  15  04  51  00   162.32  -105.12    57.20
2013  03  15  04  52  00   155.41   -98.92    56.50
2013  03  15  04  53  00   153.69   -98.50    55.19
2013  03  15  04  54  00   160.77  -105.98    54.79
2013  03  15  04  55  00   170.60  -114.42    56.18
2013  03  15  04  56  00   168.72  -111.10    57.62
2013  03  15  04  57  00   165.54  -107.28    58.27
2013  03  15  04  58  00   164.25  -105.91    58.35
2013  03  15  04  59  00   162.37  -105.17    57.20
2013  03  15  05  00  00   163.13  -104.90    58.23
2013  03  15  05  01  00   160.43  -102.15    58.28
2013  03  15  05  02  00   154.97   -97.34    57.63
2013  03  15  05  03  00   149.84   -91.66    58.18
2013  03  15  05  04  00   142.38   -84.86    57.52
2013  03  15  05  05  00   134.97   -78.34    56.63
2013  03  15  05  06  00   140.47   -84.30    56.17
2013  03  15  05  07  00   136.14   -79.16    56.98
2013  03  15  05  08  00   160.73  -104.01    56.72
2013  03  15  05  09  00   168.28  -111.80    56.48
2013  03  15  05  10  00   160.29  -103.96    56.32
2013  03  15  05  11  00   170.28  -115.05    55.23
2013  03  15  05  12  00   155.70  -100.85    54.85
2013  03  15  05  13  00   175.59  -118.48    57.11
2013  03  15  05  14  00   165.23  -106.46    58.77
2013  03  15  05  15  00   152.81   -92.75    60.06
2013  03  15  05  16  00   145.25   -86.37    58.89
2013  03  15  05  17  00   135.73   -77.48    58.25
2013  03  15  05  18  00   128.60   -71.56    57.05
2013  03  15  05  19  00   125.33   -70.33    55.00
2013  03  15  05  20  00   153.99   -98.05    55.94
2013  03  15  05  21  00   154.64   -95.82    58.82
2013  03  15  05  22  00   190.84  -128.75    62.08
2013  03  15  05  23  00   211.71  -143.13    68.58
2013  03  15  05  24  00   193.85  -122.24    71.61
2013  03  15  05  25  00   182.03  -111.69    70.35
2013  03  15  05  26  00   174.86  -106.81    68.05
2013  03  15  05  27  00   149.48   -77.60    71.88
2013  03  15  05  28  00   159.05   -94.73    64.32
2013  03  15  05  29  00   236.23  -159.97    76.26
2013  03  15  05  30  00   311.15  -240.79    70.35
2013  03  15  05  31  00   327.17  -243.37    83.81
2013  03  15  05  32  00   311.52  -221.82    89.70
2013  03  15  05  33  00   349.75  -228.44   121.31
2013  03  15  05  34  00   389.37  -244.91   144.46
2013  03  15  05  35  00   393.57  -257.69   135.88
2013  03  15  05  36  00   407.32  -273.64   133.68
2013  03  15  05  37  00   421.10  -278.84   142.25
2013  03  15  05  38  00   406.20  -261.86   144.33
2013  03  15  05  39  00   374.00  -231.24   142.75
2013  03  15  05  40  00   352.41  -220.23   132.18
2013  03  15  05  41  00   370.21  -231.06   139.16
2013  03  15  05  42  00   380.71  -231.15   149.56
2013  03  15  05  43  00   399.36  -250.77   148.59
2013  03  15  05  44  00   403.02  -255.06   147.96
2013  03  15  05  45  00   412.31  -259.25   153.06
2013  03  15  05  46  00   401.57  -242.60   158.98
2013  03  15  05  47  00   384.00  -230.62   153.38
2013  03  15  05  48  00   374.53  -224.53   150.00
2013  03  15  05  49  00   358.43  -212.00   146.44
2013  03  15  05  50  00   345.76  -201.43   144.33
2013  03  15  05  51  00   329.86  -190.56   139.30
2013  03  15  05  52  00   317.04  -182.94   134.10
2013  03  15  05  53  00   304.01  -172.76   131.25
2013  03  15  05  54  00   288.04  -160.15   127.89
2013  03  15  05  55  00   294.86  -173.35   121.51
2013  03  15  05  56  00   292.30  -183.86   108.44
2013  03  15  05  57  00   301.94  -204.18    97.75
2013  03  15  05  58  00   303.13  -209.83    93.29
2013  03  15  05  59  00   294.84  -197.45    97.39
2013  03  15  06  00  00   315.59  -210.65   104.94
2013  03  15  06  01  00   341.93  -238.25   103.68
2013  03  15  06  02  00   371.91  -269.57   102.34
2013  03  15  06  03  00   381.13  -278.51   102.62
2013  03  15  06  04  00   391.62  -288.21   103.42
2013  03  15  06  05  00   381.18  -272.39   108.79
2013  03  15  06  06  00   366.42  -250.58   115.83
2013  03  15  06  07  00   354.59  -244.81   109.78
2013  03  15  06  08  00   361.54  -251.01   110.53
2013  03  15  06  09  00   360.82  -257.80   103.03
2013  03  15  06  10  00   355.70  -251.75   103.95
2013  03  15  06  11  00   350.20  -236.93   113.27
2013  03  15  06  12  00   323.24  -219.19   104.05
2013  03  15  06  13  00   299.39  -205.93    93.46
2013  03  15  06  14  00   305.26  -207.49    97.77
2013  03  15  06  15  00   297.68  -198.98    98.70
2013  03  15  06  16  00   288.90  -191.51    97.39
2013  03  15  06  17  00   287.28  -182.18   105.10
2013  03  15  06  18  00   276.81  -165.15   111.66
2013  03  15  06  19  00   282.21  -155.81   126.40
2013  03  15  06  20  00   294.64  -167.36   127.28
2013  03  15  06  21  00   308.64  -169.30   139.34
2013  03  15  06  22  00   308.22  -166.78   141.44
2013  03  15  06  23  00   306.46  -163.30   143.16
2013  03  15  06  24  00   326.05  -170.02   156.04
2013  03  15  06  25  00   316.86  -176.04   140.81
2013  03  15  06  26  00   329.10  -180.11   148.99
2013  03  15  06  27  00   331.02  -188.00   143.01
2013  03  15  06  28  00   350.41  -213.15   137.26
2013  03  15  06  29  00   341.60  -218.14   123.47
2013  03  15  06  30  00   348.69  -219.98   128.71
2013  03  15  06  31  00   422.69  -296.00   126.68
2013  03  15  06  32  00   449.90  -324.02   125.88
2013  03  15  06  33  00   429.72  -322.36   107.36
2013  03  15  06  34  00   381.84  -284.92    96.92
2013  03  15  06  35  00   390.75  -295.12    95.63
2013  03  15  06  36  00   397.41  -287.29   110.13
2013  03  15  06  37  00   424.56  -301.32   123.24
2013  03  15  06  38  00   453.15  -329.09   124.07
2013  03  15  06  39  00   450.56  -338.14   112.41
2013  03  15  06  40  00   446.99  -328.93   118.06
2013  03  15  06  41  00   449.26  -323.22   126.04
2013  03  15  06  42  00   465.97  -336.04   129.94
2013  03  15  06  43  00   459.47  -328.40   131.07
2013  03  15  06  44  00   444.74  -305.31   139.42
2013  03  15  06  45  00   443.23  -303.16   140.07
2013  03  15  06  46  00   472.75  -323.91   148.85
2013  03  15  06  47  00   477.35  -320.63   156.72
2013  03  15  06  48  00   455.78  -302.81   152.97
2013  03  15  06  49  00   447.79  -298.39   149.39
2013  03  15  06  50  00   437.13  -291.40   145.73
2013  03  15  06  51  00   438.79  -289.87   148.92
2013  03  15  06  52  00   451.05  -291.39   159.66
2013  03  15  06  53  00   452.94  -282.07   170.87
2013  03  15  06  54  00   447.98  -273.51   174.46
2013  03  15  06  55  00   432.55  -271.88   160.67
2013  03  15  06  56  00   416.48  -270.12   146.36
2013  03  15  06  57  00   424.14  -281.21   142.92
2013  03  15  06  58  00   432.35  -286.87   145.48
2013  03  15  06  59  00   447.63  -286.95   160.68
2013  03  15  07  00  00   461.22  -286.18   175.05
2013  03  15  07  01  00   467.32  -288.44   178.89
2013  03  15  07  02  00   465.02  -295.69   169.34
2013  03  15  07  03  00   445.56  -295.24   150.32
2013  03  15  07  04  00   429.56  -292.24   137.33
2013  03  15  07  05  00   433.73  -302.29   131.45
2013  03  15  07  06  00   452.68  -319.18   133.51
2013  03  15  07  07  00   455.65  -313.50   142.15
2013  03  15  07  08  00   471.20  -323.54   147.66
2013  03  15  07  09  00   471.50  -329.76   141.74
2013  03  15  07  10  00   492.93  -342.33   150.59
2013  03  15  07  11  00   519.51  -363.02   156.49
2013  03  15  07  12  00   490.55  -342.25   148.31
2013  03  15  07  13  00   489.85  -348.23   141.62
2013  03  15  07  14  00   483.72  -336.02   147.69
2013  03  15  07  15  00   496.83  -347.13   149.69
2013  03  15  07  16  00   512.84  -364.46   148.38
2013  03  15  07  17  00   517.49  -367.02   150.47
2013  03  15  07  18  00   526.75  -367.10   159.65
2013  03  15  07  19  00   546.02  -370.42   175.60
2013  03  15  07  20  00   544.80  -362.72   182.08
2013  03  15  07  21  00   555.13  -356.86   198.27
2013  03  15  07  22  00   557.92  -349.70   208.22
2013  03  15  07  23  00   536.48  -322.90   213.58
2013  03  15  07  24  00   528.44  -317.81   210.63
2013  03  15  07  25  00   511.73  -303.03   208.70
2013  03  15  07  26  00   524.00  -301.54   222.46
2013  03  15  07  27  00   554.09  -316.58   237.51
2013  03  15  07  28  00   565.25  -307.12   258.13
2013  03  15  07  29  00   547.49  -290.10   257.39
2013  03  15  07  30  00   560.64  -288.69   271.95
2013  03  15  07  31  00   574.45  -287.77   286.69
2013  03  15  07  32  00   563.86  -274.55   289.31
2013  03  15  07  33  00   545.46  -258.66   286.81
2013  03  15  07  34  00   525.89  -247.55   278.34
2013  03  15  07  35  00   506.18  -235.90   270.29
2013  03  15  07  36  00   488.42  -223.20   265.21
2013  03  15  07  37  00   463.06  -199.38   263.67
2013  03  15  07  38  00   431.78  -192.38   239.40
2013  03  15  07  39  00   409.83  -181.69   228.14
2013  03  15  07  40  00   401.70  -173.80   227.90
2013  03  15  07  41  00   393.12  -163.96   229.16
2013  03  15  07  42  00   366.42  -155.36   211.06
2013  03  15  07  43  00   358.67  -155.34   203.33
2013  03  15  07  44  00   341.22  -141.51   199.71
2013  03  15  07  45  00   329.35  -136.93   192.43
2013  03  15  07  46  00   317.93  -134.69   183.24
2013  03  15  07  47  00   313.31  -128.01   185.30
2013  03  15  07  48  00   327.83  -125.00   202.83
2013  03  15  07  49  00   343.71  -135.36   208.35
2013  03  15  07  50  00   374.42  -152.78   221.64
2013  03  15  07  51  00   387.01  -157.78   229.24
2013  03  15  07  52  00   380.41  -157.13   223.28
2013  03  15  07  53  00   337.69  -135.74   201.95
2013  03  15  07  54  00   331.93  -124.92   207.00
2013  03  15  07  55  00   344.87  -126.82   218.05
2013  03  15  07  56  00   351.37  -132.48   218.89
2013  03  15  07  57  00   353.88  -131.21   222.68
2013  03  15  07  58  00   307.74  -124.46   183.28
2013  03  15  07  59  00   321.34  -142.07   179.28
2013  03  15  08  00  00   300.53  -118.44   182.09
2013  03  15  08  01  00   328.80  -135.10   193.69
2013  03  15  08  02  00   341.42  -146.06   195.36
2013  03  15  08  03  00   310.78  -140.37   170.42
2013  03  15  08  04  00   310.86  -135.89   174.97
2013  03  15  08  05  00   297.94  -114.39   183.55
2013  03  15  08  06  00   286.02  -114.54   171.48
2013  03  15  08  07  00   260.82  -107.54   153.28
2013  03  15  08  08  00   243.59  -100.97   142.62
2013  03  15  08  09  00   249.30  -102.14   147.17
2013  03  15  08  10  00   245.72   -96.68   149.04
2013  03  15  08  11  00   245.99   -97.70   148.29
2013  03  15  08  12  00   246.60   -96.89   149.70
2013  03  15  08  13  00   227.02   -77.96   149.05
2013  03  15  08  14  00   195.89   -59.58   136.32
2013  03  15  08  15  00   192.47   -52.45   140.02
2013  03  15  08  16  00   194.05   -51.98   142.07
2013  03  15  08  17  00   188.68   -46.83   141.85
2013  03  15  08  18  00   188.81   -53.22   135.59
2013  03  15  08  19  00   184.25   -44.73   139.51
2013  03  15  08  20  00   195.29   -43.44   151.85
2013  03  15  08  21  00   198.03   -36.64   161.39
2013  03  15  08  22  00   196.93   -24.78   172.15
2013  03  15  08  23  00   223.20   -42.35   180.85
2013  03  15  08  24  00   242.39   -40.76   201.63
2013  03  15  08  25  00   222.96   -30.17   192.78
2013  03  15  08  26  00   207.36   -36.20   171.16
2013  03  15  08  27  00   209.86   -39.80   170.06
2013  03  15  08  28  00   204.08   -46.86   157.21
2013  03  15  08  29  00   216.16   -59.27   156.89
2013  03  15  08  30  00   224.07   -53.43   170.64
2013  03  15  08  31  00   221.23   -51.46   169.76
2013  03  15  08  32  00   213.30   -53.98   159.31
2013  03  15  08  33  00   199.63   -49.87   149.76
2013  03  15  08  34  00   185.45   -50.10   135.35
2013  03  15  08  35  00   183.60   -57.18   126.42
2013  03  15  08  36  00   186.84   -65.13   121.70
2013  03  15  08  37  00   186.10   -70.04   116.06
2013  03  15  08  38  00   184.00   -62.66   121.34
2013  03  15  08  39  00   167.72   -54.00   113.72
2013  03  15  08  40  00   143.95   -37.85   106.10
2013  03  15  08  41  00   143.97   -40.54   103.43
2013  03  15  08  42  00   136.24   -38.23    98.02
2013  03  15  08  43  00   139.22   -37.40   101.82
2013  03  15  08  44  00   142.37   -42.38   100.00
2013  03  15  08  45  00   149.28   -50.52    98.76
2013  03  15  08  46  00   147.73   -55.11    92.62
2013  03  15  08  47  00   139.27   -47.58    91.69
2013  03  15  08  48  00   115.68   -28.39    87.29
2013  03  15  08  49  00   102.56   -28.23    74.33
2013  03  15  08  50  00   109.40   -40.65    68.75
2013  03  15  08  51  00   110.55   -41.13    69.42
2013  03  15  08  52  00   108.68   -38.79    69.89
2013  03  15  08  53  00   103.38   -35.73    67.66
2013  03  15  08  54  00   101.67   -36.58    65.09
2013  03  15  08  55  00   101.76   -33.57    68.19
2013  03  15  08  56  00    93.51   -31.56    61.95
2013  03  15  08  57  00    87.12   -29.33    57.79
2013  03  15  08  58  00    85.54   -29.79    55.75
2013  03  15  08  59  00    78.67   -28.29    50.38
2013  03  15  09  00  00    75.86   -26.76    49.10
2013  03  15  09  01  00    74.28   -26.10    48.19
2013  03  15  09  02  00    71.09   -24.21    46.88
2013  03  15  09  03  00    71.32   -26.39    44.93
2013  03  15  09  04  00    74.44   -28.86    45.58
2013  03  15  09  05  00    76.92   -29.48    47.44
2013  03  15  09  06  00    78.35   -29.48    48.87
2013  03  15  09  07  00    75.50   -26.91    48.59
2013  03  15  09  08  00    76.41   -28.19    48.22
2013  03  15  09  09  00    80.87   -30.34    50.53
2013  03  15  09  10  00    78.73   -27.60    51.12
2013  03  15  09  11  00    77.14   -26.08    51.06
2013  03  15  09  12  00    72.36   -20.83    51.54
2013  03  15  09  13  00    73.21   -17.93    55.28
2013  03  15  09  14  00    72.34   -17.93    54.40
2013  03  15  09  15  00    73.43   -17.60    55.83
2013  03  15  09  16  00    77.77   -19.55    58.22
2013  03  15  09  17  00    80.69   -21.97    58.73
2013  03  15  09  18  00    78.94   -19.27    59.66
2013  03  15  09  19  00    78.20   -16.98    61.22
2013  03  15  09  20  00    78.96   -16.84    62.12
2013  03  15  09  21  00    78.72   -16.75    61.97
2013  03  15  09  22  00    78.76   -17.13    61.63
2013  03  15  09  23  00    81.42   -19.69    61.73
2013  03  15  09  24  00    86.82   -24.53    62.30
2013  03  15  09  25  00    92.55   -29.12    63.44
2013  03  15  09  26  00    91.23   -29.07    62.17
2013  03  15  09  27  00    86.94   -29.79    57.15
2013  03  15  09  28  00    80.73   -33.27    47.47
2013  03  15  09  29  00   108.22   -63.58    44.64
2013  03  15  09  30  00   114.27   -71.13    43.14
2013  03  15  09  31  00   110.36   -68.63    41.73
2013  03  15  09  32  00   114.81   -72.43    42.38
2013  03  15  09  33  00   113.20   -68.58    44.62
2013  03  15  09  34  00   111.21   -64.03    47.18
2013  03  15  09  35  00   113.78   -62.85    50.93
2013  03  15  09  36  00   115.10   -61.99    53.12
2013  03  15  09  37  00   130.47   -66.73    63.74
2013  03  15  09  38  00   140.30   -64.93    75.37
2013  03  15  09  39  00   136.97   -63.24    73.73
2013  03  15  09  40  00   131.95   -62.25    69.70
2013  03  15  09  41  00   129.50   -63.05    66.45
2013  03  15  09  42  00   131.12   -64.10    67.02
2013  03  15  09  43  00   130.82   -56.54    74.27
2013  03  15  09  44  00   135.59   -50.55    85.05
2013  03  15  09  45  00   127.25   -43.71    83.53
2013  03  15  09  46  00   119.79   -39.02    80.76
2013  03  15  09  47  00   115.05   -41.08    73.98
2013  03  15  09  48  00   113.84   -46.52    67.32
2013  03  15  09  49  00   115.22   -51.91    63.31
2013  03  15  09  50  00   114.18   -54.02    60.16
2013  03  15  09  51  00   122.73   -65.45    57.28
2013  03  15  09  52  00   129.50   -67.32    62.18
2013  03  15  09  53  00   133.23   -74.14    59.09
2013  03  15  09  54  00   140.49   -80.75    59.74
2013  03  15  09  55  00   141.45   -80.85    60.61
2013  03  15  09  56  00   150.24   -85.70    64.54
2013  03  15  09  57  00   142.32   -75.81    66.52
2013  03  15  09  58  00   144.66   -74.11    70.56
2013  03  15  09  59  00   138.04   -60.38    77.66
2013  03  15  10  00  00   144.28   -60.73    83.55
2013  03  15  10  01  00   140.50   -57.12    83.38
2013  03  15  10  02  00   135.40   -52.01    83.39
2013  03  15  10  03  00   127.73   -45.57    82.16
2013  03  15  10  04  00   126.24   -50.84    75.41
2013  03  15  10  05  00   123.15   -48.27    74.88
2013  03  15  10  06  00   122.91   -50.40    72.51
2013  03  15  10  07  00   105.63   -39.65    65.98
2013  03  15  10  08  00   106.49   -42.64    63.85
2013  03  15  10  09  00   106.78   -42.93    63.84
2013  03  15  10  10  00   110.62   -46.47    64.15
2013  03  15  10  11  00   114.62   -45.98    68.64
2013  03  15  10  12  00   112.09   -38.02    74.07
2013  03  15  10  13  00   110.88   -33.48    77.40
2013  03  15  10  14  00   115.95   -37.95    78.00
2013  03  15  10  15  00   120.39   -39.78    80.61
2013  03  15  10  16  00   128.63   -47.44    81.19
2013  03  15  10  17  00   127.94   -47.29    80.65
2013  03  15  10  18  00   125.42   -45.76    79.66
2013  03  15  10  19  00   118.05   -38.37    79.68
2013  03  15  10  20  00   112.89   -33.55    79.34
2013  03  15  10  21  00   109.80   -30.17    79.64
2013  03  15  10  22  00   109.10   -29.81    79.29
2013  03  15  10  23  00   107.53   -29.55    77.97
2013  03  15  10  24  00   106.23   -30.30    75.93
2013  03  15  10  25  00   105.13   -30.74    74.39
2013  03  15  10  26  00   106.87   -33.11    73.76
2013  03  15  10  27  00   106.11   -33.42    72.69
2013  03  15  10  28  00   101.56   -29.97    71.59
2013  03  15  10  29  00   101.88   -29.15    72.73
2013  03  15  10  30  00    97.82   -23.64    74.18
2013  03  15  10  31  00    97.73   -23.03    74.70
2013  03  15  10  32  00   100.27   -25.97    74.30
2013  03  15  10  33  00   101.23   -27.69    73.53
2013  03  15  10  34  00   103.49   -30.55    72.94
2013  03  15  10  35  00   103.90   -32.35    71.55
2013  03  15  10  36  00   103.00   -31.16    71.84
2013  03  15  10  37  00   100.02   -27.88    72.14
2013  03  15  10  38  00    97.47   -25.55    71.92
2013  03  15  10  39  00    95.88   -24.04    71.84
2013  03  15  10  40  00    93.52   -21.82    71.70
2013  03  15  10  41  00    90.43   -18.40    72.03
2013  03  15  10  42  00    90.15   -18.08    72.06
2013  03  15  10  43  00    88.17   -18.11    70.06
2013  03  15  10  44  00    88.93   -20.38    68.55
2013  03  15  10  45  00    87.49   -18.77    68.73
2013  03  15  10  46  00    90.61   -21.07    69.53
2013  03  15  10  47  00    92.39   -22.32    70.07
2013  03  15  10  48  00    94.60   -24.02    70.58
2013  03  15  10  49  00    97.26   -25.26    72.00
2013  03  15  10  50  00   100.15   -28.09    72.06
2013  03  15  10  51  00   104.71   -33.05    71.66
2013  03  15  10  52  00   103.87   -32.11    71.76
2013  03  15  10  53  00   104.32   -32.16    72.16
2013  03  15  10  54  00   107.26   -33.26    74.00
2013  03  15  10  55  00   108.44   -34.10    74.35
2013  03  15  10  56  00   108.42   -34.34    74.08
2013  03  15  10  57  00   116.46   -42.42    74.04
2013  03  15  10  58  00   119.83   -46.38    73.45
2013  03  15  10  59  00   123.68   -50.19    73.49
2013  03  15  11  00  00   124.57   -51.10    73.47
2013  03  15  11  01  00   137.71   -64.17    73.54
2013  03  15  11  02  00   141.59   -69.00    72.59
2013  03  15  11  03  00   168.88   -99.47    69.41
2013  03  15  11  04  00   201.78  -133.06    68.72
2013  03  15  11  05  00   187.17  -119.82    67.35
2013  03  15  11  06  00   204.94  -140.44    64.50
2013  03  15  11  07  00   252.83  -191.90    60.94
2013  03  15  11  08  00   276.38  -219.22    57.15
2013  03  15  11  09  00   301.22  -248.55    52.67
2013  03  15  11  10  00   310.74  -265.33    45.41
2013  03  15  11  11  00   313.17  -274.07    39.10
2013  03  15  11  12  00   326.82  -280.98    45.84
2013  03  15  11  13  00   330.25  -291.38    38.86
2013  03  15  11  14  00   348.96  -306.06    42.90
2013  03  15  11  15  00   366.54  -319.60    46.94
2013  03  15  11  16  00   370.82  -320.85    49.97
2013  03  15  11  17  00   350.77  -301.78    49.00
2013  03  15  11  18  00   331.55  -283.52    48.03
2013  03  15  11  19  00   345.20  -287.14    58.06
2013  03  15  11  20  00   337.37  -282.27    55.10
2013  03  15  11  21  00   336.58  -281.61    54.97
2013  03  15  11  22  00   359.96  -305.97    53.99
2013  03  15  11  23  00   373.17  -310.97    62.20
2013  03  15  11  24  00   338.82  -284.58    54.24
2013  03  15  11  25  00   354.10  -300.82    53.27
2013  03  15  11  26  00   356.84  -300.81    56.03
2013  03  15  11  27  00   353.43  -290.39    63.04
2013  03  15  11  28  00   358.65  -292.60    66.06
2013  03  15  11  29  00   360.83  -303.77    57.06
2013  03  15  11  30  00   361.62  -306.55    55.07
2013  03  15  11  31  00   368.17  -310.08    58.08
2013  03  15  11  32  00   343.46  -283.37    60.10
2013  03  15  11  33  00   306.77  -248.66    58.11
2013  03  15  11  34  00   283.86  -230.75    53.11
2013  03  15  11  35  00   259.49  -211.38    48.12
2013  03  15  11  36  00   248.56  -202.43    46.12
2013  03  15  11  37  00   242.45  -198.32    44.13
2013  03  15  11  38  00   223.25  -180.11    43.14
2013  03  15  11  39  00   237.03  -193.88    43.15
2013  03  15  11  40  00   207.02  -163.07    43.95
2013  03  15  11  41  00   212.88  -166.87    46.01
2013  03  15  11  42  00   212.47  -162.88    49.59
2013  03  15  11  43  00   228.62  -176.08    52.54
2013  03  15  11  44  00   220.74  -168.09    52.66
2013  03  15  11  45  00   218.53  -168.53    50.00
2013  03  15  11  46  00   216.34  -168.03    48.31
2013  03  15  11  47  00   209.32  -159.49    49.83
2013  03  15  11  48  00   192.31  -142.20    50.11
2013  03  15  11  49  00   197.36  -148.57    48.79
2013  03  15  11  50  00   182.63  -140.99    41.63
2013  03  15  11  51  00   185.69  -145.49    40.20
2013  03  15  11  52  00   174.06  -137.81    36.25
2013  03  15  11  53  00   178.29  -139.79    38.50
2013  03  15  11  54  00   171.24  -129.18    42.06
2013  03  15  11  55  00   176.19  -123.90    52.29
2013  03  15  11  56  00   170.46  -114.04    56.42
2013  03  15  11  57  00   168.57  -115.48    53.09
2013  03  15  11  58  00   182.00  -133.06    48.94
2013  03  15  11  59  00   174.75  -129.91    44.84
2013  03  15  12  00  00   162.65  -117.31    45.34
2013  03  15  12  01  00   149.07  -104.58    44.49
2013  03  15  12  02  00   146.57  -102.82    43.75
2013  03  15  12  03  00   145.07   -94.82    50.25
2013  03  15  12  04  00   136.34   -86.40    49.94
2013  03  15  12  05  00   123.72   -81.23    42.49
2013  03  15  12  06  00   118.49   -76.98    41.51
2013  03  15  12  07  00   121.98   -75.73    46.25
2013  03  15  12  08  00   119.70   -72.56    47.14
2013  03  15  12  09  00   111.92   -65.03    46.89
2013  03  15  12  10  00   108.83   -61.72    47.11
2013  03  15  12  11  00   101.93   -58.64    43.29
2013  03  15  12  12  00   100.96   -59.68    41.28
2013  03  15  12  13  00   101.45   -57.84    43.60
2013  03  15  12  14  00   100.27   -53.40    46.87
2013  03  15  12  15  00    91.10   -49.73    41.38
2013  03  15  12  16  00    81.99   -47.25    34.74
2013  03  15  12  17  00    84.88   -49.61    35.27
2013  03  15  12  18  00    77.06   -43.49    33.56
2013  03  15  12  19  00    70.09   -38.67    31.43
2013  03  15  12  20  00    71.85   -35.62    36.23
2013  03  15  12  21  00    90.33   -44.76    45.57
2013  03  15  12  22  00    96.64   -47.27    49.37
2013  03  15  12  23  00    89.55   -42.52    47.03
2013  03  15  12  24  00    92.32   -52.26    40.06
2013  03  15  12  25  00    84.79   -50.36    34.43
2013  03  15  12  26  00    65.94   -38.13    27.81
2013  03  15  12  27  00    58.06   -34.10    23.97
2013  03  15  12  28  00    94.05   -68.84    25.21
2013  03  15  12  29  00   108.88   -82.91    25.97
2013  03  15  12  30  00   115.02   -86.23    28.79
2013  03  15  12  31  00   115.93   -87.00    28.93
2013  03  15  12  32  00   117.40   -87.57    29.82
2013  03  15  12  33  00   115.72   -87.90    27.83
2013  03  15  12  34  00   110.80   -87.88    22.92
2013  03  15  12  35  00   104.38   -82.39    21.98
2013  03  15  12  36  00   101.67   -80.91    20.76
2013  03  15  12  37  00   100.96   -78.82    22.14
2013  03  15  12  38  00   102.68   -75.44    27.25
2013  03  15  12  39  00   105.24   -75.19    30.05
2013  03  15  12  40  00   126.67   -96.90    29.77
2013  03  15  12  41  00   139.48  -109.56    29.91
2013  03  15  12  42  00   132.62  -107.60    25.01
2013  03  15  12  43  00   124.58   -95.84    28.74
2013  03  15  12  44  00   123.21   -94.45    28.76
2013  03  15  12  45  00   110.66   -84.67    25.99
2013  03  15  12  46  00    93.53   -71.76    21.77
2013  03  15  12  47  00    95.78   -71.38    24.40
2013  03  15  12  48  00   106.75   -77.04    29.71
2013  03  15  12  49  00   113.11   -82.54    30.58
2013  03  15  12  50  00   121.80   -86.62    35.18
2013  03  15  12  51  00   121.07   -87.15    33.92
2013  03  15  12  52  00    96.45   -72.65    23.80
2013  03  15  12  53  00    84.53   -60.50    24.03
2013  03  15  12  54  00    80.13   -51.45    28.68
2013  03  15  12  55  00    70.95   -39.03    31.92
2013  03  15  12  56  00    65.56   -34.72    30.84
2013  03  15  12  57  00    61.58   -33.42    28.16
2013  03  15  12  58  00    59.98   -30.22    29.77
2013  03  15  12  59  00    58.78   -28.07    30.71
2013  03  15  13  00  00    55.83   -26.16    29.67
2013  03  15  13  01  00    51.49   -21.83    29.66
2013  03  15  13  02  00    53.91   -24.66    29.26
2013  03  15  13  03  00    56.45   -28.25    28.20
2013  03  15  13  04  00    53.91   -26.84    27.06
2013  03  15  13  05  00    55.68   -27.62    28.06
2013  03  15  13  06  00    60.74   -28.49    32.26
2013  03  15  13  07  00    68.17   -27.75    40.42
2013  03  15  13  08  00    71.71   -27.09    44.62
2013  03  15  13  09  00    66.31   -26.84    39.47
2013  03  15  13  10  00    60.61   -25.57    35.04
2013  03  15  13  11  00    59.88   -22.80    37.08
2013  03  15  13  12  00    57.19   -20.49    36.69
2013  03  15  13  13  00    54.54   -19.62    34.92
2013  03  15  13  14  00    50.57   -17.54    33.03
2013  03  15  13  15  00    49.90   -16.47    33.44
2013  03  15  13  16  00    53.29   -16.02    37.27
2013  03  15  13  17  00    50.50   -15.27    35.23
2013  03  15  13  18  00    54.72   -15.68    39.04
2013  03  15  13  19  00    58.16   -17.06    41.10
2013  03  15  13  20  00    58.31   -17.99    40.32
2013  03  15  13  21  00    56.50   -17.99    38.51
2013  03  15  13  22  00    60.31   -23.29    37.02
2013  03  15  13  23  00    58.94   -22.72    36.21
2013  03  15  13  24  00    56.39   -20.14    36.25
2013  03  15  13  25  00    52.74   -15.82    36.92
2013  03  15  13  26  00    55.60   -17.47    38.13
2013  03  15  13  27  00    57.68   -18.74    38.93
2013  03  15  13  28  00    58.24   -18.14    40.10
2013  03  15  13  29  00    57.11   -16.03    41.08
2013  03  15  13  30  00    59.01   -16.07    42.94
2013  03  15  13  31  00    62.19   -18.27    43.92
2013  03  15  13  32  00    65.55   -22.84    42.71
2013  03  15  13  33  00    67.45   -26.05    41.40
2013  03  15  13  34  00    68.47   -27.40    41.07
2013  03  15  13  35  00    73.19   -32.86    40.33
2013  03  15  13  36  00    72.45   -33.61    38.84
2013  03  15  13  37  00    73.45   -35.75    37.70
2013  03  15  13  38  00    76.47   -40.48    35.99
2013  03  15  13  39  00    78.67   -43.10    35.58
2013  03  15  13  40  00    78.59   -42.25    36.34
2013  03  15  13  41  00    72.24   -34.29    37.95
2013  03  15  13  42  00    64.67   -25.06    39.61
2013  03  15  13  43  00    64.63   -23.46    41.18
2013  03  15  13  44  00    69.65   -29.38    40.27
2013  03  15  13  45  00    68.28   -29.67    38.61
2013  03  15  13  46  00    57.68   -21.66    36.02
2013  03  15  13  47  00    58.12   -19.10    39.03
2013  03  15  13  48  00    63.29   -19.54    43.75
2013  03  15  13  49  00    92.85   -44.22    48.63
2013  03  15  13  50  00   114.78   -63.39    51.39
2013  03  15  13  51  00   131.23   -72.33    58.91
2013  03  15  13  52  00   134.73   -69.49    65.24
2013  03  15  13  53  00   126.85   -58.21    68.64
2013  03  15  13  54  00   108.87   -44.95    63.91
2013  03  15  13  55  00   107.96   -58.75    49.21
2013  03  15  13  56  00    98.50   -59.34    39.16
2013  03  15  13  57  00    83.65   -38.57    45.08
2013  03  15  13  58  00    79.78   -27.53    52.26
2013  03  15  13  59  00    64.74   -18.46    46.28
2013  03  15  14  00  00    66.23   -22.06    44.17
2013  03  15  14  01  00    87.57   -30.40    57.17
2013  03  15  14  02  00    97.95   -34.84    63.11
2013  03  15  14  03  00    94.28   -34.58    59.70
2013  03  15  14  04  00    84.61   -35.00    49.61
2013  03  15  14  05  00    71.04   -34.63    36.40
2013  03  15  14  06  00    60.02   -34.42    25.60
2013  03  15  14  07  00    53.60   -33.47    20.13
2013  03  15  14  08  00    53.12   -29.96    23.16
2013  03  15  14  09  00    54.42   -27.52    26.90
2013  03  15  14  10  00    62.13   -28.85    33.28
2013  03  15  14  11  00    62.45   -24.58    37.87
2013  03  15  14  12  00    65.42   -24.77    40.65
2013  03  15  14  13  00    68.45   -25.15    43.30
2013  03  15  14  14  00    72.36   -26.84    45.52
2013  03  15  14  15  00    71.73   -25.32    46.41
2013  03  15  14  16  00    69.88   -24.13    45.75
2013  03  15  14  17  00    69.08   -25.21    43.87
2013  03  15  14  18  00    69.54   -25.79    43.75
2013  03  15  14  19  00    70.92   -25.57    45.34
2013  03  15  14  20  00    72.05   -24.56    47.49
2013  03  15  14  21  00    71.00   -22.60    48.41
2013  03  15  14  22  00    77.34   -30.36    46.97
2013  03  15  14  23  00    77.66   -35.53    42.14
2013  03  15  14  24  00    67.15   -30.57    36.58
2013  03  15  14  25  00    59.50   -21.07    38.43
2013  03  15  14  26  00    58.34   -21.11    37.23
2013  03  15  14  27  00    54.11   -21.78    32.33
2013  03  15  14  28  00    63.99   -22.68    41.31
2013  03  15  14  29  00    77.12   -27.03    50.09
2013  03  15  14  30  00    83.80   -28.44    55.37
2013  03  15  14  31  00    78.47   -27.57    50.91
2013  03  15  14  32  00    68.40   -26.01    42.39
2013  03  15  14  33  00    61.23   -27.50    33.73
2013  03  15  14  34  00    55.40   -26.39    29.01
2013  03  15  14  35  00    50.08   -20.89    29.19
2013  03  15  14  36  00    52.29   -19.55    32.74
2013  03  15  14  37  00    56.60   -19.10    37.50
2013  03  15  14  38  00    62.89   -21.38    41.51
2013  03  15  14  39  00    68.03   -24.94    43.10
2013  03  15  14  40  00    71.72   -28.22    43.50
2013  03  15  14  41  00    70.06   -28.18    41.87
2013  03  15  14  42  00    67.30   -27.25    40.05
2013  03  15  14  43  00    67.85   -27.78    40.07
2013  03  15  14  44  00    69.21   -27.84    41.37
2013  03  15  14  45  00    71.50   -29.50    42.00
2013  03  15  14  46  00    73.77   -30.98    42.79
2013  03  15  14  47  00    75.31   -32.21    43.10
2013  03  15  14  48  00    75.20   -30.83    44.37
2013  03  15  14  49  00    78.86   -33.38    45.49
2013  03  15  14  50  00    80.50   -34.40    46.11
2013  03  15  14  51  00    80.50   -33.38    47.12
2013  03  15  14  52  00    80.21   -32.91    47.30
2013  03  15  14  53  00    79.73   -33.44    46.29
2013  03  15  14  54  00    78.69   -33.11    45.58
2013  03  15  14  55  00    75.65   -29.99    45.66
2013  03  15  14  56  00    77.42   -31.19    46.23
2013  03  15  14  57  00    78.49   -33.32    45.17
2013  03  15  14  58  00    80.35   -34.23    46.13
2013  03  15  14  59  00    83.28   -35.14    48.14
2013  03  15  15  00  00    82.46   -33.78    48.68
2013  03  15  15  01  00    80.28   -33.04    47.24
2013  03  15  15  02  00    77.75   -31.87    45.88
2013  03  15  15  03  00    73.37   -30.50    42.87
2013  03  15  15  04  00    71.18   -30.35    40.83
2013  03  15  15  05  00    72.06   -32.33    39.73
2013  03  15  15  06  00    72.16   -31.90    40.26
2013  03  15  15  07  00    66.24   -24.94    41.30
2013  03  15  15  08  00    63.28   -20.65    42.62
2013  03  15  15  09  00    65.29   -20.62    44.67
2013  03  15  15  10  00    66.05   -20.51    45.54
2013  03  15  15  11  00    66.41   -20.04    46.38
2013  03  15  15  12  00    66.81   -19.53    47.27
2013  03  15  15  13  00    67.97   -19.69    48.28
2013  03  15  15  14  00    68.24   -19.46    48.77
2013  03  15  15  15  00    67.61   -19.38    48.23
2013  03  15  15  16  00    73.07   -24.47    48.60
2013  03  15  15  17  00    73.86   -25.10    48.76
2013  03  15  15  18  00    72.18   -24.35    47.83
2013  03  15  15  19  00    71.69   -24.08    47.61
2013  03  15  15  20  00    70.62   -23.42    47.20
2013  03  15  15  21  00    72.33   -25.57    46.76
2013  03  15  15  22  00    73.15   -26.92    46.23
2013  03  15  15  23  00    74.82   -29.92    44.90
2013  03  15  15  24  00    79.34   -34.82    44.52
2013  03  15  15  25  00    90.34   -43.97    46.38
2013  03  15  15  26  00   101.33   -52.01    49.32
2013  03  15  15  27  00   112.02   -60.84    51.18
2013  03  15  15  28  00   115.97   -64.43    51.54
2013  03  15  15  29  00   116.07   -65.50    50.57
2013  03  15  15  30  00   113.13   -63.47    49.66
2013  03  15  15  31  00   108.20   -59.34    48.87
2013  03  15  15  32  00   105.34   -56.97    48.37
2013  03  15  15  33  00   103.84   -56.72    47.12
2013  03  15  15  34  00   104.60   -57.93    46.67
2013  03  15  15  35  00   105.95   -59.02    46.93
2013  03  15  15  36  00   107.68   -59.34    48.34
2013  03  15  15  37  00   108.21   -59.11    49.10
2013  03  15  15  38  00   109.60   -60.37    49.23
2013  03  15  15  39  00   115.09   -65.60    49.50
2013  03  15  15  40  00   116.41   -66.63    49.78
2013  03  15  15  41  00   115.54   -66.65    48.89
2013  03  15  15  42  00   114.71   -68.92    45.78
2013  03  15  15  43  00   110.69   -68.12    42.57
2013  03  15  15  44  00   110.61   -68.04    42.57
2013  03  15  15  45  00   111.92   -66.88    45.04
2013  03  15  15  46  00   112.10   -65.82    46.28
2013  03  15  15  47  00   106.61   -61.16    45.45
2013  03  15  15  48  00   102.96   -59.08    43.88
2013  03  15  15  49  00    99.98   -57.47    42.51
2013  03  15  15  50  00    97.84   -55.57    42.26
2013  03  15  15  51  00    98.24   -55.90    42.34
2013  03  15  15  52  00    98.03   -56.30    41.73
2013  03  15  15  53  00    98.30   -56.96    41.34
2013  03  15  15  54  00   100.84   -58.43    42.42
2013  03  15  15  55  00    99.49   -57.10    42.40
2013  03  15  15  56  00    99.70   -56.25    43.45
2013  03  15  15  57  00   100.03   -56.93    43.09
2013  03  15  15  58  00    98.65   -58.56    40.10
2013  03  15  15  59  00    96.48   -57.55    38.93
2013  03  15  16  00  00    93.25   -54.70    38.55
2013  03  15  16  01  00    90.54   -52.01    38.52
2013  03  15  16  02  00    90.53   -51.57    38.97
2013  03  15  16  03  00    93.22   -53.97    39.25
2013  03  15  16  04  00    96.02   -58.30    37.72
2013  03  15  16  05  00    96.17   -60.26    35.91
2013  03  15  16  06  00    89.94   -56.35    33.59
2013  03  15  16  07  00    86.66   -54.37    32.30
2013  03  15  16  08  00    88.53   -52.49    36.03
2013  03  15  16  09  00    95.73   -51.88    43.85
2013  03  15  16  10  00    91.67   -46.24    45.43
2013  03  15  16  11  00    80.98   -42.33    38.65
2013  03  15  16  12  00    71.59   -40.56    31.03
2013  03  15  16  13  00    69.76   -41.28    28.48
2013  03  15  16  14  00    77.65   -46.06    31.59
2013  03  15  16  15  00    89.29   -52.56    36.73
2013  03  15  16  16  00    97.51   -57.46    40.04
2013  03  15  16  17  00    98.88   -60.06    38.82
2013  03  15  16  18  00    96.77   -60.52    36.25
2013  03  15  16  19  00    92.98   -57.50    35.48
2013  03  15  16  20  00    92.03   -54.27    37.76
2013  03  15  16  21  00    92.84   -53.09    39.75
2013  03  15  16  22  00    92.83   -54.50    38.32
2013  03  15  16  23  00    88.66   -55.53    33.13
2013  03  15  16  24  00    80.82   -51.71    29.11
2013  03  15  16  25  00    76.72   -46.91    29.81
2013  03  15  16  26  00    79.08   -43.59    35.49
2013  03  15  16  27  00    83.93   -42.74    41.19
2013  03  15  16  28  00    84.59   -43.03    41.55
2013  03  15  16  29  00    80.88   -43.28    37.60
2013  03  15  16  30  00    76.18   -44.36    31.82
2013  03  15  16  31  00    74.19   -44.16    30.03
2013  03  15  16  32  00    81.21   -48.23    32.98
2013  03  15  16  33  00    86.83   -49.54    37.29
2013  03  15  16  34  00    93.02   -52.63    40.40
2013  03  15  16  35  00    98.67   -58.34    40.33
2013  03  15  16  36  00    99.00   -62.41    36.60
2013  03  15  16  37  00    97.25   -64.10    33.15
2013  03  15  16  38  00    94.44   -61.01    33.42
2013  03  15  16  39  00    92.26   -57.76    34.50
2013  03  15  16  40  00    90.32   -54.79    35.53
2013  03  15  16  41  00    86.08   -50.29    35.78
2013  03  15  16  42  00    81.90   -47.20    34.70
2013  03  15  16  43  00    80.78   -46.84    33.94
2013  03  15  16  44  00    81.85   -46.69    35.16
2013  03  15  16  45  00    84.04   -46.57    37.47
2013  03  15  16  46  00    87.19   -48.69    38.50
2013  03  15  16  47  00    86.44   -48.71    37.73
2013  03  15  16  48  00    82.88   -48.09    34.79
2013  03  15  16  49  00    78.18   -44.81    33.38
2013  03  15  16  50  00    77.55   -44.96    32.60
2013  03  15  16  51  00    76.85   -45.37    31.48
2013  03  15  16  52  00    79.56   -46.65    32.90
2013  03  15  16  53  00    86.99   -50.71    36.28
2013  03  15  16  54  00    93.56   -54.96    38.60
2013  03  15  16  55  00    95.63   -56.55    39.08
2013  03  15  16  56  00    98.92   -61.82    37.10
2013  03  15  16  57  00   106.69   -70.52    36.17
2013  03  15  16  58  00   108.37   -71.93    36.45
2013  03  15  16  59  00   103.10   -68.27    34.83
2013  03  15  17  00  00    96.69   -64.57    32.11
2013  03  15  17  01  00    94.27   -62.14    32.13
2013  03  15  17  02  00    95.60   -61.80    33.80
2013  03  15  17  03  00    98.25   -62.64    35.62
2013  03  15  17  04  00    96.87   -61.26    35.61
2013  03  15  17  05  00    87.31   -55.02    32.29
2013  03  15  17  06  00    79.15   -49.32    29.83
2013  03  15  17  07  00    77.09   -47.08    30.01
2013  03  15  17  08  00    79.89   -48.72    31.18
2013  03  15  17  09  00    80.42   -48.77    31.64
2013  03  15  17  10  00    78.98   -47.72    31.26
2013  03  15  17  11  00    76.33   -46.67    29.66
2013  03  15  17  12  00    72.89   -45.26    27.63
2013  03  15  17  13  00    74.96   -48.03    26.93
2013  03  15  17  14  00    80.12   -51.10    29.02
2013  03  15  17  15  00    82.41   -51.37    31.04
2013  03  15  17  16  00    80.92   -49.01    31.91
2013  03  15  17  17  00    80.60   -49.85    30.74
2013  03  15  17  18  00    83.21   -53.88    29.34
2013  03  15  17  19  00    81.43   -52.12    29.31
2013  03  15  17  20  00    79.44   -48.95    30.49
2013  03  15  17  21  00    80.38   -47.68    32.70
2013  03  15  17  22  00    81.50   -47.86    33.64
2013  03  15  17  23  00    78.83   -46.32    32.50
2013  03  15  17  24  00    75.22   -44.03    31.19
2013  03  15  17  25  00    78.51   -47.35    31.16
2013  03  15  17  26  00    85.81   -54.09    31.72
2013  03  15  17  27  00    92.61   -60.17    32.44
2013  03  15  17  28  00    95.45   -63.50    31.95
2013  03  15  17  29  00    97.19   -66.77    30.42
2013  03  15  17  30  00    91.96   -62.88    29.08
2013  03  15  17  31  00    85.95   -56.15    29.80
2013  03  15  17  32  00    86.58   -55.55    31.03
2013  03  15  17  33  00    85.41   -54.76    30.65
2013  03  15  17  34  00    86.17   -55.52    30.65
2013  03  15  17  35  00    86.09   -55.97    30.12
2013  03  15  17  36  00    85.91   -55.56    30.36
2013  03  15  17  37  00    84.89   -53.98    30.91
2013  03  15  17  38  00    83.42   -52.24    31.18
2013  03  15  17  39  00    84.35   -53.78    30.58
2013  03  15  17  40  00    84.04   -54.81    29.23
2013  03  15  17  41  00    86.18   -56.79    29.38
2013  03  15  17  42  00    87.07   -58.25    28.82
2013  03  15  17  43  00    84.64   -57.07    27.57
2013  03  15  17  44  00    85.28   -56.52    28.76
2013  03  15  17  45  00    86.79   -58.32    28.47
2013  03  15  17  46  00    88.35   -61.37    26.98
2013  03  15  17  47  00    87.74   -62.01    25.73
2013  03  15  17  48  00    85.76   -60.43    25.33
2013  03  15  17  49  00    83.77   -59.99    23.79
2013  03  15  17  50  00    83.93   -60.53    23.41
2013  03  15  17  51  00    85.87   -61.90    23.97
2013  03  15  17  52  00    86.73   -63.36    23.37
2013  03  15  17  53  00    88.88   -65.99    22.89
2013  03  15  17  54  00    88.19   -65.49    22.70
2013  03  15  17  55  00    88.79   -65.72    23.06
2013  03  15  17  56  00    89.67   -66.21    23.46
2013  03  15  17  57  00    90.04   -67.21    22.83
2013  03  15  17  58  00    95.34   -72.49    22.85
2013  03  15  17  59  00   101.25   -78.38    22.87
2013  03  15  18  00  00   102.61   -79.78    22.83
2013  03  15  18  01  00   100.13   -77.49    22.65
2013  03  15  18  02  00    97.37   -74.68    22.69
2013  03  15  18  03  00    97.71   -74.91    22.80
2013  03  15  18  04  00    97.68   -74.45    23.23
2013  03  15  18  05  00    97.53   -74.14    23.39
2013  03  15  18  06  00    94.99   -71.65    23.34
2013  03  15  18  07  00    95.16   -71.55    23.61
2013  03  15  18  08  00    95.83   -72.45    23.37
2013  03  15  18  09  00    94.08   -70.95    23.13
2013  03  15  18  10  00    94.82   -71.57    23.25
2013  03  15  18  11  00    96.68   -73.29    23.39
2013  03  15  18  12  00    98.38   -75.08    23.30
2013  03  15  18  13  00    99.31   -75.95    23.36
2013  03  15  18  14  00    99.71   -76.32    23.39
2013  03  15  18  15  00   100.10   -76.79    23.32
2013  03  15  18  16  00   101.84   -77.92    23.91
2013  03  15  18  17  00   102.71   -78.71    24.00
2013  03  15  18  18  00   104.15   -80.24    23.91
2013  03  15  18  19  00   106.78   -81.60    25.18
2013  03  15  18  20  00   103.99   -79.17    24.82
2013  03  15  18  21  00   101.30   -77.72    23.59
2013  03  15  18  22  00   100.46   -77.10    23.36
2013  03  15  18  23  00   101.83   -78.28    23.55
2013  03  15  18  24  00   100.24   -77.40    22.84
2013  03  15  18  25  00    96.40   -73.18    23.23
2013  03  15  18  26  00    93.24   -70.33    22.92
2013  03  15  18  27  00    92.39   -69.59    22.80
2013  03  15  18  28  00    91.22   -67.98    23.24
2013  03  15  18  29  00    88.63   -65.15    23.47
2013  03  15  18  30  00    89.27   -65.84    23.44
2013  03  15  18  31  00    90.26   -67.01    23.25
2013  03  15  18  32  00    89.87   -66.22    23.64
2013  03  15  18  33  00    89.03   -65.35    23.68
2013  03  15  18  34  00    88.38   -65.09    23.29
2013  03  15  18  35  00    86.53   -63.40    23.14
2013  03  15  18  36  00    84.60   -61.89    22.71
2013  03  15  18  37  00    88.01   -64.67    23.34
2013  03  15  18  38  00    88.68   -65.34    23.34
2013  03  15  18  39  00    86.59   -63.19    23.40
2013  03  15  18  40  00    87.20   -63.50    23.70
2013  03  15  18  41  00    83.80   -59.94    23.85
2013  03  15  18  42  00    78.18   -54.21    23.97
2013  03  15  18  43  00    76.41   -52.43    23.98
2013  03  15  18  44  00    77.09   -52.76    24.33
2013  03  15  18  45  00    76.81   -52.59    24.22
2013  03  15  18  46  00    77.24   -52.78    24.46
2013  03  15  18  47  00    79.11   -54.51    24.60
2013  03  15  18  48  00    80.82   -56.33    24.49
2013  03  15  18  49  00    82.84   -58.22    24.62
2013  03  15  18  50  00    84.06   -60.13    23.93
2013  03  15  18  51  00    83.61   -59.49    24.12
2013  03  15  18  52  00    81.30   -57.05    24.25
2013  03  15  18  53  00    80.03   -55.56    24.48
2013  03  15  18  54  00    79.30   -54.85    24.45
2013  03  15  18  55  00    80.50   -56.29    24.22
2013  03  15  18  56  00    84.31   -59.96    24.35
2013  03  15  18  57  00    85.65   -60.91    24.74
2013  03  15  18  58  00    87.10   -62.33    24.76
2013  03  15  18  59  00    89.06   -64.35    24.71
2013  03  15  19  00  00    87.93   -63.39    24.54
2013  03  15  19  01  00    87.94   -62.99    24.94
2013  03  15  19  02  00    85.75   -60.72    25.02
2013  03  15  19  03  00    84.63   -59.92    24.71
2013  03  15  19  04  00    86.05   -61.00    25.05
2013  03  15  19  05  00    88.94   -64.16    24.78
2013  03  15  19  06  00    94.20   -69.22    24.98
2013  03  15  19  07  00    96.03   -70.89    25.14
2013  03  15  19  08  00    95.21   -69.88    25.33
2013  03  15  19  09  00    92.56   -67.19    25.37
2013  03  15  19  10  00    91.51   -66.59    24.92
2013  03  15  19  11  00    90.41   -65.64    24.78
2013  03  15  19  12  00    87.39   -62.75    24.64
2013  03  15  19  13  00    84.56   -60.16    24.41
2013  03  15  19  14  00    81.65   -56.76    24.90
2013  03  15  19  15  00    80.28   -55.08    25.21
2013  03  15  19  16  00    80.33   -54.83    25.50
2013  03  15  19  17  00    80.43   -54.85    25.58
2013  03  15  19  18  00    81.06   -55.60    25.46
2013  03  15  19  19  00    80.40   -55.19    25.21
2013  03  15  19  20  00    77.63   -52.78    24.85
2013  03  15  19  21  00    74.59   -49.66    24.93
2013  03  15  19  22  00    72.41   -47.38    25.04
2013  03  15  19  23  00    72.41   -47.47    24.93
2013  03  15  19  24  00    74.39   -49.23    25.16
2013  03  15  19  25  00    75.24   -49.86    25.39
2013  03  15  19  26  00    74.02   -48.12    25.90
2013  03  15  19  27  00    72.47   -46.71    25.76
2013  03  15  19  28  00    73.10   -47.01    26.09
2013  03  15  19  29  00    71.61   -45.46    26.15
2013  03  15  19  30  00    69.32   -43.72    25.60
2013  03  15  19  31  00    67.77   -42.19    25.58
2013  03  15  19  32  00    65.32   -39.99    25.33
2013  03  15  19  33  00    64.73   -39.31    25.41
2013  03  15  19  34  00    66.44   -40.11    26.33
2013  03  15  19  35  00    64.14   -38.69    25.45
2013  03  15  19  36  00    63.47   -38.16    25.31
2013  03  15  19  37  00    63.67   -37.59    26.09
2013  03  15  19  38  00    61.29   -36.00    25.30
2013  03  15  19  39  00    58.48   -33.63    24.85
2013  03  15  19  40  00    57.81   -32.89    24.91
2013  03  15  19  41  00    56.10   -31.12    24.98
2013  03  15  19  42  00    54.83   -30.31    24.52
2013  03  15  19  43  00    56.19   -30.76    25.43
2013  03  15  19  44  00    56.83   -31.34    25.49
2013  03  15  19  45  00    55.47   -30.23    25.24
2013  03  15  19  46  00    54.63   -28.58    26.05
2013  03  15  19  47  00    54.79   -28.69    26.10
2013  03  15  19  48  00    55.17   -28.70    26.48
2013  03  15  19  49  00    54.86   -28.78    26.08
2013  03  15  19  50  00    54.27   -27.91    26.36
2013  03  15  19  51  00    53.91   -26.97    26.94
2013  03  15  19  52  00    53.82   -26.62    27.20
2013  03  15  19  53  00    54.28   -26.68    27.60
2013  03  15  19  54  00    55.26   -27.39    27.87
2013  03  15  19  55  00    56.47   -28.30    28.18
2013  03  15  19  56  00    56.18   -27.83    28.35
2013  03  15  19  57  00    55.93   -27.57    28.36
2013  03  15  19  58  00    56.21   -28.21    28.00
2013  03  15  19  59  00    56.37   -28.23    28.13
2013  03  15  20  00  00    57.19   -29.01    28.19
2013  03  15  20  01  00    57.55   -29.15    28.40
2013  03  15  20  02  00    57.87   -29.57    28.31
2013  03  15  20  03  00    60.18   -31.71    28.48
2013  03  15  20  04  00    60.86   -32.15    28.71
2013  03  15  20  05  00    58.98   -30.91    28.07
2013  03  15  20  06  00    57.15   -29.64    27.51
2013  03  15  20  07  00    54.50   -27.00    27.50
2013  03  15  20  08  00    53.56   -25.52    28.04
2013  03  15  20  09  00    53.36   -25.86    27.49
2013  03  15  20  10  00    51.57   -25.07    26.50
2013  03  15  20  11  00    50.89   -23.28    27.61
2013  03  15  20  12  00    50.12   -23.06    27.06
2013  03  15  20  13  00    49.86   -23.47    26.39
2013  03  15  20  14  00    50.99   -23.76    27.23
2013  03  15  20  15  00    50.76   -23.88    26.88
2013  03  15  20  16  00    51.45   -24.25    27.20
2013  03  15  20  17  00    50.34   -23.45    26.88
2013  03  15  20  18  00    50.67   -23.55    27.12
2013  03  15  20  19  00    51.77   -24.25    27.52
2013  03  15  20  20  00    51.06   -23.29    27.77
2013  03  15  20  21  00    51.22   -22.19    29.03
2013  03  15  20  22  00    50.12   -20.94    29.18
2013  03  15  20  23  00    51.53   -20.50    31.03
2013  03  15  20  24  00    53.41   -20.37    33.04
2013  03  15  20  25  00    65.10   -28.57    36.53
2013  03  15  20  26  00    73.91   -33.34    40.57
2013  03  15  20  27  00    74.12   -33.13    40.99
2013  03  15  20  28  00    64.38   -22.60    41.79
2013  03  15  20  29  00    63.78   -22.52    41.26
2013  03  15  20  30  00    62.27   -22.17    40.09
2013  03  15  20  31  00    61.04   -22.56    38.48
2013  03  15  20  32  00    59.49   -22.87    36.62
2013  03  15  20  33  00    56.03   -21.98    34.05
2013  03  15  20  34  00    54.48   -22.76    31.71
2013  03  15  20  35  00    52.14   -21.95    30.19
2013  03  15  20  36  00    49.97   -20.51    29.46
2013  03  15  20  37  00    50.93   -21.53    29.40
2013  03  15  20  38  00    49.71   -21.19    28.52
2013  03  15  20  39  00    50.45   -21.66    28.78
2013  03  15  20  40  00    50.55   -21.70    28.85
2013  03  15  20  41  00    49.98   -21.47    28.52
2013  03  15  20  42  00    50.64   -21.38    29.27
2013  03  15  20  43  00    51.39   -22.66    28.73
2013  03  15  20  44  00    51.47   -21.18    30.29
2013  03  15  20  45  00    58.22   -28.95    29.27
2013  03  15  20  46  00   134.78  -105.04    29.73
2013  03  15  20  47  00    50.60   -21.86    28.75
2013  03  15  20  48  00    50.62   -21.46    29.17
2013  03  15  20  49  00    51.30   -22.95    28.35
2013  03  15  20  50  00    50.41   -22.36    28.06
2013  03  15  20  51  00    50.97   -21.64    29.33
2013  03  15  20  52  00    51.14   -23.16    27.98
2013  03  15  20  53  00    50.97   -21.55    29.42
2013  03  15  20  54  00    49.56   -21.66    27.90
2013  03  15  20  55  00    51.52   -21.96    29.56
2013  03  15  20  56  00    50.16   -21.12    29.04
2013  03  15  20  57  00    49.05   -20.96    28.09
2013  03  15  20  58  00    49.95   -22.08    27.88
2013  03  15  20  59  00    49.84   -21.02    28.82
2013  03  15  21  00  00    46.63   -20.88    25.75
2013  03  15  21  01  00    57.08   -29.72    27.36
2013  03  15  21  02  00    44.57   -18.82    25.75
2013  03  15  21  03  00    51.86   -24.73    27.12
2013  03  15  21  04  00    61.03   -31.79    29.24
2013  03  15  21  05  00    74.06   -44.65    29.40
2013  03  15  21  06  00    75.47   -43.45    32.01
2013  03  15  21  07  00    76.08   -43.25    32.83
2013  03  15  21  08  00    61.13   -28.16    32.97
2013  03  15  21  09  00    52.01   -19.02    32.99
2013  03  15  21  10  00    52.22   -19.09    33.14
2013  03  15  21  11  00    57.73   -24.62    33.11
2013  03  15  21  12  00    62.97   -30.43    32.54
2013  03  15  21  13  00    60.00   -28.82    31.19
2013  03  15  21  14  00    49.65   -18.71    30.94
2013  03  15  21  15  00    48.96   -18.70    30.25
2013  03  15  21  16  00    49.47   -19.00    30.47
2013  03  15  21  17  00    50.16   -20.27    29.89
2013  03  15  21  18  00    51.58   -21.63    29.95
2013  03  15  21  19  00    51.30   -22.00    29.31
2013  03  15  21  20  00    49.90   -21.26    28.64
2013  03  15  21  21  00    49.10   -21.30    27.80
2013  03  15  21  22  00    49.16   -20.92    28.24
2013  03  15  21  23  00    48.75   -19.98    28.76
2013  03  15  21  24  00    48.82   -19.95    28.87
2013  03  15  21  25  00    49.74   -19.75    29.98
2013  03  15  21  26  00    50.42   -19.49    30.93
2013  03  15  21  27  00    50.32   -19.68    30.64
2013  03  15  21  28  00    50.19   -19.91    30.28
2013  03  15  21  29  00    48.96   -20.00    28.95
2013  03  15  21  30  00    49.16   -21.07    28.09
2013  03  15  21  31  00    49.23   -20.67    28.56
2013  03  15  21  32  00    49.22   -21.23    27.99
2013  03  15  21  33  00    49.63   -22.33    27.30
2013  03  15  21  34  00    51.02   -23.85    27.17
2013  03  15  21  35  00    51.31   -24.96    26.35
2013  03  15  21  36  00    51.48   -24.99    26.49
2013  03  15  21  37  00    51.45   -24.97    26.48
2013  03  15  21  38  00    51.10   -24.35    26.74
2013  03  15  21  39  00    51.04   -24.20    26.84
2013  03  15  21  40  00    49.96   -24.17    25.79
2013  03  15  21  41  00    48.98   -23.12    25.86
2013  03  15  21  42  00    48.48   -22.02    26.46
2013  03  15  21  43  00    48.58   -21.77    26.81
2013  03  15  21  44  00    48.37   -21.49    26.87
2013  03  15  21  45  00    47.96   -21.76    26.19
2013  03  15  21  46  00    48.23   -22.10    26.13
2013  03  15  21  47  00    48.18   -22.57    25.61
2013  03  15  21  48  00    48.09   -22.63    25.45
2013  03  15  21  49  00    47.34   -22.33    25.02
2013  03  15  21  50  00    47.79   -22.03    25.76
2013  03  15  21  51  00    46.65   -20.99    25.66
2013  03  15  21  52  00    46.05   -20.73    25.32
2013  03  15  21  53  00    46.94   -21.39    25.56
2013  03  15  21  54  00    44.87   -20.60    24.27
2013  03  15  21  55  00    44.99   -21.36    23.63
2013  03  15  21  56  00    49.67   -25.41    24.26
2013  03  15  21  57  00    51.43   -24.67    26.76
2013  03  15  21  58  00    51.99   -23.97    28.02
2013  03  15  21  59  00    69.83   -38.81    31.02
2013  03  15  22  00  00    77.34   -44.19    33.14
2013  03  15  22  01  00    80.63   -46.37    34.26
2013  03  15  22  02  00    68.70   -33.09    35.61
2013  03  15  22  03  00    56.42   -22.13    34.30
2013  03  15  22  04  00    55.97   -22.10    33.87
2013  03  15  22  05  00    54.88   -21.98    32.90
2013  03  15  22  06  00    54.22   -21.66    32.57
2013  03  15  22  07  00    53.16   -21.47    31.69
2013  03  15  22  08  00    52.45   -21.19    31.26
2013  03  15  22  09  00    53.54   -21.32    32.22
2013  03  15  22  10  00    53.24   -21.22    32.02
2013  03  15  22  11  00    54.00   -21.53    32.47
2013  03  15  22  12  00    54.60   -21.49    33.11
2013  03  15  22  13  00    54.41   -21.57    32.83
2013  03  15  22  14  00    54.77   -21.49    33.28
2013  03  15  22  15  00    54.96   -21.40    33.56
2013  03  15  22  16  00    55.86   -21.25    34.61
2013  03  15  22  17  00    53.37   -21.17    32.20
2013  03  15  22  18  00    54.28   -21.21    33.07
2013  03  15  22  19  00    52.90   -21.29    31.61
2013  03  15  22  20  00    54.12   -21.45    32.67
2013  03  15  22  21  00    52.85   -21.31    31.54
2013  03  15  22  22  00    52.62   -21.63    30.98
2013  03  15  22  23  00    52.21   -21.65    30.56
2013  03  15  22  24  00    52.31   -22.01    30.30
2013  03  15  22  25  00    52.66   -22.00    30.66
2013  03  15  22  26  00    52.41   -22.06    30.34
2013  03  15  22  27  00    51.04   -21.63    29.41
2013  03  15  22  28  00    49.75   -21.43    28.32
2013  03  15  22  29  00    48.00   -21.07    26.92
2013  03  15  22  30  00    49.33   -21.22    28.11
2013  03  15  22  31  00    49.26   -21.46    27.80
2013  03  15  22  32  00    49.68   -21.65    28.02
2013  03  15  22  33  00    49.29   -21.51    27.78
2013  03  15  22  34  00    50.41   -21.72    28.69
2013  03  15  22  35  00    50.12   -21.63    28.49
2013  03  15  22  36  00    49.47   -21.46    28.01
2013  03  15  22  37  00    48.70   -21.37    27.33
2013  03  15  22  38  00    48.50   -21.19    27.31
2013  03  15  22  39  00    48.33   -21.30    27.02
2013  03  15  22  40  00    48.07   -21.19    26.88
2013  03  15  22  41  00    48.29   -21.26    27.03
2013  03  15  22  42  00    47.21   -21.14    26.07
2013  03  15  22  43  00    46.93   -20.98    25.95
2013  03  15  22  44  00    47.21   -21.04    26.17
2013  03  15  22  45  00    47.62   -20.99    26.62
2013  03  15  22  46  00    47.29   -21.05    26.24
2013  03  15  22  47  00    48.56   -21.18    27.37
2013  03  15  22  48  00    49.97   -21.04    28.92
2013  03  15  22  49  00    53.06   -21.23    31.83
2013  03  15  22  50  00    67.42   -35.38    32.04
2013  03  15  22  51  00    71.53   -40.87    30.65
2013  03  15  22  52  00    71.05   -42.52    28.53
2013  03  15  22  53  00    74.68   -44.14    30.54
2013  03  15  22  54  00    90.91   -60.91    30.00
2013  03  15  22  55  00   100.69   -72.88    27.81
2013  03  15  22  56  00    79.02   -51.30    27.72
2013  03  15  22  57  00    82.83   -55.08    27.75
2013  03  15  22  58  00    94.25   -65.68    28.57
2013  03  15  22  59  00    85.80   -56.52    29.28
2013  03  15  23  00  00    85.48   -55.89    29.58
2013  03  15  23  01  00    93.10   -63.27    29.83
2013  03  15  23  02  00    91.99   -61.12    30.88
2013  03  15  23  03  00    89.93   -57.49    32.43
2013  03  15  23  04  00    92.19   -56.61    35.58
2013  03  15  23  05  00    92.49   -54.59    37.90
2013  03  15  23  06  00    88.38   -49.26    39.12
2013  03  15  23  07  00    86.92   -45.81    41.10
2013  03  15  23  08  00    85.22   -43.89    41.32
2013  03  15  23  09  00    84.59   -41.74    42.85
2013  03  15  23  10  00    83.34   -39.39    43.95
2013  03  15  23  11  00    79.89   -36.63    43.26
2013  03  15  23  12  00    77.43   -36.13    41.31
2013  03  15  23  13  00    73.67   -34.21    39.46
2013  03  15  23  14  00    69.04   -30.51    38.53
2013  03  15  23  15  00    76.53   -36.53    39.99
2013  03  15  23  16  00    86.55   -42.24    44.31
2013  03  15  23  17  00    82.95   -36.70    46.25
2013  03  15  23  18  00    90.14   -43.12    47.02
2013  03  15  23  19  00    90.18   -42.16    48.02
2013  03  15  23  20  00    85.33   -38.63    46.70
2013  03  15  23  21  00    85.22   -39.41    45.81
2013  03  15  23  22  00    90.82   -45.87    44.95
2013  03  15  23  23  00    93.09   -48.77    44.32
2013  03  15  23  24  00    89.31   -45.58    43.73
2013  03  15  23  25  00    83.19   -40.58    42.61
2013  03  15  23  26  00    80.62   -40.72    39.90
2013  03  15  23  27  00    86.76   -47.96    38.81
2013  03  15  23  28  00    97.49   -57.49    40.00
2013  03  15  23  29  00    94.25   -52.64    41.60
2013  03  15  23  30  00    89.06   -48.17    40.89
2013  03  15  23  31  00    86.31   -46.64    39.67
2013  03  15  23  32  00    86.88   -49.31    37.56
2013  03  15  23  33  00    92.28   -57.27    35.01
2013  03  15  23  34  00    81.57   -49.08    32.49
2013  03  15  23  35  00    74.88   -42.86    32.02
2013  03  15  23  36  00    80.14   -46.61    33.53
2013  03  15  23  37  00    83.45   -47.17    36.28
2013  03  15  23  38  00    81.36   -44.19    37.17
2013  03  15  23  39  00    90.98   -54.86    36.12
2013  03  15  23  40  00   100.72   -65.50    35.23
2013  03  15  23  41  00    93.29   -56.13    37.17
2013  03  15  23  42  00    98.56   -58.48    40.09
2013  03  15  23  43  00   103.48   -60.79    42.69
2013  03  15  23  44  00   101.00   -57.93    43.07
2013  03  15  23  45  00   103.28   -60.97    42.32
2013  03  15  23  46  00   113.09   -72.91    40.18
2013  03  15  23  47  00   111.36   -72.63    38.73
2013  03  15  23  48  00   113.81   -77.30    36.50
2013  03  15  23  49  00   118.39   -82.95    35.44
2013  03  15  23  50  00   112.41   -77.59    34.82
2013  03  15  23  51  00   118.95   -83.17    35.78
2013  03  15  23  52  00   123.79   -84.14    39.65
2013  03  15  23  53  00   133.00   -92.20    40.80
2013  03  15  23  54  00   154.74  -115.79    38.95
2013  03  15  23  55  00   139.98  -104.62    35.36
2013  03  15  23  56  00   126.94   -96.39    30.55
2013  03  15  23  57  00   133.62  -105.02    28.60
2013  03  15  23  58  00   118.72   -90.77    27.95
2013  03  15  23  59  00   118.73   -88.79    29.94
2013  03  16  00  00  00   118.69   -86.79    31.90
2013  03  16  00  01  00   131.48   -93.59    37.88
2013  03  16  00  02  00   141.73  -102.65    39.08
2013  03  16  00  03  00   152.84  -113.62    39.22
2013  03  16  00  04  00   158.03  -120.77    37.26
2013  03  16  00  05  00   157.12  -116.98    40.14
2013  03  16  00  06  00   158.22  -114.06    44.16
2013  03  16  00  07  00   168.78  -120.91    47.87
2013  03  16  00  08  00   190.84  -140.26    50.57
2013  03  16  00  09  00   197.80  -145.67    52.12
2013  03  16  00  10  00   204.08  -152.20    51.87
2013  03  16  00  11  00   200.10  -149.30    50.79
2013  03  16  00  12  00   206.39  -156.09    50.30
2013  03  16  00  13  00   207.18  -155.93    51.25
2013  03  16  00  14  00   216.26  -163.90    52.36
2013  03  16  00  15  00   221.12  -169.39    51.74
2013  03  16  00  16  00   220.57  -169.73    50.85
2013  03  16  00  17  00   224.68  -172.90    51.78
2013  03  16  00  18  00   228.14  -173.66    54.48
2013  03  16  00  19  00   230.46  -175.78    54.68
2013  03  16  00  20  00   222.84  -170.78    52.06
2013  03  16  00  21  00   217.72  -170.30    47.42
2013  03  16  00  22  00   215.17  -170.67    44.50
2013  03  16  00  23  00   219.94  -176.80    43.14
2013  03  16  00  24  00   228.91  -185.84    43.07
2013  03  16  00  25  00   234.27  -189.59    44.68
2013  03  16  00  26  00   233.37  -187.77    45.61
2013  03  16  00  27  00   233.70  -188.97    44.73
2013  03  16  00  28  00   233.27  -190.70    42.57
2013  03  16  00  29  00   230.57  -190.84    39.73
2013  03  16  00  30  00   238.58  -200.66    37.92
2013  03  16  00  31  00   239.84  -201.98    37.86
2013  03  16  00  32  00   236.18  -197.57    38.61
2013  03  16  00  33  00   240.52  -201.66    38.87
2013  03  16  00  34  00   233.75  -195.79    37.97
2013  03  16  00  35  00   225.35  -189.02    36.33
2013  03  16  00  36  00   219.37  -185.28    34.09
2013  03  16  00  37  00   216.76  -184.76    32.00
2013  03  16  00  38  00   226.21  -194.94    31.27
2013  03  16  00  39  00   236.86  -207.29    29.57
2013  03  16  00  40  00   239.16  -209.86    29.30
2013  03  16  00  41  00   243.21  -213.99    29.22
2013  03  16  00  42  00   241.70  -212.89    28.81
2013  03  16  00  43  00   235.30  -206.83    28.47
2013  03  16  00  44  00   234.92  -208.41    26.52
2013  03  16  00  45  00   239.32  -212.78    26.54
2013  03  16  00  46  00   241.20  -212.45    28.76
2013  03  16  00  47  00   246.60  -211.99    34.61
2013  03  16  00  48  00   251.43  -210.81    40.61
2013  03  16  00  49  00   253.40  -218.33    35.07
2013  03  16  00  50  00   260.94  -225.39    35.55
2013  03  16  00  51  00   267.12  -228.08    39.03
2013  03  16  00  52  00   266.83  -225.14    41.69
2013  03  16  00  53  00   258.28  -219.44    38.84
2013  03  16  00  54  00   255.87  -218.38    37.50
2013  03  16  00  55  00   255.92  -218.63    37.29
2013  03  16  00  56  00   252.60  -217.91    34.70
2013  03  16  00  57  00   248.76  -211.96    36.81
2013  03  16  00  58  00   248.49  -211.83    36.66
2013  03  16  00  59  00   257.35  -220.56    36.79
2013  03  16  01  00  00   272.50  -231.74    40.75
2013  03  16  01  01  00   287.32  -241.50    45.82
2013  03  16  01  02  00   290.92  -247.34    43.58
2013  03  16  01  03  00   283.96  -243.17    40.79
2013  03  16  01  04  00   273.30  -233.09    40.20
2013  03  16  01  05  00   270.96  -232.15    38.81
2013  03  16  01  06  00   277.09  -236.46    40.63
2013  03  16  01  07  00   282.29  -242.44    39.85
2013  03  16  01  08  00   275.62  -238.50    37.12
2013  03  16  01  09  00   269.68  -231.26    38.42
2013  03  16  01  10  00   266.85  -229.22    37.64
2013  03  16  01  11  00   266.08  -230.87    35.21
2013  03  16  01  12  00   248.10  -212.79    35.31
2013  03  16  01  13  00   235.53  -200.83    34.70
2013  03  16  01  14  00   237.17  -200.74    36.44
2013  03  16  01  15  00   244.43  -202.93    41.50
2013  03  16  01  16  00   244.18  -199.74    44.45
2013  03  16  01  17  00   236.18  -193.48    42.70
2013  03  16  01  18  00   234.74  -193.23    41.50
2013  03  16  01  19  00   248.19  -200.72    47.47
2013  03  16  01  20  00   274.09  -214.57    59.51
2013  03  16  01  21  00   270.41  -210.61    59.80
2013  03  16  01  22  00   266.55  -206.02    60.53
2013  03  16  01  23  00   264.49  -202.68    61.81
2013  03  16  01  24  00   270.81  -204.57    66.24
2013  03  16  01  25  00   281.55  -210.21    71.34
2013  03  16  01  26  00   288.04  -205.53    82.51
2013  03  16  01  27  00   287.34  -207.47    79.87
2013  03  16  01  28  00   293.75  -216.79    76.96
2013  03  16  01  29  00   303.06  -221.48    81.58
2013  03  16  01  30  00   302.18  -216.50    85.68
2013  03  16  01  31  00   299.55  -212.71    86.84
2013  03  16  01  32  00   298.67  -211.24    87.43
2013  03  16  01  33  00   295.83  -208.19    87.63
2013  03  16  01  34  00   291.51  -206.78    84.74
2013  03  16  01  35  00   293.66  -202.55    91.10
2013  03  16  01  36  00   290.46  -192.72    97.74
2013  03  16  01  37  00   306.14  -201.83   104.31
2013  03  16  01  38  00   319.82  -207.20   112.62
2013  03  16  01  39  00   325.59  -210.69   114.90
2013  03  16  01  40  00   321.92  -210.64   111.28
2013  03  16  01  41  00   318.11  -206.41   111.70
2013  03  16  01  42  00   318.44  -199.82   118.62
2013  03  16  01  43  00   315.53  -201.65   113.88
2013  03  16  01  44  00   306.98  -210.36    96.62
2013  03  16  01  45  00   311.10  -223.04    88.06
2013  03  16  01  46  00   308.91  -225.40    83.51
2013  03  16  01  47  00   310.45  -223.22    87.23
2013  03  16  01  48  00   359.84  -221.43   138.41
2013  03  16  01  49  00   387.30  -213.31   173.98
2013  03  16  01  50  00   291.73  -206.14    85.59
2013  03  16  01  51  00   538.83  -411.01   127.82
2013  03  16  01  52  00   490.86  -372.16   118.70
2013  03  16  01  53  00   458.36  -344.64   113.72
2013  03  16  01  54  00   487.37  -364.99   122.39
2013  03  16  01  55  00   611.03  -468.54   142.49
2013  03  16  01  56  00   540.80  -389.39   151.40
2013  03  16  01  57  00   401.58  -262.46   139.12
2013  03  16  01  58  00   375.69  -236.36   139.33
2013  03  16  01  59  00   418.90  -257.52   161.38
2013  03  16  02  00  00   507.79  -355.63   152.16
2013  03  16  02  01  00   465.52  -341.43   124.09
2013  03  16  02  02  00   504.49  -401.75   102.74
2013  03  16  02  03  00   559.21  -465.91    93.30
2013  03  16  02  04  00   584.97  -498.10    86.87
2013  03  16  02  05  00   539.25  -458.20    81.05
2013  03  16  02  06  00   504.62  -425.02    79.60
2013  03  16  02  07  00   498.83  -418.64    80.19
2013  03  16  02  08  00   458.03  -385.04    72.99
2013  03  16  02  09  00   443.00  -345.09    97.91
2013  03  16  02  10  00   484.02  -358.73   125.29
2013  03  16  02  11  00   469.21  -339.00   130.21
2013  03  16  02  12  00   470.34  -321.65   148.69
2013  03  16  02  13  00   464.93  -306.44   158.49
2013  03  16  02  14  00   443.59  -284.49   159.10
2013  03  16  02  15  00   531.41  -404.34   127.07
2013  03  16  02  16  00   497.43  -388.27   109.16
2013  03  16  02  17  00   527.85  -426.82   101.03
2013  03  16  02  18  00   487.65  -384.48   103.17
2013  03  16  02  19  00   498.34  -396.73   101.62
2013  03  16  02  20  00   425.95  -333.81    92.13
2013  03  16  02  21  00   373.03  -280.51    92.52
2013  03  16  02  22  00   354.31  -258.98    95.33
2013  03  16  02  23  00   345.46  -252.99    92.47
2013  03  16  02  24  00   343.00  -251.19    91.82
2013  03  16  02  25  00   338.10  -249.28    88.82
2013  03  16  02  26  00   332.94  -247.69    85.25
2013  03  16  02  27  00   353.46  -267.12    86.35
2013  03  16  02  28  00   377.60  -293.88    83.71
2013  03  16  02  29  00   402.56  -316.07    86.49
2013  03  16  02  30  00   450.05  -342.33   107.72
2013  03  16  02  31  00   468.06  -341.81   126.25
2013  03  16  02  32  00   455.60  -330.18   125.42
2013  03  16  02  33  00   437.53  -336.08   101.45
2013  03  16  02  34  00   431.43  -330.86   100.57
2013  03  16  02  35  00   433.99  -330.66   103.33
2013  03  16  02  36  00   424.17  -317.64   106.53
2013  03  16  02  37  00   432.91  -325.12   107.79
2013  03  16  02  38  00   421.91  -317.43   104.48
2013  03  16  02  39  00   436.39  -335.51   100.88
2013  03  16  02  40  00   454.22  -352.60   101.62
2013  03  16  02  41  00   463.13  -363.56    99.57
2013  03  16  02  42  00   458.92  -358.57   100.36
2013  03  16  02  43  00   456.03  -349.60   106.43
2013  03  16  02  44  00   489.64  -365.38   124.26
2013  03  16  02  45  00   500.47  -369.37   131.10
2013  03  16  02  46  00   459.55  -323.58   135.97
2013  03  16  02  47  00   461.91  -318.02   143.90
2013  03  16  02  48  00   532.84  -368.96   163.88
2013  03  16  02  49  00   569.49  -385.96   183.53
2013  03  16  02  50  00   556.78  -369.85   186.93
2013  03  16  02  51  00   513.18  -335.92   177.26
2013  03  16  02  52  00   460.96  -303.90   157.06
2013  03  16  02  53  00   419.81  -283.97   135.85
2013  03  16  02  54  00   414.52  -280.83   133.69
2013  03  16  02  55  00   476.60  -337.55   139.05
2013  03  16  02  56  00   524.41  -374.90   149.51
2013  03  16  02  57  00   527.54  -388.95   138.59
2013  03  16  02  58  00   491.31  -352.65   138.66
2013  03  16  02  59  00   498.16  -357.47   140.69
2013  03  16  03  00  00   513.50  -362.39   151.11
2013  03  16  03  01  00   563.25  -390.69   172.56
2013  03  16  03  02  00   567.61  -391.85   175.76
2013  03  16  03  03  00   608.10  -455.06   153.03
2013  03  16  03  04  00   609.88  -471.43   138.45
2013  03  16  03  05  00   576.88  -444.41   132.46
2013  03  16  03  06  00   542.86  -416.27   126.59
2013  03  16  03  07  00   538.23  -417.16   121.07
2013  03  16  03  08  00   550.26  -426.88   123.38
2013  03  16  03  09  00   530.06  -407.00   123.06
2013  03  16  03  10  00   493.61  -356.13   137.48
2013  03  16  03  11  00   483.02  -332.51   150.51
2013  03  16  03  12  00   497.54  -323.34   174.20
2013  03  16  03  13  00   534.00  -341.79   192.20
2013  03  16  03  14  00   532.56  -343.55   189.02
2013  03  16  03  15  00   499.64  -332.11   167.53
2013  03  16  03  16  00   512.57  -328.02   184.55
2013  03  16  03  17  00   523.56  -324.87   198.69
2013  03  16  03  18  00   507.63  -305.27   202.36
2013  03  16  03  19  00   495.45  -296.37   199.09
2013  03  16  03  20  00   491.44  -297.53   193.91
2013  03  16  03  21  00   495.51  -308.51   187.01
2013  03  16  03  22  00   494.97  -306.56   188.41
2013  03  16  03  23  00   502.76  -323.81   178.96
2013  03  16  03  24  00   516.08  -339.37   176.72
2013  03  16  03  25  00   507.89  -335.28   172.61
2013  03  16  03  26  00   489.50  -334.15   155.35
2013  03  16  03  27  00   502.61  -350.12   152.49
2013  03  16  03  28  00   498.50  -347.19   151.31
2013  03  16  03  29  00   511.97  -353.74   158.23
2013  03  16  03  30  00   495.35  -317.36   177.99
2013  03  16  03  31  00   469.52  -296.23   173.30
2013  03  16  03  32  00   437.88  -277.65   160.23
2013  03  16  03  33  00   396.89  -245.30   151.59
2013  03  16  03  34  00   367.38  -228.88   138.50
2013  03  16  03  35  00   339.58  -216.11   123.47
2013  03  16  03  36  00   325.81  -216.39   109.42
2013  03  16  03  37  00   321.99  -220.19   101.81
2013  03  16  03  38  00   325.29  -216.17   109.12
2013  03  16  03  39  00   342.86  -227.24   115.62
2013  03  16  03  40  00   352.48  -228.14   124.34
2013  03  16  03  41  00   366.11  -237.12   128.98
2013  03  16  03  42  00   376.23  -249.11   127.12
2013  03  16  03  43  00   389.43  -252.06   137.37
2013  03  16  03  44  00   387.81  -246.00   141.81
2013  03  16  03  45  00   373.60  -232.95   140.64
2013  03  16  03  46  00   361.61  -227.35   134.26
2013  03  16  03  47  00   333.75  -209.89   123.86
2013  03  16  03  48  00   352.58  -223.17   129.41
2013  03  16  03  49  00   373.92  -242.93   130.99
2013  03  16  03  50  00   348.95  -226.03   122.92
2013  03  16  03  51  00   333.41  -211.99   121.42
2013  03  16  03  52  00   369.47  -264.53   104.94
2013  03  16  03  53  00   312.68  -214.72    97.96
2013  03  16  03  54  00   341.75  -245.18    96.58
2013  03  16  03  55  00   469.66  -358.74   110.92
2013  03  16  03  56  00   511.02  -382.59   128.43
2013  03  16  03  57  00   495.41  -364.50   130.91
2013  03  16  03  58  00   588.41  -458.02   130.40
2013  03  16  03  59  00   587.94  -446.83   141.10
2013  03  16  04  00  00   577.18  -435.24   141.94
2013  03  16  04  01  00   524.37  -385.13   139.24
2013  03  16  04  02  00   514.98  -368.34   146.64
2013  03  16  04  03  00   545.15  -401.18   143.97
2013  03  16  04  04  00   528.35  -385.95   142.40
2013  03  16  04  05  00   547.89  -405.07   142.82
2013  03  16  04  06  00   566.46  -423.42   143.04
2013  03  16  04  07  00   590.96  -430.94   160.02
2013  03  16  04  08  00   598.47  -436.03   162.44
2013  03  16  04  09  00   499.86  -355.26   144.60
2013  03  16  04  10  00   463.08  -328.95   134.13
2013  03  16  04  11  00   487.66  -358.84   128.82
2013  03  16  04  12  00   498.54  -379.06   119.48
2013  03  16  04  13  00   508.40  -374.22   134.18
2013  03  16  04  14  00   544.77  -383.82   160.95
2013  03  16  04  15  00   563.06  -385.00   178.07
2013  03  16  04  16  00   583.97  -395.54   188.42
2013  03  16  04  17  00   650.78  -449.74   201.04
2013  03  16  04  18  00   682.64  -470.77   211.87
2013  03  16  04  19  00   719.88  -506.31   213.57
2013  03  16  04  20  00   717.07  -510.22   206.85
2013  03  16  04  21  00   666.86  -470.62   196.24
2013  03  16  04  22  00   664.91  -461.68   203.23
2013  03  16  04  23  00   650.06  -422.58   227.48
2013  03  16  04  24  00   650.82  -435.40   215.42
2013  03  16  04  25  00   622.18  -423.08   199.10
2013  03  16  04  26  00   602.54  -423.20   179.34
2013  03  16  04  27  00   617.72  -447.57   170.15
2013  03  16  04  28  00   646.60  -474.75   171.85
2013  03  16  04  29  00   649.50  -472.98   176.53
2013  03  16  04  30  00   642.72  -484.48   158.24
2013  03  16  04  31  00   642.50  -498.24   144.25
2013  03  16  04  32  00   639.33  -489.15   150.18
2013  03  16  04  33  00   660.55  -499.01   161.54
2013  03  16  04  34  00   664.87  -494.35   170.52
2013  03  16  04  35  00   675.84  -504.69   171.14
2013  03  16  04  36  00   710.40  -524.05   186.35
2013  03  16  04  37  00   720.32  -519.03   201.29
2013  03  16  04  38  00   718.77  -520.38   198.38
2013  03  16  04  39  00   714.04  -524.15   189.88
2013  03  16  04  40  00   712.20  -541.24   170.95
2013  03  16  04  41  00   700.22  -546.26   153.96
2013  03  16  04  42  00   713.00  -563.68   149.32
2013  03  16  04  43  00   751.51  -599.78   151.73
2013  03  16  04  44  00   753.10  -601.97   151.13
2013  03  16  04  45  00   750.66  -610.37   140.30
2013  03  16  04  46  00   816.89  -666.40   150.49
2013  03  16  04  47  00   813.05  -651.01   162.04
2013  03  16  04  48  00   849.41  -674.24   175.17
2013  03  16  04  49  00   867.72  -682.62   185.10
2013  03  16  04  50  00   848.82  -665.28   183.54
2013  03  16  04  51  00   807.79  -621.81   185.98
2013  03  16  04  52  00   770.90  -574.22   196.68
2013  03  16  04  53  00   738.52  -532.05   206.47
2013  03  16  04  54  00   747.18  -547.87   199.32
2013  03  16  04  55  00   800.56  -603.60   196.96
2013  03  16  04  56  00   797.63  -604.88   192.75
2013  03  16  04  57  00   786.89  -598.41   188.48
2013  03  16  04  58  00   760.88  -579.29   181.59
2013  03  16  04  59  00   772.04  -591.31   180.73
2013  03  16  05  00  00   762.02  -577.45   184.57
2013  03  16  05  01  00   734.39  -560.45   173.95
2013  03  16  05  02  00   688.63  -545.86   142.77
2013  03  16  05  03  00   715.70  -577.48   138.22
2013  03  16  05  04  00   703.28  -571.36   131.91
2013  03  16  05  05  00   664.99  -522.44   142.55
2013  03  16  05  06  00   616.48  -460.79   155.69
2013  03  16  05  07  00   557.22  -420.45   136.77
2013  03  16  05  08  00   574.38  -451.61   122.77
2013  03  16  05  09  00   571.16  -453.21   117.95
2013  03  16  05  10  00   533.21  -410.16   123.05
2013  03  16  05  11  00   524.42  -377.27   147.15
2013  03  16  05  12  00   547.76  -401.51   146.26
2013  03  16  05  13  00   569.98  -429.62   140.36
2013  03  16  05  14  00   570.21  -413.71   156.50
2013  03  16  05  15  00   526.16  -375.54   150.62
2013  03  16  05  16  00   546.33  -400.67   145.66
2013  03  16  05  17  00   550.51  -417.77   132.74
2013  03  16  05  18  00   573.55  -420.77   152.78
2013  03  16  05  19  00   571.08  -400.33   170.76
2013  03  16  05  20  00   567.73  -400.85   166.88
2013  03  16  05  21  00   553.87  -384.86   169.01
2013  03  16  05  22  00   553.46  -374.85   178.61
2013  03  16  05  23  00   575.82  -366.16   209.66
2013  03  16  05  24  00   577.46  -363.32   214.15
2013  03  16  05  25  00   578.25  -374.49   203.76
2013  03  16  05  26  00   617.22  -401.79   215.43
2013  03  16  05  27  00   663.54  -419.00   244.54
2013  03  16  05  28  00   664.02  -433.30   230.72
2013  03  16  05  29  00   664.30  -456.32   207.98
2013  03  16  05  30  00   646.72  -467.58   179.14
2013  03  16  05  31  00   677.40  -481.10   196.30
2013  03  16  05  32  00   693.52  -473.41   220.11
2013  03  16  05  33  00   679.29  -449.32   229.97
2013  03  16  05  34  00   667.03  -428.86   238.17
2013  03  16  05  35  00   669.27  -408.06   261.20
2013  03  16  05  36  00   654.06  -386.01   268.05
2013  03  16  05  37  00   634.48  -373.26   261.23
2013  03  16  05  38  00   630.70  -364.87   265.84
2013  03  16  05  39  00   632.82  -354.56   278.26
2013  03  16  05  40  00   632.05  -348.21   283.84
2013  03  16  05  41  00   612.03  -328.92   283.11
2013  03  16  05  42  00   596.23  -301.52   294.71
2013  03  16  05  43  00   591.36  -296.40   294.95
2013  03  16  05  44  00   590.39  -307.43   282.96
2013  03  16  05  45  00   591.23  -321.82   269.41
2013  03  16  05  46  00   559.31  -316.46   242.85
2013  03  16  05  47  00   565.91  -327.69   238.22
2013  03  16  05  48  00   552.55  -320.19   232.36
2013  03  16  05  49  00   568.18  -322.89   245.30
2013  03  16  05  50  00   581.03  -314.56   266.47
2013  03  16  05  51  00   538.55  -266.91   271.64
2013  03  16  05  52  00   534.30  -263.14   271.16
2013  03  16  05  53  00   539.50  -268.42   271.08
2013  03  16  05  54  00   538.61  -265.61   273.00
2013  03  16  05  55  00   516.65  -240.31   276.35
2013  03  16  05  56  00   498.84  -204.08   294.76
2013  03  16  05  57  00   502.26  -196.74   305.52
2013  03  16  05  58  00   514.43  -196.95   317.48
2013  03  16  05  59  00   512.06  -181.21   330.85
2013  03  16  06  00  00   486.01  -159.77   326.24
2013  03  16  06  01  00   470.87  -150.59   320.28
2013  03  16  06  02  00   448.25  -136.75   311.50
2013  03  16  06  03  00   420.52  -138.34   282.19
2013  03  16  06  04  00   421.15  -148.48   272.67
2013  03  16  06  05  00   417.91  -155.73   262.19
2013  03  16  06  06  00   411.11  -166.44   244.67
2013  03  16  06  07  00   416.07  -179.49   236.58
2013  03  16  06  08  00   426.65  -189.03   237.63
2013  03  16  06  09  00   427.32  -198.20   229.12
2013  03  16  06  10  00   414.21  -196.55   217.66
2013  03  16  06  11  00   387.61  -182.74   204.87
2013  03  16  06  12  00   341.74  -153.10   188.64
2013  03  16  06  13  00   306.48  -120.26   186.21
2013  03  16  06  14  00   298.64  -115.62   183.02
2013  03  16  06  15  00   296.09  -108.88   187.22
2013  03  16  06  16  00   292.85  -110.69   182.16
2013  03  16  06  17  00   283.52  -111.10   172.42
2013  03  16  06  18  00   270.95   -97.43   173.53
2013  03  16  06  19  00   276.39   -91.45   184.94
2013  03  16  06  20  00   299.39   -92.40   206.99
2013  03  16  06  21  00   296.99   -91.04   205.96
2013  03  16  06  22  00   290.41   -86.53   203.88
2013  03  16  06  23  00   286.98   -86.84   200.14
2013  03  16  06  24  00   285.50   -93.01   192.49
2013  03  16  06  25  00   285.15   -96.57   188.58
2013  03  16  06  26  00   277.74  -101.59   176.15
2013  03  16  06  27  00   268.79   -97.34   171.45
2013  03  16  06  28  00   279.39  -107.17   172.22
2013  03  16  06  29  00   256.56   -89.40   167.16
2013  03  16  06  30  00   277.56  -108.39   169.17
2013  03  16  06  31  00   332.57  -143.10   189.47
2013  03  16  06  32  00   359.31  -152.62   206.68
2013  03  16  06  33  00   361.77  -147.28   214.48
2013  03  16  06  34  00   309.28  -125.76   183.52
2013  03  16  06  35  00   256.47   -96.21   160.26
2013  03  16  06  36  00   231.78   -81.43   150.35
2013  03  16  06  37  00   219.14   -77.80   141.34
2013  03  16  06  38  00   204.31   -68.51   135.80
2013  03  16  06  39  00   193.53   -66.61   126.93
2013  03  16  06  40  00   190.64   -64.32   126.33
2013  03  16  06  41  00   193.34   -69.47   123.87
2013  03  16  06  42  00   169.93   -61.85   108.08
2013  03  16  06  43  00   185.55   -69.28   116.28
2013  03  16  06  44  00   246.49   -83.09   163.40
2013  03  16  06  45  00   283.36  -101.83   181.53
2013  03  16  06  46  00   286.37  -109.62   176.75
2013  03  16  06  47  00   284.35  -121.50   162.84
2013  03  16  06  48  00   273.34  -138.33   135.01
2013  03  16  06  49  00   252.79  -141.06   111.73
2013  03  16  06  50  00   233.02  -117.03   115.99
2013  03  16  06  51  00   257.60  -120.54   137.06
2013  03  16  06  52  00   257.77  -128.63   129.14
2013  03  16  06  53  00   248.68  -124.40   124.28
2013  03  16  06  54  00   242.78  -123.88   118.91
2013  03  16  06  55  00   244.72  -130.32   114.40
2013  03  16  06  56  00   265.75  -147.57   118.18
2013  03  16  06  57  00   285.10  -160.66   124.44
2013  03  16  06  58  00   292.04  -162.51   129.53
2013  03  16  06  59  00   266.59  -150.65   115.94
2013  03  16  07  00  00   293.59  -177.87   115.72
2013  03  16  07  01  00   292.33  -185.11   107.22
2013  03  16  07  02  00   292.15  -186.14   106.02
2013  03  16  07  03  00   327.29  -220.03   107.26
2013  03  16  07  04  00   346.31  -238.41   107.91
2013  03  16  07  05  00   347.38  -232.56   114.81
2013  03  16  07  06  00   343.62  -218.31   125.30
2013  03  16  07  07  00   322.38  -194.51   127.87
2013  03  16  07  08  00   315.92  -186.40   129.52
2013  03  16  07  09  00   313.57  -182.72   130.85
2013  03  16  07  10  00   312.66  -171.27   141.39
2013  03  16  07  11  00   306.64  -166.47   140.17
2013  03  16  07  12  00   306.00  -170.49   135.51
2013  03  16  07  13  00   294.96  -156.83   138.13
2013  03  16  07  14  00   292.88  -153.10   139.78
2013  03  16  07  15  00   280.64  -140.73   139.91
2013  03  16  07  16  00   260.51  -124.33   136.18
2013  03  16  07  17  00   340.19  -210.85   129.34
2013  03  16  07  18  00   419.74  -289.51   130.23
2013  03  16  07  19  00   502.12  -368.81   133.31
2013  03  16  07  20  00   568.60  -438.31   130.29
2013  03  16  07  21  00   468.08  -321.69   146.39
2013  03  16  07  22  00   499.25  -357.69   141.56
2013  03  16  07  23  00   520.65  -394.68   125.97
2013  03  16  07  24  00   506.00  -384.86   121.14
2013  03  16  07  25  00   449.93  -313.50   136.44
2013  03  16  07  26  00   446.17  -288.70   157.47
2013  03  16  07  27  00   432.60  -285.62   146.98
2013  03  16  07  28  00   431.27  -290.83   140.44
2013  03  16  07  29  00   413.43  -270.18   143.25
2013  03  16  07  30  00   411.79  -273.24   138.56
2013  03  16  07  31  00   409.65  -280.21   129.44
2013  03  16  07  32  00   384.36  -269.72   114.64
2013  03  16  07  33  00   388.88  -278.10   110.78
2013  03  16  07  34  00   391.24  -286.26   104.98
2013  03  16  07  35  00   402.15  -287.32   114.84
2013  03  16  07  36  00   385.06  -273.31   111.75
2013  03  16  07  37  00   385.97  -300.72    85.26
2013  03  16  07  38  00   409.69  -321.59    88.10
2013  03  16  07  39  00   485.79  -384.73   101.06
2013  03  16  07  40  00   492.30  -377.30   115.01
2013  03  16  07  41  00   528.50  -406.53   121.97
2013  03  16  07  42  00   646.52  -500.56   145.96
2013  03  16  07  43  00   649.30  -482.30   167.00
2013  03  16  07  44  00   554.78  -376.76   178.02
2013  03  16  07  45  00   516.07  -341.00   175.07
2013  03  16  07  46  00   504.41  -357.29   147.11
2013  03  16  07  47  00   498.49  -370.37   128.11
2013  03  16  07  48  00   513.43  -375.96   137.47
2013  03  16  07  49  00   535.60  -396.56   139.04
2013  03  16  07  50  00   549.73  -411.60   138.13
2013  03  16  07  51  00   564.96  -429.58   135.38
2013  03  16  07  52  00   563.50  -434.71   128.79
2013  03  16  07  53  00   593.12  -459.32   133.80
2013  03  16  07  54  00   601.82  -471.23   130.59
2013  03  16  07  55  00   605.60  -484.65   120.95
2013  03  16  07  56  00   610.49  -487.16   123.33
2013  03  16  07  57  00   600.76  -475.12   125.64
2013  03  16  07  58  00   611.99  -484.32   127.68
2013  03  16  07  59  00   599.86  -475.41   124.44
2013  03  16  08  00  00   572.33  -455.28   117.04
2013  03  16  08  01  00   581.04  -457.71   123.33
2013  03  16  08  02  00   574.66  -451.54   123.12
2013  03  16  08  03  00   569.59  -454.77   114.82
2013  03  16  08  04  00   542.41  -439.08   103.33
2013  03  16  08  05  00   523.03  -427.55    95.48
2013  03  16  08  06  00   517.47  -424.15    93.32
2013  03  16  08  07  00   513.22  -420.23    92.99
2013  03  16  08  08  00   510.04  -421.54    88.50
2013  03  16  08  09  00   518.88  -427.02    91.86
2013  03  16  08  10  00   511.24  -410.39   100.85
2013  03  16  08  11  00   517.24  -404.01   113.23
2013  03  16  08  12  00   476.81  -365.21   111.61
2013  03  16  08  13  00   473.87  -370.18   103.69
2013  03  16  08  14  00   698.27  -596.74   101.53
2013  03  16  08  15  00   643.54  -538.92   104.62
2013  03  16  08  16  00   698.89  -528.40   170.48
2013  03  16  08  17  00   687.15  -501.76   185.39
2013  03  16  08  18  00   676.58  -543.79   132.79
2013  03  16  08  19  00   619.51  -490.96   128.55
2013  03  16  08  20  00   648.31  -534.54   113.77
2013  03  16  08  21  00   614.24  -502.05   112.19
2013  03  16  08  22  00   563.08  -453.45   109.63
2013  03  16  08  23  00   540.43  -418.82   121.62
2013  03  16  08  24  00   700.56  -548.29   152.27
2013  03  16  08  25  00   688.30  -535.48   152.82
2013  03  16  08  26  00   667.00  -525.10   141.90
2013  03  16  08  27  00   543.45  -407.22   136.23
2013  03  16  08  28  00   516.42  -375.17   141.25
2013  03  16  08  29  00   500.89  -355.76   145.13
2013  03  16  08  30  00   483.85  -348.84   135.01
2013  03  16  08  31  00   503.45  -362.08   141.37
2013  03  16  08  32  00   520.00  -381.77   138.23
2013  03  16  08  33  00   477.72  -349.05   128.67
2013  03  16  08  34  00   474.82  -346.71   128.11
2013  03  16  08  35  00   488.87  -344.55   144.32
2013  03  16  08  36  00   476.69  -342.88   133.80
2013  03  16  08  37  00   518.04  -386.20   131.85
2013  03  16  08  38  00   520.49  -389.78   130.71
2013  03  16  08  39  00   568.92  -440.82   128.10
2013  03  16  08  40  00   572.28  -454.39   117.89
2013  03  16  08  41  00   577.31  -463.62   113.69
2013  03  16  08  42  00   555.24  -448.48   106.76
2013  03  16  08  43  00   519.15  -426.59    92.56
2013  03  16  08  44  00   520.27  -427.72    92.55
2013  03  16  08  45  00   534.46  -434.99    99.48
2013  03  16  08  46  00   540.18  -444.78    95.40
2013  03  16  08  47  00   555.53  -457.19    98.34
2013  03  16  08  48  00   596.62  -480.40   116.22
2013  03  16  08  49  00   561.18  -445.05   116.13
2013  03  16  08  50  00   533.63  -414.56   119.07
2013  03  16  08  51  00   539.32  -411.31   128.01
2013  03  16  08  52  00   540.33  -407.37   132.96
2013  03  16  08  53  00   564.92  -431.01   133.91
2013  03  16  08  54  00   587.47  -455.60   131.86
2013  03  16  08  55  00   577.10  -448.31   128.79
2013  03  16  08  56  00   539.65  -412.93   126.72
2013  03  16  08  57  00   541.81  -413.15   128.66
2013  03  16  08  58  00   533.58  -405.99   127.59
2013  03  16  08  59  00   521.19  -398.66   122.53
2013  03  16  09  00  00   508.62  -393.27   115.34
2013  03  16  09  01  00   499.28  -375.98   123.30
2013  03  16  09  02  00   483.76  -355.51   128.24
2013  03  16  09  03  00   476.92  -352.73   124.19
2013  03  16  09  04  00   443.18  -325.05   118.13
2013  03  16  09  05  00   430.87  -314.25   116.62
2013  03  16  09  06  00   409.53  -299.43   110.10
2013  03  16  09  07  00   413.77  -303.24   110.53
2013  03  16  09  08  00   425.10  -307.92   117.18
2013  03  16  09  09  00   436.11  -312.13   123.98
2013  03  16  09  10  00   449.95  -318.00   131.95
2013  03  16  09  11  00   444.06  -324.25   119.81
2013  03  16  09  12  00   426.78  -315.82   110.96
2013  03  16  09  13  00   430.09  -310.17   119.92
2013  03  16  09  14  00   437.95  -312.94   125.01
2013  03  16  09  15  00   450.89  -321.33   129.56
2013  03  16  09  16  00   453.78  -321.32   132.46
2013  03  16  09  17  00   466.08  -328.71   137.38
2013  03  16  09  18  00   478.28  -338.01   140.27
2013  03  16  09  19  00   491.73  -346.54   145.19
2013  03  16  09  20  00   510.41  -362.28   148.13
2013  03  16  09  21  00   531.47  -377.41   154.06
2013  03  16  09  22  00   549.74  -390.75   158.99
2013  03  16  09  23  00   546.69  -386.79   159.90
2013  03  16  09  24  00   547.34  -391.53   155.81
2013  03  16  09  25  00   566.77  -410.03   156.73
2013  03  16  09  26  00   582.17  -423.49   158.69
2013  03  16  09  27  00   594.11  -439.49   154.62
2013  03  16  09  28  00   591.53  -447.98   143.55
2013  03  16  09  29  00   603.76  -450.38   153.38
2013  03  16  09  30  00   607.17  -451.79   155.38
2013  03  16  09  31  00   619.56  -458.17   161.39
2013  03  16  09  32  00   616.07  -457.67   158.40
2013  03  16  09  33  00   611.80  -454.39   157.41
2013  03  16  09  34  00   606.63  -448.22   158.42
2013  03  16  09  35  00   591.99  -434.57   157.42
2013  03  16  09  36  00   568.87  -420.45   148.42
2013  03  16  09  37  00   540.25  -406.82   133.42
2013  03  16  09  38  00   531.33  -389.76   141.57
2013  03  16  09  39  00   521.35  -375.62   145.73
2013  03  16  09  40  00   491.78  -364.08   127.70
2013  03  16  09  41  00   484.59  -365.07   119.52
2013  03  16  09  42  00   477.12  -365.87   111.25
2013  03  16  09  43  00   463.87  -354.34   109.53
2013  03  16  09  44  00   457.15  -344.60   112.55
2013  03  16  09  45  00   531.94  -408.79   123.15
2013  03  16  09  46  00   471.81  -330.69   141.11
2013  03  16  09  47  00   478.82  -335.74   143.08
2013  03  16  09  48  00   472.95  -328.89   144.06
2013  03  16  09  49  00   474.40  -329.38   145.02
2013  03  16  09  50  00   471.52  -334.52   137.00
2013  03  16  09  51  00   493.70  -350.81   142.90
2013  03  16  09  52  00   506.06  -356.24   149.82
2013  03  16  09  53  00   507.84  -357.11   150.73
2013  03  16  09  54  00   498.93  -343.26   155.66
2013  03  16  09  55  00   495.28  -336.30   158.97
2013  03  16  09  56  00   487.10  -321.16   165.95
2013  03  16  09  57  00   470.28  -301.33   168.95
2013  03  16  09  58  00   490.21  -318.27   171.93
2013  03  16  09  59  00   479.06  -316.14   162.92
2013  03  16  10  00  00   433.54  -271.62   161.92
2013  03  16  10  01  00   420.51  -263.59   156.92
2013  03  16  10  02  00   424.49  -264.59   159.90
2013  03  16  10  03  00   427.24  -268.33   158.91
2013  03  16  10  04  00   407.47  -250.58   156.89
2013  03  16  10  05  00   404.85  -250.00   154.85
2013  03  16  10  06  00   388.96  -250.00   138.95
2013  03  16  10  07  00   376.38  -241.41   134.97
2013  03  16  10  08  00   357.31  -229.30   128.01
2013  03  16  10  09  00   365.46  -235.88   129.57
2013  03  16  10  10  00   361.09  -231.06   130.03
2013  03  16  10  11  00   348.39  -219.34   129.05
2013  03  16  10  12  00   315.00  -189.91   125.09
2013  03  16  10  13  00   298.87  -175.74   123.13
2013  03  16  10  14  00   298.09  -173.94   124.15
2013  03  16  10  15  00   297.72  -169.56   128.16
2013  03  16  10  16  00   291.59  -167.45   124.14
2013  03  16  10  17  00   286.72  -173.58   113.14
2013  03  16  10  18  00   277.09  -178.94    98.15
2013  03  16  10  19  00   272.02  -181.83    90.19
2013  03  16  10  20  00   272.33  -179.09    93.24
2013  03  16  10  21  00   273.97  -169.70   104.27
2013  03  16  10  22  00   270.26  -164.99   105.27
2013  03  16  10  23  00   255.78  -165.49    90.28
2013  03  16  10  24  00   247.42  -165.67    81.75
2013  03  16  10  25  00   246.89  -161.74    85.15
2013  03  16  10  26  00   235.05  -155.80    79.25
2013  03  16  10  27  00   228.07  -154.53    73.55
2013  03  16  10  28  00   232.15  -157.37    74.78
2013  03  16  10  29  00   236.04  -155.45    80.59
2013  03  16  10  30  00   236.37  -155.42    80.95
2013  03  16  10  31  00   234.19  -157.03    77.16
2013  03  16  10  32  00   224.99  -153.01    71.99
2013  03  16  10  33  00   225.54  -146.50    79.04
2013  03  16  10  34  00   223.88  -144.13    79.75
2013  03  16  10  35  00   232.27  -143.66    88.61
2013  03  16  10  36  00   241.78  -143.68    98.10
2013  03  16  10  37  00   244.61  -146.27    98.34
2013  03  16  10  38  00   244.17  -149.41    94.76
2013  03  16  10  39  00   246.87  -149.89    96.98
2013  03  16  10  40  00   255.59  -149.75   105.84
2013  03  16  10  41  00   261.84  -153.88   107.97
2013  03  16  10  42  00   254.08  -152.62   101.45
2013  03  16  10  43  00   243.14  -150.61    92.54
2013  03  16  10  44  00   243.44  -151.01    92.43
2013  03  16  10  45  00   243.07  -140.74   102.33
2013  03  16  10  46  00   269.48  -165.23   104.25
2013  03  16  10  47  00   270.34  -170.17   100.17
2013  03  16  10  48  00   268.77  -163.71   105.06
2013  03  16  10  49  00   266.26  -150.31   115.95
2013  03  16  10  50  00   279.24  -159.35   119.89
2013  03  16  10  51  00   300.77  -171.97   128.80
2013  03  16  10  52  00   306.18  -168.49   137.69
2013  03  16  10  53  00   319.59  -176.02   143.57
2013  03  16  10  54  00   340.47  -197.01   143.46
2013  03  16  10  55  00   343.69  -202.35   141.34
2013  03  16  10  56  00   327.78  -194.54   133.24
2013  03  16  10  57  00   332.40  -197.26   135.14
2013  03  16  10  58  00   329.50  -182.45   147.05
2013  03  16  10  59  00   320.57  -165.58   154.99
2013  03  16  11  00  00   314.44  -158.58   155.87
2013  03  16  11  01  00   316.53  -166.79   149.74
2013  03  16  11  02  00   310.14  -169.47   140.67
2013  03  16  11  03  00   293.18  -152.58   140.60
2013  03  16  11  04  00   300.30  -157.82   142.49
2013  03  16  11  05  00   290.28  -153.84   136.44
2013  03  16  11  06  00   281.24  -148.84   132.41
2013  03  16  11  07  00   268.73  -146.38   122.35
2013  03  16  11  08  00   242.22  -138.95   103.27
2013  03  16  11  09  00   224.90  -133.93    90.97
2013  03  16  11  10  00   234.09  -147.12    86.97
2013  03  16  11  11  00   276.28  -179.05    97.22
2013  03  16  11  12  00   288.72  -186.53   102.19
2013  03  16  11  13  00   264.58  -164.50   100.09
2013  03  16  11  14  00   207.53  -117.60    89.93
2013  03  16  11  15  00   191.07  -115.12    75.95
2013  03  16  11  16  00   170.06   -97.10    72.96
2013  03  16  11  17  00   168.61   -99.65    68.96
2013  03  16  11  18  00   150.86   -85.91    64.95
2013  03  16  11  19  00   154.77   -87.29    67.48
2013  03  16  11  20  00   191.56  -125.15    66.41
2013  03  16  11  21  00   197.08  -133.74    63.34
2013  03  16  11  22  00   189.94  -126.65    63.29
2013  03  16  11  23  00   183.65  -115.69    67.97
2013  03  16  11  24  00   183.86  -107.89    75.97
2013  03  16  11  25  00   191.07  -108.10    82.97
2013  03  16  11  26  00   167.95   -78.98    88.97
2013  03  16  11  27  00   189.49   -92.52    96.97
2013  03  16  11  28  00   190.72   -86.76   103.97
2013  03  16  11  29  00   210.24  -107.28   102.96
2013  03  16  11  30  00   200.48  -101.53    98.95
2013  03  16  11  31  00   192.74   -99.79    92.94
2013  03  16  11  32  00   180.05   -92.13    87.93
2013  03  16  11  33  00   179.84  -101.92    77.92
2013  03  16  11  34  00   184.56  -110.65    73.91
2013  03  16  11  35  00   202.28  -133.38    68.91
2013  03  16  11  36  00   230.07  -162.16    67.91
2013  03  16  11  37  00   250.91  -170.00    80.91
2013  03  16  11  38  00   262.17  -182.27    79.90
2013  03  16  11  39  00   266.86  -190.98    75.88
2013  03  16  11  40  00   257.25  -182.38    74.88
2013  03  16  11  41  00   257.36  -185.48    71.88
2013  03  16  11  42  00   250.96  -186.08    64.88
2013  03  16  11  43  00   236.66  -181.80    54.86
2013  03  16  11  44  00   217.86  -168.02    49.84
2013  03  16  11  45  00   199.58  -152.75    46.83
2013  03  16  11  46  00   194.57  -149.71    44.86
2013  03  16  11  47  00   183.91  -139.07    44.85
2013  03  16  11  48  00   167.21  -125.46    41.75
2013  03  16  11  49  00   148.15  -108.73    39.42
2013  03  16  11  50  00   136.66   -92.43    44.23
2013  03  16  11  51  00   128.93   -83.59    45.35
2013  03  16  11  52  00   114.29   -73.08    41.21
2013  03  16  11  53  00   113.44   -68.94    44.50
2013  03  16  11  54  00   111.66   -65.53    46.13
2013  03  16  11  55  00   109.35   -59.53    49.82
2013  03  16  11  56  00   105.63   -56.46    49.17
2013  03  16  11  57  00   102.71   -55.85    46.86
2013  03  16  11  58  00   102.81   -55.74    47.08
2013  03  16  11  59  00   103.83   -56.03    47.80
2013  03  16  12  00  00   104.21   -56.78    47.43
2013  03  16  12  01  00   101.03   -53.23    47.80
2013  03  16  12  02  00   105.02   -56.95    48.07
2013  03  16  12  03  00   135.36   -87.87    47.49
2013  03  16  12  04  00   155.34  -108.16    47.18
2013  03  16  12  05  00   167.77  -113.31    54.46
2013  03  16  12  06  00   185.16  -122.15    63.01
2013  03  16  12  07  00   198.49  -130.00    68.49
2013  03  16  12  08  00   220.98  -142.25    78.73
2013  03  16  12  09  00   252.98  -170.18    82.80
2013  03  16  12  10  00   249.86  -168.39    81.46
2013  03  16  12  11  00   246.68  -172.81    73.87
2013  03  16  12  12  00   234.37  -169.87    64.50
2013  03  16  12  13  00   246.51  -172.59    73.92
2013  03  16  12  14  00   255.59  -168.74    86.86
2013  03  16  12  15  00   240.94  -155.15    85.79
2013  03  16  12  16  00   218.81  -146.11    72.71
2013  03  16  12  17  00   203.38  -143.53    59.85
2013  03  16  12  18  00   191.43  -138.69    52.73
2013  03  16  12  19  00   178.95  -125.14    53.81
2013  03  16  12  20  00   171.65  -119.61    52.04
2013  03  16  12  21  00   157.78  -109.97    47.80
2013  03  16  12  22  00   132.77   -90.97    41.80
2013  03  16  12  23  00   122.36   -85.23    37.13
2013  03  16  12  24  00   117.40   -78.64    38.76
2013  03  16  12  25  00   122.44   -88.90    33.54
2013  03  16  12  26  00   123.37   -84.75    38.62
2013  03  16  12  27  00   107.27   -72.14    35.13
2013  03  16  12  28  00    99.85   -67.67    32.18
2013  03  16  12  29  00    94.06   -61.11    32.95
2013  03  16  12  30  00    91.47   -57.81    33.66
2013  03  16  12  31  00    96.33   -62.10    34.22
2013  03  16  12  32  00    99.17   -64.84    34.33
2013  03  16  12  33  00    93.67   -59.98    33.69
2013  03  16  12  34  00    91.89   -58.66    33.23
2013  03  16  12  35  00    97.73   -60.55    37.18
2013  03  16  12  36  00   115.77   -81.68    34.10
2013  03  16  12  37  00   118.28   -86.47    31.80
2013  03  16  12  38  00   116.76   -84.91    31.84
2013  03  16  12  39  00   117.16   -85.30    31.86
2013  03  16  12  40  00   120.60   -88.53    32.07
2013  03  16  12  41  00   129.59   -97.79    31.80
2013  03  16  12  42  00   138.47  -104.42    34.05
2013  03  16  12  43  00   132.15  -101.11    31.03
2013  03  16  12  44  00   132.17  -100.45    31.72
2013  03  16  12  45  00   131.01   -99.08    31.93
2013  03  16  12  46  00   129.95   -97.57    32.39
2013  03  16  12  47  00   129.36   -96.39    32.97
2013  03  16  12  48  00   131.71   -98.39    33.33
2013  03  16  12  49  00   136.67  -102.56    34.11
2013  03  16  12  50  00   142.34  -106.29    36.06
2013  03  16  12  51  00   150.74  -111.76    38.98
2013  03  16  12  52  00   158.44  -111.45    46.99
2013  03  16  12  53  00   161.34  -113.33    48.01
2013  03  16  12  54  00   165.99  -114.96    51.03
2013  03  16  12  55  00   170.37  -117.33    53.04
2013  03  16  12  56  00   166.61  -115.56    51.06
2013  03  16  12  57  00   158.48  -113.40    45.09
2013  03  16  12  58  00   158.26  -111.14    47.12
2013  03  16  12  59  00   157.35  -111.20    46.15
2013  03  16  13  00  00   156.84  -111.65    45.18
2013  03  16  13  01  00   162.46  -116.25    46.22
2013  03  16  13  02  00   161.92  -113.67    48.25
2013  03  16  13  03  00   162.55  -114.11    48.44
2013  03  16  13  04  00   164.92  -115.53    49.39
2013  03  16  13  05  00   170.70  -120.35    50.35
2013  03  16  13  06  00   171.30  -118.99    52.31
2013  03  16  13  07  00   170.43  -117.17    53.26
2013  03  16  13  08  00   169.86  -116.65    53.21
2013  03  16  13  09  00   170.17  -115.01    55.16
2013  03  16  13  10  00   169.72  -111.61    58.12
2013  03  16  13  11  00   168.86  -106.79    62.07
2013  03  16  13  12  00   170.96  -104.94    66.02
2013  03  16  13  13  00   167.67  -102.71    64.96
2013  03  16  13  14  00   170.80  -105.88    64.91
2013  03  16  13  15  00   164.81  -100.93    63.88
2013  03  16  13  16  00   162.45   -99.60    62.85
2013  03  16  13  17  00   157.81   -97.00    60.81
2013  03  16  13  18  00   153.72   -91.94    61.78
2013  03  16  13  19  00   145.44   -80.70    64.74
2013  03  16  13  20  00   145.44   -78.76    66.69
2013  03  16  13  21  00   138.01   -77.37    60.64
2013  03  16  13  22  00   131.82   -79.24    52.59
2013  03  16  13  23  00   120.60   -76.08    44.53
2013  03  16  13  24  00   106.36   -69.89    36.48
2013  03  16  13  25  00    94.65   -63.07    31.58
2013  03  16  13  26  00    91.67   -59.93    31.74
2013  03  16  13  27  00    93.11   -61.53    31.59
2013  03  16  13  28  00    93.28   -62.02    31.27
2013  03  16  13  29  00    86.45   -55.61    30.84
2013  03  16  13  30  00    74.55   -43.81    30.75
2013  03  16  13  31  00    88.80   -58.03    30.76
2013  03  16  13  32  00   105.58   -71.45    34.13
2013  03  16  13  33  00    93.51   -57.41    36.09
2013  03  16  13  34  00    81.45   -47.41    34.05
2013  03  16  13  35  00    84.43   -51.47    32.96
2013  03  16  13  36  00    84.45   -48.59    35.86
2013  03  16  13  37  00    79.68   -40.50    39.18
2013  03  16  13  38  00    76.79   -35.58    41.21
2013  03  16  13  39  00    73.60   -30.80    42.81
2013  03  16  13  40  00    71.09   -27.32    43.76
2013  03  16  13  41  00    71.24   -28.07    43.17
2013  03  16  13  42  00    71.96   -28.86    43.10
2013  03  16  13  43  00    71.96   -28.88    43.07
2013  03  16  13  44  00    75.83   -28.77    47.05
2013  03  16  13  45  00    78.10   -28.72    49.38
2013  03  16  13  46  00    78.56   -28.93    49.63
2013  03  16  13  47  00    88.09   -36.32    51.77
2013  03  16  13  48  00    88.00   -38.79    49.21
2013  03  16  13  49  00   108.38   -41.26    67.12
2013  03  16  13  50  00   134.35   -49.26    85.09
2013  03  16  13  51  00   148.04   -64.26    83.78
2013  03  16  13  52  00   144.71   -70.26    74.45
2013  03  16  13  53  00   139.16   -82.25    56.91
2013  03  16  13  54  00   146.04   -87.24    58.80
2013  03  16  13  55  00   150.79   -90.23    60.56
2013  03  16  13  56  00   165.68  -108.62    57.06
2013  03  16  13  57  00   178.03  -120.62    57.41
2013  03  16  13  58  00   195.67  -134.61    61.06
2013  03  16  13  59  00   198.13  -136.58    61.55
2013  03  16  14  00  00   200.55  -138.55    62.00
2013  03  16  14  01  00   202.10  -137.50    64.60
2013  03  16  14  02  00   198.48  -128.44    70.04
2013  03  16  14  03  00   187.47  -117.38    70.08
2013  03  16  14  04  00   181.07  -111.31    69.75
2013  03  16  14  05  00   158.25   -87.24    71.01
2013  03  16  14  06  00   160.80   -93.12    67.69
2013  03  16  14  07  00   165.21   -94.11    71.10
2013  03  16  14  08  00   180.97  -108.10    72.87
2013  03  16  14  09  00   185.66  -113.11    72.54
2013  03  16  14  10  00   182.79  -110.11    72.68
2013  03  16  14  11  00   177.12  -108.12    69.00
2013  03  16  14  12  00   177.49  -107.13    70.37
2013  03  16  14  13  00   186.53  -105.13    81.41
2013  03  16  14  14  00   197.01  -110.13    86.88
2013  03  16  14  15  00   193.57  -108.13    85.44
2013  03  16  14  16  00   193.25  -111.15    82.10
2013  03  16  14  17  00   193.81  -113.15    80.66
2013  03  16  14  18  00   192.78  -114.16    78.62
2013  03  16  14  19  00   188.48  -111.17    77.30
2013  03  16  14  20  00   180.04  -103.18    76.87
2013  03  16  14  21  00   174.92   -97.18    77.74
2013  03  16  14  22  00   172.33   -92.46    79.87
2013  03  16  14  23  00   169.64   -90.26    79.38
2013  03  16  14  24  00   171.92   -90.69    81.23
2013  03  16  14  25  00   172.82   -89.41    83.41
2013  03  16  14  26  00   188.35   -88.78    99.57
2013  03  16  14  27  00   192.67   -85.15   107.52
2013  03  16  14  28  00   188.75   -86.29   102.47
2013  03  16  14  29  00   184.64   -84.27   100.37
2013  03  16  14  30  00   168.46   -78.37    90.09
2013  03  16  14  31  00   221.78  -128.98    92.80
2013  03  16  14  32  00   229.00  -128.99   100.02
2013  03  16  14  33  00   259.59  -151.96   107.63
2013  03  16  14  34  00   306.19  -204.90   101.29
2013  03  16  14  35  00   292.28  -197.89    94.39
2013  03  16  14  36  00   280.05  -194.88    85.17
2013  03  16  14  37  00   276.30  -188.82    87.47
2013  03  16  14  38  00   250.65  -187.76    62.89
2013  03  16  14  39  00   265.12  -207.72    57.39
2013  03  16  14  40  00   321.78  -223.67    98.12
2013  03  16  14  41  00   315.58  -230.61    84.97
2013  03  16  14  42  00   285.95  -226.56    59.40
2013  03  16  14  43  00   276.52  -213.50    63.03
2013  03  16  14  44  00   271.16  -206.45    64.72
2013  03  16  14  45  00   267.92  -200.40    67.53
2013  03  16  14  46  00   255.29  -185.33    69.96
2013  03  16  14  47  00   239.85  -172.29    67.56
2013  03  16  14  48  00   235.37  -165.24    70.13
2013  03  16  14  49  00   238.02  -164.18    73.84
2013  03  16  14  50  00   234.82  -159.12    75.69
2013  03  16  14  51  00   236.31  -156.07    80.25
2013  03  16  14  52  00   229.30  -148.02    81.28
2013  03  16  14  53  00   229.22  -139.97    89.26
2013  03  16  14  54  00   225.34  -135.92    89.42
2013  03  16  14  55  00   204.02  -124.86    79.16
2013  03  16  14  56  00   193.06  -116.82    76.24
2013  03  16  14  57  00   185.36  -110.79    74.57
2013  03  16  14  58  00   176.07  -103.13    72.94
2013  03  16  14  59  00   179.70  -107.60    72.10
2013  03  16  15  00  00   184.80  -113.45    71.35
2013  03  16  15  01  00   189.01  -117.34    71.67
2013  03  16  15  02  00   186.20  -115.27    70.93
2013  03  16  15  03  00   195.04  -128.75    66.30
2013  03  16  15  04  00   211.74  -145.40    66.34
2013  03  16  15  05  00   221.43  -151.96    69.47
2013  03  16  15  06  00   220.55  -150.95    69.60
2013  03  16  15  07  00   215.33  -145.58    69.75
2013  03  16  15  08  00   214.79  -145.54    69.25
2013  03  16  15  09  00   215.56  -146.41    69.15
2013  03  16  15  10  00   232.98  -154.00    78.98
2013  03  16  15  11  00   249.03  -159.02    90.01
2013  03  16  15  12  00   240.43  -156.40    84.03
2013  03  16  15  13  00   232.64  -149.63    83.02
2013  03  16  15  14  00   231.29  -145.36    85.92
2013  03  16  15  15  00   222.68  -146.01    76.67
2013  03  16  15  16  00   222.59  -141.92    80.68
2013  03  16  15  17  00   222.17  -144.15    78.01
2013  03  16  15  18  00   227.21  -151.87    75.34
2013  03  16  15  19  00   231.25  -156.95    74.30
2013  03  16  15  20  00   235.34  -158.82    76.52
2013  03  16  15  21  00   234.50  -156.76    77.74
2013  03  16  15  22  00   227.18  -149.88    77.31
2013  03  16  15  23  00   223.71  -146.21    77.50
2013  03  16  15  24  00   213.58  -136.74    76.84
2013  03  16  15  25  00   205.45  -128.78    76.66
2013  03  16  15  26  00   204.15  -124.81    79.34
2013  03  16  15  27  00   205.56  -122.15    83.40
2013  03  16  15  28  00   213.32  -119.66    93.66
2013  03  16  15  29  00   216.35  -115.82   100.54
2013  03  16  15  30  00   218.20  -107.12   111.08
2013  03  16  15  31  00   218.29  -103.66   114.63
2013  03  16  15  32  00   233.51  -116.58   116.93
2013  03  16  15  33  00   256.38  -136.28   120.09
2013  03  16  15  34  00   259.52  -140.04   119.49
2013  03  16  15  35  00   259.25  -139.46   119.78
2013  03  16  15  36  00   255.59  -136.67   118.92
2013  03  16  15  37  00   253.51  -134.30   119.21
2013  03  16  15  38  00   257.72  -135.29   122.44
2013  03  16  15  39  00   249.64  -130.41   119.23
2013  03  16  15  40  00   237.84  -120.30   117.55
2013  03  16  15  41  00   232.61  -115.82   116.78
2013  03  16  15  42  00   234.23  -111.36   122.87
2013  03  16  15  43  00   241.16  -115.96   125.21
2013  03  16  15  44  00   260.85  -122.52   138.33
2013  03  16  15  45  00   274.38  -127.67   146.71
2013  03  16  15  46  00   272.97  -128.83   144.14
2013  03  16  15  47  00   275.84  -132.10   143.75
2013  03  16  15  48  00   260.17  -123.65   136.52
2013  03  16  15  49  00   252.14  -115.49   136.65
2013  03  16  15  50  00   257.70  -114.11   143.59
2013  03  16  15  51  00   265.22  -118.06   147.16
2013  03  16  15  52  00   257.53  -121.56   135.97
2013  03  16  15  53  00   260.44  -119.25   141.18
2013  03  16  15  54  00   264.18  -115.12   149.06
2013  03  16  15  55  00   255.39  -102.76   152.64
2013  03  16  15  56  00   254.73  -104.11   150.61
2013  03  16  15  57  00   249.67  -106.42   143.25
2013  03  16  15  58  00   239.32  -105.41   133.91
2013  03  16  15  59  00   219.94   -97.79   122.15
2013  03  16  16  00  00   207.76   -95.15   112.61
2013  03  16  16  01  00   202.35  -100.48   101.87
2013  03  16  16  02  00   192.68  -100.71    91.98
2013  03  16  16  03  00   191.37  -100.89    90.48
2013  03  16  16  04  00   186.12  -100.02    86.10
2013  03  16  16  05  00   177.13   -94.90    82.23
2013  03  16  16  06  00   172.39   -92.57    79.82
2013  03  16  16  07  00   173.81   -91.80    82.02
2013  03  16  16  08  00   178.42   -94.40    84.03
2013  03  16  16  09  00   182.32   -93.45    88.87
2013  03  16  16  10  00   183.58   -85.96    97.62
2013  03  16  16  11  00   169.85   -78.65    91.20
2013  03  16  16  12  00   157.66   -76.21    81.45
2013  03  16  16  13  00   154.01   -73.71    80.29
2013  03  16  16  14  00   159.27   -75.33    83.94
2013  03  16  16  15  00   159.42   -72.66    86.75
2013  03  16  16  16  00   163.34   -68.77    94.57
2013  03  16  16  17  00   169.62   -76.13    93.48
2013  03  16  16  18  00   164.10   -75.94    88.17
2013  03  16  16  19  00   155.13   -67.92    87.22
2013  03  16  16  20  00   154.17   -65.90    88.27
2013  03  16  16  21  00   150.60   -60.88    89.73
2013  03  16  16  22  00   152.06   -53.85    98.21
2013  03  16  16  23  00   157.06   -64.06    93.00
2013  03  16  16  24  00   172.24   -72.87    99.37
2013  03  16  16  25  00   187.31   -79.48   107.83
2013  03  16  16  26  00   171.85   -68.61   103.24
2013  03  16  16  27  00   180.45   -83.01    97.45
2013  03  16  16  28  00   189.29   -86.20   103.09
2013  03  16  16  29  00   194.13   -79.03   115.10
2013  03  16  16  30  00   209.78   -81.06   128.72
2013  03  16  16  31  00   209.80   -89.70   120.10
2013  03  16  16  32  00   216.18   -98.69   117.49
2013  03  16  16  33  00   213.16   -98.68   114.48
2013  03  16  16  34  00   209.71   -99.76   109.95
2013  03  16  16  35  00   210.75  -103.47   107.27
2013  03  16  16  36  00   214.64  -108.78   105.86
2013  03  16  16  37  00   214.17  -110.93   103.23
2013  03  16  16  38  00   208.64  -105.71   102.93
2013  03  16  16  39  00   204.89   -98.62   106.28
2013  03  16  16  40  00   212.41  -110.61   101.80
2013  03  16  16  41  00   206.31  -109.61    96.70
2013  03  16  16  42  00   203.61  -107.61    96.00
2013  03  16  16  43  00   202.75  -107.22    95.54
2013  03  16  16  44  00   201.73  -108.60    93.13
2013  03  16  16  45  00   198.11  -111.60    86.51
2013  03  16  16  46  00   192.55  -108.59    83.95
2013  03  16  16  47  00   185.26  -107.59    77.67
2013  03  16  16  48  00   232.61  -150.30    82.31
2013  03  16  16  49  00   204.41  -114.22    90.19
2013  03  16  16  50  00   214.73  -115.58    99.14
2013  03  16  16  51  00   236.72  -133.59   103.13
2013  03  16  16  52  00   245.58  -138.59   106.98
2013  03  16  16  53  00   242.74  -133.59   109.14
2013  03  16  16  54  00   243.28  -133.59   109.68
2013  03  16  16  55  00   239.19  -134.59   104.60
2013  03  16  16  56  00   231.10  -129.59   101.51
2013  03  16  16  57  00   233.65  -125.60   108.05
2013  03  16  16  58  00   262.24  -140.00   122.24
2013  03  16  16  59  00   249.40  -144.93   104.47
2013  03  16  17  00  00   229.75  -134.62    95.13
2013  03  16  17  01  00   252.81  -154.75    98.06
2013  03  16  17  02  00   266.83  -168.50    98.33
2013  03  16  17  03  00   251.48  -153.35    98.13
2013  03  16  17  04  00   255.88  -159.25    96.63
2013  03  16  17  05  00   265.40  -168.14    97.25
2013  03  16  17  06  00   257.44  -155.13   102.31
2013  03  16  17  07  00   242.05  -139.12   102.93
2013  03  16  17  08  00   223.60  -119.06   104.54
2013  03  16  17  09  00   221.62  -113.92   107.70
2013  03  16  17  10  00   229.54  -122.75   106.79
2013  03  16  17  11  00   211.30  -103.67   107.63
2013  03  16  17  12  00   211.99  -105.58   106.41
2013  03  16  17  13  00   207.38   -99.28   108.10
2013  03  16  17  14  00   194.37   -84.43   109.94
2013  03  16  17  15  00   197.01   -86.58   110.43
2013  03  16  17  16  00   217.17  -105.48   111.69
2013  03  16  17  17  00   223.46  -109.43   114.03
2013  03  16  17  18  00   213.81   -98.29   115.51
2013  03  16  17  19  00   217.80   -95.31   122.49
2013  03  16  17  20  00   223.45  -101.24   122.22
2013  03  16  17  21  00   223.66  -105.40   118.26
2013  03  16  17  22  00   220.74  -104.04   116.70
2013  03  16  17  23  00   216.54  -103.10   113.44
2013  03  16  17  24  00   216.39  -105.88   110.52
2013  03  16  17  25  00   216.86  -109.33   107.54
2013  03  16  17  26  00   219.08  -110.80   108.28
2013  03  16  17  27  00   221.22  -114.15   107.07
2013  03  16  17  28  00   222.35  -113.50   108.85
2013  03  16  17  29  00   225.97  -110.02   115.95
2013  03  16  17  30  00   233.25  -109.43   123.82
2013  03  16  17  31  00   240.20  -107.77   132.43
2013  03  16  17  32  00   240.43  -107.61   132.81
2013  03  16  17  33  00   242.84  -110.08   132.76
2013  03  16  17  34  00   243.13  -112.71   130.42
2013  03  16  17  35  00   248.14  -117.09   131.04
2013  03  16  17  36  00   250.23  -121.45   128.78
2013  03  16  17  37  00   251.74  -122.50   129.24
2013  03  16  17  38  00   249.40  -122.68   126.72
2013  03  16  17  39  00   243.99  -122.69   121.30
2013  03  16  17  40  00   238.16  -121.32   116.84
2013  03  16  17  41  00   237.02  -117.14   119.88
2013  03  16  17  42  00   230.46  -109.74   120.72
2013  03  16  17  43  00   225.47  -100.27   125.21
2013  03  16  17  44  00   231.74  -101.07   130.67
2013  03  16  17  45  00   218.24   -87.22   131.02
2013  03  16  17  46  00   216.25   -86.24   130.00
2013  03  16  17  47  00   209.57   -79.27   130.30
2013  03  16  17  48  00   226.65   -97.94   128.71
2013  03  16  17  49  00   236.62  -111.34   125.28
2013  03  16  17  50  00   232.22  -109.07   123.15
2013  03  16  17  51  00   195.34   -72.96   122.37
2013  03  16  17  52  00   178.12   -59.36   118.76
2013  03  16  17  53  00   177.07   -60.44   116.63
2013  03  16  17  54  00   178.85   -64.27   114.58
2013  03  16  17  55  00   179.38   -68.33   111.05
2013  03  16  17  56  00   179.69   -72.91   106.78
2013  03  16  17  57  00   178.56   -75.51   103.05
2013  03  16  17  58  00   172.13   -74.26    97.87
2013  03  16  17  59  00   172.74   -72.43   100.31
2013  03  16  18  00  00   169.48   -69.59    99.89
2013  03  16  18  01  00   163.97   -65.44    98.53
2013  03  16  18  02  00   160.03   -64.29    95.74
2013  03  16  18  03  00   157.37   -62.54    94.83
2013  03  16  18  04  00   153.81   -59.29    94.52
2013  03  16  18  05  00   152.22   -56.55    95.67
2013  03  16  18  06  00   147.54   -52.27    95.27
2013  03  16  18  07  00   141.75   -47.46    94.29
2013  03  16  18  08  00   135.43   -42.15    93.28
2013  03  16  18  09  00   132.93   -41.38    91.55
2013  03  16  18  10  00   130.88   -40.72    90.16
2013  03  16  18  11  00   137.02   -43.27    93.76
2013  03  16  18  12  00   143.76   -44.39    99.37
2013  03  16  18  13  00   147.96   -47.64   100.32
2013  03  16  18  14  00   150.61   -48.45   102.15
2013  03  16  18  15  00   150.97   -46.62   104.36
2013  03  16  18  16  00   146.01   -39.59   106.42
2013  03  16  18  17  00   146.27   -38.38   107.89
2013  03  16  18  18  00   146.78   -37.95   108.83
2013  03  16  18  19  00   147.45   -37.84   109.61
2013  03  16  18  20  00   151.37   -37.68   113.69
2013  03  16  18  21  00   153.58   -37.24   116.34
2013  03  16  18  22  00   153.01   -37.03   115.98
2013  03  16  18  23  00   154.16   -36.90   117.27
2013  03  16  18  24  00   154.36   -36.79   117.57
2013  03  16  18  25  00   149.11   -36.29   112.82
2013  03  16  18  26  00   148.13   -36.13   112.00
2013  03  16  18  27  00   146.12   -35.94   110.18
2013  03  16  18  28  00   150.55   -36.72   113.83
2013  03  16  18  29  00   151.39   -35.46   115.93
2013  03  16  18  30  00   149.43   -35.16   114.27
2013  03  16  18  31  00   151.24   -34.72   116.51
2013  03  16  18  32  00   153.46   -37.63   115.83
2013  03  16  18  33  00   153.53   -41.59   111.94
2013  03  16  18  34  00   155.13   -48.55   106.58
2013  03  16  18  35  00   154.25   -51.52   102.72
2013  03  16  18  36  00   146.69   -42.51   104.18
2013  03  16  18  37  00   139.60   -41.65    97.95
2013  03  16  18  38  00   136.94   -44.28    92.65
2013  03  16  18  39  00   137.82   -43.52    94.30
2013  03  16  18  40  00   136.17   -38.67    97.50
2013  03  16  18  41  00   147.66   -42.83   104.83
2013  03  16  18  42  00   161.71   -50.75   110.96
2013  03  16  18  43  00   189.23   -67.15   122.09
2013  03  16  18  44  00   230.10   -96.50   133.60
2013  03  16  18  45  00   243.51  -106.01   137.50
2013  03  16  18  46  00   227.83   -98.29   129.54
2013  03  16  18  47  00   198.08   -73.49   124.60
2013  03  16  18  48  00   189.31   -70.42   118.89
2013  03  16  18  49  00   190.04   -72.17   117.87
2013  03  16  18  50  00   192.00   -77.86   114.14
2013  03  16  18  51  00   175.97   -67.99   107.98
2013  03  16  18  52  00   149.45   -49.53    99.92
2013  03  16  18  53  00   131.95   -37.77    94.18
2013  03  16  18  54  00   123.11   -32.69    90.42
2013  03  16  18  55  00   131.19   -45.03    86.16
2013  03  16  18  56  00   139.44   -55.56    83.88
2013  03  16  18  57  00   138.21   -54.67    83.54
2013  03  16  18  58  00   129.74   -48.21    81.53
2013  03  16  18  59  00   134.68   -55.18    79.50
2013  03  16  19  00  00   166.17   -90.21    75.96
2013  03  16  19  01  00   188.73  -118.18    70.55
2013  03  16  19  02  00   211.74  -145.09    66.65
2013  03  16  19  03  00   202.81  -137.00    65.81
2013  03  16  19  04  00   183.17  -117.97    65.20
2013  03  16  19  05  00   174.04  -107.96    66.08
2013  03  16  19  06  00   161.45   -96.96    64.49
2013  03  16  19  07  00   148.25   -85.98    62.27
2013  03  16  19  08  00   151.72   -91.56    60.16
2013  03  16  19  09  00   145.61   -83.56    62.05
2013  03  16  19  10  00   144.06   -78.93    65.13
2013  03  16  19  11  00   137.80   -72.02    65.78
2013  03  16  19  12  00   143.94   -77.01    66.93
2013  03  16  19  13  00   149.47   -81.01    68.46
2013  03  16  19  14  00   152.45   -81.01    71.44
2013  03  16  19  15  00   142.57   -74.02    68.56
2013  03  16  19  16  00   122.27   -60.02    62.25
2013  03  16  19  17  00   107.82   -45.99    61.83
2013  03  16  19  18  00   101.01   -37.81    63.20
2013  03  16  19  19  00   102.54   -38.54    64.00
2013  03  16  19  20  00   109.13   -45.96    63.17
2013  03  16  19  21  00   114.45   -50.10    64.34
2013  03  16  19  22  00   121.78   -56.99    64.79
2013  03  16  19  23  00   127.07   -63.23    63.84
2013  03  16  19  24  00   131.15   -66.28    64.86
2013  03  16  19  25  00   126.56   -59.82    66.74
2013  03  16  19  26  00   114.86   -47.12    67.74
2013  03  16  19  27  00    90.91   -25.56    65.35
2013  03  16  19  28  00    90.44   -24.79    65.64
2013  03  16  19  29  00    92.30   -27.91    64.39
2013  03  16  19  30  00    90.34   -29.09    61.25
2013  03  16  19  31  00    88.51   -27.92    60.60
2013  03  16  19  32  00    87.67   -27.51    60.16
2013  03  16  19  33  00    88.00   -27.84    60.16
2013  03  16  19  34  00    90.17   -29.53    60.64
2013  03  16  19  35  00    97.39   -33.60    63.79
2013  03  16  19  36  00   107.50   -44.54    62.96
2013  03  16  19  37  00   106.72   -44.07    62.66
2013  03  16  19  38  00   106.21   -44.64    61.57
2013  03  16  19  39  00   101.44   -39.95    61.49
2013  03  16  19  40  00   107.24   -42.95    64.29
2013  03  16  19  41  00   121.39   -52.44    68.95
2013  03  16  19  42  00   124.96   -52.11    72.85
2013  03  16  19  43  00   123.96   -44.50    79.46
2013  03  16  19  44  00   129.95   -47.16    82.79
2013  03  16  19  45  00   135.92   -52.97    82.95
2013  03  16  19  46  00   145.32   -60.45    84.86
2013  03  16  19  47  00   152.12   -64.48    87.64
2013  03  16  19  48  00   157.62   -69.18    88.44
2013  03  16  19  49  00   155.41   -63.31    92.11
2013  03  16  19  50  00   155.24   -62.04    93.21
2013  03  16  19  51  00   162.71   -68.49    94.22
2013  03  16  19  52  00   184.87   -90.80    94.07
2013  03  16  19  53  00   189.52   -94.66    94.86
2013  03  16  19  54  00   174.53   -78.76    95.78
2013  03  16  19  55  00   159.86   -64.48    95.38
2013  03  16  19  56  00   147.76   -50.80    96.96
2013  03  16  19  57  00   133.06   -33.86    99.20
2013  03  16  19  58  00   129.77   -30.41    99.36
2013  03  16  19  59  00   122.91   -23.88    99.03
2013  03  16  20  00  00   121.57   -20.57   101.01
2013  03  16  20  01  00   120.11   -20.80    99.31
2013  03  16  20  02  00   134.11   -34.29    99.82
2013  03  16  20  03  00   138.41   -42.32    96.10
2013  03  16  20  04  00   130.13   -35.46    94.67
2013  03  16  20  05  00   137.13   -44.00    93.13
2013  03  16  20  06  00   152.96   -61.39    91.57
2013  03  16  20  07  00   153.71   -62.50    91.21
2013  03  16  20  08  00   145.82   -56.20    89.62
2013  03  16  20  09  00   138.56   -45.08    93.48
2013  03  16  20  10  00   127.97   -30.71    97.26
2013  03  16  20  11  00   124.83   -25.83    99.00
2013  03  16  20  12  00   131.30   -30.31   100.98
2013  03  16  20  13  00   129.62   -30.13    99.49
2013  03  16  20  14  00   138.96   -37.45   101.51
2013  03  16  20  15  00   139.78   -34.23   105.55
2013  03  16  20  16  00   138.03   -28.40   109.63
2013  03  16  20  17  00   140.57   -27.97   112.60
2013  03  16  20  18  00   150.82   -38.87   111.95
2013  03  16  20  19  00   166.21   -52.91   113.30
2013  03  16  20  20  00   174.07   -58.08   115.99
2013  03  16  20  21  00   171.62   -52.78   118.85
2013  03  16  20  22  00   172.38   -50.13   122.24
2013  03  16  20  23  00   172.73   -46.54   126.19
2013  03  16  20  24  00   172.77   -46.68   126.09
2013  03  16  20  25  00   177.08   -53.67   123.41
2013  03  16  20  26  00   183.67   -61.37   122.30
2013  03  16  20  27  00   185.11   -66.01   119.10
2013  03  16  20  28  00   179.24   -63.04   116.20
2013  03  16  20  29  00   171.86   -56.00   115.86
2013  03  16  20  30  00   169.97   -54.17   115.80
2013  03  16  20  31  00   174.96   -58.45   116.51
2013  03  16  20  32  00   176.26   -59.05   117.21
2013  03  16  20  33  00   181.91   -62.09   119.82
2013  03  16  20  34  00   182.84   -62.16   120.68
2013  03  16  20  35  00   177.32   -57.54   119.77
2013  03  16  20  36  00   178.38   -59.84   118.54
2013  03  16  20  37  00   178.82   -62.35   116.47
2013  03  16  20  38  00   160.01   -47.05   112.96
2013  03  16  20  39  00   142.40   -29.98   112.42
2013  03  16  20  40  00   134.88   -29.03   105.84
2013  03  16  20  41  00   133.58   -30.71   102.87
2013  03  16  20  42  00   155.29   -52.48   102.80
2013  03  16  20  43  00   183.87   -81.72   102.16
2013  03  16  20  44  00   181.45   -81.42   100.03
2013  03  16  20  45  00   163.51   -68.39    95.12
2013  03  16  20  46  00   135.57   -45.04    90.53
2013  03  16  20  47  00   113.55   -24.81    88.75
2013  03  16  20  48  00   113.57   -24.84    88.73
2013  03  16  20  49  00   110.12   -24.52    85.59
2013  03  16  20  50  00   109.46   -25.07    84.39
2013  03  16  20  51  00   111.00   -25.28    85.72
2013  03  16  20  52  00   110.39   -25.37    85.02
2013  03  16  20  53  00   114.03   -25.92    88.11
2013  03  16  20  54  00   113.72   -26.26    87.46
2013  03  16  20  55  00   112.28   -25.88    86.40
2013  03  16  20  56  00   112.31   -25.82    86.49
2013  03  16  20  57  00   110.31   -26.07    84.24
2013  03  16  20  58  00   109.98   -26.19    83.79
2013  03  16  20  59  00   108.99   -26.23    82.76
2013  03  16  21  00  00   109.92   -26.34    83.58
2013  03  16  21  01  00   110.05   -26.64    83.41
2013  03  16  21  02  00   107.65   -27.45    80.19
2013  03  16  21  03  00   104.73   -28.21    76.52
2013  03  16  21  04  00   102.05   -28.72    73.33
2013  03  16  21  05  00    99.69   -29.07    70.62
2013  03  16  21  06  00    96.93   -29.17    67.76
2013  03  16  21  07  00    92.04   -29.18    62.85
2013  03  16  21  08  00    86.72   -28.57    58.15
2013  03  16  21  09  00    83.91   -28.04    55.87
2013  03  16  21  10  00    81.27   -27.11    54.15
2013  03  16  21  11  00    85.61   -30.43    55.18
2013  03  16  21  12  00    86.97   -29.41    57.56
2013  03  16  21  13  00    87.13   -26.40    60.73
2013  03  16  21  14  00    88.69   -24.28    64.41
2013  03  16  21  15  00    98.26   -28.53    69.73
2013  03  16  21  16  00   110.86   -37.01    73.85
2013  03  16  21  17  00   121.25   -44.81    76.44
2013  03  16  21  18  00   126.81   -48.65    78.16
2013  03  16  21  19  00   126.27   -50.08    76.20
2013  03  16  21  20  00   131.92   -53.40    78.53
2013  03  16  21  21  00   136.06   -53.92    82.14
2013  03  16  21  22  00   140.18   -54.10    86.08
2013  03  16  21  23  00   141.45   -51.96    89.49
2013  03  16  21  24  00   148.23   -52.54    95.69
2013  03  16  21  25  00   152.22   -52.79    99.43
2013  03  16  21  26  00   152.99   -56.29    96.70
2013  03  16  21  27  00   173.51   -80.27    93.24
2013  03  16  21  28  00   210.64  -117.85    92.79
2013  03  16  21  29  00   223.40  -131.61    91.79
2013  03  16  21  30  00   201.74  -112.51    89.23
2013  03  16  21  31  00   179.76   -91.78    87.98
2013  03  16  21  32  00   175.09   -90.76    84.34
2013  03  16  21  33  00   178.09   -93.33    84.75
2013  03  16  21  34  00   186.97   -99.46    87.51
2013  03  16  21  35  00   193.64   -99.42    94.22
2013  03  16  21  36  00   199.25  -103.20    96.05
2013  03  16  21  37  00   206.19  -108.55    97.64
2013  03  16  21  38  00   210.81  -110.82    99.99
2013  03  16  21  39  00   210.99  -113.27    97.72
2013  03  16  21  40  00   207.39  -109.44    97.95
2013  03  16  21  41  00   210.52  -108.68   101.84
2013  03  16  21  42  00   213.69  -110.89   102.81
2013  03  16  21  43  00   212.34  -108.78   103.55
2013  03  16  21  44  00   233.20  -128.63   104.56
2013  03  16  21  45  00   272.41  -164.15   108.25
2013  03  16  21  46  00   265.40  -155.34   110.06
2013  03  16  21  47  00   242.22  -134.31   107.91
2013  03  16  21  48  00   230.41  -129.66   100.75
2013  03  16  21  49  00   218.76  -123.99    94.77
2013  03  16  21  50  00   216.60  -114.93   101.67
2013  03  16  21  51  00   229.59  -119.03   110.56
2013  03  16  21  52  00   237.64  -127.00   110.63
2013  03  16  21  53  00   247.19  -136.63   110.56
2013  03  16  21  54  00   264.64  -155.20   109.44
2013  03  16  21  55  00   273.08  -164.67   108.41
2013  03  16  21  56  00   255.76  -150.31   105.44
2013  03  16  21  57  00   239.57  -135.46   104.11
2013  03  16  21  58  00   233.20  -130.28   102.92
2013  03  16  21  59  00   227.46  -130.22    97.24
2013  03  16  22  00  00   229.70  -141.03    88.67
2013  03  16  22  01  00   219.23  -134.94    84.29
2013  03  16  22  02  00   210.53  -128.27    82.26
2013  03  16  22  03  00   214.98  -133.60    81.38
2013  03  16  22  04  00   210.89  -128.92    81.98
2013  03  16  22  05  00   201.84  -123.75    78.09
2013  03  16  22  06  00   198.69  -122.37    76.33
2013  03  16  22  07  00   197.94  -122.16    75.78
2013  03  16  22  08  00   185.72  -112.63    73.09
2013  03  16  22  09  00   175.91  -104.66    71.25
2013  03  16  22  10  00   172.45  -103.50    68.94
2013  03  16  22  11  00   167.70  -101.98    65.73
2013  03  16  22  12  00   164.91   -99.79    65.12
2013  03  16  22  13  00   170.16  -102.58    67.58
2013  03  16  22  14  00   172.43  -107.11    65.32
2013  03  16  22  15  00   169.13  -106.61    62.52
2013  03  16  22  16  00   157.62  -101.00    56.62
2013  03  16  22  17  00   156.74  -101.03    55.71
2013  03  16  22  18  00   151.00   -96.94    54.06
2013  03  16  22  19  00   143.65   -89.97    53.68
2013  03  16  22  20  00   139.84   -86.95    52.88
2013  03  16  22  21  00   140.64   -90.53    50.10
2013  03  16  22  22  00   145.60  -100.36    45.24
2013  03  16  22  23  00   136.85   -94.27    42.59
2013  03  16  22  24  00   141.42   -94.35    47.07
2013  03  16  22  25  00   132.41   -83.76    48.66
2013  03  16  22  26  00   125.96   -75.35    50.61
2013  03  16  22  27  00   130.82   -77.48    53.34
2013  03  16  22  28  00   130.67   -73.32    57.35
2013  03  16  22  29  00   133.27   -73.32    59.95
2013  03  16  22  30  00   128.59   -70.43    58.16
2013  03  16  22  31  00   123.15   -64.63    58.52
2013  03  16  22  32  00   118.86   -61.34    57.53
2013  03  16  22  33  00   117.05   -58.91    58.14
2013  03  16  22  34  00   112.84   -55.54    57.30
2013  03  16  22  35  00   110.70   -53.84    56.86
2013  03  16  22  36  00   105.74   -49.94    55.81
2013  03  16  22  37  00   107.01   -53.18    53.83
2013  03  16  22  38  00   104.41   -55.27    49.14
2013  03  16  22  39  00   104.50   -57.87    46.63
2013  03  16  22  40  00   101.53   -57.85    43.68
2013  03  16  22  41  00   100.52   -57.69    42.83
2013  03  16  22  42  00    94.96   -54.87    40.09
2013  03  16  22  43  00    89.53   -50.32    39.21
2013  03  16  22  44  00    86.67   -48.90    37.77
2013  03  16  22  45  00    85.33   -47.24    38.09
2013  03  16  22  46  00    93.76   -51.77    42.00
2013  03  16  22  47  00   106.78   -60.22    46.56
2013  03  16  22  48  00   117.20   -71.59    45.61
2013  03  16  22  49  00   114.28   -70.79    43.48
2013  03  16  22  50  00   107.80   -64.35    43.45
2013  03  16  22  51  00   101.19   -56.75    44.44
2013  03  16  22  52  00    95.88   -51.27    44.61
2013  03  16  22  53  00    97.23   -51.01    46.22
2013  03  16  22  54  00    97.57   -51.27    46.30
2013  03  16  22  55  00    92.61   -49.55    43.07
2013  03  16  22  56  00    92.09   -52.20    39.89
2013  03  16  22  57  00    96.74   -58.91    37.84
2013  03  16  22  58  00   105.85   -65.85    40.00
2013  03  16  22  59  00   112.03   -70.34    41.69
2013  03  16  23  00  00   113.20   -72.44    40.77
2013  03  16  23  01  00   117.04   -79.72    37.33
2013  03  16  23  02  00   120.20   -83.82    36.38
2013  03  16  23  03  00   116.84   -81.30    35.55
2013  03  16  23  04  00   121.16   -81.88    39.27
2013  03  16  23  05  00   120.94   -75.78    45.16
2013  03  16  23  06  00   116.23   -64.22    52.01
2013  03  16  23  07  00   108.20   -57.14    51.05
2013  03  16  23  08  00    98.88   -50.14    48.74
2013  03  16  23  09  00   110.21   -62.36    47.85
2013  03  16  23  10  00    94.77   -46.76    48.01
2013  03  16  23  11  00    91.98   -43.26    48.72
2013  03  16  23  12  00    95.07   -40.12    54.95
2013  03  16  23  13  00    88.62   -36.95    51.67
2013  03  16  23  14  00    87.29   -36.33    50.96
2013  03  16  23  15  00    80.05   -31.85    48.20
2013  03  16  23  16  00    74.47   -27.94    46.52
2013  03  16  23  17  00    74.81   -28.55    46.26
2013  03  16  23  18  00    74.66   -29.15    45.51
2013  03  16  23  19  00    74.11   -30.05    44.06
2013  03  16  23  20  00    70.51   -30.19    40.31
2013  03  16  23  21  00    67.08   -30.26    36.82
2013  03  16  23  22  00    65.25   -30.27    34.97
2013  03  16  23  23  00    64.96   -30.10    34.86
2013  03  16  23  24  00    65.49   -30.26    35.24
2013  03  16  23  25  00    64.86   -30.40    34.45
2013  03  16  23  26  00    76.42   -41.97    34.44
2013  03  16  23  27  00    84.74   -49.16    35.59
2013  03  16  23  28  00    96.14   -59.96    36.19
2013  03  16  23  29  00    89.30   -51.18    38.11
2013  03  16  23  30  00    91.12   -47.45    43.67
2013  03  16  23  31  00    84.20   -32.83    51.37
2013  03  16  23  32  00    99.72   -39.77    59.94
2013  03  16  23  33  00   106.66   -41.61    65.05
2013  03  16  23  34  00    98.49   -36.33    62.16
2013  03  16  23  35  00    84.90   -33.51    51.39
2013  03  16  23  36  00    79.01   -33.57    45.44
2013  03  16  23  37  00    78.63   -35.94    42.69
2013  03  16  23  38  00    85.28   -42.71    42.57
2013  03  16  23  39  00    86.17   -44.99    41.18
2013  03  16  23  40  00    84.03   -43.90    40.13
2013  03  16  23  41  00    85.24   -46.82    38.42
2013  03  16  23  42  00   108.44   -44.89    63.55
2013  03  16  23  43  00   140.58   -42.87    97.70
2013  03  16  23  44  00   157.38   -41.70   115.68
2013  03  16  23  45  00   152.13   -44.21   107.92
2013  03  16  23  46  00   135.66   -48.20    87.46
2013  03  16  23  47  00   121.23   -51.84    69.39
2013  03  16  23  48  00   113.10   -53.63    59.47
2013  03  16  23  49  00   112.02   -54.51    57.51
2013  03  16  23  50  00   120.25   -53.56    66.69
2013  03  16  23  51  00   126.26   -52.93    73.33
2013  03  16  23  52  00   138.94   -57.71    81.24
2013  03  16  23  53  00   160.96   -67.78    93.18
2013  03  16  23  54  00   183.61   -80.89   102.72
2013  03  16  23  55  00   185.44   -82.06   103.38
2013  03  16  23  56  00   176.70   -81.88    94.82
2013  03  16  23  57  00   161.44   -77.93    83.50
2013  03  16  23  58  00   158.82   -85.57    73.25
2013  03  16  23  59  00   183.70  -107.56    76.14
2013  03  17  00  00  00   227.55  -129.43    98.12
2013  03  17  00  01  00   234.96  -118.51   116.45
2013  03  17  00  02  00   238.26  -119.91   118.35
2013  03  17  00  03  00   244.84  -137.77   107.07
2013  03  17  00  04  00   302.91  -211.39    91.52
2013  03  17  00  05  00   335.12  -251.68    83.44
2013  03  17  00  06  00   305.73  -229.26    76.47
2013  03  17  00  07  00   267.36  -185.38    81.98
2013  03  17  00  08  00   309.55  -213.70    95.86
2013  03  17  00  09  00   354.47  -247.84   106.63
2013  03  17  00  10  00   305.31  -196.95   108.36
2013  03  17  00  11  00   303.07  -195.74   107.32
2013  03  17  00  12  00   302.84  -194.75   108.09
2013  03  17  00  13  00   312.90  -203.67   109.23
2013  03  17  00  14  00   332.97  -222.80   110.16
2013  03  17  00  15  00   312.42  -202.37   110.05
2013  03  17  00  16  00   304.66  -194.45   110.22
2013  03  17  00  17  00   294.55  -185.49   109.06
2013  03  17  00  18  00   288.34  -180.58   107.76
2013  03  17  00  19  00   286.19  -181.45   104.74
2013  03  17  00  20  00   285.67  -180.42   105.25
2013  03  17  00  21  00   287.47  -183.59   103.88
2013  03  17  00  22  00   289.06  -187.19   101.87
2013  03  17  00  23  00   291.77  -189.70   102.07
2013  03  17  00  24  00   290.62  -191.58    99.03
2013  03  17  00  25  00   291.59  -196.30    95.29
2013  03  17  00  26  00   290.17  -195.44    94.73
2013  03  17  00  27  00   288.84  -193.47    95.37
2013  03  17  00  28  00   286.15  -188.81    97.34
2013  03  17  00  29  00   286.61  -182.41   104.21
2013  03  17  00  30  00   279.44  -175.46   103.97
2013  03  17  00  31  00   269.83  -173.41    96.42
2013  03  17  00  32  00   272.14  -180.12    92.02
2013  03  17  00  33  00   271.69  -184.64    87.05
2013  03  17  00  34  00   259.35  -177.36    81.99
2013  03  17  00  35  00   245.62  -169.40    76.22
2013  03  17  00  36  00   241.33  -166.87    74.46
2013  03  17  00  37  00   285.86  -212.00    73.86
2013  03  17  00  38  00   335.75  -266.28    69.46
2013  03  17  00  39  00   370.00  -301.98    68.02
2013  03  17  00  40  00   300.06  -230.33    69.73
2013  03  17  00  41  00   327.35  -255.79    71.56
2013  03  17  00  42  00   324.02  -252.39    71.63
2013  03  17  00  43  00   315.21  -245.54    69.68
2013  03  17  00  44  00   276.88  -203.54    73.34
2013  03  17  00  45  00   241.80  -173.06    68.74
2013  03  17  00  46  00   270.27  -212.47    57.80
2013  03  17  00  47  00   363.80  -304.01    59.78
2013  03  17  00  48  00   399.61  -337.91    61.69
2013  03  17  00  49  00   350.37  -294.98    55.38
2013  03  17  00  50  00   345.35  -286.26    59.09
2013  03  17  00  51  00   380.08  -325.63    54.45
2013  03  17  00  52  00   382.93  -337.50    45.43
2013  03  17  00  53  00   267.70  -220.66    47.04
2013  03  17  00  54  00   227.50  -176.57    50.92
2013  03  17  00  55  00   231.07  -179.60    51.47
2013  03  17  00  56  00   224.61  -172.48    52.12
2013  03  17  00  57  00   216.74  -164.89    51.85
2013  03  17  00  58  00   267.15  -226.24    40.90
2013  03  17  00  59  00   292.77  -258.59    34.18
2013  03  17  01  00  00   291.10  -258.07    33.03
2013  03  17  01  01  00   247.93  -201.82    46.11
2013  03  17  01  02  00   240.42  -180.66    59.76
2013  03  17  01  03  00   220.42  -162.89    57.53
2013  03  17  01  04  00   202.41  -158.92    43.49
2013  03  17  01  05  00   199.61  -161.07    38.54
2013  03  17  01  06  00   198.09  -157.66    40.43
2013  03  17  01  07  00   225.15  -162.97    62.19
2013  03  17  01  08  00   256.44  -168.75    87.69
2013  03  17  01  09  00   262.48  -179.23    83.24
2013  03  17  01  10  00   249.75  -194.19    55.56
2013  03  17  01  11  00   226.72  -183.84    42.88
2013  03  17  01  12  00   218.07  -171.30    46.77
2013  03  17  01  13  00   218.01  -170.78    47.23
2013  03  17  01  14  00   220.59  -177.42    43.17
2013  03  17  01  15  00   238.41  -188.76    49.64
2013  03  17  01  16  00   256.74  -202.20    54.54
2013  03  17  01  17  00   268.53  -210.82    57.71
2013  03  17  01  18  00   273.63  -218.01    55.62
2013  03  17  01  19  00   288.75  -228.22    60.52
2013  03  17  01  20  00   262.15  -207.83    54.31
2013  03  17  01  21  00   250.33  -199.39    50.94
2013  03  17  01  22  00   317.31  -268.70    48.61
2013  03  17  01  23  00   309.52  -264.87    44.65
2013  03  17  01  24  00   273.67  -220.28    53.39
2013  03  17  01  25  00   252.10  -208.11    43.99
2013  03  17  01  26  00   245.39  -201.87    43.52
2013  03  17  01  27  00   208.34  -166.66    41.68
2013  03  17  01  28  00   200.51  -161.40    39.12
2013  03  17  01  29  00   218.01  -178.03    39.98
2013  03  17  01  30  00   231.36  -195.35    36.01
2013  03  17  01  31  00   232.06  -192.92    39.14
2013  03  17  01  32  00   223.46  -189.02    34.43
2013  03  17  01  33  00   232.44  -199.54    32.90
2013  03  17  01  34  00   231.29  -195.51    35.77
2013  03  17  01  35  00   219.76  -181.37    38.39
2013  03  17  01  36  00   227.63  -187.13    40.50
2013  03  17  01  37  00   226.63  -188.47    38.16
2013  03  17  01  38  00   220.37  -184.10    36.27
2013  03  17  01  39  00   214.37  -183.84    30.53
2013  03  17  01  40  00   210.86  -179.82    31.05
2013  03  17  01  41  00   201.41  -168.04    33.37
2013  03  17  01  42  00   196.78  -161.92    34.85
2013  03  17  01  43  00   195.72  -144.43    51.29
2013  03  17  01  44  00   186.87  -128.72    58.15
2013  03  17  01  45  00   159.43  -117.37    42.06
2013  03  17  01  46  00   175.34  -116.29    59.05
2013  03  17  01  47  00   177.39  -112.60    64.79
2013  03  17  01  48  00   162.50  -101.66    60.84
2013  03  17  01  49  00   162.72  -104.97    57.75
2013  03  17  01  50  00   151.71   -99.84    51.87
2013  03  17  01  51  00   141.67   -87.70    53.97
2013  03  17  01  52  00   128.61   -70.39    58.22
2013  03  17  01  53  00   124.91   -63.92    60.98
2013  03  17  01  54  00   143.64   -88.48    55.16
2013  03  17  01  55  00   141.21   -86.63    54.59
2013  03  17  01  56  00   121.96   -72.36    49.60
2013  03  17  01  57  00   114.38   -65.06    49.32
2013  03  17  01  58  00   105.12   -53.12    52.00
2013  03  17  01  59  00   103.13   -50.30    52.83
2013  03  17  02  00  00   114.45   -60.63    53.81
2013  03  17  02  01  00   105.41   -49.12    56.29
2013  03  17  02  02  00   114.79   -55.61    59.18
2013  03  17  02  03  00   117.38   -57.19    60.19
2013  03  17  02  04  00   111.66   -51.18    60.47
2013  03  17  02  05  00   102.26   -42.27    59.99
2013  03  17  02  06  00   121.31   -62.03    59.28
2013  03  17  02  07  00   122.97   -58.91    64.06
2013  03  17  02  08  00   133.86   -65.49    68.36
2013  03  17  02  09  00   133.77   -61.72    72.05
2013  03  17  02  10  00   138.56   -66.67    71.89
2013  03  17  02  11  00   150.80   -75.03    75.78
2013  03  17  02  12  00   146.07   -63.15    82.92
2013  03  17  02  13  00   153.80   -73.25    80.56
2013  03  17  02  14  00   177.18   -97.70    79.47
2013  03  17  02  15  00   160.52   -82.02    78.50
2013  03  17  02  16  00   145.62   -69.94    75.68
2013  03  17  02  17  00   140.46   -67.04    73.41
2013  03  17  02  18  00   127.68   -60.26    67.42
2013  03  17  02  19  00   122.10   -57.39    64.71
2013  03  17  02  20  00   108.31   -45.55    62.76
2013  03  17  02  21  00    93.79   -34.96    58.83
2013  03  17  02  22  00    86.36   -30.55    55.81
2013  03  17  02  23  00    82.34   -30.26    52.08
2013  03  17  02  24  00    82.21   -30.18    52.03
2013  03  17  02  25  00    83.89   -29.91    53.99
2013  03  17  02  26  00    86.01   -29.37    56.63
2013  03  17  02  27  00    87.22   -29.21    58.01
2013  03  17  02  28  00    97.42   -35.90    61.52
2013  03  17  02  29  00   110.77   -41.23    69.55
2013  03  17  02  30  00   114.10   -36.03    78.07
2013  03  17  02  31  00   117.85   -38.01    79.84
2013  03  17  02  32  00   108.08   -29.50    78.58
2013  03  17  02  33  00   106.14   -31.43    74.71
2013  03  17  02  34  00   111.75   -37.68    74.07
2013  03  17  02  35  00   119.84   -47.76    72.08
2013  03  17  02  36  00   116.20   -47.25    68.95
2013  03  17  02  37  00   117.36   -51.87    65.49
2013  03  17  02  38  00   102.10   -37.71    64.39
2013  03  17  02  39  00    94.32   -29.20    65.13
2013  03  17  02  40  00    93.19   -29.23    63.96
2013  03  17  02  41  00   102.94   -39.04    63.91
2013  03  17  02  42  00    97.14   -31.50    65.65
2013  03  17  02  43  00    97.18   -28.99    68.19
2013  03  17  02  44  00    96.85   -29.40    67.45
2013  03  17  02  45  00    97.17   -31.93    65.24
2013  03  17  02  46  00    94.17   -31.90    62.27
2013  03  17  02  47  00    90.89   -31.81    59.08
2013  03  17  02  48  00    88.44   -31.20    57.24
2013  03  17  02  49  00    90.20   -32.21    57.99
2013  03  17  02  50  00    90.83   -31.65    59.18
2013  03  17  02  51  00    92.11   -31.86    60.25
2013  03  17  02  52  00    97.13   -34.53    62.59
2013  03  17  02  53  00   101.85   -37.91    63.94
2013  03  17  02  54  00   105.31   -40.21    65.10
2013  03  17  02  55  00   106.14   -40.52    65.63
2013  03  17  02  56  00   106.63   -40.19    66.43
2013  03  17  02  57  00   105.73   -39.46    66.28
2013  03  17  02  58  00   105.55   -38.60    66.95
2013  03  17  02  59  00    99.20   -33.75    65.45
2013  03  17  03  00  00    94.33   -29.52    64.81
2013  03  17  03  01  00    89.14   -25.92    63.22
2013  03  17  03  02  00    89.92   -26.40    63.52
2013  03  17  03  03  00    89.29   -26.08    63.21
2013  03  17  03  04  00    87.85   -25.43    62.42
2013  03  17  03  05  00    85.57   -25.00    60.57
2013  03  17  03  06  00    83.93   -24.63    59.30
2013  03  17  03  07  00    82.59   -23.55    59.03
2013  03  17  03  08  00    81.75   -23.83    57.92
2013  03  17  03  09  00    81.73   -24.61    57.12
2013  03  17  03  10  00    81.84   -24.98    56.86
2013  03  17  03  11  00    82.11   -24.80    57.31
2013  03  17  03  12  00    81.59   -25.73    55.86
2013  03  17  03  13  00    79.67   -25.99    53.68
2013  03  17  03  14  00    78.50   -25.44    53.06
2013  03  17  03  15  00    77.52   -25.04    52.48
2013  03  17  03  16  00    75.67   -25.18    50.49
2013  03  17  03  17  00    71.54   -25.47    46.07
2013  03  17  03  18  00    68.97   -25.66    43.31
2013  03  17  03  19  00    67.75   -25.58    42.17
2013  03  17  03  20  00    70.10   -27.66    42.44
2013  03  17  03  21  00    73.89   -31.41    42.48
2013  03  17  03  22  00    85.64   -43.04    42.60
2013  03  17  03  23  00    98.03   -55.06    42.97
2013  03  17  03  24  00   109.64   -65.60    44.03
2013  03  17  03  25  00   105.99   -59.84    46.15
2013  03  17  03  26  00   105.49   -47.40    58.10
2013  03  17  03  27  00   107.33   -41.17    66.16
2013  03  17  03  28  00    86.80   -37.38    49.42
2013  03  17  03  29  00    80.60   -30.11    50.50
2013  03  17  03  30  00    76.64   -25.32    51.31
2013  03  17  03  31  00    75.54   -24.12    51.42
2013  03  17  03  32  00    76.97   -25.26    51.71
2013  03  17  03  33  00    77.91   -24.03    53.88
2013  03  17  03  34  00    77.87   -23.98    53.89
2013  03  17  03  35  00    78.13   -25.54    52.59
2013  03  17  03  36  00    76.56   -24.21    52.35
2013  03  17  03  37  00    75.84   -24.19    51.65
2013  03  17  03  38  00    75.37   -24.30    51.07
2013  03  17  03  39  00    83.20   -31.32    51.88
2013  03  17  03  40  00    90.44   -35.41    55.02
2013  03  17  03  41  00    95.37   -36.62    58.75
2013  03  17  03  42  00    95.18   -35.58    59.60
2013  03  17  03  43  00    89.22   -30.63    58.59
2013  03  17  03  44  00    82.58   -25.99    56.59
2013  03  17  03  45  00    79.50   -24.05    55.45
2013  03  17  03  46  00    79.84   -23.95    55.90
2013  03  17  03  47  00    80.98   -24.04    56.94
2013  03  17  03  48  00    82.08   -24.11    57.97
2013  03  17  03  49  00    82.45   -24.24    58.21
2013  03  17  03  50  00    81.69   -24.39    57.29
2013  03  17  03  51  00    81.20   -24.44    56.76
2013  03  17  03  52  00    81.23   -24.51    56.71
2013  03  17  03  53  00    81.55   -24.87    56.67
2013  03  17  03  54  00    81.69   -25.18    56.51
2013  03  17  03  55  00    89.27   -34.22    55.05
2013  03  17  03  56  00    82.03   -28.54    53.49
2013  03  17  03  57  00    75.47   -25.20    50.28
2013  03  17  03  58  00    73.00   -25.51    47.49
2013  03  17  03  59  00    71.83   -25.52    46.31
2013  03  17  04  00  00    72.48   -25.36    47.12
2013  03  17  04  01  00    73.61   -25.70    47.91
2013  03  17  04  02  00    79.94   -31.64    48.31
2013  03  17  04  03  00    85.23   -35.69    49.54
2013  03  17  04  04  00    86.48   -35.41    51.07
2013  03  17  04  05  00    85.92   -34.25    51.66
2013  03  17  04  06  00    84.77   -34.12    50.64
2013  03  17  04  07  00    82.77   -32.81    49.96
2013  03  17  04  08  00    82.40   -32.79    49.61
2013  03  17  04  09  00    80.04   -30.50    49.54
2013  03  17  04  10  00    81.92   -32.28    49.63
2013  03  17  04  11  00    83.28   -33.45    49.83
2013  03  17  04  12  00    85.37   -35.60    49.77
2013  03  17  04  13  00    84.88   -36.53    48.35
2013  03  17  04  14  00    82.59   -35.06    47.53
2013  03  17  04  15  00    80.18   -32.88    47.30
2013  03  17  04  16  00    78.38   -31.20    47.19
2013  03  17  04  17  00    72.65   -26.40    46.25
2013  03  17  04  18  00    68.32   -22.93    45.40
2013  03  17  04  19  00    67.33   -22.53    44.80
2013  03  17  04  20  00    66.81   -22.81    44.00
2013  03  17  04  21  00    66.38   -23.08    43.30
2013  03  17  04  22  00    66.70   -23.34    43.36
2013  03  17  04  23  00    67.10   -23.34    43.76
2013  03  17  04  24  00    66.40   -23.44    42.96
2013  03  17  04  25  00    66.44   -23.61    42.82
2013  03  17  04  26  00    67.92   -24.64    43.28
2013  03  17  04  27  00    70.87   -26.27    44.61
2013  03  17  04  28  00    70.16   -24.38    45.78
2013  03  17  04  29  00    70.78   -24.13    46.64
2013  03  17  04  30  00    71.30   -24.16    47.14
2013  03  17  04  31  00    73.96   -26.62    47.34
2013  03  17  04  32  00    75.83   -28.82    47.00
2013  03  17  04  33  00    69.60   -23.51    46.09
2013  03  17  04  34  00    68.99   -23.44    45.54
2013  03  17  04  35  00    68.77   -24.48    44.29
2013  03  17  04  36  00    66.23   -23.46    42.77
2013  03  17  04  37  00    63.77   -23.11    40.65
2013  03  17  04  38  00    79.39   -30.67    48.73
2013  03  17  04  39  00    99.95   -48.45    51.50
2013  03  17  04  40  00   102.35   -44.96    57.39
2013  03  17  04  41  00    82.61   -24.64    57.98
2013  03  17  04  42  00    81.62   -28.97    52.65
2013  03  17  04  43  00    74.20   -32.54    41.65
2013  03  17  04  44  00    87.09   -45.16    41.93
2013  03  17  04  45  00    97.25   -52.28    44.98
2013  03  17  04  46  00   101.01   -51.27    49.74
2013  03  17  04  47  00    94.60   -44.97    49.63
2013  03  17  04  48  00    84.45   -34.43    50.02
2013  03  17  04  49  00    78.48   -26.18    52.29
2013  03  17  04  50  00    79.39   -25.14    54.25
2013  03  17  04  51  00    83.32   -28.02    55.31
2013  03  17  04  52  00    80.00   -21.80    58.19
2013  03  17  04  53  00    83.03   -22.00    61.03
2013  03  17  04  54  00    88.93   -21.39    67.53
2013  03  17  04  55  00    95.37   -21.62    73.75
2013  03  17  04  56  00    98.08   -21.34    76.74
2013  03  17  04  57  00    99.31   -21.50    77.81
2013  03  17  04  58  00    99.36   -21.40    77.95
2013  03  17  04  59  00    96.22   -21.56    74.66
2013  03  17  05  00  00    99.94   -21.40    78.54
2013  03  17  05  01  00   103.62   -21.16    82.46
2013  03  17  05  02  00   108.41   -23.30    85.11
2013  03  17  05  03  00   107.06   -25.02    82.05
2013  03  17  05  04  00    99.41   -23.32    76.09
2013  03  17  05  05  00   100.83   -26.37    74.47
2013  03  17  05  06  00   102.47   -27.35    75.12
2013  03  17  05  07  00   100.12   -27.42    72.70
2013  03  17  05  08  00    98.81   -26.54    72.28
2013  03  17  05  09  00   103.15   -24.74    78.42
2013  03  17  05  10  00   111.29   -20.89    90.41
2013  03  17  05  11  00   119.06   -21.09    97.96
2013  03  17  05  12  00   123.29   -21.33   101.97
2013  03  17  05  13  00   122.71   -21.18   101.53
2013  03  17  05  14  00   124.61   -22.78   101.83
2013  03  17  05  15  00   126.23   -26.86    99.38
2013  03  17  05  16  00   122.89   -27.38    95.51
2013  03  17  05  17  00   119.03   -25.82    93.22
2013  03  17  05  18  00   126.95   -25.82   101.13
2013  03  17  05  19  00   189.81   -73.12   116.69
2013  03  17  05  20  00   183.36   -58.18   125.18
2013  03  17  05  21  00   207.35   -76.39   130.96
2013  03  17  05  22  00   233.27  -107.21   126.06
2013  03  17  05  23  00   199.17   -78.32   120.85
2013  03  17  05  24  00   202.90   -84.25   118.65
2013  03  17  05  25  00   202.30   -82.38   119.93
2013  03  17  05  26  00   184.22   -70.18   114.04
2013  03  17  05  27  00   182.13   -68.12   114.01
2013  03  17  05  28  00   186.82   -67.34   119.47
2013  03  17  05  29  00   190.71   -72.91   117.80
2013  03  17  05  30  00   185.65   -68.91   116.75
2013  03  17  05  31  00   182.14   -67.63   114.51
2013  03  17  05  32  00   161.64   -54.51   107.12
2013  03  17  05  33  00   164.36   -56.15   108.20
2013  03  17  05  34  00   153.55   -53.82    99.73
2013  03  17  05  35  00   136.86   -49.71    87.15
2013  03  17  05  36  00   126.65   -48.75    77.90
2013  03  17  05  37  00   118.37   -44.69    73.68
2013  03  17  05  38  00   117.34   -44.62    72.72
2013  03  17  05  39  00   118.65   -42.46    76.19
2013  03  17  05  40  00   113.05   -39.23    73.81
2013  03  17  05  41  00   111.57   -40.33    71.24
2013  03  17  05  42  00   106.87   -41.90    64.97
2013  03  17  05  43  00    97.05   -35.88    61.17
2013  03  17  05  44  00    96.89   -35.68    61.21
2013  03  17  05  45  00    95.98   -35.45    60.53
2013  03  17  05  46  00    91.48   -34.11    57.36
2013  03  17  05  47  00    90.64   -37.02    53.62
2013  03  17  05  48  00    99.32   -42.21    57.12
2013  03  17  05  49  00   105.56   -45.23    60.33
2013  03  17  05  50  00   114.47   -45.42    69.05
2013  03  17  05  51  00   130.39   -56.74    73.65
2013  03  17  05  52  00   136.88   -60.45    76.42
2013  03  17  05  53  00   142.88   -68.85    74.03
2013  03  17  05  54  00   141.07   -74.47    66.60
2013  03  17  05  55  00   129.77   -79.31    50.46
2013  03  17  05  56  00   124.02   -84.42    39.60
2013  03  17  05  57  00   159.26  -101.19    58.06
2013  03  17  05  58  00   184.32  -112.96    71.37
2013  03  17  05  59  00   198.58  -111.72    86.86
2013  03  17  06  00  00   207.35  -114.80    92.55
2013  03  17  06  01  00   226.73  -119.21   107.52
2013  03  17  06  02  00   511.88  -399.10   112.79
2013  03  17  06  03  00   788.85  -517.83   271.02
2013  03  17  06  04  00   924.03  -618.79   305.24
2013  03  17  06  05  00   926.25  -617.26   308.99
2013  03  17  06  06  00   921.17  -611.38   309.79
2013  03  17  06  07  00   885.21  -603.97   281.24
2013  03  17  06  08  00   916.63  -644.35   272.28
2013  03  17  06  09  00   984.82  -647.02   337.79
2013  03  17  06  10  00  1030.83  -661.42   369.40
2013  03  17  06  11  00  1032.17  -646.57   385.61
2013  03  17  06  12  00  1068.56  -689.96   378.60
2013  03  17  06  13  00   968.81  -635.85   332.96
2013  03  17  06  14  00   925.17  -631.14   294.04
2013  03  17  06  15  00   843.18  -560.99   282.19
2013  03  17  06  16  00   771.99  -479.18   292.80
2013  03  17  06  17  00   771.79  -488.71   283.07
2013  03  17  06  18  00   706.84  -470.69   236.15
2013  03  17  06  19  00   988.12  -759.98   228.14
2013  03  17  06  20  00  1032.65  -822.92   209.73
2013  03  17  06  21  00  1186.44  -955.22   231.22
2013  03  17  06  22  00  1164.58  -916.57   248.01
2013  03  17  06  23  00  1063.99  -769.54   294.45
2013  03  17  06  24  00  1009.11  -775.38   233.73
2013  03  17  06  25  00   851.59  -646.35   205.25
2013  03  17  06  26  00   735.66  -570.71   164.95
2013  03  17  06  27  00   658.86  -550.11   108.75
2013  03  17  06  28  00   661.48  -454.21   207.28
2013  03  17  06  29  00   697.17  -436.44   260.72
2013  03  17  06  30  00   614.83  -458.73   156.10
2013  03  17  06  31  00   600.92  -453.95   146.97
2013  03  17  06  32  00   663.64  -458.58   205.06
2013  03  17  06  33  00   679.54  -488.24   191.30
2013  03  17  06  34  00   724.04  -567.56   156.48
2013  03  17  06  35  00   793.59  -609.71   183.89
2013  03  17  06  36  00   958.33  -729.75   228.58
2013  03  17  06  37  00  1075.01  -851.69   223.32
2013  03  17  06  38  00  1105.30  -896.07   209.23
2013  03  17  06  39  00  1129.58  -948.59   180.99
2013  03  17  06  40  00  1219.52  -992.26   227.26
2013  03  17  06  41  00  1294.77 -1033.42   261.35
2013  03  17  06  42  00  1267.95 -1056.21   211.74
2013  03  17  06  43  00  1306.97 -1110.39   196.58
2013  03  17  06  44  00  1343.04 -1127.61   215.43
2013  03  17  06  45  00  1308.19 -1100.44   207.74
2013  03  17  06  46  00  1305.93 -1094.96   210.97
2013  03  17  06  47  00  1255.45 -1098.86   156.59
2013  03  17  06  48  00  1248.36 -1068.09   180.27
2013  03  17  06  49  00  1249.74 -1037.64   212.10
2013  03  17  06  50  00  1359.16 -1116.21   242.95
2013  03  17  06  51  00  1394.29 -1199.50   194.79
2013  03  17  06  52  00  1398.48 -1190.46   208.02
2013  03  17  06  53  00  1317.49 -1095.45   222.05
2013  03  17  06  54  00  1288.49 -1077.40   211.09
2013  03  17  06  55  00  1347.74 -1107.60   240.14
2013  03  17  06  56  00  1527.45 -1256.28   271.17
2013  03  17  06  57  00  1490.72 -1200.49   290.22
2013  03  17  06  58  00  1514.96 -1187.62   327.33
2013  03  17  06  59  00  1589.66 -1261.28   328.37
2013  03  17  07  00  00  1681.93 -1343.51   338.41
2013  03  17  07  01  00  1766.78 -1407.29   359.49
2013  03  17  07  02  00  1681.98 -1350.57   331.41
2013  03  17  07  03  00  1745.44 -1403.04   342.41
2013  03  17  07  04  00  1846.53 -1493.14   353.39
2013  03  17  07  05  00  1949.49 -1572.05   377.43
2013  03  17  07  06  00  1845.35 -1448.87   396.48
2013  03  17  07  07  00  1817.72 -1414.20   403.52
2013  03  17  07  08  00  1810.07 -1429.44   380.64
2013  03  17  07  09  00  1761.06 -1376.36   384.70
2013  03  17  07  10  00  1744.77 -1345.99   398.78
2013  03  17  07  11  00  1872.67 -1513.75   358.92
2013  03  17  07  12  00  1903.14 -1549.21   353.93
2013  03  17  07  13  00  1966.64 -1616.72   349.92
2013  03  17  07  14  00  2091.93 -1758.04   333.88
2013  03  17  07  15  00  2168.93 -1827.13   341.80
2013  03  17  07  16  00  2095.61 -1757.81   337.80
2013  03  17  07  17  00  1921.56 -1635.71   285.84
2013  03  17  07  18  00  1832.72 -1588.66   244.06
2013  03  17  07  19  00  1806.78 -1555.61   251.17
2013  03  17  07  20  00  1581.71 -1348.44   233.27
2013  03  17  07  21  00  1421.32 -1179.96   241.36
2013  03  17  07  22  00  1416.06 -1169.60   246.47
2013  03  17  07  23  00  1435.19 -1162.85   272.34
2013  03  17  07  24  00  1430.00 -1129.01   300.99
2013  03  17  07  25  00  1466.79 -1137.36   329.43
2013  03  17  07  26  00  1450.15 -1131.12   319.03
2013  03  17  07  27  00  1425.48 -1093.69   331.79
2013  03  17  07  28  00  1472.60 -1097.83   374.77
2013  03  17  07  29  00  1483.17 -1069.33   413.84
2013  03  17  07  30  00  1451.71 -1033.18   418.53
2013  03  17  07  31  00  1397.61  -987.12   410.49
2013  03  17  07  32  00  1389.02 -1022.16   366.86
2013  03  17  07  33  00  1410.26 -1043.78   366.48
2013  03  17  07  34  00  1422.54 -1081.74   340.80
2013  03  17  07  35  00  1353.82 -1024.27   329.54
2013  03  17  07  36  00  1296.13  -985.31   310.82
2013  03  17  07  37  00  1245.37  -944.28   301.09
2013  03  17  07  38  00  1221.72  -927.73   294.00
2013  03  17  07  39  00  1189.05  -900.31   288.74
2013  03  17  07  40  00  1361.94 -1003.09   358.85
2013  03  17  07  41  00  1460.47 -1051.82   408.66
2013  03  17  07  42  00  1484.89 -1058.38   426.51
2013  03  17  07  43  00  1569.66 -1062.38   507.27
2013  03  17  07  44  00  1684.57 -1159.27   525.30
2013  03  17  07  45  00  1652.55 -1240.20   412.35
2013  03  17  07  46  00  1590.62 -1254.65   335.97
2013  03  17  07  47  00  1467.07 -1096.10   370.97
2013  03  17  07  48  00  1334.17  -938.29   395.88
2013  03  17  07  49  00  1161.31  -781.37   379.94
2013  03  17  07  50  00  1099.57  -744.55   355.01
2013  03  17  07  51  00  1142.93  -806.94   335.99
2013  03  17  07  52  00  1228.70  -858.69   370.01
2013  03  17  07  53  00  1277.83  -888.80   389.04
2013  03  17  07  54  00  1243.47  -866.46   377.01
2013  03  17  07  55  00  1173.40  -798.39   375.02
2013  03  17  07  56  00  1160.50  -792.48   368.02
2013  03  17  07  57  00  1201.02  -805.97   395.05
2013  03  17  07  58  00  1217.96  -832.93   385.03
2013  03  17  07  59  00  1264.33  -907.35   356.98
2013  03  17  08  00  00  1327.29  -975.30   351.99
2013  03  17  08  01  00  1462.53 -1080.58   381.95
2013  03  17  08  02  00  1556.37 -1164.40   391.98
2013  03  17  08  03  00  1495.27 -1133.31   361.96
2013  03  17  08  04  00  1536.88 -1143.95   392.93
2013  03  17  08  05  00  1554.50 -1154.49   400.02
2013  03  17  08  06  00  1506.15 -1165.15   341.00
2013  03  17  08  07  00  1434.03 -1076.01   358.02
2013  03  17  08  08  00  1405.52 -1021.46   384.06
2013  03  17  08  09  00  1413.43 -1019.33   394.10
2013  03  17  08  10  00  1366.14  -985.05   381.09
2013  03  17  08  11  00  1429.00 -1051.91   377.09
2013  03  17  08  12  00  1419.50 -1050.41   369.09
2013  03  17  08  13  00  1366.79  -999.76   367.03
2013  03  17  08  14  00  1374.26 -1017.24   357.02
2013  03  17  08  15  00  1386.49 -1023.51   362.98
2013  03  17  08  16  00  1329.71  -949.79   379.91
2013  03  17  08  17  00  1284.16  -888.21   395.95
2013  03  17  08  18  00  1237.79  -845.84   391.94
2013  03  17  08  19  00  1233.70  -852.77   380.92
2013  03  17  08  20  00  1306.58  -913.69   392.90
2013  03  17  08  21  00  1380.47  -975.63   404.85
2013  03  17  08  22  00  1508.00 -1099.38   408.62
2013  03  17  08  23  00  1566.24 -1163.66   402.58
2013  03  17  08  24  00  1489.79 -1124.23   365.55
2013  03  17  08  25  00  1485.77 -1086.19   399.58
2013  03  17  08  26  00  1423.72 -1008.19   415.53
2013  03  17  08  27  00  1424.94 -1002.41   422.53
2013  03  17  08  28  00  1541.44 -1081.92   459.52
2013  03  17  08  29  00  1562.60 -1148.16   414.44
2013  03  17  08  30  00  1552.07 -1167.63   384.44
2013  03  17  08  31  00  1548.91 -1169.48   379.43
2013  03  17  08  32  00  1516.69 -1171.34   345.35
2013  03  17  08  33  00  1436.79 -1103.47   333.32
2013  03  17  08  34  00  1490.35 -1152.03   338.32
2013  03  17  08  35  00  1411.09 -1097.83   313.26
2013  03  17  08  36  00  1260.86  -947.58   313.28
2013  03  17  08  37  00  1185.99  -873.72   312.28
2013  03  17  08  38  00  1104.84  -817.60   287.24
2013  03  17  08  39  00  1074.88  -793.68   281.19
2013  03  17  08  40  00  1110.87  -828.68   282.20
2013  03  17  08  41  00  1126.24  -863.05   263.19
2013  03  17  08  42  00  1108.54  -866.35   242.18
2013  03  17  08  43  00  1132.33  -911.13   221.20
2013  03  17  08  44  00  1053.64  -852.49   201.15
2013  03  17  08  45  00  1042.04  -843.89   198.15
2013  03  17  08  46  00   932.79  -750.70   182.10
2013  03  17  08  47  00   862.63  -706.42   156.21
2013  03  17  08  48  00   861.03  -713.71   147.31
2013  03  17  08  49  00   916.14  -757.21   158.93
2013  03  17  08  50  00   991.21  -755.24   235.97
2013  03  17  08  51  00  1036.69  -715.62   321.07
2013  03  17  08  52  00  1087.39  -743.30   344.08
2013  03  17  08  53  00  1162.25  -776.28   385.97
2013  03  17  08  54  00  1128.26  -716.45   411.81
2013  03  17  08  55  00  1124.35  -705.55   418.79
2013  03  17  08  56  00  1131.40  -732.45   398.95
2013  03  17  08  57  00  1118.05  -744.98   373.08
2013  03  17  08  58  00  1088.02  -797.87   290.15
2013  03  17  08  59  00   950.85  -708.64   242.21
2013  03  17  09  00  00   877.41  -679.39   198.02
2013  03  17  09  01  00   868.63  -675.44   193.19
2013  03  17  09  02  00   843.92  -666.45   177.47
2013  03  17  09  03  00  1253.44  -654.43   599.01
2013  03  17  09  04  00  1371.90  -683.07   688.83
2013  03  17  09  05  00  1726.39  -756.77   969.62
2013  03  17  09  06  00  1025.61  -805.79   219.82
2013  03  17  09  07  00   987.25  -758.41   228.84
2013  03  17  09  08  00   946.68  -695.83   250.86
2013  03  17  09  09  00  1386.52  -692.28   694.24
2013  03  17  09  10  00  1374.89  -711.09   663.81
2013  03  17  09  11  00  1427.87  -747.42   680.44
2013  03  17  09  12  00  1496.98  -777.76   719.22
2013  03  17  09  13  00  1514.78  -749.34   765.44
2013  03  17  09  14  00  1532.40  -740.48   791.92
2013  03  17  09  15  00  1500.93  -731.27   769.66
2013  03  17  09  16  00  1509.27  -712.94   796.33
2013  03  17  09  17  00  1475.80  -718.35   757.45
2013  03  17  09  18  00  1443.65  -754.10   689.55
2013  03  17  09  19  00  1360.59  -723.14   637.45
2013  03  17  09  20  00  1500.45  -727.57   772.88
2013  03  17  09  21  00  1663.93  -842.84   821.10
2013  03  17  09  22  00  1724.75  -879.85   844.90
2013  03  17  09  23  00  1775.87  -896.99   878.89
2013  03  17  09  24  00  1711.90  -881.24   830.67
2013  03  17  09  25  00  1619.57  -842.10   777.47
2013  03  17  09  26  00  1497.56  -790.04   707.53
2013  03  17  09  27  00  1335.07  -709.84   625.22
2013  03  17  09  28  00  1197.06  -630.28   566.78
2013  03  17  09  29  00  1233.60  -636.84   596.76
2013  03  17  09  30  00  1234.38  -640.64   593.74
2013  03  17  09  31  00  1227.95  -647.23   580.73
2013  03  17  09  32  00  1214.35  -646.68   567.67
2013  03  17  09  33  00  1151.06  -635.38   515.68
2013  03  17  09  34  00  1066.40  -604.69   461.70
2013  03  17  09  35  00  1095.73  -606.11   489.62
2013  03  17  09  36  00  1079.51  -568.72   510.79
2013  03  17  09  37  00  1089.54  -579.86   509.69
2013  03  17  09  38  00  1189.59  -642.92   546.67
2013  03  17  09  39  00  1221.54  -667.88   553.65
2013  03  17  09  40  00  1337.94  -687.44   650.50
2013  03  17  09  41  00  1306.44  -680.33   626.10
2013  03  17  09  42  00  1361.07  -715.41   645.65
2013  03  17  09  43  00  1364.69  -693.02   671.67
2013  03  17  09  44  00  1364.07  -702.79   661.28
2013  03  17  09  45  00  1591.54  -796.09   795.45
2013  03  17  09  46  00  1840.64  -891.98   948.66
2013  03  17  09  47  00  1824.53  -895.87   928.66
2013  03  17  09  48  00  1726.67  -847.19   879.47
2013  03  17  09  49  00  1809.64  -898.83   910.81
2013  03  17  09  50  00  1993.33 -1020.97   972.36
2013  03  17  09  51  00  1990.46 -1031.20   959.25
2013  03  17  09  52  00  1832.71 -1011.76   820.95
2013  03  17  09  53  00  1706.50  -943.35   763.16
2013  03  17  09  54  00  1445.34  -823.73   621.61
2013  03  17  09  55  00  1334.29  -763.28   571.01
2013  03  17  09  56  00  1250.46  -706.18   544.28
2013  03  17  09  57  00  1169.14  -663.82   505.32
2013  03  17  09  58  00  1155.69  -669.42   486.28
2013  03  17  09  59  00  1152.85  -708.89   443.96
2013  03  17  10  00  00  1170.80  -743.83   426.97
2013  03  17  10  01  00  1198.94  -813.86   385.07
2013  03  17  10  02  00  1168.04  -831.28   336.76
2013  03  17  10  03  00  1261.87  -915.13   346.75
2013  03  17  10  04  00  1369.56  -986.83   382.73
2013  03  17  10  05  00  1317.58  -919.91   397.67
2013  03  17  10  06  00  1235.00  -849.38   385.62
2013  03  17  10  07  00  1101.32  -728.77   372.55
2013  03  17  10  08  00   983.98  -669.47   314.51
2013  03  17  10  09  00   899.03  -645.56   253.47
2013  03  17  10  10  00   863.00  -639.68   223.32
2013  03  17  10  11  00   883.02  -662.06   220.97
2013  03  17  10  12  00   926.25  -702.45   223.81
2013  03  17  10  13  00   939.86  -714.84   225.03
2013  03  17  10  14  00   971.76  -719.56   252.20
2013  03  17  10  15  00  1019.32  -730.20   289.12
2013  03  17  10  16  00  1077.36  -794.31   283.05
2013  03  17  10  17  00  1075.28  -802.31   272.96
2013  03  17  10  18  00  1066.59  -790.33   276.25
2013  03  17  10  19  00   969.87  -718.02   251.85
2013  03  17  10  20  00   870.98  -653.30   217.68
2013  03  17  10  21  00   810.75  -581.07   229.68
2013  03  17  10  22  00   698.95  -502.23   196.72
2013  03  17  10  23  00   622.33  -451.75   170.58
2013  03  17  10  24  00   621.16  -429.66   191.50
2013  03  17  10  25  00   632.17  -439.76   192.41
2013  03  17  10  26  00   688.34  -455.70   232.64
2013  03  17  10  27  00   746.40  -474.80   271.61
2013  03  17  10  28  00   756.52  -474.04   282.48
2013  03  17  10  29  00   753.41  -468.89   284.52
2013  03  17  10  30  00   717.49  -481.90   235.59
2013  03  17  10  31  00   680.32  -502.75   177.56
2013  03  17  10  32  00   664.13  -496.58   167.55
2013  03  17  10  33  00   660.33  -488.71   171.62
2013  03  17  10  34  00   602.40  -451.73   150.67
2013  03  17  10  35  00   542.49  -398.09   144.40
2013  03  17  10  36  00   493.59  -350.16   143.42
2013  03  17  10  37  00   494.56  -346.23   148.33
2013  03  17  10  38  00   490.60  -328.04   162.56
2013  03  17  10  39  00   468.67  -300.35   168.32
2013  03  17  10  40  00   433.23  -283.29   149.94
2013  03  17  10  41  00   443.15  -279.64   163.50
2013  03  17  10  42  00   466.72  -276.76   189.95
2013  03  17  10  43  00   526.43  -284.69   241.73
2013  03  17  10  44  00   592.57  -305.34   287.23
2013  03  17  10  45  00   595.03  -303.47   291.56
2013  03  17  10  46  00   493.81  -269.50   224.32
2013  03  17  10  47  00   493.34  -274.42   218.92
2013  03  17  10  48  00   488.25  -265.29   222.96
2013  03  17  10  49  00   566.54  -324.57   241.97
2013  03  17  10  50  00   599.42  -340.45   258.97
2013  03  17  10  51  00   583.03  -321.04   261.99
2013  03  17  10  52  00   535.40  -295.42   239.98
2013  03  17  10  53  00   513.19  -288.28   224.91
2013  03  17  10  54  00   525.94  -322.17   203.77
2013  03  17  10  55  00   532.28  -341.52   190.76
2013  03  17  10  56  00   514.78  -318.95   195.83
2013  03  17  10  57  00   503.40  -307.74   195.66
2013  03  17  10  58  00   476.42  -293.77   182.65
2013  03  17  10  59  00   465.04  -307.73   157.31
2013  03  17  11  00  00   463.07  -314.41   148.66
2013  03  17  11  01  00   461.56  -311.00   150.57
2013  03  17  11  02  00   488.52  -320.10   168.42
2013  03  17  11  03  00   500.91  -328.55   172.36
2013  03  17  11  04  00   486.72  -322.79   163.93
2013  03  17  11  05  00   502.10  -330.05   172.05
2013  03  17  11  06  00   502.52  -331.64   170.88
2013  03  17  11  07  00   525.62  -353.83   171.79
2013  03  17  11  08  00   499.62  -350.02   149.61
2013  03  17  11  09  00   623.36  -378.95   244.41
2013  03  17  11  10  00   724.24  -421.98   302.26
2013  03  17  11  11  00   744.84  -425.72   319.12
2013  03  17  11  12  00   753.80  -419.83   333.97
2013  03  17  11  13  00   737.51  -433.69   303.82
2013  03  17  11  14  00   782.77  -465.09   317.68
2013  03  17  11  15  00   835.10  -498.56   336.54
2013  03  17  11  16  00   869.25  -534.86   334.39
2013  03  17  11  17  00   871.68  -541.43   330.24
2013  03  17  11  18  00   858.50  -542.42   316.08
2013  03  17  11  19  00   873.72  -550.78   322.94
2013  03  17  11  20  00   941.80  -596.09   345.72
2013  03  17  11  21  00   949.59  -595.98   353.61
2013  03  17  11  22  00   975.59  -613.12   362.46
2013  03  17  11  23  00  1012.44  -637.14   375.30
2013  03  17  11  24  00   984.87  -596.71   388.16
2013  03  17  11  25  00  1009.78  -600.73   409.05
2013  03  17  11  26  00  1000.03  -603.11   396.91
2013  03  17  11  27  00   990.02  -615.26   374.75
2013  03  17  11  28  00  1020.36  -609.65   410.72
2013  03  17  11  29  00  1056.04  -596.28   459.76
2013  03  17  11  30  00  1075.57  -606.20   469.37
2013  03  17  11  31  00  1100.30  -632.96   467.34
2013  03  17  11  32  00  1077.95  -654.13   423.83
2013  03  17  11  33  00  1107.88  -711.39   396.49
2013  03  17  11  34  00  1171.02  -750.83   420.20
2013  03  17  11  35  00  1252.78  -763.68   489.10
2013  03  17  11  36  00  1330.07  -750.10   579.97
2013  03  17  11  37  00  1393.62  -715.17   678.46
2013  03  17  11  38  00  1369.44  -699.45   669.99
2013  03  17  11  39  00  1210.47  -644.02   566.45
2013  03  17  11  40  00  1193.01  -646.87   546.14
2013  03  17  11  41  00  1255.41  -629.18   626.23
2013  03  17  11  42  00  1358.83  -685.94   672.88
2013  03  17  11  43  00  1517.58  -773.98   743.60
2013  03  17  11  44  00  1531.23  -805.21   726.02
2013  03  17  11  45  00  1587.15  -908.87   678.27
2013  03  17  11  46  00  1530.76  -875.47   655.29
2013  03  17  11  47  00  1437.72  -809.58   628.14
2013  03  17  11  48  00  1447.32  -832.65   614.67
2013  03  17  11  49  00  1388.13  -801.18   586.95
2013  03  17  11  50  00  1270.47  -768.01   502.47
2013  03  17  11  51  00  1220.72  -766.63   454.09
2013  03  17  11  52  00  1238.16  -773.41   464.75
2013  03  17  11  53  00  1328.50  -847.86   480.64
2013  03  17  11  54  00  1336.06  -866.78   469.28
2013  03  17  11  55  00  1321.88  -811.12   510.75
2013  03  17  11  56  00  1331.36  -776.68   554.68
2013  03  17  11  57  00  1258.84  -741.81   517.03
2013  03  17  11  58  00  1158.09  -716.77   441.32
2013  03  17  11  59  00  1103.46  -704.82   398.65
2013  03  17  12  00  00  1172.37  -801.56   370.81
2013  03  17  12  01  00  1132.57  -804.86   327.72
2013  03  17  12  02  00  1201.63  -920.38   281.24
2013  03  17  12  03  00  1336.91  -994.08   342.83
2013  03  17  12  04  00  1346.80  -964.82   381.98
2013  03  17  12  05  00  1367.32  -918.61   448.71
2013  03  17  12  06  00  1340.92  -924.01   416.91
2013  03  17  12  07  00  1366.23  -950.16   416.07
2013  03  17  12  08  00  1336.07  -954.84   381.23
2013  03  17  12  09  00  1357.90  -962.23   395.67
2013  03  17  12  10  00  1445.36 -1020.35   425.01
2013  03  17  12  11  00  1424.92 -1053.44   371.48
2013  03  17  12  12  00  1375.61 -1036.08   339.53
2013  03  17  12  13  00  1419.08 -1056.56   362.52
2013  03  17  12  14  00  1432.63 -1031.34   401.30
2013  03  17  12  15  00  1474.92 -1035.16   439.75
2013  03  17  12  16  00  1664.39 -1200.27   464.13
2013  03  17  12  17  00  1856.72 -1323.95   532.77
2013  03  17  12  18  00  1790.03 -1283.79   506.24
2013  03  17  12  19  00  1729.82 -1284.40   445.43
2013  03  17  12  20  00  1656.34 -1240.54   415.80
2013  03  17  12  21  00  1598.03 -1154.08   443.95
2013  03  17  12  22  00  1468.16 -1028.77   439.39
2013  03  17  12  23  00  1371.67  -908.75   462.92
2013  03  17  12  24  00  1376.01  -923.75   452.26
2013  03  17  12  25  00  1339.97  -927.51   412.45
2013  03  17  12  26  00  1242.22  -884.77   357.45
2013  03  17  12  27  00  1334.51  -950.07   384.44
2013  03  17  12  28  00  1230.49  -855.81   374.68
2013  03  17  12  29  00  1252.30  -834.97   417.33
2013  03  17  12  30  00  1260.88  -822.68   438.19
2013  03  17  12  31  00  1246.19  -796.12   450.07
2013  03  17  12  32  00  1206.27  -746.32   459.95
2013  03  17  12  33  00  1233.67  -778.84   454.82
2013  03  17  12  34  00  1244.61  -783.89   460.71
2013  03  17  12  35  00  1250.60  -800.98   449.62
2013  03  17  12  36  00  1185.27  -766.76   418.52
2013  03  17  12  37  00  1193.94  -774.53   419.41
2013  03  17  12  38  00  1328.37  -851.08   477.29
2013  03  17  12  39  00  1288.26  -785.09   503.16
2013  03  17  12  40  00  1298.87  -775.84   523.03
2013  03  17  12  41  00  1341.14  -812.27   528.87
2013  03  17  12  42  00  1337.34  -852.61   484.74
2013  03  17  12  43  00  1346.10  -928.06   418.04
2013  03  17  12  44  00  1370.30  -929.86   440.44
2013  03  17  12  45  00  1359.34  -926.04   433.30
2013  03  17  12  46  00  1328.25  -894.31   433.94
2013  03  17  12  47  00  1378.06  -911.73   466.33
2013  03  17  12  48  00  1499.82 -1033.57   466.25
2013  03  17  12  49  00  1560.93 -1107.56   453.37
2013  03  17  12  50  00  1509.10 -1061.27   447.83
2013  03  17  12  51  00  1364.59  -973.66   390.93
2013  03  17  12  52  00  1299.58  -881.74   417.84
2013  03  17  12  53  00  1205.31  -789.54   415.77
2013  03  17  12  54  00  1083.94  -712.27   371.68
2013  03  17  12  55  00  1021.17  -666.58   354.58
2013  03  17  12  56  00  1009.07  -674.57   334.50
2013  03  17  12  57  00   946.34  -607.91   338.43
2013  03  17  12  58  00   957.45  -600.09   357.36
2013  03  17  12  59  00   932.00  -590.70   341.31
2013  03  17  13  00  00   885.78  -573.54   312.24
2013  03  17  13  01  00   875.67  -554.51   321.16
2013  03  17  13  02  00   857.42  -532.35   325.07
2013  03  17  13  03  00   860.67  -522.69   337.99
2013  03  17  13  04  00   850.04  -493.11   356.93
2013  03  17  13  05  00   856.45  -501.60   354.86
2013  03  17  13  06  00   809.69  -469.87   339.82
2013  03  17  13  07  00   852.91  -529.14   323.77
2013  03  17  13  08  00   839.89  -531.17   308.72
2013  03  17  13  09  00   802.87  -512.21   290.66
2013  03  17  13  10  00   817.61  -537.55   280.06
2013  03  17  13  11  00   812.45  -532.91   279.54
2013  03  17  13  12  00   780.14  -521.39   258.75
2013  03  17  13  13  00   730.84  -483.23   247.60
2013  03  17  13  14  00   712.78  -451.40   261.38
2013  03  17  13  15  00   697.31  -422.95   274.36
2013  03  17  13  16  00   668.90  -386.58   282.32
2013  03  17  13  17  00   650.01  -387.72   262.29
2013  03  17  13  18  00   635.73  -389.47   246.26
2013  03  17  13  19  00   650.72  -405.31   245.41
2013  03  17  13  20  00   654.49  -410.99   243.50
2013  03  17  13  21  00   648.99  -399.88   249.12
2013  03  17  13  22  00   635.89  -384.80   251.09
2013  03  17  13  23  00   596.86  -355.81   241.06
2013  03  17  13  24  00   557.30  -341.26   216.04
2013  03  17  13  25  00   557.94  -346.91   211.03
2013  03  17  13  26  00   573.09  -348.36   224.73
2013  03  17  13  27  00   529.94  -322.20   207.73
2013  03  17  13  28  00   617.81  -397.71   220.10
2013  03  17  13  29  00   619.04  -382.30   236.74
2013  03  17  13  30  00   576.66  -320.02   256.64
2013  03  17  13  31  00   545.12  -294.61   250.51
2013  03  17  13  32  00   617.54  -384.06   233.48
2013  03  17  13  33  00   632.99  -399.13   233.86
2013  03  17  13  34  00   603.15  -361.82   241.33
2013  03  17  13  35  00   606.47  -347.23   259.23
2013  03  17  13  36  00   606.33  -319.02   287.31
2013  03  17  13  37  00   589.62  -315.63   274.00
2013  03  17  13  38  00   674.58  -395.77   278.82
2013  03  17  13  39  00   793.51  -507.60   285.90
2013  03  17  13  40  00   839.99  -541.00   298.99
2013  03  17  13  41  00   860.25  -560.13   300.12
2013  03  17  13  42  00   906.39  -579.98   326.41
2013  03  17  13  43  00   946.42  -603.44   342.98
2013  03  17  13  44  00   957.26  -613.36   343.90
2013  03  17  13  45  00   966.97  -635.17   331.80
2013  03  17  13  46  00   960.45  -636.17   324.29
2013  03  17  13  47  00   954.34  -647.37   306.97
2013  03  17  13  48  00   980.41  -661.60   318.81
2013  03  17  13  49  00   975.07  -660.09   314.98
2013  03  17  13  50  00   997.92  -674.11   323.81
2013  03  17  13  51  00  1040.86  -730.46   310.39
2013  03  17  13  52  00   970.21  -680.27   289.94
2013  03  17  13  53  00   929.64  -638.79   290.85
2013  03  17  13  54  00  1007.02  -723.31   283.71
2013  03  17  13  55  00  1057.66  -769.49   288.17
2013  03  17  13  56  00   980.99  -694.17   286.81
2013  03  17  13  57  00  1055.39  -773.64   281.74
2013  03  17  13  58  00  1082.73  -798.43   284.31
2013  03  17  13  59  00  1087.75  -779.68   308.07
2013  03  17  14  00  00  1086.75  -752.87   333.88
2013  03  17  14  01  00  1092.30  -755.08   337.22
2013  03  17  14  02  00  1054.81  -735.41   319.40
2013  03  17  14  03  00  1074.59  -764.12   310.46
2013  03  17  14  04  00  1104.83  -805.59   299.24
2013  03  17  14  05  00  1101.48  -796.51   304.98
2013  03  17  14  06  00  1158.81  -849.22   309.59
2013  03  17  14  07  00  1232.34  -909.74   322.61
2013  03  17  14  08  00  1283.47  -931.96   351.51
2013  03  17  14  09  00  1393.11 -1026.70   366.40
2013  03  17  14  10  00  1421.69 -1057.68   364.01
2013  03  17  14  11  00  1407.61 -1047.38   360.22
2013  03  17  14  12  00  1400.61 -1053.23   347.38
2013  03  17  14  13  00  1295.54  -942.53   353.01
2013  03  17  14  14  00  1150.36  -815.64   334.72
2013  03  17  14  15  00  1194.86  -806.04   388.82
2013  03  17  14  16  00  1099.19  -686.55   412.63
2013  03  17  14  17  00  1100.41  -680.20   420.21
2013  03  17  14  18  00  1050.51  -637.25   413.26
2013  03  17  14  19  00  1088.12  -690.94   397.17
2013  03  17  14  20  00  1071.38  -698.43   372.94
2013  03  17  14  21  00  1065.52  -682.26   383.26
2013  03  17  14  22  00  1054.45  -665.86   388.59
2013  03  17  14  23  00  1028.51  -645.15   383.36
2013  03  17  14  24  00   994.39  -608.95   385.44
2013  03  17  14  25  00   930.21  -544.68   385.54
2013  03  17  14  26  00   913.80  -533.11   380.69
2013  03  17  14  27  00   904.14  -511.28   392.85
2013  03  17  14  28  00   923.90  -552.60   371.31
2013  03  17  14  29  00   912.48  -570.10   342.38
2013  03  17  14  30  00   894.08  -576.41   317.67
2013  03  17  14  31  00   874.24  -579.79   294.45
2013  03  17  14  32  00   888.40  -594.77   293.63
2013  03  17  14  33  00   880.43  -588.60   291.83
2013  03  17  14  34  00   876.48  -594.84   281.64
2013  03  17  14  35  00   853.55  -594.04   259.51
2013  03  17  14  36  00   844.66  -592.66   252.00
2013  03  17  14  37  00   803.84  -575.87   227.97
2013  03  17  14  38  00   876.05  -656.00   220.05
2013  03  17  14  39  00   865.23  -648.08   217.15
2013  03  17  14  40  00   773.65  -558.67   214.98
2013  03  17  14  41  00   822.11  -618.79   203.33
2013  03  17  14  42  00   900.73  -692.44   208.29
2013  03  17  14  43  00   819.96  -597.71   222.25
2013  03  17  14  44  00   870.35  -642.13   228.22
2013  03  17  14  45  00   822.23  -589.48   232.74
2013  03  17  14  46  00   832.24  -613.81   218.43
2013  03  17  14  47  00   845.50  -627.04   218.46
2013  03  17  14  48  00   888.59  -681.99   206.59
2013  03  17  14  49  00   946.38  -716.91   229.46
2013  03  17  14  50  00   949.10  -685.96   263.14
2013  03  17  14  51  00   944.33  -653.74   290.58
2013  03  17  14  52  00  1046.90  -762.98   283.93
2013  03  17  14  53  00  1037.17  -777.84   259.33
2013  03  17  14  54  00  1094.48  -815.33   279.15
2013  03  17  14  55  00  1129.10  -855.94   273.16
2013  03  17  14  56  00  1068.43  -825.98   242.45
2013  03  17  14  57  00   994.98  -760.27   234.71
2013  03  17  14  58  00   942.06  -696.38   245.67
2013  03  17  14  59  00   926.36  -678.74   247.63
2013  03  17  15  00  00   968.43  -713.86   254.58
2013  03  17  15  01  00   963.20  -698.67   264.53
2013  03  17  15  02  00   937.47  -657.00   280.47
2013  03  17  15  03  00   955.25  -657.81   297.44
2013  03  17  15  04  00   977.89  -675.48   302.40
2013  03  17  15  05  00  1003.79  -710.43   293.36
2013  03  17  15  06  00   988.30  -690.98   297.32
2013  03  17  15  07  00   959.91  -657.64   302.28
2013  03  17  15  08  00   887.38  -589.13   298.25
2013  03  17  15  09  00   817.18  -511.96   305.22
2013  03  17  15  10  00   839.33  -531.15   308.19
2013  03  17  15  11  00   815.29  -507.03   308.26
2013  03  17  15  12  00   830.09  -516.97   313.12
2013  03  17  15  13  00   846.70  -530.61   316.09
2013  03  17  15  14  00   861.92  -534.84   327.08
2013  03  17  15  15  00   872.22  -540.19   332.03
2013  03  17  15  16  00   896.89  -568.92   327.96
2013  03  17  15  17  00   879.80  -575.91   303.89
2013  03  17  15  18  00   855.42  -562.97   292.45
2013  03  17  15  19  00   813.96  -535.23   278.74
2013  03  17  15  20  00   820.85  -538.06   282.79
2013  03  17  15  21  00   825.49  -532.74   292.74
2013  03  17  15  22  00   832.42  -521.72   310.70
2013  03  17  15  23  00   877.60  -569.93   307.67
2013  03  17  15  24  00   904.66  -586.02   318.64
2013  03  17  15  25  00   888.92  -566.31   322.61
2013  03  17  15  26  00   898.17  -576.61   321.56
2013  03  17  15  27  00   927.63  -599.14   328.49
2013  03  17  15  28  00   960.58  -628.17   332.41
2013  03  17  15  29  00   969.51  -640.43   329.08
2013  03  17  15  30  00  1121.25  -756.12   365.13
2013  03  17  15  31  00  1156.18  -798.76   357.42
2013  03  17  15  32  00  1223.44  -843.98   379.46
2013  03  17  15  33  00  1204.99  -826.41   378.58
2013  03  17  15  34  00  1185.01  -834.34   350.67
2013  03  17  15  35  00  1174.64  -848.42   326.22
2013  03  17  15  36  00  1255.72  -923.53   332.18
2013  03  17  15  37  00  1249.21  -930.52   318.68
2013  03  17  15  38  00  1160.52  -861.49   299.03
2013  03  17  15  39  00  1207.97  -879.04   328.93
2013  03  17  15  40  00  1294.22  -928.81   365.41
2013  03  17  15  41  00  1413.98 -1031.40   382.58
2013  03  17  15  42  00  1461.00 -1096.63   364.37
2013  03  17  15  43  00  1479.83 -1109.00   370.83
2013  03  17  15  44  00  1492.70 -1124.54   368.16
2013  03  17  15  45  00  1482.83 -1105.81   377.02
2013  03  17  15  46  00  1377.93  -991.74   386.19
2013  03  17  15  47  00  1324.76  -932.27   392.49
2013  03  17  15  48  00  1212.55  -828.80   383.74
2013  03  17  15  49  00  1194.03  -831.79   362.24
2013  03  17  15  50  00  1190.78  -809.66   381.11
2013  03  17  15  51  00  1134.68  -722.65   412.03
2013  03  17  15  52  00  1130.14  -688.01   442.13
2013  03  17  15  53  00  1126.64  -636.65   490.00
2013  03  17  15  54  00  1224.08  -642.24   581.84
2013  03  17  15  55  00  1330.55  -740.41   590.14
2013  03  17  15  56  00  1629.06  -972.49   656.56
2013  03  17  15  57  00  1788.41 -1123.23   665.19
2013  03  17  15  58  00  1820.35 -1099.58   720.78
2013  03  17  15  59  00  1665.60 -1011.08   654.52
2013  03  17  16  00  00  1539.89  -955.26   584.64
2013  03  17  16  01  00  1552.78  -966.41   586.36
2013  03  17  16  02  00  1552.19  -968.28   583.91
2013  03  17  16  03  00  1568.47 -1081.02   487.45
2013  03  17  16  04  00  1509.61 -1089.93   419.68
2013  03  17  16  05  00  1365.02  -992.21   372.81
2013  03  17  16  06  00  1368.90  -981.60   387.30
2013  03  17  16  07  00  1343.67  -955.94   387.73
2013  03  17  16  08  00  1394.75 -1038.16   356.60
2013  03  17  16  09  00  1365.25 -1032.84   332.41
2013  03  17  16  10  00  1443.35 -1066.21   377.14
2013  03  17  16  11  00  1434.22 -1026.14   408.08
2013  03  17  16  12  00  1379.43  -967.56   411.88
2013  03  17  16  13  00  1374.96  -947.49   427.46
2013  03  17  16  14  00  1401.70 -1019.28   382.43
2013  03  17  16  15  00  1493.22 -1132.28   360.94
2013  03  17  16  16  00  1483.67 -1076.21   407.47
2013  03  17  16  17  00  1422.59 -1024.98   397.61
2013  03  17  16  18  00  1516.29 -1116.62   399.66
2013  03  17  16  19  00  1610.00 -1205.46   404.53
2013  03  17  16  20  00  1841.16 -1408.91   432.25
2013  03  17  16  21  00  2012.48 -1565.59   446.89
2013  03  17  16  22  00  1999.55 -1550.24   449.32
2013  03  17  16  23  00  2102.92 -1651.84   451.08
2013  03  17  16  24  00  2096.27 -1647.69   448.58
2013  03  17  16  25  00  2023.79 -1590.43   433.36
2013  03  17  16  26  00  2061.94 -1644.48   417.46
2013  03  17  16  27  00  2284.57 -1859.38   425.20
2013  03  17  16  28  00  2416.36 -1983.32   433.04
2013  03  17  16  29  00  2359.44 -1932.76   426.67
2013  03  17  16  30  00  2310.73 -1870.42   440.30
2013  03  17  16  31  00  2351.06 -1867.87   483.19
2013  03  17  16  32  00  2230.99 -1724.19   506.80
2013  03  17  16  33  00  2403.76 -1899.02   504.74
2013  03  17  16  34  00  2396.73 -1903.91   492.81
2013  03  17  16  35  00  2162.94 -1665.06   497.88
2013  03  17  16  36  00  1898.49 -1397.34   501.15
2013  03  17  16  37  00  1824.27 -1301.10   523.17
2013  03  17  16  38  00  1854.47 -1332.61   521.85
2013  03  17  16  39  00  3011.94 -2475.40   536.55
2013  03  17  16  40  00  3028.68 -2485.19   543.49
2013  03  17  16  41  00  2240.28 -1706.25   534.03
2013  03  17  16  42  00  2113.95 -1590.50   523.45
2013  03  17  16  43  00  2204.10 -1676.52   527.58
2013  03  17  16  44  00  2557.18 -2036.75   520.43
2013  03  17  16  45  00  2696.79 -2178.87   517.93
2013  03  17  16  46  00  2372.19 -1881.22   490.97
2013  03  17  16  47  00  2220.45 -1762.66   457.79
2013  03  17  16  48  00  1971.12 -1519.02   452.10
2013  03  17  16  49  00  2020.12 -1571.07   449.05
2013  03  17  16  50  00  2060.89 -1615.76   445.13
2013  03  17  16  51  00  2043.73 -1608.12   435.61
2013  03  17  16  52  00  2257.73 -1825.19   432.55
2013  03  17  16  53  00  2292.97 -1858.99   433.98
2013  03  17  16  54  00  2254.68 -1811.31   443.36
2013  03  17  16  55  00  2223.57 -1767.32   456.25
2013  03  17  16  56  00  2111.01 -1643.19   467.82
2013  03  17  16  57  00  2041.73 -1562.68   479.06
2013  03  17  16  58  00  2095.94 -1633.77   462.17
2013  03  17  16  59  00  2193.06 -1746.90   446.16
2013  03  17  17  00  00  2087.82 -1675.03   412.79
2013  03  17  17  01  00  1972.29 -1586.85   385.43
2013  03  17  17  02  00  2231.91 -1845.99   385.92
2013  03  17  17  03  00  2482.92 -2086.22   396.70
2013  03  17  17  04  00  2529.46 -2108.85   420.61
2013  03  17  17  05  00  2240.00 -1823.08   416.92
2013  03  17  17  06  00  2073.03 -1672.97   400.07
2013  03  17  17  07  00  2113.56 -1726.73   386.83
2013  03  17  17  08  00  2122.54 -1734.16   388.38
2013  03  17  17  09  00  2196.50 -1811.11   385.40
2013  03  17  17  10  00  1947.29 -1562.26   385.02
2013  03  17  17  11  00  1733.34 -1358.18   375.16
2013  03  17  17  12  00  1542.51 -1168.56   373.95
2013  03  17  17  13  00  1521.30 -1162.00   359.30
2013  03  17  17  14  00  1645.92 -1289.47   356.44
2013  03  17  17  15  00  1598.72 -1245.77   352.94
2013  03  17  17  16  00  1649.86 -1306.70   343.16
2013  03  17  17  17  00  1705.42 -1361.64   343.78
2013  03  17  17  18  00  1767.42 -1430.40   337.03
2013  03  17  17  19  00  1829.80 -1478.35   351.45
2013  03  17  17  20  00  1900.88 -1539.21   361.67
2013  03  17  17  21  00  1936.93 -1582.34   354.59
2013  03  17  17  22  00  1984.97 -1622.75   362.22
2013  03  17  17  23  00  1981.03 -1619.88   361.16
2013  03  17  17  24  00  1951.84 -1604.01   347.84
2013  03  17  17  25  00  1979.03 -1636.19   342.85
2013  03  17  17  26  00  1946.14 -1593.45   352.69
2013  03  17  17  27  00  1894.02 -1547.29   346.73
2013  03  17  17  28  00  1933.43 -1591.62   341.81
2013  03  17  17  29  00  1985.34 -1635.09   350.25
2013  03  17  17  30  00  2017.48 -1670.89   346.59
2013  03  17  17  31  00  2041.02 -1727.14   313.88
2013  03  17  17  32  00  1918.01 -1625.68   292.33
2013  03  17  17  33  00  1999.18 -1698.36   300.82
2013  03  17  17  34  00  2064.22 -1747.84   316.38
2013  03  17  17  35  00  1963.80 -1621.52   342.28
2013  03  17  17  36  00  1923.23 -1566.51   356.72
2013  03  17  17  37  00  1819.63 -1472.74   346.89
2013  03  17  17  38  00  1951.93 -1599.10   352.83
2013  03  17  17  39  00  1929.95 -1581.49   348.46
2013  03  17  17  40  00  1823.69 -1480.99   342.70
2013  03  17  17  41  00  1678.35 -1339.42   338.93
2013  03  17  17  42  00  1455.82 -1121.60   334.23
2013  03  17  17  43  00  1434.71 -1085.68   349.02
2013  03  17  17  44  00  1317.42  -979.69   337.73
2013  03  17  17  45  00  1402.24 -1042.44   359.80
2013  03  17  17  46  00  1410.24 -1050.22   360.02
2013  03  17  17  47  00  1505.28 -1138.15   367.12
2013  03  17  17  48  00  1410.31 -1032.25   378.06
2013  03  17  17  49  00  1394.19 -1023.73   370.46
2013  03  17  17  50  00  1309.46  -943.31   366.15
2013  03  17  17  51  00  1272.89  -898.34   374.55
2013  03  17  17  52  00  1246.69  -888.78   357.92
2013  03  17  17  53  00  1336.84  -975.46   361.38
2013  03  17  17  54  00  1276.12  -940.36   335.76
2013  03  17  17  55  00  1359.05 -1027.89   331.16
2013  03  17  17  56  00  1275.89  -945.90   329.99
2013  03  17  17  57  00  1252.55  -914.67   337.88
2013  03  17  17  58  00  1202.04  -867.44   334.61
2013  03  17  17  59  00  1194.18  -853.16   341.02
2013  03  17  18  00  00  1296.69  -944.92   351.77
2013  03  17  18  01  00  1276.61  -914.12   362.49
2013  03  17  18  02  00  1152.33  -793.85   358.48
2013  03  17  18  03  00  1077.76  -699.08   378.67
2013  03  17  18  04  00  1019.95  -692.42   327.54
2013  03  17  18  05  00   800.15  -676.99   123.16
2013  03  17  18  06  00   827.48  -687.02   140.46
2013  03  17  18  07  00   839.53  -690.90   148.63
2013  03  17  18  08  00   844.84  -689.45   155.40
2013  03  17  18  09  00   830.27  -679.69   150.57
2013  03  17  18  10  00   810.97  -690.06   120.91
2013  03  17  18  11  00   847.55  -719.10   128.45
2013  03  17  18  12  00   941.90  -789.46   152.43
2013  03  17  18  13  00   998.54  -830.60   167.94
2013  03  17  18  14  00  1044.84  -861.73   183.11
2013  03  17  18  15  00   982.58  -802.98   179.60
2013  03  17  18  16  00   989.88  -827.55   162.34
2013  03  17  18  17  00  1007.03  -813.83   193.19
2013  03  17  18  18  00   956.71  -748.68   208.03
2013  03  17  18  19  00   974.30  -775.58   198.72
2013  03  17  18  20  00  1024.86  -839.79   185.07
2013  03  17  18  21  00  1083.45  -881.32   202.13
2013  03  17  18  22  00  1119.43  -925.24   194.20
2013  03  17  18  23  00  1162.29  -886.68   275.61
2013  03  17  18  24  00  1233.75  -962.80   270.96
2013  03  17  18  25  00  1282.47 -1007.63   274.84
2013  03  17  18  26  00  1250.05  -976.51   273.54
2013  03  17  18  27  00  1171.09  -885.31   285.78
2013  03  17  18  28  00  1119.67  -850.25   269.42
2013  03  17  18  29  00  1137.36  -851.12   286.24
2013  03  17  18  30  00  1160.16  -878.91   281.25
2013  03  17  18  31  00  1162.23  -897.81   264.42
2013  03  17  18  32  00  1173.94  -898.17   275.77
2013  03  17  18  33  00  1214.94  -941.66   273.28
2013  03  17  18  34  00  1256.51  -962.62   293.89
2013  03  17  18  35  00  1286.89  -979.65   307.24
2013  03  17  18  36  00  1345.06 -1031.46   313.60
2013  03  17  18  37  00  1441.95 -1137.21   304.74
2013  03  17  18  38  00  1645.29 -1329.05   316.24
2013  03  17  18  39  00  1741.61 -1429.28   312.33
2013  03  17  18  40  00  1666.03 -1379.85   286.18
2013  03  17  18  41  00  1439.47 -1160.11   279.36
2013  03  17  18  42  00  1169.75  -889.50   280.26
2013  03  17  18  43  00  1196.09  -924.37   271.72
2013  03  17  18  44  00  1116.65  -847.39   269.26
2013  03  17  18  45  00  1023.37  -773.64   249.72
2013  03  17  18  46  00  1066.62  -823.64   242.99
2013  03  17  18  47  00  1082.58  -847.34   235.24
2013  03  17  18  48  00  1050.09  -813.70   236.40
2013  03  17  18  49  00  1011.60  -781.01   230.59
2013  03  17  18  50  00  1013.48  -775.98   237.49
2013  03  17  18  51  00  1010.52  -777.33   233.19
2013  03  17  18  52  00  1061.50  -842.48   219.02
2013  03  17  18  53  00  1114.03  -901.76   212.27
2013  03  17  18  54  00  1224.59 -1011.40   213.19
2013  03  17  18  55  00  1576.06 -1349.69   226.37
2013  03  17  18  56  00  1526.12 -1265.96   260.16
2013  03  17  18  57  00  1355.70 -1043.91   311.79
2013  03  17  18  58  00  1150.09  -842.52   307.58
2013  03  17  18  59  00  1183.36  -902.06   281.30
2013  03  17  19  00  00  1230.66  -961.60   269.06
2013  03  17  19  01  00  1253.76 -1020.65   233.11
2013  03  17  19  02  00  1294.79 -1071.65   223.13
2013  03  17  19  03  00  1284.74 -1059.45   225.29
2013  03  17  19  04  00  1411.08 -1169.41   241.67
2013  03  17  19  05  00  1474.16 -1225.50   248.66
2013  03  17  19  06  00  1432.85 -1187.64   245.21
2013  03  17  19  07  00  1309.37 -1086.88   222.49
2013  03  17  19  08  00  1213.86  -992.93   220.93
2013  03  17  19  09  00  1213.82  -992.88   220.94
2013  03  17  19  10  00  1105.70  -893.62   212.08
2013  03  17  19  11  00  1153.92  -924.22   229.71
2013  03  17  19  12  00  1200.95  -966.06   234.88
2013  03  17  19  13  00  1161.52  -907.10   254.42
2013  03  17  19  14  00  1091.49  -837.29   254.20
2013  03  17  19  15  00  1166.84  -919.34   247.50
2013  03  17  19  16  00  1307.90 -1058.68   249.22
2013  03  17  19  17  00  1260.10 -1019.12   240.98
2013  03  17  19  18  00  1229.29  -979.55   249.74
2013  03  17  19  19  00  1160.67  -909.44   251.23
2013  03  17  19  20  00  1213.19  -962.17   251.02
2013  03  17  19  21  00  1138.99  -862.19   276.80
2013  03  17  19  22  00  1060.66  -785.93   274.73
2013  03  17  19  23  00  1114.05  -835.86   278.19
2013  03  17  19  24  00  1057.31  -787.81   269.50
2013  03  17  19  25  00  1092.33  -813.00   279.33
2013  03  17  19  26  00  1090.28  -817.52   272.76
2013  03  17  19  27  00  1011.89  -735.61   276.28
2013  03  17  19  28  00   986.69  -730.01   256.67
2013  03  17  19  29  00   964.78  -718.65   246.13
2013  03  17  19  30  00   977.82  -747.71   230.11
2013  03  17  19  31  00   961.69  -739.77   221.92
2013  03  17  19  32  00  1000.22  -785.19   215.03
2013  03  17  19  33  00  1005.53  -782.03   223.50
2013  03  17  19  34  00   982.42  -765.61   216.81
2013  03  17  19  35  00  1110.31  -891.36   218.95
2013  03  17  19  36  00  1123.59  -909.95   213.64
2013  03  17  19  37  00  1165.90  -963.69   202.21
2013  03  17  19  38  00  1121.18  -918.61   202.57
2013  03  17  19  39  00  1097.07  -899.59   197.48
2013  03  17  19  40  00  1003.84  -825.20   178.64
2013  03  17  19  41  00  1032.56  -866.08   166.48
2013  03  17  19  42  00  1044.42  -875.82   168.60
2013  03  17  19  43  00  1063.61  -899.66   163.95
2013  03  17  19  44  00  1152.47  -992.11   160.36
2013  03  17  19  45  00  1268.81 -1100.05   168.76
2013  03  17  19  46  00  1297.78 -1123.53   174.25
2013  03  17  19  47  00  1164.47  -992.98   171.49
2013  03  17  19  48  00  1222.45 -1049.00   173.45
2013  03  17  19  49  00  1240.53 -1067.84   172.69
2013  03  17  19  50  00  1180.03 -1002.08   177.95
2013  03  17  19  51  00  1171.38  -994.03   177.35
2013  03  17  19  52  00  1272.36 -1096.88   175.48
2013  03  17  19  53  00  1313.02 -1142.93   170.09
2013  03  17  19  54  00  1265.47 -1092.30   173.17
2013  03  17  19  55  00  1191.96  -995.56   196.40
2013  03  17  19  56  00  1163.07  -937.18   225.89
2013  03  17  19  57  00  1174.73  -941.21   233.53
2013  03  17  19  58  00  1123.04  -898.43   224.60
2013  03  17  19  59  00  1119.11  -898.21   220.90
2013  03  17  20  00  00  1210.72  -985.85   224.86
2013  03  17  20  01  00  1168.79  -936.28   232.51
2013  03  17  20  02  00  1102.39  -882.05   220.34
2013  03  17  20  03  00  1084.56  -879.27   205.29
2013  03  17  20  04  00  1081.45  -880.79   200.66
2013  03  17  20  05  00  1052.24  -849.01   203.23
2013  03  17  20  06  00  1168.53  -972.78   195.75
2013  03  17  20  07  00  1275.94 -1077.56   198.38
2013  03  17  20  08  00  1274.21 -1082.50   191.71
2013  03  17  20  09  00  1269.84 -1079.42   190.42
2013  03  17  20  10  00  1180.78  -996.50   184.28
2013  03  17  20  11  00  1144.27  -958.30   185.96
2013  03  17  20  12  00  1063.82  -871.14   192.68
2013  03  17  20  13  00   967.61  -793.29   174.31
2013  03  17  20  14  00   863.54  -684.36   179.18
2013  03  17  20  15  00   915.12  -727.89   187.24
2013  03  17  20  16  00   966.30  -783.73   182.57
2013  03  17  20  17  00   999.52  -817.70   181.82
2013  03  17  20  18  00  1030.20  -848.73   181.47
2013  03  17  20  19  00  1163.71  -984.57   179.13
2013  03  17  20  20  00  1283.17 -1091.23   191.94
2013  03  17  20  21  00  1390.66 -1205.90   184.75
2013  03  17  20  22  00  1538.18 -1352.63   185.55
2013  03  17  20  23  00  1553.16 -1364.71   188.45
2013  03  17  20  24  00  1556.36 -1357.69   198.67
2013  03  17  20  25  00  1591.31 -1374.49   216.82
2013  03  17  20  26  00  1547.40 -1310.64   236.76
2013  03  17  20  27  00  1421.68 -1162.81   258.87
2013  03  17  20  28  00  1251.54  -981.80   269.74
2013  03  17  20  29  00  1146.03  -891.27   254.77
2013  03  17  20  30  00  1187.83  -962.90   224.93
2013  03  17  20  31  00  1149.70  -941.09   208.61
2013  03  17  20  32  00  1005.36  -798.26   207.11
2013  03  17  20  33  00   796.07  -584.74   211.33
2013  03  17  20  34  00   732.27  -517.95   214.32
2013  03  17  20  35  00   707.16  -493.12   214.04
2013  03  17  20  36  00   710.18  -499.11   211.08
2013  03  17  20  37  00   700.94  -495.76   205.18
2013  03  17  20  38  00   653.82  -458.64   195.18
2013  03  17  20  39  00   591.83  -398.18   193.65
2013  03  17  20  40  00   592.47  -390.01   202.47
2013  03  17  20  41  00   601.87  -388.30   213.57
2013  03  17  20  42  00   627.49  -404.55   222.94
2013  03  17  20  43  00   660.74  -417.47   243.27
2013  03  17  20  44  00   674.97  -418.41   256.56
2013  03  17  20  45  00   697.75  -435.32   262.43
2013  03  17  20  46  00   726.05  -479.21   246.84
2013  03  17  20  47  00   705.04  -482.17   222.87
2013  03  17  20  48  00   683.64  -465.11   218.54
2013  03  17  20  49  00   710.82  -485.96   224.86
2013  03  17  20  50  00   715.04  -487.03   228.01
2013  03  17  20  51  00   716.95  -495.99   220.97
2013  03  17  20  52  00   747.60  -542.92   204.68
2013  03  17  20  53  00   792.58  -588.86   203.72
2013  03  17  20  54  00   799.92  -593.81   206.11
2013  03  17  20  55  00   791.47  -577.73   213.74
2013  03  17  20  56  00   808.85  -592.69   216.16
2013  03  17  20  57  00   838.16  -611.64   226.52
2013  03  17  20  58  00   861.34  -630.56   230.78
2013  03  17  20  59  00   805.40  -574.51   230.90
2013  03  17  21  00  00   841.66  -600.62   241.04
2013  03  17  21  01  00   842.21  -587.46   254.75
2013  03  17  21  02  00   832.97  -569.53   263.43
2013  03  17  21  03  00   794.41  -534.78   259.63
2013  03  17  21  04  00   788.37  -519.85   268.51
2013  03  17  21  05  00   785.99  -527.75   258.24
2013  03  17  21  06  00   780.75  -530.64   250.11
2013  03  17  21  07  00   735.70  -483.67   252.03
2013  03  17  21  08  00   728.04  -485.21   242.83
2013  03  17  21  09  00   790.96  -549.22   241.74
2013  03  17  21  10  00   848.68  -595.21   253.47
2013  03  17  21  11  00   921.46  -661.16   260.30
2013  03  17  21  12  00   968.33  -721.07   247.26
2013  03  17  21  13  00  1037.56  -798.99   238.57
2013  03  17  21  14  00  1092.80  -848.92   243.87
2013  03  17  21  15  00  1095.49  -855.92   239.56
2013  03  17  21  16  00  1081.18  -850.01   231.17
2013  03  17  21  17  00  1080.24  -850.97   229.27
2013  03  17  21  18  00  1049.27  -823.92   225.35
2013  03  17  21  19  00  1035.29  -808.82   226.47
2013  03  17  21  20  00  1032.19  -808.83   223.36
2013  03  17  21  21  00   983.54  -763.88   219.66
2013  03  17  21  22  00   916.80  -693.71   223.09
2013  03  17  21  23  00   996.96  -768.57   228.39
2013  03  17  21  24  00   852.88  -617.71   235.17
2013  03  17  21  25  00   786.19  -551.39   234.81
2013  03  17  21  26  00   895.77  -667.90   227.87
2013  03  17  21  27  00   939.45  -704.76   234.70
2013  03  17  21  28  00   973.88  -729.70   244.18
2013  03  17  21  29  00   934.01  -691.67   242.34
2013  03  17  21  30  00   974.28  -733.62   240.65
2013  03  17  21  31  00   933.08  -695.70   237.37
2013  03  17  21  32  00   928.66  -693.72   234.94
2013  03  17  21  33  00   926.41  -699.71   226.70
2013  03  17  21  34  00   940.39  -718.63   221.76
2013  03  17  21  35  00   944.49  -719.56   224.92
2013  03  17  21  36  00   942.37  -717.47   224.90
2013  03  17  21  37  00   987.72  -757.47   230.25
2013  03  17  21  38  00   997.61  -770.62   226.99
2013  03  17  21  39  00   977.60  -751.67   225.93
2013  03  17  21  40  00   984.29  -747.68   236.60
2013  03  17  21  41  00   961.45  -722.40   239.05
2013  03  17  21  42  00   944.26  -715.06   229.20
2013  03  17  21  43  00   883.89  -663.64   220.26
2013  03  17  21  44  00   845.83  -627.62   218.21
2013  03  17  21  45  00   869.62  -648.63   220.99
2013  03  17  21  46  00   843.44  -627.56   215.88
2013  03  17  21  47  00   844.74  -627.64   217.10
2013  03  17  21  48  00   813.74  -595.74   218.00
2013  03  17  21  49  00   800.40  -573.81   226.60
2013  03  17  21  50  00   792.00  -561.76   230.24
2013  03  17  21  51  00   752.33  -517.79   234.54
2013  03  17  21  52  00   762.97  -525.79   237.18
2013  03  17  21  53  00   804.23  -559.75   244.48
2013  03  17  21  54  00   810.86  -563.58   247.29
2013  03  17  21  55  00   815.58  -576.26   239.32
2013  03  17  21  56  00   782.01  -546.11   235.90
2013  03  17  21  57  00   695.66  -467.87   227.79
2013  03  17  21  58  00   678.51  -451.83   226.68
2013  03  17  21  59  00   706.27  -479.79   226.48
2013  03  17  22  00  00   717.04  -490.78   226.25
2013  03  17  22  01  00   746.48  -521.73   224.74
2013  03  17  22  02  00   779.15  -554.72   224.43
2013  03  17  22  03  00   802.42  -569.79   232.63
2013  03  17  22  04  00   800.41  -575.98   224.43
2013  03  17  22  05  00   732.08  -518.12   213.96
2013  03  17  22  06  00   698.72  -487.15   211.57
2013  03  17  22  07  00   714.94  -502.14   212.80
2013  03  17  22  08  00   731.43  -523.18   208.26
2013  03  17  22  09  00   745.00  -538.23   206.77
2013  03  17  22  10  00   703.62  -486.35   217.27
2013  03  17  22  11  00   704.24  -479.52   224.72
2013  03  17  22  12  00   733.84  -498.11   235.73
2013  03  17  22  13  00   760.90  -507.09   253.81
2013  03  17  22  14  00   830.49  -570.04   260.45
2013  03  17  22  15  00   918.29  -652.55   265.74
2013  03  17  22  16  00   978.71  -694.63   284.08
2013  03  17  22  17  00  1050.44  -761.15   289.29
2013  03  17  22  18  00  1111.05  -816.28   294.76
2013  03  17  22  19  00  1105.41  -797.12   308.28
2013  03  17  22  20  00  1106.60  -775.13   331.47
2013  03  17  22  21  00  1173.04  -828.89   344.15
2013  03  17  22  22  00  1227.11  -884.63   342.48
2013  03  17  22  23  00  1251.45  -927.76   323.69
2013  03  17  22  24  00  1260.90  -941.05   319.85
2013  03  17  22  25  00  1229.55  -889.03   340.52
2013  03  17  22  26  00  1211.46  -838.19   373.27
2013  03  17  22  27  00  1230.62  -831.17   399.45
2013  03  17  22  28  00  1259.03  -839.52   419.51
2013  03  17  22  29  00  1208.34  -805.10   403.23
2013  03  17  22  30  00  1145.15  -774.35   370.79
2013  03  17  22  31  00  1112.55  -752.21   360.34
2013  03  17  22  32  00  1122.81  -774.90   347.91
2013  03  17  22  33  00  1017.45  -700.57   316.88
2013  03  17  22  34  00  1065.70  -736.92   328.78
2013  03  17  22  35  00  1122.33  -774.63   347.70
2013  03  17  22  36  00  1010.21  -652.64   357.57
2013  03  17  22  37  00   903.82  -551.03   352.79
2013  03  17  22  38  00   896.33  -530.63   365.70
2013  03  17  22  39  00   899.43  -534.47   364.96
2013  03  17  22  40  00   886.15  -542.07   344.08
2013  03  17  22  41  00   875.45  -549.03   326.43
2013  03  17  22  42  00   867.62  -545.99   321.63
2013  03  17  22  43  00   886.22  -545.95   340.27
2013  03  17  22  44  00   917.63  -558.90   358.73
2013  03  17  22  45  00   926.25  -573.89   352.36
2013  03  17  22  46  00   919.81  -582.87   336.95
2013  03  17  22  47  00   886.57  -575.95   310.62
2013  03  17  22  48  00   903.02  -609.07   293.95
2013  03  17  22  49  00   890.60  -624.10   266.50
2013  03  17  22  50  00   895.22  -655.94   239.28
2013  03  17  22  51  00   878.94  -630.26   248.68
2013  03  17  22  52  00   889.35  -633.12   256.23
2013  03  17  22  53  00   803.48  -538.30   265.19
2013  03  17  22  54  00   838.98  -553.17   285.81
2013  03  17  22  55  00   858.03  -592.78   265.25
2013  03  17  22  56  00   821.29  -573.69   247.59
2013  03  17  22  57  00   810.40  -552.71   257.70
2013  03  17  22  58  00   831.97  -553.33   278.64
2013  03  17  22  59  00   846.29  -589.08   257.21
2013  03  17  23  00  00   871.75  -623.78   247.97
2013  03  17  23  01  00   827.21  -591.85   235.36
2013  03  17  23  02  00   788.58  -536.77   251.81
2013  03  17  23  03  00   812.88  -547.46   265.42
2013  03  17  23  04  00   848.86  -566.98   281.88
2013  03  17  23  05  00   860.90  -564.94   295.96
2013  03  17  23  06  00   800.35  -511.97   288.38
2013  03  17  23  07  00   795.06  -532.59   262.47
2013  03  17  23  08  00   787.85  -532.13   255.72
2013  03  17  23  09  00   782.11  -506.40   275.71
2013  03  17  23  10  00   778.74  -482.75   295.99
2013  03  17  23  11  00   744.79  -436.40   308.39
2013  03  17  23  12  00   701.16  -406.96   294.20
2013  03  17  23  13  00   653.28  -390.20   263.08
2013  03  17  23  14  00   653.86  -396.31   257.55
2013  03  17  23  15  00   636.32  -389.75   246.57
2013  03  17  23  16  00   618.27  -376.78   241.49
2013  03  17  23  17  00   671.29  -408.47   262.82
2013  03  17  23  18  00   675.19  -417.19   257.99
2013  03  17  23  19  00   699.66  -436.83   262.83
2013  03  17  23  20  00   700.21  -449.53   250.68
2013  03  17  23  21  00   681.31  -427.35   253.96
2013  03  17  23  22  00   655.58  -401.26   254.32
2013  03  17  23  23  00   626.32  -382.26   244.06
2013  03  17  23  24  00   634.35  -384.99   249.35
2013  03  17  23  25  00   620.89  -384.67   236.22
2013  03  17  23  26  00   582.22  -368.40   213.83
2013  03  17  23  27  00   552.17  -357.03   195.15
2013  03  17  23  28  00   520.65  -334.05   186.60
2013  03  17  23  29  00   542.31  -370.22   172.09
2013  03  17  23  30  00   547.86  -397.10   150.76
2013  03  17  23  31  00   496.03  -345.85   150.18
2013  03  17  23  32  00   440.12  -279.18   160.93
2013  03  17  23  33  00   409.41  -260.93   148.48
2013  03  17  23  34  00   392.27  -251.72   140.55
2013  03  17  23  35  00   376.88  -247.13   129.75
2013  03  17  23  36  00   370.08  -247.33   122.75
2013  03  17  23  37  00   370.27  -251.07   119.20
2013  03  17  23  38  00   369.85  -254.68   115.17
2013  03  17  23  39  00   374.73  -255.58   119.15
2013  03  17  23  40  00   362.44  -242.29   120.15
2013  03  17  23  41  00   335.08  -225.75   109.33
2013  03  17  23  42  00   318.10  -220.67    97.43
2013  03  17  23  43  00   321.62  -225.56    96.06
2013  03  17  23  44  00   313.35  -217.54    95.81
2013  03  17  23  45  00   309.11  -213.30    95.81
2013  03  17  23  46  00   305.48  -211.58    93.91
2013  03  17  23  47  00   321.20  -216.78   104.42
2013  03  17  23  48  00   320.49  -203.71   116.78
2013  03  17  23  49  00   323.58  -200.48   123.09
2013  03  17  23  50  00   335.95  -210.95   125.00
2013  03  17  23  51  00   305.23  -180.55   124.67
2013  03  17  23  52  00   331.47  -208.35   123.12
2013  03  17  23  53  00   354.93  -232.44   122.50
2013  03  17  23  54  00   355.14  -227.46   127.68
2013  03  17  23  55  00   343.47  -211.67   131.81
2013  03  17  23  56  00   328.47  -194.94   133.53
2013  03  17  23  57  00   303.81  -177.20   126.61
2013  03  17  23  58  00   280.17  -159.39   120.78
2013  03  17  23  59  00   269.70  -154.54   115.16
2013  03  18  00  00  00   250.45  -149.67   100.78
2013  03  18  00  01  00   239.19  -142.69    96.50
2013  03  18  00  02  00   234.09  -133.34   100.75
2013  03  18  00  03  00   233.65  -131.61   102.03
2013  03  18  00  04  00   232.70  -129.88   102.81
2013  03  18  00  05  00   248.21  -146.65   101.56
2013  03  18  00  06  00   254.04  -157.25    96.79
2013  03  18  00  07  00   226.84  -138.92    87.93
2013  03  18  00  08  00   232.57  -154.78    77.80
2013  03  18  00  09  00   245.27  -165.22    80.06
2013  03  18  00  10  00   254.03  -159.62    94.42
2013  03  18  00  11  00   247.02  -147.21    99.81
2013  03  18  00  12  00   223.34  -129.70    93.63
2013  03  18  00  13  00   204.83  -125.74    79.09
2013  03  18  00  14  00   206.24  -130.45    75.79
2013  03  18  00  15  00   209.84  -129.58    80.26
2013  03  18  00  16  00   207.74  -131.41    76.34
2013  03  18  00  17  00   209.67  -136.79    72.88
2013  03  18  00  18  00   197.01  -128.40    68.61
2013  03  18  00  19  00   200.59  -130.38    70.21
2013  03  18  00  20  00   207.47  -130.05    77.42
2013  03  18  00  21  00   216.01  -133.69    82.33
2013  03  18  00  22  00   203.34  -125.54    77.80
2013  03  18  00  23  00   181.25  -111.41    69.85
2013  03  18  00  24  00   174.36  -107.09    67.27
2013  03  18  00  25  00   178.27  -104.76    73.51
2013  03  18  00  26  00   179.18  -102.64    76.54
2013  03  18  00  27  00   174.25  -103.33    70.92
2013  03  18  00  28  00   191.20  -101.87    89.33
2013  03  18  00  29  00   192.00   -95.69    96.31
2013  03  18  00  30  00   191.24  -100.59    90.66
2013  03  18  00  31  00   167.42  -104.93    62.49
2013  03  18  00  32  00   147.18   -96.21    50.97
2013  03  18  00  33  00   144.18   -92.40    51.78
2013  03  18  00  34  00   145.29   -93.66    51.63
2013  03  18  00  35  00   147.13   -94.82    52.31
2013  03  18  00  36  00   147.70   -95.48    52.21
2013  03  18  00  37  00   147.25   -95.45    51.80
2013  03  18  00  38  00   147.92   -95.01    52.90
2013  03  18  00  39  00   183.73   -94.07    89.66
2013  03  18  00  40  00   210.27   -92.63   117.64
2013  03  18  00  41  00   213.87   -91.29   122.58
2013  03  18  00  42  00   202.95   -90.75   112.20
2013  03  18  00  43  00   167.86   -90.90    76.95
2013  03  18  00  44  00   144.39   -91.26    53.13
2013  03  18  00  45  00   155.14   -91.62    63.52
2013  03  18  00  46  00   154.78   -92.17    62.60
2013  03  18  00  47  00   153.56   -92.93    60.64
2013  03  18  00  48  00   154.55   -93.28    61.27
2013  03  18  00  49  00   159.44   -96.73    62.72
2013  03  18  00  50  00   155.51   -94.41    61.10
2013  03  18  00  51  00   153.25   -92.75    60.51
2013  03  18  00  52  00   154.10   -92.90    61.20
2013  03  18  00  53  00   150.25   -93.29    56.96
2013  03  18  00  54  00   146.02   -93.20    52.82
2013  03  18  00  55  00   152.40   -93.16    59.24
2013  03  18  00  56  00   147.03   -93.41    53.62
2013  03  18  00  57  00   150.65   -93.26    57.39
2013  03  18  00  58  00   149.81   -93.02    56.80
2013  03  18  00  59  00   146.01   -93.17    52.84
2013  03  18  01  00  00   141.93   -92.72    49.21
2013  03  18  01  01  00   144.77   -92.36    52.40
2013  03  18  01  02  00   150.06   -92.31    57.75
2013  03  18  01  03  00   160.64   -92.16    68.48
2013  03  18  01  04  00   166.37   -92.32    74.05
2013  03  18  01  05  00   158.47   -92.56    65.90
2013  03  18  01  06  00   150.28   -92.71    57.57
2013  03  18  01  07  00   144.88   -92.76    52.12
2013  03  18  01  08  00   143.73   -92.81    50.92
2013  03  18  01  09  00   169.30   -92.56    76.75
2013  03  18  01  10  00   193.31   -91.21   102.11
2013  03  18  01  11  00   193.23   -89.55   103.68
2013  03  18  01  12  00   179.04   -87.90    91.14
2013  03  18  01  13  00   165.32   -87.84    77.47
2013  03  18  01  14  00   192.82   -88.19   104.63
2013  03  18  01  15  00   203.35   -88.73   114.62
2013  03  18  01  16  00   217.00   -90.68   126.32
2013  03  18  01  17  00   199.83   -94.32   105.50
2013  03  18  01  18  00   203.04   -99.96   103.07
2013  03  18  01  19  00   263.77  -121.16   142.62
2013  03  18  01  20  00   219.74  -102.16   117.59
2013  03  18  01  21  00   218.82  -100.50   118.32
2013  03  18  01  22  00   230.22   -96.85   133.37
2013  03  18  01  23  00   235.21   -93.79   141.42
2013  03  18  01  24  00   232.20   -91.72   140.48
2013  03  18  01  25  00   218.01   -89.26   128.76
2013  03  18  01  26  00   200.86   -89.09   111.77
2013  03  18  01  27  00   187.86   -89.23    98.64
2013  03  18  01  28  00   177.49   -87.46    90.03
2013  03  18  01  29  00   164.89   -84.59    80.30
2013  03  18  01  30  00   177.54   -81.50    96.04
2013  03  18  01  31  00   250.12   -80.54   169.58
2013  03  18  01  32  00   226.89   -84.38   142.51
2013  03  18  01  33  00   209.20   -91.81   117.39
2013  03  18  01  34  00   192.17   -94.34    97.83
2013  03  18  01  35  00   172.10   -90.97    81.13
2013  03  18  01  36  00   170.99   -87.20    83.79
2013  03  18  01  37  00   173.12   -86.83    86.29
2013  03  18  01  38  00   190.38   -88.25   102.13
2013  03  18  01  39  00   183.41   -89.08    94.33
2013  03  18  01  40  00   151.26   -88.81    62.45
2013  03  18  01  41  00   142.00   -88.33    53.67
2013  03  18  01  42  00   150.13   -89.06    61.07
2013  03  18  01  43  00   173.78   -89.78    84.00
2013  03  18  01  44  00   181.86   -90.01    91.86
2013  03  18  01  45  00   175.29   -90.03    85.26
2013  03  18  01  46  00   156.10   -89.95    66.16
2013  03  18  01  47  00   142.34   -89.87    52.47
2013  03  18  01  48  00   135.17   -89.39    45.78
2013  03  18  01  49  00   135.47   -89.30    46.16
2013  03  18  01  50  00   143.01   -89.32    53.69
2013  03  18  01  51  00   148.47   -90.13    58.33
2013  03  18  01  52  00   146.72   -91.55    55.18
2013  03  18  01  53  00   143.87   -92.46    51.41
2013  03  18  01  54  00   143.19   -92.07    51.12
2013  03  18  01  55  00   142.14   -90.68    51.46
2013  03  18  01  56  00   138.85   -89.88    48.97
2013  03  18  01  57  00   136.08   -90.39    45.69
2013  03  18  01  58  00   132.70   -90.89    41.81
2013  03  18  01  59  00   142.93   -91.39    51.54
2013  03  18  02  00  00   135.10   -91.60    43.51
2013  03  18  02  01  00   128.20   -90.99    37.21
2013  03  18  02  02  00   129.77   -90.29    39.48
2013  03  18  02  03  00   131.02   -91.29    39.73
2013  03  18  02  04  00   125.13   -90.98    34.15
2013  03  18  02  05  00   123.67   -89.58    34.09
2013  03  18  02  06  00   120.96   -87.67    33.29
2013  03  18  02  07  00   140.44   -88.86    51.57
2013  03  18  02  08  00   142.21   -90.75    51.46
2013  03  18  02  09  00   128.53   -91.84    36.68
2013  03  18  02  10  00   135.69   -92.73    42.96
2013  03  18  02  11  00   133.72   -91.42    42.30
2013  03  18  02  12  00   131.19   -90.10    41.08
2013  03  18  02  13  00   133.57   -90.59    42.99
2013  03  18  02  14  00   125.95   -91.17    34.78
2013  03  18  02  15  00   129.12   -91.35    37.77
2013  03  18  02  16  00   126.28   -91.63    34.65
2013  03  18  02  17  00   127.69   -91.90    35.79
2013  03  18  02  18  00   128.21   -92.18    36.03
2013  03  18  02  19  00   126.17   -92.46    33.71
2013  03  18  02  20  00   125.85   -92.63    33.22
2013  03  18  02  21  00   123.82   -92.00    31.83
2013  03  18  02  22  00   123.38   -92.07    31.31
2013  03  18  02  23  00   122.52   -91.63    30.88
2013  03  18  02  24  00   124.72   -90.30    34.42
2013  03  18  02  25  00   124.31   -89.96    34.34
2013  03  18  02  26  00   129.94   -90.22    39.71
2013  03  18  02  27  00   128.13   -91.08    37.05
2013  03  18  02  28  00   126.31   -92.33    33.97
2013  03  18  02  29  00   126.30   -92.59    33.71
2013  03  18  02  30  00   126.20   -91.74    34.46
2013  03  18  02  31  00   127.68   -90.88    36.80
2013  03  18  02  32  00   127.99   -90.76    37.23
2013  03  18  02  33  00   127.48   -91.28    36.20
2013  03  18  02  34  00   127.95   -92.01    35.94
2013  03  18  02  35  00   125.83   -92.95    32.88
2013  03  18  02  36  00   127.34   -93.09    34.25
2013  03  18  02  37  00   124.75   -92.82    31.93
2013  03  18  02  38  00   124.59   -92.16    32.44
2013  03  18  02  39  00   123.76   -91.49    32.27
2013  03  18  02  40  00   125.04   -90.52    34.53
2013  03  18  02  41  00   123.89   -90.51    33.38
2013  03  18  02  42  00   122.53   -90.56    31.97
2013  03  18  02  43  00   122.58   -90.54    32.04
2013  03  18  02  44  00   122.26   -90.61    31.65
2013  03  18  02  45  00   122.15   -90.53    31.62
2013  03  18  02  46  00   122.68   -90.26    32.42
2013  03  18  02  47  00   122.71   -89.88    32.84
2013  03  18  02  48  00   119.49   -89.80    29.70
2013  03  18  02  49  00   120.21   -89.84    30.37
2013  03  18  02  50  00   122.17   -90.09    32.08
2013  03  18  02  51  00   122.11   -90.40    31.72
2013  03  18  02  52  00   122.26   -90.28    31.99
2013  03  18  02  53  00   120.67   -89.87    30.80
2013  03  18  02  54  00   121.28   -89.47    31.81
2013  03  18  02  55  00   122.93   -89.27    33.66
2013  03  18  02  56  00   123.15   -89.20    33.95
2013  03  18  02  57  00   123.69   -89.51    34.18
2013  03  18  02  58  00   122.85   -89.93    32.92
2013  03  18  02  59  00   121.04   -89.93    31.11
2013  03  18  03  00  00   119.11   -89.85    29.26
2013  03  18  03  01  00   122.05   -89.52    32.52
2013  03  18  03  02  00   126.35   -89.28    37.07
2013  03  18  03  03  00   130.17   -88.90    41.27
2013  03  18  03  04  00   129.67   -88.83    40.84
2013  03  18  03  05  00   121.44   -87.42    34.02
2013  03  18  03  06  00   127.92   -87.80    40.13
2013  03  18  03  07  00   139.19   -87.90    51.29
2013  03  18  03  08  00   143.44   -88.82    54.61
2013  03  18  03  09  00   131.07   -88.41    42.66
2013  03  18  03  10  00   116.69   -87.80    28.89
2013  03  18  03  11  00   115.78   -87.56    28.22
2013  03  18  03  12  00   118.01   -87.05    30.96
2013  03  18  03  13  00   121.04   -86.54    34.49
2013  03  18  03  14  00   124.22   -87.60    36.62
2013  03  18  03  15  00   123.11   -88.13    34.98
2013  03  18  03  16  00   119.85   -88.07    31.78
2013  03  18  03  17  00   116.21   -87.56    28.66
2013  03  18  03  18  00   112.45   -87.33    25.11
2013  03  18  03  19  00   112.83   -87.13    25.70
2013  03  18  03  20  00   115.58   -87.24    28.34
2013  03  18  03  21  00   115.38   -87.20    28.17
2013  03  18  03  22  00   115.43   -87.33    28.10
2013  03  18  03  23  00   117.18   -87.63    29.55
2013  03  18  03  24  00   118.53   -87.89    30.64
2013  03  18  03  25  00   121.73   -87.58    34.14
2013  03  18  03  26  00   120.38   -87.41    32.97
2013  03  18  03  27  00   113.29   -87.30    26.00
2013  03  18  03  28  00   113.09   -87.06    26.02
2013  03  18  03  29  00   114.06   -87.18    26.88
2013  03  18  03  30  00   116.09   -86.68    29.41
2013  03  18  03  31  00   117.15   -86.57    30.57
2013  03  18  03  32  00   114.42   -86.32    28.10
2013  03  18  03  33  00   113.86   -86.00    27.86
2013  03  18  03  34  00   112.62   -86.28    26.33
2013  03  18  03  35  00   111.66   -86.35    25.31
2013  03  18  03  36  00   112.28   -86.28    26.00
2013  03  18  03  37  00   114.61   -86.08    28.53
2013  03  18  03  38  00   115.92   -85.72    30.20
2013  03  18  03  39  00   112.11   -84.91    27.20
2013  03  18  03  40  00   112.08   -84.80    27.28
2013  03  18  03  41  00   115.01   -84.31    30.70
2013  03  18  03  42  00   116.65   -84.05    32.60
2013  03  18  03  43  00   115.31   -83.99    31.32
2013  03  18  03  44  00   110.48   -83.89    26.59
2013  03  18  03  45  00   110.69   -84.37    26.32
2013  03  18  03  46  00   111.68   -84.87    26.81
2013  03  18  03  47  00   115.43   -85.13    30.30
2013  03  18  03  48  00   117.29   -85.12    32.17
2013  03  18  03  49  00   120.32   -85.32    35.00
2013  03  18  03  50  00   120.02   -83.84    36.18
2013  03  18  03  51  00   115.67   -83.33    32.34
2013  03  18  03  52  00   115.75   -81.97    33.78
2013  03  18  03  53  00   109.25   -82.16    27.08
2013  03  18  03  54  00   109.25   -82.19    27.05
2013  03  18  03  55  00   108.86   -81.91    26.95
2013  03  18  03  56  00   115.30   -81.94    33.36
2013  03  18  03  57  00   124.80   -81.84    42.96
2013  03  18  03  58  00   127.18   -80.77    46.41
2013  03  18  03  59  00   120.89   -80.45    40.43
2013  03  18  04  00  00   109.53   -80.71    28.81
2013  03  18  04  01  00   105.43   -80.35    25.08
2013  03  18  04  02  00   105.26   -80.16    25.10
2013  03  18  04  03  00   108.37   -80.24    28.13
2013  03  18  04  04  00   134.04   -80.18    53.86
2013  03  18  04  05  00   138.42   -79.81    58.61
2013  03  18  04  06  00   145.12   -78.81    66.32
2013  03  18  04  07  00   141.21   -79.31    61.90
2013  03  18  04  08  00   136.06   -79.30    56.76
2013  03  18  04  09  00   124.25   -78.67    45.58
2013  03  18  04  10  00   122.89   -78.27    44.62
2013  03  18  04  11  00   120.57   -77.94    42.63
2013  03  18  04  12  00   120.27   -77.13    43.14
2013  03  18  04  13  00   114.56   -76.42    38.13
2013  03  18  04  14  00   111.16   -76.36    34.80
2013  03  18  04  15  00   107.97   -76.15    31.81
2013  03  18  04  16  00   106.41   -76.54    29.87
2013  03  18  04  17  00   128.28   -75.90    52.38
2013  03  18  04  18  00   166.84   -75.90    90.95
2013  03  18  04  19  00   144.59   -79.19    65.40
2013  03  18  04  20  00   133.61   -81.09    52.52
2013  03  18  04  21  00   137.44   -80.50    56.94
2013  03  18  04  22  00   143.06   -79.30    63.76
2013  03  18  04  23  00   127.89   -77.90    49.99
2013  03  18  04  24  00   106.38   -78.14    28.23
2013  03  18  04  25  00   100.89   -77.65    23.24
2013  03  18  04  26  00    99.17   -75.56    23.61
2013  03  18  04  27  00    98.54   -73.50    25.04
2013  03  18  04  28  00   101.14   -74.93    26.22
2013  03  18  04  29  00   116.17   -75.15    41.02
2013  03  18  04  30  00   129.17   -76.29    52.88
2013  03  18  04  31  00   133.78   -89.06    44.72
2013  03  18  04  32  00   168.76  -118.97    49.79
2013  03  18  04  33  00   199.74  -149.29    50.45
2013  03  18  04  34  00   222.78  -175.62    47.15
2013  03  18  04  35  00   228.43  -186.37    42.06
2013  03  18  04  36  00   208.50  -178.06    30.44
2013  03  18  04  37  00   190.41  -160.97    29.44
2013  03  18  04  38  00   202.88  -174.91    27.96
2013  03  18  04  39  00   204.25  -176.32    27.93
2013  03  18  04  40  00   169.74  -142.44    27.30
2013  03  18  04  41  00   167.87  -128.07    39.79
2013  03  18  04  42  00   196.74  -144.23    52.51
2013  03  18  04  43  00   168.61  -108.59    60.02
2013  03  18  04  44  00   152.86   -92.67    60.19
2013  03  18  04  45  00   136.27   -80.22    56.05
2013  03  18  04  46  00   127.19   -78.85    48.35
2013  03  18  04  47  00   112.82   -76.15    36.67
2013  03  18  04  48  00   124.56   -89.06    35.50
2013  03  18  04  49  00   132.89  -101.34    31.55
2013  03  18  04  50  00   110.24   -80.52    29.73
2013  03  18  04  51  00   101.79   -71.95    29.84
2013  03  18  04  52  00   101.50   -69.90    31.60
2013  03  18  04  53  00   107.68   -69.91    37.77
2013  03  18  04  54  00   112.71   -70.13    42.58
2013  03  18  04  55  00   113.63   -70.14    43.49
2013  03  18  04  56  00   111.90   -70.37    41.53
2013  03  18  04  57  00   107.74   -70.27    37.48
2013  03  18  04  58  00   104.32   -69.93    34.39
2013  03  18  04  59  00   105.85   -69.46    36.39
2013  03  18  05  00  00   107.68   -68.09    39.59
2013  03  18  05  01  00   108.67   -67.49    41.18
2013  03  18  05  02  00   105.26   -67.22    38.04
2013  03  18  05  03  00    96.41   -66.46    29.96
2013  03  18  05  04  00    87.74   -65.34    22.39
2013  03  18  05  05  00    86.15   -66.01    20.15
2013  03  18  05  06  00    83.96   -66.11    17.85
2013  03  18  05  07  00    95.63   -65.91    29.72
2013  03  18  05  08  00   106.40   -65.10    41.30
2013  03  18  05  09  00   112.73   -64.07    48.66
2013  03  18  05  10  00   107.46   -63.50    43.96
2013  03  18  05  11  00    97.22   -62.44    34.78
2013  03  18  05  12  00    88.10   -62.41    25.69
2013  03  18  05  13  00    80.87   -59.24    21.63
2013  03  18  05  14  00    96.09   -58.95    37.14
2013  03  18  05  15  00    86.11   -61.24    24.87
2013  03  18  05  16  00    96.77   -63.15    33.62
2013  03  18  05  17  00   128.93   -79.11    49.82
2013  03  18  05  18  00   159.82   -91.99    67.83
2013  03  18  05  19  00   161.78   -89.14    72.63
2013  03  18  05  20  00   133.68   -70.27    63.41
2013  03  18  05  21  00   109.60   -66.21    43.39
2013  03  18  05  22  00    95.34   -66.25    29.09
2013  03  18  05  23  00    91.70   -65.97    25.73
2013  03  18  05  24  00    89.55   -65.34    24.21
2013  03  18  05  25  00    89.25   -64.68    24.57
2013  03  18  05  26  00    88.42   -64.15    24.27
2013  03  18  05  27  00    88.04   -63.51    24.53
2013  03  18  05  28  00    98.14   -63.15    34.99
2013  03  18  05  29  00   104.70   -63.00    41.71
2013  03  18  05  30  00   100.71   -62.91    37.80
2013  03  18  05  31  00    94.18   -63.18    31.00
2013  03  18  05  32  00    90.73   -63.29    27.44
2013  03  18  05  33  00    90.95   -62.93    28.02
2013  03  18  05  34  00    92.21   -63.42    28.79
2013  03  18  05  35  00    92.48   -62.76    29.72
2013  03  18  05  36  00    92.49   -62.57    29.91
2013  03  18  05  37  00    91.82   -62.24    29.58
2013  03  18  05  38  00    90.44   -62.12    28.32
2013  03  18  05  39  00    89.60   -61.69    27.91
2013  03  18  05  40  00    90.88   -61.98    28.91
2013  03  18  05  41  00    91.43   -61.90    29.53
2013  03  18  05  42  00    92.15   -62.06    30.10
2013  03  18  05  43  00    93.87   -63.06    30.81
2013  03  18  05  44  00    93.98   -63.12    30.86
2013  03  18  05  45  00    91.91   -62.48    29.42
2013  03  18  05  46  00    89.99   -62.52    27.48
2013  03  18  05  47  00    89.01   -62.56    26.45
2013  03  18  05  48  00    88.41   -62.29    26.13
2013  03  18  05  49  00    88.67   -61.71    26.96
2013  03  18  05  50  00    88.63   -61.66    26.97
2013  03  18  05  51  00    88.31   -61.69    26.62
2013  03  18  05  52  00    89.09   -61.70    27.39
2013  03  18  05  53  00    90.92   -61.66    29.26
2013  03  18  05  54  00    89.12   -60.92    28.20
2013  03  18  05  55  00    89.29   -60.41    28.88
2013  03  18  05  56  00    91.01   -60.77    30.24
2013  03  18  05  57  00    91.50   -60.86    30.64
2013  03  18  05  58  00    89.43   -60.68    28.74
2013  03  18  05  59  00    87.17   -60.43    26.75
2013  03  18  06  00  00    86.27   -60.22    26.04
2013  03  18  06  01  00    85.77   -59.75    26.02
2013  03  18  06  02  00    85.33   -59.32    26.01
2013  03  18  06  03  00    84.89   -59.06    25.82
2013  03  18  06  04  00    84.82   -58.62    26.20
2013  03  18  06  05  00    85.22   -58.30    26.92
2013  03  18  06  06  00    85.43   -58.72    26.71
2013  03  18  06  07  00    84.77   -59.06    25.70
2013  03  18  06  08  00    83.72   -59.45    24.27
2013  03  18  06  09  00    83.78   -60.08    23.71
2013  03  18  06  10  00    84.67   -60.23    24.43
2013  03  18  06  11  00    85.98   -60.29    25.70
2013  03  18  06  12  00    92.92   -62.00    30.92
2013  03  18  06  13  00    90.19   -55.74    34.45
2013  03  18  06  14  00    97.61   -57.34    40.27
2013  03  18  06  15  00   117.79   -55.78    62.02
2013  03  18  06  16  00   151.46   -65.37    86.10
2013  03  18  06  17  00   166.75   -80.27    86.48
2013  03  18  06  18  00   185.16   -97.77    87.39
2013  03  18  06  19  00   162.41  -104.79    57.63
2013  03  18  06  20  00   149.64   -95.10    54.54
2013  03  18  06  21  00   152.19   -76.40    75.79
2013  03  18  06  22  00   132.51   -49.42    83.09
2013  03  18  06  23  00   147.28   -47.97    99.30
2013  03  18  06  24  00   134.89   -48.79    86.10
2013  03  18  06  25  00   129.74   -49.82    79.92
2013  03  18  06  26  00   119.96   -50.25    69.70
2013  03  18  06  27  00   105.17   -50.27    54.90
2013  03  18  06  28  00   114.69   -50.50    64.19
2013  03  18  06  29  00   104.55   -50.15    54.40
2013  03  18  06  30  00    95.28   -50.02    45.26
2013  03  18  06  31  00    97.00   -51.24    45.76
2013  03  18  06  32  00   100.40   -52.34    48.06
2013  03  18  06  33  00   102.53   -51.69    50.84
2013  03  18  06  34  00   100.46   -50.70    49.76
2013  03  18  06  35  00    95.97   -50.59    45.38
2013  03  18  06  36  00    89.39   -51.34    38.05
2013  03  18  06  37  00    82.01   -51.71    30.30
2013  03  18  06  38  00    77.74   -52.70    25.05
2013  03  18  06  39  00    76.75   -54.02    22.73
2013  03  18  06  40  00    78.34   -54.30    24.04
2013  03  18  06  41  00    82.45   -54.01    28.44
2013  03  18  06  42  00    87.43   -53.34    34.09
2013  03  18  06  43  00    93.76   -52.78    40.98
2013  03  18  06  44  00    97.46   -52.28    45.18
2013  03  18  06  45  00    97.76   -52.15    45.61
2013  03  18  06  46  00    98.03   -52.81    45.22
2013  03  18  06  47  00    98.15   -53.38    44.76
2013  03  18  06  48  00    97.47   -53.69    43.78
2013  03  18  06  49  00    95.87   -53.93    41.94
2013  03  18  06  50  00    93.89   -53.79    40.10
2013  03  18  06  51  00    91.76   -53.52    38.24
2013  03  18  06  52  00    89.34   -53.10    36.24
2013  03  18  06  53  00    86.55   -52.54    34.00
2013  03  18  06  54  00    86.94   -52.46    34.48
2013  03  18  06  55  00    85.57   -52.95    32.62
2013  03  18  06  56  00    85.07   -53.04    32.03
2013  03  18  06  57  00    86.86   -52.99    33.87
2013  03  18  06  58  00    89.51   -53.22    36.29
2013  03  18  06  59  00    91.34   -53.06    38.28
2013  03  18  07  00  00    93.33   -52.71    40.62
2013  03  18  07  01  00    95.46   -52.86    42.60
2013  03  18  07  02  00    97.46   -53.02    44.44
2013  03  18  07  03  00    98.84   -53.19    45.65
2013  03  18  07  04  00    99.62   -53.47    46.15
2013  03  18  07  05  00    99.23   -53.89    45.34
2013  03  18  07  06  00    97.83   -53.91    43.91
2013  03  18  07  07  00    95.73   -53.90    41.83
2013  03  18  07  08  00    94.24   -54.23    40.01
2013  03  18  07  09  00    91.97   -54.70    37.28
2013  03  18  07  10  00    89.98   -54.36    35.62
2013  03  18  07  11  00    87.99   -53.78    34.21
2013  03  18  07  12  00    87.19   -53.10    34.09
2013  03  18  07  13  00    88.38   -52.87    35.51
2013  03  18  07  14  00    90.01   -53.34    36.67
2013  03  18  07  15  00    92.09   -53.49    38.60
2013  03  18  07  16  00    93.84   -53.43    40.41
2013  03  18  07  17  00    95.78   -53.70    42.09
2013  03  18  07  18  00    96.23   -53.67    42.57
2013  03  18  07  19  00    95.65   -53.28    42.37
2013  03  18  07  20  00    94.61   -53.37    41.24
2013  03  18  07  21  00    93.30   -53.52    39.78
2013  03  18  07  22  00    91.61   -53.04    38.58
2013  03  18  07  23  00    90.96   -52.78    38.19
2013  03  18  07  24  00    91.42   -52.90    38.52
2013  03  18  07  25  00    91.82   -53.16    38.66
2013  03  18  07  26  00    91.66   -53.31    38.35
2013  03  18  07  27  00    91.37   -53.65    37.72
2013  03  18  07  28  00    91.07   -53.92    37.15
2013  03  18  07  29  00    91.35   -54.56    36.79
2013  03  18  07  30  00    91.47   -54.92    36.55
2013  03  18  07  31  00    91.00   -54.70    36.30
2013  03  18  07  32  00    91.16   -54.71    36.46
2013  03  18  07  33  00    91.41   -54.77    36.64
2013  03  18  07  34  00    92.25   -54.89    37.37
2013  03  18  07  35  00    92.02   -54.85    37.16
2013  03  18  07  36  00    90.43   -54.62    35.81
2013  03  18  07  37  00    89.22   -54.43    34.79
2013  03  18  07  38  00    87.73   -53.88    33.85
2013  03  18  07  39  00    86.02   -53.71    32.31
2013  03  18  07  40  00    85.13   -53.66    31.47
2013  03  18  07  41  00    85.20   -54.10    31.10
2013  03  18  07  42  00    85.73   -54.34    31.39
2013  03  18  07  43  00    85.68   -54.82    30.86
2013  03  18  07  44  00    83.78   -54.75    29.03
2013  03  18  07  45  00    82.04   -54.72    27.32
2013  03  18  07  46  00    80.70   -54.67    26.03
2013  03  18  07  47  00    79.61   -54.91    24.70
2013  03  18  07  48  00    78.87   -54.50    24.38
2013  03  18  07  49  00    78.47   -54.03    24.44
2013  03  18  07  50  00    86.04   -53.48    32.57
2013  03  18  07  51  00    85.93   -53.23    32.69
2013  03  18  07  52  00    84.66   -52.84    31.82
2013  03  18  07  53  00    84.55   -52.61    31.94
2013  03  18  07  54  00    82.30   -53.24    29.06
2013  03  18  07  55  00    81.08   -53.89    27.18
2013  03  18  07  56  00    77.62   -53.31    24.31
2013  03  18  07  57  00    77.20   -53.75    23.46
2013  03  18  07  58  00    76.78   -53.74    23.04
2013  03  18  07  59  00    79.86   -53.21    26.65
2013  03  18  08  00  00    81.11   -52.68    28.42
2013  03  18  08  01  00    83.23   -52.14    31.09
2013  03  18  08  02  00    87.75   -51.77    35.98
2013  03  18  08  03  00    89.14   -52.05    37.09
2013  03  18  08  04  00    84.70   -53.50    31.19
2013  03  18  08  05  00    83.63   -53.94    29.69
2013  03  18  08  06  00    84.28   -54.31    29.97
2013  03  18  08  07  00    86.96   -54.59    32.37
2013  03  18  08  08  00    89.53   -55.12    34.42
2013  03  18  08  09  00    91.74   -55.14    36.60
2013  03  18  08  10  00    95.13   -55.74    39.40
2013  03  18  08  11  00   101.25   -55.63    45.62
2013  03  18  08  12  00   107.91   -56.10    51.81
2013  03  18  08  13  00   110.12   -56.47    53.65
2013  03  18  08  14  00   108.64   -56.78    51.86
2013  03  18  08  15  00   108.81   -56.91    51.89
2013  03  18  08  16  00   104.15   -57.03    47.12
2013  03  18  08  17  00   103.64   -57.52    46.12
2013  03  18  08  18  00   104.20   -58.00    46.20
2013  03  18  08  19  00   108.94   -58.09    50.85
2013  03  18  08  20  00   110.80   -57.78    53.02
2013  03  18  08  21  00   100.12   -57.66    42.47
2013  03  18  08  22  00   100.46   -57.74    42.72
2013  03  18  08  23  00   100.27   -57.41    42.86
2013  03  18  08  24  00    99.81   -56.92    42.89
2013  03  18  08  25  00    98.99   -56.54    42.44
2013  03  18  08  26  00    96.89   -56.46    40.42
2013  03  18  08  27  00    94.26   -56.34    37.91
2013  03  18  08  28  00    91.81   -56.10    35.72
2013  03  18  08  29  00    89.40   -55.99    33.41
2013  03  18  08  30  00    86.87   -55.60    31.27
2013  03  18  08  31  00    84.14   -55.11    29.03
2013  03  18  08  32  00    82.06   -54.45    27.62
2013  03  18  08  33  00    81.05   -54.42    26.63
2013  03  18  08  34  00    80.83   -54.58    26.25
2013  03  18  08  35  00    80.03   -54.53    25.49
2013  03  18  08  36  00    79.83   -53.99    25.84
2013  03  18  08  37  00    85.03   -53.14    31.89
2013  03  18  08  38  00    85.54   -52.59    32.94
2013  03  18  08  39  00    86.29   -52.31    33.99
2013  03  18  08  40  00    86.58   -52.55    34.03
2013  03  18  08  41  00    84.81   -52.91    31.90
2013  03  18  08  42  00    85.33   -53.46    31.87
2013  03  18  08  43  00    84.81   -53.50    31.31
2013  03  18  08  44  00    84.92   -53.62    31.30
2013  03  18  08  45  00    85.46   -53.82    31.64
2013  03  18  08  46  00    86.94   -53.54    33.40
2013  03  18  08  47  00    87.61   -52.73    34.88
2013  03  18  08  48  00    90.15   -52.29    37.85
2013  03  18  08  49  00    93.20   -52.16    41.04
2013  03  18  08  50  00    97.52   -52.14    45.38
2013  03  18  08  51  00   104.51   -53.10    51.41
2013  03  18  08  52  00   102.32   -52.89    49.44
2013  03  18  08  53  00   102.19   -52.57    49.62
2013  03  18  08  54  00    90.96   -53.03    37.93
2013  03  18  08  55  00    89.42   -53.87    35.55
2013  03  18  08  56  00    86.86   -54.05    32.80
2013  03  18  08  57  00    86.84   -56.34    30.50
2013  03  18  08  58  00    82.71   -53.85    28.87
2013  03  18  08  59  00    80.58   -53.11    27.47
2013  03  18  09  00  00    78.55   -52.15    26.41
2013  03  18  09  01  00    77.97   -51.34    26.63
2013  03  18  09  02  00    86.28   -50.64    35.64
2013  03  18  09  03  00    91.67   -50.02    41.65
2013  03  18  09  04  00    95.58   -49.92    45.66
2013  03  18  09  05  00    96.78   -50.11    46.67
2013  03  18  09  06  00    95.39   -50.71    44.67
2013  03  18  09  07  00    92.82   -51.14    41.68
2013  03  18  09  08  00    88.42   -51.73    36.68
2013  03  18  09  09  00    81.50   -51.81    29.69
2013  03  18  09  10  00    80.19   -51.46    28.73
2013  03  18  09  11  00    80.67   -50.98    29.70
2013  03  18  09  12  00    79.42   -48.72    30.70
2013  03  18  09  13  00    83.37   -48.68    34.69
2013  03  18  09  14  00    86.28   -49.59    36.69
2013  03  18  09  15  00    93.46   -50.78    42.68
2013  03  18  09  16  00    94.29   -51.61    42.67
2013  03  18  09  17  00    86.63   -51.81    34.82
2013  03  18  09  18  00    86.23   -51.60    34.62
2013  03  18  09  19  00    85.66   -51.57    34.09
2013  03  18  09  20  00    87.01   -51.36    35.65
2013  03  18  09  21  00    84.39   -51.41    32.98
2013  03  18  09  22  00    85.40   -51.50    33.90
2013  03  18  09  23  00    86.98   -51.37    35.61
2013  03  18  09  24  00    90.82   -51.22    39.59
2013  03  18  09  25  00    86.78   -51.20    35.58
2013  03  18  09  26  00    84.43   -51.11    33.32
2013  03  18  09  27  00    84.34   -51.37    32.97
2013  03  18  09  28  00    84.87   -51.40    33.47
2013  03  18  09  29  00    84.98   -51.31    33.67
2013  03  18  09  30  00    84.14   -50.84    33.30
2013  03  18  09  31  00    83.77   -50.77    33.00
2013  03  18  09  32  00    84.30   -50.77    33.52
2013  03  18  09  33  00    84.70   -50.78    33.92
2013  03  18  09  34  00    84.87   -50.79    34.08
2013  03  18  09  35  00    84.55   -50.68    33.87
2013  03  18  09  36  00    84.72   -50.97    33.75
2013  03  18  09  37  00    84.49   -50.67    33.82
2013  03  18  09  38  00    84.21   -50.38    33.83
2013  03  18  09  39  00    83.80   -50.48    33.32
2013  03  18  09  40  00    82.46   -50.39    32.07
2013  03  18  09  41  00    81.44   -50.10    31.33
2013  03  18  09  42  00    83.09   -50.01    33.08
2013  03  18  09  43  00    82.07   -49.99    32.08
2013  03  18  09  44  00    82.48   -50.47    32.01
2013  03  18  09  45  00    82.01   -50.04    31.97
2013  03  18  09  46  00    82.16   -49.74    32.42
2013  03  18  09  47  00    82.29   -49.22    33.07
2013  03  18  09  48  00    85.43   -49.43    36.00
2013  03  18  09  49  00    85.01   -49.39    35.62
2013  03  18  09  50  00    89.70   -53.02    36.68
2013  03  18  09  51  00    91.96   -54.39    37.56
2013  03  18  09  52  00    97.58   -59.14    38.44
2013  03  18  09  53  00    95.38   -57.78    37.60
2013  03  18  09  54  00    86.99   -52.27    34.72
2013  03  18  09  55  00    85.84   -53.46    32.38
2013  03  18  09  56  00    95.88   -50.80    45.08
2013  03  18  09  57  00    99.51   -45.18    54.33
2013  03  18  09  58  00   108.70   -46.33    62.37
2013  03  18  09  59  00   105.74   -48.47    57.27
2013  03  18  10  00  00   114.64   -61.45    53.19
2013  03  18  10  01  00   121.27   -68.14    53.13
2013  03  18  10  02  00   124.99   -69.62    55.36
2013  03  18  10  03  00   108.42   -60.90    47.52
2013  03  18  10  04  00   101.32   -50.84    50.48
2013  03  18  10  05  00   120.10   -51.69    68.41
2013  03  18  10  06  00   141.19   -61.78    79.41
2013  03  18  10  07  00   141.23   -96.60    44.63
2013  03  18  10  08  00   133.34   -95.75    37.59
2013  03  18  10  09  00   120.88   -85.46    35.42
2013  03  18  10  10  00   111.33   -67.34    43.99
2013  03  18  10  11  00    81.27   -55.33    25.94
2013  03  18  10  12  00    92.46   -66.79    25.66
2013  03  18  10  13  00   107.00   -76.21    30.78
2013  03  18  10  14  00   132.04   -68.27    63.76
2013  03  18  10  15  00   139.85   -60.16    79.69
2013  03  18  10  16  00   135.81   -70.18    65.63
2013  03  18  10  17  00   122.38   -64.82    57.56
2013  03  18  10  18  00   117.03   -63.53    53.50
2013  03  18  10  19  00   118.03   -62.85    55.18
2013  03  18  10  20  00   105.07   -54.69    50.37
2013  03  18  10  21  00    87.83   -48.45    39.38
2013  03  18  10  22  00    79.45   -48.84    30.61
2013  03  18  10  23  00    86.76   -54.00    32.76
2013  03  18  10  24  00    92.74   -49.41    43.33
2013  03  18  10  25  00    89.80   -48.61    41.18
2013  03  18  10  26  00    84.53   -47.58    36.96
2013  03  18  10  27  00    93.07   -48.18    44.89
2013  03  18  10  28  00    86.01   -48.20    37.81
2013  03  18  10  29  00    78.29   -48.56    29.73
2013  03  18  10  30  00    86.79   -49.13    37.65
2013  03  18  10  31  00    88.26   -49.69    38.57
2013  03  18  10  32  00    83.50   -53.01    30.49
2013  03  18  10  33  00    92.30   -56.89    35.41
2013  03  18  10  34  00    83.61   -50.29    33.32
2013  03  18  10  35  00    85.87   -49.72    36.14
2013  03  18  10  36  00    98.75   -49.61    49.14
2013  03  18  10  37  00   109.31   -50.46    58.85
2013  03  18  10  38  00   113.83   -52.23    61.60
2013  03  18  10  39  00   105.33   -51.59    53.74
2013  03  18  10  40  00   102.91   -51.11    51.80
2013  03  18  10  41  00    99.86   -50.02    49.84
2013  03  18  10  42  00   101.01   -55.73    45.28
2013  03  18  10  43  00    95.04   -50.47    44.57
2013  03  18  10  44  00   104.29   -46.89    57.40
2013  03  18  10  45  00   104.77   -47.46    57.30
2013  03  18  10  46  00   115.06   -50.20    64.86
2013  03  18  10  47  00   116.65   -50.25    66.41
2013  03  18  10  48  00   111.36   -49.70    61.66
2013  03  18  10  49  00   105.29   -48.81    56.48
2013  03  18  10  50  00    95.43   -49.17    46.27
2013  03  18  10  51  00    92.04   -51.83    40.20
2013  03  18  10  52  00   102.88   -50.04    52.83
2013  03  18  10  53  00   117.03   -53.19    63.84
2013  03  18  10  54  00   149.98   -85.59    64.39
2013  03  18  10  55  00   111.05   -71.08    39.97
2013  03  18  10  56  00   130.66   -94.11    36.56
2013  03  18  10  57  00   125.39   -81.09    44.30
2013  03  18  10  58  00   144.63   -87.52    57.12
2013  03  18  10  59  00   122.57   -57.54    65.03
2013  03  18  11  00  00   112.78   -49.08    63.71
2013  03  18  11  01  00    98.02   -50.30    47.72
2013  03  18  11  02  00   126.89   -52.38    74.51
2013  03  18  11  03  00   142.89   -62.75    80.15
2013  03  18  11  04  00   129.59   -52.58    77.01
2013  03  18  11  05  00   122.72   -50.33    72.39
2013  03  18  11  06  00   122.42   -51.50    70.93
2013  03  18  11  07  00   116.81   -49.06    67.75
2013  03  18  11  08  00   112.05   -48.94    63.11
2013  03  18  11  09  00   106.48   -49.86    56.63
2013  03  18  11  10  00   109.32   -49.25    60.06
2013  03  18  11  11  00   113.47   -48.85    64.62
2013  03  18  11  12  00   114.45   -48.23    66.22
2013  03  18  11  13  00   119.74   -46.54    73.20
2013  03  18  11  14  00   129.25   -47.69    81.56
2013  03  18  11  15  00   130.72   -49.98    80.74
2013  03  18  11  16  00   141.71   -51.87    89.85
2013  03  18  11  17  00   150.63   -53.22    97.41
2013  03  18  11  18  00   140.44   -53.43    87.01
2013  03  18  11  19  00   132.04   -72.05    59.99
2013  03  18  11  20  00   116.84   -77.37    39.47
2013  03  18  11  21  00   118.18   -80.77    37.41
2013  03  18  11  22  00   103.55   -60.02    43.54
2013  03  18  11  23  00    96.76   -50.72    46.05
2013  03  18  11  24  00    99.28   -49.26    50.02
2013  03  18  11  25  00   108.88   -49.46    59.41
2013  03  18  11  26  00   112.93   -49.65    63.28
2013  03  18  11  27  00   112.52   -50.18    62.33
2013  03  18  11  28  00   109.39   -49.99    59.40
2013  03  18  11  29  00   111.02   -49.60    61.42
2013  03  18  11  30  00   116.46   -49.15    67.31
2013  03  18  11  31  00   117.16   -49.07    68.09
2013  03  18  11  32  00   122.52   -50.94    71.58
2013  03  18  11  33  00   124.03   -49.81    74.22
2013  03  18  11  34  00   120.82   -49.78    71.05
2013  03  18  11  35  00   130.31   -51.33    78.98
2013  03  18  11  36  00   132.39   -54.62    77.77
2013  03  18  11  37  00   134.77   -56.29    78.49
2013  03  18  11  38  00   129.36   -55.23    74.13
2013  03  18  11  39  00   123.69   -53.85    69.84
2013  03  18  11  40  00   124.86   -52.21    72.65
2013  03  18  11  41  00   129.96   -50.99    78.97
2013  03  18  11  42  00   123.90   -51.48    72.42
2013  03  18  11  43  00   111.83   -51.70    60.13
2013  03  18  11  44  00   111.15   -52.82    58.33
2013  03  18  11  45  00   118.32   -53.25    65.07
2013  03  18  11  46  00   124.49   -53.05    71.44
2013  03  18  11  47  00   123.54   -52.56    70.98
2013  03  18  11  48  00   130.63   -52.31    78.32
2013  03  18  11  49  00   130.30   -52.13    78.17
2013  03  18  11  50  00   142.14   -51.81    90.33
2013  03  18  11  51  00   144.16   -55.97    88.19
2013  03  18  11  52  00   126.80   -56.63    70.17
2013  03  18  11  53  00   126.07   -76.11    49.96
2013  03  18  11  54  00   118.02   -80.46    37.55
2013  03  18  11  55  00   110.71   -73.02    37.69
2013  03  18  11  56  00    96.59   -60.63    35.96
2013  03  18  11  57  00    98.15   -50.70    47.45
2013  03  18  11  58  00   103.60   -50.43    53.17
2013  03  18  11  59  00   111.40   -51.88    59.52
2013  03  18  12  00  00   110.08   -51.71    58.37
2013  03  18  12  01  00   111.17   -51.24    59.93
2013  03  18  12  02  00   117.41   -51.19    66.22
2013  03  18  12  03  00   125.34   -51.41    73.94
2013  03  18  12  04  00   129.39   -51.17    78.22
2013  03  18  12  05  00   130.48   -50.77    79.71
2013  03  18  12  06  00   125.38   -50.07    75.30
2013  03  18  12  07  00   130.15   -50.26    79.88
2013  03  18  12  08  00   129.62   -50.90    78.73
2013  03  18  12  09  00   127.81   -50.82    76.99
2013  03  18  12  10  00   129.60   -50.54    79.06
2013  03  18  12  11  00   133.91   -50.57    83.34
2013  03  18  12  12  00   136.60   -51.02    85.58
2013  03  18  12  13  00   143.81   -51.40    92.42
2013  03  18  12  14  00   144.61   -53.96    90.65
2013  03  18  12  15  00   141.54   -59.79    81.74
2013  03  18  12  16  00   132.84   -65.19    67.65
2013  03  18  12  17  00   129.05   -65.98    63.07
2013  03  18  12  18  00   136.27   -68.16    68.12
2013  03  18  12  19  00   137.90   -76.43    61.47
2013  03  18  12  20  00   127.42   -77.90    49.52
2013  03  18  12  21  00   122.28   -71.46    50.83
2013  03  18  12  22  00   115.61   -62.33    53.28
2013  03  18  12  23  00   108.41   -55.80    52.61
2013  03  18  12  24  00   107.53   -54.88    52.65
2013  03  18  12  25  00   101.11   -53.49    47.61
2013  03  18  12  26  00    87.03   -52.86    34.17
2013  03  18  12  27  00    85.88   -52.85    33.02
2013  03  18  12  28  00    87.15   -53.27    33.88
2013  03  18  12  29  00    88.29   -53.56    34.74
2013  03  18  12  30  00    89.27   -53.67    35.60
2013  03  18  12  31  00    91.68   -54.22    37.46
2013  03  18  12  32  00    92.93   -54.61    38.32
2013  03  18  12  33  00    93.90   -54.72    39.18
2013  03  18  12  34  00    92.65   -54.61    38.04
2013  03  18  12  35  00    87.78   -53.87    33.91
2013  03  18  12  36  00    83.80   -53.02    30.78
2013  03  18  12  37  00    82.49   -52.85    29.64
2013  03  18  12  38  00    81.63   -53.12    28.51
2013  03  18  12  39  00    81.52   -53.14    28.38
2013  03  18  12  40  00    80.91   -52.66    28.25
2013  03  18  12  41  00    81.73   -52.61    29.12
2013  03  18  12  42  00    83.01   -52.78    30.22
2013  03  18  12  43  00    82.54   -52.72    29.82
2013  03  18  12  44  00    81.77   -52.23    29.54
2013  03  18  12  45  00    80.84   -51.92    28.91
2013  03  18  12  46  00    80.36   -51.23    29.13
2013  03  18  12  47  00    79.91   -51.22    28.69
2013  03  18  12  48  00    79.51   -51.21    28.30
2013  03  18  12  49  00    79.29   -50.75    28.53
2013  03  18  12  50  00    78.45   -50.05    28.40
2013  03  18  12  51  00    81.10   -50.17    30.92
2013  03  18  12  52  00    82.57   -50.75    31.82
2013  03  18  12  53  00    79.94   -51.23    28.71
2013  03  18  12  54  00    79.13   -51.04    28.09
2013  03  18  12  55  00    78.31   -50.64    27.67
2013  03  18  12  56  00    77.75   -50.35    27.40
2013  03  18  12  57  00    80.93   -50.63    30.30
2013  03  18  12  58  00    81.44   -50.55    30.89
2013  03  18  12  59  00    84.32   -51.42    32.90
2013  03  18  13  00  00    86.88   -52.03    34.85
2013  03  18  13  01  00    88.16   -52.69    35.47
2013  03  18  13  02  00    86.57   -52.53    34.04
2013  03  18  13  03  00    83.45   -52.05    31.40
2013  03  18  13  04  00    80.59   -51.33    29.26
2013  03  18  13  05  00    79.66   -51.57    28.09
2013  03  18  13  06  00    79.01   -51.61    27.41
2013  03  18  13  07  00    80.16   -51.70    28.46
2013  03  18  13  08  00    78.64   -51.25    27.39
2013  03  18  13  09  00    77.45   -50.85    26.59
2013  03  18  13  10  00    77.77   -50.52    27.25
2013  03  18  13  11  00    79.60   -50.42    29.18
2013  03  18  13  12  00    80.79   -50.68    30.12
2013  03  18  13  13  00    82.34   -50.80    31.54
2013  03  18  13  14  00    86.08   -51.86    34.22
2013  03  18  13  15  00    87.45   -51.66    35.78
2013  03  18  13  16  00    86.47   -50.94    35.53
2013  03  18  13  17  00    87.06   -50.61    36.45
2013  03  18  13  18  00    88.38   -50.08    38.30
2013  03  18  13  19  00    88.48   -50.49    37.99
2013  03  18  13  20  00    86.48   -50.65    35.83
2013  03  18  13  21  00    84.68   -50.72    33.96
2013  03  18  13  22  00    84.71   -50.92    33.79
2013  03  18  13  23  00    87.05   -51.01    36.04
2013  03  18  13  24  00    88.67   -50.00    38.67
2013  03  18  13  25  00    90.50   -50.28    40.22
2013  03  18  13  26  00    89.83   -50.45    39.38
2013  03  18  13  27  00    87.04   -50.47    36.57
2013  03  18  13  28  00    84.28   -50.58    33.70
2013  03  18  13  29  00    82.52   -50.18    32.34
2013  03  18  13  30  00    82.58   -50.02    32.56
2013  03  18  13  31  00    82.78   -50.07    32.71
2013  03  18  13  32  00    81.12   -50.27    30.85
2013  03  18  13  33  00    82.14   -50.07    32.06
2013  03  18  13  34  00    83.33   -50.20    33.13
2013  03  18  13  35  00    92.28   -57.18    35.11
2013  03  18  13  36  00    94.45   -60.37    34.09
2013  03  18  13  37  00    85.60   -54.53    31.07
2013  03  18  13  38  00    81.36   -50.08    31.28
2013  03  18  13  39  00    81.53   -50.58    30.95
2013  03  18  13  40  00    83.70   -51.69    32.01
2013  03  18  13  41  00    86.24   -51.25    35.00
2013  03  18  13  42  00    86.89   -50.91    35.98
2013  03  18  13  43  00    84.46   -51.49    32.97
2013  03  18  13  44  00    81.78   -52.56    29.22
2013  03  18  13  45  00    82.29   -53.01    29.29
2013  03  18  13  46  00    83.94   -54.00    29.94
2013  03  18  13  47  00    86.39   -54.45    31.94
2013  03  18  13  48  00    90.38   -54.47    35.91
2013  03  18  13  49  00    95.76   -53.94    41.82
2013  03  18  13  50  00    98.52   -53.25    45.27
2013  03  18  13  51  00   103.17   -52.59    50.58
2013  03  18  13  52  00   111.90   -52.52    59.37
2013  03  18  13  53  00   118.65   -53.25    65.40
2013  03  18  13  54  00   119.28   -53.95    65.33
2013  03  18  13  55  00   116.27   -54.01    62.25
2013  03  18  13  56  00   106.30   -54.24    52.06
2013  03  18  13  57  00   103.76   -54.99    48.78
2013  03  18  13  58  00   109.06   -55.91    53.15
2013  03  18  13  59  00   114.65   -56.65    58.00
2013  03  18  14  00  00   118.61   -56.96    61.65
2013  03  18  14  01  00   112.62   -55.23    57.40
2013  03  18  14  02  00   108.07   -53.74    54.32
2013  03  18  14  03  00   101.19   -52.82    48.37
2013  03  18  14  04  00    92.66   -52.00    40.66
2013  03  18  14  05  00    88.90   -51.31    37.59
2013  03  18  14  06  00    88.22   -50.99    37.23
2013  03  18  14  07  00    89.15   -51.33    37.82
2013  03  18  14  08  00    90.87   -51.66    39.21
2013  03  18  14  09  00    89.96   -52.01    37.95
2013  03  18  14  10  00    87.51   -52.25    35.26
2013  03  18  14  11  00    85.96   -52.63    33.33
2013  03  18  14  12  00    85.69   -52.76    32.94
2013  03  18  14  13  00    84.56   -52.68    31.88
2013  03  18  14  14  00    84.72   -52.46    32.26
2013  03  18  14  15  00    88.15   -52.32    35.83
2013  03  18  14  16  00    90.01   -52.31    37.70
2013  03  18  14  17  00    87.95   -52.01    35.94
2013  03  18  14  18  00    86.59   -51.77    34.82
2013  03  18  14  19  00    86.06   -51.82    34.24
2013  03  18  14  20  00    86.32   -53.10    33.22
2013  03  18  14  21  00    86.67   -53.17    33.50
2013  03  18  14  22  00    86.19   -52.40    33.78
2013  03  18  14  23  00    89.04   -53.09    35.96
2013  03  18  14  24  00    90.25   -53.39    36.86
2013  03  18  14  25  00    88.52   -53.06    35.46
2013  03  18  14  26  00    88.46   -52.81    35.66
2013  03  18  14  27  00    88.14   -52.78    35.36
2013  03  18  14  28  00    88.34   -52.88    35.46
2013  03  18  14  29  00    88.07   -53.07    35.00
2013  03  18  14  30  00    87.20   -52.91    34.29
2013  03  18  14  31  00    86.13   -52.47    33.65
2013  03  18  14  32  00    86.42   -52.63    33.79
2013  03  18  14  33  00    85.54   -52.14    33.40
2013  03  18  14  34  00    86.36   -51.85    34.52
2013  03  18  14  35  00    87.62   -52.15    35.47
2013  03  18  14  36  00    87.61   -52.52    35.09
2013  03  18  14  37  00    88.18   -53.14    35.03
2013  03  18  14  38  00    89.24   -53.07    36.17
2013  03  18  14  39  00    89.48   -52.52    36.96
2013  03  18  14  40  00    88.03   -51.32    36.71
2013  03  18  14  41  00    86.27   -52.11    34.16
2013  03  18  14  42  00    84.95   -52.66    32.30
2013  03  18  14  43  00    94.43   -54.59    39.83
2013  03  18  14  44  00    99.45   -54.59    44.86
2013  03  18  14  45  00    94.23   -54.35    39.88
2013  03  18  14  46  00    93.66   -54.15    39.51
2013  03  18  14  47  00    93.29   -53.91    39.38
2013  03  18  14  48  00    90.70   -53.73    36.97
2013  03  18  14  49  00    84.34   -52.60    31.74
2013  03  18  14  50  00    83.55   -52.20    31.35
2013  03  18  14  51  00    91.07   -52.12    38.96
2013  03  18  14  52  00    95.08   -52.08    43.01
2013  03  18  14  53  00    89.72   -52.04    37.69
2013  03  18  14  54  00    88.51   -52.28    36.23
2013  03  18  14  55  00    89.81   -53.74    36.07
2013  03  18  14  56  00    91.25   -54.16    37.09
2013  03  18  14  57  00    89.08   -53.96    35.11
2013  03  18  14  58  00    89.41   -53.83    35.57
2013  03  18  14  59  00    89.67   -54.31    35.36
2013  03  18  15  00  00    89.89   -54.98    34.91
2013  03  18  15  01  00    89.98   -54.60    35.39
2013  03  18  15  02  00    89.98   -54.32    35.66
2013  03  18  15  03  00    90.31   -54.44    35.87
2013  03  18  15  04  00    90.66   -54.29    36.38
2013  03  18  15  05  00    90.00   -53.97    36.02
2013  03  18  15  06  00    89.19   -53.56    35.63
2013  03  18  15  07  00    88.62   -53.38    35.24
2013  03  18  15  08  00    87.17   -53.63    33.54
2013  03  18  15  09  00    86.82   -53.34    33.47
2013  03  18  15  10  00    86.53   -53.31    33.21
2013  03  18  15  11  00    88.09   -53.23    34.85
2013  03  18  15  12  00    89.55   -53.16    36.39
2013  03  18  15  13  00    87.99   -53.09    34.90
2013  03  18  15  14  00    89.89   -54.16    35.74
2013  03  18  15  15  00    90.76   -54.88    35.88
2013  03  18  15  16  00    92.66   -55.79    36.87
2013  03  18  15  17  00    91.27   -54.40    36.88
2013  03  18  15  18  00    91.86   -54.43    37.43
2013  03  18  15  19  00    89.46   -55.00    34.46
2013  03  18  15  20  00    88.37   -54.38    33.99
2013  03  18  15  21  00    87.61   -54.72    32.89
2013  03  18  15  22  00    94.04   -61.40    32.64
2013  03  18  15  23  00    97.64   -60.67    36.97
2013  03  18  15  24  00    94.91   -58.42    36.48
2013  03  18  15  25  00    90.55   -56.16    34.38
2013  03  18  15  26  00    90.68   -55.60    35.08
2013  03  18  15  27  00    89.98   -55.33    34.65
2013  03  18  15  28  00    89.02   -55.19    33.83
2013  03  18  15  29  00    88.20   -55.17    33.03
2013  03  18  15  30  00    87.31   -54.93    32.37
2013  03  18  15  31  00    87.22   -54.64    32.58
2013  03  18  15  32  00    88.04   -55.45    32.59
2013  03  18  15  33  00    87.42   -55.31    32.11
2013  03  18  15  34  00    87.08   -55.33    31.75
2013  03  18  15  35  00    87.69   -55.38    32.31
2013  03  18  15  36  00    88.30   -55.20    33.10
2013  03  18  15  37  00    88.69   -55.58    33.11
2013  03  18  15  38  00    88.39   -55.18    33.21
2013  03  18  15  39  00    88.48   -55.56    32.93
2013  03  18  15  40  00    87.84   -55.87    31.97
2013  03  18  15  41  00    87.85   -55.78    32.07
2013  03  18  15  42  00    87.59   -55.71    31.88
2013  03  18  15  43  00    86.81   -54.54    32.27
2013  03  18  15  44  00    87.36   -55.06    32.30
2013  03  18  15  45  00    85.17   -54.92    30.26
2013  03  18  15  46  00    84.24   -54.80    29.43
2013  03  18  15  47  00    83.13   -54.91    28.21
2013  03  18  15  48  00    82.53   -54.82    27.70
2013  03  18  15  49  00    85.40   -56.21    29.19
2013  03  18  15  50  00    87.60   -56.56    31.04
2013  03  18  15  51  00    90.88   -57.07    33.80
2013  03  18  15  52  00    95.89   -57.52    38.37
2013  03  18  15  53  00    98.53   -57.77    40.77
2013  03  18  15  54  00    96.71   -55.77    40.94
2013  03  18  15  55  00    96.26   -58.06    38.20
2013  03  18  15  56  00   104.03   -68.03    36.00
2013  03  18  15  57  00   104.23   -67.25    36.98
2013  03  18  15  58  00    91.85   -56.88    34.97
2013  03  18  15  59  00    86.49   -55.29    31.20
2013  03  18  16  00  00    92.68   -65.01    27.67
2013  03  18  16  01  00    96.01   -70.30    25.71
2013  03  18  16  02  00    99.27   -71.83    27.45
2013  03  18  16  03  00   107.09   -72.98    34.11
2013  03  18  16  04  00   107.14   -72.41    34.73
2013  03  18  16  05  00   109.28   -72.64    36.64
2013  03  18  16  06  00   111.09   -76.91    34.18
2013  03  18  16  07  00   115.87   -86.05    29.82
2013  03  18  16  08  00   122.08   -92.39    29.70
2013  03  18  16  09  00   114.94   -84.60    30.34
2013  03  18  16  10  00   100.57   -72.72    27.86
2013  03  18  16  11  00    96.67   -67.89    28.78
2013  03  18  16  12  00    94.73   -65.76    28.97
2013  03  18  16  13  00    89.92   -62.41    27.52
2013  03  18  16  14  00    91.49   -63.55    27.93
2013  03  18  16  15  00    91.33   -63.75    27.59
2013  03  18  16  16  00    86.68   -61.36    25.33
2013  03  18  16  17  00    82.47   -57.80    24.66
2013  03  18  16  18  00    87.55   -60.48    27.07
2013  03  18  16  19  00    96.22   -66.71    29.51
2013  03  18  16  20  00    97.78   -67.44    30.33
2013  03  18  16  21  00    95.16   -65.98    29.19
2013  03  18  16  22  00    99.82   -70.33    29.49
2013  03  18  16  23  00   103.35   -73.16    30.20
2013  03  18  16  24  00   110.69   -74.70    35.99
2013  03  18  16  25  00   114.20   -79.88    34.32
2013  03  18  16  26  00   112.13   -78.27    33.86
2013  03  18  16  27  00   108.85   -77.47    31.38
2013  03  18  16  28  00   106.89   -74.29    32.59
2013  03  18  16  29  00   113.69   -76.36    37.33
2013  03  18  16  30  00   114.67   -79.65    35.03
2013  03  18  16  31  00   117.57   -81.14    36.43
2013  03  18  16  32  00   124.27   -85.58    38.69
2013  03  18  16  33  00   134.61   -88.28    46.33
2013  03  18  16  34  00   136.06   -90.68    45.38
2013  03  18  16  35  00   138.91   -94.78    44.13
2013  03  18  16  36  00   143.02   -97.58    45.44
2013  03  18  16  37  00   142.53  -100.71    41.82
2013  03  18  16  38  00   140.67   -98.68    41.99
2013  03  18  16  39  00   140.62   -95.45    45.17
2013  03  18  16  40  00   141.86   -96.15    45.72
2013  03  18  16  41  00   140.81   -96.68    44.13
2013  03  18  16  42  00   137.32   -97.84    39.48
2013  03  18  16  43  00   133.73   -95.59    38.14
2013  03  18  16  44  00   127.58   -93.60    33.98
2013  03  18  16  45  00   123.72   -91.57    32.15
2013  03  18  16  46  00   126.59   -91.66    34.93
2013  03  18  16  47  00   123.02   -88.78    34.24
2013  03  18  16  48  00   127.30   -89.16    38.14
2013  03  18  16  49  00   126.73   -87.21    39.52
2013  03  18  16  50  00   138.82   -96.52    42.30
2013  03  18  16  51  00   144.23  -103.07    41.16
2013  03  18  16  52  00   148.75  -106.97    41.79
2013  03  18  16  53  00   153.93  -112.05    41.88
2013  03  18  16  54  00   154.60  -114.03    40.57
2013  03  18  16  55  00   149.94  -109.12    40.82
2013  03  18  16  56  00   145.82  -106.70    39.12
2013  03  18  16  57  00   155.23  -115.84    39.39
2013  03  18  16  58  00   157.10  -122.06    35.03
2013  03  18  16  59  00   165.88  -118.73    47.14
2013  03  18  17  00  00   170.86  -119.51    51.35
2013  03  18  17  01  00   169.58  -119.70    49.88
2013  03  18  17  02  00   162.63  -114.28    48.35
2013  03  18  17  03  00   158.23  -112.88    45.35
2013  03  18  17  04  00   148.74  -111.73    37.01
2013  03  18  17  05  00   145.52  -110.08    35.44
2013  03  18  17  06  00   139.65  -108.09    31.56
2013  03  18  17  07  00   139.80  -107.85    31.95
2013  03  18  17  08  00   139.76  -110.70    29.05
2013  03  18  17  09  00   137.98  -110.52    27.47
2013  03  18  17  10  00   137.18  -109.70    27.48
2013  03  18  17  11  00   133.08  -106.59    26.49
2013  03  18  17  12  00   132.98  -108.49    24.50
2013  03  18  17  13  00   126.77  -102.13    24.65
2013  03  18  17  14  00   128.33  -103.93    24.41
2013  03  18  17  15  00   130.50  -102.83    27.67
2013  03  18  17  16  00   125.72   -97.18    28.53
2013  03  18  17  17  00   117.11   -89.82    27.29
2013  03  18  17  18  00   114.81   -88.70    26.12
2013  03  18  17  19  00   116.87   -90.77    26.10
2013  03  18  17  20  00   118.96   -90.18    28.78
2013  03  18  17  21  00   112.80   -84.67    28.12
2013  03  18  17  22  00   108.34   -80.45    27.89
2013  03  18  17  23  00   111.16   -83.31    27.85
2013  03  18  17  24  00   114.91   -86.21    28.69
2013  03  18  17  25  00   119.45   -89.92    29.53
2013  03  18  17  26  00   113.80   -83.60    30.20
2013  03  18  17  27  00   116.85   -86.81    30.04
2013  03  18  17  28  00   121.80   -91.22    30.59
2013  03  18  17  29  00   118.97   -87.68    31.29
2013  03  18  17  30  00   112.64   -80.42    32.22
2013  03  18  17  31  00   111.21   -78.59    32.63
2013  03  18  17  32  00   112.14   -79.09    33.05
2013  03  18  17  33  00   108.19   -74.21    33.98
2013  03  18  17  34  00   110.51   -76.87    33.64
2013  03  18  17  35  00   110.52   -75.75    34.77
2013  03  18  17  36  00   107.08   -71.98    35.10
2013  03  18  17  37  00   104.92   -68.39    36.52
2013  03  18  17  38  00    97.07   -63.60    33.47
2013  03  18  17  39  00   100.22   -63.91    36.31
2013  03  18  17  40  00   103.90   -65.89    38.02
2013  03  18  17  41  00   118.75   -81.62    37.13
2013  03  18  17  42  00   131.24   -93.50    37.74
2013  03  18  17  43  00   142.25  -105.25    37.00
2013  03  18  17  44  00   140.75  -102.80    37.95
2013  03  18  17  45  00   138.02   -96.40    41.63
2013  03  18  17  46  00   131.73   -89.05    42.68
2013  03  18  17  47  00   129.37   -86.27    43.10
2013  03  18  17  48  00   129.00   -87.40    41.61
2013  03  18  17  49  00   123.78   -82.68    41.10
2013  03  18  17  50  00   119.48   -77.14    42.34
2013  03  18  17  51  00   120.15   -76.78    43.37
2013  03  18  17  52  00   119.83   -75.30    44.53
2013  03  18  17  53  00   112.83   -67.35    45.48
2013  03  18  17  54  00   107.18   -59.38    47.80
2013  03  18  17  55  00   105.66   -59.77    45.89
2013  03  18  17  56  00   114.70   -68.24    46.47
2013  03  18  17  57  00   116.89   -72.18    44.71
2013  03  18  17  58  00   124.89   -77.08    47.81
2013  03  18  17  59  00   134.52   -87.67    46.84
2013  03  18  18  00  00   137.63   -90.42    47.21
2013  03  18  18  01  00   132.89   -85.34    47.55
2013  03  18  18  02  00   125.62   -77.74    47.87
2013  03  18  18  03  00   126.77   -75.53    51.24
2013  03  18  18  04  00   134.98   -81.60    53.39
2013  03  18  18  05  00   125.69   -88.14    37.55
2013  03  18  18  06  00   127.67   -91.09    36.58
2013  03  18  18  07  00   122.54   -90.93    31.61
2013  03  18  18  08  00   116.61   -88.96    27.64
2013  03  18  18  09  00   136.86   -86.99    49.87
2013  03  18  18  10  00   138.94   -88.41    50.53
2013  03  18  18  11  00   139.26   -89.06    50.19
2013  03  18  18  12  00   135.87   -85.72    50.15
2013  03  18  18  13  00   133.74   -75.03    58.71
2013  03  18  18  14  00   119.27   -72.61    46.66
2013  03  18  18  15  00   118.48   -68.53    49.95
2013  03  18  18  16  00   113.08   -67.37    45.71
2013  03  18  18  17  00   114.28   -67.79    46.49
2013  03  18  18  18  00   109.30   -65.43    43.87
2013  03  18  18  19  00   126.07   -81.00    45.08
2013  03  18  18  20  00   127.28   -84.48    42.80
2013  03  18  18  21  00   127.69   -85.68    42.01
2013  03  18  18  22  00   136.39   -86.28    50.11
2013  03  18  18  23  00   137.16   -84.02    53.14
2013  03  18  18  24  00   137.50   -76.14    61.36
2013  03  18  18  25  00   124.09   -77.14    46.95
2013  03  18  18  26  00   134.55   -84.01    50.53
2013  03  18  18  27  00   132.38   -83.52    48.85
2013  03  18  18  28  00   130.11   -78.50    51.61
2013  03  18  18  29  00   128.31   -75.82    52.50
2013  03  18  18  30  00   125.41   -74.67    50.74
2013  03  18  18  31  00   121.25   -71.97    49.27
2013  03  18  18  32  00   120.35   -72.48    47.87
2013  03  18  18  33  00   119.86   -71.15    48.72
2013  03  18  18  34  00   117.91   -70.98    46.93
2013  03  18  18  35  00   118.17   -72.82    45.35
2013  03  18  18  36  00   123.23   -76.35    46.88
2013  03  18  18  37  00   121.79   -74.82    46.98
2013  03  18  18  38  00   123.26   -75.73    47.53
2013  03  18  18  39  00   122.25   -74.62    47.63
2013  03  18  18  40  00   120.75   -74.35    46.40
2013  03  18  18  41  00   119.35   -73.13    46.22
2013  03  18  18  42  00   117.39   -71.08    46.31
2013  03  18  18  43  00   107.16   -62.75    44.41
2013  03  18  18  44  00   103.31   -58.88    44.43
2013  03  18  18  45  00   101.75   -56.12    45.63
2013  03  18  18  46  00    97.26   -51.92    45.34
2013  03  18  18  47  00    93.68   -48.76    44.92
2013  03  18  18  48  00    92.11   -47.97    44.14
2013  03  18  18  49  00    92.59   -49.05    43.54
2013  03  18  18  50  00    91.04   -47.08    43.96
2013  03  18  18  51  00    89.70   -48.12    41.57
2013  03  18  18  52  00    88.58   -48.05    40.53
2013  03  18  18  53  00    91.05   -49.91    41.14
2013  03  18  18  54  00    92.71   -52.49    40.22
2013  03  18  18  55  00    99.16   -56.53    42.63
2013  03  18  18  56  00    96.86   -54.43    42.42
2013  03  18  18  57  00    94.83   -53.87    40.96
2013  03  18  18  58  00   101.45   -59.47    41.98
2013  03  18  18  59  00   105.64   -62.37    43.27
2013  03  18  19  00  00   108.40   -64.84    43.56
2013  03  18  19  01  00   107.68   -64.46    43.22
2013  03  18  19  02  00   102.70   -60.08    42.61
2013  03  18  19  03  00    97.89   -56.87    41.02
2013  03  18  19  04  00    94.32   -55.11    39.22
2013  03  18  19  05  00    90.62   -51.19    39.43
2013  03  18  19  06  00    87.05   -47.63    39.43
2013  03  18  19  07  00    88.08   -47.32    40.76
2013  03  18  19  08  00    88.29   -47.33    40.95
2013  03  18  19  09  00    85.58   -47.14    38.44
2013  03  18  19  10  00    84.09   -47.26    36.83
2013  03  18  19  11  00    84.94   -47.47    37.47
2013  03  18  19  12  00    84.98   -47.35    37.62
2013  03  18  19  13  00    85.62   -48.05    37.58
2013  03  18  19  14  00    85.54   -48.59    36.95
2013  03  18  19  15  00    85.43   -48.71    36.72
2013  03  18  19  16  00    88.58   -48.69    39.89
2013  03  18  19  17  00    90.61   -48.73    41.87
2013  03  18  19  18  00    87.68   -48.35    39.32
2013  03  18  19  19  00    84.97   -48.29    36.68
2013  03  18  19  20  00    85.05   -48.80    36.25
2013  03  18  19  21  00    85.88   -49.03    36.86
2013  03  18  19  22  00    85.43   -49.92    35.51
2013  03  18  19  23  00    86.09   -51.90    34.20
2013  03  18  19  24  00    86.87   -52.50    34.36
2013  03  18  19  25  00    85.16   -51.79    33.37
2013  03  18  19  26  00    84.52   -49.89    34.64
2013  03  18  19  27  00    82.15   -47.97    34.18
2013  03  18  19  28  00    85.08   -46.67    38.40
2013  03  18  19  29  00    95.66   -47.22    48.45
2013  03  18  19  30  00    94.17   -48.86    45.30
2013  03  18  19  31  00    94.02   -50.00    44.02
2013  03  18  19  32  00    93.97   -50.46    43.52
2013  03  18  19  33  00   100.89   -50.37    50.52
2013  03  18  19  34  00   109.39   -50.27    59.11
2013  03  18  19  35  00   115.68   -50.20    65.48
2013  03  18  19  36  00   119.44   -50.58    68.86
2013  03  18  19  37  00   119.50   -50.91    68.59
2013  03  18  19  38  00   117.77   -51.07    66.70
2013  03  18  19  39  00   115.54   -52.47    63.07
2013  03  18  19  40  00   123.50   -60.20    63.31
2013  03  18  19  41  00   162.99   -89.01    73.98
2013  03  18  19  42  00   137.96   -63.90    74.07
2013  03  18  19  43  00   118.61   -50.69    67.92
2013  03  18  19  44  00   114.37   -50.44    63.93
2013  03  18  19  45  00   108.26   -50.18    58.08
2013  03  18  19  46  00   100.74   -49.87    50.87
2013  03  18  19  47  00    94.29   -49.54    44.76
2013  03  18  19  48  00    91.24   -49.31    41.94
2013  03  18  19  49  00    89.70   -49.33    40.37
2013  03  18  19  50  00    87.91   -49.43    38.48
2013  03  18  19  51  00    85.30   -49.72    35.59
2013  03  18  19  52  00    86.29   -49.81    36.48
2013  03  18  19  53  00    83.88   -49.85    34.03
2013  03  18  19  54  00    82.78   -49.86    32.92
2013  03  18  19  55  00    81.73   -49.54    32.19
2013  03  18  19  56  00    81.28   -49.18    32.10
2013  03  18  19  57  00    80.96   -48.83    32.13
2013  03  18  19  58  00    81.43   -48.59    32.84
2013  03  18  19  59  00    81.74   -48.43    33.31
2013  03  18  20  00  00    82.14   -48.01    34.13
2013  03  18  20  01  00    81.50   -47.40    34.10
2013  03  18  20  02  00    81.13   -47.12    34.00
2013  03  18  20  03  00    80.24   -46.90    33.33
2013  03  18  20  04  00    79.82   -46.79    33.03
2013  03  18  20  05  00    79.72   -46.91    32.82
2013  03  18  20  06  00    79.33   -47.11    32.22
2013  03  18  20  07  00    80.57   -47.24    33.33
2013  03  18  20  08  00    80.96   -47.52    33.44
2013  03  18  20  09  00    79.10   -47.55    31.56
2013  03  18  20  10  00    77.14   -47.48    29.67
2013  03  18  20  11  00    75.12   -47.33    27.78
2013  03  18  20  12  00    71.81   -46.91    24.90
2013  03  18  20  13  00    70.86   -46.85    24.01
2013  03  18  20  14  00    70.79   -46.67    24.12
2013  03  18  20  15  00    72.05   -46.74    25.31
2013  03  18  20  16  00    72.35   -47.00    25.35
2013  03  18  20  17  00    74.59   -47.12    27.46
2013  03  18  20  18  00    76.69   -47.12    29.57
2013  03  18  20  19  00    77.89   -47.21    30.68
2013  03  18  20  20  00    79.06   -47.27    31.79
2013  03  18  20  21  00    80.06   -47.15    32.90
2013  03  18  20  22  00    81.09   -47.07    34.01
2013  03  18  20  23  00    80.94   -46.82    34.12
2013  03  18  20  24  00    79.55   -46.32    33.23
2013  03  18  20  25  00    77.24   -45.78    31.46
2013  03  18  20  26  00    82.36   -45.61    36.75
2013  03  18  20  27  00    82.97   -45.69    37.28
2013  03  18  20  28  00    82.82   -45.77    37.05
2013  03  18  20  29  00    89.62   -45.90    43.72
2013  03  18  20  30  00    93.36   -45.89    47.47
2013  03  18  20  31  00    93.34   -45.92    47.42
2013  03  18  20  32  00    92.16   -45.96    46.20
2013  03  18  20  33  00    95.13   -45.93    49.20
2013  03  18  20  34  00    96.91   -45.92    50.99
2013  03  18  20  35  00    98.48   -46.09    52.40
2013  03  18  20  36  00    98.35   -46.09    52.25
2013  03  18  20  37  00    96.41   -46.24    50.17
2013  03  18  20  38  00    95.17   -46.70    48.47
2013  03  18  20  39  00    94.21   -47.06    47.15
2013  03  18  20  40  00    92.93   -47.13    45.80
2013  03  18  20  41  00    92.52   -47.15    45.37
2013  03  18  20  42  00    91.62   -47.28    44.34
2013  03  18  20  43  00    90.71   -47.21    43.50
2013  03  18  20  44  00    91.35   -46.89    44.46
2013  03  18  20  45  00    94.07   -46.59    47.48
2013  03  18  20  46  00    95.70   -46.22    49.48
2013  03  18  20  47  00    92.28   -45.98    46.30
2013  03  18  20  48  00    89.12   -45.88    43.23
2013  03  18  20  49  00    89.92   -45.88    44.05
2013  03  18  20  50  00    90.99   -45.81    45.18
2013  03  18  20  51  00    91.91   -45.70    46.21
2013  03  18  20  52  00    88.10   -46.13    41.96
2013  03  18  20  53  00    83.30   -46.85    36.45
2013  03  18  20  54  00    86.04   -47.50    38.54
2013  03  18  20  55  00    87.47   -48.34    39.13
2013  03  18  20  56  00    92.09   -49.58    42.51
2013  03  18  20  57  00    96.27   -50.11    46.16
2013  03  18  20  58  00    95.65   -50.46    45.20
2013  03  18  20  59  00    91.34   -50.39    40.94
2013  03  18  21  00  00    89.69   -50.01    39.68
2013  03  18  21  01  00    89.01   -49.50    39.51
2013  03  18  21  02  00    80.79   -48.73    32.06
2013  03  18  21  03  00    84.06   -48.09    35.97
2013  03  18  21  04  00    85.20   -48.14    37.06
2013  03  18  21  05  00    86.80   -48.81    37.99
2013  03  18  21  06  00    87.14   -49.08    38.06
2013  03  18  21  07  00    86.46   -49.34    37.13
2013  03  18  21  08  00    87.75   -49.57    38.18
2013  03  18  21  09  00    96.81   -49.64    47.17
2013  03  18  21  10  00   104.87   -49.90    54.97
2013  03  18  21  11  00   114.10   -50.27    63.84
2013  03  18  21  12  00   123.72   -50.65    73.07
2013  03  18  21  13  00   147.10   -66.58    80.52
2013  03  18  21  14  00   166.19   -81.58    84.61
2013  03  18  21  15  00   174.04   -85.38    88.66
2013  03  18  21  16  00   174.36   -82.32    92.04
2013  03  18  21  17  00   164.62   -67.99    96.63
2013  03  18  21  18  00   158.35   -52.92   105.43
2013  03  18  21  19  00   158.07   -48.15   109.91
2013  03  18  21  20  00   157.43   -48.38   109.05
2013  03  18  21  21  00   156.67   -48.51   108.16
2013  03  18  21  22  00   159.72   -48.68   111.04
2013  03  18  21  23  00   165.63   -53.51   112.12
2013  03  18  21  24  00   172.13   -53.15   118.99
2013  03  18  21  25  00   156.64   -48.22   108.42
2013  03  18  21  26  00   154.22   -48.15   106.07
2013  03  18  21  27  00   165.29   -50.70   114.59
2013  03  18  21  28  00   179.74   -58.96   120.78
2013  03  18  21  29  00   171.34   -55.09   116.25
2013  03  18  21  30  00   162.80   -49.04   113.77
2013  03  18  21  31  00   164.85   -49.07   115.78
2013  03  18  21  32  00   158.45   -49.04   109.40
2013  03  18  21  33  00   149.11   -54.64    94.47
2013  03  18  21  34  00   137.89   -48.87    89.02
2013  03  18  21  35  00   136.37   -48.91    87.46
2013  03  18  21  36  00   133.74   -49.07    84.67
2013  03  18  21  37  00   125.54   -49.24    76.31
2013  03  18  21  38  00   118.29   -49.42    68.86
2013  03  18  21  39  00   116.22   -49.60    66.62
2013  03  18  21  40  00   122.94   -59.01    63.93
2013  03  18  21  41  00   116.79   -55.43    61.36
2013  03  18  21  42  00   108.84   -50.13    58.71
2013  03  18  21  43  00   107.72   -50.63    57.09
2013  03  18  21  44  00   106.70   -50.97    55.73
2013  03  18  21  45  00   105.71   -51.18    54.53
2013  03  18  21  46  00   105.45   -51.15    54.29
2013  03  18  21  47  00   104.37   -51.26    53.12
2013  03  18  21  48  00   105.63   -51.40    54.23
2013  03  18  21  49  00   108.66   -51.78    56.88
2013  03  18  21  50  00   106.91   -52.13    54.78
2013  03  18  21  51  00   103.45   -52.10    51.34
2013  03  18  21  52  00    99.22   -52.06    47.16
2013  03  18  21  53  00    97.53   -52.02    45.52
2013  03  18  21  54  00    91.24   -52.07    39.17
2013  03  18  21  55  00    86.07   -52.31    33.75
2013  03  18  21  56  00    82.52   -52.49    30.03
2013  03  18  21  57  00    82.55   -53.05    29.50
2013  03  18  21  58  00    84.97   -53.40    31.57
2013  03  18  21  59  00    86.04   -53.44    32.59
2013  03  18  22  00  00    84.07   -53.45    30.62
2013  03  18  22  01  00    83.24   -53.60    29.64
2013  03  18  22  02  00    82.36   -53.70    28.66
2013  03  18  22  03  00    81.36   -53.67    27.68
2013  03  18  22  04  00    80.33   -53.63    26.70
2013  03  18  22  05  00    79.79   -53.44    26.35
2013  03  18  22  06  00    79.70   -53.36    26.34
2013  03  18  22  07  00    79.12   -53.37    25.75
2013  03  18  22  08  00    81.42   -53.65    27.76
2013  03  18  22  09  00    84.83   -54.06    30.77
2013  03  18  22  10  00    88.27   -54.48    33.78
2013  03  18  22  11  00    89.29   -54.49    34.79
2013  03  18  22  12  00    88.17   -54.36    33.80
2013  03  18  22  13  00    87.99   -54.18    33.81
2013  03  18  22  14  00    86.75   -53.93    32.82
2013  03  18  22  15  00    86.93   -54.11    32.82
2013  03  18  22  16  00    88.50   -53.95    34.55
2013  03  18  22  17  00    85.82   -53.99    31.83
2013  03  18  22  18  00    83.76   -53.93    29.84
2013  03  18  22  19  00    85.73   -54.24    31.49
2013  03  18  22  20  00    87.35   -54.31    33.04
2013  03  18  22  21  00    84.91   -54.42    30.50
2013  03  18  22  22  00    86.82   -54.38    32.44
2013  03  18  22  23  00    88.34   -54.49    33.85
2013  03  18  22  24  00    88.09   -54.24    33.85
2013  03  18  22  25  00    85.71   -53.86    31.85
2013  03  18  22  26  00    83.95   -54.10    29.85
2013  03  18  22  27  00    83.87   -55.03    28.85
2013  03  18  22  28  00    83.42   -55.58    27.84
2013  03  18  22  29  00    85.17   -55.33    29.84
2013  03  18  22  30  00    84.36   -54.85    29.51
2013  03  18  22  31  00    82.43   -54.59    27.84
2013  03  18  22  32  00    81.79   -55.41    26.38
2013  03  18  22  33  00    82.69   -54.86    27.83
2013  03  18  22  34  00    84.96   -55.13    29.82
2013  03  18  22  35  00    86.78   -54.96    31.82
2013  03  18  22  36  00    89.25   -54.44    34.81
2013  03  18  22  37  00    91.43   -54.63    36.80
2013  03  18  22  38  00    90.81   -55.01    35.79
2013  03  18  22  39  00    87.82   -55.03    32.78
2013  03  18  22  40  00    86.27   -54.49    31.78
2013  03  18  22  41  00    85.92   -54.15    31.77
2013  03  18  22  42  00    84.72   -53.96    30.75
2013  03  18  22  43  00    83.68   -53.94    29.74
2013  03  18  22  44  00    82.56   -53.83    28.73
2013  03  18  22  45  00    83.45   -53.73    29.72
2013  03  18  22  46  00    84.57   -53.86    30.71
2013  03  18  22  47  00    83.55   -53.85    29.69
2013  03  18  22  48  00    83.68   -54.00    29.68
2013  03  18  22  49  00    84.63   -53.97    30.66
2013  03  18  22  50  00    84.60   -53.96    30.65
2013  03  18  22  51  00    82.45   -53.82    28.63
2013  03  18  22  52  00    84.01   -53.69    30.32
2013  03  18  22  53  00    88.74   -53.51    35.23
2013  03  18  22  54  00    86.24   -53.10    33.14
2013  03  18  22  55  00    89.57   -53.37    36.21
2013  03  18  22  56  00    85.14   -53.57    31.57
2013  03  18  22  57  00    84.37   -53.85    30.51
2013  03  18  22  58  00    89.99   -54.05    35.94
2013  03  18  22  59  00    94.81   -53.93    40.87
2013  03  18  23  00  00    91.91   -53.91    38.00
2013  03  18  23  01  00    90.39   -53.92    36.48
2013  03  18  23  02  00    93.77   -53.90    39.87
2013  03  18  23  03  00    95.26   -54.02    41.23
2013  03  18  23  04  00    99.87   -54.07    45.80
2013  03  18  23  05  00    96.31   -54.02    42.30
2013  03  18  23  06  00    92.48   -53.95    38.54
2013  03  18  23  07  00    91.13   -53.44    37.69
2013  03  18  23  08  00    85.55   -53.35    32.21
2013  03  18  23  09  00    85.77   -53.59    32.17
2013  03  18  23  10  00    87.00   -53.86    33.14
2013  03  18  23  11  00   100.79   -54.09    46.71
2013  03  18  23  12  00    89.25   -54.19    35.07
2013  03  18  23  13  00    89.43   -54.40    35.03
2013  03  18  23  14  00    88.50   -54.51    33.99
2013  03  18  23  15  00    88.38   -54.42    33.95
2013  03  18  23  16  00    89.11   -54.20    34.92
2013  03  18  23  17  00    91.16   -54.28    36.88
2013  03  18  23  18  00    92.18   -54.34    37.84
2013  03  18  23  19  00    91.73   -53.93    37.80
2013  03  18  23  20  00    92.34   -53.58    38.76
2013  03  18  23  21  00    92.28   -53.56    38.72
2013  03  18  23  22  00    91.18   -53.50    37.68
2013  03  18  23  23  00    89.97   -53.33    36.64
2013  03  18  23  24  00    87.76   -53.16    34.60
2013  03  18  23  25  00    85.95   -53.38    32.56
2013  03  18  23  26  00    84.91   -53.39    31.52
2013  03  18  23  27  00    85.79   -53.31    32.48
2013  03  18  23  28  00    85.66   -53.22    32.44
2013  03  18  23  29  00    86.79   -53.39    33.40
2013  03  18  23  30  00    87.15   -52.79    34.37
2013  03  18  23  31  00    87.55   -52.23    35.33
2013  03  18  23  32  00    86.35   -52.06    34.29
2013  03  18  23  33  00    84.22   -51.97    32.25
2013  03  18  23  34  00    82.30   -52.09    30.21
2013  03  18  23  35  00    81.35   -52.18    29.18
2013  03  18  23  36  00    81.41   -52.27    29.14
2013  03  18  23  37  00    80.80   -52.70    28.10
2013  03  18  23  38  00    81.96   -52.89    29.07
2013  03  18  23  39  00    83.82   -52.79    31.03
2013  03  18  23  40  00    85.57   -52.58    32.99
2013  03  18  23  41  00    86.50   -52.55    33.95
2013  03  18  23  42  00    87.54   -52.63    34.92
2013  03  18  23  43  00    87.61   -52.74    34.88
2013  03  18  23  44  00    70.22   -34.38    35.84
2013  03  18  23  45  00    70.12   -34.32    35.80
2013  03  18  23  46  00    70.46   -34.70    35.76
2013  03  18  23  47  00    72.42   -35.70    36.72
2013  03  18  23  48  00    72.95   -36.27    36.68
2013  03  18  23  49  00    72.29   -36.65    35.64
2013  03  18  23  50  00    71.16   -36.56    34.60
2013  03  18  23  51  00    70.87   -37.32    33.55
2013  03  18  23  52  00    70.29   -37.78    32.51
2013  03  18  23  53  00    67.88   -37.41    30.46
2013  03  18  23  54  00    68.78   -37.36    31.42
2013  03  18  23  55  00    70.22   -36.85    33.37
2013  03  18  23  56  00    72.37   -37.04    35.33
2013  03  18  23  57  00    73.90   -37.63    36.28
2013  03  18  23  58  00    75.39   -38.17    37.22
2013  03  18  23  59  00    75.33   -38.16    37.17
2013  03  19  00  00  00    86.89   -49.77    37.12
2013  03  19  00  01  00    86.00   -49.93    36.06
2013  03  19  00  02  00    85.04   -50.03    35.01
2013  03  19  00  03  00    83.90   -49.95    33.95
2013  03  19  00  04  00    83.77   -49.88    33.89
2013  03  19  00  05  00    84.67   -49.83    34.84
2013  03  19  00  06  00    84.72   -49.94    34.78
2013  03  19  00  07  00    83.51   -49.79    33.72
2013  03  19  00  08  00    82.66   -50.01    32.66
2013  03  19  00  09  00    81.69   -50.09    31.60
2013  03  19  00  10  00    80.47   -49.94    30.54
2013  03  19  00  11  00    79.33   -49.85    29.48
2013  03  19  00  12  00    77.08   -49.66    27.41
2013  03  19  00  13  00    76.06   -49.71    26.35
2013  03  19  00  14  00    76.33   -50.04    26.29
2013  03  19  00  15  00    76.56   -50.33    26.22
2013  03  19  00  16  00    77.77   -50.61    27.16
2013  03  19  00  17  00    80.00   -50.65    29.34
2013  03  19  00  18  00    82.24   -50.49    31.75
2013  03  19  00  19  00    82.36   -50.33    32.03
2013  03  19  00  20  00    85.38   -50.19    35.19
2013  03  19  00  21  00    87.86   -50.10    37.76
2013  03  19  00  22  00    94.21   -49.98    44.23
2013  03  19  00  23  00    93.68   -49.56    44.12
2013  03  19  00  24  00    89.69   -49.22    40.47
2013  03  19  00  25  00    89.42   -49.14    40.28
2013  03  19  00  26  00    91.87   -49.28    42.60
2013  03  19  00  27  00    91.63   -49.50    42.14
2013  03  19  00  28  00    94.15   -49.64    44.51
2013  03  19  00  29  00    94.50   -49.13    45.37
2013  03  19  00  30  00    93.18   -48.80    44.38
2013  03  19  00  31  00    94.32   -49.59    44.73
2013  03  19  00  32  00    98.27   -49.28    48.99
2013  03  19  00  33  00    98.72   -48.73    49.98
2013  03  19  00  34  00    97.18   -48.51    48.67
2013  03  19  00  35  00   100.98   -48.79    52.19
2013  03  19  00  36  00   100.09   -48.09    52.00
2013  03  19  00  37  00    93.29   -47.58    45.72
2013  03  19  00  38  00    87.73   -47.72    40.01
2013  03  19  00  39  00    80.54   -48.19    32.35
2013  03  19  00  40  00    78.39   -49.33    29.07
2013  03  19  00  41  00    77.05   -50.04    27.01
2013  03  19  00  42  00    78.31   -50.36    27.95
2013  03  19  00  43  00    79.54   -50.70    28.85
2013  03  19  00  44  00    79.14   -50.71    28.43
2013  03  19  00  45  00    78.07   -50.22    27.85
2013  03  19  00  46  00    79.88   -50.11    29.77
2013  03  19  00  47  00    75.93   -50.50    25.42
2013  03  19  00  48  00    81.95   -50.43    31.52
2013  03  19  00  49  00    93.25   -56.15    37.10
2013  03  19  00  50  00   100.25   -57.73    42.52
2013  03  19  00  51  00   114.35   -64.07    50.28
2013  03  19  00  52  00   110.89   -60.64    50.25
2013  03  19  00  53  00   135.09   -74.43    60.65
2013  03  19  00  54  00   166.88  -106.04    60.83
2013  03  19  00  55  00   152.25  -101.84    50.42
2013  03  19  00  56  00   149.83  -105.24    44.59
2013  03  19  00  57  00   156.21  -117.10    39.10
2013  03  19  00  58  00   138.04  -108.90    29.14
2013  03  19  00  59  00   127.89   -99.85    28.04
2013  03  19  01  00  00   178.39  -146.48    31.91
2013  03  19  01  01  00   207.93  -163.31    44.62
2013  03  19  01  02  00   206.72  -151.97    54.75
2013  03  19  01  03  00   173.65  -125.35    48.30
2013  03  19  01  04  00   153.90  -116.78    37.12
2013  03  19  01  05  00   135.84  -106.63    29.21
2013  03  19  01  06  00   119.69   -91.85    27.84
2013  03  19  01  07  00   100.08   -74.22    25.85
2013  03  19  01  08  00   127.98  -103.34    24.64
2013  03  19  01  09  00   159.21  -127.86    31.35
2013  03  19  01  10  00   175.28  -137.55    37.73
2013  03  19  01  11  00   152.90  -116.80    36.10
2013  03  19  01  12  00   109.65   -77.84    31.80
2013  03  19  01  13  00    94.62   -67.49    27.13
2013  03  19  01  14  00    88.90   -66.70    22.20
2013  03  19  01  15  00    99.08   -74.24    24.84
2013  03  19  01  16  00    99.82   -74.51    25.30
2013  03  19  01  17  00   120.00   -91.89    28.11
2013  03  19  01  18  00   124.45   -96.70    27.75
2013  03  19  01  19  00   153.44  -119.48    33.96
2013  03  19  01  20  00   142.25  -111.08    31.18
2013  03  19  01  21  00   131.10   -96.41    34.68
2013  03  19  01  22  00   135.01   -91.09    43.92
2013  03  19  01  23  00   128.58   -82.09    46.49
2013  03  19  01  24  00   145.83   -99.39    46.45
2013  03  19  01  25  00   160.03  -113.04    46.98
2013  03  19  01  26  00   159.11  -114.60    44.52
2013  03  19  01  27  00   147.16  -105.10    42.07
2013  03  19  01  28  00   139.01   -90.50    48.51
2013  03  19  01  29  00   161.19  -102.52    58.67
2013  03  19  01  30  00   164.83  -106.15    58.69
2013  03  19  01  31  00   142.72   -93.39    49.32
2013  03  19  01  32  00   117.18   -80.80    36.37
2013  03  19  01  33  00    97.88   -71.97    25.90
2013  03  19  01  34  00    77.13   -51.55    25.58
2013  03  19  01  35  00    89.24   -63.10    26.14
2013  03  19  01  36  00   117.87   -84.71    33.16
2013  03  19  01  37  00   121.19   -90.73    30.46
2013  03  19  01  38  00   101.12   -72.56    28.56
2013  03  19  01  39  00   108.49   -78.68    29.80
2013  03  19  01  40  00    98.51   -67.30    31.21
2013  03  19  01  41  00   107.52   -71.82    35.70
2013  03  19  01  42  00   102.85   -69.08    33.77
2013  03  19  01  43  00    88.80   -57.52    31.28
2013  03  19  01  44  00    78.41   -50.11    28.30
2013  03  19  01  45  00    80.92   -53.41    27.52
2013  03  19  01  46  00    77.41   -49.56    27.84
2013  03  19  01  47  00    88.71   -56.27    32.45
2013  03  19  01  48  00    97.91   -63.95    33.97
2013  03  19  01  49  00    88.71   -59.36    29.35
2013  03  19  01  50  00    70.56   -43.86    26.70
2013  03  19  01  51  00    71.74   -44.24    27.50
2013  03  19  01  52  00    70.67   -43.92    26.75
2013  03  19  01  53  00    72.46   -43.06    29.40
2013  03  19  01  54  00    74.30   -42.53    31.77
2013  03  19  01  55  00    77.02   -41.96    35.06
2013  03  19  01  56  00    86.58   -47.37    39.21
2013  03  19  01  57  00    82.99   -41.45    41.54
2013  03  19  01  58  00    84.58   -41.68    42.90
2013  03  19  01  59  00    87.39   -41.97    45.43
2013  03  19  02  00  00    89.44   -42.31    47.13
2013  03  19  02  01  00    90.98   -43.21    47.77
2013  03  19  02  02  00    93.90   -43.94    49.96
2013  03  19  02  03  00    93.34   -43.85    49.49
2013  03  19  02  04  00    89.12   -43.48    45.63
2013  03  19  02  05  00    85.35   -43.34    42.01
2013  03  19  02  06  00    85.09   -42.86    42.23
2013  03  19  02  07  00    82.82   -42.49    40.33
2013  03  19  02  08  00    78.39   -41.75    36.64
2013  03  19  02  09  00    75.14   -42.50    32.64
2013  03  19  02  10  00    75.22   -43.17    32.05
2013  03  19  02  11  00    73.66   -43.29    30.37
2013  03  19  02  12  00    71.30   -43.00    28.30
2013  03  19  02  13  00    68.67   -42.39    26.28
2013  03  19  02  14  00    71.99   -43.73    28.25
2013  03  19  02  15  00    71.31   -43.46    27.85
2013  03  19  02  16  00    68.23   -41.46    26.76
2013  03  19  02  17  00    65.73   -41.11    24.62
2013  03  19  02  18  00    66.61   -40.55    26.06
2013  03  19  02  19  00    68.22   -39.58    28.64
2013  03  19  02  20  00    68.81   -39.68    29.13
2013  03  19  02  21  00    69.35   -41.11    28.25
2013  03  19  02  22  00    66.26   -39.67    26.59
2013  03  19  02  23  00    66.44   -40.02    26.42
2013  03  19  02  24  00    69.97   -40.46    29.51
2013  03  19  02  25  00    71.24   -41.15    30.09
2013  03  19  02  26  00    77.88   -42.97    34.91
2013  03  19  02  27  00    83.60   -45.04    38.56
2013  03  19  02  28  00    79.20   -42.31    36.89
2013  03  19  02  29  00    80.52   -45.95    34.58
2013  03  19  02  30  00    74.34   -41.80    32.54
2013  03  19  02  31  00    71.85   -41.84    30.01
2013  03  19  02  32  00    75.31   -41.75    33.56
2013  03  19  02  33  00    76.04   -41.36    34.68
2013  03  19  02  34  00    76.25   -41.61    34.64
2013  03  19  02  35  00    73.61   -41.82    31.79
2013  03  19  02  36  00    72.15   -42.34    29.81
2013  03  19  02  37  00    75.54   -42.78    32.76
2013  03  19  02  38  00    69.56   -42.85    26.72
2013  03  19  02  39  00    68.90   -43.05    25.85
2013  03  19  02  40  00    68.06   -43.22    24.84
2013  03  19  02  41  00    66.58   -42.84    23.74
2013  03  19  02  42  00    64.78   -42.21    22.57
2013  03  19  02  43  00    64.37   -41.98    22.39
2013  03  19  02  44  00    64.88   -41.73    23.15
2013  03  19  02  45  00    64.43   -41.76    22.66
2013  03  19  02  46  00    64.31   -41.62    22.69
2013  03  19  02  47  00    67.54   -41.68    25.86
2013  03  19  02  48  00    69.97   -41.58    28.40
2013  03  19  02  49  00    72.79   -42.09    30.71
2013  03  19  02  50  00    72.74   -42.30    30.44
2013  03  19  02  51  00    71.10   -42.09    29.00
2013  03  19  02  52  00    70.82   -42.17    28.66
2013  03  19  02  53  00    70.99   -42.22    28.77
2013  03  19  02  54  00    70.19   -42.22    27.97
2013  03  19  02  55  00    73.26   -41.95    31.32
2013  03  19  02  56  00    74.75   -41.75    33.00
2013  03  19  02  57  00    75.21   -41.95    33.27
2013  03  19  02  58  00    76.50   -41.92    34.58
2013  03  19  02  59  00    77.48   -41.42    36.06
2013  03  19  03  00  00    77.88   -41.06    36.82
2013  03  19  03  01  00    78.05   -41.15    36.90
2013  03  19  03  02  00    75.60   -40.78    34.82
2013  03  19  03  03  00    73.87   -40.65    33.22
2013  03  19  03  04  00    72.19   -40.79    31.40
2013  03  19  03  05  00    72.72   -41.16    31.56
2013  03  19  03  06  00    72.57   -41.52    31.05
2013  03  19  03  07  00    72.88   -42.02    30.85
2013  03  19  03  08  00    73.18   -42.86    30.32
2013  03  19  03  09  00    73.98   -43.40    30.58
2013  03  19  03  10  00    74.21   -43.65    30.56
2013  03  19  03  11  00    70.78   -43.64    27.14
2013  03  19  03  12  00    67.64   -43.68    23.96
2013  03  19  03  13  00    68.03   -43.38    24.65
2013  03  19  03  14  00    68.00   -43.15    24.85
2013  03  19  03  15  00    69.23   -43.13    26.09
2013  03  19  03  16  00    70.22   -43.12    27.10
2013  03  19  03  17  00    69.13   -44.04    25.10
2013  03  19  03  18  00    65.53   -44.69    20.84
2013  03  19  03  19  00    65.16   -45.01    20.16
2013  03  19  03  20  00    65.75   -45.39    20.36
2013  03  19  03  21  00    65.99   -45.97    20.02
2013  03  19  03  22  00    67.09   -45.97    21.12
2013  03  19  03  23  00    67.38   -45.37    22.02
2013  03  19  03  24  00    67.76   -46.33    21.43
2013  03  19  03  25  00    65.40   -44.38    21.02
2013  03  19  03  26  00    63.92   -43.22    20.69
2013  03  19  03  27  00    64.31   -42.61    21.70
2013  03  19  03  28  00    64.78   -42.61    22.17
2013  03  19  03  29  00    64.60   -41.40    23.20
2013  03  19  03  30  00    66.75   -40.90    25.86
2013  03  19  03  31  00    68.94   -40.50    28.44
2013  03  19  03  32  00    69.82   -40.18    29.63
2013  03  19  03  33  00    96.11   -48.53    47.58
2013  03  19  03  34  00   116.63   -48.53    68.10
2013  03  19  03  35  00   103.64   -42.81    60.83
2013  03  19  03  36  00    83.41   -40.07    43.34
2013  03  19  03  37  00    87.31   -49.68    37.63
2013  03  19  03  38  00    96.32   -64.26    32.06
2013  03  19  03  39  00    83.67   -50.46    33.21
2013  03  19  03  40  00    76.80   -41.59    35.22
2013  03  19  03  41  00    75.23   -45.18    30.04
2013  03  19  03  42  00    73.74   -44.49    29.25
2013  03  19  03  43  00    70.83   -42.32    28.50
2013  03  19  03  44  00    70.06   -42.04    28.03
2013  03  19  03  45  00    68.22   -41.50    26.72
2013  03  19  03  46  00    69.25   -41.24    28.02
2013  03  19  03  47  00    71.04   -40.91    30.13
2013  03  19  03  48  00    70.45   -40.27    30.18
2013  03  19  03  49  00    69.18   -40.49    28.69
2013  03  19  03  50  00    67.65   -41.01    26.64
2013  03  19  03  51  00    67.60   -41.09    26.52
2013  03  19  03  52  00    71.76   -43.03    28.73
2013  03  19  03  53  00    76.96   -41.09    35.87
2013  03  19  03  54  00    80.62   -40.39    40.23
2013  03  19  03  55  00    73.02   -39.44    33.58
2013  03  19  03  56  00    73.93   -38.63    35.31
2013  03  19  03  57  00    82.57   -38.31    44.26
2013  03  19  03  58  00    71.99   -37.67    34.32
2013  03  19  03  59  00    64.83   -37.12    27.71
2013  03  19  04  00  00    67.47   -36.93    30.53
2013  03  19  04  01  00    69.91   -36.87    33.04
2013  03  19  04  02  00    72.69   -37.61    35.08
2013  03  19  04  03  00    75.11   -38.21    36.90
2013  03  19  04  04  00    77.13   -38.99    38.14
2013  03  19  04  05  00    77.52   -39.43    38.09
2013  03  19  04  06  00    77.70   -39.96    37.73
2013  03  19  04  07  00    79.78   -40.26    39.51
2013  03  19  04  08  00    82.53   -41.09    41.44
2013  03  19  04  09  00    81.97   -41.24    40.73
2013  03  19  04  10  00    81.78   -41.88    39.91
2013  03  19  04  11  00    81.36   -42.65    38.71
2013  03  19  04  12  00    81.63   -43.03    38.60
2013  03  19  04  13  00    80.72   -43.15    37.57
2013  03  19  04  14  00    78.39   -43.10    35.29
2013  03  19  04  15  00    76.48   -43.12    33.36
2013  03  19  04  16  00    73.08   -42.94    30.14
2013  03  19  04  17  00    71.53   -43.02    28.51
2013  03  19  04  18  00    68.35   -43.06    25.29
2013  03  19  04  19  00    68.36   -42.93    25.43
2013  03  19  04  20  00    68.57   -42.26    26.30
2013  03  19  04  21  00    68.57   -41.61    26.96
2013  03  19  04  22  00    67.80   -40.73    27.06
2013  03  19  04  23  00    67.02   -40.58    26.44
2013  03  19  04  24  00    66.78   -40.47    26.31
2013  03  19  04  25  00    66.95   -40.19    26.75
2013  03  19  04  26  00    67.49   -39.80    27.69
2013  03  19  04  27  00    68.22   -39.70    28.52
2013  03  19  04  28  00    69.27   -39.83    29.45
2013  03  19  04  29  00    69.49   -40.07    29.41
2013  03  19  04  30  00    68.63   -40.35    28.28
2013  03  19  04  31  00    67.83   -40.87    26.96
2013  03  19  04  32  00    67.63   -41.39    26.24
2013  03  19  04  33  00    68.52   -41.66    26.85
2013  03  19  04  34  00    70.09   -41.99    28.10
2013  03  19  04  35  00    71.02   -42.13    28.89
2013  03  19  04  36  00    71.30   -42.21    29.09
2013  03  19  04  37  00    70.80   -42.19    28.61
2013  03  19  04  38  00    70.18   -41.90    28.28
2013  03  19  04  39  00    69.53   -41.83    27.71
2013  03  19  04  40  00    69.13   -41.99    27.14
2013  03  19  04  41  00    69.66   -42.44    27.22
2013  03  19  04  42  00    70.86   -43.05    27.81
2013  03  19  04  43  00    71.27   -43.48    27.80
2013  03  19  04  44  00    71.37   -43.65    27.72
2013  03  19  04  45  00    71.69   -43.85    27.84
2013  03  19  04  46  00    71.80   -44.07    27.72
2013  03  19  04  47  00    72.12   -44.06    28.07
2013  03  19  04  48  00    72.00   -43.97    28.02
2013  03  19  04  49  00    71.25   -43.95    27.30
2013  03  19  04  50  00    69.71   -43.76    25.95
2013  03  19  04  51  00    68.90   -43.74    25.17
2013  03  19  04  52  00    69.01   -43.73    25.28
2013  03  19  04  53  00    69.70   -43.55    26.15
2013  03  19  04  54  00    70.39   -43.49    26.90
2013  03  19  04  55  00    71.09   -43.70    27.39
2013  03  19  04  56  00    71.44   -44.10    27.34
2013  03  19  04  57  00    71.20   -44.62    26.58
2013  03  19  04  58  00    71.21   -45.10    26.11
2013  03  19  04  59  00    70.70   -45.29    25.41
2013  03  19  05  00  00    70.05   -45.24    24.82
2013  03  19  05  01  00    75.63   -50.93    24.70
2013  03  19  05  02  00    79.33   -51.75    27.59
2013  03  19  05  03  00    70.72   -45.10    25.63
2013  03  19  05  04  00    69.15   -45.02    24.13
2013  03  19  05  05  00    71.65   -47.75    23.89
2013  03  19  05  06  00    73.46   -50.00    23.45
2013  03  19  05  07  00    73.02   -49.71    23.32
2013  03  19  05  08  00    67.82   -44.37    23.45
2013  03  19  05  09  00    66.10   -42.69    23.41
2013  03  19  05  10  00    65.37   -42.19    23.18
2013  03  19  05  11  00    66.14   -42.41    23.74
2013  03  19  05  12  00    67.07   -42.71    24.37
2013  03  19  05  13  00    67.24   -42.89    24.35
2013  03  19  05  14  00    67.83   -43.18    24.66
2013  03  19  05  15  00    68.36   -43.29    25.07
2013  03  19  05  16  00    68.03   -43.27    24.76
2013  03  19  05  17  00    67.78   -43.10    24.68
2013  03  19  05  18  00    67.43   -43.02    24.42
2013  03  19  05  19  00    67.47   -43.11    24.36
2013  03  19  05  20  00    67.48   -42.94    24.54
2013  03  19  05  21  00    67.22   -42.33    24.89
2013  03  19  05  22  00    67.45   -42.08    25.37
2013  03  19  05  23  00    67.81   -41.75    26.06
2013  03  19  05  24  00    68.31   -41.62    26.70
2013  03  19  05  25  00    69.32   -41.48    27.84
2013  03  19  05  26  00    70.64   -41.57    29.07
2013  03  19  05  27  00    70.96   -41.41    29.55
2013  03  19  05  28  00    70.65   -41.38    29.27
2013  03  19  05  29  00    70.00   -41.27    28.73
2013  03  19  05  30  00    69.50   -40.94    28.56
2013  03  19  05  31  00    69.38   -40.52    28.86
2013  03  19  05  32  00    69.91   -40.16    29.75
2013  03  19  05  33  00    70.22   -39.70    30.52
2013  03  19  05  34  00    70.50   -39.45    31.05
2013  03  19  05  35  00    70.91   -39.41    31.50
2013  03  19  05  36  00    71.73   -39.57    32.16
2013  03  19  05  37  00    72.19   -39.52    32.67
2013  03  19  05  38  00    72.08   -39.30    32.78
2013  03  19  05  39  00    71.38   -39.27    32.11
2013  03  19  05  40  00    70.26   -39.28    30.99
2013  03  19  05  41  00    69.16   -39.26    29.90
2013  03  19  05  42  00    68.97   -39.22    29.74
2013  03  19  05  43  00    69.74   -39.29    30.45
2013  03  19  05  44  00    71.00   -39.36    31.64
2013  03  19  05  45  00    72.04   -39.37    32.67
2013  03  19  05  46  00    72.35   -39.55    32.80
2013  03  19  05  47  00    71.93   -39.74    32.20
2013  03  19  05  48  00    71.55   -40.07    31.48
2013  03  19  05  49  00    71.57   -40.03    31.54
2013  03  19  05  50  00    72.26   -40.36    31.89
2013  03  19  05  51  00    73.21   -40.72    32.49
2013  03  19  05  52  00    73.83   -41.08    32.75
2013  03  19  05  53  00    73.58   -40.95    32.63
2013  03  19  05  54  00    73.27   -40.96    32.31
2013  03  19  05  55  00    73.34   -40.95    32.40
2013  03  19  05  56  00    73.42   -40.92    32.51
2013  03  19  05  57  00    73.29   -40.75    32.54
2013  03  19  05  58  00    71.94   -40.23    31.71
2013  03  19  05  59  00    78.93   -39.71    39.22
2013  03  19  06  00  00    83.58   -39.47    44.11
2013  03  19  06  01  00    79.36   -38.84    40.52
2013  03  19  06  02  00    77.10   -38.68    38.42
2013  03  19  06  03  00    71.97   -38.83    33.14
2013  03  19  06  04  00    71.17   -39.03    32.14
2013  03  19  06  05  00    73.21   -39.91    33.30
2013  03  19  06  06  00    74.88   -40.53    34.35
2013  03  19  06  07  00    75.52   -40.51    35.01
2013  03  19  06  08  00    75.59   -40.57    35.02
2013  03  19  06  09  00    75.47   -40.03    35.44
2013  03  19  06  10  00    74.31   -39.10    35.21
2013  03  19  06  11  00    72.18   -38.46    33.71
2013  03  19  06  12  00    70.10   -38.18    31.92
2013  03  19  06  13  00    68.87   -38.07    30.80
2013  03  19  06  14  00    69.81   -38.57    31.24
2013  03  19  06  15  00    71.00   -39.05    31.95
2013  03  19  06  16  00    72.07   -39.67    32.40
2013  03  19  06  17  00    72.46   -40.14    32.32
2013  03  19  06  18  00    72.40   -40.36    32.05
2013  03  19  06  19  00    73.35   -40.68    32.67
2013  03  19  06  20  00    74.61   -40.85    33.76
2013  03  19  06  21  00    75.59   -40.87    34.72
2013  03  19  06  22  00    75.62   -40.75    34.87
2013  03  19  06  23  00    74.91   -40.56    34.35
2013  03  19  06  24  00    74.15   -40.21    33.94
2013  03  19  06  25  00    73.02   -39.77    33.25
2013  03  19  06  26  00    72.11   -39.75    32.36
2013  03  19  06  27  00    71.06   -39.81    31.25
2013  03  19  06  28  00    70.58   -40.05    30.53
2013  03  19  06  29  00    70.61   -40.35    30.26
2013  03  19  06  30  00    71.15   -40.85    30.30
2013  03  19  06  31  00    72.25   -41.59    30.66
2013  03  19  06  32  00    73.31   -42.16    31.15
2013  03  19  06  33  00    74.52   -42.72    31.80
2013  03  19  06  34  00    75.13   -42.81    32.32
2013  03  19  06  35  00    74.94   -42.69    32.25
2013  03  19  06  36  00    74.78   -42.71    32.07
2013  03  19  06  37  00    74.75   -43.29    31.47
2013  03  19  06  38  00    74.84   -44.01    30.83
2013  03  19  06  39  00    76.01   -44.88    31.13
2013  03  19  06  40  00    76.96   -45.60    31.36
2013  03  19  06  41  00    77.76   -46.23    31.53
2013  03  19  06  42  00    80.79   -48.72    32.07
2013  03  19  06  43  00    80.33   -47.71    32.62
2013  03  19  06  44  00    77.32   -44.48    32.84
2013  03  19  06  45  00    75.09   -43.24    31.85
2013  03  19  06  46  00    72.08   -42.02    30.06
2013  03  19  06  47  00    70.26   -41.70    28.56
2013  03  19  06  48  00    72.16   -41.31    30.85
2013  03  19  06  49  00    75.34   -41.13    34.22
2013  03  19  06  50  00    77.23   -41.13    36.10
2013  03  19  06  51  00    78.37   -41.16    37.21
2013  03  19  06  52  00    80.07   -41.66    38.40
2013  03  19  06  53  00    79.64   -42.44    37.20
2013  03  19  06  54  00    77.79   -42.61    35.18
2013  03  19  06  55  00    77.65   -42.50    35.15
2013  03  19  06  56  00    75.32   -42.30    33.02
2013  03  19  06  57  00    77.50   -42.93    34.56
2013  03  19  06  58  00    78.64   -43.43    35.21
2013  03  19  06  59  00    79.39   -43.73    35.66
2013  03  19  07  00  00    79.65   -44.07    35.59
2013  03  19  07  01  00    79.80   -44.62    35.18
2013  03  19  07  02  00    79.38   -44.81    34.57
2013  03  19  07  03  00    77.73   -44.57    33.15
2013  03  19  07  04  00    76.04   -44.10    31.94
2013  03  19  07  05  00    76.32   -46.16    30.16
2013  03  19  07  06  00    71.19   -43.24    27.95
2013  03  19  07  07  00    68.45   -42.67    25.78
2013  03  19  07  08  00    66.09   -42.27    23.82
2013  03  19  07  09  00    64.32   -42.27    22.05
2013  03  19  07  10  00    68.52   -42.15    26.37
2013  03  19  07  11  00    67.36   -42.09    25.28
2013  03  19  07  12  00    66.90   -42.25    24.65
2013  03  19  07  13  00    68.19   -42.53    25.66
2013  03  19  07  14  00    69.87   -42.54    27.33
2013  03  19  07  15  00    72.77   -42.63    30.14
2013  03  19  07  16  00    73.18   -42.81    30.36
2013  03  19  07  17  00    73.36   -42.53    30.83
2013  03  19  07  18  00    74.15   -41.92    32.23
2013  03  19  07  19  00    73.88   -41.90    31.98
2013  03  19  07  20  00    72.92   -42.17    30.74
2013  03  19  07  21  00    72.47   -42.65    29.82
2013  03  19  07  22  00    72.50   -42.88    29.62
2013  03  19  07  23  00    73.67   -43.38    30.29
2013  03  19  07  24  00    74.36   -43.46    30.89
2013  03  19  07  25  00    74.58   -43.54    31.04
2013  03  19  07  26  00    74.28   -43.45    30.83
2013  03  19  07  27  00    76.11   -43.30    32.82
2013  03  19  07  28  00    73.72   -43.17    30.55
2013  03  19  07  29  00    73.77   -42.76    31.01
2013  03  19  07  30  00    73.72   -42.49    31.23
2013  03  19  07  31  00    73.55   -42.40    31.14
2013  03  19  07  32  00    72.57   -42.09    30.48
2013  03  19  07  33  00    71.01   -41.67    29.34
2013  03  19  07  34  00    69.72   -41.40    28.32
2013  03  19  07  35  00    69.11   -41.12    27.98
2013  03  19  07  36  00    68.79   -40.62    28.17
2013  03  19  07  37  00    70.81   -40.72    30.09
2013  03  19  07  38  00    75.63   -40.76    34.87
2013  03  19  07  39  00    81.18   -41.21    39.97
2013  03  19  07  40  00    85.79   -41.04    44.75
2013  03  19  07  41  00    87.13   -40.97    46.15
2013  03  19  07  42  00    82.31   -40.96    41.35
2013  03  19  07  43  00    77.69   -41.35    36.34
2013  03  19  07  44  00    73.44   -41.39    32.05
2013  03  19  07  45  00    72.78   -41.64    31.15
2013  03  19  07  46  00    72.71   -42.07    30.65
2013  03  19  07  47  00    73.37   -42.61    30.76
2013  03  19  07  48  00    73.80   -42.93    30.87
2013  03  19  07  49  00    74.93   -43.11    31.82
2013  03  19  07  50  00    75.97   -43.31    32.66
2013  03  19  07  51  00    76.42   -43.67    32.75
2013  03  19  07  52  00    76.89   -43.89    33.00
2013  03  19  07  53  00    76.66   -44.11    32.56
2013  03  19  07  54  00    76.29   -44.25    32.04
2013  03  19  07  55  00    75.49   -44.20    31.29
2013  03  19  07  56  00    74.73   -44.13    30.60
2013  03  19  07  57  00    74.45   -44.04    30.41
2013  03  19  07  58  00    74.28   -43.74    30.54
2013  03  19  07  59  00    73.47   -43.48    29.99
2013  03  19  08  00  00    72.86   -43.48    29.38
2013  03  19  08  01  00    72.25   -43.36    28.90
2013  03  19  08  02  00    72.18   -43.34    28.85
2013  03  19  08  03  00    72.18   -43.31    28.87
2013  03  19  08  04  00    72.49   -43.35    29.14
2013  03  19  08  05  00    72.33   -43.33    29.01
2013  03  19  08  06  00    72.24   -43.34    28.90
2013  03  19  08  07  00    72.54   -43.31    29.23
2013  03  19  08  08  00    73.36   -43.53    29.83
2013  03  19  08  09  00    73.68   -43.67    30.01
2013  03  19  08  10  00    73.75   -43.53    30.22
2013  03  19  08  11  00    73.74   -43.68    30.06
2013  03  19  08  12  00    73.40   -43.85    29.55
2013  03  19  08  13  00    73.58   -43.85    29.72
2013  03  19  08  14  00    73.40   -43.68    29.72
2013  03  19  08  15  00    73.37   -43.65    29.72
2013  03  19  08  16  00    73.10   -43.67    29.42
2013  03  19  08  17  00    72.34   -43.60    28.74
2013  03  19  08  18  00    72.06   -43.59    28.47
2013  03  19  08  19  00    71.81   -43.79    28.02
2013  03  19  08  20  00    71.47   -44.15    27.32
2013  03  19  08  21  00    72.26   -44.14    28.12
2013  03  19  08  22  00    72.74   -43.86    28.88
2013  03  19  08  23  00    72.68   -43.63    29.05
2013  03  19  08  24  00    74.38   -43.22    31.17
2013  03  19  08  25  00    76.40   -43.32    33.08
2013  03  19  08  26  00    73.29   -43.62    29.67
2013  03  19  08  27  00    71.00   -43.62    27.39
2013  03  19  08  28  00    70.84   -42.88    27.96
2013  03  19  08  29  00    73.43   -42.17    31.26
2013  03  19  08  30  00    73.22   -41.68    31.54
2013  03  19  08  31  00    75.10   -41.63    33.48
2013  03  19  08  32  00    79.76   -41.47    38.29
2013  03  19  08  33  00    84.26   -41.38    42.89
2013  03  19  08  34  00    88.08   -40.94    47.15
2013  03  19  08  35  00    91.03   -41.14    49.89
2013  03  19  08  36  00    85.76   -41.09    44.67
2013  03  19  08  37  00    75.04   -41.36    33.68
2013  03  19  08  38  00    71.74   -41.78    29.96
2013  03  19  08  39  00    72.62   -42.17    30.45
2013  03  19  08  40  00    74.55   -42.44    32.11
2013  03  19  08  41  00    76.15   -42.33    33.82
2013  03  19  08  42  00    80.21   -42.03    38.18
2013  03  19  08  43  00    80.87   -42.23    38.65
2013  03  19  08  44  00    77.30   -42.59    34.71
2013  03  19  08  45  00    74.45   -42.79    31.66
2013  03  19  08  46  00    72.92   -42.85    30.07
2013  03  19  08  47  00    75.83   -42.81    33.02
2013  03  19  08  48  00    78.16   -42.64    35.52
2013  03  19  08  49  00    75.33   -42.45    32.87
2013  03  19  08  50  00    69.46   -42.29    27.16
2013  03  19  08  51  00    67.23   -42.44    24.79
2013  03  19  08  52  00    68.66   -42.38    26.27
2013  03  19  08  53  00    68.33   -42.48    25.85
2013  03  19  08  54  00    68.28   -42.51    25.76
2013  03  19  08  55  00    68.55   -42.62    25.93
2013  03  19  08  56  00    66.99   -42.62    24.37
2013  03  19  08  57  00    67.11   -42.64    24.46
2013  03  19  08  58  00    70.99   -42.66    28.33
2013  03  19  08  59  00    72.98   -42.66    30.31
2013  03  19  09  00  00    71.04   -42.63    28.40
2013  03  19  09  01  00    70.17   -42.70    27.47
2013  03  19  09  02  00    69.57   -42.78    26.79
2013  03  19  09  03  00    67.18   -42.84    24.35
2013  03  19  09  04  00    66.84   -43.06    23.78
2013  03  19  09  05  00    67.64   -43.29    24.35
2013  03  19  09  06  00    68.18   -43.41    24.76
2013  03  19  09  07  00    68.08   -43.38    24.70
2013  03  19  09  08  00    70.60   -43.48    27.12
2013  03  19  09  09  00    72.85   -43.49    29.36
2013  03  19  09  10  00    72.79   -43.49    29.30
2013  03  19  09  11  00    71.05   -43.51    27.55
2013  03  19  09  12  00    72.08   -43.48    28.60
2013  03  19  09  13  00    69.43   -43.52    25.91
2013  03  19  09  14  00    69.71   -43.47    26.23
2013  03  19  09  15  00    70.30   -43.49    26.81
2013  03  19  09  16  00    70.80   -43.54    27.26
2013  03  19  09  17  00    72.07   -43.74    28.33
2013  03  19  09  18  00    72.70   -43.65    29.06
2013  03  19  09  19  00    73.27   -43.66    29.62
2013  03  19  09  20  00    73.61   -43.55    30.05
2013  03  19  09  21  00    73.07   -43.44    29.63
2013  03  19  09  22  00    72.50   -43.21    29.28
2013  03  19  09  23  00    72.12   -43.11    29.01
2013  03  19  09  24  00    73.91   -43.09    30.83
2013  03  19  09  25  00    73.69   -43.05    30.64
2013  03  19  09  26  00    72.80   -43.07    29.73
2013  03  19  09  27  00    72.43   -42.97    29.47
2013  03  19  09  28  00    72.09   -42.88    29.21
2013  03  19  09  29  00    71.82   -42.78    29.04
2013  03  19  09  30  00    71.31   -42.57    28.74
2013  03  19  09  31  00    71.03   -42.38    28.65
2013  03  19  09  32  00    71.16   -42.19    28.97
2013  03  19  09  33  00    71.40   -42.07    29.34
2013  03  19  09  34  00    71.37   -41.94    29.43
2013  03  19  09  35  00    70.92   -42.01    28.91
2013  03  19  09  36  00    70.53   -42.19    28.34
2013  03  19  09  37  00    70.37   -42.18    28.19
2013  03  19  09  38  00    70.84   -42.22    28.62
2013  03  19  09  39  00    71.24   -42.18    29.06
2013  03  19  09  40  00    71.66   -42.14    29.52
2013  03  19  09  41  00    71.85   -42.26    29.59
2013  03  19  09  42  00    71.83   -42.15    29.68
2013  03  19  09  43  00    71.72   -42.21    29.51
2013  03  19  09  44  00    71.42   -42.23    29.19
2013  03  19  09  45  00    70.91   -42.21    28.70
2013  03  19  09  46  00    70.20   -42.18    28.02
2013  03  19  09  47  00    70.09   -42.19    27.90
2013  03  19  09  48  00    70.56   -42.18    28.38
2013  03  19  09  49  00    70.88   -42.05    28.83
2013  03  19  09  50  00    71.25   -42.01    29.24
2013  03  19  09  51  00    71.54   -42.02    29.52
2013  03  19  09  52  00    71.97   -42.05    29.92
2013  03  19  09  53  00    72.17   -42.04    30.13
2013  03  19  09  54  00    72.07   -42.03    30.04
2013  03  19  09  55  00    71.77   -42.09    29.69
2013  03  19  09  56  00    71.83   -42.00    29.83
2013  03  19  09  57  00    72.17   -41.81    30.35
2013  03  19  09  58  00    72.16   -41.60    30.56
2013  03  19  09  59  00    71.99   -41.52    30.47
2013  03  19  10  00  00    70.88   -41.61    29.27
2013  03  19  10  01  00    69.63   -41.76    27.88
2013  03  19  10  02  00    69.12   -41.94    27.18
2013  03  19  10  03  00    69.34   -42.11    27.22
2013  03  19  10  04  00    69.94   -42.09    27.85
2013  03  19  10  05  00    70.55   -42.05    28.50
2013  03  19  10  06  00    71.17   -41.98    29.19
2013  03  19  10  07  00    71.62   -41.90    29.72
2013  03  19  10  08  00    71.51   -41.74    29.77
2013  03  19  10  09  00    70.67   -41.68    28.99
2013  03  19  10  10  00    69.62   -41.59    28.03
2013  03  19  10  11  00    69.31   -41.59    27.71
2013  03  19  10  12  00    68.95   -41.68    27.27
2013  03  19  10  13  00    68.74   -41.75    26.99
2013  03  19  10  14  00    68.96   -41.71    27.24
2013  03  19  10  15  00    69.82   -41.65    28.17
2013  03  19  10  16  00    70.95   -41.66    29.29
2013  03  19  10  17  00    71.56   -41.59    29.97
2013  03  19  10  18  00    71.75   -41.64    30.11
2013  03  19  10  19  00    71.74   -41.49    30.25
2013  03  19  10  20  00    71.89   -41.36    30.53
2013  03  19  10  21  00    71.28   -41.42    29.85
2013  03  19  10  22  00    70.52   -41.58    28.94
2013  03  19  10  23  00    70.41   -41.73    28.68
2013  03  19  10  24  00    70.88   -41.77    29.11
2013  03  19  10  25  00    72.10   -41.83    30.28
2013  03  19  10  26  00    72.63   -41.75    30.89
2013  03  19  10  27  00    72.74   -41.67    31.07
2013  03  19  10  28  00    72.45   -41.67    30.77
2013  03  19  10  29  00    72.10   -41.58    30.51
2013  03  19  10  30  00    72.54   -41.53    31.01
2013  03  19  10  31  00    73.23   -41.90    31.34
2013  03  19  10  32  00    73.82   -42.01    31.81
2013  03  19  10  33  00    74.00   -41.95    32.05
2013  03  19  10  34  00    73.77   -42.02    31.75
2013  03  19  10  35  00    73.03   -41.89    31.14
2013  03  19  10  36  00    72.51   -41.83    30.68
2013  03  19  10  37  00    71.89   -41.72    30.18
2013  03  19  10  38  00    71.00   -41.65    29.35
2013  03  19  10  39  00    70.59   -41.69    28.90
2013  03  19  10  40  00    70.57   -41.85    28.72
2013  03  19  10  41  00    70.58   -41.79    28.79
2013  03  19  10  42  00    69.84   -41.64    28.20
2013  03  19  10  43  00    69.39   -41.44    27.95
2013  03  19  10  44  00    69.81   -41.53    28.28
2013  03  19  10  45  00    70.25   -41.59    28.66
2013  03  19  10  46  00    70.01   -41.67    28.35
2013  03  19  10  47  00    70.47   -41.76    28.71
2013  03  19  10  48  00    71.04   -41.84    29.19
2013  03  19  10  49  00    71.67   -41.90    29.77
2013  03  19  10  50  00    71.56   -41.88    29.68
2013  03  19  10  51  00    73.11   -44.60    28.51
2013  03  19  10  52  00    72.52   -45.54    26.97
2013  03  19  10  53  00    68.89   -42.07    26.82
2013  03  19  10  54  00    68.55   -42.12    26.43
2013  03  19  10  55  00    68.25   -41.97    26.28
2013  03  19  10  56  00    67.57   -41.82    25.75
2013  03  19  10  57  00    66.81   -41.69    25.12
2013  03  19  10  58  00    66.68   -41.58    25.10
2013  03  19  10  59  00    67.79   -41.51    26.29
2013  03  19  11  00  00    68.79   -41.43    27.36
2013  03  19  11  01  00    69.19   -41.34    27.85
2013  03  19  11  02  00    68.82   -41.28    27.54
2013  03  19  11  03  00    68.56   -41.28    27.27
2013  03  19  11  04  00    69.03   -41.30    27.73
2013  03  19  11  05  00    69.69   -41.54    28.15
2013  03  19  11  06  00    70.97   -42.06    28.92
2013  03  19  11  07  00    71.49   -42.11    29.38
2013  03  19  11  08  00    71.96   -42.54    29.41
2013  03  19  11  09  00    72.07   -42.87    29.20
2013  03  19  11  10  00    72.37   -43.36    29.01
2013  03  19  11  11  00    73.28   -43.45    29.83
2013  03  19  11  12  00    74.11   -43.60    30.50
2013  03  19  11  13  00    74.65   -43.58    31.07
2013  03  19  11  14  00    74.50   -43.41    31.09
2013  03  19  11  15  00    73.99   -43.40    30.59
2013  03  19  11  16  00    72.69   -42.94    29.75
2013  03  19  11  17  00    71.64   -42.80    28.84
2013  03  19  11  18  00    72.12   -43.39    28.72
2013  03  19  11  19  00    71.89   -43.16    28.73
2013  03  19  11  20  00    73.06   -43.78    29.28
2013  03  19  11  21  00    73.17   -43.44    29.72
2013  03  19  11  22  00    72.30   -42.68    29.63
2013  03  19  11  23  00    73.47   -43.74    29.73
2013  03  19  11  24  00    73.48   -43.41    30.07
2013  03  19  11  25  00    73.09   -42.93    30.16
2013  03  19  11  26  00    72.82   -42.64    30.18
2013  03  19  11  27  00    72.29   -41.90    30.38
2013  03  19  11  28  00    73.01   -42.18    30.83
2013  03  19  11  29  00    72.09   -41.89    30.20
2013  03  19  11  30  00    71.56   -41.97    29.59
2013  03  19  11  31  00    72.02   -41.74    30.28
2013  03  19  11  32  00    72.66   -41.04    31.63
2013  03  19  11  33  00    76.14   -41.00    35.14
2013  03  19  11  34  00    77.22   -41.06    36.17
2013  03  19  11  35  00    78.20   -41.10    37.10
2013  03  19  11  36  00    78.24   -41.01    37.23
2013  03  19  11  37  00    77.87   -40.94    36.94
2013  03  19  11  38  00    78.14   -41.46    36.68
2013  03  19  11  39  00    76.79   -41.19    35.60
2013  03  19  11  40  00    75.43   -41.17    34.25
2013  03  19  11  41  00    73.80   -40.98    32.82
2013  03  19  11  42  00    72.29   -41.03    31.26
2013  03  19  11  43  00    73.00   -41.84    31.16
2013  03  19  11  44  00    74.37   -42.08    32.30
2013  03  19  11  45  00    74.43   -42.26    32.17
2013  03  19  11  46  00    74.94   -42.54    32.39
2013  03  19  11  47  00    74.48   -42.96    31.53
2013  03  19  11  48  00    73.69   -43.29    30.40
2013  03  19  11  49  00    74.16   -44.07    30.09
2013  03  19  11  50  00    75.28   -44.64    30.64
2013  03  19  11  51  00    76.49   -44.94    31.55
2013  03  19  11  52  00    78.18   -45.23    32.95
2013  03  19  11  53  00    79.53   -45.34    34.19
2013  03  19  11  54  00    81.40   -46.15    35.25
2013  03  19  11  55  00    81.42   -46.21    35.21
2013  03  19  11  56  00    79.63   -45.94    33.69
2013  03  19  11  57  00    78.23   -45.91    32.32
2013  03  19  11  58  00    76.92   -45.90    31.02
2013  03  19  11  59  00    75.61   -45.97    29.64
2013  03  19  12  00  00    74.75   -45.93    28.82
2013  03  19  12  01  00    75.14   -45.90    29.24
2013  03  19  12  02  00    75.98   -45.97    30.02
2013  03  19  12  03  00    76.49   -46.06    30.43
2013  03  19  12  04  00    75.48   -45.90    29.57
2013  03  19  12  05  00    74.64   -45.08    29.55
2013  03  19  12  06  00    78.22   -45.01    33.22
2013  03  19  12  07  00    76.86   -44.64    32.22
2013  03  19  12  08  00    73.94   -44.19    29.75
2013  03  19  12  09  00    75.86   -42.72    33.14
2013  03  19  12  10  00    74.27   -42.47    31.80
2013  03  19  12  11  00    70.59   -42.91    27.68
2013  03  19  12  12  00    73.77   -43.35    30.42
2013  03  19  12  13  00    76.71   -43.50    33.21
2013  03  19  12  14  00    78.99   -43.42    35.57
2013  03  19  12  15  00    81.60   -44.20    37.40
2013  03  19  12  16  00    84.31   -45.78    38.52
2013  03  19  12  17  00    85.48   -46.81    38.67
2013  03  19  12  18  00    85.22   -47.43    37.79
2013  03  19  12  19  00    82.33   -46.47    35.86
2013  03  19  12  20  00    79.06   -45.48    33.58
2013  03  19  12  21  00    77.23   -45.25    31.98
2013  03  19  12  22  00    74.91   -44.28    30.63
2013  03  19  12  23  00    73.59   -43.39    30.20
2013  03  19  12  24  00    73.74   -43.15    30.58
2013  03  19  12  25  00    74.12   -42.58    31.54
2013  03  19  12  26  00    75.97   -42.65    33.33
2013  03  19  12  27  00    74.86   -42.69    32.17
2013  03  19  12  28  00    72.27   -43.49    28.77
2013  03  19  12  29  00    73.81   -44.14    29.67
2013  03  19  12  30  00    78.51   -44.89    33.62
2013  03  19  12  31  00    82.27   -45.55    36.72
2013  03  19  12  32  00    85.18   -45.97    39.22
2013  03  19  12  33  00    84.23   -46.64    37.59
2013  03  19  12  34  00    85.88   -46.51    39.37
2013  03  19  12  35  00    91.77   -47.28    44.49
2013  03  19  12  36  00    96.95   -47.59    49.37
2013  03  19  12  37  00    95.61   -47.83    47.79
2013  03  19  12  38  00    94.78   -48.86    45.92
2013  03  19  12  39  00    91.89   -48.93    42.96
2013  03  19  12  40  00    84.37   -48.17    36.20
2013  03  19  12  41  00    83.87   -47.93    35.93
2013  03  19  12  42  00    90.52   -48.82    41.70
2013  03  19  12  43  00    87.06   -49.10    37.96
2013  03  19  12  44  00    78.26   -48.60    29.66
2013  03  19  12  45  00    76.56   -48.09    28.47
2013  03  19  12  46  00    74.73   -47.30    27.43
2013  03  19  12  47  00    74.98   -46.95    28.03
2013  03  19  12  48  00    74.07   -45.46    28.61
2013  03  19  12  49  00    73.71   -44.81    28.89
2013  03  19  12  50  00    76.43   -42.94    33.49
2013  03  19  12  51  00    73.89   -43.71    30.18
2013  03  19  12  52  00    80.66   -44.29    36.38
2013  03  19  12  53  00    87.80   -44.37    43.43
2013  03  19  12  54  00    84.61   -44.40    40.21
2013  03  19  12  55  00    80.83   -45.44    35.39
2013  03  19  12  56  00    75.64   -45.90    29.73
2013  03  19  12  57  00    79.62   -46.18    33.44
2013  03  19  12  58  00    85.00   -45.90    39.10
2013  03  19  12  59  00    93.37   -45.36    48.01
2013  03  19  13  00  00    93.09   -44.45    48.64
2013  03  19  13  01  00    90.47   -44.09    46.39
2013  03  19  13  02  00    88.01   -44.19    43.81
2013  03  19  13  03  00    86.47   -44.68    41.79
2013  03  19  13  04  00    84.59   -45.49    39.09
2013  03  19  13  05  00    85.42   -45.32    40.10
2013  03  19  13  06  00    85.83   -46.62    39.20
2013  03  19  13  07  00    79.79   -46.73    33.05
2013  03  19  13  08  00    78.65   -46.63    32.02
2013  03  19  13  09  00    74.31   -44.67    29.64
2013  03  19  13  10  00    77.43   -43.99    33.44
2013  03  19  13  11  00    82.55   -44.73    37.81
2013  03  19  13  12  00    82.62   -45.09    37.52
2013  03  19  13  13  00    79.05   -46.06    32.98
2013  03  19  13  14  00    82.12   -45.89    36.22
2013  03  19  13  15  00    86.31   -46.23    40.08
2013  03  19  13  16  00    87.02   -46.15    40.87
2013  03  19  13  17  00    83.90   -46.50    37.40
2013  03  19  13  18  00    81.69   -46.78    34.91
2013  03  19  13  19  00    82.35   -47.64    34.70
2013  03  19  13  20  00    82.79   -45.39    37.39
2013  03  19  13  21  00    91.87   -47.61    44.26
2013  03  19  13  22  00    83.36   -45.70    37.66
2013  03  19  13  23  00    89.03   -47.42    41.61
2013  03  19  13  24  00    86.46   -48.19    38.27
2013  03  19  13  25  00    81.59   -46.79    34.81
2013  03  19  13  26  00    78.03   -47.00    31.03
2013  03  19  13  27  00    72.56   -45.53    27.03
2013  03  19  13  28  00    73.91   -45.46    28.45
2013  03  19  13  29  00    77.35   -45.61    31.74
2013  03  19  13  30  00    80.86   -45.90    34.96
2013  03  19  13  31  00    83.00   -45.33    37.68
2013  03  19  13  32  00    83.36   -44.60    38.76
2013  03  19  13  33  00    81.09   -45.19    35.89
2013  03  19  13  34  00    80.62   -45.20    35.41
2013  03  19  13  35  00    77.76   -44.44    33.32
2013  03  19  13  36  00    75.77   -44.16    31.61
2013  03  19  13  37  00    75.15   -43.65    31.51
2013  03  19  13  38  00    77.23   -43.47    33.75
2013  03  19  13  39  00    78.76   -43.17    35.59
2013  03  19  13  40  00    77.53   -42.27    35.25
2013  03  19  13  41  00    76.41   -41.87    34.54
2013  03  19  13  42  00    76.41   -41.86    34.55
2013  03  19  13  43  00    76.86   -41.57    35.29
2013  03  19  13  44  00    77.90   -42.73    35.17
2013  03  19  13  45  00    76.24   -41.71    34.53
2013  03  19  13  46  00    75.50   -41.83    33.67
2013  03  19  13  47  00    74.69   -41.54    33.15
2013  03  19  13  48  00    74.43   -42.05    32.38
2013  03  19  13  49  00    73.50   -42.21    31.29
2013  03  19  13  50  00    73.36   -42.45    30.91
2013  03  19  13  51  00    73.61   -42.85    30.75
2013  03  19  13  52  00    74.34   -42.97    31.37
2013  03  19  13  53  00    75.71   -43.20    32.51
2013  03  19  13  54  00    76.68   -43.26    33.42
2013  03  19  13  55  00    76.47   -43.37    33.10
2013  03  19  13  56  00    75.89   -43.51    32.38
2013  03  19  13  57  00    74.38   -43.30    31.08
2013  03  19  13  58  00    74.18   -43.46    30.72
2013  03  19  13  59  00    73.36   -43.14    30.23
2013  03  19  14  00  00    73.75   -43.20    30.55
2013  03  19  14  01  00    74.05   -42.99    31.06
2013  03  19  14  02  00    73.69   -42.36    31.34
2013  03  19  14  03  00    73.47   -42.09    31.38
2013  03  19  14  04  00    72.07   -40.35    31.72
2013  03  19  14  05  00    74.15   -40.99    33.16
2013  03  19  14  06  00    74.72   -40.21    34.51
2013  03  19  14  07  00    77.87   -42.21    35.66
2013  03  19  14  08  00    80.02   -43.00    37.02
2013  03  19  14  09  00    77.98   -41.75    36.23
2013  03  19  14  10  00    74.86   -41.04    33.82
2013  03  19  14  11  00    75.96   -41.56    34.40
2013  03  19  14  12  00    77.18   -40.48    36.70
2013  03  19  14  13  00    77.98   -40.15    37.83
2013  03  19  14  14  00    79.61   -40.00    39.60
2013  03  19  14  15  00    80.61   -39.52    41.09
2013  03  19  14  16  00    83.03   -39.11    43.92
2013  03  19  14  17  00    85.59   -38.58    47.01
2013  03  19  14  18  00    84.78   -38.08    46.70
2013  03  19  14  19  00    80.61   -38.43    42.18
2013  03  19  14  20  00    78.18   -38.49    39.69
2013  03  19  14  21  00    76.46   -37.99    38.47
2013  03  19  14  22  00    76.54   -37.62    38.92
2013  03  19  14  23  00    77.89   -37.48    40.40
2013  03  19  14  24  00    78.43   -37.49    40.94
2013  03  19  14  25  00    77.76   -37.74    40.01
2013  03  19  14  26  00    76.65   -37.60    39.04
2013  03  19  14  27  00    75.72   -37.76    37.96
2013  03  19  14  28  00    76.33   -38.39    37.94
2013  03  19  14  29  00    75.39   -38.27    37.13
2013  03  19  14  30  00    73.89   -38.78    35.11
2013  03  19  14  31  00    72.03   -38.08    33.96
2013  03  19  14  32  00    71.58   -38.53    33.06
2013  03  19  14  33  00    71.89   -38.48    33.41
2013  03  19  14  34  00    73.31   -39.15    34.16
2013  03  19  14  35  00    74.48   -38.63    35.86
2013  03  19  14  36  00    75.87   -39.07    36.80
2013  03  19  14  37  00    76.03   -39.36    36.67
2013  03  19  14  38  00    75.14   -38.49    36.65
2013  03  19  14  39  00    75.00   -39.46    35.54
2013  03  19  14  40  00    75.41   -39.26    36.15
2013  03  19  14  41  00    77.78   -39.37    38.42
2013  03  19  14  42  00    77.12   -38.33    38.79
2013  03  19  14  43  00    75.76   -38.50    37.25
2013  03  19  14  44  00    73.75   -38.58    35.16
2013  03  19  14  45  00    72.44   -38.37    34.07
2013  03  19  14  46  00    72.92   -38.23    34.68
2013  03  19  14  47  00    75.47   -38.23    37.24
2013  03  19  14  48  00    75.38   -38.07    37.32
2013  03  19  14  49  00    75.77   -38.16    37.61
2013  03  19  14  50  00    76.59   -38.62    37.97
2013  03  19  14  51  00    78.21   -39.60    38.60
2013  03  19  14  52  00    76.88   -38.32    38.56
2013  03  19  14  53  00    78.42   -39.72    38.70
2013  03  19  14  54  00    77.15   -38.89    38.25
2013  03  19  14  55  00    76.36   -38.76    37.60
2013  03  19  14  56  00    77.94   -40.02    37.92
2013  03  19  14  57  00    77.63   -39.59    38.04
2013  03  19  14  58  00    77.57   -39.59    37.98
2013  03  19  14  59  00    77.02   -39.16    37.86
2013  03  19  15  00  00    76.49   -38.93    37.56
2013  03  19  15  01  00    76.19   -39.18    37.01
2013  03  19  15  02  00    75.59   -38.71    36.87
2013  03  19  15  03  00    76.05   -39.00    37.05
2013  03  19  15  04  00    76.69   -38.86    37.83
2013  03  19  15  05  00    76.97   -39.22    37.75
2013  03  19  15  06  00    77.03   -39.06    37.97
2013  03  19  15  07  00    77.75   -38.85    38.91
2013  03  19  15  08  00    79.12   -38.89    40.23
2013  03  19  15  09  00    79.89   -38.61    41.28
2013  03  19  15  10  00    79.32   -38.42    40.90
2013  03  19  15  11  00    78.71   -38.77    39.94
2013  03  19  15  12  00    78.46   -38.96    39.49
2013  03  19  15  13  00    79.23   -39.08    40.15
2013  03  19  15  14  00    80.53   -39.16    41.37
2013  03  19  15  15  00    80.43   -39.11    41.32
2013  03  19  15  16  00    79.73   -39.22    40.52
2013  03  19  15  17  00    78.55   -39.62    38.93
2013  03  19  15  18  00    78.08   -39.93    38.15
2013  03  19  15  19  00    77.92   -40.22    37.70
2013  03  19  15  20  00    77.51   -39.57    37.95
2013  03  19  15  21  00    77.48   -39.73    37.75
2013  03  19  15  22  00    77.42   -40.34    37.08
2013  03  19  15  23  00    76.33   -40.63    35.70
2013  03  19  15  24  00    74.77   -40.50    34.27
2013  03  19  15  25  00    73.95   -40.69    33.25
2013  03  19  15  26  00    74.42   -41.74    32.68
2013  03  19  15  27  00    73.87   -41.38    32.49
2013  03  19  15  28  00    74.18   -41.32    32.85
2013  03  19  15  29  00    74.31   -40.91    33.40
2013  03  19  15  30  00    75.25   -40.71    34.54
2013  03  19  15  31  00    76.35   -40.90    35.45
2013  03  19  15  32  00    78.43   -41.74    36.70
2013  03  19  15  33  00    80.67   -41.66    39.01
2013  03  19  15  34  00    83.14   -41.76    41.38
2013  03  19  15  35  00    84.34   -41.10    43.24
2013  03  19  15  36  00    83.53   -40.91    42.63
2013  03  19  15  37  00    81.34   -40.61    40.73
2013  03  19  15  38  00    80.96   -41.12    39.84
2013  03  19  15  39  00    78.73   -39.16    39.57
2013  03  19  15  40  00    80.22   -40.45    39.78
2013  03  19  15  41  00    84.58   -40.91    43.66
2013  03  19  15  42  00    91.61   -43.16    48.45
2013  03  19  15  43  00    91.50   -41.21    50.29
2013  03  19  15  44  00    89.78   -41.74    48.04
2013  03  19  15  45  00    85.38   -42.49    42.90
2013  03  19  15  46  00    80.86   -43.32    37.55
2013  03  19  15  47  00    76.54   -42.40    34.15
2013  03  19  15  48  00    76.14   -42.50    33.64
2013  03  19  15  49  00    77.35   -42.22    35.13
2013  03  19  15  50  00    78.29   -41.79    36.50
2013  03  19  15  51  00    79.51   -42.02    37.49
2013  03  19  15  52  00    81.42   -43.40    38.02
2013  03  19  15  53  00    78.69   -41.62    37.08
2013  03  19  15  54  00    76.10   -41.54    34.56
2013  03  19  15  55  00    81.62   -44.97    36.65
2013  03  19  15  56  00    83.20   -46.75    36.45
2013  03  19  15  57  00    81.21   -46.26    34.95
2013  03  19  15  58  00    77.73   -42.36    35.37
2013  03  19  15  59  00    79.04   -41.20    37.83
2013  03  19  16  00  00    81.37   -41.27    40.10
2013  03  19  16  01  00    82.10   -41.59    40.51
2013  03  19  16  02  00    80.32   -41.94    38.38
2013  03  19  16  03  00    78.91   -42.94    35.96
2013  03  19  16  04  00    77.09   -43.04    34.05
2013  03  19  16  05  00    81.65   -43.20    38.45
2013  03  19  16  06  00    78.08   -43.37    34.71
2013  03  19  16  07  00    78.60   -43.33    35.27
2013  03  19  16  08  00    79.57   -43.35    36.23
2013  03  19  16  09  00    81.13   -43.55    37.58
2013  03  19  16  10  00    83.69   -43.82    39.87
2013  03  19  16  11  00    82.45   -43.73    38.72
2013  03  19  16  12  00    79.52   -43.48    36.04
2013  03  19  16  13  00    79.62   -43.63    35.99
2013  03  19  16  14  00    80.53   -43.61    36.92
2013  03  19  16  15  00    82.13   -43.35    38.77
2013  03  19  16  16  00    83.42   -43.96    39.46
2013  03  19  16  17  00    83.62   -44.25    39.37
2013  03  19  16  18  00    81.64   -43.56    38.08
2013  03  19  16  19  00    81.37   -43.92    37.45
2013  03  19  16  20  00    81.38   -43.52    37.86
2013  03  19  16  21  00    82.80   -43.85    38.95
2013  03  19  16  22  00    83.56   -42.65    40.91
2013  03  19  16  23  00    85.31   -43.07    42.24
2013  03  19  16  24  00    87.04   -43.46    43.58
2013  03  19  16  25  00    85.59   -43.53    42.06
2013  03  19  16  26  00    85.17   -43.88    41.28
2013  03  19  16  27  00    84.30   -42.88    41.42
2013  03  19  16  28  00    82.68   -42.57    40.12
2013  03  19  16  29  00    81.01   -42.27    38.74
2013  03  19  16  30  00    80.04   -41.70    38.34
2013  03  19  16  31  00    80.72   -41.83    38.89
2013  03  19  16  32  00    82.49   -41.60    40.89
2013  03  19  16  33  00    84.87   -41.98    42.89
2013  03  19  16  34  00    86.68   -42.43    44.25
2013  03  19  16  35  00    86.38   -42.60    43.78
2013  03  19  16  36  00    84.84   -43.08    41.75
2013  03  19  16  37  00    81.97   -42.92    39.04
2013  03  19  16  38  00    78.95   -42.55    36.40
2013  03  19  16  39  00    78.21   -42.74    35.47
2013  03  19  16  40  00    76.27   -40.56    35.71
2013  03  19  16  41  00    82.10   -44.07    38.03
2013  03  19  16  42  00    84.56   -43.52    41.04
2013  03  19  16  43  00    82.41   -42.32    40.09
2013  03  19  16  44  00    75.49   -40.69    34.80
2013  03  19  16  45  00    74.34   -42.31    32.02
2013  03  19  16  46  00    75.43   -43.68    31.75
2013  03  19  16  47  00    73.11   -42.46    30.64
2013  03  19  16  48  00    71.08   -40.61    30.47
2013  03  19  16  49  00    72.39   -42.23    30.16
2013  03  19  16  50  00    78.35   -40.82    37.53
2013  03  19  16  51  00    85.62   -40.56    45.07
2013  03  19  16  52  00    91.83   -40.35    51.48
2013  03  19  16  53  00    96.07   -40.86    55.21
2013  03  19  16  54  00    94.49   -40.32    54.16
2013  03  19  16  55  00    87.89   -39.23    48.66
2013  03  19  16  56  00    85.94   -40.48    45.47
2013  03  19  16  57  00    85.28   -40.65    44.63
2013  03  19  16  58  00    89.19   -40.76    48.44
2013  03  19  16  59  00    94.08   -42.09    51.99
2013  03  19  17  00  00    94.93   -42.57    52.36
2013  03  19  17  01  00    90.52   -40.71    49.82
2013  03  19  17  02  00    82.53   -40.84    41.69
2013  03  19  17  03  00    78.19   -40.40    37.79
2013  03  19  17  04  00    79.67   -39.89    39.78
2013  03  19  17  05  00    80.22   -39.85    40.36
2013  03  19  17  06  00    80.01   -39.19    40.82
2013  03  19  17  07  00    82.74   -40.20    42.54
2013  03  19  17  08  00    89.60   -39.91    49.69
2013  03  19  17  09  00    92.86   -41.19    51.67
2013  03  19  17  10  00    87.52   -39.45    48.07
2013  03  19  17  11  00    80.52   -38.01    42.51
2013  03  19  17  12  00    82.43   -42.34    40.09
2013  03  19  17  13  00    86.94   -41.07    45.87
2013  03  19  17  14  00    86.73   -39.80    46.93
2013  03  19  17  15  00    82.09   -39.31    42.79
2013  03  19  17  16  00    75.60   -37.94    37.65
2013  03  19  17  17  00    76.24   -37.49    38.75
2013  03  19  17  18  00    76.22   -39.65    36.57
2013  03  19  17  19  00    79.57   -39.35    40.22
2013  03  19  17  20  00    80.70   -39.00    41.70
2013  03  19  17  21  00    81.16   -39.61    41.56
2013  03  19  17  22  00    82.15   -41.11    41.04
2013  03  19  17  23  00    82.77   -42.00    40.77
2013  03  19  17  24  00    78.72   -40.63    38.10
2013  03  19  17  25  00    78.46   -41.76    36.69
2013  03  19  17  26  00    75.16   -40.43    34.73
2013  03  19  17  27  00    78.32   -42.68    35.63
2013  03  19  17  28  00    78.88   -41.92    36.96
2013  03  19  17  29  00    77.16   -41.73    35.43
2013  03  19  17  30  00    76.45   -41.23    35.22
2013  03  19  17  31  00    75.69   -41.36    34.34
2013  03  19  17  32  00    75.76   -41.21    34.55
2013  03  19  17  33  00    74.86   -40.90    33.97
2013  03  19  17  34  00    76.29   -41.74    34.55
2013  03  19  17  35  00    77.79   -41.29    36.50
2013  03  19  17  36  00    78.49   -41.10    37.39
2013  03  19  17  37  00    77.99   -41.22    36.76
2013  03  19  17  38  00    77.35   -41.14    36.22
2013  03  19  17  39  00    77.34   -41.87    35.46
2013  03  19  17  40  00    74.62   -40.59    34.03
2013  03  19  17  41  00    71.04   -40.00    31.04
2013  03  19  17  42  00    71.73   -40.49    31.24
2013  03  19  17  43  00    72.55   -39.79    32.76
2013  03  19  17  44  00    74.86   -40.45    34.40
2013  03  19  17  45  00    74.62   -39.51    35.11
2013  03  19  17  46  00    73.54   -39.62    33.92
2013  03  19  17  47  00    72.26   -39.54    32.72
2013  03  19  17  48  00    71.13   -39.58    31.56
2013  03  19  17  49  00    70.23   -39.20    31.03
2013  03  19  17  50  00    73.53   -40.82    32.71
2013  03  19  17  51  00    74.86   -40.25    34.61
2013  03  19  17  52  00    73.17   -38.96    34.21
2013  03  19  17  53  00    70.73   -37.99    32.74
2013  03  19  17  54  00    69.53   -38.59    30.94
2013  03  19  17  55  00    66.92   -37.51    29.41
2013  03  19  17  56  00    64.93   -36.89    28.04
2013  03  19  17  57  00    65.30   -37.10    28.20
2013  03  19  17  58  00    68.38   -37.53    30.85
2013  03  19  17  59  00    69.38   -36.69    32.69
2013  03  19  18  00  00    70.62   -37.03    33.59
2013  03  19  18  01  00    66.37   -35.74    30.63
2013  03  19  18  02  00    67.14   -36.44    30.70
2013  03  19  18  03  00    70.24   -37.59    32.65
2013  03  19  18  04  00    69.60   -36.19    33.41
2013  03  19  18  05  00    69.61   -36.40    33.20
2013  03  19  18  06  00    67.31   -35.56    31.75
2013  03  19  18  07  00    73.87   -35.75    38.13
2013  03  19  18  08  00    81.71   -34.96    46.75
2013  03  19  18  09  00    89.68   -35.39    54.29
2013  03  19  18  10  00    86.92   -35.64    51.27
2013  03  19  18  11  00    79.17   -36.34    42.84
2013  03  19  18  12  00    71.56   -36.97    34.59
2013  03  19  18  13  00    69.77   -37.71    32.06
2013  03  19  18  14  00    69.92   -37.90    32.02
2013  03  19  18  15  00    74.53   -38.37    36.16
2013  03  19  18  16  00    77.65   -38.74    38.91
2013  03  19  18  17  00    77.19   -39.51    37.68
2013  03  19  18  18  00    76.27   -39.42    36.86
2013  03  19  18  19  00    78.19   -39.53    38.65
2013  03  19  18  20  00    76.69   -38.99    37.71
2013  03  19  18  21  00    74.05   -39.14    34.90
2013  03  19  18  22  00    74.04   -38.28    35.76
2013  03  19  18  23  00    76.14   -38.68    37.46
2013  03  19  18  24  00    82.70   -39.26    43.43
2013  03  19  18  25  00    83.06   -39.49    43.57
2013  03  19  18  26  00    76.73   -38.86    37.87
2013  03  19  18  27  00    75.36   -38.93    36.43
2013  03  19  18  28  00    73.93   -38.20    35.73
2013  03  19  18  29  00    71.83   -37.73    34.10
2013  03  19  18  30  00    70.38   -37.43    32.95
2013  03  19  18  31  00    71.16   -37.43    33.72
2013  03  19  18  32  00    71.98   -37.40    34.58
2013  03  19  18  33  00    72.76   -37.95    34.81
2013  03  19  18  34  00    72.43   -36.66    35.77
2013  03  19  18  35  00    72.20   -37.04    35.16
2013  03  19  18  36  00    70.77   -36.49    34.28
2013  03  19  18  37  00    71.05   -36.47    34.57
2013  03  19  18  38  00    70.92   -36.83    34.09
2013  03  19  18  39  00    71.23   -36.53    34.70
2013  03  19  18  40  00    70.00   -36.15    33.85
2013  03  19  18  41  00    69.74   -35.87    33.87
2013  03  19  18  42  00    69.77   -35.91    33.86
2013  03  19  18  43  00    70.49   -36.02    34.47
2013  03  19  18  44  00    70.29   -35.54    34.75
2013  03  19  18  45  00    70.81   -35.23    35.57
2013  03  19  18  46  00    71.87   -35.28    36.58
2013  03  19  18  47  00    72.68   -34.54    38.14
2013  03  19  18  48  00    70.39   -32.30    38.09
2013  03  19  18  49  00    75.58   -36.19    39.39
2013  03  19  18  50  00    74.96   -33.73    41.23
2013  03  19  18  51  00    73.94   -35.66    38.28
2013  03  19  18  52  00    66.76   -33.48    33.28
2013  03  19  18  53  00    66.98   -33.71    33.28
2013  03  19  18  54  00    67.70   -33.71    33.99
2013  03  19  18  55  00    68.88   -33.86    35.02
2013  03  19  18  56  00    74.25   -34.63    39.61
2013  03  19  18  57  00    71.13   -33.76    37.37
2013  03  19  18  58  00    71.00   -32.30    38.71
2013  03  19  18  59  00    73.82   -32.22    41.60
2013  03  19  19  00  00    74.80   -31.83    42.97
2013  03  19  19  01  00    64.78   -31.73    33.05
2013  03  19  19  02  00    62.91   -30.72    32.20
2013  03  19  19  03  00    66.95   -31.62    35.33
2013  03  19  19  04  00    65.54   -31.11    34.43
2013  03  19  19  05  00    66.72   -30.84    35.89
2013  03  19  19  06  00    67.00   -31.37    35.62
2013  03  19  19  07  00    73.39   -32.03    41.36
2013  03  19  19  08  00    83.76   -31.07    52.69
2013  03  19  19  09  00    84.70   -31.42    53.27
2013  03  19  19  10  00    92.12   -32.83    59.29
2013  03  19  19  11  00    81.43   -34.47    46.96
2013  03  19  19  12  00    78.43   -35.11    43.31
2013  03  19  19  13  00    72.68   -34.53    38.15
2013  03  19  19  14  00    70.19   -35.32    34.87
2013  03  19  19  15  00    64.56   -29.88    34.69
2013  03  19  19  16  00    66.80   -32.93    33.87
2013  03  19  19  17  00    66.86   -32.68    34.18
2013  03  19  19  18  00    67.69   -29.34    38.35
2013  03  19  19  19  00    68.10   -30.18    37.92
2013  03  19  19  20  00    68.48   -29.14    39.34
2013  03  19  19  21  00    75.73   -29.91    45.82
2013  03  19  19  22  00    80.48   -30.27    50.21
2013  03  19  19  23  00    84.12   -30.42    53.70
2013  03  19  19  24  00    84.35   -30.03    54.32
2013  03  19  19  25  00    85.47   -29.81    55.66
2013  03  19  19  26  00    91.23   -29.95    61.28
2013  03  19  19  27  00    98.43   -30.34    68.09
2013  03  19  19  28  00   104.35   -30.43    73.91
2013  03  19  19  29  00   112.44   -32.46    79.98
2013  03  19  19  30  00   121.10   -31.35    89.75
2013  03  19  19  31  00   137.00   -37.92    99.08
2013  03  19  19  32  00   150.07   -45.23   104.84
2013  03  19  19  33  00   158.57   -51.78   106.78
2013  03  19  19  34  00   168.97   -56.28   112.69
2013  03  19  19  35  00   173.52   -58.11   115.41
2013  03  19  19  36  00   180.46   -58.32   122.14
2013  03  19  19  37  00   181.63   -62.09   119.55
2013  03  19  19  38  00   190.72   -68.25   122.47
2013  03  19  19  39  00   196.97   -69.68   127.29
2013  03  19  19  40  00   200.88   -68.62   132.27
2013  03  19  19  41  00   209.16   -69.79   139.37
2013  03  19  19  42  00   215.77   -73.04   142.72
2013  03  19  19  43  00   215.48   -74.57   140.90
2013  03  19  19  44  00   211.84   -73.51   138.32
2013  03  19  19  45  00   215.03   -70.63   144.40
2013  03  19  19  46  00   216.87   -73.79   143.07
2013  03  19  19  47  00   217.08   -73.56   143.52
2013  03  19  19  48  00   204.50   -57.54   146.96
2013  03  19  19  49  00   216.21   -69.24   146.97
2013  03  19  19  50  00   218.08   -74.20   143.88
2013  03  19  19  51  00   224.49   -74.37   150.12
2013  03  19  19  52  00   230.01   -70.33   159.68
2013  03  19  19  53  00   221.51   -61.90   159.61
2013  03  19  19  54  00   212.36   -58.96   153.40
2013  03  19  19  55  00   205.48   -60.72   144.75
2013  03  19  19  56  00   193.83   -53.82   140.02
2013  03  19  19  57  00   188.29   -51.94   136.35
2013  03  19  19  58  00   181.41   -49.17   132.24
2013  03  19  19  59  00   170.85   -43.75   127.10
2013  03  19  20  00  00   163.33   -47.88   115.45
2013  03  19  20  01  00   152.08   -46.83   105.25
2013  03  19  20  02  00   148.62   -46.29   102.33
2013  03  19  20  03  00   146.04   -47.38    98.66
2013  03  19  20  04  00   139.82   -48.03    91.80
2013  03  19  20  05  00   136.57   -50.54    86.03
2013  03  19  20  06  00   135.34   -49.40    85.95
2013  03  19  20  07  00   135.32   -50.12    85.20
2013  03  19  20  08  00   130.30   -48.67    81.63
2013  03  19  20  09  00   122.11   -45.54    76.58
2013  03  19  20  10  00   112.98   -41.81    71.18
2013  03  19  20  11  00   106.38   -39.70    66.68
2013  03  19  20  12  00   126.33   -67.60    58.73
2013  03  19  20  13  00    86.14   -36.49    49.65
2013  03  19  20  14  00    99.41   -55.38    44.03
2013  03  19  20  15  00   129.39   -86.28    43.11
2013  03  19  20  16  00    98.20   -56.17    42.03
2013  03  19  20  17  00   107.63   -66.06    41.56
2013  03  19  20  18  00    94.54   -53.97    40.57
2013  03  19  20  19  00    81.26   -42.44    38.82
2013  03  19  20  20  00    84.04   -45.76    38.28
2013  03  19  20  21  00    79.84   -43.67    36.17
2013  03  19  20  22  00    71.97   -36.57    35.39
2013  03  19  20  23  00    73.66   -36.47    37.18
2013  03  19  20  24  00    74.56   -36.21    38.35
2013  03  19  20  25  00    76.94   -36.43    40.52
2013  03  19  20  26  00    78.13   -36.07    42.06
2013  03  19  20  27  00    88.78   -47.02    41.76
2013  03  19  20  28  00    77.63   -36.19    41.44
2013  03  19  20  29  00    81.38   -36.11    45.27
2013  03  19  20  30  00   100.83   -45.92    54.92
2013  03  19  20  31  00   112.96   -52.81    60.15
2013  03  19  20  32  00   117.33   -51.77    65.56
2013  03  19  20  33  00    91.18   -42.00    49.18
2013  03  19  20  34  00   102.84   -57.56    45.27
2013  03  19  20  35  00    99.15   -52.52    46.63
2013  03  19  20  36  00   117.63   -62.40    55.23
2013  03  19  20  37  00   146.54   -92.33    54.22
2013  03  19  20  38  00   192.89  -134.26    58.63
2013  03  19  20  39  00   201.57  -138.12    63.45
2013  03  19  20  40  00   193.14  -129.10    64.03
2013  03  19  20  41  00   144.17   -83.08    61.09
2013  03  19  20  42  00   152.20   -94.03    58.17
2013  03  19  20  43  00   157.67  -100.98    56.68
2013  03  19  20  44  00   145.36   -88.95    56.41
2013  03  19  20  45  00   133.80   -79.94    53.86
2013  03  19  20  46  00   132.06   -78.95    53.11
2013  03  19  20  47  00   121.39   -65.89    55.50
2013  03  19  20  48  00   114.43   -54.84    59.60
2013  03  19  20  49  00   100.42   -38.50    61.92
2013  03  19  20  50  00   100.06   -38.54    61.53
2013  03  19  20  51  00   100.08   -40.71    59.37
2013  03  19  20  52  00    96.60   -38.91    57.68
2013  03  19  20  53  00    92.74   -38.78    53.97
2013  03  19  20  54  00    90.88   -40.53    50.35
2013  03  19  20  55  00   103.33   -51.44    51.89
2013  03  19  20  56  00   105.59   -47.76    57.83
2013  03  19  20  57  00   109.71   -50.89    58.82
2013  03  19  20  58  00   167.49  -114.23    53.26
2013  03  19  20  59  00   205.03  -140.17    64.86
2013  03  19  21  00  00   186.24  -116.87    69.37
2013  03  19  21  01  00   172.15  -107.64    64.50
2013  03  19  21  02  00   158.88  -104.66    54.23
2013  03  19  21  03  00   152.44   -94.35    58.09
2013  03  19  21  04  00   142.90   -80.73    62.18
2013  03  19  21  05  00   157.57   -94.74    62.83
2013  03  19  21  06  00   125.45   -68.99    56.46
2013  03  19  21  07  00   111.33   -59.98    51.34
2013  03  19  21  08  00    99.14   -51.91    47.23
2013  03  19  21  09  00    91.25   -45.62    45.63
2013  03  19  21  10  00    87.78   -43.34    44.45
2013  03  19  21  11  00    85.98   -40.47    45.51
2013  03  19  21  12  00    88.31   -42.39    45.92
2013  03  19  21  13  00    86.02   -42.14    43.88
2013  03  19  21  14  00    83.22   -40.00    43.22
2013  03  19  21  15  00    85.03   -42.33    42.70
2013  03  19  21  16  00    79.88   -38.61    41.28
2013  03  19  21  17  00    76.72   -39.65    37.07
2013  03  19  21  18  00    86.10   -48.63    37.47
2013  03  19  21  19  00   124.11   -80.51    43.61
2013  03  19  21  20  00   145.64  -111.30    34.33
2013  03  19  21  21  00   170.03  -125.27    44.75
2013  03  19  21  22  00   181.69  -139.28    42.41
2013  03  19  21  23  00   162.51  -118.30    44.21
2013  03  19  21  24  00   134.68   -89.33    45.34
2013  03  19  21  25  00    96.62   -52.43    44.20
2013  03  19  21  26  00    91.22   -48.40    42.81
2013  03  19  21  27  00    90.45   -54.39    36.06
2013  03  19  21  28  00    93.65   -60.35    33.30
2013  03  19  21  29  00   102.00   -58.33    43.66
2013  03  19  21  30  00   123.50   -78.28    45.22
2013  03  19  21  31  00   203.46  -157.95    45.51
2013  03  19  21  32  00   225.38  -175.70    49.67
2013  03  19  21  33  00   213.38  -151.73    61.65
2013  03  19  21  34  00   168.44  -118.84    49.59
2013  03  19  21  35  00   177.48  -127.83    49.65
2013  03  19  21  36  00   188.26  -143.71    44.55
2013  03  19  21  37  00   182.71  -136.68    46.03
2013  03  19  21  38  00   173.88  -124.68    49.19
2013  03  19  21  39  00   164.14  -112.28    51.86
2013  03  19  21  40  00   174.85  -125.10    49.75
2013  03  19  21  41  00   183.42  -135.84    47.58
2013  03  19  21  42  00   203.48  -152.32    51.16
2013  03  19  21  43  00   228.80  -169.43    59.37
2013  03  19  21  44  00   248.87  -178.91    69.96
2013  03  19  21  45  00   243.20  -172.58    70.62
2013  03  19  21  46  00   211.53  -164.38    47.15
2013  03  19  21  47  00   229.59  -163.40    66.18
2013  03  19  21  48  00   245.39  -171.41    73.98
2013  03  19  21  49  00   261.09  -182.33    78.76
2013  03  19  21  50  00   258.91  -186.29    72.62
2013  03  19  21  51  00   244.98  -185.30    59.67
2013  03  19  21  52  00   235.89  -183.34    52.55
2013  03  19  21  53  00   253.55  -192.31    61.24
2013  03  19  21  54  00   264.24  -207.28    56.95
2013  03  19  21  55  00   273.80  -216.19    57.60
2013  03  19  21  56  00   277.43  -217.05    60.37
2013  03  19  21  57  00   282.13  -214.91    67.22
2013  03  19  21  58  00   275.85  -204.85    70.99
2013  03  19  21  59  00   269.96  -197.87    72.09
2013  03  19  22  00  00   274.02  -196.91    77.11
2013  03  19  22  01  00   257.70  -184.94    72.76
2013  03  19  22  02  00   241.69  -174.95    66.75
2013  03  19  22  03  00   228.44  -165.97    62.46
2013  03  19  22  04  00   227.79  -163.02    64.77
2013  03  19  22  05  00   241.58  -166.02    75.56
2013  03  19  22  06  00   252.67  -166.98    85.69
2013  03  19  22  07  00   256.86  -158.93    97.93
2013  03  19  22  08  00   236.70  -142.87    93.83
2013  03  19  22  09  00   206.36  -126.11    80.25
2013  03  19  22  10  00   196.43  -123.76    72.67
2013  03  19  22  11  00   173.22  -116.41    56.81
2013  03  19  22  12  00   181.60  -125.96    55.64
2013  03  19  22  13  00   192.17  -126.82    65.34
2013  03  19  22  14  00   193.64  -123.88    69.76
2013  03  19  22  15  00   191.68  -122.40    69.27
2013  03  19  22  16  00   178.35  -115.55    62.80
2013  03  19  22  17  00   166.79  -107.33    59.46
2013  03  19  22  18  00   162.76  -103.77    58.99
2013  03  19  22  19  00   169.19  -106.26    62.93
2013  03  19  22  20  00   172.77  -106.91    65.87
2013  03  19  22  21  00   179.68  -111.79    67.89
2013  03  19  22  22  00   179.61  -113.59    66.02
2013  03  19  22  23  00   175.95  -106.56    69.39
2013  03  19  22  24  00   165.55  -103.06    62.48
2013  03  19  22  25  00   179.88  -101.41    78.47
2013  03  19  22  26  00   244.99  -145.47    99.52
2013  03  19  22  27  00   238.14  -154.60    83.55
2013  03  19  22  28  00   276.19  -196.57    79.62
2013  03  19  22  29  00   265.32  -184.65    80.67
2013  03  19  22  30  00   315.21  -218.67    96.54
2013  03  19  22  31  00   313.48  -223.37    90.11
2013  03  19  22  32  00   324.40  -247.90    76.50
2013  03  19  22  33  00   328.29  -249.55    78.74
2013  03  19  22  34  00   341.96  -250.70    91.27
2013  03  19  22  35  00   361.34  -265.13    96.21
2013  03  19  22  36  00   375.02  -283.32    91.70
2013  03  19  22  37  00   351.34  -260.82    90.52
2013  03  19  22  38  00   359.90  -269.28    90.62
2013  03  19  22  39  00   383.84  -288.46    95.37
2013  03  19  22  40  00   383.09  -290.99    92.11
2013  03  19  22  41  00   388.03  -298.91    89.12
2013  03  19  22  42  00   376.26  -290.80    85.46
2013  03  19  22  43  00   381.74  -303.60    78.14
2013  03  19  22  44  00   405.46  -329.39    76.07
2013  03  19  22  45  00   463.65  -384.94    78.70
2013  03  19  22  46  00   442.37  -363.50    78.86
2013  03  19  22  47  00   436.33  -362.34    73.99
2013  03  19  22  48  00   407.68  -339.73    67.96
2013  03  19  22  49  00   376.88  -308.60    68.28
2013  03  19  22  50  00   376.72  -310.61    66.11
2013  03  19  22  51  00   410.64  -345.80    64.84
2013  03  19  22  52  00   403.59  -338.42    65.17
2013  03  19  22  53  00   382.42  -316.28    66.15
2013  03  19  22  54  00   347.93  -279.26    68.67
2013  03  19  22  55  00   375.45  -304.55    70.90
2013  03  19  22  56  00   370.84  -299.53    71.31
2013  03  19  22  57  00   388.75  -317.84    70.91
2013  03  19  22  58  00   404.96  -332.44    72.51
2013  03  19  22  59  00   412.32  -343.75    68.57
2013  03  19  23  00  00   426.10  -357.75    68.35
2013  03  19  23  01  00   425.59  -360.25    65.34
2013  03  19  23  02  00   425.14  -361.38    63.76
2013  03  19  23  03  00   426.92  -363.70    63.23
2013  03  19  23  04  00   432.68  -369.04    63.63
2013  03  19  23  05  00   434.28  -367.23    67.05
2013  03  19  23  06  00   448.38  -380.47    67.91
2013  03  19  23  07  00   423.44  -357.03    66.42
2013  03  19  23  08  00   423.14  -356.21    66.93
2013  03  19  23  09  00   427.93  -362.16    65.77
2013  03  19  23  10  00   432.55  -369.50    63.05
2013  03  19  23  11  00   436.25  -374.98    61.27
2013  03  19  23  12  00   431.01  -371.16    59.85
2013  03  19  23  13  00   432.54  -373.31    59.23
2013  03  19  23  14  00   432.10  -374.06    58.04
2013  03  19  23  15  00   428.31  -372.45    55.86
2013  03  19  23  16  00   425.72  -371.34    54.38
2013  03  19  23  17  00   426.75  -368.39    58.36
2013  03  19  23  18  00   420.65  -361.23    59.41
2013  03  19  23  19  00   406.62  -349.88    56.74
2013  03  19  23  20  00   384.50  -332.92    51.58
2013  03  19  23  21  00   353.47  -305.74    47.73
2013  03  19  23  22  00   334.60  -286.42    48.18
2013  03  19  23  23  00   348.85  -295.77    53.08
2013  03  19  23  24  00   381.19  -320.89    60.30
2013  03  19  23  25  00   403.95  -341.74    62.21
2013  03  19  23  26  00   404.31  -343.53    60.78
2013  03  19  23  27  00   403.00  -343.10    59.90
2013  03  19  23  28  00   387.78  -328.08    59.70
2013  03  19  23  29  00   371.73  -313.36    58.38
2013  03  19  23  30  00   356.16  -297.56    58.60
2013  03  19  23  31  00   346.41  -287.69    58.72
2013  03  19  23  32  00   344.71  -286.97    57.74
2013  03  19  23  33  00   352.92  -296.12    56.80
2013  03  19  23  34  00   357.95  -304.73    53.23
2013  03  19  23  35  00   360.62  -310.99    49.63
2013  03  19  23  36  00   356.02  -306.84    49.19
2013  03  19  23  37  00   347.22  -292.49    54.73
2013  03  19  23  38  00   339.33  -278.02    61.31
2013  03  19  23  39  00   318.91  -259.52    59.40
2013  03  19  23  40  00   298.40  -242.80    55.60
2013  03  19  23  41  00   296.64  -238.36    58.28
2013  03  19  23  42  00   284.76  -231.01    53.74
2013  03  19  23  43  00   281.09  -229.11    51.99
2013  03  19  23  44  00   285.79  -234.21    51.58
2013  03  19  23  45  00   381.15  -330.40    50.75
2013  03  19  23  46  00   406.92  -354.59    52.33
2013  03  19  23  47  00   341.89  -286.87    55.01
2013  03  19  23  48  00   407.93  -351.57    56.36
2013  03  19  23  49  00   433.22  -378.58    54.64
2013  03  19  23  50  00   437.64  -379.70    57.94
2013  03  19  23  51  00   479.74  -414.95    64.78
2013  03  19  23  52  00   462.13  -396.44    65.69
2013  03  19  23  53  00   473.41  -414.94    58.47
2013  03  19  23  54  00   451.87  -397.12    54.74
2013  03  19  23  55  00   470.93  -409.34    61.59
2013  03  19  23  56  00   500.17  -433.44    66.72
2013  03  19  23  57  00   458.78  -410.29    48.49
2013  03  19  23  58  00   463.54  -416.62    46.92
2013  03  19  23  59  00   406.09  -367.60    38.49
