
Downloaded from OMNIWeb and processed by omniweb_read.py

No AlphaRatio was considered

#TIMEDELAY
0.0

#START
 2023 02 25 07 28 00 000    1.67    -0.25    -1.62  -423.50    -12.00      1.30    5.01    101700.0
 2023 02 25 07 29 00 000    1.67    -0.25    -1.62  -423.50    -12.00      1.30    5.01    101700.0
 2023 02 25 07 30 00 000    1.50     0.00    -1.86  -423.50    -12.00      1.30    5.01    101700.0
 2023 02 25 07 32 00 000    1.88    -0.16    -1.79  -423.50    -12.00      1.30    5.01    101700.0
 2023 02 25 07 33 00 000    1.62     0.06    -2.00  -423.50    -12.00      1.30    5.01    101700.0
 2023 02 25 07 34 00 000    1.64     0.03    -1.86  -423.50    -12.00      1.30    5.01    101700.0
 2023 02 25 07 35 00 000    1.64     0.03    -1.87  -431.10     -6.00      4.00    4.67     88932.0
 2023 02 25 07 36 00 000    1.57    -0.14    -1.78  -431.10     -6.00      4.00    4.67     88932.0
 2023 02 25 07 37 00 000    1.59    -0.13    -1.80  -428.50     -4.70      3.40    5.02     79875.0
 2023 02 25 07 38 00 000    1.66    -0.17    -1.75  -428.10     -6.30      1.50    4.94     85072.0
 2023 02 25 07 39 00 000    1.70    -0.06    -1.91  -430.80     -5.10      1.60    4.67     82297.0
 2023 02 25 07 40 00 000    1.52    -0.00    -1.73  -432.30     -3.20      2.30    4.63     86079.0
 2023 02 25 07 41 00 000    0.89     0.85    -2.42  -432.30     -3.20      2.30    4.63     86079.0
 2023 02 25 07 45 00 000    1.84    -0.10    -1.80  -432.30     -3.20      2.30    4.63     86079.0
 2023 02 25 07 48 00 000    1.74    -0.05    -1.81  -432.30     -3.20      2.30    4.63     86079.0
 2023 02 25 07 49 00 000    1.72    -0.08    -1.80  -432.30     -3.20      2.30    4.63     86079.0
 2023 02 25 07 52 00 000    0.78     0.86    -2.61  -432.30     -3.20      2.30    4.63     86079.0
 2023 02 25 07 53 00 000    1.06     0.54    -2.32  -432.30     -3.20      2.30    4.63     86079.0
 2023 02 25 07 54 00 000    1.26     0.38    -2.04  -432.30     -3.20      2.30    4.63     86079.0
 2023 02 25 07 55 00 000    0.93     0.51    -2.02  -432.30     -3.20      2.30    4.63     86079.0
 2023 02 25 07 57 00 000    0.74     0.77    -1.86  -432.30     -3.20      2.30    4.63     86079.0
 2023 02 25 07 58 00 000    0.72     0.90    -1.86  -427.20     -5.30      6.80    4.91     70020.0
 2023 02 25 07 59 00 000    0.76     0.43    -2.33  -427.20     -5.30      6.80    4.91     70020.0
 2023 02 25 08 00 00 000    0.70     0.15    -2.22  -427.20     -5.30      6.80    4.91     70020.0
 2023 02 25 08 01 00 000    0.76     0.95    -2.42  -427.20     -5.30      6.80    4.91     70020.0
 2023 02 25 08 04 00 000    0.93     0.42    -2.29  -427.20     -5.30      6.80    4.91     70020.0
 2023 02 25 08 05 00 000    1.35    -0.16    -2.37  -423.50    -11.70      3.50    4.27     82824.0
 2023 02 25 08 07 00 000    1.40    -0.32    -2.41  -423.50    -11.70      3.50    4.27     82824.0
 2023 02 25 08 09 00 000    1.34    -0.25    -2.47  -423.50    -11.70      3.50    4.27     82824.0
 2023 02 25 08 10 00 000    1.36    -0.12    -2.45  -423.50    -11.70      3.50    4.27     82824.0
 2023 02 25 08 11 00 000    1.45    -0.01    -2.42  -423.50    -11.70      3.50    4.27     82824.0
 2023 02 25 08 12 00 000    1.19     0.40    -2.66  -423.50    -11.70      3.50    4.27     82824.0
 2023 02 25 08 13 00 000    1.22     0.05    -2.65  -423.80     10.20     18.10    4.34     88979.0
 2023 02 25 08 14 00 000    0.09     2.72    -3.10  -423.80     10.20     18.10    4.34     88979.0
 2023 02 25 08 22 00 000    0.95     1.15    -3.04  -423.80     10.20     18.10    4.34     88979.0
 2023 02 25 08 23 00 000    0.27     2.26    -2.54  -423.80     10.20     18.10    4.34     88979.0
 2023 02 25 08 24 00 000    0.43     2.02    -2.76  -426.00    -12.60     24.70    3.86     66806.0
 2023 02 25 08 25 00 000    0.35     1.97    -2.83  -426.00    -12.60     24.70    3.86     66806.0
 2023 02 25 08 26 00 000    0.32     2.08    -2.85  -426.00    -12.60     24.70    3.86     66806.0
 2023 02 25 08 27 00 000    0.06     2.10    -2.91  -422.80    -23.30     16.50    3.74     54850.0
 2023 02 25 08 28 00 000   -0.05     2.73    -2.88  -422.80    -23.30     16.50    3.74     54850.0
 2023 02 25 08 29 00 000    0.33     2.13    -3.42  -421.10    -26.70     23.30    3.77     49210.0
 2023 02 25 08 30 00 000    0.21     2.39    -3.43  -421.10    -26.70     23.30    3.77     49210.0
 2023 02 25 08 31 00 000    0.06     0.71    -3.07  -421.10    -26.70     23.30    3.77     49210.0
 2023 02 25 08 32 00 000    0.59     2.32    -3.07  -420.30    -37.00     22.20    3.70     46790.0
 2023 02 25 08 33 00 000   -0.18     2.95     0.41  -420.30    -37.00     22.20    3.70     46790.0
 2023 02 25 08 34 00 000   -0.69     0.58     4.19  -412.20    -44.60     -4.80    3.35     37790.0
 2023 02 25 08 35 00 000   -0.91     1.26     4.10  -412.30    -44.50     -4.80    3.35     37982.0
 2023 02 25 08 36 00 000   -1.22     1.48     3.83  -413.70    -41.60     -3.00    3.36     42550.0
 2023 02 25 08 37 00 000   -1.39     2.36     3.09  -413.70    -41.60     -3.00    3.36     42550.0
 2023 02 25 08 38 00 000   -1.08     3.34     2.15  -413.70    -41.60     -3.00    3.36     42550.0
 2023 02 25 08 39 00 000   -0.63     3.24     1.92  -415.50    -45.60      5.00    3.91     49833.0
 2023 02 25 08 40 00 000    0.20     2.82    -0.79  -415.50    -45.60      5.00    3.91     49833.0
 2023 02 25 08 41 00 000    0.71     3.39    -3.15  -417.70    -40.60      9.30    3.52     38660.0
 2023 02 25 08 42 00 000    0.56     3.85    -2.94  -419.30    -37.10     12.30    3.23     30683.0
 2023 02 25 08 43 00 000    0.31     4.20    -2.25  -418.40    -39.70     11.60    3.35     29383.0
 2023 02 25 08 44 00 000    0.31     4.12    -1.87  -417.60    -44.30      8.80    3.58     30188.0
 2023 02 25 08 45 00 000    1.60     0.63    -3.65  -416.90    -47.90      6.60    3.77     30846.0
 2023 02 25 08 46 00 000    1.08     1.37    -4.36  -422.20    -21.40     13.90    3.92     35546.0
 2023 02 25 08 47 00 000    0.48     3.06    -3.77  -421.70    -22.40     13.00    3.83     34174.0
 2023 02 25 08 48 00 000    0.35     3.63    -3.24  -415.30    -36.20     10.70    3.41     30178.0
 2023 02 25 08 49 00 000    0.30     3.88    -2.84  -417.00    -41.70      7.20    3.63     32743.0
 2023 02 25 08 50 00 000   -0.04     3.83    -3.02  -415.50    -41.50      6.70    3.63     36906.0
 2023 02 25 08 51 00 000   -0.13     3.96    -2.87  -415.00    -39.00     11.10    3.70     30838.0
 2023 02 25 08 52 00 000   -0.18     3.95    -2.54  -416.10    -39.80     11.10    3.74     32669.0
 2023 02 25 08 53 00 000   -0.31     3.66    -2.16  -414.60    -42.60     14.40    4.15     39827.0
 2023 02 25 08 54 00 000   -0.80     3.62    -1.79  -412.30    -44.50     16.00    4.43     43957.0
 2023 02 25 08 55 00 000   -0.28     3.27    -2.48  -408.70    -45.50     15.20    4.50     44483.0
 2023 02 25 08 56 00 000   -0.23     3.32    -2.42  -408.70    -45.50     15.20    4.50     44483.0
 2023 02 25 08 57 00 000   -0.08     3.48    -2.57  -408.70    -45.50     15.20    4.50     44483.0
 2023 02 25 08 58 00 000   -0.21     3.55    -2.51  -408.70    -45.50     15.20    4.50     44483.0
 2023 02 25 08 59 00 000   -0.44     3.67    -2.30  -413.30    -42.50     16.70    4.23     41943.0
 2023 02 25 09 00 00 000   -0.35     3.82    -2.01  -413.30    -42.50     16.70    4.23     41943.0
 2023 02 25 09 01 00 000    0.15     3.25    -2.38  -413.30    -42.50     16.70    4.23     41943.0
 2023 02 25 09 02 00 000    0.38     2.95    -2.69  -413.30    -42.50     16.70    4.23     41943.0
 2023 02 25 09 03 00 000    0.60     2.80    -2.78  -418.40    -42.90     21.00    4.64     46959.0
 2023 02 25 09 04 00 000    0.58     2.83    -2.74  -418.40    -42.90     21.00    4.64     46959.0
 2023 02 25 09 05 00 000    0.60     3.17    -2.60  -418.40    -42.90     21.00    4.64     46959.0
 2023 02 25 09 06 00 000    0.72     3.09    -2.51  -418.40    -42.90     21.00    4.64     46959.0
 2023 02 25 09 07 00 000    0.80     2.99    -2.74  -419.30    -44.60     16.80    4.27     38573.0
 2023 02 25 09 08 00 000    1.04     3.11    -2.46  -419.30    -44.60     16.80    4.27     38573.0
 2023 02 25 09 09 00 000    0.92     3.40    -2.12  -419.30    -44.60     16.80    4.27     38573.0
 2023 02 25 09 10 00 000    0.50     3.57    -1.86  -419.30    -44.60     16.80    4.27     38573.0
 2023 02 25 09 11 00 000    0.18     3.84    -1.31  -413.90    -48.10      5.50    4.69     48763.0
 2023 02 25 09 12 00 000   -0.08     3.82    -1.12  -413.90    -48.10      5.50    4.69     48763.0
 2023 02 25 09 13 00 000   -0.49     3.81    -1.01  -413.90    -48.10      5.50    4.69     48763.0
 2023 02 25 09 14 00 000   -0.02     3.93    -0.81  -413.90    -48.10      5.50    4.69     48763.0
 2023 02 25 09 15 00 000    0.34     3.83    -0.63  -413.90    -48.10      5.50    4.69     48763.0
 2023 02 25 09 16 00 000   -0.18     3.70    -0.95  -413.90    -48.10      5.50    4.69     48763.0
 2023 02 25 09 17 00 000   -0.60     3.34    -1.16  -404.90    -54.00      9.20    5.13     54269.0
 2023 02 25 09 18 00 000   -1.30     2.47    -1.67  -404.90    -54.00      9.20    5.13     54269.0
 2023 02 25 09 19 00 000   -1.03     2.61    -1.56  -405.00    -57.50     10.00    5.31     55192.0
 2023 02 25 09 20 00 000   -0.83     3.35    -1.20  -405.10    -59.40     10.50    5.40     55691.0
 2023 02 25 09 21 00 000   -0.37     4.74     0.08  -408.60    -48.50      3.20    3.93     45735.0
 2023 02 25 09 22 00 000   -0.58     4.60     0.15  -408.60    -48.40      3.10    3.91     45620.0
 2023 02 25 09 23 00 000   -0.84     4.47     0.32  -408.10    -47.60      1.90    3.92     37180.0
 2023 02 25 09 24 00 000   -1.16     4.35     0.13  -408.10    -47.60      1.90    3.92     37180.0
 2023 02 25 09 25 00 000   -1.41     4.12    -0.24  -409.00    -45.20      6.20    3.92     40898.0
 2023 02 25 09 26 00 000   -1.04     3.50     0.43  -408.20    -51.30      8.30    4.55     48900.0
 2023 02 25 09 27 00 000   -0.56     3.55     0.20  -409.10    -54.20     10.60    4.71     44689.0
 2023 02 25 09 28 00 000    0.71     2.53    -2.52  -410.20    -53.10     11.30    4.50     36970.0
 2023 02 25 09 29 00 000    1.00     3.26    -2.42  -412.80    -50.90     18.30    4.90     51232.0
 2023 02 25 09 30 00 000    0.91     3.30    -2.46  -412.80    -50.90     18.30    4.90     51232.0
 2023 02 25 09 31 00 000    0.61     3.46    -2.07  -411.00    -50.30     16.50    5.02     55379.0
 2023 02 25 09 32 00 000    0.26     3.90    -1.72  -411.80    -55.20     16.80    4.87     53765.0
 2023 02 25 09 33 00 000    0.12     4.39    -0.93  -412.70    -59.70     17.40    4.72     51832.0
 2023 02 25 09 34 00 000    0.12     4.52    -0.72  -410.20    -55.60     13.00    4.45     54923.0
 2023 02 25 09 35 00 000   -0.01     4.44    -0.55  -410.20    -55.60     13.00    4.45     54923.0
 2023 02 25 09 36 00 000    0.51     4.24    -1.83  -410.20    -55.60     13.00    4.45     54923.0
 2023 02 25 09 37 00 000    0.40     4.34    -1.82  -410.10    -54.50      9.60    4.38     48900.0
 2023 02 25 09 38 00 000    0.54     4.14    -1.98  -410.10    -54.50      9.60    4.38     48900.0
 2023 02 25 09 39 00 000    0.45     4.29    -1.74  -410.10    -54.50      9.60    4.38     48900.0
 2023 02 25 09 40 00 000    0.59     4.09    -2.32  -410.10    -54.50      9.60    4.38     48900.0
 2023 02 25 09 41 00 000    0.58     4.08    -2.55  -411.00    -57.80      9.80    4.68     35725.0
 2023 02 25 09 42 00 000    0.54     4.18    -2.50  -411.00    -57.80      9.80    4.68     35725.0
 2023 02 25 09 43 00 000    0.46     4.32    -2.28  -411.00    -57.80      9.80    4.68     35725.0
 2023 02 25 09 44 00 000    0.60     4.39    -2.23  -411.00    -57.80      9.80    4.68     35725.0
 2023 02 25 09 45 00 000    0.52     4.48    -2.24  -411.00    -57.80      9.80    4.68     35725.0
 2023 02 25 09 46 00 000    0.36     4.57    -2.13  -409.20    -56.90      5.30    4.14     33954.0
 2023 02 25 09 47 00 000    0.36     4.55    -2.10  -409.20    -56.90      5.30    4.14     33954.0
 2023 02 25 09 48 00 000    0.32     4.53    -2.01  -409.20    -56.90      5.30    4.14     33954.0
 2023 02 25 09 49 00 000    0.32     4.54    -1.86  -408.70    -58.90      5.40    4.38     34703.0
 2023 02 25 09 50 00 000    0.29     4.59    -1.86  -408.70    -58.90      5.40    4.38     34703.0
 2023 02 25 09 51 00 000    0.09     4.57    -1.69  -408.70    -58.90      5.40    4.38     34703.0
 2023 02 25 09 52 00 000    0.19     4.54    -1.74  -408.70    -58.90      5.40    4.38     34703.0
 2023 02 25 09 53 00 000    0.21     4.49    -1.74  -406.60    -60.10      5.40    4.31     38542.0
 2023 02 25 09 54 00 000    0.13     4.45    -1.66  -406.60    -60.10      5.40    4.31     38542.0
 2023 02 25 09 55 00 000    0.04     4.44    -2.09  -406.10    -55.70      6.60    4.29     35110.0
 2023 02 25 09 56 00 000   -0.17     4.34    -2.30  -406.10    -55.70      6.60    4.29     35110.0
 2023 02 25 09 57 00 000   -0.22     4.32    -2.32  -406.10    -55.70      6.60    4.29     35110.0
 2023 02 25 09 58 00 000   -0.12     4.44    -2.15  -406.10    -55.70      6.60    4.29     35110.0
 2023 02 25 09 59 00 000   -0.24     4.35    -2.22  -406.10    -55.70      6.60    4.29     35110.0
 2023 02 25 10 00 00 000   -0.29     4.35    -2.19  -406.10    -55.70      6.60    4.29     35110.0
 2023 02 25 10 01 00 000   -0.26     4.39    -2.17  -406.10    -55.70      6.60    4.29     35110.0
 2023 02 25 10 02 00 000   -0.28     4.39    -2.18  -406.10    -55.70      6.60    4.29     35110.0
 2023 02 25 10 03 00 000   -0.43     4.41    -2.21  -406.10    -55.70      6.60    4.29     35110.0
 2023 02 25 10 04 00 000   -0.54     4.51    -2.18  -406.10    -55.70      6.60    4.29     35110.0
 2023 02 25 10 05 00 000   -0.46     4.56    -2.04  -402.40    -51.60      7.00    4.32     43033.0
 2023 02 25 10 06 00 000   -0.32     4.53    -1.98  -402.40    -51.60      7.00    4.32     43033.0
 2023 02 25 10 07 00 000    0.00     4.58    -2.07  -407.00    -54.80      7.90    4.23     35636.0
 2023 02 25 10 08 00 000   -0.25     4.74    -1.73  -407.00    -54.80      7.90    4.23     35636.0
 2023 02 25 10 09 00 000   -0.19     4.67    -1.85  -407.00    -54.80      7.90    4.23     35636.0
 2023 02 25 10 10 00 000   -0.01     4.42    -2.18  -407.00    -54.80      7.90    4.23     35636.0
 2023 02 25 10 11 00 000   -0.01     4.44    -2.17  -404.90    -54.20      5.70    4.37     37390.0
 2023 02 25 10 12 00 000   -0.01     4.62    -1.79  -404.90    -54.20      5.70    4.37     37397.0
 2023 02 25 10 13 00 000   -0.02     4.50    -1.81  -405.20    -56.10      6.10    4.37     38724.0
 2023 02 25 10 14 00 000    0.46     4.75    -1.21  -410.10    -57.10      7.80    4.54     37494.0
 2023 02 25 10 15 00 000    0.16     4.73    -1.43  -404.80    -59.50      8.10    4.57     36209.0
 2023 02 25 10 16 00 000    0.05     4.88    -1.37  -404.70    -59.50      8.10    4.57     36197.0
 2023 02 25 10 17 00 000    0.04     4.94    -1.24  -404.70    -59.50      8.10    4.57     36197.0
 2023 02 25 10 18 00 000    0.04     4.97    -1.22  -404.70    -59.50      8.10    4.57     36197.0
 2023 02 25 10 19 00 000    0.03     5.03    -0.97  -404.30    -60.00      6.50    4.55     35373.0
 2023 02 25 10 20 00 000    0.09     4.97    -0.68  -404.50    -59.10      6.50    4.59     35712.0
 2023 02 25 10 21 00 000    0.01     4.94    -0.72  -405.10    -57.20      6.50    4.60     35757.0
 2023 02 25 10 22 00 000    0.01     4.99    -0.52  -404.50    -56.80      7.00    4.56     37044.0
 2023 02 25 10 23 00 000    0.02     4.97    -0.69  -404.10    -56.70      7.20    4.55     37300.0
 2023 02 25 10 24 00 000   -0.04     5.02    -0.52  -403.80    -59.30      8.70    4.46     34443.0
 2023 02 25 10 25 00 000   -0.21     5.07    -0.42  -403.80    -59.30      8.70    4.46     34443.0
 2023 02 25 10 26 00 000   -0.61     4.94     0.18  -405.10    -57.10      7.90    4.31     39440.0
 2023 02 25 10 27 00 000   -0.43     4.97     0.16  -406.00    -55.50      7.30    4.20     43098.0
 2023 02 25 10 28 00 000   -0.89     4.74     0.38  -403.10    -53.90      3.60    4.46     45057.0
 2023 02 25 10 29 00 000   -0.81     4.49     0.42  -403.10    -53.90      3.60    4.46     45057.0
 2023 02 25 10 30 00 000   -0.87     4.35     0.55  -403.10    -53.90      3.60    4.46     45057.0
 2023 02 25 10 31 00 000   -0.93     4.31     0.80  -403.10    -53.90      3.60    4.46     45057.0
 2023 02 25 10 32 00 000   -0.98     4.30     1.08  -403.10    -53.90      3.60    4.46     45057.0
 2023 02 25 10 33 00 000   -0.88     4.40     0.81  -401.30    -52.10      2.00    4.37     48866.0
 2023 02 25 10 34 00 000   -0.72     4.40     0.34  -401.30    -52.10      2.00    4.37     48866.0
 2023 02 25 10 35 00 000   -0.89     4.40     0.56  -401.10    -56.50     -1.30    4.34     48044.0
 2023 02 25 10 36 00 000   -0.76     4.32     0.23  -401.10    -56.50     -1.30    4.34     48044.0
 2023 02 25 10 37 00 000   -0.76     4.32     0.22  -401.10    -56.50     -1.30    4.34     48044.0
 2023 02 25 10 38 00 000   -0.70     4.39    -0.04  -401.10    -56.50     -1.30    4.34     48044.0
 2023 02 25 10 39 00 000   -0.77     4.34     0.20  -399.90    -57.40      0.50    4.56     52365.0
 2023 02 26 03 56 00 000   -5.12     2.65     0.41  -399.90    -57.40      0.50    4.56     52365.0
 2023 02 26 03 57 00 000   -4.97     2.87     0.38  -456.90     -3.60     -6.70   22.87     53187.0
 2023 02 26 03 58 00 000   -5.19     2.51    -0.12  -456.90     -3.60     -6.70   22.87     53187.0
 2023 02 26 03 59 00 000   -5.28     2.30    -0.29  -454.50     -4.00     -2.80   23.33     62882.0
 2023 02 26 04 00 00 000   -5.09     2.62    -0.19  -454.30     -4.00     -2.50   23.37     63707.0
 2023 02 26 04 01 00 000   -4.95     2.57     0.10  -456.10     -6.30     -4.50   23.16     52722.0
 2023 02 26 04 02 00 000   -4.72     2.77     0.55  -456.10     -6.30     -4.50   23.16     52722.0
 2023 02 26 04 03 00 000   -4.60     2.76     0.68  -456.10     -6.30     -4.50   23.16     52722.0
 2023 02 26 04 04 00 000   -4.87     2.74     0.36  -455.80     -2.60     -6.60   22.18     53690.0
 2023 02 26 04 05 00 000   -5.27     2.21    -0.23  -455.80     -2.60     -6.60   22.18     53690.0
 2023 02 26 04 06 00 000   -5.39     2.32    -0.04  -455.80     -2.60     -6.60   22.18     53690.0
 2023 02 26 04 07 00 000   -5.11     2.27     0.37  -455.80     -2.60     -6.60   22.18     53690.0
 2023 02 26 04 08 00 000   -4.67     2.53     0.42  -455.80     -2.60     -6.60   22.18     53690.0
 2023 02 26 04 09 00 000   -4.81     2.46     0.18  -455.80     -2.60     -6.60   22.18     53690.0
 2023 02 26 04 10 00 000   -4.83     2.56     0.25  -455.70     -4.40     -5.90   22.86     53741.0
 2023 02 26 04 11 00 000   -4.47     2.61     0.17  -455.90     -4.50     -5.90   22.84     53654.0
 2023 02 26 04 12 00 000   -5.15     2.15     0.57  -455.90     -4.50     -5.90   22.84     53654.0
 2023 02 26 04 13 00 000   -5.15     1.96     0.63  -452.70     -7.40    -21.40   26.80     65845.0
 2023 02 26 04 14 00 000   -5.15     2.24     0.61  -453.70     -5.90    -17.20   25.88     62858.0
 2023 02 26 04 15 00 000   -5.07     1.96     1.08  -456.30     -1.70     -6.40   23.50     55183.0
 2023 02 26 04 16 00 000   -4.69     1.37     1.75  -458.70      5.60    -11.60   22.60     56603.0
 2023 02 26 04 17 00 000   -4.65     1.83     1.15  -458.70      5.70    -11.60   22.59     56613.0
 2023 02 26 04 18 00 000   -5.16     2.68    -0.04  -456.20     -5.90     -3.20   22.94     51868.0
 2023 02 26 04 19 00 000   -4.08     0.93     2.36  -456.20     -5.90     -3.20   22.94     51868.0
 2023 02 26 04 20 00 000   -3.73     0.00     3.66  -456.20     -5.90     -3.20   22.94     51868.0
 2023 02 26 04 21 00 000   -3.83    -0.25     3.42  -458.60     -1.50    -10.60   24.10     55288.0
 2023 02 26 04 22 00 000   -3.81    -0.21     3.48  -458.60     -1.50    -10.60   24.10     55288.0
 2023 02 26 04 23 00 000   -3.85    -0.10     3.42  -458.60     -1.50    -10.60   24.10     55288.0
 2023 02 26 04 24 00 000   -3.84    -0.24     3.60  -458.60     -1.50    -10.60   24.10     55288.0
 2023 02 26 04 25 00 000   -3.74    -0.25     3.57  -458.60     -0.60    -11.80   24.23     56317.0
 2023 02 26 04 26 00 000   -3.79     0.05     3.50  -458.60     -0.60    -11.80   24.23     56317.0
 2023 02 26 04 27 00 000   -3.62    -0.10     3.63  -458.60     -0.60    -11.80   24.23     56317.0
 2023 02 26 04 28 00 000   -3.92     1.50     3.03  -458.60     -0.60    -11.80   24.23     56317.0
 2023 02 26 04 29 00 000   -3.88     1.95     2.94  -458.60     -0.60    -11.80   24.23     56317.0
 2023 02 26 04 30 00 000   -3.88     1.95     2.94  -458.60     -0.60    -11.80   24.23     56317.0
 2023 02 26 04 31 00 000   -4.08     2.00     2.68  -457.90     -4.40    -10.20   23.44     56133.0
 2023 02 26 04 32 00 000   -3.96     2.01     2.71  -457.90     -4.40    -10.20   23.44     56133.0
 2023 02 26 04 33 00 000   -3.74     2.17     2.69  -457.90     -4.40    -10.20   23.44     56133.0
 2023 02 26 04 34 00 000   -3.80     2.29     2.39  -457.90     -4.40    -10.20   23.44     56133.0
 2023 02 26 04 35 00 000   -3.86     2.06     2.45  -457.90     -4.40    -10.20   23.44     56133.0
 2023 02 26 04 36 00 000   -3.87     2.06     2.45  -457.90     -4.40    -10.20   23.44     56133.0
 2023 02 26 04 37 00 000   -4.00     2.09     2.43  -457.90     -4.40    -10.20   23.44     56133.0
 2023 02 26 04 38 00 000   -3.91     2.21     2.46  -457.90     -4.40    -10.20   23.44     56133.0
 2023 02 26 04 39 00 000   -4.04     2.09     2.44  -458.70     -3.10     -6.50   23.50     57991.0
 2023 02 26 04 40 00 000   -4.07     1.89     2.79  -458.70     -3.10     -6.50   23.50     57991.0
 2023 02 26 04 41 00 000   -4.01     2.17     2.63  -458.70     -3.10     -6.50   23.50     57991.0
 2023 02 26 04 42 00 000   -3.99     2.23     2.44  -458.70     -3.10     -6.50   23.50     57991.0
 2023 02 26 04 43 00 000   -3.73     1.99     2.96  -458.70     -3.10     -6.50   23.50     57991.0
 2023 02 26 04 44 00 000   -3.43     1.72     3.51  -458.70     -3.10     -6.50   23.50     57991.0
 2023 02 26 04 45 00 000   -3.18     1.05     3.74  -458.70     -3.10     -6.50   23.50     57991.0
 2023 02 26 04 46 00 000   -2.90     0.64     3.83  -457.90     -4.90    -12.40   24.34     71178.0
 2023 02 26 04 47 00 000   -2.62     0.60     3.89  -457.90     -4.90    -12.40   24.34     71178.0
 2023 02 26 04 48 00 000   -3.14     2.04     2.95  -457.80     -3.20    -13.80   24.52     59132.0
 2023 02 26 04 49 00 000   -3.35     2.16     1.84  -457.20     -3.50    -12.90   24.10     56965.0
 2023 02 26 04 50 00 000   -3.04     1.09     3.34  -459.40     -4.20    -13.30   23.88     59012.0
 2023 02 26 04 51 00 000   -3.52     1.02     2.86  -459.80     -4.70    -13.10   23.92     59976.0
 2023 02 26 04 52 00 000   -3.46     1.77     1.74  -459.40     -9.40     -8.40   24.26     64652.0
 2023 02 26 04 53 00 000   -2.68     3.26     0.71  -461.70     -7.50     -1.80   25.10     69684.0
 2023 02 26 04 54 00 000   -2.53     3.18     0.04  -462.30     -7.00     -0.20   25.31     70700.0
 2023 02 26 04 55 00 000   -2.93     2.32     0.60  -464.90     -4.40     -0.30   25.29     59385.0
 2023 02 26 04 56 00 000   -2.58     2.22     0.87  -463.70     -0.80     -0.50   25.41     59556.0
 2023 02 26 04 57 00 000   -1.99     2.72    -0.35  -462.80      2.00     -0.60   25.50     59689.0
 2023 02 26 04 58 00 000   -2.46     2.39     0.57  -460.10     -8.50     -2.10   25.62     70504.0
 2023 02 26 04 59 00 000   -2.52     2.15     1.01  -459.90     -5.00     -2.40   25.24     65128.0
 2023 02 26 05 00 00 000   -3.08     1.70     1.64  -459.70     -1.10     -2.80   24.84     59347.0
 2023 02 26 05 01 00 000   -2.72     0.93     2.38  -458.90     -2.50     -3.80   26.14     71376.0
 2023 02 26 05 02 00 000   -2.43     0.64     2.76  -459.40     -3.10     -5.70   24.97     68559.0
 2023 02 26 05 03 00 000   -2.40     0.28     3.04  -458.40     -4.50     -8.50   25.77     71202.0
 2023 02 26 05 04 00 000   -2.89     0.40     2.80  -458.40     -2.90     -9.70   25.05     73238.0
 2023 02 26 05 05 00 000   -2.56    -0.34     2.72  -459.10     -2.30     -7.00   24.69     69042.0
 2023 02 26 05 06 00 000   -4.26     2.28     1.37  -458.10     -3.70     -8.90   25.40     72196.0
 2023 02 26 05 08 00 000   -4.26     1.75     1.91  -458.10     -3.70     -8.90   25.40     72196.0
 2023 02 26 05 10 00 000   -3.74     0.87     2.78  -459.90      1.00     -7.90   22.86     61450.0
 2023 02 26 05 11 00 000   -3.74     0.87     2.78  -459.90      1.00     -7.90   22.86     61450.0
 2023 02 26 05 12 00 000   -3.46     0.67     2.82  -459.90      1.00     -7.90   22.86     61450.0
 2023 02 26 05 13 00 000   -3.46     0.68     2.82  -459.90      1.00     -7.90   22.86     61450.0
 2023 02 26 05 14 00 000   -3.58     0.79     2.80  -459.90      1.00     -7.90   22.86     61450.0
 2023 02 26 05 15 00 000   -3.58     0.80     2.80  -459.90      1.00     -7.90   22.86     61450.0
 2023 02 26 05 16 00 000   -3.50     0.80     2.63  -459.90      1.00     -7.90   22.86     61450.0
 2023 02 26 05 18 00 000   -3.08     0.67     2.80  -459.90      1.00     -7.90   22.86     61450.0
 2023 02 26 05 19 00 000   -3.25     0.88     3.44  -459.90      1.00     -7.90   22.86     61450.0
 2023 02 26 05 20 00 000   -3.25     0.88     3.44  -459.90      1.00     -7.90   22.86     61450.0
 2023 02 26 05 21 00 000   -3.26     1.12     3.50  -459.90      1.00     -7.90   22.86     61450.0
 2023 02 26 05 23 00 000   -3.45     0.93     3.24  -459.30      0.50    -14.50   25.47     77843.0
 2023 02 26 05 24 00 000   -4.03     0.85     3.23  -459.30      0.50    -14.50   25.47     77843.0
 2023 02 26 05 25 00 000   -4.10     0.50     2.94  -459.30      0.50    -14.50   25.47     77843.0
 2023 02 26 05 26 00 000   -4.70     0.74     3.41  -458.30      5.40    -13.40   24.89     70680.0
 2023 02 26 05 27 00 000   -4.12     0.69     3.15  -458.30      5.40    -13.40   24.89     70680.0
 2023 02 26 05 28 00 000   -3.86     0.19     3.36  -458.30      5.40    -13.40   24.89     70680.0
 2023 02 26 05 29 00 000   -3.77     0.16     3.41  -460.30      3.10    -18.30   24.71     77063.0
 2023 02 26 05 30 00 000   -3.59     0.18     3.14  -460.30      3.10    -18.30   24.71     77063.0
 2023 02 26 05 31 00 000   -3.00    -0.27     3.00  -460.30      2.30    -17.90   24.84     74919.0
 2023 02 26 05 32 00 000   -3.50     0.32     3.05  -460.30      2.30    -17.90   24.84     74919.0
 2023 02 26 05 33 00 000   -3.74     0.30     3.84  -460.30      2.30    -17.90   24.84     74919.0
 2023 02 26 05 34 00 000   -4.09     0.25     3.43  -462.10     -2.50    -16.70   25.14     86857.0
 2023 02 26 05 35 00 000   -4.28     0.09     3.28  -462.10     -2.50    -16.70   25.14     86857.0
 2023 02 26 05 36 00 000   -4.19     0.14     3.39  -461.80     -3.10    -21.70   25.22     68872.0
 2023 02 26 05 37 00 000   -4.15    -0.01     3.23  -461.80     -3.10    -21.70   25.22     68872.0
 2023 02 26 05 38 00 000   -4.33     0.35     3.04  -461.80     -3.10    -21.70   25.22     68872.0
 2023 02 26 05 39 00 000   -4.57     0.73     2.97  -463.80     -2.40    -15.90   23.72     62651.0
 2023 02 26 05 40 00 000   -4.22     0.44     3.14  -463.80     -2.40    -15.90   23.72     62651.0
 2023 02 26 05 41 00 000   -3.42     0.30     2.80  -463.80     -2.40    -15.90   23.72     62651.0
 2023 02 26 05 42 00 000   -3.85     0.28     2.99  -464.60      0.30    -14.80   24.72     65725.0
 2023 02 26 05 43 00 000   -4.29     0.46     3.17  -464.60      0.30    -14.80   24.72     65725.0
 2023 02 26 05 44 00 000   -4.29     0.46     3.28  -464.60      0.30    -14.80   24.72     65725.0
 2023 02 26 05 45 00 000   -4.60     0.57     2.82  -461.40      1.10    -10.90   23.91     65366.0
 2023 02 26 05 46 00 000   -4.74     0.78     2.57  -461.40      1.10    -10.90   23.91     65366.0
 2023 02 26 05 47 00 000   -4.07     0.49     2.80  -459.20      0.80    -18.00   25.53     73901.0
 2023 02 26 05 48 00 000   -4.08     0.43     3.11  -459.20      0.80    -18.00   25.53     73901.0
 2023 02 26 05 49 00 000   -4.08     0.69     2.98  -459.20      0.80    -18.00   25.53     73901.0
 2023 02 26 05 50 00 000   -3.85     0.58     2.56  -460.90      1.50    -15.60   26.37     85760.0
 2023 02 26 05 51 00 000   -3.68     0.81     1.59  -460.90      1.50    -15.60   26.37     85760.0
 2023 02 26 05 52 00 000   -4.09     1.20     1.14  -460.90      1.50    -15.60   26.37     85760.0
 2023 02 26 05 53 00 000   -4.05     0.99     0.63  -463.90      3.30    -11.50   25.21    104297.0
 2023 02 26 05 54 00 000   -4.22     1.01     0.79  -463.90      3.30    -11.50   25.21    104297.0
 2023 02 26 05 55 00 000   -4.34     0.74    -0.14  -463.90      3.30    -11.50   25.21    104297.0
 2023 02 26 05 56 00 000   -4.19     0.91    -0.89  -463.20      3.90     -8.70   25.30    105052.0
 2023 02 26 05 57 00 000   -2.88     0.67    -2.89  -463.20      3.90     -8.70   25.30    105052.0
 2023 02 26 05 58 00 000   -2.73     0.98    -2.86  -463.20      3.90     -8.70   25.30    105052.0
 2023 02 26 05 59 00 000   -2.88     1.10    -2.09  -463.20      3.90     -8.70   25.30    105052.0
 2023 02 26 06 00 00 000   -3.06     1.03    -1.39  -464.80      3.60     -5.90   25.93    110671.0
 2023 02 26 06 01 00 000   -2.99     0.91    -2.41  -464.80      3.60     -5.90   25.93    110671.0
 2023 02 26 06 02 00 000   -3.13     1.22    -1.74  -466.30      5.70     -2.80   24.71    107435.0
 2023 02 26 06 03 00 000   -2.93     1.30    -1.77  -466.30      5.70     -2.80   24.71    107435.0
 2023 02 26 06 04 00 000   -2.56     0.79    -2.49  -466.30      5.70     -2.80   24.71    107435.0
 2023 02 26 06 05 00 000   -2.31     0.75    -2.41  -466.30      5.00     -4.10   25.69    109175.0
 2023 02 26 06 06 00 000   -2.50     0.68    -2.07  -466.30      5.00     -4.10   25.69    109175.0
 2023 02 26 06 07 00 000   -3.09     0.88    -1.89  -466.30      5.00     -4.10   25.69    109175.0
 2023 02 26 06 08 00 000   -2.97     0.72    -1.96  -466.70      6.90     -3.70   24.59     97770.0
 2023 02 26 06 09 00 000   -2.95     0.79    -1.93  -466.70      6.90     -3.70   24.59     97770.0
 2023 02 26 06 10 00 000   -2.84     0.65    -2.22  -466.70      6.90     -3.70   24.59     97770.0
 2023 02 26 06 11 00 000   -2.47     0.72    -2.76  -465.40      5.50     -4.80   25.29    109535.0
 2023 02 26 06 12 00 000   -2.53     0.80    -2.62  -465.40      5.50     -4.80   25.29    109535.0
 2023 02 26 06 13 00 000   -2.62     0.86    -2.51  -465.40      5.50     -4.80   25.29    109535.0
 2023 02 26 06 14 00 000   -2.71     0.96    -2.35  -465.10      5.50     -3.70   24.89    108303.0
 2023 02 26 06 15 00 000   -2.82     0.74    -2.07  -465.10      5.50     -3.70   24.89    108303.0
 2023 02 26 06 16 00 000   -2.83     0.75    -1.90  -465.10      5.50     -3.70   24.89    108303.0
 2023 02 26 06 17 00 000   -3.28     0.82    -1.93  -465.40      6.10     -0.40   24.47    101453.0
 2023 02 26 06 18 00 000   -3.90     1.41    -0.19  -465.40      6.10     -0.40   24.47    101453.0
 2023 02 26 06 19 00 000   -4.01     1.36     0.33  -469.50      4.90     -3.80   23.97     95257.0
 2023 02 26 06 20 00 000   -4.21     1.26     0.12  -469.50      4.90     -3.80   23.97     95257.0
 2023 02 26 06 21 00 000   -4.39     0.65     0.04  -469.50      4.90     -3.80   23.97     95257.0
 2023 02 26 06 22 00 000   -4.17     0.41     0.45  -470.80      5.10     -1.30   23.96     88192.0
 2023 02 26 06 23 00 000   -3.72     1.09     0.32  -470.80      5.10     -1.30   23.96     88192.0
 2023 02 26 06 24 00 000   -3.65     1.25     0.52  -470.80      5.10     -1.30   23.96     88192.0
 2023 02 26 06 25 00 000   -3.66     0.90     0.49  -468.10      5.10     -8.60   26.98    105657.0
 2023 02 26 06 26 00 000   -3.74     1.03     0.39  -468.10      5.10     -8.60   26.98    105657.0
 2023 02 26 06 27 00 000   -3.84     1.17    -0.06  -468.10      5.10     -8.60   26.98    105657.0
 2023 02 26 06 28 00 000   -3.80     1.30    -0.40  -466.80      4.20     -0.80   23.74     88701.0
 2023 02 26 06 29 00 000   -3.86     1.05    -0.22  -466.80      4.20     -0.80   23.74     88701.0
 2023 02 26 06 30 00 000   -3.84     0.92    -0.17  -466.80      4.20     -0.80   23.74     88701.0
 2023 02 26 06 31 00 000   -3.79     1.00    -0.12  -467.40      4.00     -1.00   23.69     88932.0
 2023 02 26 06 32 00 000   -3.74     0.94    -0.14  -467.40      4.00     -1.00   23.69     88932.0
 2023 02 26 06 33 00 000   -3.83     0.88     0.04  -467.40      4.00     -1.00   23.69     88932.0
 2023 02 26 06 34 00 000   -3.84     1.04    -0.21  -467.10      5.00     -0.60   23.71     87776.0
 2023 02 26 06 35 00 000   -4.06     1.04    -0.36  -467.10      5.00     -0.60   23.71     87776.0
 2023 02 26 06 36 00 000   -3.96     0.97    -0.38  -467.10      5.00     -0.60   23.71     87776.0
 2023 02 26 06 37 00 000   -3.88     1.00    -0.46  -467.10      5.00     -0.60   23.71     87776.0
 2023 02 26 06 38 00 000   -3.73     0.81    -0.43  -467.00      4.40      0.00   23.84     88376.0
 2023 02 26 06 39 00 000   -3.76     0.60    -0.62  -467.00      4.40      0.00   23.84     88376.0
 2023 02 26 06 40 00 000   -3.68     0.57    -0.49  -467.00      4.40      0.00   23.84     88376.0
 2023 02 26 06 41 00 000   -3.64     1.19    -0.60  -466.50      4.80      0.00   23.96     84263.0
 2023 02 26 06 42 00 000   -3.50     1.31    -0.66  -466.50      4.80      0.00   23.96     84263.0
 2023 02 26 06 43 00 000   -3.69     0.95    -0.51  -466.50      4.80      0.00   23.96     84263.0
 2023 02 26 06 44 00 000   -3.70     0.76    -0.66  -466.90      3.90     -0.60   24.33     90143.0
 2023 02 26 06 45 00 000   -3.65     0.59    -0.85  -466.90      3.90     -0.60   24.33     90143.0
 2023 02 26 06 46 00 000   -3.61     0.72    -0.92  -466.90      3.90     -0.60   24.33     90143.0
 2023 02 26 06 47 00 000   -3.72     0.55    -0.91  -465.80      5.50     -1.10   24.47     88192.0
 2023 02 26 06 48 00 000   -3.94     0.44    -0.85  -465.80      5.50     -1.10   24.47     88192.0
 2023 02 26 06 49 00 000   -4.05     0.51    -0.79  -465.80      5.50     -1.10   24.47     88192.0
 2023 02 26 06 50 00 000   -3.57     0.71    -0.21  -466.50      5.00      1.10   24.41     85396.0
 2023 02 26 06 51 00 000   -3.62     0.72    -0.32  -466.50      5.00      1.10   24.41     85396.0
 2023 02 26 06 52 00 000   -3.56     0.81    -0.41  -466.50      5.00      1.10   24.41     85396.0
 2023 02 26 06 53 00 000   -3.35     1.07    -0.47  -466.50      5.00      1.10   24.41     85396.0
 2023 02 26 06 54 00 000   -3.12     1.02    -0.28  -465.00      4.20     -2.30   26.29    104347.0
 2023 02 26 06 55 00 000   -3.20     1.34    -0.37  -465.00      4.20     -2.30   26.29    104347.0
 2023 02 26 06 56 00 000   -3.50     1.36    -0.76  -465.00      4.20     -2.30   26.29    104347.0
 2023 02 26 06 57 00 000   -3.63     1.48    -0.58  -465.80      2.70      0.80   24.05     94204.0
 2023 02 26 06 58 00 000   -3.74     1.60    -0.33  -465.80      2.70      0.80   24.05     94204.0
 2023 02 26 06 59 00 000   -4.17     1.76    -0.14  -465.80      2.70      0.80   24.05     94204.0
 2023 02 26 07 00 00 000   -4.13     2.00     0.04  -463.20      1.40     -4.20   26.18    110257.0
 2023 02 26 07 01 00 000   -4.44     2.09     0.07  -463.20      1.40     -4.20   26.18    110257.0
 2023 02 26 07 02 00 000   -4.77     1.69     0.15  -463.20      1.40     -4.20   26.18    110257.0
 2023 02 26 07 03 00 000   -4.70     1.54     0.31  -462.10      1.10     -4.70   25.30    114586.0
 2023 02 26 07 04 00 000   -4.70     1.13     0.72  -462.10      1.10     -4.70   25.30    114586.0
 2023 02 26 07 05 00 000   -4.54     0.66     0.90  -462.10      1.10     -4.70   25.30    114586.0
 2023 02 26 07 06 00 000   -4.43     0.65     1.05  -463.20      2.40     -6.10   26.02    115325.0
 2023 02 26 07 07 00 000   -4.34     0.79     1.15  -463.20      2.40     -6.10   26.02    115325.0
 2023 02 26 07 08 00 000   -4.24     0.84     1.09  -463.20      2.40     -6.10   26.02    115325.0
 2023 02 26 07 09 00 000   -3.86     1.09     1.06  -463.20      2.40     -6.10   26.02    115325.0
 2023 02 26 07 10 00 000   -3.95     0.98     1.10  -462.10      0.10     -5.60   25.43    107078.0
 2023 02 26 07 11 00 000   -3.93     0.64     1.04  -462.10      0.10     -5.60   25.43    107078.0
 2023 02 26 07 12 00 000   -3.52     0.57     1.60  -462.10      0.10     -5.60   25.43    107078.0
 2023 02 26 07 13 00 000   -4.02    -0.28     1.67  -458.90      2.00     -8.90   25.62    109330.0
 2023 02 26 07 14 00 000   -4.10    -0.63     1.26  -458.90      2.00     -8.90   25.62    109330.0
 2023 02 26 07 15 00 000   -3.94    -0.56     1.76  -458.90      2.00     -8.90   25.62    109330.0
 2023 02 26 07 16 00 000   -3.50    -0.27     1.94  -458.90      2.00     -8.90   25.62    109330.0
 2023 02 26 07 17 00 000   -1.59     0.34     2.93  -459.50      1.60     -5.40   25.56    109330.0
 2023 02 26 07 18 00 000   -1.41     0.13     2.74  -460.40      2.30     -3.80   26.09     98611.0
 2023 02 26 07 19 00 000   -3.34    -1.30     1.48  -462.50      3.90      0.30   27.39     72219.0
 2023 02 26 07 20 00 000   -1.07     0.11     2.90  -461.50      2.20     -2.60   26.53     94453.0
 2023 02 26 07 21 00 000   -0.80     1.14     3.51  -462.00      2.30     -1.40   27.18     98608.0
 2023 02 26 07 22 00 000   -0.03     1.46     4.17  -463.70      2.60      2.90   28.94     79547.0
 2023 02 26 07 23 00 000   -2.03     0.51     2.99  -462.80      2.30      3.10   28.24     73162.0
 2023 02 26 07 24 00 000   -0.18     0.99     3.38  -461.40      4.60      3.90   27.33     69458.0
 2023 02 26 07 25 00 000   -0.67     0.87     3.42  -463.80      0.60      2.50   27.74     73742.0
 2023 02 26 07 26 00 000   -1.66    -0.40     2.27  -463.60     -3.90     -2.30   27.31    105462.0
 2023 02 26 07 27 00 000   -0.23     0.90     3.55  -463.70     -2.60     -1.60   27.35     99322.0
 2023 02 26 07 28 00 000    1.00     1.97     4.78  -464.10      2.60      1.40   27.96     70634.0
 2023 02 26 07 29 00 000    1.25     1.90     4.52  -462.80      2.20      1.00   27.11     70095.0
 2023 02 26 07 30 00 000    1.02     2.12     4.26  -463.40      0.10      0.10   27.17     77112.0
 2023 02 26 07 31 00 000    0.58     2.06     3.95  -463.00      3.00     -1.10   26.33     65368.0
 2023 02 26 07 32 00 000    0.47     1.61     3.67  -463.40      1.70     -2.90   27.84     94452.0
 2023 02 26 07 33 00 000   -0.47     0.01     2.83  -463.40      1.50     -3.00   28.00     97382.0
 2023 02 26 07 34 00 000   -1.38    -0.12     2.66  -463.90      0.30     -1.50   27.98     89913.0
 2023 02 26 07 35 00 000   -3.52    -0.28     4.39  -463.90     -0.00      2.40   28.04     82538.0
 2023 02 26 07 36 00 000   -1.67     0.63     3.92  -465.70     -0.50      4.20   27.35     75803.0
 2023 02 26 07 37 00 000   -1.90     0.65     4.03  -465.80     -1.40      0.50   27.02     77655.0
 2023 02 26 07 38 00 000   -2.57    -0.48     3.26  -457.90     -3.90      0.30   23.44     76063.0
 2023 02 26 07 39 00 000   -2.11     0.48     3.49  -457.70     -4.10      0.90   23.20     74165.0
 2023 02 26 07 40 00 000   -2.21     1.10     3.98  -463.60     -0.60      5.90   26.90     69118.0
 2023 02 26 07 41 00 000   -3.03     0.68     4.44  -463.60     -0.60      5.90   26.90     69118.0
 2023 02 26 07 42 00 000   -1.20     0.10     1.87  -459.70     -2.00     -1.60   26.66     80028.0
 2023 02 26 07 43 00 000   -0.12    -0.32     0.26  -460.50     -1.10     -0.90   26.95     79008.0
 2023 02 26 07 44 00 000    0.14    -0.63    -0.37  -460.90     -0.40     -1.50   26.83     89959.0
 2023 02 26 07 45 00 000   -0.95     0.75    -0.08  -461.10     -0.80     -3.10   27.35     94820.0
 2023 02 26 07 46 00 000    0.62     0.37    -1.50  -458.40     -1.10     -5.40   28.24     91897.0
 2023 02 26 07 47 00 000    0.40    -0.48    -0.36  -443.20    -12.70     -8.50   25.80     90470.0
 2023 02 26 07 48 00 000   -0.72     0.34     0.82  -438.10    -16.90     -8.10   25.25     89161.0
 2023 02 26 07 49 00 000    3.07    -0.61    -3.56  -446.10    -12.60    -10.20   25.98     85587.0
 2023 02 26 07 50 00 000    3.23    -0.53    -3.10  -452.00     -6.80     -6.40   26.54     83628.0
 2023 02 26 07 51 00 000    3.63     0.49    -4.19  -449.60     -7.80     -6.70   26.77     88633.0
 2023 02 26 07 52 00 000   -0.30     1.03     0.24  -463.00      1.40      4.50   26.72     75101.0
 2023 02 26 07 53 00 000   -0.10     0.34     0.04  -463.70      1.80      5.00   26.71     74282.0
 2023 02 26 07 54 00 000    3.37     0.53    -4.86  -445.00     -7.30     -7.90   27.50     85442.0
 2023 02 26 07 55 00 000   -1.14     0.25     0.92  -445.00     -7.30     -7.90   27.50     85442.0
 2023 02 26 07 56 00 000    2.46    -0.63    -3.51  -445.00     -7.30     -7.90   27.50     85442.0
 2023 02 26 07 57 00 000    2.53    -2.84    -3.23  -445.00     -7.30     -7.90   27.50     85442.0
 2023 02 26 07 58 00 000   -0.66    -0.82     0.48  -441.00    -14.20    -10.50   24.80     82869.0
 2023 02 26 07 59 00 000    3.65    -2.17    -4.55  -441.00    -14.20    -10.50   24.80     82869.0
 2023 02 26 08 00 00 000   -2.34    -0.04     2.75  -463.20     -1.50      3.50   26.98     70144.0
 2023 02 26 08 01 00 000    0.37    -0.55    -0.00  -463.10     -0.60      3.60   27.26     71999.0
 2023 02 26 08 02 00 000   -2.78     1.39     4.44  -465.30      4.70      4.90   26.86     84142.0
 2023 02 26 08 03 00 000   -2.63     0.86     4.54  -466.00      4.40      5.20   26.24     82553.0
 2023 02 26 08 04 00 000   -2.92     1.20     4.62  -464.30      4.20      4.90   26.66     77160.0
 2023 02 26 08 05 00 000   -1.36     0.44     3.11  -463.20      5.00      3.80   26.86     74323.0
 2023 02 26 08 06 00 000   -0.78     0.27     2.52  -465.00      5.00      4.90   25.07     78884.0
 2023 02 26 08 07 00 000   -0.87     0.27     2.61  -465.20      4.70      5.20   24.75     79282.0
 2023 02 26 08 08 00 000   -0.49    -0.33     1.57  -465.20      4.70      5.20   24.75     79282.0
 2023 02 26 08 09 00 000    3.42    -1.81    -2.82  -465.20      4.70      5.20   24.75     79282.0
 2023 02 26 08 10 00 000    2.43    -1.51    -1.73  -440.40     -6.00    -11.90   25.10     89211.0
 2023 02 26 08 11 00 000   -2.12     0.21     3.38  -450.70     -1.90     -6.60   25.96     82114.0
 2023 02 26 08 12 00 000    4.78    -1.63    -4.16  -462.50      2.80     -0.60   26.94     73943.0
 2023 02 26 08 13 00 000    4.93    -1.18    -4.11  -462.50      2.80     -0.60   26.94     73943.0
 2023 02 26 08 14 00 000    4.72    -1.46    -4.15  -462.50      2.80     -0.60   26.94     73943.0
 2023 02 26 08 15 00 000    4.63    -1.79    -3.99  -434.30    -21.50      3.70   11.47    156990.0
 2023 02 26 08 16 00 000    8.37    -2.67     0.19  -434.30    -21.50      3.70   11.47    156983.0
 2023 02 26 08 17 00 000    5.64     1.17    -4.04  -443.10     -1.40    -20.80   17.74    101031.0
 2023 02 26 08 18 00 000    5.26     2.04    -5.30  -439.50     -6.80    -14.30   14.22    123931.0
 2023 02 26 08 19 00 000    6.75    -3.01    -2.52  -439.50     -6.80    -14.30   14.22    123931.0
 2023 02 26 08 20 00 000    6.09    -0.71    -4.00  -439.50     -6.80    -14.30   14.22    123931.0
 2023 02 26 08 21 00 000    7.73    -1.23    -3.66  -439.50     -6.80    -14.30   14.22    123931.0
 2023 02 26 08 22 00 000    5.64     0.28    -4.59  -453.20     22.10    -46.80   13.14     82959.0
 2023 02 26 08 23 00 000    6.01    -0.02    -4.40  -453.20     22.10    -46.80   13.14     82959.0
 2023 02 26 08 24 00 000    6.01    -0.03    -4.76  -443.00    -13.80    -17.20   11.98    183545.0
 2023 02 26 08 25 00 000    6.01    -0.18    -4.62  -441.70    -11.00    -15.80   15.59    155422.0
 2023 02 26 08 26 00 000    8.50    -1.97    -1.98  -438.40     -4.40    -12.50   24.40     87592.0
 2023 02 26 08 27 00 000    5.84    -2.85    -3.07  -438.40     -4.40    -12.50   24.40     87592.0
 2023 02 26 08 28 00 000    8.32    -0.71    -4.14  -438.40     -4.40    -12.50   24.40     87592.0
 2023 02 26 08 29 00 000    5.54    -2.08    -4.14  -438.40     -4.40    -12.50   24.40     87592.0
 2023 02 26 08 30 00 000    4.46    -1.81    -4.29  -438.40     -4.40    -12.50   24.40     87592.0
 2023 02 26 08 31 00 000    4.63    -2.46    -4.18  -444.60      1.00    -16.20   25.87     88712.0
 2023 02 26 08 32 00 000    4.13    -2.69    -3.96  -449.40     -2.00    -14.70   24.77     98851.0
 2023 02 26 08 33 00 000    4.85    -1.78    -3.61  -443.40     -4.60    -24.10   18.17    139313.0
 2023 02 26 08 34 00 000    4.30    -2.20    -4.09  -443.70     -3.80    -20.60   21.69    117220.0
 2023 02 26 08 35 00 000    5.24    -2.45    -3.47  -447.40      0.60    -13.40   26.86    100885.0
 2023 02 26 08 36 00 000    5.54     1.05    -3.22  -448.00      2.00    -26.20   22.79     77197.0
 2023 02 26 08 37 00 000    6.33     0.39    -3.39  -451.20     11.00    -13.80   25.57     99805.0
 2023 02 26 08 38 00 000    5.41     1.39    -3.98  -447.10     14.60    -18.90   24.05     98101.0
 2023 02 26 08 39 00 000    6.99     0.73    -3.65  -438.40     -2.30    -29.90   17.55    106503.0
 2023 02 26 08 40 00 000    5.55    -1.40    -3.76  -429.40    -25.00    -40.40   10.22    120557.0
 2023 02 26 08 41 00 000    6.08     1.07    -4.56  -453.00      5.40    -29.10   20.25     99153.0
 2023 02 26 08 42 00 000    6.66    -0.21    -3.81  -455.10     10.10    -34.50   16.84    101891.0
 2023 02 26 08 43 00 000    5.78    -0.68    -3.78  -437.40     -0.60    -17.30   26.37     82333.0
 2023 02 26 08 44 00 000    5.68     3.09    -4.96  -437.40     -0.60    -17.30   26.37     82333.0
 2023 02 26 08 45 00 000    7.52     0.26    -3.26  -437.40     -0.60    -17.30   26.37     82333.0
 2023 02 26 08 46 00 000    6.73     1.83    -3.82  -450.70      6.50    -10.40   24.37    119913.0
 2023 02 26 08 47 00 000    6.42     2.35    -4.52  -450.70      6.50    -10.40   24.37    119913.0
 2023 02 26 08 48 00 000    6.81     2.43    -5.08  -450.70     11.80    -32.10   14.90    148718.0
 2023 02 26 08 49 00 000    6.85     2.30    -3.73  -451.30     10.50    -25.70   19.59    123657.0
 2023 02 26 08 50 00 000    6.25     3.37    -5.00  -451.90      8.90    -17.60   25.46     92633.0
 2023 02 26 08 51 00 000    7.00     2.04    -4.16  -451.90      8.90    -17.60   25.46     92633.0
 2023 02 26 08 52 00 000    6.65     2.88    -5.10  -451.90      8.90    -17.60   25.46     92633.0
 2023 02 26 08 53 00 000    6.77     2.28    -4.61  -450.20      9.00    -17.10   26.99     81487.0
 2023 02 26 08 54 00 000    6.66     2.33    -4.56  -448.80      9.70    -32.40   20.83    107924.0
 2023 02 26 08 55 00 000    6.99     1.51    -4.26  -447.70     10.30    -45.40   15.68    130254.0
 2023 02 26 08 56 00 000    6.65     1.73    -4.15  -450.80      1.40    -19.20   23.95     98303.0
 2023 02 26 08 57 00 000    5.92     0.55    -2.96  -449.60     -2.30    -20.70   17.08    119071.0
 2023 02 26 08 58 00 000    3.80    -1.39    -1.30  -474.60     -1.30     -3.20   18.53    161256.0
 2023 02 26 08 59 00 000    2.22    -1.72    -0.60  -472.70     -2.70     -4.10   18.35    153650.0
 2023 02 26 09 00 00 000    4.98    -0.30    -3.29  -454.90      4.30    -17.60   20.84    115237.0
 2023 02 26 09 01 00 000    6.49     0.33    -3.54  -450.00      4.20    -16.50   16.62    121766.0
 2023 02 26 09 02 00 000    3.31    -1.22    -0.10  -465.80      1.80      5.00   16.11    135237.0
 2023 02 26 09 03 00 000    3.95    -0.47    -0.58  -467.60      4.40     -8.30   18.64    127907.0
 2023 02 26 09 04 00 000    4.95    -1.22    -1.54  -467.60      4.40     -8.30   18.64    127907.0
 2023 02 26 09 05 00 000    6.30     0.55    -2.50  -467.60      4.40     -8.30   18.64    127907.0
 2023 02 26 09 06 00 000    6.76     0.73    -4.34  -445.90     12.40    -20.80   21.83    107287.0
 2023 02 26 09 07 00 000    6.52     0.43    -3.93  -455.40      8.20    -19.50   21.00    129209.0
 2023 02 26 09 08 00 000    6.49    -0.19    -3.44  -452.50      7.60    -17.90   22.64    122409.0
 2023 02 26 09 09 00 000    6.31    -0.31    -3.00  -443.60     -7.90    -34.30   13.36    162461.0
 2023 02 26 09 10 00 000    6.73     0.65    -2.69  -443.60     -7.90    -34.30   13.36    162461.0
 2023 02 26 09 11 00 000    6.73     0.56    -3.63  -443.60     -7.90    -34.30   13.36    162461.0
 2023 02 26 09 12 00 000    7.59     0.27    -4.00  -450.30     12.90    -25.60   17.76    123459.0
 2023 02 26 09 13 00 000    7.23     1.27    -3.56  -450.10     13.10    -19.80   19.82    113523.0
 2023 02 26 09 14 00 000    6.43    -0.24    -3.37  -451.50     15.30     -6.10   21.41    114389.0
 2023 02 26 09 15 00 000    5.52    -1.99    -4.16  -459.20      8.20    -14.20   20.07    144580.0
 2023 02 26 09 16 00 000    4.28    -2.74    -3.25  -451.90      2.60    -23.20   18.40    139446.0
 2023 02 26 09 17 00 000    4.79    -2.44    -4.18  -447.90    -13.00    -49.20   13.20    102546.0
 2023 02 26 09 18 00 000    4.34    -2.78    -4.14  -447.90    -13.00    -49.20   13.20    102546.0
 2023 02 26 09 19 00 000    6.03    -2.02    -6.50  -447.90    -13.00    -49.20   13.20    102546.0
 2023 02 26 09 20 00 000    5.81    -2.41    -5.81  -447.90    -13.00    -49.20   13.20    102546.0
 2023 02 26 09 21 00 000    5.15    -2.95    -4.27  -447.90    -13.00    -49.20   13.20    102546.0
 2023 02 26 09 22 00 000    4.02    -3.29    -2.38  -457.20      2.50    -11.30   16.98    136425.0
 2023 02 26 09 23 00 000    3.51    -3.24    -1.72  -469.20      3.90     -5.30   18.43    127949.0
 2023 02 26 09 24 00 000    4.55    -3.54    -3.88  -469.00      4.40     -4.40   17.84    127287.0
 2023 02 26 09 25 00 000    3.81    -3.72    -1.31  -469.00      4.40     -4.40   17.84    127287.0
 2023 02 26 09 26 00 000    5.41    -2.52    -4.39  -469.00      4.40     -4.40   17.84    127287.0
 2023 02 26 09 27 00 000    4.92    -2.87    -3.08  -466.60      4.50    -10.40   17.98    105437.0
 2023 02 26 09 28 00 000    3.65    -3.31    -0.60  -451.40     -1.90    -31.20   16.29     97113.0
 2023 02 26 09 29 00 000    3.60    -3.60    -0.40  -438.80     -7.30    -48.50   14.89     90189.0
 2023 02 26 09 30 00 000    5.00    -2.86    -2.02  -470.10      6.30     -3.20   17.90    119106.0
 2023 02 26 09 31 00 000    4.29    -2.96    -0.05  -470.10      6.30     -3.20   17.90    119106.0
 2023 02 26 09 32 00 000    4.07    -3.09     0.04  -470.10      6.30     -3.20   17.90    119106.0
 2023 02 26 09 33 00 000    4.42    -2.98     0.93  -466.60      3.40      2.40   17.29    154290.0
 2023 02 26 09 34 00 000    3.80    -2.82     1.20  -466.60      3.40      2.40   17.29    154290.0
 2023 02 26 09 35 00 000    2.99    -3.53     0.38  -466.60      3.40      2.40   17.29    154290.0
 2023 02 26 09 36 00 000    2.69    -4.33    -0.61  -466.60      3.40      2.40   17.29    154290.0
 2023 02 26 09 37 00 000    2.63    -4.38    -0.56  -467.90     13.70      0.30   17.80    112594.0
 2023 02 26 09 38 00 000    2.77    -4.64    -0.28  -469.00     12.40     -2.20   17.66    115615.0
 2023 02 26 09 39 00 000    0.88    -3.61     1.67  -469.50     11.90     -2.10   17.46    114031.0
 2023 02 26 09 40 00 000    1.77    -2.58     0.15  -463.10      9.10    -11.10   16.11    152224.0
 2023 02 26 09 41 00 000    3.49    -3.37    -2.78  -462.80      8.90    -11.70   16.03    154657.0
 2023 02 26 09 42 00 000    3.95    -4.09    -2.09  -456.70     21.20    -36.20   10.37    154046.0
 2023 02 26 09 43 00 000    3.52    -7.21    -1.17  -456.70     21.20    -36.20   10.37    154046.0
 2023 02 26 09 44 00 000    2.97    -7.58    -0.11  -456.70     21.20    -36.20   10.37    154046.0
 2023 02 26 09 45 00 000    2.16    -8.04     0.04  -456.70     21.20    -36.20   10.37    154046.0
 2023 02 26 09 46 00 000    1.77    -7.81     1.42  -456.70     21.20    -36.20   10.37    154046.0
 2023 02 26 09 47 00 000    1.25    -7.81     2.51  -482.80    -18.60     12.10    5.57    170972.0
 2023 02 26 09 48 00 000    1.35    -8.34     1.18  -482.80    -18.60     12.10    5.57    170972.0
 2023 02 26 09 49 00 000   -0.42    -7.30     4.54  -482.80    -18.60     12.10    5.57    170972.0
 2023 02 26 09 50 00 000   -0.44    -7.61     3.88  -482.80    -18.60     12.10    5.57    170972.0
 2023 02 26 09 51 00 000   -0.40    -7.55     4.02  -482.80    -18.60     12.10    5.57    170972.0
 2023 02 26 09 52 00 000   -0.66    -7.54     3.85  -493.00     39.30     -6.10    4.76    197255.0
 2023 02 26 09 53 00 000   -0.70    -7.77     3.62  -493.00     39.30     -6.10    4.76    197255.0
 2023 02 26 09 54 00 000   -0.28    -8.01     2.68  -493.00     39.30     -6.10    4.76    197255.0
 2023 02 26 09 55 00 000   -0.04    -7.99     2.81  -490.50     31.90    -14.00    4.37    190270.0
 2023 02 26 09 56 00 000    0.01    -8.11     2.66  -490.50     31.90    -14.00    4.37    190270.0
 2023 02 26 09 57 00 000   -0.27    -8.16     2.64  -495.40     27.10    -12.20    4.58    176614.0
 2023 02 26 09 58 00 000   -0.11    -8.09     2.93  -495.40     27.10    -12.20    4.58    176614.0
 2023 02 26 09 59 00 000   -0.11    -8.11     2.98  -495.40     27.10    -12.20    4.58    176614.0
 2023 02 26 10 00 00 000    0.01    -8.18     3.21  -495.40     27.10    -12.20    4.58    176614.0
 2023 02 26 10 01 00 000    0.12    -8.28     3.23  -496.10     27.30     -6.30    4.06    199333.0
 2023 02 26 10 02 00 000    0.44    -8.18     3.27  -496.10     27.30     -6.30    4.06    199333.0
 2023 02 26 10 03 00 000    0.56    -8.22     3.15  -496.10     27.30     -6.30    4.06    199333.0
 2023 02 26 10 04 00 000    1.03    -8.28     2.61  -496.10     27.30     -6.30    4.06    199333.0
 2023 02 26 10 05 00 000    0.54    -8.54     2.01  -490.30     24.80    -17.00    4.59    212389.0
 2023 02 26 10 06 00 000    0.78    -8.15     3.56  -490.30     24.80    -17.00    4.59    212389.0
 2023 02 26 10 07 00 000    0.58    -8.16     3.61  -490.30     24.80    -17.00    4.59    212389.0
 2023 02 26 10 08 00 000    0.64    -7.75     4.54  -490.30     24.80    -17.00    4.59    212389.0
 2023 02 26 10 09 00 000    0.37    -7.92     4.36  -490.90     24.10    -11.50    4.05    183146.0
 2023 02 26 10 10 00 000    0.51    -7.85     4.37  -490.90     24.10    -11.50    4.05    183146.0
 2023 02 26 10 11 00 000    0.78    -8.03     3.55  -490.90     24.10    -11.50    4.05    183146.0
 2023 02 26 10 12 00 000    0.84    -8.01     3.61  -488.20     25.80    -12.50    4.54    186288.0
 2023 02 26 10 13 00 000    0.46    -8.01     3.69  -488.20     25.80    -12.50    4.54    186288.0
 2023 02 26 10 14 00 000   -0.13    -8.82     1.07  -493.60     24.10    -16.40    4.29    148360.0
 2023 02 26 10 15 00 000    0.46    -8.86     1.00  -493.40     23.50    -16.80    4.29    150258.0
 2023 02 26 10 16 00 000    0.82    -8.94     1.82  -492.60     21.60    -18.00    4.31    156744.0
 2023 02 26 10 17 00 000    0.90    -8.65     2.51  -493.70     23.50    -13.30    4.12    148558.0
 2023 02 26 10 18 00 000    0.32    -8.52     2.84  -493.70     23.50    -13.20    4.12    148383.0
 2023 02 26 10 19 00 000    0.65    -8.36     2.91  -495.50     25.40    -12.90    4.00    144550.0
 2023 02 26 10 20 00 000    0.55    -8.32     2.79  -493.70     22.50     -7.10    4.28    149342.0
 2023 02 26 10 21 00 000    0.48    -8.59     1.99  -499.00     20.50    -14.90    4.26    162277.0
 2023 02 26 10 22 00 000    1.06    -8.39     2.30  -504.40     21.00    -15.80    4.05    174269.0
 2023 02 26 10 23 00 000   -0.04    -7.48     3.34  -514.20     26.90    -11.10    4.18    164916.0
 2023 02 26 10 24 00 000   -1.29    -7.69     2.67  -519.20     30.90    -12.90    4.18    169427.0
 2023 02 26 10 25 00 000   -1.12    -7.88     2.44  -519.90     30.30    -15.00    3.96    167879.0
 2023 02 26 10 26 00 000   -0.66    -7.89     2.39  -514.90     24.10    -11.50    3.99    164165.0
 2023 02 26 10 27 00 000   -0.47    -7.74     2.74  -516.30     28.20    -11.40    3.97    177245.0
 2023 02 26 10 28 00 000   -0.30    -7.80     2.14  -515.70     25.00    -13.10    3.94    177214.0
 2023 02 26 10 29 00 000    0.55    -7.79     1.91  -517.70     24.90    -14.80    3.87    163510.0
 2023 02 26 10 30 00 000    5.22    -4.08     0.24  -504.70     27.40    -13.70    4.11    230684.0
 2023 02 26 10 31 00 000    6.16    -3.63     0.61  -501.90     18.80    -12.10    3.66    177579.0
 2023 02 26 10 32 00 000    3.79    -4.87     1.13  -508.30     21.30    -10.00    3.70    152920.0
 2023 02 26 10 33 00 000    5.19    -3.71    -0.20  -503.10     17.10     -9.90    3.83    161117.0
 2023 02 26 10 34 00 000    1.78    -5.34     1.16  -495.90     19.80    -16.40    4.10    192343.0
 2023 02 26 10 35 00 000    5.40    -3.90    -0.71  -518.10     28.50    -11.00    4.20    162141.0
 2023 02 26 10 36 00 000    7.28    -3.06    -1.72  -487.10     16.40    -21.60    4.32    200438.0
 2023 02 26 10 37 00 000    7.51    -2.84    -1.53  -486.20     21.20    -26.70    4.43    203848.0
 2023 02 26 10 38 00 000    7.44    -2.50    -1.72  -484.50     39.40    -32.80    4.69    230242.0
 2023 02 26 10 40 00 000    7.73    -1.94    -1.84  -484.50     39.40    -32.80    4.69    230242.0
 2023 02 26 10 41 00 000    7.56    -2.29    -1.92  -484.50     39.40    -32.80    4.69    230242.0
 2023 02 26 10 42 00 000    7.52    -2.29    -2.09  -484.50     39.40    -32.80    4.69    230242.0
 2023 02 26 10 43 00 000    7.74    -1.63    -1.93  -479.00     43.00    -34.20    4.56    216785.0
 2023 02 26 10 44 00 000    7.82    -0.89    -2.53  -478.50     43.70    -33.80    4.52    204757.0
 2023 02 26 10 45 00 000    7.72    -0.94    -2.75  -476.40     43.30    -33.70    4.26    144476.0
 2023 02 26 10 46 00 000    7.22    -1.48    -3.51  -478.30     38.80    -36.20    4.38    149379.0
 2023 02 26 10 47 00 000    6.44    -4.28    -1.91  -480.00     37.40    -37.70    4.57    164853.0
 2023 02 26 10 48 00 000    5.45    -5.36    -0.35  -493.90     12.80     -7.40    4.35    155453.0
 2023 02 26 10 49 00 000    5.96    -5.33    -0.25  -489.90     17.20     -9.70    4.15    158967.0
 2023 02 26 10 50 00 000    6.14    -5.17    -0.57  -486.60     20.90    -11.60    4.00    161933.0
 2023 02 26 10 51 00 000    6.27    -5.55     0.22  -486.60     20.90    -11.60    4.00    161933.0
 2023 02 26 10 52 00 000    6.40    -5.34     0.13  -486.60     20.90    -11.60    4.00    161933.0
 2023 02 26 10 53 00 000    6.45    -5.25     0.14  -490.40      2.60     -1.60    4.16    116756.0
 2023 02 26 10 54 00 000    6.16    -5.46     0.10  -490.40      2.60     -1.60    4.16    116756.0
 2023 02 26 10 55 00 000    6.14    -5.58     0.10  -490.40      2.60     -1.60    4.16    116756.0
 2023 02 26 10 56 00 000    6.03    -5.71     0.14  -490.70      9.80     -2.10    4.01    114850.0
 2023 02 26 10 57 00 000    6.13    -5.69     0.24  -490.70      9.80     -2.10    4.01    114850.0
 2023 02 26 10 59 00 000    5.26    -6.18     1.09  -495.40     14.50     -9.60    4.46    162963.0
 2023 02 26 11 00 00 000    5.40    -6.00     0.81  -494.60     13.70     -8.70    4.44    160342.0
 2023 02 26 11 01 00 000    4.51    -6.51     1.82  -490.20     10.40     -4.60    4.29    144370.0
 2023 02 26 11 02 00 000    4.83    -6.36     1.82  -489.60     14.80    -10.40    4.15    143016.0
 2023 02 26 11 03 00 000    3.79    -6.78     2.47  -488.00     13.90    -11.80    4.22    145759.0
 2023 02 26 11 04 00 000    4.51    -6.64     2.11  -488.00     13.90    -11.80    4.22    145759.0
 2023 02 26 11 05 00 000    4.85    -6.40     2.22  -493.70      9.40    -15.30    3.98    153131.0
 2023 02 26 11 06 00 000    5.11    -6.45     1.99  -491.20      8.60    -11.90    3.93    142614.0
 2023 02 26 11 07 00 000    4.84    -6.65     1.87  -488.60      7.70     -8.50    3.88    132000.0
 2023 02 26 11 08 00 000    4.53    -6.82     1.72  -488.60      7.70     -8.50    3.88    132000.0
 2023 02 26 11 09 00 000    4.83    -6.68     1.56  -489.80      4.90     -7.20    3.86    144846.0
 2023 02 26 11 10 00 000    4.93    -6.59     1.76  -489.80      4.90     -7.20    3.86    144846.0
 2023 02 26 11 11 00 000    4.86    -6.78     1.74  -489.80      4.90     -7.20    3.86    144846.0
 2023 02 26 11 12 00 000    4.92    -6.79     1.80  -489.30     10.30     -5.30    3.74    134157.0
 2023 02 26 11 13 00 000    4.94    -6.77     1.80  -489.30     10.30     -5.30    3.74    134157.0
 2023 02 26 11 14 00 000    4.81    -6.89     1.77  -489.30     10.30     -5.30    3.74    134157.0
 2023 02 26 11 15 00 000    4.74    -6.94     1.76  -491.20      7.60     -6.30    3.70    145201.0
 2023 02 26 11 16 00 000    4.86    -6.79     1.74  -491.20      7.60     -6.30    3.70    145201.0
 2023 02 26 11 17 00 000    5.03    -6.71     1.63  -491.20      7.60     -6.30    3.70    145201.0
 2023 02 26 11 18 00 000    5.07    -6.66     1.64  -488.40     11.30     -8.70    3.94    153741.0
 2023 02 26 11 19 00 000    5.00    -6.77     1.60  -488.40     11.30     -8.70    3.94    153741.0
 2023 02 26 11 20 00 000    4.85    -6.81     1.64  -488.40     11.30     -8.70    3.94    153741.0
 2023 02 26 11 21 00 000    4.82    -6.98     1.56  -488.40     11.30     -8.70    3.94    153741.0
 2023 02 26 11 22 00 000    4.66    -6.99     1.98  -488.90      9.20      0.20    3.74    148300.0
 2023 02 26 11 23 00 000    4.79    -6.85     1.74  -488.90      9.20      0.20    3.74    148300.0
 2023 02 26 11 24 00 000    4.46    -6.87     1.64  -492.60     11.90     -6.80    3.82    173360.0
 2023 02 26 11 25 00 000    4.29    -6.96     1.57  -492.60     11.90     -6.80    3.82    173360.0
 2023 02 26 11 26 00 000    4.43    -6.91     1.16  -493.00     11.20     -7.10    3.88    176339.0
 2023 02 26 11 27 00 000    4.34    -6.97     0.83  -494.00      9.70     -7.70    4.02    182746.0
 2023 02 26 11 28 00 000    3.45    -7.24     1.28  -494.00      9.70     -7.70    4.02    182746.0
 2023 02 26 11 29 00 000    4.28    -6.22    -1.88  -493.40     25.10    -38.50    4.05    192994.0
 2023 02 26 11 30 00 000    4.19    -6.95     1.31  -493.40     25.10    -38.50    4.05    192994.0
 2023 02 26 11 31 00 000    3.89    -7.15     1.40  -493.40     25.10    -38.50    4.05    192994.0
 2023 02 26 11 32 00 000    3.89    -6.85     1.88  -494.60     14.30    -12.50    4.13    176679.0
 2023 02 26 11 33 00 000    3.93    -7.08     1.34  -494.60     14.30    -12.50    4.13    176679.0
 2023 02 26 11 34 00 000    3.66    -7.20     0.20  -491.50     11.80    -16.70    4.36    225342.0
 2023 02 26 11 35 00 000    4.41    -6.46    -1.11  -491.50     11.80    -16.70    4.36    225342.0
 2023 02 26 11 36 00 000    3.18    -7.69    -0.54  -495.90     13.30    -14.70    4.11    192712.0
 2023 02 26 11 37 00 000    3.39    -7.39     1.03  -498.60     14.30    -13.40    3.96    172261.0
 2023 02 26 11 38 00 000    3.81    -6.81     1.97  -497.00     -1.60     -9.70    4.43    208889.0
 2023 02 26 11 39 00 000    3.35    -7.55     1.23  -496.20     -9.60     -7.80    4.68    227266.0
 2023 02 26 11 40 00 000    3.80    -7.40     1.07  -496.20     -9.60     -7.80    4.68    227266.0
 2023 02 26 11 41 00 000    3.18    -7.62    -0.76  -486.70      7.40    -27.70    4.23    185014.0
 2023 02 26 11 42 00 000    2.94    -7.99    -0.45  -486.70      7.40    -27.70    4.23    185014.0
 2023 02 26 11 43 00 000    2.36    -8.08    -0.67  -492.00     14.40    -27.90    4.09    171938.0
 2023 02 26 11 44 00 000    2.90    -7.77    -0.86  -492.00     14.40    -27.90    4.09    171938.0
 2023 02 26 11 45 00 000    4.04    -7.09     0.70  -492.00     14.40    -27.90    4.09    171938.0
 2023 02 26 11 46 00 000    3.39    -6.35     2.21  -488.80     12.80    -14.30    4.51    193747.0
 2023 02 26 11 47 00 000    4.13    -6.81     0.90  -488.80     12.80    -14.30    4.51    193747.0
 2023 02 26 11 48 00 000    3.25    -6.60     1.86  -488.80     12.80    -14.30    4.51    193747.0
 2023 02 26 11 49 00 000    3.93    -7.41     0.86  -480.50     13.10    -16.40    4.20    203882.0
 2023 02 26 11 50 00 000    3.08    -6.86     1.82  -482.70     15.10    -18.30    4.45    220948.0
 2023 02 26 11 51 00 000    2.80    -7.43     1.66  -482.70     15.10    -18.30    4.45    220948.0
 2023 02 26 11 52 00 000    2.11    -6.82     2.57  -497.40     47.30    -20.50    4.73    166880.0
 2023 02 26 11 53 00 000    3.22    -7.82     1.27  -497.40     47.30    -20.50    4.73    166880.0
 2023 02 26 11 54 00 000    3.31    -6.87     1.93  -497.40     47.30    -20.50    4.73    166880.0
 2023 02 26 11 55 00 000    2.80    -7.65     1.59  -508.30     55.20     -5.80    4.88    230914.0
 2023 02 26 11 56 00 000    1.73    -6.04     3.29  -508.30     55.20     -5.80    4.88    230914.0
 2023 02 26 11 57 00 000    2.79    -7.59     1.44  -498.70     45.20    -18.60    5.14    179837.0
 2023 02 26 11 58 00 000    3.47    -7.58     1.06  -495.70     41.20    -20.80    5.08    170562.0
 2023 02 26 11 59 00 000    2.86    -6.92     2.08  -481.50     16.30    -17.60    3.84    175699.0
 2023 02 26 12 00 00 000    1.73    -6.35     3.47  -479.20     15.40    -13.50    3.88    184896.0
 2023 02 26 12 01 00 000    0.67    -5.95     4.14  -478.90     15.30    -13.00    3.88    185952.0
 2023 02 26 12 02 00 000    4.64    -4.80     2.43  -478.90     15.30    -13.00    3.88    185952.0
 2023 02 26 12 03 00 000    1.90    -3.29     4.73  -474.30     37.90     -8.50    4.84    231288.0
 2023 02 26 12 04 00 000    2.44    -5.35     3.28  -474.30     37.90     -8.50    4.84    231288.0
 2023 02 26 12 05 00 000    1.38    -4.03     4.62  -503.10     38.20    -15.90    4.44    140032.0
 2023 02 26 12 06 00 000    2.01    -4.79     3.80  -503.10     38.20    -15.90    4.44    140032.0
 2023 02 26 12 07 00 000    1.70    -5.55     3.32  -503.10     38.20    -15.90    4.44    140032.0
 2023 02 26 12 08 00 000    1.67    -4.81     4.40  -503.10     38.20    -15.90    4.44    140032.0
 2023 02 26 12 09 00 000    1.79    -4.85     3.93  -496.50     56.40    -16.30    4.57    171993.0
 2023 02 26 12 10 00 000    1.85    -3.23     5.07  -482.50     41.50    -19.40    4.81    196631.0
 2023 02 26 12 11 00 000    5.07    -5.21     1.32  -477.00     35.60    -20.70    4.91    206410.0
 2023 02 26 12 12 00 000    4.97    -5.35     0.95  -477.00     35.60    -20.70    4.91    206410.0
 2023 02 26 12 13 00 000    5.03    -5.34     0.58  -477.00     35.60    -20.70    4.91    206410.0
 2023 02 26 12 14 00 000    4.43    -5.97     0.95  -477.00     35.60    -20.70    4.91    206410.0
 2023 02 26 12 15 00 000    4.39    -6.19     0.88  -477.00     35.60    -20.70    4.91    206410.0
 2023 02 26 12 16 00 000    4.73    -5.98     0.97  -482.50     33.70    -20.20    4.99    213035.0
 2023 02 26 12 17 00 000    4.48    -6.15     0.73  -482.50     33.70    -20.20    4.99    213035.0
 2023 02 26 12 18 00 000    4.48    -6.15     0.73  -482.50     33.70    -20.20    4.99    213035.0
 2023 02 26 12 19 00 000    3.91    -6.51     0.39  -482.50     33.70    -20.20    4.99    213035.0
 2023 02 26 12 20 00 000    3.48    -6.78     0.11  -482.50     33.70    -20.20    4.99    213035.0
 2023 02 26 12 21 00 000    5.51    -4.46     1.92  -482.50     33.70    -20.20    4.99    213035.0
 2023 02 26 12 22 00 000    4.63    -5.70     0.76  -482.50     33.70    -20.20    4.99    213035.0
 2023 02 26 12 23 00 000    4.63    -5.70     0.76  -474.60     40.90    -18.30    5.24    246493.0
 2023 02 26 12 24 00 000    5.16    -5.47     0.83  -474.60     40.90    -18.30    5.24    246493.0
 2023 02 26 12 25 00 000    4.77    -5.84     0.54  -474.60     40.90    -18.30    5.24    246493.0
 2023 02 26 12 26 00 000    5.98    -4.75     1.85  -474.60     40.90    -18.30    5.24    246493.0
 2023 02 26 12 27 00 000    6.07    -4.62     2.01  -468.90     19.10    -11.60    3.95    110786.0
 2023 02 26 12 28 00 000    5.18    -5.35     1.60  -472.60     26.40    -14.60    4.17    140654.0
 2023 02 26 12 29 00 000    6.53    -3.77     3.13  -479.20     40.90    -22.50    4.53    193405.0
 2023 02 26 12 30 00 000    6.59    -3.76     2.87  -466.50     28.10     -5.80    4.10    130479.0
 2023 02 26 12 31 00 000    6.72    -3.62     2.78  -466.50     28.10     -5.80    4.10    130479.0
 2023 02 26 12 32 00 000    5.98    -3.53     4.26  -466.50     28.10     -5.80    4.10    130479.0
 2023 02 26 12 33 00 000    5.83    -3.56     4.38  -466.50     28.10     -5.80    4.10    130479.0
 2023 02 26 12 34 00 000    6.00    -3.48     4.09  -467.20     29.70     -6.50    4.00    135585.0
 2023 02 26 12 35 00 000    5.82    -3.62     4.10  -467.20     29.70     -6.50    4.00    135585.0
 2023 02 26 12 36 00 000    5.56    -4.11     3.93  -467.20     29.70     -6.50    4.00    135585.0
 2023 02 26 12 37 00 000    5.89    -3.78     3.86  -467.20     29.70     -6.50    4.00    135585.0
 2023 02 26 12 38 00 000    6.13    -3.44     3.76  -467.00     29.00     -5.40    4.19    144550.0
 2023 02 26 12 39 00 000    6.08    -3.49     3.75  -467.00     29.00     -5.40    4.19    144550.0
 2023 02 26 12 40 00 000    5.78    -3.97     3.81  -467.00     29.00     -5.40    4.19    144550.0
 2023 02 26 12 41 00 000    5.80    -4.09     3.65  -467.00     29.00     -5.40    4.19    144550.0
 2023 02 26 12 42 00 000    5.65    -4.24     3.64  -467.00     29.00     -5.40    4.19    144550.0
 2023 02 26 12 48 00 000    4.99    -4.84     3.27  -467.00     29.00     -5.40    4.19    144550.0
 2023 02 26 12 49 00 000    4.72    -5.04     3.49  -470.00     24.60    -10.00    4.13    152809.0
 2023 02 26 12 50 00 000    5.04    -4.88     3.31  -469.70     26.50    -11.20    4.16    154752.0
 2023 02 26 12 51 00 000    2.14    -6.60     0.74  -468.70     24.30    -11.20    4.12    145690.0
 2023 02 26 12 52 00 000   -0.64    -6.16    -1.17  -468.60     23.70    -11.00    4.11    143900.0
 2023 02 26 12 53 00 000    2.24    -6.37     1.47  -493.20     33.10    -32.30    3.81    139915.0
 2023 02 26 12 54 00 000    3.95    -6.35     3.47  -479.00     26.20    -18.80    3.67    140556.0
 2023 02 26 12 55 00 000    4.42    -5.82     3.73  -475.60     25.60     -8.00    3.74    143027.0
 2023 02 26 12 56 00 000    3.50    -6.17     2.70  -475.70     26.20     -7.80    3.73    142698.0
 2023 02 26 12 57 00 000    0.57    -8.00     0.22  -488.70     19.10    -15.30    3.17    119707.0
 2023 02 26 12 58 00 000    1.95    -7.15     0.80  -488.50     15.30    -26.60    3.74    131490.0
 2023 02 26 12 59 00 000    4.14    -5.81     2.96  -483.10     16.30    -23.20    3.94    137937.0
 2023 02 26 13 00 00 000    4.28    -5.90     2.83  -483.10     16.30    -23.20    3.94    137937.0
 2023 02 26 13 01 00 000    4.54    -6.20     2.93  -465.30     27.90    -10.80    2.70     92509.0
 2023 02 26 13 02 00 000    4.96    -6.26     2.25  -465.20     28.30     -8.70    2.75     96196.0
 2023 02 26 13 03 00 000    4.33    -6.74     1.78  -465.20     28.30     -8.70    2.75     96196.0
 2023 02 26 13 04 00 000    3.49    -7.63     1.09  -464.20      0.80    -14.40    3.03    142840.0
 2023 02 26 13 05 00 000    3.93    -7.07     2.38  -470.50      8.30    -15.40    2.91    126647.0
 2023 02 26 13 06 00 000    3.89    -6.92     2.76  -471.00     20.40     -1.10    2.90    127553.0
 2023 02 26 13 07 00 000    3.88    -6.85     2.64  -463.60     17.40     -1.10    3.02    119878.0
 2023 02 26 13 08 00 000    4.05    -6.59     2.62  -469.00     18.80     -1.70    3.07    130436.0
 2023 02 26 13 09 00 000    3.84    -5.91     3.60  -466.20     18.90     -5.20    3.23    138779.0
 2023 02 26 13 10 00 000    3.46    -6.45     3.14  -458.20     20.70      4.40    4.07    144629.0
 2023 02 26 13 11 00 000    3.14    -6.75     2.87  -466.70     12.90      8.90    4.27    153800.0
 2023 02 26 13 12 00 000    3.36    -7.04     2.04  -470.70     13.60    -13.70    3.26    143783.0
 2023 02 26 13 13 00 000    3.79    -8.10     1.34  -468.70     13.20    -12.90    3.31    141913.0
 2023 02 26 13 14 00 000    3.94    -7.99     1.32  -460.80     11.00      6.70    2.60    121643.0
 2023 02 26 13 15 00 000    4.06    -8.04     0.99  -463.50     12.30     -3.40    2.51    135068.0
 2023 02 26 13 16 00 000    4.53    -6.85     2.59  -464.10     12.60     -5.80    2.49    138233.0
 2023 02 26 13 17 00 000    4.39    -6.63     2.83  -464.10     12.60     -5.80    2.49    138233.0
 2023 02 26 13 18 00 000    4.12    -6.28     2.95  -454.50     -3.00      8.30    4.46    142663.0
 2023 02 26 13 19 00 000    3.62    -6.65     2.33  -454.50     -3.00      8.30    4.46    142663.0
 2023 02 26 13 20 00 000    3.81    -5.31     2.96  -454.50     -3.00      8.30    4.46    142663.0
 2023 02 26 13 21 00 000    3.48    -5.34     3.63  -454.50     -3.00      8.30    4.46    142663.0
 2023 02 26 13 22 00 000    3.12    -5.66     3.26  -464.70      5.60      6.10    5.29    148120.0
 2023 02 26 13 23 00 000    3.26    -5.77     3.25  -464.70      5.60      6.10    5.29    148120.0
 2023 02 26 13 24 00 000    2.93    -6.02     2.98  -464.70      5.60      6.10    5.29    148120.0
 2023 02 26 13 25 00 000    2.87    -5.97     2.84  -464.70      5.60      6.10    5.29    148120.0
 2023 02 26 13 26 00 000    3.07    -6.16     2.35  -458.00      7.20      8.20    5.61    156990.0
 2023 02 26 13 27 00 000    3.38    -6.19     2.99  -458.00      7.20      8.20    5.61    156990.0
 2023 02 26 13 28 00 000    3.44    -5.98     2.60  -458.00      7.20      8.20    5.61    156990.0
 2023 02 26 13 29 00 000    4.04    -6.11     1.79  -458.00      7.20      8.20    5.61    156990.0
 2023 02 26 13 30 00 000    4.07    -6.04     1.89  -458.00      7.20      8.20    5.61    156990.0
 2023 02 26 13 31 00 000    4.02    -5.76     2.02  -458.00      7.20      8.20    5.61    156990.0
 2023 02 26 13 32 00 000    4.43    -5.27     2.00  -456.20      5.30      8.50    5.88    176157.0
 2023 02 26 13 33 00 000    3.65    -5.83     2.12  -456.20      5.30      8.50    5.88    176157.0
 2023 02 26 13 34 00 000    3.01    -6.63     2.00  -456.20      5.30      8.50    5.88    176157.0
 2023 02 26 13 35 00 000    2.71    -6.88     1.83  -455.10      9.30      9.60    4.59    131154.0
 2023 02 26 13 36 00 000    2.57    -7.43     1.58  -457.60      9.20      6.80    4.63    128395.0
 2023 02 26 13 37 00 000    2.93    -6.99     1.90  -458.10      6.40      8.00    5.20    141005.0
 2023 02 26 13 38 00 000    2.28    -6.78     1.25  -458.10      4.10      9.50    5.65    151492.0
 2023 02 26 13 39 00 000    1.43    -6.87     1.17  -458.10      4.10      9.50    5.65    151492.0
 2023 02 26 13 40 00 000    0.91    -7.23     1.16  -451.30    -13.30      5.70    6.58    115008.0
 2023 02 26 13 41 00 000    1.65    -7.26     0.43  -451.30    -13.30      5.70    6.58    115008.0
 2023 02 26 13 42 00 000    1.92    -7.06    -0.02  -453.70     -9.60      3.90    6.56    127179.0
 2023 02 26 13 43 00 000    2.46    -6.79     0.15  -453.20     -9.50      5.00    6.52    125530.0
 2023 02 26 13 44 00 000    1.49    -5.91     0.07  -448.30      6.00     15.90    7.98    116862.0
 2023 02 26 13 45 00 000    0.52    -5.38     0.98  -447.50     15.60     17.20    9.16    120130.0
 2023 02 26 13 46 00 000    0.73    -5.53    -0.22  -445.80     23.90     19.60   11.01    119106.0
 2023 02 26 13 47 00 000    0.43    -5.96    -1.35  -445.80     23.90     19.60   11.01    119106.0
 2023 02 26 13 48 00 000    0.56    -6.24    -1.02  -445.80     23.90     19.60   11.01    119106.0
 2023 02 26 13 49 00 000    0.65    -6.39    -0.71  -445.80     23.90     19.60   11.01    119106.0
 2023 02 26 13 50 00 000    0.74    -6.35    -0.60  -447.90     25.80     16.60   10.85    129525.0
 2023 02 26 13 51 00 000    0.31    -5.96    -0.55  -447.50     26.20     17.10   11.18    122767.0
 2023 02 26 13 52 00 000    0.62    -5.63    -0.91  -446.70     27.00     18.10   11.82    109690.0
 2023 02 26 13 53 00 000   -0.26    -5.77    -0.45  -443.30     29.10     17.10   11.93    118191.0
 2023 02 26 13 54 00 000   -0.58    -5.60    -0.17  -443.30     29.10     17.10   11.93    118356.0
 2023 02 26 13 55 00 000    0.06    -5.33    -0.18  -443.00     26.60     19.40   11.91    128296.0
 2023 02 26 13 56 00 000    0.25    -5.41    -0.71  -442.70     27.40     22.10   12.14    135533.0
 2023 02 26 13 57 00 000    0.32    -5.26    -1.21  -443.60     28.60     23.30   12.51    129345.0
 2023 02 26 13 58 00 000    0.16    -5.20    -0.92  -444.60     29.60     24.00   12.85    121643.0
 2023 02 26 13 59 00 000    0.10    -5.14    -0.34  -445.70     33.20     17.80   13.49    127573.0
 2023 02 26 14 00 00 000   -0.21    -4.78    -0.63  -445.60     33.70     18.50   13.46    128567.0
 2023 02 26 14 01 00 000   -0.66    -4.71    -0.38  -445.10     37.30     23.90   13.27    136101.0
 2023 02 26 14 02 00 000   -0.47    -4.92    -0.68  -444.20     35.70     22.20   13.57    141458.0
 2023 02 26 14 03 00 000    0.37    -5.33    -1.55  -444.00     35.20     21.70   13.66    143016.0
 2023 02 26 14 04 00 000    0.32    -5.04    -1.46  -444.40     34.40     17.10   12.96    133860.0
 2023 02 26 14 05 00 000   -0.12    -4.41    -0.30  -444.50     34.20     16.20   12.83    132170.0
 2023 02 26 14 06 00 000   -0.12    -4.49    -0.53  -443.40     31.90     17.60   14.01    152875.0
 2023 02 26 14 07 00 000   -0.13    -4.75    -1.62  -443.40     31.90     17.70   14.01    153224.0
 2023 02 26 14 08 00 000   -0.27    -4.35    -0.93  -441.50     34.00     24.00   13.29    157916.0
 2023 02 26 14 09 00 000   -0.07    -4.15    -0.65  -441.60     33.80     23.80   13.31    158189.0
 2023 02 26 14 10 00 000    0.04    -3.93    -0.74  -443.80     30.00     19.70   13.65    164222.0
 2023 02 26 14 11 00 000    0.04    -3.89    -0.72  -443.80     30.00     19.70   13.65    164479.0
 2023 02 26 14 12 00 000   -0.58    -3.29     0.18  -447.80     30.10     22.00   13.95    183742.0
 2023 02 26 14 13 00 000    0.33    -3.13     0.51  -447.00     34.80     19.30   13.98    162295.0
 2023 02 26 14 14 00 000   -0.02    -2.65     0.35  -442.40     32.90     22.40   14.11    163642.0
 2023 02 26 14 15 00 000    0.77    -2.49     0.91  -445.80     38.70     25.20   13.74    159297.0
 2023 02 26 14 16 00 000    0.82    -2.04     0.47  -437.80     37.60     23.30   14.46    159141.0
 2023 02 26 14 17 00 000    1.79    -4.12    -0.92  -427.70     43.40     24.20   14.73    148172.0
 2023 02 26 14 18 00 000    1.63    -4.59    -0.27  -444.00     21.10     24.30   13.03    194360.0
 2023 02 26 14 19 00 000    1.50    -5.13     0.13  -445.20     21.20     26.20   12.74    192629.0
 2023 02 26 14 20 00 000    1.92    -5.91    -0.06  -448.50     18.00     33.10    9.93    171489.0
 2023 02 26 14 21 00 000    1.56    -6.57     0.21  -447.20     21.00     29.60    9.66    160666.0
 2023 02 26 14 22 00 000    1.60    -6.00    -0.80  -450.70     31.40     34.50    9.63    145973.0
 2023 02 26 14 23 00 000    1.31    -6.73    -0.91  -454.60     25.60     35.40   10.36    180804.0
 2023 02 26 14 24 00 000    1.16    -6.56    -0.76  -454.50     24.50     34.00   10.18    174759.0
 2023 02 26 14 25 00 000    1.32    -6.59    -1.11  -454.20     18.60     26.10    9.21    141053.0
 2023 02 26 14 26 00 000    1.97    -6.57    -0.77  -454.20     18.10     25.50    9.13    138291.0
 2023 02 26 14 27 00 000    1.97    -6.57    -0.77  -454.20     18.10     25.50    9.13    138291.0
 2023 02 26 14 28 00 000    1.70    -6.58     0.59  -454.20     18.10     25.50    9.13    138291.0
 2023 02 26 14 29 00 000    2.80    -5.39     2.85  -442.10     19.30     31.30   10.18    198223.0
 2023 02 26 14 30 00 000    2.92    -6.05     1.89  -442.30     21.10     34.60    9.72    192073.0
 2023 02 26 14 31 00 000    2.74    -5.56     3.01  -442.70     23.90     39.70    9.01    182613.0
 2023 02 26 14 32 00 000    3.27    -5.55     2.14  -442.70     23.90     39.70    9.01    182613.0
 2023 02 26 14 33 00 000    2.83    -6.48     2.96  -444.90     27.50     35.70    9.55    191134.0
 2023 02 26 14 34 00 000    2.19    -8.38     2.36  -446.40     29.40     45.20    8.78    159509.0
 2023 02 26 14 35 00 000    1.55    -8.27     2.41  -457.30     10.30     41.40    7.22    130535.0
 2023 02 26 14 36 00 000    1.27    -8.20     3.13  -457.30     10.30     41.40    7.22    130535.0
 2023 02 26 14 37 00 000    1.63    -8.13     3.20  -454.80      9.40     42.20    7.40    125912.0
 2023 02 26 14 38 00 000    2.47    -8.43     3.43  -456.80      7.60     45.80    6.61    106721.0
 2023 02 26 14 39 00 000    2.42    -8.57     3.42  -459.10      5.50     50.10    5.69     84263.0
 2023 02 26 14 40 00 000    2.54    -8.61     3.89  -459.10      5.50     50.10    5.69     84263.0
 2023 02 26 14 41 00 000    2.64    -8.20     3.93  -449.40      3.90     47.00    6.42    106367.0
 2023 02 26 14 42 00 000    2.63    -7.91     3.96  -449.40      3.90     47.00    6.42    106367.0
 2023 02 26 14 43 00 000    2.75    -8.01     4.18  -448.10      4.80     42.70    6.44    105708.0
 2023 02 26 14 44 00 000    2.56    -8.01     4.21  -448.70      5.30     43.80    6.37    106177.0
 2023 02 26 14 45 00 000    2.57    -8.46     3.70  -450.40      7.00     47.20    6.15    107588.0
 2023 02 26 14 46 00 000    3.20    -8.22     3.83  -448.10      1.70     48.60    5.72    109793.0
 2023 02 26 14 47 00 000    3.11    -8.28     3.90  -446.90      5.90     52.40    5.60    110042.0
 2023 02 26 14 48 00 000    2.62    -8.94     3.04  -444.20     15.50     61.10    5.32    110619.0
 2023 02 26 14 49 00 000    2.05    -9.51     2.17  -450.50     12.90     43.30    5.33     96087.0
 2023 02 26 14 50 00 000    2.11    -9.58     2.20  -450.80     12.80     42.50    5.33     95450.0
 2023 02 26 14 51 00 000    1.64    -9.56     0.69  -449.00      9.30     48.80    5.55    102994.0
 2023 02 26 14 52 00 000    1.38    -9.78    -1.33  -454.30     18.40     41.60    5.03    111799.0
 2023 02 26 14 53 00 000    0.97    -9.68    -1.84  -457.90     24.70     36.70    4.68    117821.0
 2023 02 26 14 54 00 000    0.39    -8.82    -4.30  -455.90     23.00     30.20    4.75    122567.0
 2023 02 26 14 55 00 000    0.32    -8.74    -4.52  -455.90     23.00     30.20    4.75    122567.0
 2023 02 26 14 56 00 000    0.32    -8.58    -4.65  -454.40     28.10     37.30    4.71    126887.0
 2023 02 26 14 57 00 000    0.47    -9.23    -3.09  -454.10     29.00     38.60    4.70    127684.0
 2023 02 26 14 58 00 000    0.74    -9.07    -3.35  -451.70     30.10     38.10    4.90    139455.0
 2023 02 26 14 59 00 000    0.98    -9.15    -2.95  -451.50     30.20     38.10    4.91    140206.0
 2023 02 26 15 01 00 000    0.34    -9.46    -2.30  -455.10     16.90     40.50    4.73    121091.0
 2023 02 26 15 02 00 000   -0.19    -9.73    -1.30  -454.50     16.40     40.80    4.81    118937.0
 2023 02 26 15 03 00 000    0.49    -9.66    -1.28  -460.50     15.90     42.30    5.03    108150.0
 2023 02 26 15 04 00 000    0.91    -9.62    -1.33  -462.50     15.80     42.80    5.07    105152.0
 2023 02 26 15 05 00 000    0.84    -9.49    -1.45  -452.80     25.10     41.10    4.88    124975.0
 2023 02 26 15 06 00 000    1.03    -9.36     0.45  -452.80     25.10     41.10    4.88    124975.0
 2023 02 26 15 07 00 000    0.89    -9.43    -0.47  -454.70     26.80     43.10    4.96    125912.0
 2023 02 26 15 08 00 000    1.10    -9.58    -0.89  -454.70     26.80     43.10    4.96    125912.0
 2023 02 26 15 09 00 000    1.41    -9.52     0.52  -449.70     13.80     41.60    5.03    118569.0
 2023 02 26 15 10 00 000    1.72    -9.34     1.82  -452.90     24.90     45.30    4.73    123654.0
 2023 02 26 15 11 00 000    1.52    -9.44     1.53  -454.00     28.60     46.50    4.64    125360.0
 2023 02 26 15 12 00 000    1.71    -9.46     1.65  -453.10     26.50     47.70    4.64    127018.0
 2023 02 26 15 13 00 000    1.77    -9.28     1.72  -454.60     25.10     44.00    4.82    134944.0
 2023 02 26 15 14 00 000    1.47    -9.29     1.56  -455.40     24.40     41.90    4.92    139334.0
 2023 02 26 15 15 00 000    1.61    -9.26     1.71  -454.90     22.00     45.50    4.73    123878.0
 2023 02 26 15 16 00 000    1.75    -9.30     1.70  -454.90     22.00     45.50    4.73    123878.0
 2023 02 26 15 17 00 000    1.53    -9.22     1.91  -453.80     27.00     45.70    4.68    139741.0
 2023 02 26 15 18 00 000    1.67    -9.10     1.97  -453.80     27.00     45.70    4.68    139741.0
 2023 02 26 15 19 00 000    1.73    -9.27     1.17  -451.60     30.20     50.80    4.75    142135.0
 2023 02 26 15 20 00 000    1.05    -9.29     0.50  -451.60     30.20     50.80    4.75    142135.0
 2023 02 26 15 21 00 000    0.69    -9.23     0.04  -456.80     28.50     45.50    5.08    133815.0
 2023 02 26 15 22 00 000    1.91    -9.18     1.31  -456.80     28.50     45.50    5.08    133815.0
 2023 02 26 15 23 00 000    2.58    -8.22     2.98  -456.30     42.00     52.30    4.69    117714.0
 2023 02 26 15 24 00 000    3.38    -8.20     2.16  -456.30     42.00     52.30    4.69    117714.0
 2023 02 26 15 25 00 000    2.74    -8.66     1.55  -453.70     30.20     48.20    5.24    152970.0
 2023 02 26 15 26 00 000    3.20    -8.56     2.48  -454.00     31.30     48.80    5.06    143964.0
 2023 02 26 15 27 00 000    3.30    -8.38     3.40  -455.50     37.30     42.00    5.03    119273.0
 2023 02 26 15 28 00 000    3.30    -8.28     3.91  -454.50     33.70     42.80    4.85    108439.0
 2023 02 26 15 29 00 000    2.92    -8.54     3.88  -454.90     30.40     43.60    4.70     98320.0
 2023 02 26 15 30 00 000    2.91    -8.07     4.56  -455.10     29.80     43.40    4.69     96994.0
 2023 02 26 15 31 00 000    3.06    -7.90     5.00  -455.00     46.80     42.70    4.90    105490.0
 2023 02 26 15 32 00 000    2.28    -8.62     3.91  -457.10     44.10     44.30    4.95    108928.0
 2023 02 26 15 33 00 000    2.92    -9.00     2.16  -455.40     28.00     40.10    4.76     96206.0
 2023 02 26 15 34 00 000    3.17    -8.84     2.58  -454.80     24.50     39.40    4.96     99069.0
 2023 02 26 15 35 00 000    2.33    -9.18     2.81  -455.40     24.30     39.80    4.95     99064.0
 2023 02 26 15 36 00 000    2.27    -9.09     2.98  -456.10     29.40     42.70    5.92    127406.0
 2023 02 26 15 37 00 000    3.33    -8.96     2.01  -456.10     29.40     42.70    5.92    127406.0
 2023 02 26 15 38 00 000    4.64    -8.48     1.73  -437.50     26.50     36.30    5.28    101949.0
 2023 02 26 15 39 00 000    4.79    -8.55     1.00  -437.50     26.50     36.30    5.28    101949.0
 2023 02 26 15 40 00 000    5.29    -8.25     1.19  -437.50     26.50     36.30    5.28    101949.0
 2023 02 26 15 41 00 000    5.15    -8.51     0.69  -434.40     21.60     26.40    5.18    136446.0
 2023 02 26 15 42 00 000    4.93    -8.60     0.13  -434.40     21.60     26.40    5.18    136446.0
 2023 02 26 15 43 00 000    4.24    -9.01     0.20  -439.20     19.00     23.00    5.16    119697.0
 2023 02 26 15 44 00 000    4.62    -8.85    -0.27  -439.20     19.00     23.00    5.16    119697.0
 2023 02 26 15 45 00 000    4.64    -8.80     0.18  -439.20     19.00     23.00    5.16    119697.0
 2023 02 26 15 46 00 000    4.47    -8.89     0.12  -445.50     23.80     32.50    5.27    121589.0
 2023 02 26 15 47 00 000    4.10    -8.86     1.35  -445.50     23.80     32.50    5.27    121589.0
 2023 02 26 15 48 00 000    3.98    -8.88     1.23  -447.60     22.00     34.60    5.20    110982.0
 2023 02 26 15 49 00 000    4.47    -8.20     1.80  -447.60     22.00     34.60    5.20    110982.0
 2023 02 26 15 50 00 000    4.10    -7.87     3.16  -450.70     10.70     28.50    5.50     88979.0
 2023 02 26 15 51 00 000    5.27    -6.95     3.33  -448.90     13.40     30.10    5.73     97532.0
 2023 02 26 15 52 00 000    4.41    -7.57     3.48  -436.90     31.00     40.50    7.16    153131.0
 2023 02 26 15 53 00 000    4.54    -7.48     3.68  -443.60     35.60     27.90    5.79    102433.0
 2023 02 26 15 54 00 000    3.99    -7.99     3.44  -443.90     35.80     27.20    5.72     99824.0
 2023 02 26 15 55 00 000    4.01    -7.83     3.71  -448.10     23.50     29.90    6.06    101007.0
 2023 02 26 15 56 00 000    3.57    -8.44     2.95  -448.10     23.50     29.90    6.06    101007.0
 2023 02 26 15 57 00 000    3.96    -7.73     3.01  -448.10     23.50     29.90    6.06    101007.0
 2023 02 26 15 58 00 000    4.47    -7.32     2.00  -449.80     19.20     24.50    5.71     90583.0
 2023 02 26 15 59 00 000    4.82    -6.79     3.02  -445.70     20.40     16.10    6.16    110982.0
 2023 02 26 16 00 00 000    4.83    -6.96     1.85  -450.40     23.40     26.60    6.08     93062.0
 2023 02 26 16 01 00 000    5.01    -6.26     2.67  -448.60     19.40     15.20    5.83     85931.0
 2023 02 26 16 02 00 000    4.40    -6.72     2.91  -438.30      7.20    -25.60    5.65    100331.0
 2023 02 26 16 03 00 000    4.21    -6.85     3.81  -454.20     37.60     32.70    6.38    111137.0
 2023 02 26 16 04 00 000    5.14    -6.69     2.93  -453.50     34.50     35.20    5.85     83789.0
 2023 02 26 16 05 00 000    5.37    -6.98     1.77  -444.80     25.00     24.50    6.26    110922.0
 2023 02 26 16 06 00 000    5.02    -5.90     4.36  -441.30     24.30     27.60    6.51    124638.0
 2023 02 26 16 07 00 000    5.10    -4.83     6.04  -449.10     36.30     41.50    6.21     92777.0
 2023 02 26 16 08 00 000    5.53    -5.00     4.17  -449.10     36.30     41.50    6.21     92777.0
 2023 02 26 16 09 00 000    4.40    -4.59     6.55  -451.60     38.20     29.30    6.56    134147.0
 2023 02 26 16 10 00 000    5.13    -4.72     5.14  -446.30     33.20     26.90    6.40    129970.0
 2023 02 26 16 11 00 000    4.27    -6.13     4.76  -441.90     20.80     28.50    6.52    124448.0
 2023 02 26 16 12 00 000    4.22    -7.12     2.70  -446.80     12.70     21.70    6.34    110515.0
 2023 02 26 16 13 00 000    5.17    -4.54     3.82  -445.90     13.90     12.20    5.43     96524.0
 2023 02 26 16 14 00 000    3.85    -4.35     5.74  -460.90     32.60     27.60    6.21    107639.0
 2023 02 26 16 15 00 000    4.10    -5.29     5.01  -460.90     32.60     27.60    6.21    107639.0
 2023 02 26 16 16 00 000    5.16    -5.82     3.55  -433.30     48.20     27.30    6.32    107970.0
 2023 02 26 16 17 00 000    4.74    -5.07     4.87  -439.10     38.60     17.10    6.49    140337.0
 2023 02 26 16 18 00 000    4.57    -6.87     3.45  -448.20     30.10     24.20    6.57    127968.0
 2023 02 26 16 19 00 000    3.96    -6.61     4.90  -451.30     24.40     34.40    5.80     98785.0
 2023 02 26 16 20 00 000    2.71    -2.60     7.66  -452.20     25.20     36.70    5.88    102010.0
 2023 02 26 16 23 00 000    2.35    -2.78     8.01  -461.70     52.40     30.70    6.79    124590.0
 2023 02 26 16 24 00 000    2.33    -2.72     8.26  -461.70     52.40     30.70    6.79    124590.0
 2023 02 26 16 25 00 000    2.00    -3.01     8.24  -461.70     52.40     30.70    6.79    124590.0
 2023 02 26 16 27 00 000    2.68    -4.49     7.29  -461.70     52.40     30.70    6.79    124590.0
 2023 02 26 16 28 00 000    2.68    -4.50     7.29  -461.70     52.40     30.70    6.79    124590.0
 2023 02 26 16 29 00 000    1.47    -3.52     8.11  -473.30     29.10     -4.00    6.07    108970.0
 2023 02 26 16 30 00 000    1.47    -3.53     8.11  -473.30     29.10     -4.00    6.07    108970.0
 2023 02 26 16 32 00 000    1.30    -2.05     8.81  -473.30     29.10     -4.00    6.07    108970.0
 2023 02 26 16 34 00 000    1.19    -2.25     8.74  -473.30     29.10     -4.00    6.07    108970.0
 2023 02 26 16 36 00 000   -0.63    -2.45     8.63  -473.30     29.10     -4.00    6.07    108970.0
 2023 02 26 16 37 00 000    1.89    -3.40     7.65  -471.70     42.70     21.00    7.26    148001.0
 2023 02 26 16 38 00 000   -0.12    -2.76     8.48  -471.70     42.70     21.00    7.26    148001.0
 2023 02 26 16 40 00 000    1.32    -2.73     8.55  -471.70     42.70     21.00    7.26    148001.0
 2023 02 26 16 42 00 000    1.31    -3.17     8.22  -471.70     42.70     21.00    7.26    148001.0
 2023 02 26 16 43 00 000    1.40    -3.97     8.04  -470.10     55.80     13.90    5.37     65805.0
 2023 02 26 16 44 00 000    1.40    -3.98     8.04  -470.10     55.80     13.90    5.37     65805.0
 2023 02 26 16 45 00 000    1.96    -3.96     7.51  -470.10     55.80     13.90    5.37     65805.0
 2023 02 26 16 46 00 000    1.05    -3.86     8.20  -470.10     55.80     13.90    5.37     65805.0
 2023 02 26 16 47 00 000    1.16    -3.90     8.16  -470.10     55.80     13.90    5.37     65805.0
 2023 02 26 16 48 00 000    1.16    -3.90     8.16  -470.10     55.80     13.90    5.37     65805.0
 2023 02 26 16 49 00 000    1.02    -4.11     8.01  -470.10     55.80     13.90    5.37     65805.0
 2023 02 26 16 50 00 000    2.09    -2.88     8.06  -470.10     55.80     13.90    5.37     65805.0
 2023 02 26 16 51 00 000    2.57    -2.47     8.30  -470.10     55.80     13.90    5.37     65805.0
 2023 02 26 16 52 00 000    1.93    -3.08     7.99  -465.30     52.10     18.20    6.40    112333.0
 2023 02 26 16 53 00 000    0.30    -4.52     7.65  -465.30     52.10     18.20    6.40    112333.0
 2023 02 26 16 54 00 000   -0.99    -3.24     7.74  -465.30     52.10     18.20    6.40    112333.0
 2023 02 26 16 55 00 000    0.14    -3.78     7.19  -465.30     52.10     18.20    6.40    112333.0
 2023 02 26 16 56 00 000    1.97    -4.77     6.47  -465.30     52.10     18.20    6.40    112333.0
 2023 02 26 16 57 00 000    2.34    -3.40     6.61  -465.30     52.10     18.20    6.40    112333.0
 2023 02 26 16 58 00 000    3.94    -3.54     6.12  -465.40     39.70    -10.00    7.64     51091.0
 2023 02 26 16 59 00 000    4.59    -4.65     5.85  -464.40     39.80     -8.40    7.57     52918.0
 2023 02 26 17 00 00 000    3.49    -3.14     6.81  -450.50     41.40     14.10    6.59     77934.0
 2023 02 26 17 01 00 000    4.00    -3.63     6.05  -449.40     41.50     15.90    6.51     79940.0
 2023 02 26 17 02 00 000    4.10    -3.11     6.03  -449.40     41.50     15.90    6.51     79940.0
 2023 02 26 17 03 00 000    3.02    -4.19     6.45  -449.40     41.50     15.90    6.51     79940.0
 2023 02 26 17 04 00 000    2.62    -4.50     6.78  -466.60     55.60     20.10    7.58    123167.0
 2023 02 26 17 05 00 000    3.03    -4.29     6.57  -464.50     53.70     20.80    7.50    120507.0
 2023 02 26 17 06 00 000    2.91    -4.25     6.68  -449.80     48.00     20.10    6.88     96988.0
 2023 02 26 17 07 00 000    3.67    -3.90     6.45  -449.80     60.10     11.20    6.79     87931.0
 2023 02 26 17 08 00 000    3.32    -4.20     6.53  -449.80     60.10     11.20    6.79     87931.0
 2023 02 26 17 09 00 000    2.91    -4.16     6.70  -449.80     60.10     11.20    6.79     87931.0
 2023 02 26 17 10 00 000    3.09    -4.27     6.76  -455.00     45.30     18.00    6.61     88472.0
 2023 02 26 17 11 00 000    3.39    -3.83     6.64  -455.40     45.00     17.90    6.60     87942.0
 2023 02 26 17 12 00 000    2.63    -3.71     7.26  -463.30     38.00     16.60    6.34     82735.0
 2023 02 26 17 13 00 000    3.25    -2.83     7.28  -452.40     35.40     15.80    7.03    101502.0
 2023 02 26 17 14 00 000    3.58    -3.71     6.70  -452.40     35.40     15.80    7.03    101502.0
 2023 02 26 17 15 00 000    3.16    -4.08     6.64  -457.60     47.70     11.40    6.69     99369.0
 2023 02 26 17 16 00 000    3.66    -4.67     5.80  -455.80     35.20     16.00    7.14    121736.0
 2023 02 26 17 17 00 000    4.27    -5.53     4.79  -450.60     31.60      4.90    7.18    130064.0
 2023 02 26 17 18 00 000    4.49    -5.16     4.69  -449.70     32.00     10.40    7.72    135929.0
 2023 02 26 17 19 00 000    3.69    -5.33     5.27  -452.20     29.10      9.30    7.36    134737.0
 2023 02 26 17 20 00 000    4.15    -6.35     3.08  -461.50     37.50      8.00    6.11     91339.0
 2023 02 26 17 21 00 000    5.32    -6.66     2.53  -465.60     43.10      7.60    5.57     68506.0
 2023 02 26 17 22 00 000    4.83    -6.44     3.43  -465.60     43.10      7.60    5.57     68506.0
 2023 02 26 17 23 00 000    3.44    -6.24     4.38  -465.60     43.10      7.60    5.57     68506.0
 2023 02 26 17 24 00 000    5.30    -5.90     3.76  -423.50     42.40     40.80   11.17    209745.0
 2023 02 26 17 25 00 000    5.92    -5.57     2.07  -423.50     42.30     40.70   11.16    209667.0
 2023 02 26 17 26 00 000    6.28    -5.36     2.30  -430.10      1.50     -0.70    6.56    158845.0
 2023 02 26 17 27 00 000    4.32    -6.60     2.92  -431.30      3.00     -2.50    7.50    191637.0
 2023 02 26 17 28 00 000    6.34    -6.21     1.40  -433.40      5.80     -5.80    9.28    252320.0
 2023 02 26 17 29 00 000    4.56    -5.98     3.95  -463.50     20.90      6.80    6.56     91063.0
 2023 02 26 17 30 00 000    5.03    -5.17     5.19  -449.40     24.70      5.40    6.53     92561.0
 2023 02 26 17 31 00 000    3.93    -7.49     2.37  -440.00     25.60      7.50    7.09    114622.0
 2023 02 26 17 32 00 000    3.92    -7.55     2.96  -447.20     18.40      6.40    7.32    105746.0
 2023 02 26 17 33 00 000    3.96    -6.04     5.89  -453.50      4.60     -3.20    7.15     69363.0
 2023 02 26 17 34 00 000    4.10    -6.75     4.44  -448.20     40.60     24.10    7.30    102795.0
 2023 02 26 17 35 00 000    4.74    -6.36     4.25  -448.20     40.60     24.10    7.30    102795.0
 2023 02 26 17 36 00 000    4.43    -6.77     4.02  -453.10     25.70     18.70    6.06     98599.0
 2023 02 26 17 37 00 000    4.38    -6.51     4.32  -453.10     25.70     18.70    6.06     98599.0
 2023 02 26 17 38 00 000    4.51    -6.61     4.36  -442.10     29.70     18.90    6.89     95381.0
 2023 02 26 17 39 00 000    4.63    -6.66     4.17  -441.70     29.90     18.90    6.92     95257.0
 2023 02 26 17 40 00 000    4.82    -6.85     3.62  -441.70     29.90     18.90    6.92     95257.0
 2023 02 26 17 52 00 000    5.60    -6.50     3.37  -441.70     29.90     18.90    6.92     95257.0
 2023 02 26 18 03 00 000    2.47    -7.87     1.58  -453.80     12.30     12.90    7.60    110092.0
 2023 02 26 18 04 00 000    2.56    -7.88     1.50  -453.10      8.40      7.50    7.47    110641.0
 2023 02 26 18 05 00 000    2.87    -7.94     0.90  -456.40      1.90      1.90    7.28     98885.0
 2023 02 26 18 06 00 000    2.77    -7.71    -0.04  -457.00     -1.10     -8.10    7.38     92540.0
 2023 02 26 18 07 00 000    4.48    -6.72     4.40  -457.00     -1.10     -8.10    7.38     92540.0
 2023 02 26 18 08 00 000    1.55    -7.84    -0.61  -457.00     -1.10     -8.10    7.38     92540.0
 2023 02 26 18 09 00 000    4.34    -5.19     5.35  -457.00     -1.10     -8.10    7.38     92540.0
 2023 02 26 18 10 00 000    4.63    -4.49     5.65  -446.20     42.90     22.70    7.04    110568.0
 2023 02 26 18 11 00 000    4.34    -2.71     6.87  -446.60     43.70     22.30    7.07    111383.0
 2023 02 26 18 12 00 000    5.73    -3.91     5.03  -441.50     41.00      4.40    7.25     90952.0
 2023 02 26 18 13 00 000    3.31    -5.09     6.31  -445.20     39.70      5.90    6.75     74265.0
 2023 02 26 18 14 00 000    3.24    -3.18     7.51  -464.50     55.30     17.10    6.04     72722.0
 2023 02 26 18 15 00 000    3.23    -2.41     7.72  -432.80     88.20     18.10    8.89    187673.0
 2023 02 26 18 16 00 000    3.42    -5.96     5.33  -441.40     56.00     19.10    7.99    148827.0
 2023 02 26 18 17 00 000    2.36    -7.97     3.56  -449.40     20.30     19.50    7.08    117538.0
 2023 02 26 18 18 00 000    2.79    -6.48     5.76  -463.20     29.70     22.80    7.17     87185.0
 2023 02 26 18 19 00 000    3.22    -7.92     3.68  -462.80     30.50     17.90    7.51     78143.0
 2023 02 26 18 20 00 000    4.08    -8.18     1.43  -460.30     30.30     12.70    7.24     68832.0
 2023 02 26 18 21 00 000    3.28    -7.28     4.74  -460.30     30.30     12.70    7.24     68832.0
 2023 02 26 18 22 00 000    2.17    -5.78     7.46  -460.30     30.30     12.70    7.24     68832.0
 2023 02 26 18 23 00 000    1.47    -6.79     6.83  -460.30     30.30     12.70    7.24     68832.0
 2023 02 26 18 24 00 000    1.72    -6.99     6.52  -467.30     34.50     22.90    6.22     62418.0
 2023 02 26 18 25 00 000    2.36    -6.91     6.46  -467.30     34.50     22.90    6.22     62418.0
 2023 02 26 18 26 00 000    2.05    -7.19     6.12  -467.30     34.50     22.90    6.22     62418.0
 2023 02 26 18 27 00 000    2.19    -7.37     5.83  -467.30     34.50     22.90    6.22     62418.0
 2023 02 26 18 28 00 000    3.34    -7.69     4.41  -452.90     27.90     16.30    7.26     65805.0
 2023 02 26 18 29 00 000    2.45    -8.09     4.45  -452.90     27.90     16.30    7.26     65805.0
 2023 02 26 18 30 00 000    2.24    -8.38     4.55  -452.90     27.90     16.30    7.26     65805.0
 2023 02 26 18 31 00 000    2.98    -8.47     4.22  -452.90     27.90     16.30    7.26     65805.0
 2023 02 26 18 32 00 000    3.23    -8.49     3.93  -461.20     24.00      7.30    6.77     58253.0
 2023 02 26 18 33 00 000    3.07    -3.66     6.01  -461.20     24.00      7.30    6.77     58253.0
 2023 02 26 18 34 00 000    1.82    -6.11     6.54  -469.80     35.80     15.80    7.18     73398.0
 2023 02 26 18 35 00 000    1.81    -4.39     7.00  -467.80     40.00     15.50    7.36     86387.0
 2023 02 26 18 36 00 000    2.69    -4.26     7.17  -459.20     45.30     13.20    7.52    120757.0
 2023 02 26 18 37 00 000    3.16    -2.77     7.16  -462.10     33.30     15.00    6.87     99760.0
 2023 02 26 18 38 00 000    4.18    -3.64     6.85  -452.40     58.10     15.50    7.39     93491.0
 2023 02 26 18 39 00 000    4.51    -5.99     5.32  -455.60     48.60     16.30    7.50     83838.0
 2023 02 26 18 40 00 000    3.69    -6.51     5.44  -451.40     33.00     17.60    6.78     68996.0
 2023 02 26 18 41 00 000    3.42    -5.02     6.65  -457.20     47.00     13.30    6.94     87154.0
 2023 02 26 18 42 00 000    3.06    -2.86     6.97  -457.80     57.90     11.20    6.80    107843.0
 2023 02 26 18 43 00 000    2.74    -4.67     6.12  -465.70     47.70     11.10    7.01     77069.0
 2023 02 26 18 44 00 000    2.21    -2.30     7.15  -467.50     53.50     11.70    6.94     77578.0
 2023 02 26 18 45 00 000    3.12    -5.45     4.24  -475.90     64.30     11.80    6.36     73925.0
 2023 02 26 18 46 00 000    3.48    -4.39     6.09  -477.80     66.20     11.70    6.23     72931.0
 2023 02 26 18 47 00 000    3.86    -2.20     7.28  -477.80     66.20     11.70    6.23     72931.0
 2023 02 26 18 48 00 000    3.34    -5.24     5.48  -477.80     66.20     11.70    6.23     72931.0
 2023 02 26 18 49 00 000    2.97    -6.48     4.44  -453.70     38.20     18.90    6.53     85842.0
 2023 02 26 18 50 00 000    2.20    -7.10     4.41  -456.40     28.90     14.90    6.69    106505.0
 2023 02 26 18 51 00 000    2.32    -8.43     1.14  -462.30     29.90     12.00    5.80     72977.0
 2023 02 26 18 52 00 000    2.13    -7.85     2.26  -462.30     29.90     12.00    5.80     72977.0
 2023 02 26 18 53 00 000    4.33    -6.03     5.50  -462.30     29.90     12.00    5.80     72977.0
 2023 02 26 18 54 00 000    4.22    -6.94     3.87  -462.30     29.90     12.00    5.80     72977.0
 2023 02 26 18 55 00 000    4.99    -6.63     3.47  -462.30     29.90     12.00    5.80     72977.0
 2023 02 26 18 56 00 000    4.32    -6.53     4.32  -445.00     34.00      9.40    7.98    110309.0
 2023 02 26 18 57 00 000    3.71    -6.26     3.75  -446.70     34.50     11.40    8.09    113250.0
 2023 02 26 18 58 00 000    3.81    -6.67     3.68  -456.70     32.80     17.50    8.67    131425.0
 2023 02 26 18 59 00 000    3.06    -5.40     6.01  -456.90     25.10      4.10    8.20    122665.0
 2023 02 26 19 00 00 000    4.24    -4.55     5.69  -462.20     38.60     14.60    7.48     96655.0
 2023 02 26 19 01 00 000    4.30    -1.68     6.79  -462.20     38.60     14.60    7.48     96655.0
 2023 02 26 19 02 00 000    4.03    -3.80     6.82  -462.20     38.60     14.60    7.48     96655.0
 2023 02 26 19 03 00 000    3.75    -2.80     7.46  -460.00     63.20     10.90    6.87    106976.0
 2023 02 26 19 04 00 000    3.20    -4.27     7.06  -460.00     63.20     10.90    6.87    106976.0
 2023 02 26 19 05 00 000    4.06    -4.76     6.37  -460.00     63.20     10.90    6.87    106976.0
 2023 02 26 19 06 00 000    3.28    -4.14     6.85  -460.00     63.20     10.90    6.87    106976.0
 2023 02 26 19 07 00 000    4.26    -3.94     6.75  -456.50     42.00      6.30    7.80    145142.0
 2023 02 26 19 08 00 000    4.20    -4.28     6.54  -456.50     42.00      6.30    7.80    145142.0
 2023 02 26 19 09 00 000    3.70    -4.98     5.77  -456.50     42.00      6.30    7.80    145142.0
 2023 02 26 19 10 00 000    2.50    -6.57     4.14  -463.20     22.30      6.20    8.42    109324.0
 2023 02 26 19 11 00 000    1.96    -5.92     4.90  -467.30     26.80      6.10    8.00     82242.0
 2023 02 26 19 12 00 000    3.92    -3.95     6.22  -474.50     40.00     14.60    7.72     57778.0
 2023 02 26 19 13 00 000    2.79    -5.64     5.47  -464.70     53.00     -3.50    6.73     76503.0
 2023 02 26 19 14 00 000    2.14    -6.25     4.21  -464.70     53.00     -3.50    6.73     76503.0
 2023 02 26 19 15 00 000    2.09    -4.27     6.58  -464.70     53.00     -3.50    6.73     76503.0
 2023 02 26 19 16 00 000    3.64    -1.84     7.26  -462.40     61.30     -3.90    7.69    130423.0
 2023 02 26 19 17 00 000    3.48    -0.85     7.77  -462.40     61.30     -3.90    7.69    130423.0
 2023 02 26 19 18 00 000    3.18    -2.04     7.40  -462.40     61.30     -3.90    7.69    130423.0
 2023 02 26 19 19 00 000    3.73    -1.22     7.72  -460.20     56.90     -7.20   10.01     72722.0
 2023 02 26 19 20 00 000    3.49     0.48     7.69  -460.10     57.00     -7.00   10.01     73422.0
 2023 02 26 19 21 00 000    4.27    -1.00     7.59  -452.20     63.50      6.30    9.79    120128.0
 2023 02 26 19 22 00 000    2.57    -2.04     8.12  -453.50     64.00      5.40    9.51    115835.0
 2023 02 26 19 23 00 000    3.26    -1.31     7.57  -463.10     67.30     -1.30    7.50     85305.0
 2023 02 26 19 24 00 000    3.68    -2.68     7.54  -463.10     67.30     -1.30    7.50     85305.0
 2023 02 26 19 25 00 000    2.88    -5.40     7.68  -463.10     67.30     -1.30    7.50     85305.0
 2023 02 26 19 26 00 000    6.59   -12.66    11.72  -542.40    -10.10     22.20   15.26    212689.0
 2023 02 26 19 27 00 000    5.87    -6.33     8.15  -506.80     30.00     11.60   11.52    146550.0
 2023 02 26 19 28 00 000    5.19    -8.00     7.04  -478.90     39.00     15.80   10.07    134635.0
 2023 02 26 19 29 00 000    6.65    -7.88     6.90  -497.40     11.60     12.80   12.96    155988.0
 2023 02 26 19 30 00 000    5.67    -5.39     6.07  -481.10     30.80      3.90   11.52    118929.0
 2023 02 26 19 31 00 000    7.26    -7.57     3.38  -476.50     35.10     -8.70   12.84    187903.0
 2023 02 26 19 32 00 000    8.49   -14.15    -0.27  -505.40    -22.60    -15.10   15.59    209133.0
 2023 02 26 19 33 00 000    8.82   -14.64    -0.14  -506.20    -49.10     -7.10   19.71    286275.0
 2023 02 26 19 34 00 000    7.59   -12.33     1.28  -507.30    -40.50    -12.90   18.12    259207.0
 2023 02 26 19 35 00 000    7.68   -10.60     3.46  -512.90    -30.70    -23.30   14.29    176496.0
 2023 02 26 19 36 00 000    7.70    -9.67     2.77  -462.80     19.80     15.80    8.98     84243.0
 2023 02 26 19 37 00 000    6.31    -8.49     1.71  -457.30     36.10     13.10    8.83    104955.0
 2023 02 26 19 38 00 000    6.52    -9.11     1.91  -507.30    -29.20    -32.40   14.51    210042.0
 2023 02 26 19 39 00 000    8.58   -11.52    -0.85  -450.00     14.10     -3.20    7.25     85311.0
 2023 02 26 19 40 00 000   12.17   -16.17    -7.57  -449.30     14.60     -2.80    7.16     83767.0
 2023 02 26 19 41 00 000   11.62   -16.78    -7.27  -520.90    -42.80    -50.90   15.38    138638.0
 2023 02 26 19 42 00 000   11.97   -16.19    -8.34  -520.90    -42.80    -50.90   15.38    138638.0
 2023 02 26 19 43 00 000   11.59   -15.09    -7.14  -511.90    -40.90    -37.60   16.03    160548.0
 2023 02 26 19 44 00 000   11.10   -14.64    -7.89  -509.00    -40.30    -33.40   16.25    167453.0
 2023 02 26 19 45 00 000    8.98   -15.45    -7.89  -517.70    -42.20    -46.20   16.41    212210.0
 2023 02 26 19 46 00 000    8.43   -14.88    -9.20  -515.60    -47.20    -43.60   16.35    201063.0
 2023 02 26 19 47 00 000    8.06   -14.56    -9.92  -509.30    -60.00    -35.90   16.18    168792.0
 2023 02 26 19 48 00 000    8.02   -13.32   -10.86  -509.30    -60.00    -35.90   16.18    168792.0
 2023 02 26 19 49 00 000    7.55   -13.18   -11.44  -510.80    -48.00    -58.40   18.12    216423.0
 2023 02 26 19 50 00 000    6.02   -15.69   -10.82  -512.40    -46.30    -58.10   17.67    208096.0
 2023 02 26 19 51 00 000    6.81   -12.36    -4.88  -518.70    -39.50    -57.00   15.91    175228.0
 2023 02 26 19 52 00 000    7.85    -7.70     0.79  -522.80    -41.70    -38.00   14.77    183843.0
 2023 02 26 19 53 00 000   10.50   -16.20    -4.21  -522.80    -41.70    -37.90   14.77    183879.0
 2023 02 26 19 54 00 000    9.88   -16.75    -2.87  -522.80    -41.70    -37.90   14.77    183879.0
 2023 02 26 19 55 00 000   10.05   -16.89    -4.28  -524.70    -60.20    -45.30   14.63    205492.0
 2023 02 26 19 56 00 000   10.41   -15.66    -5.07  -522.00    -57.10    -46.60   15.25    220111.0
 2023 02 26 19 57 00 000    9.76   -16.58    -3.96  -510.80    -44.20    -52.30   17.87    281730.0
 2023 02 26 19 58 00 000    8.63   -18.04    -4.92  -516.80    -82.00    -85.90   16.32    287212.0
 2023 02 26 19 59 00 000    9.11   -16.20    -5.56  -518.10    -73.00    -98.90   16.36    264816.0
 2023 02 26 20 00 00 000    9.62   -15.15    -1.35  -519.40    -62.20   -112.90   16.42    239515.0
 2023 02 26 20 01 00 000    8.37   -15.66    -0.34  -519.40    -62.20   -112.90   16.42    239515.0
 2023 02 26 20 02 00 000    8.28   -16.36    -3.72  -519.40    -62.20   -112.90   16.42    239515.0
 2023 02 26 20 03 00 000    6.36   -10.47   -15.30  -519.40    -62.20   -112.90   16.42    239515.0
 2023 02 26 20 04 00 000    6.64   -10.37   -14.64  -527.50    -32.40    -96.20   16.92    252191.0
 2023 02 26 20 05 00 000    3.76   -11.33   -12.77  -533.20    -40.00    -92.60   15.64    217957.0
 2023 02 26 20 06 00 000    1.97    -8.65   -14.28  -546.40    -29.10    -98.40   15.86    280583.0
 2023 02 26 20 07 00 000    2.50   -13.77    -9.73  -553.70    -15.00   -125.20   15.58    316076.0
 2023 02 26 20 08 00 000    1.19   -14.10    -9.85  -553.70    -15.00   -125.20   15.58    316076.0
 2023 02 26 20 09 00 000   -1.18   -11.04   -12.60  -553.70    -15.00   -125.20   15.58    316076.0
 2023 02 26 20 10 00 000   -0.49   -11.23   -12.30  -553.70    -15.00   -125.20   15.58    316076.0
 2023 02 26 20 11 00 000    0.07   -11.37   -11.20  -562.90    -46.40    -81.50   16.50    281483.0
 2023 02 26 20 12 00 000    0.76   -11.17   -10.47  -562.90    -46.40    -81.50   16.50    281483.0
 2023 02 26 20 13 00 000    2.36   -13.54   -11.56  -562.90    -46.40    -81.50   16.50    281483.0
 2023 02 26 20 15 00 000    0.17   -11.46   -10.49  -562.90    -46.40    -81.50   16.50    281483.0
 2023 02 26 20 16 00 000   -1.56   -10.20    -8.73  -562.90    -46.40    -81.50   16.50    281483.0
 2023 02 26 20 17 00 000   -0.60   -10.20    -9.41  -562.90    -46.40    -81.50   16.50    281483.0
 2023 02 26 20 18 00 000   -1.48   -10.04    -9.38  -562.90    -46.40    -81.50   16.50    281483.0
 2023 02 26 20 19 00 000    2.02   -13.01   -11.63  -549.10    -63.00    -69.00   18.26    146747.0
 2023 02 26 20 20 00 000    1.70   -12.75   -11.41  -548.80    -63.90    -66.20   18.52    144813.0
 2023 02 26 20 21 00 000    2.76   -12.23    -8.41  -548.20    -65.90    -60.40   19.07    140731.0
 2023 02 26 20 22 00 000    5.80    -7.89    -7.57  -539.90    -46.10    -57.80   20.15    248613.0
 2023 02 26 20 23 00 000    2.97    -6.57    -5.97  -546.50    -49.60    -72.00   20.32    225561.0
 2023 02 26 20 24 00 000    1.62    -8.60   -12.32  -553.70    -49.80    -68.10   17.62    134710.0
 2023 02 26 20 25 00 000    4.52    -6.53    -9.85  -550.70    -44.00    -60.30   17.33    152402.0
 2023 02 26 20 26 00 000    6.07    -7.86    -8.89  -529.50     -7.60    -22.30   17.85    328940.0
 2023 02 26 20 27 00 000    1.36    -6.00   -11.87  -550.20    -47.10    -75.30   20.48    194720.0
 2023 02 26 20 28 00 000   -3.17    -3.75   -11.19  -557.30    -43.90    -86.20   20.45    196911.0
 2023 02 26 20 29 00 000    2.77   -13.15    -8.31  -586.20    -17.00   -124.50   19.65    248118.0
 2023 02 26 20 30 00 000    3.54   -14.80    -5.25  -566.80    -41.10    -87.70   19.44    212624.0
 2023 02 26 20 31 00 000    3.74   -13.32    -7.70  -564.70    -43.70    -83.80   19.42    208820.0
 2023 02 26 20 32 00 000    3.61   -13.46    -7.42  -564.70    -43.70    -83.80   19.42    208820.0
 2023 02 26 20 33 00 000    4.03   -12.63    -8.52  -553.40    -42.20    -98.10   21.21    303093.0
 2023 02 26 20 34 00 000    2.76   -13.81    -4.97  -559.70    -34.70    -79.60   21.77    300119.0
 2023 02 26 20 35 00 000    3.28   -10.61    -8.17  -565.80    -27.30    -61.40   22.32    297207.0
 2023 02 26 20 36 00 000    2.25    -6.47   -11.12  -564.30    -36.60    -89.60   22.81    348805.0
 2023 02 26 20 37 00 000    1.00   -12.43    -5.86  -564.30    -36.60    -89.60   22.81    348805.0
 2023 02 26 20 38 00 000    0.27   -14.37    -4.20  -568.20    -35.40    -61.40   21.60    272659.0
 2023 02 26 20 39 00 000    1.37   -12.78    -6.24  -568.10    -35.20    -56.50   21.36    263384.0
 2023 02 26 20 40 00 000    2.37   -13.45    -2.32  -562.80    -33.50    -36.10   20.23    252007.0
 2023 02 26 20 41 00 000    3.12   -13.09    -0.15  -562.50    -32.00    -37.30   20.35    261881.0
 2023 02 26 20 42 00 000    0.74    -5.60    -5.32  -561.70    -23.10    -50.70   21.18    324747.0
 2023 02 26 20 43 00 000    1.56    -9.08    -7.05  -568.60    -26.30    -87.60   21.27    323383.0
 2023 02 26 20 44 00 000   -0.92    -6.99    -9.26  -570.00    -26.90    -94.90   21.29    323112.0
 2023 02 26 20 45 00 000   -0.84   -11.63    -5.44  -570.00    -26.90    -94.90   21.29    323112.0
 2023 02 26 20 46 00 000   -0.72   -10.15    -7.06  -571.10    -50.90    -89.60   23.93    318179.0
 2023 02 26 20 47 00 000    1.08   -10.70    -6.02  -571.10    -50.90    -89.60   23.93    318195.0
 2023 02 26 20 48 00 000    0.47    -9.63    -7.86  -571.80    -53.50    -73.60   25.32    326386.0
 2023 02 26 20 49 00 000    0.09    -7.58    -9.93  -571.80    -53.20    -74.00   25.28    319848.0
 2023 02 26 20 50 00 000    1.12    -7.80    -9.91  -574.50    -55.60    -83.50   24.42    274919.0
 2023 02 26 20 51 00 000    3.00    -8.13    -8.09  -574.50    -55.60    -83.50   24.42    274919.0
 2023 02 26 20 52 00 000    5.03    -1.50    -8.76  -572.80    -53.10    -85.20   24.52    289462.0
 2023 02 26 20 53 00 000    4.76     5.06    -6.00  -553.10    -25.20   -104.90   25.75    454667.0
 2023 02 26 20 54 00 000    3.95     4.61    -6.59  -554.40    -22.60   -101.40   25.62    442926.0
 2023 02 26 20 55 00 000    5.30     5.54    -6.20  -557.10    -16.90    -93.80   25.33    417287.0
 2023 02 26 20 56 00 000    6.31     6.17    -5.07  -556.80    -10.40    -85.20   25.52    373161.0
 2023 02 26 20 57 00 000    6.23     4.94    -5.54  -556.70     -8.20    -82.30   25.58    358146.0
 2023 02 26 20 58 00 000    3.10     5.57    -4.24  -565.40    -15.50    -72.90   27.65    395053.0
 2023 02 26 20 59 00 000    5.83     4.69    -3.94  -565.60    -15.70    -72.70   27.69    395863.0
 2023 02 26 21 00 00 000    6.32     2.11    -3.17  -548.00    -23.10    -74.20   24.83    334203.0
 2023 02 26 21 01 00 000    6.09     3.48    -3.40  -547.30    -37.20    -70.80   22.05    267220.0
 2023 02 26 21 02 00 000    6.30     3.77    -3.52  -551.20    -34.20    -75.50   23.97    309018.0
 2023 02 26 21 03 00 000    6.23     4.23    -5.04  -547.00    -40.00    -58.40   22.90    284942.0
 2023 02 26 21 04 00 000    7.42     1.60    -3.05  -544.60    -33.50    -65.30   23.69    269134.0
 2023 02 26 21 05 00 000   10.02    -1.11     1.48  -551.70    -24.90    -54.70   25.83    347202.0
 2023 02 26 21 06 00 000    5.38     0.71    -2.67  -550.90    -28.00    -59.20   27.52    426014.0
 2023 02 26 21 07 00 000    8.54    -2.55    -2.57  -550.50    -28.70    -60.10   27.67    433623.0
 2023 02 26 21 08 00 000    5.10     1.22    -4.70  -550.50    -28.70    -60.10   27.67    433623.0
 2023 02 26 21 09 00 000    5.86     1.75    -4.24  -553.60    -46.50    -61.80   23.63    307120.0
 2023 02 26 21 10 00 000    6.02     2.22    -2.28  -555.50    -39.90    -70.20   22.46    257677.0
 2023 02 26 21 11 00 000    7.70     2.57    -5.18  -545.40    -47.80    -52.90   27.70    443919.0
 2023 02 26 21 12 00 000    7.23     2.25    -5.09  -550.40    -37.80    -66.80   26.38    333804.0
 2023 02 26 21 13 00 000    7.97    -0.15    -5.80  -552.00    -39.90    -65.00   25.85    310080.0
 2023 02 26 21 14 00 000    3.90     4.31   -10.75  -548.00    -50.50    -47.00   27.25    413486.0
 2023 02 26 21 15 00 000    5.15     5.95    -6.90  -542.00    -56.00    -22.60   29.32    572342.0
 2023 02 26 21 16 00 000    4.30     4.90   -10.64  -548.90    -45.60    -76.00   18.59    232712.0
 2023 02 26 21 17 00 000    2.20     8.69    -8.55  -548.90    -45.60    -76.00   18.59    232712.0
 2023 02 26 21 18 00 000    3.52     6.21   -10.51  -551.20    -49.80    -83.70   18.17    208606.0
 2023 02 26 21 19 00 000    2.89     5.70   -10.38  -551.20    -49.80    -83.70   18.17    208606.0
 2023 02 26 21 20 00 000    0.83     9.05    -8.74  -556.10    -31.40    -78.80   19.60    229473.0
 2023 02 26 21 21 00 000    3.72     8.70    -9.56  -557.40    -26.40    -77.50   19.99    235120.0
 2023 02 26 21 22 00 000    2.66     9.18    -9.32  -548.60    -38.10    -77.00   15.53    202541.0
 2023 02 26 21 23 00 000    4.35     7.27   -10.67  -548.60    -38.10    -77.00   15.53    202541.0
 2023 02 26 21 24 00 000    5.70     6.13   -11.22  -542.30    -55.20    -66.60   13.88    231170.0
 2023 02 26 21 25 00 000    6.43     2.30   -12.26  -541.70    -47.50    -67.10   14.85    231074.0
 2023 02 26 21 26 00 000    6.34     2.75   -12.19  -541.40    -43.80    -67.40   15.33    230840.0
 2023 02 26 21 27 00 000    6.74     0.07   -12.37  -541.40    -43.80    -67.40   15.33    230840.0
 2023 02 26 21 28 00 000   10.06    -2.36   -12.15  -541.40    -43.80    -67.40   15.33    230840.0
 2023 02 26 21 29 00 000    6.02     2.71   -12.87  -541.40    -43.80    -67.40   15.33    230840.0
 2023 02 26 21 30 00 000    6.15     6.06   -10.93  -541.50    -46.70    -71.80   14.82    244182.0
 2023 02 26 21 31 00 000    8.16     1.81   -11.73  -541.50    -46.70    -71.80   14.82    244182.0
 2023 02 26 21 32 00 000   11.69    -1.48   -12.18  -549.20    -43.00    -65.00   10.06    315787.0
 2023 02 26 21 33 00 000   11.77    -2.31   -12.29  -553.10    -41.10    -61.90    7.95    347604.0
 2023 02 26 21 34 00 000   11.30    -2.86   -12.50  -586.30    -20.80    -51.80    5.63    347153.0
 2023 02 26 21 36 00 000   11.84    -1.66   -12.69  -585.60    -15.50    -97.60    5.68    405910.0
 2023 02 26 21 37 00 000   11.29    -4.19   -12.15  -585.60    -15.50    -97.60    5.68    405910.0
 2023 02 26 21 38 00 000   10.33    -5.09   -11.49  -585.60    -15.50    -97.60    5.68    405910.0
 2023 02 26 21 39 00 000    7.40    -5.57    -9.78  -599.10    -23.90    -28.00    7.74    522365.0
 2023 02 26 21 40 00 000    5.76    -6.52    -8.11  -599.10    -23.90    -28.00    7.74    522365.0
 2023 02 26 21 41 00 000    7.97    -4.09   -10.41  -599.10    -23.90    -28.00    7.74    522365.0
 2023 02 26 21 42 00 000    5.07    -5.00    -7.79  -599.10    -23.90    -28.00    7.74    522365.0
 2023 02 26 21 43 00 000    5.39    -5.32    -7.32  -599.10    -23.90    -28.00    7.74    522365.0
 2023 02 26 21 44 00 000    6.14    -5.37    -7.06  -599.10    -23.90    -28.00    7.74    522365.0
 2023 02 26 21 45 00 000    6.94    -1.98    -7.22  -599.10    -23.90    -28.00    7.74    522365.0
 2023 02 26 21 46 00 000    6.55    -0.83    -8.33  -599.10    -23.90    -28.00    7.74    522365.0
 2023 02 26 21 47 00 000    6.53    -0.79    -8.37  -599.10    -23.90    -28.00    7.74    522365.0
 2023 02 26 21 48 00 000    6.26    -0.34    -8.99  -599.10    -23.90    -28.00    7.74    522365.0
 2023 02 26 21 49 00 000    6.58     0.01    -8.09  -599.10    -23.90    -28.00    7.74    522365.0
 2023 02 26 21 50 00 000    6.55     0.07    -8.45  -589.30    -12.60    -36.90    9.41    927250.0
 2023 02 26 21 51 00 000    7.35    -0.73    -8.72  -589.30    -12.60    -36.90    9.41    927250.0
 2023 02 26 21 52 00 000    8.64    -1.47    -6.26  -589.30    -12.60    -36.90    9.41    927250.0
 2023 02 26 21 53 00 000    7.78    -1.21    -7.84  -591.90    -11.30    -47.10    9.19    888711.0
 2023 02 26 21 54 00 000    8.51     1.27    -7.35  -583.60    -11.80    -44.70    8.98    773903.0
 2023 02 26 21 55 00 000   10.72     1.52    -9.47  -594.90     23.60    -49.70    7.96    719828.0
 2023 02 26 21 56 00 000   11.25     2.38    -9.15  -599.20     33.70    -51.40    7.70    720120.0
 2023 02 26 21 57 00 000   11.17     3.21    -8.81  -599.20     33.70    -51.40    7.70    720120.0
 2023 02 26 21 58 00 000    7.92    -0.56    -8.49  -604.80      2.10    -36.50    9.49    740058.0
 2023 02 26 21 59 00 000    8.54    -0.15    -7.25  -604.80      2.10    -36.50    9.49    740058.0
 2023 02 26 22 00 00 000    7.04    -1.43    -7.62  -604.80      2.10    -36.50    9.49    740058.0
 2023 02 26 22 01 00 000    7.54    -1.21    -7.93  -604.30     21.10    -63.20    8.44    855301.0
 2023 02 26 22 02 00 000    7.18    -1.01    -7.75  -604.30     21.10    -63.20    8.44    855301.0
 2023 02 26 22 03 00 000    5.51    -4.07    -7.56  -583.90     14.70    -82.30   10.43   1026028.0
 2023 02 26 22 04 00 000    4.34    -3.76    -9.01  -583.40     14.50    -82.80   10.48   1030330.0
 2023 02 26 22 05 00 000    4.93    -2.59    -7.68  -601.60     12.10    -43.30    8.96    725999.0
 2023 02 26 22 06 00 000    4.49    -2.75    -7.64  -598.20     12.90    -42.90    8.81    718316.0
 2023 02 26 22 07 00 000    4.09    -3.18    -7.82  -586.90      4.20    -49.70    8.87    783502.0
 2023 02 26 22 08 00 000    3.71    -1.92    -6.87  -614.80     16.00    -37.00    9.14    868226.0
 2023 02 26 22 09 00 000    3.15    -2.13    -7.73  -606.20     16.80    -39.40    9.08    836851.0
 2023 02 26 22 10 00 000    4.17    -1.87    -8.46  -598.30      1.50    -55.20    9.38    743462.0
 2023 02 26 22 11 00 000    3.85    -4.44    -7.99  -610.00      5.20    -50.70    9.34    830614.0
 2023 02 26 22 12 00 000    6.40    -3.46    -6.08  -606.30     17.40    -46.80    9.33    844368.0
 2023 02 26 22 13 00 000    4.17    -4.29    -6.04  -594.30     20.30    -43.20    9.27    726736.0
 2023 02 26 22 14 00 000    7.56    -2.48    -7.02  -611.30      2.10    -32.60    8.71    703061.0
 2023 02 26 22 15 00 000    6.48    -4.22    -7.74  -611.50      2.70    -32.90    8.84    707442.0
 2023 02 26 22 16 00 000    5.49    -5.08    -7.57  -612.40      5.10    -34.00    9.42    726736.0
 2023 02 26 22 17 00 000    5.32    -4.67    -6.90  -633.60     39.30    -50.90    9.04    995910.0
 2023 02 26 22 18 00 000    4.98    -4.22    -5.64  -634.20     40.30    -51.40    9.03   1003661.0
 2023 02 26 22 19 00 000    2.93    -2.35    -3.25  -634.20     40.30    -51.40    9.03   1003661.0
 2023 02 26 22 20 00 000    4.88    -3.21    -4.46  -634.20     40.30    -51.40    9.03   1003661.0
 2023 02 26 22 21 00 000    5.06    -3.74    -4.40  -634.20     40.30    -51.40    9.03   1003661.0
 2023 02 26 22 22 00 000    5.29    -3.89    -4.01  -630.20      2.50    -55.50   10.82   1028752.0
 2023 02 26 22 23 00 000    5.15    -3.07    -4.51  -630.20      2.50    -55.50   10.82   1028752.0
 2023 02 26 22 24 00 000    4.56    -1.62    -3.82  -625.10     27.20    -70.40   11.20   1263255.0
 2023 02 26 22 25 00 000    4.05     0.29    -1.39  -643.90     42.60    -47.40    9.52   1071400.0
 2023 02 26 22 26 00 000    2.44     3.57     0.18  -652.90     57.30    -37.60    8.39    924906.0
 2023 02 26 22 27 00 000    0.14     7.13     2.82  -650.90     78.40    -39.30    8.48    956018.0
 2023 02 26 22 28 00 000   -3.71     6.16     4.07  -669.60     83.00    -24.70    7.75    768428.0
 2023 02 26 22 29 00 000   -4.93     7.20     3.84  -671.00     81.20    -25.00    7.59    750079.0
 2023 02 26 22 30 00 000   -4.33     6.21     3.47  -678.10     72.20    -26.70    6.80    659323.0
 2023 02 26 22 31 00 000   -3.68     6.21     4.43  -680.40     69.20    -27.30    6.55    629442.0
 2023 02 26 22 32 00 000   -3.56     6.06     4.86  -670.00     69.20    -24.40    8.01    858181.0
 2023 02 26 22 33 00 000   -1.06     2.00     4.52  -668.10     64.00    -27.90    8.16    879220.0
 2023 02 26 22 34 00 000   -2.70     7.89     4.12  -661.60     46.30    -39.90    8.68    951104.0
 2023 02 26 22 35 00 000   -6.18     9.58     5.91  -669.10     67.90    -30.40    6.90    750803.0
 2023 02 26 22 36 00 000   -6.41     9.18     5.74  -668.80     67.40    -29.20    6.86    747522.0
 2023 02 26 22 37 00 000   -2.46     6.20     4.99  -666.00     61.70    -16.60    6.44    713535.0
 2023 02 26 22 38 00 000    0.76    -1.15     0.95  -653.00     46.20    -11.60    8.66    902932.0
 2023 02 26 22 39 00 000    0.90    -2.66    -1.61  -649.40     41.90    -10.20    9.29    955930.0
 2023 02 26 22 40 00 000    1.27    -5.84    -4.26  -649.40     41.90    -10.20    9.29    955930.0
 2023 02 26 22 41 00 000    2.58    -6.90    -3.98  -651.80     73.70    -10.60    9.35    925752.0
 2023 02 26 22 42 00 000    3.51    -6.23    -4.64  -651.80     73.70    -10.60    9.35    925752.0
 2023 02 26 22 43 00 000    3.43    -6.63    -4.90  -651.80     73.70    -10.60    9.35    925752.0
 2023 02 26 22 44 00 000    3.35    -7.09    -3.17  -653.50    104.70    -41.40    9.41    921267.0
 2023 02 26 22 45 00 000    2.67    -6.83    -2.21  -653.50    104.70    -41.40    9.41    921267.0
 2023 02 26 22 46 00 000    2.12    -7.45    -1.31  -657.20     82.90    -17.00   10.09    952890.0
 2023 02 26 22 47 00 000    2.42    -8.12    -1.44  -657.20     82.90    -17.00   10.09    952890.0
 2023 02 26 22 48 00 000    2.41    -8.46    -1.73  -648.50     63.90     -4.70   10.08   1052555.0
 2023 02 26 22 49 00 000    2.85    -9.17    -1.37  -648.50     63.90     -4.70   10.08   1052555.0
 2023 02 26 22 50 00 000    3.63    -8.75    -1.15  -648.50     63.90     -4.70   10.08   1052555.0
 2023 02 26 22 51 00 000    3.64    -8.99    -1.26  -648.50     63.90     -4.70   10.08   1052555.0
 2023 02 26 22 52 00 000    4.32    -8.80    -0.32  -648.50     63.90     -4.70   10.08   1052555.0
 2023 02 26 22 53 00 000    3.46    -8.34    -0.30  -653.50     86.30    -32.00    8.97    726736.0
 2023 02 26 22 54 00 000    3.86    -7.51    -0.66  -653.40     86.70    -31.20    9.00    741949.0
 2023 02 26 22 55 00 000    4.54    -6.02     1.15  -650.90     93.80    -15.10    9.59   1052555.0
 2023 02 26 22 56 00 000    5.51    -5.57     2.09  -650.20     90.20    -13.90    9.26   1006122.0
 2023 02 26 22 57 00 000    5.10    -3.63     2.87  -649.40     86.10    -12.60    8.86    952890.0
 2023 02 26 22 58 00 000    2.61    -1.56     2.48  -649.40     86.10    -12.60    8.86    952890.0
 2023 02 26 22 59 00 000    2.96     2.12     5.73  -626.80     63.60      6.50    8.87    816898.0
 2023 02 26 23 00 00 000    3.32     3.52     6.29  -626.80     63.60      6.50    8.87    816898.0
 2023 02 26 23 01 00 000    3.84     1.92     4.91  -623.10    106.80    -12.30   10.42   1003661.0
 2023 02 26 23 02 00 000    4.49     1.38     4.99  -623.10    106.80    -12.30   10.42   1003661.0
 2023 02 26 23 03 00 000    4.62    -0.35     4.77  -629.90     78.40     -8.90   10.12    907019.0
 2023 02 26 23 04 00 000    5.07     2.51     7.23  -632.50     67.50     -7.60   10.01    869749.0
 2023 02 26 23 05 00 000    4.39     1.78     6.47  -632.50     67.50     -7.60   10.01    869749.0
 2023 02 26 23 10 00 000    2.62    -0.32     4.33  -631.60     61.80      9.50    9.13    848123.0
 2023 02 26 23 11 00 000    4.35    -2.76     6.09  -632.60     61.60      8.90    9.46    870969.0
 2023 02 26 23 12 00 000    6.27    -2.74     6.27  -636.00     52.20      1.60    9.67    840172.0
 2023 02 26 23 13 00 000    2.51     0.70     5.41  -637.20     49.80    -11.20    9.46    808984.0
 2023 02 26 23 14 00 000    4.43    -4.70     4.18  -637.70     75.00    -15.80    9.35    788637.0
 2023 02 26 23 15 00 000    3.57    -4.59     2.75  -642.60     79.60    -21.30    8.94    646286.0
 2023 02 26 23 16 00 000    2.87    -8.67     1.80  -642.80     54.30     -7.30   10.09    726695.0
 2023 02 26 23 17 00 000    4.61   -11.60    -2.72  -643.20     52.50     -6.90   10.05    744723.0
 2023 02 26 23 18 00 000    6.25   -11.04    -3.38  -644.50     42.30      0.90    9.80    765120.0
 2023 02 26 23 19 00 000    7.21    -5.95     3.43  -642.30     43.20     -6.10    9.98    746601.0
 2023 02 26 23 20 00 000    4.43     0.10    10.92  -655.10     72.80    -13.70    9.87    699153.0
 2023 02 26 23 21 00 000    5.05     0.49    11.04  -655.10     72.80    -13.70    9.87    699153.0
 2023 02 26 23 22 00 000    5.85     1.50     9.18  -646.90     62.70     -8.70    9.10    550513.0
 2023 02 26 23 23 00 000    9.26    -1.10     6.12  -631.60     66.70      1.40    9.44    574043.0
 2023 02 26 23 24 00 000    7.00     0.14     7.35  -590.00     70.80     29.90   10.80    696554.0
 2023 02 26 23 25 00 000    7.76    -0.04     6.89  -645.10     79.90     -3.40    9.27    669556.0
 2023 02 26 23 26 00 000   10.66    -2.12     2.96  -621.80     70.20      3.80    9.63    639300.0
 2023 02 26 23 27 00 000   10.07    -3.60     3.04  -604.70     60.40     10.20   10.03    629258.0
 2023 02 26 23 28 00 000    9.16    -5.16     3.65  -604.20     57.60     14.20   10.36    669115.0
 2023 02 26 23 29 00 000    8.68    -8.83    -0.60  -630.50     62.80     -6.10    9.74    679200.0
 2023 02 26 23 30 00 000    7.39    -9.19    -2.85  -626.50     38.50      5.90   10.25    638838.0
 2023 02 26 23 31 00 000    6.59    -9.02    -4.72  -626.10     53.40     -0.00    9.62    605967.0
 2023 02 26 23 32 00 000    7.08    -8.03    -4.47  -605.60     59.80     -0.40    9.88    596430.0
 2023 02 26 23 33 00 000    7.05    -8.71    -3.88  -622.70     45.90      2.40    9.90    578089.0
 2023 02 26 23 34 00 000    7.17    -8.99    -3.51  -609.70     43.90      2.40    9.95    581513.0
 2023 02 26 23 35 00 000    7.52    -8.73    -2.68  -606.50     64.50     30.30    9.62    617940.0
 2023 02 26 23 36 00 000    8.18    -9.25    -0.80  -613.60     53.80     16.30    9.54    588577.0
 2023 02 26 23 37 00 000    9.02    -7.55     2.37  -614.10     56.60     21.20    9.65    579419.0
 2023 02 26 23 38 00 000   10.50    -4.09     4.17  -610.50     58.50     37.10   10.37    647863.0
 2023 02 26 23 39 00 000   10.26    -4.28     3.51  -602.30     51.80      6.10   10.17    591580.0
 2023 02 26 23 40 00 000   10.03    -4.67     5.25  -608.70     83.00     29.10    9.65    590416.0
 2023 02 26 23 41 00 000   10.38    -5.59     3.28  -613.70     58.20     25.30    9.96    658004.0
 2023 02 26 23 42 00 000    9.45    -9.62    -2.77  -613.40     41.40     12.40   10.49    672941.0
 2023 02 26 23 43 00 000    9.72    -9.24    -2.85  -613.40     41.40     12.40   10.49    672941.0
 2023 02 26 23 44 00 000   10.14    -8.21    -3.46  -605.70     46.00     -5.20    9.82    576663.0
 2023 02 26 23 45 00 000    7.81   -10.82    -1.99  -609.60     45.30     -0.60   10.06    562436.0
 2023 02 26 23 46 00 000    7.48   -11.14    -2.04  -621.40     43.30     13.10   10.76    519782.0
 2023 02 26 23 47 00 000    8.52   -10.47    -1.83  -621.40     43.30     13.10   10.76    519782.0
 2023 02 26 23 48 00 000    9.35    -9.73    -1.20  -614.70     47.00      7.60   10.22    499130.0
 2023 02 26 23 49 00 000    9.29    -9.78    -0.94  -614.70     47.00      7.60   10.22    499130.0
 2023 02 26 23 50 00 000    9.67    -9.26    -1.47  -614.70     47.00      7.60   10.22    499130.0
 2023 02 26 23 51 00 000   10.41    -8.22    -0.99  -612.60     50.30     -4.90   10.03    449542.0
 2023 02 26 23 52 00 000   11.35    -7.68    -0.06  -614.70     51.60     -1.70    9.79    457725.0
 2023 02 26 23 53 00 000    9.77    -9.07    -2.08  -628.60     60.10     20.40    8.19    513280.0
 2023 02 26 23 54 00 000   11.12    -7.47    -2.65  -636.40     33.30     -3.50    8.71    496502.0
 2023 02 26 23 55 00 000   11.06    -7.77    -1.18  -637.20     30.70     -5.90    8.76    494853.0
 2023 02 26 23 56 00 000   10.93    -7.95    -1.74  -637.20     30.70     -5.90    8.76    494853.0
 2023 02 26 23 57 00 000    9.89    -8.60    -3.93  -620.10     41.70    -21.20    9.09    539137.0
 2023 02 26 23 58 00 000    9.22    -9.29    -4.54  -620.10     41.70    -21.20    9.09    539137.0
 2023 02 26 23 59 00 000   10.23    -7.85    -3.61  -620.10     41.70    -21.20    9.09    539137.0
 2023 02 27 00 00 00 000    9.98    -8.84    -2.77  -622.90     48.50    -14.00    8.48    463945.0
 2023 02 27 00 01 00 000   10.37    -8.98    -0.32  -622.90     48.50    -14.00    8.48    463945.0
 2023 02 27 00 02 00 000   10.83    -7.93    -1.99  -622.90     48.50    -14.00    8.48    463945.0
 2023 02 27 00 03 00 000   10.99    -7.17    -3.27  -622.90     48.50    -14.00    8.48    463945.0
 2023 02 27 00 04 00 000    9.33    -7.76    -4.79  -619.90     53.90    -29.20    8.81    487180.0
 2023 02 27 00 05 00 000    9.64    -9.35    -1.60  -628.10     52.50    -22.20    8.92    526980.0
 2023 02 27 00 06 00 000    9.50   -11.00     0.59  -650.60     56.90     -2.10    8.09    543432.0
 2023 02 27 00 07 00 000    9.74    -9.61     3.94  -650.60     56.90     -2.10    8.09    543432.0
 2023 02 27 00 08 00 000    9.91    -8.43     6.42  -655.70     86.30     16.40    7.82    513186.0
 2023 02 27 00 09 00 000    9.71    -9.97    -3.48  -655.40     85.90     14.80    7.79    512182.0
 2023 02 27 00 10 00 000   10.04    -9.57    -3.65  -650.80     79.40    -13.40    7.32    493592.0
 2023 02 27 00 11 00 000   10.11    -9.10    -4.01  -657.10     70.60    -14.50    6.23    455586.0
 2023 02 27 00 12 00 000    9.73    -8.34    -4.91  -669.20     68.90    -25.60    6.84    467365.0
 2023 02 27 00 13 00 000    9.28    -8.71    -5.33  -674.10     68.60    -30.30    7.16    474172.0
 2023 02 27 00 14 00 000   10.64    -8.56    -3.62  -663.20     66.10    -34.20    6.70    400050.0
 2023 02 27 00 15 00 000   10.99    -9.43    -3.02  -663.80     71.90    -39.90    6.62    420086.0
 2023 02 27 00 16 00 000   10.44    -9.29    -3.97  -658.00     71.60    -30.10    6.14    394814.0
 2023 02 27 00 17 00 000   10.80    -8.96    -3.62  -664.90     64.10    -42.40    7.05    421200.0
 2023 02 27 00 18 00 000   10.85    -8.69    -3.88  -665.80     63.20    -43.90    7.16    424452.0
 2023 02 27 00 19 00 000   10.34    -7.48    -5.04  -671.50     56.40    -48.00    7.70    534293.0
 2023 02 27 00 20 00 000   10.00    -7.04    -4.58  -672.10     59.40    -46.00    7.54    509264.0
 2023 02 27 00 21 00 000    4.43     1.46    -7.91  -672.90     63.10    -43.40    7.34    476932.0
 2023 02 27 00 22 00 000    4.07     0.76    -8.23  -700.10    108.60    -92.40    8.46    346969.0
 2023 02 27 00 23 00 000    4.58     0.43    -6.94  -683.70     84.70    -87.10    8.11    461964.0
 2023 02 27 00 24 00 000    4.86    -2.14    -2.97  -675.50     68.00    -75.40    8.65    746123.0
 2023 02 27 00 25 00 000    2.40    -1.61    -2.03  -681.10     65.50    -48.80    7.83    652010.0
 2023 02 27 00 26 00 000    2.36    -1.82    -1.56  -697.70     90.00    -77.40    9.06    599298.0
 2023 02 27 00 27 00 000    1.00     1.91    -1.65  -661.70     52.00    -37.90   10.12    991839.0
 2023 02 27 00 28 00 000   -5.45     8.90    -7.68  -711.60    109.90    -57.00    7.61    343888.0
 2023 02 27 00 29 00 000   -3.66     7.54    -8.01  -688.50     98.40    -91.20    7.67    408014.0
 2023 02 27 00 30 00 000   -1.33     6.59    -9.92  -686.10     97.20    -94.80    7.68    414778.0
 2023 02 27 00 31 00 000   -3.69     7.66    -8.35  -686.10     97.20    -94.80    7.68    414778.0
 2023 02 27 00 32 00 000   -4.16     6.01    -9.07  -686.10     97.20    -94.80    7.68    414778.0
 2023 02 27 00 33 00 000   -2.87     7.77    -9.48  -686.10     97.20    -94.80    7.68    414778.0
 2023 02 27 00 34 00 000   -2.83     5.70    -9.39  -686.10     97.20    -94.80    7.68    414778.0
 2023 02 27 00 36 00 000    0.70     6.95   -10.49  -683.20     85.60    -79.70    7.26    372816.0
 2023 02 27 00 37 00 000    0.14     5.98    -9.92  -683.20     85.60    -79.70    7.26    372816.0
 2023 02 27 00 38 00 000    0.37     4.96   -10.14  -683.20     85.60    -79.70    7.26    372816.0
 2023 02 27 00 39 00 000    3.28     3.36   -10.19  -683.20     85.60    -79.70    7.26    372816.0
 2023 02 27 00 40 00 000    4.61    -0.74    -3.48  -672.50     60.30    -40.70    9.96    289043.0
 2023 02 27 00 41 00 000    5.68    -3.61     2.15  -673.30     78.20     -9.30    8.88    369946.0
 2023 02 27 00 42 00 000    5.63    -7.34     8.61  -671.60     88.30     16.70    8.27    491827.0
 2023 02 27 00 43 00 000    7.63    -7.32     6.60  -661.30     59.80      0.50   10.05    682346.0
 2023 02 27 00 44 00 000    7.16    -7.36     7.78  -661.30     59.80      0.50   10.05    682346.0
 2023 02 27 00 45 00 000    6.71    -7.02     8.55  -661.30     59.80      0.50   10.05    682346.0
 2023 02 27 00 46 00 000    6.09    -7.30     7.98  -661.30     59.80      0.50   10.05    682346.0
 2023 02 27 00 47 00 000    6.04    -8.19     7.47  -654.90     64.40     -0.80    9.75    603428.0
 2023 02 27 00 48 00 000    6.77    -7.98     7.09  -654.90     64.40     -0.80    9.75    603428.0
 2023 02 27 00 49 00 000    7.70    -8.81     4.89  -654.90     64.40     -0.80    9.75    603428.0
 2023 02 27 00 51 00 000    4.60   -11.64     3.30  -669.10     37.50     -9.30    9.75    363566.0
 2023 02 27 00 52 00 000    5.31   -11.88     2.21  -669.10     37.50     -9.30    9.75    363566.0
 2023 02 27 00 53 00 000    3.60   -12.74     0.72  -669.10     37.50     -9.30    9.75    363566.0
 2023 02 27 00 54 00 000    2.64   -12.57     1.29  -669.10     37.50     -9.30    9.75    363566.0
 2023 02 27 00 55 00 000    2.94   -13.17    -0.04  -669.10     37.50     -9.30    9.75    363566.0
 2023 02 27 00 56 00 000    3.80   -12.38    -3.58  -670.80     42.00    -15.40   10.10    530605.0
 2023 02 27 00 57 00 000    5.54    -9.95     1.10  -670.80     42.00    -15.40   10.10    530605.0
 2023 02 27 00 58 00 000    8.01    -8.69     6.27  -670.80     42.00    -15.40   10.10    530605.0
 2023 02 27 00 59 00 000    7.87    -8.70     6.26  -652.70     39.40     -0.20    9.01    630677.0
 2023 02 27 01 00 00 000    6.52    -9.27     4.81  -652.70     39.40     -0.20    9.01    630677.0
 2023 02 27 01 01 00 000    8.07    -6.88     8.37  -652.70     39.40     -0.20    9.01    630677.0
 2023 02 27 01 02 00 000    7.57    -6.22     8.40  -655.60     72.20      9.00    8.96    638111.0
 2023 02 27 01 03 00 000    4.89   -10.88    -2.35  -655.60     72.20      9.00    8.96    638111.0
 2023 02 27 01 04 00 000    5.23   -11.62    -1.61  -655.60     72.20      9.00    8.96    638111.0
 2023 02 27 11 04 00 000    5.19    -1.29   -16.17  -655.60     72.20      9.00    8.96    638111.0
 2023 02 27 11 06 00 000    3.55    -1.82   -16.26  -655.60     72.20      9.00    8.96    638111.0
 2023 02 27 11 08 00 000    2.66    -1.23   -15.58  -768.00     27.40    -14.50    6.45   1020878.0
 2023 02 27 11 10 00 000    4.38    -1.63   -15.28  -768.00     27.40    -14.50    6.45   1020878.0
 2023 02 27 11 12 00 000    2.60    -6.07   -15.02  -768.00     27.40    -14.50    6.45   1020878.0
 2023 02 27 11 13 00 000    6.50    -0.13   -15.50  -768.00     27.40    -14.50    6.45   1020878.0
 2023 02 27 11 14 00 000    5.15     0.11   -15.72  -768.00     27.40    -14.50    6.45   1020878.0
 2023 02 27 11 15 00 000    4.42     3.23   -15.77  -768.00     27.40    -14.50    6.45   1020878.0
 2023 02 27 11 16 00 000    1.61    -0.97   -12.29  -768.00     27.40    -14.50    6.45   1020878.0
 2023 02 27 11 17 00 000    3.04     2.27   -15.71  -764.10     66.90     10.00    6.40   1147158.0
 2023 02 27 11 18 00 000    2.79    -1.27   -16.13  -764.10     66.90     10.00    6.40   1147158.0
 2023 02 27 11 19 00 000   -6.54    -2.15   -11.06  -764.10     66.90     10.00    6.40   1147158.0
 2023 02 27 11 20 00 000    0.26    -3.46   -15.83  -764.10     66.90     10.00    6.40   1147158.0
 2023 02 27 11 21 00 000    3.13    -1.90   -16.20  -764.10     66.90     10.00    6.40   1147158.0
 2023 02 27 11 22 00 000   -3.61    -0.76   -11.57  -764.10     66.90     10.00    6.40   1147158.0
 2023 02 27 11 23 00 000    5.54     0.65   -14.82  -764.10     66.90     10.00    6.40   1147158.0
 2023 02 27 11 24 00 000    6.35     0.70   -14.40  -724.90     99.40      1.10    6.33   1254528.0
 2023 02 27 11 25 00 000    1.40     0.13   -13.63  -724.90     99.40      1.10    6.33   1254528.0
 2023 02 27 11 26 00 000    6.42    -1.75   -14.97  -733.30     68.10    -22.70    4.78    711688.0
 2023 02 27 11 27 00 000   -3.17     2.14   -13.19  -733.50     67.40    -23.30    4.74    699153.0
 2023 02 27 11 30 00 000   -9.49     5.35   -10.99  -733.50     67.40    -23.30    4.74    699153.0
 2023 02 27 11 32 00 000   -8.01     4.31   -10.84  -733.50     67.40    -23.30    4.74    699153.0
 2023 02 27 11 34 00 000   -8.44    -0.33   -11.82  -733.50     67.40    -23.30    4.74    699153.0
 2023 02 27 11 36 00 000   -1.74     3.20   -15.94  -733.50     67.40    -23.30    4.74    699153.0
 2023 02 27 11 38 00 000    0.53     4.27   -16.19  -834.20     60.90     19.10    3.93    448499.0
 2023 02 27 11 40 00 000    3.02     2.66   -14.39  -703.00     30.10     -6.10    6.63   1323402.0
 2023 02 27 11 41 00 000    7.64    -1.75   -10.17  -703.00     30.10     -6.10    6.63   1323402.0
 2023 02 27 11 42 00 000    4.06     2.32   -13.13  -703.00     30.10     -6.10    6.63   1323402.0
 2023 02 27 11 43 00 000    7.03    -2.40   -10.77  -703.00     30.10     -6.10    6.63   1323402.0
 2023 02 27 11 44 00 000    4.05    -1.19   -12.74  -703.00     30.10     -6.10    6.63   1323402.0
 2023 02 27 11 45 00 000    0.17     0.67   -14.82  -703.00     30.10     -6.10    6.63   1323402.0
 2023 02 27 11 46 00 000    4.59     1.52   -12.58  -795.20     95.00     -8.00    5.10    644340.0
 2023 02 27 11 47 00 000    4.70     0.98   -12.44  -744.30     65.50    -13.10    6.35   1112423.0
 2023 02 27 11 48 00 000    5.10     3.13   -12.30  -699.80      6.50    -44.10    8.15   1929968.0
 2023 02 27 11 49 00 000    4.80     2.21   -13.17  -711.80     -1.10    -55.10    8.11   2010188.0
 2023 02 27 11 50 00 000    9.77     6.39    -7.85  -728.40    144.10     33.90    4.44    647116.0
 2023 02 27 11 51 00 000    7.37    -0.13   -10.80  -728.30    143.40     49.60    5.55    938114.0
 2023 02 27 11 52 00 000    6.22     3.60   -11.51  -706.80    149.80     80.50    6.04   1070184.0
 2023 02 27 11 53 00 000    4.36     3.35   -12.58  -722.20     66.00     29.60    6.85   1407017.0
 2023 02 27 11 54 00 000    0.45     3.52   -12.95  -744.50     81.90     -0.50    6.88   1357742.0
 2023 02 27 11 55 00 000    1.86     5.52   -11.82  -782.40    128.80     -4.10    6.74   1088279.0
 2023 02 27 11 56 00 000    0.96     7.15   -11.78  -778.30    106.70     -1.20    5.61    775805.0
 2023 02 27 11 57 00 000   -1.80     3.67   -12.49  -785.40    117.70      2.90    5.62    762181.0
 2023 02 27 11 58 00 000   -1.84     2.54   -12.11  -785.40    117.70      2.90    5.62    762181.0
 2023 02 27 11 59 00 000   -1.66     1.95   -11.44  -826.20     33.80    -14.50    6.44   1153832.0
 2023 02 27 12 00 00 000   -5.65     4.60   -10.83  -826.20     33.80    -14.50    6.44   1153832.0
 2023 02 27 12 01 00 000    1.67     5.98   -11.16  -787.00    138.80      2.60    6.00    876165.0
 2023 02 27 12 02 00 000   -0.02     8.99   -10.38  -804.70    139.80    -17.60    6.53   1015433.0
 2023 02 27 12 03 00 000    3.86     7.36   -10.65  -804.70    139.80    -17.60    6.53   1015433.0
 2023 02 27 12 04 00 000    2.62     5.78   -12.42  -804.70    139.80    -17.60    6.53   1015433.0
 2023 02 27 12 05 00 000    3.67     5.07   -12.83  -705.20     82.60     -3.10    6.54   1152162.0
 2023 02 27 12 06 00 000    2.02     6.37   -13.02  -721.50    102.50      4.00    6.53   1209189.0
 2023 02 27 12 07 00 000    0.22    -1.05   -14.31  -732.00    115.30      8.50    6.52   1245831.0
 2023 02 27 12 08 00 000    0.03    -0.04   -14.06  -732.00    115.30      8.50    6.52   1245831.0
 2023 02 27 12 09 00 000   -0.77     0.56   -13.81  -732.00    115.30      8.50    6.52   1245831.0
 2023 02 27 12 10 00 000    2.00     1.25   -13.60  -732.00    115.30      8.50    6.52   1245831.0
 2023 02 27 12 11 00 000    3.34    -3.07   -12.17  -757.50    113.60     48.60    5.50    787638.0
 2023 02 27 12 12 00 000    3.26    -2.28   -13.31  -757.50    113.60     48.60    5.50    787638.0
 2023 02 27 12 13 00 000    2.54     0.05   -13.66  -757.50    113.60     48.60    5.50    787638.0
 2023 02 27 12 14 00 000    2.14     1.63   -13.75  -757.50    113.60     48.60    5.50    787638.0
 2023 02 27 12 15 00 000    3.19     4.24   -12.49  -757.50    113.60     48.60    5.50    787638.0
 2023 02 27 12 16 00 000    4.81     5.96    -9.46  -723.10    164.50     16.90    6.23   1162203.0
 2023 02 27 12 17 00 000    3.38     8.71    -6.06  -723.10    164.50     16.90    6.23   1162203.0
 2023 02 27 12 18 00 000    4.84     8.38    -6.98  -751.80    156.00     53.30    6.07   1091727.0
 2023 02 27 12 19 00 000    3.21     6.55    -7.83  -779.10     55.20     58.40    7.09   1320955.0
 2023 02 27 12 20 00 000    3.49     7.61    -6.34  -762.60    128.20     41.10    6.83   1272564.0
 2023 02 27 12 21 00 000    5.35     9.68    -3.97  -756.60    153.90     36.40    6.70   1244095.0
 2023 02 27 12 22 00 000    1.23     6.76    -7.98  -756.60    153.90     36.40    6.70   1244095.0
 2023 02 27 12 23 00 000    0.74     8.59    -6.50  -756.60    153.90     36.40    6.70   1244095.0
 2023 02 27 12 24 00 000    1.57     8.56    -6.20  -756.60    153.90     36.40    6.70   1244095.0
 2023 02 27 12 25 00 000    1.84     0.32    -8.46  -756.60    153.90     36.40    6.70   1244095.0
 2023 02 27 12 26 00 000    1.42    -1.03    -9.59  -756.60    153.90     36.40    6.70   1244095.0
 2023 02 27 12 27 00 000    2.28     2.99    -8.51  -756.60    153.90     36.40    6.70   1244095.0
 2023 02 27 12 28 00 000    2.96     6.16    -7.71  -756.60    153.90     36.40    6.70   1244095.0
 2023 02 27 12 29 00 000    4.05     6.38    -7.38  -756.60    153.90     36.40    6.70   1244095.0
 2023 02 27 12 30 00 000    5.52     4.97    -7.09  -749.20     96.00     45.50    6.94   1817758.0
 2023 02 27 12 31 00 000    5.64     4.61    -6.27  -762.90    108.10     68.60    6.94   1836602.0
 2023 02 27 12 32 00 000    6.58     6.89    -4.00  -749.30    151.80     52.30    6.46   1608238.0
 2023 02 27 12 33 00 000    4.68     9.56    -2.23  -789.00    102.80     54.30    5.79   1157385.0
 2023 02 27 12 34 00 000    4.26     7.42    -3.57  -787.70    101.70     46.80    5.88   1084495.0
 2023 02 27 12 35 00 000    3.76     8.81    -3.29  -789.20     75.70     13.50    6.06   1010676.0
 2023 02 27 12 36 00 000    2.81    10.68    -1.25  -773.70    101.00     74.30    6.53   1523734.0
 2023 02 27 12 37 00 000    1.52    10.84    -0.91  -773.70    101.00     74.30    6.53   1522931.0
 2023 02 27 12 38 00 000    2.56    10.53    -0.44  -773.10    109.90     65.40    5.60   1029662.0
 2023 02 27 12 39 00 000    2.92    10.50    -0.15  -773.10    110.10     65.20    5.58   1020878.0
 2023 02 27 12 40 00 000    4.79     9.36     1.09  -769.30     91.00     70.70    5.92   1192586.0
 2023 02 27 12 41 00 000    4.97     9.23     0.94  -769.30     91.00     70.70    5.92   1192586.0
 2023 02 27 12 42 00 000    5.63     7.57     0.40  -763.80    107.20     64.10    5.87   1213491.0
 2023 02 27 12 43 00 000    3.58     7.28    -3.12  -763.90    105.10     58.60    5.85   1219804.0
 2023 02 27 12 44 00 000    3.92     7.59    -1.80  -770.00     67.10     80.20    6.27   1479833.0
 2023 02 27 12 45 00 000    2.44     8.53    -5.22  -770.00     67.10     80.20    6.27   1479888.0
 2023 02 27 12 46 00 000    2.61     7.66    -3.28  -783.60     90.70     52.50    6.35   1490598.0
 2023 02 27 12 47 00 000    5.88     5.36     2.44  -786.90     96.20     46.00    6.37   1492639.0
 2023 02 27 12 48 00 000    5.12     6.30     2.61  -779.40     47.20     87.00    5.99   1230253.0
 2023 02 27 12 49 00 000    5.95     0.51     5.34  -779.40     47.20     87.00    5.99   1230253.0
 2023 02 27 12 50 00 000    5.88    -1.45     5.91  -800.10     77.80     40.60    5.65   1126706.0
 2023 02 27 12 51 00 000    6.45    -7.07     7.14  -800.60     79.90     39.70    5.67   1114740.0
 2023 02 27 12 52 00 000    5.98    -8.10     6.52  -806.30     94.70     30.90    5.75    984670.0
 2023 02 27 12 53 00 000    5.86    -7.69     7.62  -805.90     72.90     29.10    5.46    948437.0
 2023 02 27 12 54 00 000    8.89    -1.78    10.33  -803.70     63.40     33.60    5.53    967111.0
 2023 02 27 12 55 00 000    8.19    -6.34     8.20  -796.10    131.90     36.90    5.61    960498.0
 2023 02 27 12 56 00 000    6.58   -13.01     0.81  -803.90     92.30      7.80    5.80   1076812.0
 2023 02 27 12 57 00 000    6.99   -10.55     6.49  -809.10     75.50     -8.10    5.84   1118859.0
 2023 02 27 12 58 00 000    6.65    -3.40    13.22  -850.00    149.40    -57.00    4.79    687495.0
 2023 02 27 12 59 00 000    6.13    -3.57    13.60  -830.90    135.00     -7.40    4.58   1080004.0
 2023 02 27 13 00 00 000    6.92    -2.21    13.17  -826.20    131.40      4.90    4.53   1177345.0
 2023 02 27 13 01 00 000    6.10    -0.35    13.35  -827.20    114.40    -25.00    5.39   1032526.0
 2023 02 27 13 02 00 000    6.32    -0.80    12.78  -838.50    120.10    -28.20    5.40    997759.0
 2023 02 27 13 03 00 000    6.76    -1.19    12.58  -846.80    156.60    -30.90    5.44   1008236.0
 2023 02 27 13 04 00 000    7.18    -0.93    12.84  -845.50    124.90    -24.80    5.24    938076.0
 2023 02 27 13 05 00 000    7.85    -1.71    11.77  -833.60    124.70      0.60    4.79    865293.0
 2023 02 27 13 06 00 000    7.40    -1.57    12.37  -844.10    126.00     -6.80    5.29    877327.0
 2023 02 27 13 07 00 000    7.91    -2.45    11.47  -836.50    119.70    -17.00    5.30   1011801.0
 2023 02 27 13 08 00 000   10.20    -5.41     6.67  -830.20    100.30    -36.50    6.03   1187207.0
 2023 02 27 13 09 00 000   11.02    -7.04     4.13  -835.40    108.10    -62.20    5.46    868187.0
 2023 02 27 13 10 00 000   10.93    -6.33     5.14  -847.30    104.20    -57.80    5.66    852663.0
 2023 02 27 13 11 00 000   11.44    -5.41     4.32  -857.50    107.60    -62.00    5.73    726448.0
 2023 02 27 13 12 00 000   10.89    -6.41     3.71  -861.10    106.70    -57.20    5.56    597332.0
 2023 02 27 13 13 00 000   11.00    -6.40     3.61  -866.20     99.80    -60.70    6.09    811283.0
 2023 02 27 13 14 00 000   10.97    -5.90     4.27  -866.20     99.80    -60.70    6.09    811283.0
 2023 02 27 13 15 00 000   10.80    -6.27     4.43  -866.20     99.80    -60.70    6.09    811283.0
 2023 02 27 13 16 00 000   11.08    -5.64     4.04  -866.20     99.80    -60.70    6.09    811283.0
 2023 02 27 13 17 00 000   11.47    -5.09     4.49  -866.20     99.80    -60.70    6.09    811283.0
 2023 02 27 13 18 00 000   11.64    -4.93     4.56  -869.90     83.30    -58.10    6.03    634388.0
 2023 02 27 13 19 00 000   11.65    -5.32     4.50  -869.90     83.30    -58.10    6.03    634388.0
 2023 02 27 13 20 00 000   11.56    -5.94     3.90  -869.90     83.30    -58.10    6.03    634388.0
 2023 02 27 13 21 00 000   11.16    -6.13     3.77  -869.90     83.30    -58.10    6.03    634388.0
 2023 02 27 13 22 00 000   11.14    -5.62     3.96  -869.90     83.30    -58.10    6.03    634388.0
 2023 02 27 13 23 00 000   11.06    -5.98     4.09  -868.20    102.10    -61.70    5.96    634388.0
 2023 02 27 13 24 00 000   11.27    -6.01     3.66  -868.20    102.10    -61.70    5.96    634388.0
 2023 02 27 13 25 00 000   11.27    -6.61     3.60  -868.20    102.10    -61.70    5.96    634388.0
 2023 02 27 13 26 00 000   11.09    -5.77     4.24  -868.20    102.10    -61.70    5.96    634388.0
 2023 02 27 13 27 00 000   11.05    -5.83     4.33  -868.20    102.10    -61.70    5.96    634388.0
 2023 02 27 13 28 00 000   11.30    -5.69     4.19  -863.90     83.80    -60.00    5.86    801505.0
 2023 02 27 13 29 00 000   11.23    -4.01     5.19  -864.50     83.60    -59.70    5.87    798113.0
 2023 02 27 13 30 00 000   11.47    -3.65     5.29  -864.60     88.40    -67.60    5.94    756643.0
 2023 02 27 13 31 00 000   11.58    -3.11     5.31  -865.30     90.00    -67.30    6.00    764349.0
 2023 02 27 13 32 00 000   10.60    -3.65     6.54  -867.30     83.60    -60.40    5.99    890044.0
 2023 02 27 13 33 00 000   10.85    -3.38     6.14  -867.30     83.60    -60.40    5.99    890044.0
 2023 02 27 13 34 00 000   10.59    -5.28     3.39  -825.80    113.70    -41.90    8.65    765985.0
 2023 02 27 13 35 00 000    6.55    -1.24     4.20  -835.00     98.90    -50.90    7.28    725153.0
 2023 02 27 13 36 00 000    5.05     2.99     8.77  -828.90    100.60    -40.10    8.04    683664.0
 2023 02 27 13 37 00 000    5.40     2.61     7.82  -824.30    106.10    -31.70    8.80    666382.0
 2023 02 27 13 38 00 000    5.23     2.65     6.72  -834.00    114.20    -30.50    8.87    683366.0
 2023 02 27 13 39 00 000    3.71     2.64     6.31  -827.40    113.60    -31.10    9.22    765324.0
 2023 02 27 13 40 00 000    4.83     2.98     7.05  -827.40    113.60    -31.10    9.22    765324.0
 2023 02 27 13 41 00 000    3.63     3.88     7.92  -827.40    113.60    -31.10    9.22    765324.0
 2023 02 27 13 42 00 000    5.14     3.87     6.83  -821.10    105.90    -48.30    8.97    683631.0
 2023 02 27 13 43 00 000    5.74     3.88     6.13  -821.10    105.90    -48.30    8.97    683631.0
 2023 02 27 13 44 00 000    6.44     3.71     5.99  -821.10    105.90    -48.30    8.97    683631.0
 2023 02 27 13 45 00 000    6.84     3.36     5.79  -821.10    105.90    -48.30    8.97    683631.0
 2023 02 27 13 46 00 000    3.68     2.89     3.99  -821.10    105.90    -48.30    8.97    683631.0
 2023 02 27 13 47 00 000   -1.32     4.09     7.59  -819.90    102.70    -59.30    9.36    928748.0
 2023 02 27 13 48 00 000   -0.62     4.63     7.57  -819.90    102.70    -59.30    9.36    928748.0
 2023 02 27 13 49 00 000   -3.11     4.69     7.62  -819.90    102.70    -59.30    9.36    928748.0
 2023 02 27 13 50 00 000   -1.85     6.44     8.20  -844.20    109.50    -28.90    7.50    507518.0
 2023 02 27 13 51 00 000   -2.62     7.10     7.35  -844.20    109.50    -28.90    7.50    507518.0
 2023 02 27 13 52 00 000   -4.64     7.24     5.95  -844.20    109.50    -28.90    7.50    507518.0
 2023 02 27 13 53 00 000   -3.43     7.23     6.17  -844.20    109.50    -28.90    7.50    507518.0
 2023 02 27 13 54 00 000    1.69     4.81     7.15  -844.20    109.50    -28.90    7.50    507518.0
 2023 02 27 13 55 00 000    4.71     1.30     7.58  -828.30     93.30    -49.80    8.49    802898.0
 2023 02 27 13 56 00 000    3.52     3.23     7.42  -828.30     93.30    -49.80    8.49    802898.0
 2023 02 27 13 57 00 000    4.77    -0.90     4.67  -828.30     93.30    -49.80    8.49    802898.0
 2023 02 27 13 58 00 000    3.83    -1.45     2.63  -828.30     93.30    -49.80    8.49    802898.0
 2023 02 27 13 59 00 000    3.92    -3.26    -0.42  -826.60    104.20    -44.40    9.77    814088.0
 2023 02 27 14 00 00 000    4.60    -2.13    -0.30  -826.60    104.20    -44.40    9.77    814088.0
 2023 02 27 14 01 00 000    5.41    -1.72    -2.03  -826.60    104.20    -44.40    9.77    814088.0
 2023 02 27 14 02 00 000    5.23    -0.26    -2.05  -833.50    106.20    -41.50    9.21    752151.0
 2023 02 27 14 03 00 000    5.04     0.98    -2.80  -833.50    106.20    -41.50    9.21    752151.0
 2023 02 27 14 04 00 000    6.88     2.08    -0.69  -833.50    106.20    -41.50    9.21    752151.0
 2023 02 27 14 05 00 000    7.92     1.93     3.02  -835.00     91.10    -32.90    8.71    713535.0
 2023 02 27 14 06 00 000    6.83     2.40     1.97  -835.00     91.10    -32.90    8.71    713535.0
 2023 02 27 14 07 00 000    7.15     2.66     0.55  -835.00     91.10    -32.90    8.71    713535.0
 2023 02 27 14 08 00 000    7.40     3.89     1.17  -823.00    111.60    -37.00    9.31    776632.0
 2023 02 27 14 09 00 000    7.02     5.83     4.04  -823.00    111.60    -37.00    9.31    776632.0
 2023 02 27 14 10 00 000    6.60     5.64     4.48  -823.00    111.60    -37.00    9.31    776632.0
 2023 02 27 14 11 00 000    5.56     4.13     5.42  -822.10    115.50    -35.40    9.41    660675.0
 2023 02 27 14 12 00 000    4.51     4.75     5.37  -822.10    115.50    -35.40    9.41    660675.0
 2023 02 27 14 13 00 000    3.27     4.08     6.83  -822.10    115.50    -35.40    9.41    660675.0
 2023 02 27 14 14 00 000    3.91     4.02     7.17  -833.50     97.60    -44.80    8.78    717482.0
 2023 02 27 14 15 00 000    5.20     5.07     6.18  -833.50     97.60    -44.80    8.78    717482.0
 2023 02 27 14 16 00 000    5.12     5.26     6.37  -840.50     85.40    -66.50    8.20    706979.0
 2023 02 27 14 17 00 000    5.53     4.08     6.89  -840.30     84.80    -68.40    8.14    696889.0
 2023 02 27 14 18 00 000    5.43     3.47     6.91  -838.10     84.20    -73.20    7.99    665432.0
 2023 02 27 14 19 00 000    4.41     3.11     7.44  -831.30     91.00    -65.70    8.37    712511.0
 2023 02 27 14 20 00 000    2.59     6.52     7.06  -837.30     83.70    -75.30    8.54    800635.0
 2023 02 27 14 21 00 000    3.51     5.48     6.37  -841.80     69.80    -91.50    7.80    665185.0
 2023 02 27 14 22 00 000    3.23     4.15     6.01  -838.90     76.00    -83.40    8.52    786309.0
 2023 02 27 14 23 00 000    2.35     3.88     6.64  -836.10     71.30    -87.70    8.40    764593.0
 2023 02 27 14 24 00 000    2.63     3.44     7.44  -837.20     73.10    -87.50    8.28    766674.0
 2023 02 27 14 25 00 000    2.73     4.17     8.13  -840.10     78.10    -86.40    8.03    775262.0
 2023 02 27 14 26 00 000    2.87     4.66     8.38  -827.70     96.20    -72.60    7.32    681023.0
 2023 02 27 14 27 00 000    1.68     5.04     7.99  -826.40     98.50    -71.60    7.28    675382.0
 2023 02 27 14 28 00 000    1.91     4.32     8.15  -829.00     90.90    -75.20    7.63    654818.0
 2023 02 27 14 29 00 000   -1.83     8.70     7.20  -830.00     79.30    -73.00    7.33    639492.0
 2023 02 27 14 30 00 000   -2.54     8.39     7.66  -829.10     60.30    -71.90    6.60    605003.0
 2023 02 27 14 31 00 000   -2.60     7.65     8.09  -834.30     73.30    -63.90    6.60    613500.0
 2023 02 27 14 32 00 000   -1.85     6.72     8.97  -834.90     59.10    -53.50    6.78    616334.0
 2023 02 27 14 33 00 000    1.32     8.44     8.56  -835.10     54.90    -50.50    6.83    617160.0
 2023 02 27 14 34 00 000    1.00     8.02     8.92  -812.20     67.00    -65.80    6.92    704366.0
 2023 02 27 14 35 00 000    0.09     7.50     8.73  -812.20     67.00    -65.80    6.92    704366.0
 2023 02 27 14 36 00 000    0.41     8.12     9.30  -812.20     67.00    -65.80    6.92    704366.0
 2023 02 27 14 37 00 000    0.41     8.08     9.92  -810.00     82.80    -75.30    6.59    762983.0
 2023 02 27 14 38 00 000    1.62     7.93    10.30  -810.20     82.00    -75.10    6.58    763065.0
 2023 02 27 14 39 00 000    0.51     9.33     8.36  -814.30     69.90    -72.00    6.38    762890.0
 2023 02 27 14 40 00 000   -1.05     9.10     7.35  -822.10     63.10    -73.10    7.32    698466.0
 2023 02 27 14 41 00 000    1.88     9.17     7.63  -826.80     48.30    -68.10    7.37    648977.0
 2023 02 27 14 42 00 000    4.23     7.48     8.34  -827.70     45.00    -66.80    7.35    639354.0
 2023 02 27 14 43 00 000    5.56     6.31     8.66  -817.40     59.60    -65.70    7.26    692664.0
 2023 02 27 14 44 00 000    4.67     6.98     7.77  -817.40     59.60    -65.70    7.26    692664.0
 2023 02 27 14 45 00 000    0.72     9.25     7.70  -802.40     47.80    -67.30    7.18    625745.0
 2023 02 27 14 46 00 000    0.54     9.96     7.14  -805.00     47.70    -66.90    7.21    608879.0
 2023 02 27 14 47 00 000    1.55     8.52     8.08  -810.60     47.40    -65.90    7.27    572889.0
 2023 02 27 14 48 00 000    1.77     9.81     8.41  -806.50     53.30    -60.80    7.59    599688.0
 2023 02 27 14 49 00 000    1.07    10.38     7.70  -806.50     53.30    -60.80    7.59    599688.0
 2023 02 27 14 50 00 000    1.06    10.38     7.76  -810.10     53.10    -64.90    7.72    681510.0
 2023 02 27 14 51 00 000    0.54    10.96     7.03  -810.60     53.10    -65.50    7.74    693960.0
 2023 02 27 14 52 00 000   -0.86    11.71     6.75  -806.50     58.70    -49.80    7.17    684998.0
 2023 02 27 14 53 00 000   -1.47    12.36     6.00  -806.50     58.80    -49.70    7.16    684918.0
 2023 02 27 14 54 00 000   -1.53    12.77     5.37  -806.50     80.20    -51.50    7.09    628208.0
 2023 02 27 14 55 00 000   -1.07    12.66     4.55  -806.50     80.30    -51.60    7.11    628584.0
 2023 02 27 14 56 00 000   -1.80    12.52     4.05  -805.00     82.80    -55.10    7.78    643091.0
 2023 02 27 14 57 00 000   -2.92    12.91     3.81  -799.60     72.30    -49.90    7.36    649187.0
 2023 02 27 14 58 00 000   -3.42    13.46     2.13  -796.80     67.10    -46.50    7.12    666969.0
 2023 02 27 14 59 00 000   -4.42    13.14     2.99  -792.10     61.40    -35.50    6.59    826807.0
 2023 02 27 15 00 00 000   -1.65    12.36    -2.09  -795.00     82.20    -58.70    6.59    687832.0
 2023 02 27 15 01 00 000   -2.07    11.70    -3.02  -799.00     62.40    -51.20    6.78    673978.0
 2023 02 27 15 02 00 000   -2.32    11.13    -4.06  -798.80     59.10    -42.00    6.74    723693.0
 2023 02 27 15 03 00 000    0.77    11.18    -7.10  -802.10     54.70    -44.20    6.80    741246.0
 2023 02 27 15 04 00 000    1.58     9.79    -8.09  -802.10     54.70    -44.20    6.80    741246.0
 2023 02 27 15 05 00 000    0.87    10.23    -7.68  -802.10     54.70    -44.20    6.80    741246.0
 2023 02 27 15 06 00 000    1.17     9.42    -7.40  -809.40     50.10    -57.50    5.80    664474.0
 2023 02 27 15 08 00 000    1.79     8.77    -7.61  -809.40     50.10    -57.50    5.80    664474.0
 2023 02 27 15 10 00 000    1.93     8.34    -7.91  -803.70     29.70    -34.30    6.30    679778.0
 2023 02 27 15 11 00 000    1.02     8.80    -7.49  -803.70     29.70    -34.30    6.30    679778.0
 2023 02 27 15 12 00 000    1.02     8.80    -7.49  -803.70     29.70    -34.30    6.30    679778.0
 2023 02 27 15 13 00 000    2.54     9.16    -6.66  -803.70     29.70    -34.30    6.30    679778.0
 2023 02 27 15 14 00 000    2.00     9.55    -6.20  -803.70     29.70    -34.30    6.30    679778.0
 2023 02 27 15 15 00 000    1.17    10.60    -4.55  -803.70     29.70    -34.30    6.30    679778.0
 2023 02 27 15 19 00 000    1.84    10.82     1.16  -818.00     25.90    -13.90    6.99    638111.0
 2023 02 27 15 20 00 000   -1.86     4.09     6.02  -818.00     25.90    -13.90    6.99    638111.0
 2023 02 27 15 21 00 000   -2.70    -8.37     8.94  -819.40     24.40    -17.20    6.86    591957.0
 2023 02 27 15 22 00 000   -2.99   -12.02     5.50  -827.20     16.50    -35.00    6.16    340676.0
 2023 02 27 15 23 00 000   -3.90   -10.99     7.28  -827.20     16.50    -35.00    6.16    340676.0
 2023 02 27 15 24 00 000   -0.09   -14.62    -0.92  -805.00     35.90    -80.20    5.33    294927.0
 2023 02 27 15 25 00 000    0.28   -13.94    -1.21  -805.00     35.90    -80.20    5.33    294927.0
 2023 02 27 15 26 00 000   -1.82   -12.78    -1.53  -805.00     35.90    -80.20    5.33    294927.0
 2023 02 27 15 27 00 000   -1.88   -10.62    -1.67  -808.00    -15.50    -55.00    6.23    391860.0
 2023 02 27 15 28 00 000   -4.65    -7.68    -3.52  -814.60     -7.70    -62.30    6.42    363667.0
 2023 02 27 15 29 00 000   -7.08    -1.05    -6.40  -829.20      9.20    -78.50    6.84    300755.0
 2023 02 27 15 30 00 000   -7.04     1.10    -7.19  -855.80     -8.20    -92.40    6.18    193781.0
 2023 02 27 15 31 00 000   -8.11     2.44    -9.31  -846.40     -9.70    -86.10    7.07    257198.0
 2023 02 27 15 32 00 000   -7.11     2.95   -10.23  -831.00     27.20   -101.90    4.68    121913.0
 2023 02 27 15 33 00 000   -7.13     1.32    -9.36  -832.10     30.00   -116.10    5.20    179269.0
 2023 02 27 15 34 00 000   -7.51    -1.58    -8.13  -832.50     31.10   -121.80    5.41    202471.0
 2023 02 27 15 35 00 000   -7.63     1.07    -9.13  -832.50     31.10   -121.80    5.41    202471.0
 2023 02 27 15 36 00 000   -8.28     0.24    -7.99  -857.10     14.90   -127.00    5.68    247034.0
 2023 02 27 15 37 00 000   -7.90     1.38    -8.13  -857.10     14.90   -127.00    5.68    247034.0
 2023 02 27 15 38 00 000   -6.38     0.81    -9.38  -846.90     32.60   -123.60    4.41    156682.0
 2023 02 27 15 39 00 000   -5.80     1.70    -9.18  -846.90     32.60   -123.60    4.41    156682.0
 2023 02 27 15 40 00 000   -5.97     4.57    -7.86  -846.90     32.00   -107.20    5.74    183295.0
 2023 02 27 15 41 00 000   -2.29     6.92    -3.68  -843.40     29.60   -106.70    5.89    199198.0
 2023 02 27 15 42 00 000   -0.14     3.94    -3.67  -812.90     57.10    -53.00    8.89    366762.0
 2023 02 27 15 43 00 000    0.63     3.43    -4.44  -812.90     57.10    -53.00    8.89    366762.0
 2023 02 27 15 44 00 000    2.72     2.56    -3.09  -802.00     10.20    -28.10    8.42    469258.0
 2023 02 27 15 45 00 000    2.54     1.42    -0.94  -802.00     10.20    -28.10    8.42    469258.0
 2023 02 27 15 46 00 000    1.19     1.92    -2.65  -802.00     10.20    -28.10    8.42    469258.0
 2023 02 27 15 47 00 000   -0.15    -0.55    -2.45  -808.40     -4.90    -23.50    9.47    555943.0
 2023 02 27 15 48 00 000   -1.37    -8.54     0.39  -808.40     -4.90    -23.50    9.47    555943.0
 2023 02 27 15 49 00 000   -2.48    -3.92    -3.43  -819.50    -14.70    -19.70    9.17    507075.0
 2023 02 27 15 50 00 000   -2.61     4.85    -5.88  -819.50    -14.70    -19.70    9.17    507075.0
 2023 02 27 15 51 00 000   -4.71     3.33    -7.79  -819.50    -14.70    -19.70    9.17    507075.0
 2023 02 27 15 52 00 000   -4.52     4.54    -7.87  -833.30     -3.40    -67.40    7.87    222618.0
 2023 02 27 15 53 00 000   -4.78     4.72    -7.96  -833.30     -3.40    -67.40    7.87    222618.0
 2023 02 27 15 54 00 000   -4.85     4.63    -8.02  -836.60      4.60    -68.00    7.14    196082.0
 2023 02 27 15 55 00 000   -4.97     5.44    -8.11  -836.60      4.60    -68.00    7.14    196082.0
 2023 02 27 15 56 00 000   -4.50     5.57    -8.29  -836.60      4.60    -68.00    7.14    196082.0
 2023 02 27 15 57 00 000   -3.92     5.23    -8.71  -836.60      4.60    -68.00    7.14    196082.0
 2023 02 27 15 58 00 000   -3.79     5.37    -8.51  -836.60      4.60    -68.00    7.14    196082.0
 2023 02 27 15 59 00 000   -4.37     6.59    -7.33  -836.60      4.60    -68.00    7.14    196082.0
 2023 02 27 16 00 00 000   -3.05     6.66    -9.06  -830.20     17.80    -83.00    6.47    192473.0
 2023 02 27 16 01 00 000   -3.85     7.19    -7.71  -829.00     15.70    -79.00    6.34    216258.0
 2023 02 27 16 02 00 000   -3.66     9.24    -5.55  -829.40     20.30    -74.00    5.85    246002.0
 2023 02 27 16 03 00 000   -3.46     7.11    -5.85  -830.60     38.60    -89.20    5.12    254409.0
 2023 02 27 16 04 00 000   -4.86     2.43    -7.97  -830.30      8.40    -63.20    7.69    245220.0
 2023 02 27 16 05 00 000   -5.64    -0.95    -7.38  -824.30     14.30    -50.20    8.12    253537.0
 2023 02 27 16 06 00 000   -5.43    -1.10    -7.34  -816.80     24.50    -40.40    7.58    263433.0
 2023 02 27 16 07 00 000   -5.47    -2.01    -6.84  -807.50     27.80    -28.50    8.55    308520.0
 2023 02 27 16 08 00 000   -5.39    -1.51    -6.07  -806.50     28.90    -28.90    8.69    301461.0
 2023 02 27 16 09 00 000   -3.74    -2.47    -6.13  -809.50     30.70    -37.80    8.67    276105.0
 2023 02 27 16 10 00 000   -3.15    -3.80    -6.13  -813.40     29.20    -39.40    8.12    277686.0
 2023 02 27 16 11 00 000   -2.65    -4.88    -5.38  -804.70     29.00    -28.20    9.66    290240.0
 2023 02 27 16 12 00 000    0.57    -6.51    -5.62  -801.40     29.90    -40.80    9.30    266189.0
 2023 02 27 16 13 00 000    1.74    -6.75    -5.63  -801.20     27.60    -45.70    9.16    248583.0
 2023 02 27 16 14 00 000    1.18    -6.68    -6.37  -801.20     27.60    -45.70    9.16    248583.0
 2023 02 27 16 15 00 000   -0.52    -5.02    -6.70  -801.20     27.60    -45.70    9.16    248583.0
 2023 02 27 16 16 00 000   -3.05    -3.67    -6.70  -805.60     32.30    -43.90    9.77    309378.0
 2023 02 27 16 17 00 000   -0.86    -5.44    -5.40  -809.60     40.50    -37.30    8.96    260918.0
 2023 02 27 16 18 00 000    1.46    -6.00    -4.31  -811.20     43.90    -34.60    8.63    241117.0
 2023 02 27 16 19 00 000    5.77    -3.43    -4.05  -809.60     49.00    -32.80    8.37    344043.0
 2023 02 27 16 20 00 000    4.98    -5.33    -3.57  -810.10     48.80    -32.50    8.43    342222.0
 2023 02 27 16 21 00 000    4.46    -6.73    -1.34  -813.60     47.60    -30.40    8.84    329015.0
 2023 02 27 16 22 00 000    3.09    -7.27    -2.03  -808.50     36.60    -46.10    8.67    293054.0
 2023 02 27 16 23 00 000    3.59    -7.71    -1.66  -808.10     35.80    -47.20    8.66    290406.0
 2023 02 27 16 24 00 000    3.80    -7.72    -1.17  -807.10     32.00    -36.80    8.82    254434.0
 2023 02 27 16 25 00 000    4.00    -7.70    -0.59  -807.10     31.90    -36.80    8.81    255130.0
 2023 02 27 16 26 00 000    3.56    -8.46    -0.00  -803.40     24.70    -34.10    8.17    325681.0
 2023 02 27 16 27 00 000    1.96    -8.68    -1.89  -803.50     24.70    -34.30    8.13    317966.0
 2023 02 27 16 28 00 000   -0.26    -7.73    -3.80  -804.10     24.90    -36.70    7.68    226007.0
 2023 02 27 16 29 00 000   -1.54    -6.14    -5.59  -804.10     24.90    -36.70    7.68    226007.0
 2023 02 27 16 30 00 000   -2.11    -4.76    -7.09  -801.60     20.70    -26.90    9.13    236555.0
 2023 02 27 16 31 00 000   -0.94    -5.81    -6.61  -801.70     19.80    -26.70    9.05    232490.0
 2023 02 27 16 32 00 000   -0.92    -7.09    -5.84  -802.60      9.50    -24.70    8.11    183745.0
 2023 02 27 16 33 00 000   -0.67    -7.57    -6.20  -802.60      9.50    -24.70    8.11    183745.0
 2023 02 27 16 34 00 000   -0.07    -7.09    -6.98  -802.20     23.40    -41.60    6.88    220933.0
 2023 02 27 16 35 00 000    0.48    -6.72    -7.25  -802.20     23.40    -41.60    6.88    220933.0
 2023 02 27 16 36 00 000    0.19    -6.12    -7.72  -802.20     23.40    -41.60    6.88    220933.0
 2023 02 27 16 37 00 000    0.14    -6.12    -7.91  -803.40     23.20    -46.60    6.79    194432.0
 2023 02 27 16 38 00 000    0.01    -6.36    -7.42  -803.40     23.20    -46.60    6.79    194432.0
 2023 02 27 16 39 00 000    0.57    -5.94    -8.12  -803.40     23.20    -46.60    6.79    194432.0
 2023 02 27 16 40 00 000    0.62    -5.95    -8.31  -803.40     23.20    -46.60    6.79    194432.0
 2023 02 27 16 41 00 000   -0.10    -5.82    -8.47  -801.50     26.50    -37.70    6.44    190406.0
 2023 02 27 16 42 00 000   -0.44    -5.74    -8.22  -801.50     26.50    -37.70    6.44    190406.0
 2023 02 27 16 43 00 000   -0.07    -5.53    -8.10  -801.50     26.50    -37.70    6.44    190406.0
 2023 02 27 16 44 00 000   -0.34    -5.34    -8.04  -801.50     26.50    -37.70    6.44    190406.0
 2023 02 27 16 45 00 000   -0.30    -4.93    -8.00  -799.10     27.50    -53.30    7.22    206551.0
 2023 02 27 16 46 00 000   -0.91    -3.65    -8.51  -799.10     27.50    -53.30    7.22    206551.0
 2023 02 27 16 47 00 000    0.96    -5.35    -7.40  -779.70     24.10    -17.10    5.06    231438.0
 2023 02 27 16 48 00 000    0.15    -5.07    -7.48  -779.70     24.10    -17.10    5.06    231438.0
 2023 02 27 16 49 00 000    0.71    -4.66    -7.70  -779.70     24.10    -17.10    5.06    231438.0
 2023 02 27 16 50 00 000    0.22    -4.14    -8.43  -791.80     15.80    -52.50    7.92    194364.0
 2023 02 27 16 51 00 000    1.19    -4.84    -7.37  -791.80     15.80    -52.50    7.92    194364.0
 2023 02 27 16 52 00 000    1.89    -5.51    -6.75  -791.80     15.80    -52.50    7.92    194364.0
 2023 02 27 16 53 00 000    1.14    -5.13    -7.33  -791.80     15.80    -52.50    7.92    194364.0
 2023 02 27 16 54 00 000    1.50    -5.58    -6.86  -781.00     25.60    -16.10    7.11    201981.0
 2023 02 27 16 55 00 000   -2.36    -3.71    -6.52  -787.80     25.50    -21.90    7.49    215849.0
 2023 02 27 16 56 00 000   -0.65    -3.40    -7.25  -796.10     21.70    -34.50    8.07    238544.0
 2023 02 27 16 57 00 000   -1.50    -4.27    -6.30  -785.50     19.10    -33.40    8.07    236595.0
 2023 02 27 16 58 00 000    0.23    -3.19    -7.62  -780.90     24.20    -19.20    6.95    197450.0
 2023 02 27 16 59 00 000    2.07    -4.98    -6.60  -792.40     25.40    -37.90    7.20    196112.0
 2023 02 27 17 00 00 000    1.72    -4.62    -7.12  -764.00     21.80    -19.70    6.74    228633.0
 2023 02 27 17 01 00 000   -0.46    -5.33    -7.28  -761.60     23.20    -26.00    7.37    280745.0
 2023 02 27 17 02 00 000   -1.30    -5.23    -7.43  -761.60     23.20    -26.00    7.37    280745.0
 2023 02 27 17 03 00 000   -1.21    -4.67    -7.86  -761.60     23.20    -26.00    7.37    280745.0
 2023 02 27 17 04 00 000   -1.21    -4.66    -7.86  -761.60     23.20    -26.00    7.37    280745.0
 2023 02 27 17 05 00 000   -1.26    -4.08    -8.05  -761.60     23.20    -26.00    7.37    280745.0
 2023 02 27 17 06 00 000   -0.55    -4.65    -7.73  -791.90     27.00    -43.70    6.35    129917.0
 2023 02 27 17 07 00 000   -0.47    -4.60    -8.05  -791.90     27.00    -43.70    6.35    129917.0
 2023 02 27 17 08 00 000   -0.29    -4.43    -8.45  -791.90     27.00    -43.70    6.35    129917.0
 2023 02 27 17 09 00 000   -0.87    -3.93    -8.41  -791.90     27.00    -43.70    6.35    129917.0
 2023 02 27 17 10 00 000    0.31    -3.95    -8.25  -783.90     25.20    -39.40    5.82    126575.0
 2023 02 27 17 11 00 000    4.52    -5.06    -6.45  -784.50     29.10    -37.00    5.56    140810.0
 2023 02 27 17 12 00 000   -0.97    -3.27    -7.71  -785.30     42.70    -29.60    4.42    238046.0
 2023 02 27 17 13 00 000   -2.78    -2.09    -7.98  -784.60     19.90    -48.80    4.69    265438.0
 2023 02 27 17 14 00 000    0.37    -2.36    -8.39  -792.50     23.60    -47.30    3.95    204268.0
 2023 02 27 17 15 00 000    1.39    -2.77    -8.43  -792.50     23.60    -47.30    3.95    204268.0
 2023 02 27 17 16 00 000    1.44    -1.65    -8.93  -792.50     23.60    -47.30    3.95    204268.0
 2023 02 27 17 17 00 000    2.85     0.75    -8.76  -792.50     23.60    -47.30    3.95    204268.0
 2023 02 27 17 18 00 000    0.42    -0.38    -9.00  -792.50     23.60    -47.30    3.95    204268.0
 2023 02 27 17 19 00 000   -0.43    -1.72    -8.57  -785.50     54.90    -17.00    3.46    122785.0
 2023 02 27 17 20 00 000   -0.83    -2.03    -8.66  -785.50     54.90    -17.00    3.46    122785.0
 2023 02 27 17 21 00 000   -0.83    -2.02    -8.66  -785.50     54.90    -17.00    3.46    122785.0
 2023 02 27 17 22 00 000    0.97    -1.15    -8.90  -785.50     54.90    -17.00    3.46    122785.0
 2023 02 27 17 23 00 000    1.87    -2.06    -8.65  -785.50     54.90    -17.00    3.46    122785.0
 2023 02 27 17 25 00 000    2.09    -1.66    -8.67  -785.50     54.90    -17.00    3.46    122785.0
 2023 02 27 17 26 00 000    1.54    -1.94    -8.74  -785.50     54.90    -17.00    3.46    122785.0
 2023 02 27 17 28 00 000    1.61    -2.01    -8.62  -785.50     54.90    -17.00    3.46    122785.0
 2023 02 27 17 30 00 000    1.84    -1.43    -8.56  -785.50     54.90    -17.00    3.46    122785.0
 2023 02 27 17 32 00 000    1.75    -0.78    -8.53  -787.40     47.60    -28.80    3.88    160960.0
 2023 02 27 17 34 00 000   -0.43    -1.57    -8.07  -787.40     47.60    -28.80    3.88    160960.0
 2023 02 27 17 36 00 000   -1.88    -2.35    -7.73  -787.40     47.60    -28.80    3.88    160960.0
 2023 02 27 17 37 00 000   -1.88    -2.35    -7.73  -787.40     47.60    -28.80    3.88    160960.0
 2023 02 27 17 39 00 000   -1.33    -1.90    -8.07  -787.40     47.60    -28.80    3.88    160960.0
 2023 02 27 17 42 00 000   -1.05    -2.18    -8.19  -787.40     47.60    -28.80    3.88    160960.0
 2023 02 27 17 43 00 000   -1.58    -4.34    -6.47  -787.40     47.60    -28.80    3.88    160960.0
 2023 02 27 17 44 00 000   -2.64    -2.21    -6.90  -796.50     29.30    -34.30    5.40    126243.0
 2023 02 27 17 45 00 000   -2.89    -2.96    -7.20  -787.80     23.80    -30.30    5.33    137867.0
 2023 02 27 17 46 00 000   -3.02    -3.57    -6.62  -789.70     28.00    -32.90    5.52    136762.0
 2023 02 27 17 47 00 000   -2.19    -2.29    -7.73  -791.60     26.60    -28.20    5.71    136179.0
 2023 02 27 17 48 00 000   -1.95    -2.06    -8.10  -786.00     32.00    -35.40    5.30    146578.0
 2023 02 27 17 49 00 000   -1.71    -2.04    -8.02  -783.10     36.30    -40.40    5.11    152630.0
 2023 02 27 17 50 00 000   -1.78    -2.15    -8.08  -783.10     36.30    -40.40    5.11    152630.0
 2023 02 27 17 51 00 000   -2.01    -2.35    -7.83  -775.80     33.10    -39.00    5.09    172713.0
 2023 02 27 17 52 00 000   -2.21    -3.70    -6.77  -775.80     33.10    -39.00    5.09    172713.0
 2023 02 27 17 53 00 000   -1.48    -3.93    -6.78  -775.80     33.10    -39.00    5.09    172713.0
 2023 02 27 17 54 00 000   -0.68    -4.12    -6.77  -775.80     33.10    -39.00    5.09    172713.0
 2023 02 27 17 55 00 000   -0.59    -4.17    -6.75  -775.80     33.10    -39.00    5.09    172713.0
 2023 02 27 17 56 00 000   -1.25    -4.01    -6.79  -775.80     33.10    -39.00    5.09    172713.0
 2023 02 27 17 57 00 000   -1.25    -4.00    -6.79  -775.80     33.10    -39.00    5.09    172713.0
 2023 02 27 17 58 00 000   -0.42    -3.96    -6.89  -785.30     22.80    -21.90    6.05    165738.0
 2023 02 27 17 59 00 000   -0.97    -4.01    -6.76  -785.30     22.80    -21.90    6.05    165738.0
 2023 02 27 18 01 00 000   -1.65    -4.20    -6.57  -785.30     22.80    -21.90    6.05    165738.0
 2023 02 27 18 02 00 000   -1.45    -4.53    -6.33  -785.30     22.80    -21.90    6.05    165738.0
 2023 02 27 18 03 00 000   -1.45    -4.53    -6.34  -785.30     22.80    -21.90    6.05    165738.0
 2023 02 27 18 04 00 000   -1.50    -4.53    -6.35  -785.30     22.80    -21.90    6.05    165738.0
 2023 02 27 18 05 00 000   -1.50    -4.52    -6.35  -785.30     22.80    -21.90    6.05    165738.0
 2023 02 27 18 06 00 000   -1.25    -4.09    -6.56  -790.20     19.60    -24.20    5.95    138522.0
 2023 02 27 18 07 00 000   -2.55    -5.49    -5.15  -790.70     19.80    -24.70    5.80    140291.0
 2023 02 27 18 08 00 000   -2.71    -5.00    -5.49  -791.70     20.30    -25.70    5.43    144309.0
 2023 02 27 18 09 00 000   -1.85    -4.36    -5.95  -787.90     14.70    -21.50    5.71    166944.0
 2023 02 27 18 10 00 000   -2.81    -4.60    -5.20  -787.90     14.70    -21.50    5.71    166944.0
 2023 02 27 18 11 00 000   -3.62    -4.36    -3.78  -799.30     23.90    -11.30    6.09    288186.0
 2023 02 27 18 12 00 000   -3.26    -4.67    -3.03  -799.90     24.50    -10.90    6.11    294038.0
 2023 02 27 18 13 00 000    4.73    -1.19    -3.30  -788.50     29.20    -24.90    6.45    191290.0
 2023 02 27 18 14 00 000    3.87    -0.98    -3.59  -788.50     29.20    -24.90    6.45    191290.0
 2023 02 27 18 15 00 000    3.60    -1.27    -4.11  -788.50     29.20    -24.90    6.45    191290.0
 2023 02 27 18 16 00 000    1.34    -2.78    -4.36  -790.00     17.70    -22.70    5.92    126520.0
 2023 02 27 18 17 00 000    6.04     0.04    -2.93  -790.00     17.70    -22.70    5.92    126520.0
 2023 02 27 18 18 00 000    6.06    -0.54    -3.20  -790.00     17.70    -22.70    5.92    126520.0
 2023 02 27 18 19 00 000    3.74    -2.13    -2.81  -790.00     17.70    -22.70    5.92    126520.0
 2023 02 27 18 20 00 000    3.01    -2.73    -3.10  -790.00     17.70    -22.70    5.92    126520.0
 2023 02 27 18 21 00 000    5.34    -2.18    -3.52  -790.00     17.70    -22.70    5.92    126520.0
 2023 02 27 18 22 00 000    4.95    -2.46    -4.06  -790.00     17.70    -22.70    5.92    126520.0
 2023 02 27 18 23 00 000    4.97    -3.22    -3.25  -790.00     17.70    -22.70    5.92    126520.0
 2023 02 27 18 24 00 000    4.42    -2.72    -4.14  -782.40     38.20     -9.70    7.11    291712.0
 2023 02 27 18 25 00 000    4.81    -3.07    -5.50  -782.70     38.60    -10.30    7.07    290720.0
 2023 02 27 18 26 00 000    4.70    -2.85    -5.56  -782.70     38.60    -10.30    7.07    290720.0
 2023 02 27 18 27 00 000    4.25    -3.27    -5.56  -798.30     61.50     -0.60    5.11    220056.0
 2023 02 27 18 28 00 000    3.67    -3.45    -5.76  -796.40     62.90     -7.80    5.35    234769.0
 2023 02 27 18 29 00 000    3.98    -3.53    -5.59  -794.60     64.20    -14.60    5.57    248583.0
 2023 02 27 18 30 00 000    4.07    -3.63    -5.51  -794.60     64.20    -14.60    5.57    248583.0
 2023 02 27 18 31 00 000    3.90    -3.66    -5.34  -793.80     75.50      3.60    5.23    226821.0
 2023 02 27 18 32 00 000    3.26    -3.85    -5.25  -793.40     73.90      3.30    5.25    227853.0
 2023 02 27 18 33 00 000    1.44    -3.26    -4.98  -790.00     53.80     -5.10    5.90    240488.0
 2023 02 27 18 34 00 000    1.89    -3.49    -4.77  -788.00     43.20     -3.60    6.26    241354.0
 2023 02 27 18 35 00 000    2.98    -3.10    -5.15  -787.70     51.40      2.60    5.80    235218.0
 2023 02 27 18 36 00 000    2.84    -2.46    -4.20  -784.00     52.00     -5.50    6.13    264071.0
 2023 02 27 18 37 00 000    2.48    -1.94    -4.23  -782.00     49.40    -10.20    6.38    279341.0
 2023 02 27 18 38 00 000    2.61    -2.31    -4.38  -779.20     45.70     -9.00    6.72    276225.0
 2023 02 27 18 39 00 000    3.02    -2.32    -4.68  -780.90     44.50     -7.50    6.64    270073.0
 2023 02 27 18 40 00 000    1.24    -2.67    -4.29  -785.70     44.00     -1.20    6.26    255680.0
 2023 02 27 18 41 00 000    1.08    -2.78    -3.52  -783.20     33.70    -16.70    7.39    221257.0
 2023 02 27 18 42 00 000   -0.25    -2.77    -3.40  -782.90     32.40    -18.40    7.50    218090.0
 2023 02 27 18 43 00 000   -1.99    -3.21    -2.62  -784.40     15.30    -27.20    7.50    201282.0
 2023 02 27 18 44 00 000   -4.11    -3.58    -1.16  -784.40     15.30    -27.20    7.50    201282.0
 2023 02 27 18 45 00 000   -4.13    -4.14    -0.48  -784.40     15.30    -27.20    7.50    201282.0
 2023 02 27 18 46 00 000   -4.01    -4.11    -0.29  -794.80     25.00    -14.00    7.18    207046.0
 2023 02 27 18 47 00 000   -4.05    -3.95     0.38  -794.80     25.00    -14.00    7.18    207046.0
 2023 02 27 18 48 00 000   -3.53    -3.54     1.59  -794.80     25.00    -14.00    7.18    207046.0
 2023 02 27 18 49 00 000   -1.62    -3.11    -1.46  -781.90     27.10    -23.00    6.65    148960.0
 2023 02 27 18 50 00 000    0.66    -2.83    -5.21  -781.90     27.10    -23.00    6.65    148960.0
 2023 02 27 18 51 00 000   -0.03    -3.87    -4.62  -781.90     27.10    -23.00    6.65    148960.0
 2023 02 27 18 52 00 000    0.20    -4.23    -4.45  -781.90     27.10    -23.00    6.65    148960.0
 2023 02 27 18 53 00 000   -0.11    -3.83    -4.28  -778.60     17.10    -37.30    6.83    187835.0
 2023 02 27 18 54 00 000   -1.26    -3.98    -3.41  -774.00     15.50    -30.00    6.57    176819.0
 2023 02 27 18 55 00 000   -3.24    -1.52    -0.31  -788.10     30.20    -20.50    8.08    222686.0
 2023 02 27 18 56 00 000   -4.24    -1.75    -0.49  -791.80     20.40    -13.20    7.06    207706.0
 2023 02 27 18 57 00 000   -6.25     0.11     2.78  -817.50     42.50     -5.00    5.54    132974.0
 2023 02 27 18 58 00 000   -6.55     0.40     1.78  -819.10     56.70     -1.70    5.29    131826.0
 2023 02 27 18 59 00 000   -6.16    -0.63     2.75  -818.00     59.10     -1.90    5.28    135259.0
 2023 02 27 19 00 00 000   -5.97    -0.94     2.69  -818.20     58.60     -2.70    5.27    134157.0
 2023 02 27 19 01 00 000   -5.96    -1.31     2.07  -815.70     53.50     -3.50    5.50    143075.0
 2023 02 27 19 02 00 000   -5.44    -0.65     3.43  -815.70     53.50     -3.50    5.50    143075.0
 2023 02 27 19 03 00 000   -5.51    -0.79     3.36  -815.70     53.50     -3.50    5.50    143075.0
 2023 02 27 19 04 00 000   -5.87    -0.90     2.89  -811.80     43.50     11.90    5.41    141666.0
 2023 02 27 19 05 00 000   -5.89    -0.90     2.77  -811.80     43.50     11.90    5.41    141666.0
 2023 02 27 19 06 00 000   -5.73    -1.21     2.93  -811.80     43.50     11.90    5.41    141666.0
 2023 02 27 19 07 00 000   -5.77    -0.66     2.97  -812.80     42.50     13.10    5.50    137136.0
 2023 02 27 19 08 00 000   -5.82    -0.98     2.70  -812.80     42.50     13.10    5.50    137136.0
 2023 02 27 19 09 00 000   -5.67    -2.11     3.63  -815.10     47.80     23.60    5.18    133531.0
 2023 02 27 19 10 00 000   -5.48    -2.83     4.02  -815.10     47.80     23.60    5.18    133531.0
 2023 02 27 19 11 00 000   -5.46    -3.18     3.87  -805.90     43.70      8.90    4.63    122894.0
 2023 02 27 19 12 00 000   -5.84    -2.75     3.73  -805.90     43.70      8.90    4.63    122894.0
 2023 02 27 19 13 00 000   -5.92    -3.26     3.43  -805.90     43.70      8.90    4.63    122894.0
 2023 02 27 19 14 00 000   -5.27    -3.84     4.12  -805.90     43.70      8.90    4.63    122894.0
 2023 02 27 19 15 00 000   -5.72    -3.98     2.78  -802.70     35.20     22.30    4.90    166888.0
 2023 02 27 19 16 00 000   -6.53    -3.33     2.91  -803.70     41.30     10.60    4.56    135793.0
 2023 02 27 19 17 00 000   -6.31    -3.05     2.31  -816.40     48.20      8.80    4.99    124925.0
 2023 02 27 19 18 00 000   -6.23    -3.42     0.06  -813.40     42.00      2.70    4.99    133567.0
 2023 02 27 19 19 00 000   -6.86    -2.90     2.67  -811.80     49.90     -1.40    4.95    123970.0
 2023 02 27 19 20 00 000   -6.80    -2.77     2.65  -814.40     58.30      5.60    5.13    105925.0
 2023 02 27 19 21 00 000   -6.70    -3.48     2.24  -814.00     56.70      6.50    5.15    105809.0
 2023 02 27 19 22 00 000   -6.14    -3.99     1.22  -814.00     56.70      6.50    5.15    105809.0
 2023 02 27 19 23 00 000   -6.47    -4.20     1.46  -803.50     37.40      3.90    6.13    162404.0
 2023 02 27 19 24 00 000   -5.27    -3.67     0.70  -806.40     37.10      4.20    5.49    138994.0
 2023 02 27 19 25 00 000   -2.58    -3.57    -1.85  -803.90     35.30     -5.60    5.40    154399.0
 2023 02 27 19 26 00 000   -1.30    -2.69    -1.64  -786.40     25.00    -24.70    8.60    220071.0
 2023 02 27 19 27 00 000   -0.86    -3.09    -1.89  -784.80     25.40    -22.30    8.57    225208.0
 2023 02 27 19 28 00 000   -0.48    -3.02    -1.98  -784.20     25.60    -21.30    8.56    227266.0
 2023 02 27 19 29 00 000   -2.19    -3.08    -2.01  -784.20     25.60    -21.30    8.56    227266.0
 2023 02 27 19 30 00 000   -1.76    -3.29    -2.24  -780.80     29.70    -23.90    8.55    217945.0
 2023 02 27 19 31 00 000   -1.09    -3.81    -3.57  -781.10     27.40    -22.90    8.25    231046.0
 2023 02 27 19 32 00 000   -0.42    -4.10    -3.42  -782.60     25.30    -18.90    8.38    233481.0
 2023 02 27 19 33 00 000   -0.71    -3.16    -4.08  -781.70     27.50    -20.50    8.19    246764.0
 2023 02 27 19 34 00 000   -0.74    -2.12    -5.89  -782.10     27.30    -21.20    8.13    243641.0
 2023 02 27 19 35 00 000   -0.45    -2.61    -6.01  -782.00     26.40    -16.50    7.40    235421.0
 2023 02 27 19 36 00 000   -0.31    -2.81    -6.01  -782.00     26.40    -16.50    7.40    235421.0
 2023 02 27 19 37 00 000    0.23    -2.36    -6.37  -782.00     26.40    -16.50    7.40    235421.0
 2023 02 27 19 38 00 000   -0.20    -2.39    -6.39  -782.00     26.40    -16.50    7.40    235421.0
 2023 02 27 19 39 00 000    0.65    -2.16    -6.31  -775.10     30.30    -21.70    7.02    235271.0
 2023 02 27 19 40 00 000    1.10    -2.62    -5.53  -775.10     30.30    -21.70    7.02    235271.0
 2023 02 27 19 41 00 000    1.79    -3.27    -4.83  -775.10     30.30    -21.70    7.02    235271.0
 2023 02 27 19 42 00 000    2.33    -2.33    -4.96  -777.90     28.00    -11.90    7.59    216225.0
 2023 02 27 19 43 00 000    4.46    -0.59    -3.98  -779.80     29.00    -15.40    6.98    208322.0
 2023 02 27 19 44 00 000    3.54    -1.15    -4.42  -787.90     29.70    -11.90    6.78    226400.0
 2023 02 27 19 45 00 000    1.16    -3.37    -4.70  -782.20     29.20    -20.60    7.54    201865.0
 2023 02 27 19 46 00 000    0.68    -4.44    -4.51  -775.60     20.10    -27.60    7.61    160077.0
 2023 02 27 19 47 00 000    1.28    -3.57    -4.63  -775.00     10.90    -25.00    7.00    147166.0
 2023 02 27 19 48 00 000    2.70    -2.71    -4.14  -767.80     29.50    -26.80    6.95    193973.0
 2023 02 27 19 49 00 000    1.94    -3.45    -4.17  -771.30     29.80    -20.70    7.57    214446.0
 2023 02 27 19 50 00 000    1.89    -3.87    -3.41  -767.80     29.10    -23.60    8.15    219240.0
 2023 02 27 19 51 00 000    2.29    -3.83    -4.14  -767.40     24.50    -22.70    7.66    219272.0
 2023 02 27 19 52 00 000    3.31    -3.77    -4.80  -768.20     24.00    -25.10    7.34    202817.0
 2023 02 27 19 53 00 000    3.47    -2.95    -5.38  -766.30     33.00    -29.80    7.11    198639.0
 2023 02 27 19 54 00 000    3.89    -2.76    -5.13  -766.30     33.00    -29.80    7.11    198639.0
 2023 02 27 19 55 00 000    3.78    -2.36    -5.37  -767.30     27.10    -26.40    7.11    192387.0
 2023 02 27 19 56 00 000    3.81    -2.26    -5.35  -767.50     25.80    -25.60    7.11    191018.0
 2023 02 27 19 57 00 000    4.00    -2.43    -5.04  -767.50     25.80    -25.60    7.11    191018.0
 2023 02 27 19 58 00 000    4.14    -2.21    -5.01  -767.10     30.20    -25.60    7.19    186691.0
 2023 02 27 19 59 00 000    4.07    -2.31    -5.02  -767.10     30.20    -25.60    7.19    186691.0
 2023 02 27 20 00 00 000    4.39    -1.64    -4.99  -766.70     30.30    -23.30    7.13    186502.0
 2023 02 27 20 01 00 000    5.38    -0.00    -4.71  -766.00     32.90    -24.10    7.15    191594.0
 2023 02 27 20 02 00 000    6.36     1.41    -4.58  -765.70     34.50    -25.20    7.18    194786.0
 2023 02 27 20 03 00 000    5.97     1.41    -4.58  -776.70     26.00    -17.20    5.32    167516.0
 2023 02 27 20 04 00 000    5.19     0.61    -4.82  -774.90     25.90    -19.50    5.77    174257.0
 2023 02 27 20 05 00 000    5.09     0.18    -4.94  -771.20     27.40    -21.20    6.38    196262.0
 2023 02 27 20 06 00 000    5.26     0.60    -4.91  -768.60     29.80    -19.80    6.38    215443.0
 2023 02 27 20 07 00 000    5.18     1.10    -4.97  -765.40     27.70    -25.30    6.55    198708.0
 2023 02 27 20 08 00 000    5.04     0.29    -5.04  -767.00     32.50    -24.80    6.74    195947.0
 2023 02 27 20 09 00 000    3.99    -1.00    -5.12  -768.00     35.70    -24.40    6.86    194089.0
 2023 02 27 20 10 00 000    4.05    -1.04    -5.07  -768.00     35.70    -24.40    6.86    194089.0
 2023 02 27 20 11 00 000    5.04     0.02    -4.93  -758.20     40.60    -25.70    6.70    185550.0
 2023 02 27 20 12 00 000    5.23     0.69    -4.87  -759.10     38.70    -26.10    6.67    185094.0
 2023 02 27 20 14 00 000    4.76     0.40    -4.27  -749.30     34.60    -31.80    8.15    219668.0
 2023 02 27 20 15 00 000    5.00     0.73    -3.74  -748.40     34.90    -32.10    8.25    222178.0
 2023 02 27 20 16 00 000    3.63    -3.41    -3.28  -742.70     31.40    -22.80    8.64    236793.0
 2023 02 27 20 17 00 000    0.77    -4.90    -3.42  -743.10     28.30    -24.30    8.48    230774.0
 2023 02 27 20 18 00 000    0.78    -5.30    -3.97  -747.90     16.00    -36.30    7.56    195695.0
 2023 02 27 20 19 00 000    1.27    -5.10    -4.36  -748.60     14.10    -38.10    7.42    190338.0
 2023 02 27 20 20 00 000    1.32    -4.54    -4.88  -749.10     27.00    -32.00    6.86    197600.0
 2023 02 27 20 21 00 000    2.02    -3.78    -4.99  -749.20     26.90    -32.30    6.89    198711.0
 2023 02 27 20 22 00 000   -0.60    -5.40    -2.45  -753.90     25.40    -34.20    7.29    215730.0
 2023 02 27 20 23 00 000   -0.72    -6.61    -2.88  -767.90     24.10    -15.60    6.38    201709.0
 2023 02 27 20 24 00 000    3.57    -2.87    -4.62  -769.50     24.00    -13.40    6.27    199750.0
 2023 02 27 20 25 00 000    5.28    -1.39    -5.31  -769.50     24.00    -13.40    6.27    199750.0
 2023 02 27 20 26 00 000    3.95    -3.88    -5.54  -769.50     24.00    -13.40    6.27    199750.0
 2023 02 27 20 27 00 000    3.55    -3.86    -5.34  -759.30     31.20    -31.60    5.57    238602.0
 2023 02 27 20 28 00 000    5.11    -3.67    -5.70  -757.70     32.90    -31.70    5.55    221274.0
 2023 02 27 20 29 00 000    4.54    -4.75    -5.23  -753.10     38.00    -31.90    5.48    170779.0
 2023 02 27 20 30 00 000    3.54    -5.16    -5.26  -757.20     34.20    -23.40    5.47    175994.0
 2023 02 27 20 31 00 000    2.50    -6.50    -2.08  -767.40     16.40     -4.80    5.53    190503.0
 2023 02 27 20 32 00 000    5.16    -4.55    -4.52  -761.90      9.50    -20.00    5.65    185612.0
 2023 02 27 20 33 00 000    4.93    -3.51    -5.68  -761.90      9.50    -20.00    5.65    185612.0
 2023 02 27 20 34 00 000    4.55    -2.49    -5.82  -758.60     30.80    -24.60    5.48    187835.0
 2023 02 27 20 35 00 000    2.26    -4.66    -5.66  -758.60     30.80    -24.60    5.48    187835.0
 2023 02 27 20 36 00 000    1.67    -4.65    -5.84  -763.90     21.30    -30.80    6.08    207684.0
 2023 02 27 20 37 00 000    2.01    -4.34    -5.80  -763.90     21.30    -30.80    6.08    207684.0
 2023 02 27 20 38 00 000    3.26    -3.47    -5.89  -763.90     21.30    -30.80    6.08    207684.0
 2023 02 27 20 39 00 000    4.70    -2.47    -5.55  -750.70     23.10    -33.00    6.31    222471.0
 2023 02 27 20 40 00 000    4.99    -1.79    -5.78  -750.70     23.10    -33.00    6.31    222471.0
 2023 02 27 20 41 00 000    4.74    -3.43    -5.84  -750.70     23.10    -33.00    6.31    222471.0
 2023 02 27 20 42 00 000    4.65    -3.33    -5.89  -750.70     23.10    -33.00    6.31    222471.0
 2023 02 27 20 43 00 000    4.65    -3.40    -5.96  -750.00     37.10    -21.70    6.21    190253.0
 2023 02 27 20 44 00 000    2.85    -4.46    -5.47  -756.50     33.60    -16.10    6.03    199962.0
 2023 02 27 20 45 00 000    3.03    -2.54    -5.96  -759.70     32.00    -13.30    5.93    204700.0
 2023 02 27 20 46 00 000    0.70    -3.79    -4.72  -759.70     32.00    -13.30    5.93    204700.0
 2023 02 27 20 47 00 000   -5.68    -5.50    -0.10  -759.70     32.00    -13.30    5.93    204700.0
 2023 02 27 20 48 00 000   -6.44    -5.94     0.25  -797.90     16.70      5.40    5.30    110516.0
 2023 02 27 20 49 00 000   -2.68    -5.17    -1.17  -796.60     14.80      5.00    5.31    113717.0
 2023 02 27 20 50 00 000   -4.55    -7.08    -1.66  -788.60      5.70     -1.30    5.51    140461.0
 2023 02 27 20 51 00 000   -3.65    -7.21    -3.11  -784.40      6.10    -11.50    5.85    165537.0
 2023 02 27 20 52 00 000   -0.54    -4.83    -3.84  -784.40      6.10    -11.50    5.85    165537.0
 2023 02 27 20 53 00 000   -1.76    -6.55    -4.16  -741.50     -6.90    -35.50    6.34    250915.0
 2023 02 27 20 54 00 000    3.37    -3.98    -5.98  -753.10      0.90    -29.00    5.55    221622.0
 2023 02 27 20 55 00 000    7.26     0.17    -6.24  -772.60     17.20    -10.40    3.55    204998.0
 2023 02 27 20 56 00 000    7.45     1.15    -6.55  -770.70      0.20     -6.10    1.94    241891.0
 2023 02 27 20 57 00 000    7.92    -0.19    -6.58  -774.90     22.90     -8.90    2.66    239864.0
 2023 02 27 20 58 00 000    7.65    -0.19    -6.64  -775.10     20.00      4.70    2.97    213308.0
 2023 02 27 20 59 00 000    7.56     1.15    -6.92  -770.80     16.70     -4.80    2.41    261066.0
 2023 02 27 21 00 00 000    7.58     0.50    -6.63  -770.70     -4.80     -5.90    2.52    307381.0
 2023 02 27 21 01 00 000    7.58     1.87    -6.29  -772.90     -5.70      2.10    2.53    264239.0
 2023 02 27 21 02 00 000    7.44     2.69    -6.27  -770.50    -17.20     -6.40    2.27    249654.0
 2023 02 27 21 03 00 000    7.63     2.00    -5.63  -770.20    -16.80    -23.50    3.13    279821.0
 2023 02 27 21 04 00 000    7.07     3.88    -6.38  -763.10    -20.00     -1.00    2.12    311990.0
 2023 02 27 21 05 00 000    7.31     2.62    -6.18  -761.10    -21.00      5.80    1.80    320288.0
 2023 02 27 21 06 00 000    7.42     2.31    -6.01  -770.20    -13.70    -30.40    3.18    262581.0
 2023 02 27 21 07 00 000    7.95     0.80    -5.05  -770.20    -13.70    -30.40    3.18    262581.0
 2023 02 27 21 08 00 000    8.06     0.68    -5.02  -770.20    -13.70    -30.40    3.18    262581.0
 2023 02 27 21 09 00 000    8.06    -0.92    -5.12  -770.20    -13.70    -30.40    3.18    262581.0
 2023 02 27 21 10 00 000    7.59     0.19    -5.29  -770.20    -13.70    -30.40    3.18    262581.0
 2023 02 27 21 11 00 000    7.08     2.03    -5.40  -770.20    -13.70    -30.40    3.18    262581.0
 2023 02 27 21 12 00 000    7.39     0.65    -5.32  -754.90     -2.10    -39.20    3.59    456557.0
 2023 02 27 21 13 00 000    7.49     0.83    -5.07  -754.90     -2.10    -39.20    3.59    456557.0
 2023 02 27 21 14 00 000    7.78     2.15    -4.20  -761.40    -34.70    -50.00    3.79    493432.0
 2023 02 27 21 15 00 000    7.65     1.76    -4.52  -761.40    -34.70    -50.00    3.79    493432.0
 2023 02 27 21 16 00 000    7.72     1.78    -4.29  -761.40    -34.70    -50.00    3.79    493432.0
 2023 02 27 21 17 00 000    7.42     1.44    -4.86  -761.40    -34.70    -50.00    3.79    493432.0
 2023 02 27 21 18 00 000    7.37     0.98    -5.13  -761.40    -34.70    -50.00    3.79    493432.0
 2023 02 27 21 19 00 000    7.47     1.09    -4.85  -769.10    -27.60     -4.90    3.76    502874.0
 2023 02 27 21 20 00 000    7.12     0.99    -5.49  -769.10    -27.60     -4.90    3.76    502874.0
 2023 02 27 21 21 00 000    7.46     1.14    -5.13  -769.10    -27.60     -4.90    3.76    502874.0
 2023 02 27 21 22 00 000    7.87     1.32    -4.42  -769.10    -27.60     -4.90    3.76    502874.0
 2023 02 27 21 23 00 000    7.49     1.21    -4.89  -765.80    -30.30    -17.60    3.36    286207.0
 2023 02 27 21 24 00 000    7.54     1.39    -4.80  -765.80    -30.30    -17.60    3.36    286207.0
 2023 02 27 21 25 00 000    7.75     1.23    -4.54  -765.80    -30.30    -17.60    3.36    286207.0
 2023 02 27 21 26 00 000    7.88     1.45    -4.74  -765.80    -30.30    -17.60    3.36    286207.0
 2023 02 27 21 27 00 000    7.87     1.53    -4.92  -769.50    -31.30    -29.40    3.18    336873.0
 2023 02 27 21 28 00 000    8.64     0.68    -3.66  -769.50    -31.30    -29.40    3.18    336873.0
 2023 02 27 21 29 00 000    8.27     0.76    -4.18  -769.50    -31.30    -29.40    3.18    336873.0
 2023 02 27 21 30 00 000    8.28     0.91    -4.29  -769.50    -31.30    -29.40    3.18    336873.0
 2023 02 27 21 31 00 000    8.32     0.64    -4.39  -769.50    -31.30    -29.40    3.18    336873.0
 2023 02 27 21 32 00 000    8.28     0.48    -4.51  -769.50    -31.30    -29.40    3.18    336873.0
 2023 02 27 21 33 00 000    8.33     0.83    -4.40  -765.00    -32.00    -34.60    3.24    359730.0
 2023 02 27 21 34 00 000    8.34     1.04    -4.47  -765.00    -32.00    -34.60    3.24    359730.0
 2023 02 27 21 35 00 000    8.36     0.92    -4.23  -765.00    -32.00    -34.60    3.24    359730.0
 2023 02 27 21 36 00 000    7.83    -0.14    -4.56  -765.00    -32.00    -34.60    3.24    359730.0
 2023 02 27 21 37 00 000    7.85     0.24    -4.44  -765.00    -32.00    -34.60    3.24    359730.0
 2023 02 27 21 38 00 000    8.55     1.26    -3.18  -758.20     -5.00    -30.10    3.88    705672.0
 2023 02 27 21 39 00 000    8.59     1.43    -3.35  -758.20     -5.00    -30.10    3.88    705672.0
 2023 02 27 21 40 00 000    8.77     1.03    -2.79  -758.20     -5.00    -30.10    3.88    705672.0
 2023 02 27 21 41 00 000    6.87     0.37    -5.79  -758.20     -5.00    -30.10    3.88    705672.0
 2023 02 27 21 42 00 000    6.50     0.09    -6.36  -758.20     -5.00    -30.10    3.88    705672.0
 2023 02 27 21 43 00 000    7.15     0.26    -5.58  -758.20     -5.00    -30.10    3.88    705672.0
 2023 02 27 21 44 00 000    7.45     0.50    -4.95  -758.20     -5.00    -30.10    3.88    705672.0
 2023 02 27 21 45 00 000    8.32     2.21    -2.58  -772.30    -13.50     19.70    3.04    212748.0
 2023 02 27 21 46 00 000    8.29     2.46    -3.24  -772.30    -13.50     19.70    3.04    212748.0
 2023 02 27 21 47 00 000    8.06     2.43    -3.60  -772.30    -13.50     19.70    3.04    212748.0
 2023 02 27 21 48 00 000    8.06     2.33    -3.46  -772.30    -13.50     19.70    3.04    212748.0
 2023 02 27 21 49 00 000    8.30     1.92    -3.22  -772.30    -13.50     19.70    3.04    212748.0
 2023 02 27 21 50 00 000    8.22     2.00    -3.43  -751.00    -20.80      2.00    3.60    565144.0
 2023 02 27 21 51 00 000    8.33     1.78    -3.06  -751.00    -20.80      2.00    3.60    565144.0
 2023 02 27 21 52 00 000    8.72     1.37    -2.19  -751.00    -20.80      2.00    3.60    565144.0
 2023 02 27 21 53 00 000    8.83     1.61    -2.40  -751.00    -20.80      2.00    3.60    565144.0
 2023 02 27 21 54 00 000    8.77     1.69    -2.08  -770.30    -36.60    -32.30    3.26    272964.0
 2023 02 27 21 55 00 000    7.66     2.31    -4.00  -770.30    -36.60    -32.30    3.26    272964.0
 2023 02 27 21 56 00 000    7.22     2.27    -5.15  -770.30    -36.60    -32.30    3.26    272964.0
 2023 02 27 21 57 00 000    6.52     2.35    -6.14  -770.30    -36.60    -32.30    3.26    272964.0
 2023 02 27 21 58 00 000    5.54     2.51    -7.01  -770.30    -36.60    -32.30    3.26    272964.0
 2023 02 27 21 59 00 000    4.03     2.20    -8.02  -770.30    -36.60    -32.30    3.26    272964.0
 2023 02 27 22 00 00 000    3.90     2.25    -8.16  -770.30    -36.60    -32.30    3.26    272964.0
 2023 02 27 22 01 00 000    4.67     2.53    -7.58  -770.30    -36.60    -32.30    3.26    272964.0
 2023 02 27 22 02 00 000    6.30     2.92    -5.97  -756.60    -19.80    -12.60    3.10    325947.0
 2023 02 27 22 03 00 000    7.44     2.82    -4.67  -756.60    -19.80    -12.60    3.10    325947.0
 2023 02 27 22 04 00 000    7.22     3.09    -4.93  -756.60    -19.80    -12.60    3.10    325947.0
 2023 02 27 22 05 00 000    7.62     2.96    -4.29  -756.60    -19.80    -12.60    3.10    325947.0
 2023 02 27 22 06 00 000    7.40     3.18    -4.43  -751.50     -7.00     -4.40    3.63    617160.0
 2023 02 27 22 07 00 000    7.13     3.16    -4.62  -751.50     -7.00     -4.40    3.63    617160.0
 2023 02 27 22 08 00 000    6.12     3.12    -6.08  -751.50     -7.00     -4.40    3.63    617160.0
 2023 02 27 22 09 00 000    6.91     3.71    -4.93  -751.50     -7.00     -4.40    3.63    617160.0
 2023 02 27 22 10 00 000    6.54     3.94    -5.58  -747.40      9.00    -15.00    3.40    467873.0
 2023 02 27 22 11 00 000    7.34     3.62    -5.81  -757.00      2.00     -8.60    3.03    356993.0
 2023 02 27 22 12 00 000    7.03     3.71    -6.02  -769.20     -5.30      0.10    2.57    221266.0
 2023 02 27 22 13 00 000    7.25     3.86    -5.73  -771.30     -4.00      2.40    2.52    205741.0
 2023 02 27 22 14 00 000    7.44     4.43    -5.23  -766.60     -5.20      6.20    2.27    255702.0
 2023 02 27 22 15 00 000    6.96     4.49    -5.34  -769.70     -6.90     10.90    2.26    222909.0
 2023 02 27 22 16 00 000    7.06     4.49    -4.76  -769.70     -6.90     10.90    2.26    222909.0
 2023 02 27 22 17 00 000    7.06     4.11    -4.94  -769.70     -6.90     10.90    2.26    222909.0
 2023 02 27 22 18 00 000    7.04     4.90    -4.02  -743.50     -2.60    -14.70    3.42    366291.0
 2023 02 27 22 19 00 000    7.06     4.33    -4.85  -744.40     -2.10    -14.20    3.36    352846.0
 2023 02 27 22 20 00 000    7.86     4.70    -3.41  -758.00      5.50     -6.40    2.50    156990.0
 2023 02 27 22 21 00 000    7.98     4.70    -2.98  -760.10     16.20      5.50    2.75    303417.0
 2023 02 27 22 22 00 000    8.13     4.74    -2.50  -760.50     17.10      7.40    2.78    325470.0
 2023 02 27 22 23 00 000    8.07     4.59    -3.22  -763.90    -10.40     12.70    2.60    327548.0
 2023 02 27 22 24 00 000    8.63     5.01    -1.84  -761.90      1.80      1.80    2.24    192479.0
 2023 02 27 22 25 00 000    8.65     5.06    -0.78  -766.90     -4.00     -9.70    2.18    174415.0
 2023 02 27 22 26 00 000    8.21     5.54     0.21  -768.40     -8.00     -8.70    2.43    165304.0
 2023 02 27 22 27 00 000    7.99     4.89    -1.69  -758.30      4.80      1.60    2.71    172766.0
 2023 02 27 22 28 00 000    8.56     4.78    -1.66  -754.90      7.50    -19.20    2.52    325926.0
 2023 02 27 22 29 00 000    8.44     4.91    -1.29  -755.60      8.10    -20.80    2.50    339457.0
 2023 02 27 22 30 00 000    8.67     4.80    -1.53  -755.20      6.40     -4.90    2.80    268916.0
 2023 02 27 22 31 00 000    7.44     4.23    -3.97  -755.20      6.40     -4.90    2.80    268916.0
 2023 02 27 22 32 00 000    8.34     5.17    -1.26  -755.20      6.40     -4.90    2.80    268916.0
 2023 02 27 22 33 00 000    8.25     5.27    -1.61  -760.00      4.50      3.00    2.07    222031.0
 2023 02 27 22 34 00 000    8.52     4.96     0.18  -760.00      4.50      3.00    2.07    222031.0
 2023 02 27 22 35 00 000    8.18     4.23    -1.47  -763.80     15.40     15.00    2.45    234351.0
 2023 02 27 22 36 00 000    6.49     3.26    -5.82  -764.80     18.20     18.10    2.54    237540.0
 2023 02 27 22 37 00 000    6.02     3.57    -5.53  -764.80     18.20     18.10    2.54    237540.0
 2023 02 27 22 38 00 000    7.84     4.49    -2.84  -764.80     18.20     18.10    2.54    237540.0
 2023 02 27 22 39 00 000    8.40     4.78    -0.10  -758.30      4.70     -6.30    2.65    148565.0
 2023 02 27 22 40 00 000    8.48     4.79     0.74  -756.20      7.10     -8.20    2.65    155938.0
 2023 02 27 22 41 00 000    8.31     5.29     1.36  -749.70     14.90    -14.30    2.66    179884.0
 2023 02 27 22 42 00 000    8.38     5.13     0.77  -749.70     14.90    -14.30    2.66    179884.0
 2023 02 27 22 43 00 000    8.53     4.82     0.66  -744.30     22.30    -13.60    2.61    209033.0
 2023 02 27 22 44 00 000    8.69     4.40     0.57  -744.30     22.30    -13.60    2.61    209033.0
 2023 02 27 22 45 00 000    8.27     5.05    -0.75  -749.50      7.70    -23.90    2.54    219182.0
 2023 02 27 22 46 00 000    8.09     5.20    -0.19  -749.50      7.70    -23.90    2.54    219182.0
 2023 02 27 22 47 00 000    8.49     4.58    -0.91  -740.60     29.20     -3.70    2.53    218018.0
 2023 02 27 22 48 00 000    8.41     4.63    -1.34  -740.60     29.20     -3.70    2.53    218018.0
 2023 02 27 22 49 00 000    8.32     4.76    -1.40  -740.60     29.20     -3.70    2.53    218018.0
 2023 02 27 22 50 00 000    7.99     4.98    -2.23  -742.60      7.10    -25.00    2.66    171616.0
 2023 02 27 22 51 00 000    8.01     4.77    -2.47  -744.80     10.80    -23.80    2.57    194686.0
 2023 02 27 22 52 00 000    8.25     4.79    -1.51  -747.10     14.70    -22.50    2.49    218890.0
 2023 02 27 22 53 00 000    8.06     5.06    -1.61  -747.10     14.70    -22.50    2.49    218890.0
 2023 02 27 22 54 00 000    7.87     5.31    -1.68  -744.70      5.50    -23.50    2.92    165169.0
 2023 02 27 22 55 00 000    7.81     5.31    -1.85  -744.70      5.50    -23.50    2.92    165169.0
 2023 02 27 22 56 00 000    7.56     5.38    -2.37  -747.70     14.50    -33.50    2.43    132713.0
 2023 02 27 22 57 00 000    7.77     5.20    -2.06  -744.40     10.90    -24.60    2.52    136895.0
 2023 02 27 22 58 00 000    7.42     5.42    -2.63  -742.80     12.20    -20.30    2.60    146639.0
 2023 02 27 22 59 00 000    7.32     5.62    -2.45  -742.30     10.10    -21.60    2.55    131797.0
 2023 02 27 23 00 00 000    7.36     4.95    -3.47  -741.00      6.00    -18.20    2.50    139210.0
 2023 02 27 23 01 00 000    7.22     5.33    -3.23  -742.80     -0.30    -22.10    2.36    159005.0
 2023 02 27 23 02 00 000    6.89     5.53    -3.40  -744.50      3.40    -20.50    2.58    135957.0
 2023 02 27 23 03 00 000    6.27     5.30    -5.04  -744.50      3.40    -20.50    2.58    135957.0
 2023 02 27 23 04 00 000    6.27     5.30    -5.04  -744.50      3.40    -20.50    2.58    135957.0
 2023 02 27 23 05 00 000    6.27     5.12    -5.20  -744.50      3.40    -20.50    2.58    135957.0
 2023 02 27 23 07 00 000    6.23     4.98    -5.38  -744.50      3.40    -20.50    2.58    135957.0
 2023 02 27 23 08 00 000    6.06     5.03    -5.50  -738.50      4.40    -11.90    2.51    137886.0
 2023 02 27 23 09 00 000    6.06     5.03    -5.50  -738.50      4.40    -11.90    2.51    137886.0
 2023 02 27 23 10 00 000    6.15     4.80    -5.61  -738.50      4.40    -11.90    2.51    137886.0
 2023 02 27 23 12 00 000    6.09     5.02    -5.44  -738.50      4.40    -11.90    2.51    137886.0
 2023 02 27 23 14 00 000    6.19     4.80    -5.50  -738.50      4.40    -11.90    2.51    137886.0
 2023 02 27 23 16 00 000    6.30     4.51    -5.60  -738.50      4.40    -11.90    2.51    137886.0
 2023 02 27 23 17 00 000    6.82     4.31    -4.76  -738.50      4.40    -11.90    2.51    137886.0
 2023 02 27 23 18 00 000    8.30     3.69    -2.44  -728.40     21.70     -9.00    2.40    204365.0
 2023 02 27 23 19 00 000    8.04     3.88    -2.80  -732.70     13.80     -2.00    2.35    190572.0
 2023 02 27 23 20 00 000    7.90     4.08    -2.99  -735.70      8.40      3.40    2.31    183382.0
 2023 02 27 23 21 00 000    7.50     4.70    -2.67  -746.10     10.50     -8.30    2.21    142241.0
 2023 02 27 23 22 00 000    7.99     3.36    -3.27  -737.40      2.50     -5.90    2.53    204618.0
 2023 02 27 23 23 00 000    7.93     3.93    -2.38  -733.30     -3.10     -0.40    2.65    237433.0
 2023 02 27 23 24 00 000    8.22     3.98    -1.38  -726.60     41.90     16.70    2.38    194328.0
 2023 02 27 23 25 00 000    7.96     4.19    -1.87  -738.10     22.30     -2.40    2.33    158969.0
 2023 02 27 23 26 00 000    8.12     3.32    -2.49  -731.30     16.80      3.30    2.29    181778.0
 2023 02 27 23 27 00 000    8.14     4.21    -2.11  -724.00     18.10      9.40    2.36    214608.0
 2023 02 27 23 28 00 000    8.38     3.69    -2.53  -724.00     18.10      9.40    2.36    214608.0
 2023 02 27 23 29 00 000    8.08     3.96    -2.68  -737.30     12.90     -3.70    2.18    141549.0
 2023 02 27 23 30 00 000    7.71     3.84    -3.86  -737.30     12.90     -3.70    2.18    141549.0
 2023 02 27 23 31 00 000    8.57     3.25    -2.31  -722.50     23.60      3.10    2.44    206127.0
 2023 02 27 23 32 00 000    8.42     3.05    -2.92  -722.60     23.60      3.10    2.44    205953.0
 2023 02 27 23 33 00 000    8.26     2.83    -3.74  -738.50     10.40      9.20    2.04    158395.0
 2023 02 27 23 34 00 000    8.31     2.40    -3.79  -732.80      4.50     -3.00    2.39    179711.0
 2023 02 27 23 35 00 000    8.42     2.20    -3.81  -726.70     -1.20    -15.40    2.75    202191.0
 2023 02 27 23 36 00 000    8.35     2.45    -3.71  -726.70     -1.20    -15.40    2.75    202191.0
 2023 02 27 23 37 00 000    8.19     2.51    -3.88  -732.60      5.80      2.90    2.52    195311.0
 2023 02 27 23 38 00 000    8.09     2.60    -4.22  -732.60      5.40      2.90    2.51    198598.0
 2023 02 27 23 39 00 000    7.91     3.52    -3.85  -732.50     14.40     -5.30    2.72    223238.0
 2023 02 27 23 40 00 000    8.02     3.59    -3.59  -731.20     17.90    -15.30    2.52    212220.0
 2023 02 27 23 41 00 000    7.56     4.94    -2.83  -731.20     17.90    -15.30    2.52    212220.0
 2023 02 27 23 42 00 000    8.03     3.33    -3.43  -731.20     17.90    -15.30    2.52    212220.0
 2023 02 27 23 43 00 000    8.39     1.81    -3.96  -725.40    -22.60     -2.00    2.32    190338.0
 2023 02 27 23 44 00 000    8.13     2.51    -4.15  -726.00    -19.70     -1.90    2.34    192413.0
 2023 02 27 23 45 00 000    7.84     2.27    -4.80  -732.00      7.50     -0.60    2.52    212096.0
 2023 02 27 23 46 00 000    8.45     2.67    -3.33  -732.20      8.30     -0.60    2.53    212676.0
 2023 02 27 23 47 00 000    8.57     2.30    -3.46  -719.40      5.70     -2.60    2.33    227637.0
 2023 02 27 23 48 00 000    8.43     2.53    -3.62  -719.20     10.60     -3.80    2.30    215191.0
 2023 02 27 23 49 00 000    8.51     2.58    -3.29  -718.60     23.50     -6.90    2.22    182215.0
 2023 02 27 23 50 00 000    8.40     2.98    -3.01  -719.00     22.20     -6.00    2.37    201003.0
 2023 02 27 23 51 00 000    8.10     3.88    -2.55  -724.50     37.30     -6.10    2.52    207678.0
 2023 02 27 23 52 00 000    8.38     3.43    -2.84  -730.00     52.10     -6.10    2.67    214257.0
 2023 02 27 23 53 00 000    8.12     3.12    -3.87  -719.50     21.50    -13.80    2.67    236328.0
 2023 02 27 23 54 00 000    8.31     2.87    -3.69  -719.50     21.50    -13.80    2.67    236328.0
 2023 02 27 23 55 00 000    8.20     3.00    -3.79  -718.90     22.70    -17.50    2.71    241478.0
 2023 02 27 23 56 00 000    8.37     2.85    -3.58  -718.80     23.00    -18.40    2.71    242800.0
 2023 02 27 23 57 00 000    8.49     2.71    -3.46  -718.80     23.00    -18.40    2.71    242800.0
 2023 02 27 23 58 00 000    8.63     2.71    -2.95  -714.70     22.70     -7.70    2.52    207896.0
 2023 02 27 23 59 00 000    8.28     3.22    -3.45  -714.80     22.90     -7.90    2.52    208062.0
 2023 02 28 00 00 00 000    8.06     2.90    -4.09  -717.60     26.20    -12.30    2.54    211458.0
 2023 02 28 00 01 00 000    8.04     2.66    -4.25  -717.60     26.20    -12.30    2.54    211458.0
 2023 02 28 00 02 00 000    8.07     2.54    -4.25  -717.60     26.20    -12.30    2.54    211458.0
 2023 02 28 00 03 00 000    8.16     2.49    -4.12  -721.30     -2.90    -14.50    2.16    163278.0
 2023 02 28 00 04 00 000    8.06     2.68    -4.22  -721.30     -2.90    -14.50    2.16    163278.0
 2023 02 28 00 05 00 000    7.91     3.04    -4.25  -721.30     -2.90    -14.50    2.16    163278.0
 2023 02 28 00 06 00 000    8.08     2.49    -4.34  -721.30     -2.90    -14.50    2.16    163278.0
 2023 02 28 00 07 00 000    8.21     2.31    -4.10  -721.30     -3.20    -12.80    2.09    159901.0
 2023 02 28 00 08 00 000    8.11     2.62    -4.09  -721.30     -3.20    -12.80    2.09    159901.0
 2023 02 28 00 09 00 000    8.27     3.07    -3.49  -720.70      1.10     -6.50    2.78    176091.0
 2023 02 28 00 10 00 000    8.37     3.28    -3.25  -720.70      1.10     -6.50    2.78    176091.0
 2023 02 28 00 11 00 000    8.34     3.45    -3.01  -725.60     -0.70      0.10    2.35    192802.0
 2023 02 28 00 12 00 000    8.24     3.24    -3.15  -725.80     -0.80      0.40    2.34    193610.0
 2023 02 28 00 13 00 000    8.25     3.98    -1.63  -720.40     48.50     11.10    2.26    183129.0
 2023 02 28 00 14 00 000    8.17     4.27    -1.65  -720.30     49.70     11.40    2.26    182879.0
 2023 02 28 00 15 00 000    8.36     4.01    -1.20  -720.30     49.70     11.40    2.26    182879.0
 2023 02 28 00 16 00 000    8.33     4.08    -1.19  -720.30     49.70     11.40    2.26    182879.0
 2023 02 28 00 17 00 000    8.35     3.93    -1.49  -719.50     32.50      0.70    2.34    181021.0
 2023 02 28 00 19 00 000    8.35     4.05    -1.16  -719.50     32.50      0.70    2.34    181021.0
 2023 02 28 00 20 00 000    8.43     3.87    -1.32  -719.50     32.50      0.70    2.34    181021.0
 2023 02 28 00 21 00 000    8.34     4.03    -1.32  -719.30     26.10      5.70    2.29    180096.0
 2023 02 28 00 22 00 000    8.39     3.93    -1.19  -719.30     26.10      5.70    2.29    180096.0
 2023 02 28 00 23 00 000    8.48     3.90    -0.73  -719.00     28.10      7.10    2.28    176481.0
 2023 02 28 00 24 00 000    8.34     4.26    -0.12  -719.10     37.30     10.60    2.22    170711.0
 2023 02 28 00 25 00 000    8.18     4.52     0.48  -719.10     44.30     13.30    2.18    166309.0
 2023 02 28 00 26 00 000    8.25     4.43     0.35  -719.10     44.30     13.30    2.18    166309.0
 2023 02 28 00 27 00 000    7.63     4.96     0.53  -719.10     44.30     13.30    2.18    166309.0
 2023 02 28 00 28 00 000    8.14     4.18    -0.39  -716.40     48.80     14.20    2.24    166270.0
 2023 02 28 00 29 00 000    7.45     3.74    -2.18  -716.70     50.10     16.00    2.29    167614.0
 2023 02 28 00 30 00 000    7.48     3.71    -1.61  -725.90     20.80     22.90    2.09    160835.0
 2023 02 28 00 31 00 000    6.23     3.49    -3.26  -724.20     23.40     19.90    2.12    159910.0
 2023 02 28 00 32 00 000    6.39     3.63    -4.21  -725.40     21.90     -9.00    2.50    170132.0
 2023 02 28 00 34 00 000    7.23     3.45    -3.95  -728.50      8.30    -21.50    2.23    174268.0
 2023 02 28 00 35 00 000    7.65     3.78    -2.78  -726.70     14.50    -16.40    2.30    181117.0
 2023 02 28 00 36 00 000    7.42     4.12    -2.68  -718.00     32.00    -11.20    2.23    183409.0
 2023 02 28 00 37 00 000    7.27     4.16    -2.87  -717.90     29.30    -12.60    2.17    156561.0
 2023 02 28 00 38 00 000    6.71     5.25    -2.31  -715.70     38.70     -7.70    2.44    193824.0
 2023 02 28 00 39 00 000    6.99     4.41    -3.15  -717.50     30.60     -9.10    2.21    170249.0
 2023 02 28 00 40 00 000    7.13     4.31    -2.63  -718.00     29.80     -7.90    2.25    175658.0
 2023 02 28 00 41 00 000    7.07     4.03    -3.05  -719.70     27.60     -4.10    2.35    193610.0
 2023 02 28 00 42 00 000    7.70     3.39    -2.52  -719.70     27.60     -4.10    2.35    193610.0
 2023 02 28 00 43 00 000    7.96     3.26    -2.10  -719.70     27.60     -4.10    2.35    193610.0
 2023 02 28 00 44 00 000    7.43     2.61    -3.51  -716.80     10.80     -1.60    1.52    102247.0
 2023 02 28 00 45 00 000    8.52     1.61    -2.04  -716.80     10.80     -1.60    1.52    102247.0
 2023 02 28 00 46 00 000    8.20     2.49    -2.78  -700.70     33.80      3.00    2.15    206268.0
 2023 02 28 00 47 00 000    7.57     4.24    -2.17  -700.80     33.60      2.90    2.15    205707.0
 2023 02 28 00 48 00 000    7.52     3.62    -2.39  -709.80     13.80     -8.30    1.78    134013.0
 2023 02 28 00 49 00 000    6.89     4.49    -2.50  -714.40     24.30    -21.10    1.59     94024.0
 2023 02 28 00 50 00 000    6.88     4.31    -1.93  -714.40     24.30    -21.10    1.59     94024.0
 2023 02 28 00 51 00 000    8.38     2.57    -1.26  -700.30     20.70     26.60    2.17    150277.0
 2023 02 28 00 52 00 000    8.59    -0.43    -2.35  -700.60      3.50     28.60    2.33    182714.0
 2023 02 28 00 53 00 000    8.88     0.06    -1.59  -692.60    -49.10     25.10    2.15    273184.0
 2023 02 28 00 54 00 000    8.88     0.06    -1.59  -692.60    -49.10     25.10    2.15    273184.0
 2023 02 28 00 55 00 000    8.77    -0.89    -2.05  -692.60    -49.10     25.10    2.15    273184.0
 2023 02 28 00 56 00 000    6.97     4.70    -2.25  -700.00      4.80     11.40    2.16    200991.0
 2023 02 28 00 57 00 000    6.88     4.41    -2.64  -708.00     20.70      2.20    2.10    194265.0
 2023 02 28 00 58 00 000    7.58     3.17    -2.43  -711.10     10.30      0.90    2.22    234147.0
 2023 02 28 00 59 00 000    7.62     2.40    -2.37  -704.40     -3.20      7.90    2.21    230609.0
 2023 02 28 01 00 00 000    7.78     1.47    -2.67  -713.10     23.10     14.60    2.15    210025.0
 2023 02 28 01 01 00 000    7.06     2.55    -3.67  -715.80     13.10      4.80    1.88    149324.0
 2023 02 28 01 02 00 000    6.53     0.86    -4.12  -712.20     -9.20     22.40    2.04    184284.0
 2023 02 28 01 03 00 000    6.91    -0.05    -4.60  -725.90     -3.80     -5.90    1.81    133277.0
 2023 02 28 01 04 00 000    7.57     3.04    -3.26  -730.80    -51.50      9.20    1.77    121610.0
 2023 02 28 01 05 00 000    7.33     4.29    -2.02  -707.00     30.00      2.50    1.89    134882.0
 2023 02 28 01 06 00 000    8.67     0.54    -1.48  -703.40     23.40     21.90    1.95    162005.0
 2023 02 28 01 07 00 000    7.24    -0.73    -5.05  -694.00      5.70     72.90    2.10    233463.0
 2023 02 28 01 08 00 000    8.08     1.56    -3.84  -693.70      7.40     31.10    2.19    242566.0
 2023 02 28 01 09 00 000    8.64     0.57    -2.68  -693.50      8.10     13.00    2.24    246493.0
 2023 02 28 01 10 00 000    8.34     0.71    -3.58  -693.50      8.10     13.00    2.24    246493.0
 2023 02 28 01 11 00 000    8.48     0.80    -3.42  -689.20    -23.40      9.40    1.70    151250.0
 2023 02 28 01 12 00 000    8.15     1.75    -3.83  -689.20    -23.40      9.40    1.70    151250.0
 2023 02 28 01 13 00 000    8.02     1.91    -3.96  -689.20    -23.40      9.40    1.70    151250.0
 2023 02 28 01 14 00 000    8.37    -0.23    -3.88  -689.20    -23.40      9.40    1.70    151250.0
 2023 02 28 01 15 00 000    8.35     0.85    -3.81  -689.20    -23.40      9.40    1.70    151250.0
 2023 02 28 01 16 00 000    8.55     0.94    -3.29  -689.20    -23.40      9.40    1.70    151250.0
 2023 02 28 01 17 00 000    8.54     0.84    -3.34  -688.40    -16.90     10.90    1.87    140556.0
 2023 02 28 01 18 00 000    8.53     0.98    -3.32  -688.40    -16.90     10.90    1.87    140556.0
 2023 02 28 01 19 00 000    8.93     0.07    -1.71  -688.40    -16.90     10.90    1.87    140556.0
 2023 02 28 01 20 00 000    9.19    -0.08    -1.01  -688.40    -16.90     10.90    1.87    140556.0
 2023 02 28 01 21 00 000    8.98    -0.08    -2.11  -688.40    -16.90     10.90    1.87    140556.0
 2023 02 28 01 22 00 000    8.90     0.35    -2.30  -688.40    -16.90     10.90    1.87    140556.0
 2023 02 28 01 23 00 000    8.90     0.35    -2.30  -688.40    -16.90     10.90    1.87    140556.0
 2023 02 28 01 24 00 000    8.92     0.31    -2.22  -682.40    -17.70     37.20    1.80    143723.0
 2023 02 28 01 25 00 000    8.98     0.94    -1.52  -682.40    -17.70     37.20    1.80    143723.0
 2023 02 28 01 26 00 000    8.72     0.89    -2.66  -682.40    -17.70     37.20    1.80    143723.0
 2023 02 28 01 27 00 000    8.74     0.78    -2.56  -682.40    -17.70     37.20    1.80    143723.0
 2023 02 28 01 28 00 000    8.56     1.11    -3.09  -683.80    -13.60     25.40    1.76    132453.0
 2023 02 28 01 29 00 000    8.58     1.37    -2.93  -683.80    -13.60     25.40    1.76    132453.0
 2023 02 28 01 30 00 000    8.51     1.83    -2.87  -683.80    -13.60     25.40    1.76    132453.0
 2023 02 28 01 31 00 000    8.44     1.90    -2.95  -683.80    -13.60     25.40    1.76    132453.0
 2023 02 28 01 32 00 000    8.66     1.69    -2.53  -683.80    -13.60     25.40    1.76    132453.0
 2023 02 28 01 33 00 000    8.73     1.68    -2.33  -683.80    -13.60     25.40    1.76    132453.0
 2023 02 28 01 34 00 000    8.76     1.44    -2.23  -682.20    -13.80     28.40    1.71    134899.0
 2023 02 28 01 35 00 000    8.87     1.40    -1.84  -682.20    -13.80     28.40    1.71    134899.0
 2023 02 28 01 36 00 000    8.89     1.38    -1.62  -682.20    -13.80     28.40    1.71    134899.0
 2023 02 28 01 37 00 000    8.97     1.25    -1.30  -682.20    -13.80     28.40    1.71    134899.0
 2023 02 28 01 38 00 000    8.97     1.23    -1.30  -682.20    -13.80     28.40    1.71    134899.0
 2023 02 28 01 39 00 000    9.01     1.39    -0.70  -682.20    -13.80     28.40    1.71    134899.0
 2023 02 28 01 40 00 000    8.82     1.71    -1.64  -682.20    -13.80     28.40    1.71    134899.0
 2023 02 28 01 41 00 000    8.94     1.37    -1.26  -678.80     -6.10     37.70    1.86    153436.0
 2023 02 28 01 42 00 000    8.76     1.82    -1.60  -678.80     -6.10     37.70    1.86    153436.0
 2023 02 28 01 43 00 000    8.83     1.57    -1.65  -678.80     -6.10     37.70    1.86    153436.0
 2023 02 28 01 44 00 000    8.93     1.06    -1.58  -678.80     -6.10     37.70    1.86    153436.0
 2023 02 28 01 45 00 000    8.86     1.27    -1.86  -678.80     -6.10     37.70    1.86    153436.0
 2023 02 28 01 46 00 000    8.89     1.17    -1.74  -678.90     -4.30     36.00    1.74    150646.0
 2023 02 28 01 47 00 000    8.86     1.31    -1.91  -678.90     -4.30     36.00    1.74    150646.0
 2023 02 28 01 48 00 000    8.81     1.62    -1.97  -678.90     -4.30     36.00    1.74    150646.0
 2023 02 28 01 49 00 000    8.87     1.48    -1.84  -678.90     -4.30     36.00    1.74    150646.0
 2023 02 28 01 50 00 000    8.79     1.83    -1.93  -682.00     -1.50     31.40    1.84    154963.0
 2023 02 28 01 51 00 000    8.66     2.34    -2.07  -682.00     -1.50     31.40    1.84    154963.0
 2023 02 28 01 52 00 000    8.52     2.78    -2.01  -682.00     -1.50     31.40    1.84    154963.0
 2023 02 28 01 53 00 000    8.57     2.61    -2.00  -682.00     -1.50     31.40    1.84    154963.0
 2023 02 28 01 54 00 000    8.48     2.66    -2.33  -682.00     -1.50     31.40    1.84    154963.0
 2023 02 28 01 55 00 000    8.55     2.28    -2.37  -682.00     -1.50     31.40    1.84    154963.0
 2023 02 28 01 56 00 000    8.93     1.55    -0.92  -686.80     -7.50     14.80    1.97    195463.0
 2023 02 28 01 57 00 000    7.66     3.30    -3.75  -686.80     -7.50     14.80    1.97    195463.0
 2023 02 28 01 58 00 000    7.98     3.50    -2.71  -686.80     -7.50     14.80    1.97    195463.0
 2023 02 28 01 59 00 000    8.73     2.26    -1.84  -686.80     -7.50     14.80    1.97    195463.0
 2023 02 28 02 00 00 000    8.68     2.48    -1.68  -681.20     -0.70     24.10    1.81    148900.0
 2023 02 28 02 01 00 000    8.36     3.14    -1.72  -681.40     -0.30     23.80    1.81    148288.0
 2023 02 28 02 02 00 000    8.08     3.91    -2.15  -688.70     15.90     13.00    1.82    124810.0
 2023 02 28 02 03 00 000    7.37     4.18    -3.58  -688.70     15.90     13.00    1.82    124810.0
 2023 02 28 02 04 00 000    8.68     2.61    -1.67  -688.70     15.90     13.00    1.82    124810.0
 2023 02 28 02 05 00 000    8.74     2.43    -1.71  -688.70     15.90     13.00    1.82    124810.0
 2023 02 28 02 06 00 000    8.77     2.43    -0.95  -688.70     15.90     13.00    1.82    124810.0
 2023 02 28 02 07 00 000    8.76     2.50    -1.08  -688.70     15.90     13.00    1.82    124810.0
 2023 02 28 02 08 00 000    8.77     2.41    -0.85  -690.80      4.90     11.90    2.05    265859.0
 2023 02 28 02 09 00 000    8.71     2.60    -0.87  -690.80      4.90     11.90    2.05    265859.0
 2023 02 28 02 10 00 000    8.80     2.47    -0.65  -699.40     43.10     39.20    2.18    152280.0
 2023 02 28 02 11 00 000    8.40     3.24    -0.80  -699.40     43.10     39.20    2.18    152280.0
 2023 02 28 02 12 00 000    8.24     3.16    -1.97  -699.40     43.10     39.20    2.18    152280.0
 2023 02 28 02 13 00 000    8.18     3.46    -1.45  -699.40     43.10     39.20    2.18    152280.0
 2023 02 28 02 14 00 000    8.49     2.57    -1.60  -690.70    -12.10     16.00    2.08    194569.0
 2023 02 28 02 15 00 000    8.54     2.59    -1.38  -690.70    -12.10     16.00    2.08    194569.0
 2023 02 28 02 16 00 000    7.69     4.29    -2.18  -691.10     -9.00     13.50    2.06    192631.0
 2023 02 28 02 17 00 000    7.73     4.03    -2.47  -695.50     25.40    -14.30    1.84    171101.0
 2023 02 28 02 18 00 000    7.12     4.41    -3.51  -695.50     25.40    -14.30    1.84    171101.0
 2023 02 28 02 19 00 000    7.70     4.14    -2.55  -695.50     25.40    -14.30    1.84    171101.0
 2023 02 28 02 20 00 000    7.76     4.02    -2.53  -695.50     25.40    -14.30    1.84    171101.0
 2023 02 28 02 21 00 000    3.65     4.97    -6.33  -695.50     25.40    -14.30    1.84    171101.0
 2023 02 28 02 22 00 000    7.22     4.21    -3.72  -695.50     25.40    -14.30    1.84    171101.0
 2023 02 28 02 23 00 000    5.45     4.68    -5.15  -695.50     25.40    -14.30    1.84    171101.0
 2023 02 28 02 24 00 000    6.33     4.54    -4.59  -695.50     25.40    -14.30    1.84    171101.0
 2023 02 28 02 25 00 000    4.32     4.96    -6.11  -706.80      1.60    -37.60    1.87    181817.0
 2023 02 28 02 26 00 000    6.20     4.67    -4.91  -706.80      1.60    -37.60    1.87    181817.0
 2023 02 28 02 27 00 000    6.64     4.65    -4.24  -706.80      1.60    -37.60    1.87    181817.0
 2023 02 28 02 28 00 000    6.54     5.01    -4.00  -703.70     24.90    -16.50    1.94    196358.0
 2023 02 28 02 29 00 000    6.27     5.17    -3.80  -703.70     24.90    -16.50    1.94    196358.0
 2023 02 28 02 30 00 000    4.60     4.84    -6.04  -703.70     24.90    -16.50    1.94    196358.0
 2023 02 28 02 31 00 000    4.55     4.62    -5.84  -752.00    -10.60    -24.70    1.89    198379.0
 2023 02 28 02 32 00 000    5.37     5.08    -4.99  -721.90     -6.30    -19.70    1.84    170515.0
 2023 02 28 02 33 00 000    5.97     4.96    -4.56  -708.90      9.60    -25.60    1.84    165824.0
 2023 02 28 02 34 00 000    7.23     4.36    -3.67  -708.80     10.30    -26.00    1.84    166118.0
 2023 02 28 02 35 00 000    5.61     4.56    -5.31  -723.70      3.90    -14.20    2.25    189159.0
 2023 02 28 02 36 00 000    6.46     3.94    -4.02  -723.90      2.80    -13.60    2.28    192810.0
 2023 02 28 02 37 00 000    1.69     4.52    -7.43  -738.60      8.60    -17.30    2.63    212456.0
 2023 02 28 02 38 00 000    2.61     4.69    -6.91  -740.50      9.40    -17.80    2.68    214545.0
 2023 02 28 02 39 00 000    4.61     4.84    -6.21  -712.10     19.20    -14.80    2.34    187167.0
 2023 02 28 02 40 00 000    3.30     5.68    -6.39  -714.20     20.90     -5.50    2.38    180193.0
 2023 02 28 02 41 00 000    3.54     5.53    -6.44  -714.20     20.90     -5.50    2.38    180193.0
 2023 02 28 02 42 00 000    4.16     5.04    -6.35  -714.20     20.90     -5.50    2.38    180193.0
 2023 02 28 02 43 00 000    6.36     5.35    -4.12  -710.90     18.80    -22.20    2.40    274103.0
 2023 02 28 02 44 00 000    5.29     5.32    -5.08  -710.90     18.80    -22.20    2.40    274103.0
 2023 02 28 02 45 00 000    6.29     5.18    -4.17  -710.90     18.80    -22.20    2.40    274103.0
 2023 02 28 02 46 00 000    7.75     4.33    -2.79  -724.60     18.50    -32.50    1.73    118356.0
 2023 02 28 02 47 00 000    7.87     4.68    -2.05  -715.70     20.40    -19.80    1.84    147464.0
 2023 02 28 02 48 00 000    8.32     3.87    -2.44  -695.70     25.40      2.00    2.05    207175.0
 2023 02 28 02 49 00 000    8.21     4.21    -2.47  -694.70     28.80     10.10    2.01    186656.0
 2023 02 28 02 50 00 000    8.81     3.30    -1.79  -691.10     27.60     14.30    2.01    190146.0
 2023 02 28 02 51 00 000    8.52     3.77    -1.68  -686.20     25.30     26.90    2.22    200352.0
 2023 02 28 02 52 00 000    7.93     4.75    -0.99  -695.00     33.20     22.90    2.01    156475.0
 2023 02 28 02 53 00 000    8.05     4.59    -0.98  -694.40     17.20     21.90    2.20    144347.0
 2023 02 28 02 54 00 000    7.42     5.15    -0.19  -694.90     15.10     17.60    2.20    136315.0
 2023 02 28 02 55 00 000    8.43     3.95    -0.94  -691.00      8.50     16.30    1.87    180315.0
 2023 02 28 02 56 00 000    8.67     3.75    -0.85  -692.10     22.20     22.70    1.90    163905.0
 2023 02 28 02 57 00 000    8.11     4.17    -0.46  -698.10     32.60     24.10    1.93    153507.0
 2023 02 28 02 58 00 000    6.33     5.97     0.06  -692.10      4.50     23.50    1.82    170410.0
 2023 02 28 02 59 00 000    6.12     5.85     0.03  -703.60     19.40      8.60    2.00    172715.0
 2023 02 28 03 00 00 000    4.94     7.56     2.37  -708.30     36.00     15.10    1.97    159112.0
 2023 02 28 03 01 00 000    5.21     7.14     2.72  -712.40     50.10     20.60    1.94    147446.0
 2023 02 28 03 02 00 000    5.92     6.50     2.67  -712.40     50.10     20.60    1.94    147446.0
 2023 02 28 03 03 00 000    4.53     7.72     2.50  -712.40     50.10     20.60    1.94    147446.0
 2023 02 28 03 04 00 000    5.17     7.24     2.66  -712.40     50.10     20.60    1.94    147446.0
 2023 02 28 03 05 00 000    4.67     7.54     2.70  -712.40     50.10     20.60    1.94    147446.0
 2023 02 28 03 06 00 000    7.42     5.38     1.68  -712.40     50.10     20.60    1.94    147446.0
 2023 02 28 03 07 00 000    7.64     5.29     1.24  -712.40     50.10     20.60    1.94    147446.0
 2023 02 28 03 08 00 000    8.70     3.60    -0.08  -712.40     50.10     20.60    1.94    147446.0
 2023 02 28 03 09 00 000    8.37     4.18     0.37  -712.40     50.10     20.60    1.94    147446.0
 2023 02 28 03 10 00 000    8.60     3.68     0.64  -712.40     50.10     20.60    1.94    147446.0
 2023 02 28 03 11 00 000    8.65     3.63     1.08  -712.40     50.10     20.60    1.94    147446.0
 2023 02 28 03 12 00 000    8.66     3.58     1.67  -689.30     15.10     37.10    2.43    153558.0
 2023 02 28 03 13 00 000    8.46     4.05     1.73  -689.30     15.10     37.10    2.43    153558.0
 2023 02 28 03 14 00 000    8.88     3.77     1.15  -689.30     15.10     37.10    2.43    153558.0
 2023 02 28 03 15 00 000    8.77     4.02     1.17  -687.90     28.90     37.30    2.30    145616.0
 2023 02 28 03 16 00 000    8.70     4.02     1.31  -687.90     28.90     37.30    2.30    145616.0
 2023 02 28 03 17 00 000    9.33     2.50    -0.81  -687.90     28.90     37.30    2.30    145616.0
 2023 02 28 03 18 00 000    9.35     2.47    -0.51  -687.90     28.90     37.30    2.30    145616.0
 2023 02 28 03 19 00 000    9.36     2.45    -0.32  -687.90     28.90     37.30    2.30    145616.0
 2023 02 28 03 20 00 000    9.27     2.71    -0.17  -687.90     28.90     37.30    2.30    145616.0
 2023 02 28 03 21 00 000    9.31     2.53    -0.16  -687.90     28.90     37.30    2.30    145616.0
 2023 02 28 03 22 00 000    9.43     2.23    -0.16  -673.60     -7.30     28.10    1.93    129134.0
 2023 02 28 03 24 00 000    9.28     2.71     0.01  -673.60     -7.30     28.10    1.93    129134.0
 2023 02 28 03 25 00 000    9.31     2.53    -0.04  -673.60     -7.30     28.10    1.93    129134.0
 2023 02 28 03 27 00 000    9.34     2.42    -0.14  -673.60     -7.30     28.10    1.93    129134.0
 2023 02 28 03 28 00 000    9.42     1.95    -0.61  -677.30      9.30     25.00    2.24    199750.0
 2023 02 28 03 29 00 000    9.36     1.99    -0.58  -677.30      9.30     25.00    2.24    199750.0
 2023 02 28 03 30 00 000    9.42     1.95    -0.05  -680.30     19.80     21.70    2.22    166880.0
 2023 02 28 03 31 00 000    9.49     1.48    -0.54  -680.30     19.80     21.70    2.22    166880.0
 2023 02 28 03 32 00 000    9.49     1.36     0.60  -680.30     19.80     21.70    2.22    166880.0
 2023 02 28 03 33 00 000    8.81     2.87    -1.79  -682.40     16.80     -1.60    2.03    181154.0
 2023 02 28 03 34 00 000    8.52     3.24    -2.32  -682.40     16.80     -1.60    2.03    181154.0
 2023 02 28 03 35 00 000    8.32     3.81    -1.85  -669.10    -26.30     49.20    2.55    243472.0
 2023 02 28 03 36 00 000    8.47     3.51    -1.69  -676.50      1.10     16.60    2.36    228187.0
 2023 02 28 03 37 00 000    8.30     4.16    -2.12  -681.10     18.00      5.80    2.14    198623.0
 2023 02 28 03 38 00 000    8.41     3.77    -1.82  -681.20     18.40      9.60    2.08    189051.0
 2023 02 28 03 39 00 000    8.37     3.85    -1.93  -681.20     18.40      9.60    2.08    189051.0
 2023 02 28 03 40 00 000    8.52     3.24    -2.47  -675.70     -2.80     19.20    2.57    195256.0
 2023 02 28 03 41 00 000    8.28     4.02    -2.31  -678.20      5.30     15.90    2.49    198105.0
 2023 02 28 03 42 00 000    8.68     3.21    -2.37  -684.60     23.10      4.70    2.23    203906.0
 2023 02 28 03 43 00 000    8.94     2.94    -1.86  -678.40     -6.30      2.80    2.35    191971.0
 2023 02 28 03 44 00 000    8.60     2.17    -2.37  -672.60      8.40     34.70    2.51    253883.0
 2023 02 28 03 45 00 000    8.35     1.05    -2.71  -675.20     -4.30     16.60    2.38    237324.0
 2023 02 28 03 46 00 000    8.55     1.39    -2.60  -676.40    -23.20    -17.60    2.50    193134.0
 2023 02 28 03 47 00 000    8.93     2.43    -1.83  -670.40      8.80     -9.60    2.49    188145.0
 2023 02 28 03 48 00 000    8.37     3.49    -0.51  -678.00     27.20      7.10    2.38    188060.0
 2023 02 28 03 49 00 000    8.83     2.88    -0.76  -681.80     41.40     10.30    2.39    198402.0
 2023 02 28 03 50 00 000    9.17     2.88    -0.42  -683.90      8.50     22.10    2.52    169046.0
 2023 02 28 03 51 00 000    8.53     3.73    -0.55  -679.90     15.90     24.20    3.03    159382.0
 2023 02 28 03 52 00 000    8.49     3.94     0.27  -669.10    -26.70     32.40    3.01    108398.0
 2023 02 28 03 53 00 000    8.23     4.46    -0.17  -680.30     11.40     12.50    2.98    128603.0
 2023 02 28 03 54 00 000    8.40     3.67    -0.42  -686.40     20.70     21.90    2.70    150616.0
 2023 02 28 03 55 00 000    8.04     4.03    -0.03  -673.70     12.70     42.00    3.03    214307.0
 2023 02 28 03 56 00 000    7.92     3.84    -1.16  -673.50     12.40     42.10    3.03    215122.0
 2023 02 28 03 57 00 000    7.87     4.41     0.30  -673.50     12.40     42.10    3.03    215122.0
 2023 02 28 03 58 00 000    7.62     5.09     2.14  -687.90     17.40     18.10    2.78    130040.0
 2023 02 28 03 59 00 000    7.21     5.63     4.20  -687.50     16.60     17.10    2.75    131932.0
 2023 02 28 04 00 00 000    6.64     6.14     4.63  -697.70     32.00     34.40    3.56     98404.0
 2023 02 28 04 01 00 000    6.66     6.09     3.56  -697.70     32.00     34.40    3.56     98404.0
 2023 02 28 04 02 00 000    6.31     6.32     3.06  -697.70     32.00     34.40    3.56     98404.0
 2023 02 28 04 03 00 000    7.86     4.13    -0.74  -685.60     -6.70     21.50    2.70    242529.0
 2023 02 28 04 04 00 000    7.90     2.93    -3.03  -681.30      3.50     14.40    3.04    247418.0
 2023 02 28 04 05 00 000    8.39     2.35    -3.47  -676.60     11.20      7.30    3.33    238879.0
 2023 02 28 04 06 00 000    8.49     2.77    -2.29  -676.60     11.20      7.30    3.33    238879.0
 2023 02 28 04 07 00 000    7.93     3.20    -2.91  -685.00     19.90     -1.60    3.83    128185.0
 2023 02 28 04 08 00 000    7.98     3.18    -2.81  -682.40     21.50      7.40    3.61    168601.0
 2023 02 28 04 09 00 000    7.59     3.17    -3.58  -675.90     25.70     30.40    3.09    271503.0
 2023 02 28 04 10 00 000    7.79     2.84    -3.28  -675.90     25.70     30.40    3.09    271503.0
 2023 02 28 04 11 00 000    8.56     2.79    -1.42  -675.90     25.70     30.40    3.09    271503.0
 2023 02 28 04 12 00 000    8.90     2.92    -2.27  -680.00     -3.50      4.50    3.92    229720.0
 2023 02 28 04 13 00 000    9.19     3.13    -2.16  -680.00     -3.50      4.50    3.92    229720.0
 2023 02 28 04 14 00 000    9.17     3.14    -2.20  -680.00     -3.50      4.50    3.92    229720.0
 2023 02 28 04 15 00 000    9.14     3.15    -2.13  -680.00     -3.50      4.50    3.92    229720.0
 2023 02 28 04 18 00 000    8.96     3.49    -1.41  -667.80     23.90      1.80    4.44    150525.0
 2023 02 28 04 19 00 000    8.70     3.42    -1.34  -667.80     23.90      1.80    4.44    150525.0
 2023 02 28 04 20 00 000    8.49     3.85    -1.33  -667.80     23.90      1.80    4.44    150525.0
 2023 02 28 04 22 00 000    8.52     3.63    -1.22  -667.80     23.90      1.80    4.44    150525.0
 2023 02 28 04 24 00 000    8.65     3.30    -1.10  -667.80     23.90      1.80    4.44    150525.0
 2023 02 28 04 26 00 000    8.62     3.59    -0.89  -675.00     14.20     33.40    3.90    238450.0
 2023 02 28 04 27 00 000    8.97     3.78    -1.37  -675.00     14.20     33.40    3.90    238450.0
 2023 02 28 04 28 00 000    9.13     3.75    -1.10  -674.40      8.60     22.90    4.05    201718.0
 2023 02 28 04 29 00 000    9.06     3.35    -1.08  -672.90     -4.10     -1.10    4.37    117394.0
 2023 02 28 04 30 00 000    8.56     3.02    -1.40  -664.40      8.20     11.40    4.02    241528.0
 2023 02 28 04 31 00 000    8.85     2.75    -1.89  -663.50     14.10     12.00    4.23    227322.0
 2023 02 28 04 32 00 000    8.97     2.85    -1.75  -664.00     21.90      7.00    4.93    162660.0
 2023 02 28 04 33 00 000    8.91     3.19    -1.52  -666.20      1.30      3.70    4.71    241177.0
 2023 02 28 04 34 00 000    9.21     2.76    -2.62  -668.80      4.60     25.50    4.17    261478.0
 2023 02 28 04 35 00 000    9.21     2.67    -1.83  -667.10     28.30     20.90    5.40    119805.0
 2023 02 28 04 36 00 000    9.15     2.66    -2.17  -667.10     28.30     20.90    5.40    119805.0
 2023 02 28 04 37 00 000    9.20     2.73    -2.02  -675.20     -3.70      1.00    4.34    114482.0
 2023 02 28 04 38 00 000    9.30     2.71    -1.48  -671.00      8.10      6.20    3.88    132589.0
 2023 02 28 04 39 00 000    9.31     2.77    -1.49  -665.80     23.30     13.30    3.45    153010.0
 2023 02 28 04 40 00 000    9.45     2.77    -1.56  -665.80     23.30     13.30    3.45    153010.0
 2023 02 28 04 41 00 000    9.31     3.26    -0.81  -665.80     23.30     13.30    3.45    153010.0
 2023 02 28 04 42 00 000    9.11     3.40    -1.11  -668.20     16.70     15.70    3.17    282742.0
 2023 02 28 04 43 00 000    8.81     3.07    -0.42  -666.80     14.40     20.00    3.53    215300.0
 2023 02 28 04 44 00 000    8.71     2.94     0.06  -661.60     22.60     23.20    3.52    199368.0
 2023 02 28 04 45 00 000    8.58     3.00     0.10  -661.20     23.60     23.20    3.49    202751.0
 2023 02 28 04 46 00 000    8.73     3.20     0.41  -661.20     23.60     23.20    3.49    202751.0
 2023 02 28 04 47 00 000    8.44     3.55     2.35  -661.20     23.60     23.20    3.49    202751.0
 2023 02 28 04 48 00 000    8.69     3.88     1.03  -669.50     14.90     39.00    2.60    255849.0
 2023 02 28 04 49 00 000    9.13     3.29     1.39  -669.50     14.90     39.00    2.60    255849.0
 2023 02 28 04 50 00 000    9.39     3.34     0.69  -677.20     -5.60      9.90    4.43    120976.0
 2023 02 28 04 51 00 000    9.37     3.69    -0.44  -675.10     10.10     16.60    4.81    102811.0
 2023 02 28 04 52 00 000    9.27     3.84    -0.36  -674.00     25.80     31.80    4.91     95820.0
 2023 02 28 04 53 00 000    9.29     3.69    -0.58  -676.20      1.70     27.40    3.08    192595.0
 2023 02 28 04 54 00 000    9.24     3.90    -0.77  -674.00      1.40     22.20    3.57    147825.0
 2023 02 28 04 55 00 000    9.09     3.94    -1.50  -670.90     11.90     17.40    4.69    112964.0
 2023 02 28 04 56 00 000    9.07     4.08    -0.97  -671.50      8.80     14.00    5.12    113256.0
 2023 02 28 04 57 00 000    8.90     4.15    -0.55  -675.70     17.00     15.40    4.58    127331.0
 2023 02 28 04 58 00 000    8.88     3.93     1.42  -676.10     24.90     19.20    4.69    134240.0
 2023 02 28 04 59 00 000    9.21     3.61     0.23  -670.70     10.70     20.20    5.71    120323.0
 2023 02 28 05 00 00 000    9.09     3.86     1.09  -667.40      9.80     25.90    4.71    168090.0
 2023 02 28 05 01 00 000    9.04     3.72     1.74  -668.30      8.90     26.00    4.64    170602.0
 2023 02 28 05 02 00 000    8.59     4.26     2.12  -677.50     14.50     33.10    3.70    195475.0
 2023 02 28 05 03 00 000    8.52     4.49     1.93  -676.30     21.90     35.30    3.71    198722.0
 2023 02 28 05 04 00 000    8.28     4.33     2.74  -671.70      7.20     30.60    3.81    155760.0
 2023 02 28 05 05 00 000    8.08     4.01     3.34  -671.10     -1.20     39.30    3.59    176369.0
 2023 02 28 05 06 00 000    8.10     4.55     2.68  -670.70     -7.30     45.60    3.44    191229.0
 2023 02 28 05 07 00 000    8.12     4.59     2.61  -673.10     -7.80     40.40    3.49    205845.0
 2023 02 28 05 08 00 000    7.92     5.33     1.67  -673.10     -7.80     40.40    3.49    206057.0
 2023 02 28 05 09 00 000    7.90     5.30     1.61  -675.70     -8.40     39.20    3.37    241040.0
 2023 02 28 05 10 00 000    8.10     4.23     2.35  -671.90     16.90     36.80    3.20    258093.0
 2023 02 28 05 11 00 000    7.79     5.33     1.19  -673.90     -1.60     41.60    3.20    206677.0
 2023 02 28 05 12 00 000    7.87     5.40     1.15  -673.70     10.40     36.90    3.11    192424.0
 2023 02 28 05 13 00 000    7.97     5.17     1.36  -672.20     32.50     29.90    2.99    199055.0
 2023 02 28 05 14 00 000    8.25     4.83     0.61  -672.30     40.50     26.90    3.02    169686.0
 2023 02 28 05 15 00 000    8.21     4.73     1.27  -672.30     40.70     26.80    3.02    168856.0
 2023 02 28 05 16 00 000    8.46     4.26     1.30  -675.10     28.00     39.70    3.58    162399.0
 2023 02 28 05 17 00 000    8.33     4.47     1.58  -675.10     28.00     39.70    3.58    162399.0
 2023 02 28 05 18 00 000    8.23     4.58     1.77  -675.10     28.00     39.70    3.58    162399.0
 2023 02 28 05 19 00 000    8.11     4.59     1.80  -673.10     33.70     24.60    3.05    208606.0
 2023 02 28 05 20 00 000    8.00     4.56     2.31  -673.10     33.70     24.60    3.05    208606.0
 2023 02 28 05 21 00 000    8.26     4.22     2.14  -672.30     17.10     26.30    3.26    205891.0
 2023 02 28 05 22 00 000    8.07     4.05     2.95  -672.50     12.00     31.40    3.46    198502.0
 2023 02 28 05 23 00 000    7.93     4.11     3.21  -674.10     28.90     37.50    3.48    189943.0
 2023 02 28 05 24 00 000    7.90     3.98     3.29  -674.10     28.90     37.50    3.48    189943.0
 2023 02 28 05 25 00 000    7.98     3.88     3.13  -674.10     28.90     37.50    3.48    189943.0
 2023 02 28 05 26 00 000    8.29     3.92     2.60  -668.00     25.20     17.00    3.73    170394.0
 2023 02 28 05 27 00 000    8.03     4.08     2.85  -668.00     25.20     17.00    3.73    170394.0
 2023 02 28 05 28 00 000    7.87     4.13     3.01  -668.00     25.20     17.00    3.73    170394.0
 2023 02 28 05 29 00 000    7.69     4.21     3.36  -668.00     25.20     17.00    3.73    170394.0
 2023 02 28 05 30 00 000    7.81     4.16     3.06  -671.70     47.10     21.50    3.34    177268.0
 2023 02 28 05 31 00 000    8.04     4.00     2.40  -671.70     40.60     22.70    3.34    200681.0
 2023 02 28 05 32 00 000    7.95     4.11     2.12  -671.80     34.90     23.70    3.33    221498.0
 2023 02 28 05 33 00 000    7.85     4.13     2.68  -671.80     34.90     23.70    3.33    221498.0
 2023 02 28 05 34 00 000    7.74     4.34     2.73  -671.80     34.90     23.70    3.33    221498.0
 2023 02 28 05 35 00 000    7.77     4.23     2.76  -672.50     38.10     41.00    3.05    296619.0
 2023 02 28 05 36 00 000    7.59     3.94     3.22  -672.50     38.00     40.80    3.05    295429.0
 2023 02 28 05 37 00 000    7.68     4.02     2.68  -675.30     30.40     27.20    3.01    213704.0
 2023 02 28 05 38 00 000    8.06     4.03     2.03  -671.50     31.90     18.40    3.18    247851.0
 2023 02 28 05 39 00 000    8.62     3.96     0.73  -667.30     35.50     11.40    3.33    267281.0
 2023 02 28 05 40 00 000    8.86     3.84     0.02  -663.30     41.40      7.10    3.47    203015.0
 2023 02 28 05 41 00 000    8.67     3.91     0.83  -675.50     16.10      8.10    3.54    156646.0
 2023 02 28 05 42 00 000    8.69     3.91     0.96  -675.50     16.10      8.10    3.54    156646.0
 2023 02 28 05 43 00 000    8.50     4.20     1.49  -675.50     16.10      8.10    3.54    156646.0
 2023 02 28 05 44 00 000    8.41     4.24     1.76  -662.00     34.30     16.50    3.70    156375.0
 2023 02 28 05 45 00 000    8.45     4.18     1.62  -662.00     34.30     16.50    3.70    156375.0
 2023 02 28 05 46 00 000    8.39     4.31     1.63  -662.00     34.30     16.50    3.70    156375.0
 2023 02 28 05 47 00 000    8.36     4.32     1.86  -662.00     34.30     16.50    3.70    156375.0
 2023 02 28 05 48 00 000    8.31     4.29     2.12  -677.70     28.70     24.50    3.09    154351.0
 2023 02 28 05 49 00 000    8.30     4.39     1.80  -677.50     20.00     26.70    3.03    151766.0
 2023 02 28 05 50 00 000    8.16     4.21     1.95  -677.30     12.70     28.50    2.98    149621.0
 2023 02 28 05 51 00 000    8.04     4.55     1.71  -677.30     12.70     28.50    2.98    149621.0
 2023 02 28 05 52 00 000    7.71     4.90     1.96  -677.30     12.70     28.50    2.98    149621.0
 2023 02 28 05 53 00 000    7.64     4.68     2.88  -673.20     50.20     21.60    3.53    111137.0
 2023 02 28 05 54 00 000    7.44     4.64     3.51  -673.20     50.20     21.60    3.53    111137.0
 2023 02 28 05 55 00 000    7.54     4.59     3.34  -673.60     32.50     34.00    4.15    113695.0
 2023 02 28 05 56 00 000    7.08     5.06     4.00  -670.10     13.50     26.10    3.72    143722.0
 2023 02 28 05 57 00 000    6.15     5.90     4.63  -669.00      7.60     23.40    3.58    153253.0
 2023 02 28 05 58 00 000    5.67     5.78     5.38  -669.00      7.60     23.40    3.58    153253.0
 2023 02 28 05 59 00 000    4.71     2.60    -0.40  -646.80    -24.90    -29.90    2.34    250738.0
 2023 02 28 06 00 00 000    4.78     3.53     0.18  -671.00    -12.20     -9.40    2.50    137146.0
 2023 02 28 06 01 00 000    6.16     5.15     3.66  -683.70      5.30      6.80    2.43     77144.0
 2023 02 28 06 02 00 000    5.25     4.30     1.83  -672.50     12.00      3.70    2.49    153325.0
 2023 02 28 06 03 00 000    5.22     3.00     0.53  -658.60      3.80     -6.80    2.58    276844.0
 2023 02 28 06 04 00 000    5.06     3.82     1.63  -648.10     25.90    -24.50    2.49    327252.0
 2023 02 28 06 05 00 000    5.32     3.94     1.36  -660.50     19.10    -16.30    2.74    250301.0
 2023 02 28 06 06 00 000    5.74     4.14     2.43  -665.50     31.70      2.80    3.16    239936.0
 2023 02 28 06 07 00 000    5.55     4.31     2.39  -662.40     20.80     -1.00    2.65    146864.0
 2023 02 28 06 08 00 000    4.87     4.78     1.28  -658.90     29.00     -4.20    2.54    155660.0
 2023 02 28 06 09 00 000    4.92     4.35     1.41  -662.30     30.00      4.20    2.97    155002.0
 2023 02 28 06 10 00 000    6.07     3.00    -0.10  -652.90     14.20     -4.70    2.94    285449.0
 2023 02 28 06 11 00 000    4.44     4.62     2.41  -657.70     15.00    -16.60    2.45    175390.0
 2023 02 28 06 12 00 000    4.71     4.48     2.63  -654.90     28.00     -9.00    2.62    148285.0
 2023 02 28 06 13 00 000    5.56     3.65     5.44  -657.60     29.60      0.80    2.68    105757.0
 2023 02 28 06 14 00 000    6.55     2.29     4.53  -663.90      9.50     -1.70    2.21     85704.0
 2023 02 28 06 15 00 000    7.29     1.39     3.81  -657.80    -10.70     -6.60    2.20    132330.0
 2023 02 28 06 16 00 000    6.23     2.05     4.43  -658.60    -10.70    -12.80    2.16    167421.0
 2023 02 28 06 17 00 000    5.53     3.58     5.02  -665.20      3.60     -4.40    2.30     87177.0
 2023 02 28 06 18 00 000    8.32     1.99     2.51  -674.10    -12.50    -20.00    2.23     61543.0
 2023 02 28 06 19 00 000    9.34     1.11     1.75  -667.70     -0.40      2.90    1.84    271352.0
 2023 02 28 06 20 00 000    9.27     1.35     2.01  -661.80     -8.10    -11.30    1.90    243271.0
 2023 02 28 06 21 00 000    9.13     1.15     2.66  -655.80    -16.40    -22.30    2.10    231815.0
 2023 02 28 06 22 00 000    9.25     1.08     2.27  -655.70    -16.60    -22.40    2.11    232562.0
 2023 02 28 06 23 00 000    9.11     1.03     2.86  -656.30    -15.20    -23.10    2.23    206921.0
 2023 02 28 06 24 00 000    9.11     1.04     2.86  -656.30    -15.20    -23.10    2.23    206905.0
 2023 02 28 06 25 00 000    9.18     0.88     2.69  -654.90    -16.60    -24.30    2.25    191631.0
 2023 02 28 06 26 00 000    9.20     0.79     2.66  -654.90    -16.60    -24.30    2.25    191630.0
 2023 02 28 06 27 00 000    9.22     0.77     2.60  -655.30    -17.20    -26.80    2.32    181220.0
 2023 02 28 06 28 00 000    9.19     0.81     2.69  -655.30    -17.20    -26.80    2.32    181220.0
 2023 02 28 06 29 00 000    9.25     0.75     2.48  -650.70     -8.60    -15.80    2.25    160710.0
 2023 02 28 06 30 00 000    9.11     1.04     2.81  -650.70     -8.60    -15.80    2.25    160710.0
 2023 02 28 06 31 00 000    9.11     1.27     2.66  -653.00    -10.20    -21.20    2.32    166463.0
 2023 02 28 06 32 00 000    9.23     0.60     2.50  -654.60    -11.30    -24.90    2.35    170329.0
 2023 02 28 06 33 00 000    9.16     0.80     2.70  -651.80     -8.10    -18.60    2.39    160515.0
 2023 02 28 06 34 00 000    9.22     0.62     2.50  -647.50     -3.10     -8.70    2.45    145023.0
 2023 02 28 06 35 00 000    9.18     0.47     2.62  -647.50     -3.10     -8.70    2.45    145023.0
 2023 02 28 06 36 00 000    9.17     0.26     2.54  -647.50     -3.10     -8.70    2.45    145023.0
 2023 02 28 06 37 00 000    9.17     0.52     2.49  -646.10     -9.50     -4.40    2.36    136963.0
 2023 02 28 06 38 00 000    9.22     0.57     2.34  -646.10     -9.50     -4.40    2.36    136963.0
 2023 02 28 06 39 00 000    9.33     0.43     1.91  -645.70    -16.20     -5.20    2.44    120382.0
 2023 02 28 06 40 00 000    9.32     0.64     2.25  -645.70    -16.30     -5.20    2.44    120021.0
 2023 02 28 06 41 00 000    9.02     0.54     3.43  -646.70     -8.90     -7.70    2.20    148660.0
 2023 02 28 06 42 00 000    9.24     0.56     2.60  -646.70     -8.90     -7.70    2.20    148660.0
 2023 02 28 06 43 00 000    9.30     0.24     2.49  -646.80     -9.10    -21.00    2.05    135299.0
 2023 02 28 06 44 00 000    9.39    -0.18     2.04  -646.80     -9.30    -20.50    2.05    135293.0
 2023 02 28 06 45 00 000    9.49    -0.40     1.48  -645.20    -14.60     -3.70    2.13    135073.0
 2023 02 28 06 46 00 000    9.43    -0.62     1.52  -645.90    -12.80      0.60    2.02    153193.0
 2023 02 28 06 47 00 000    9.31    -0.43     2.11  -646.20    -11.90      2.60    1.98    161710.0
 2023 02 28 06 48 00 000    9.10    -0.44     2.82  -646.20    -11.90      2.60    1.98    161710.0
 2023 02 28 06 49 00 000    8.95     0.25     3.21  -649.10     -5.90    -17.90    2.01    149501.0
 2023 02 28 06 50 00 000    8.54    -0.17     3.94  -649.10     -5.90    -17.90    2.01    149501.0
 2023 02 28 06 51 00 000    8.88    -0.29     3.74  -652.40    -40.30    -29.50    1.56    109073.0
 2023 02 28 06 52 00 000    8.65    -0.95     4.10  -655.30    -36.80    -25.70    1.51    112683.0
 2023 02 28 06 53 00 000    8.19    -0.21     4.76  -664.10    -29.40     -8.40    1.31    113592.0
 2023 02 28 06 54 00 000    8.13     0.03     4.71  -664.00    -33.80     -1.90    1.32    100926.0
 2023 02 28 06 55 00 000    8.61     0.31     4.22  -662.30    -15.40    -14.00    1.34     98209.0
 2023 02 28 06 56 00 000    8.56    -0.01     4.10  -662.30    -15.40    -14.00    1.34     98209.0
 2023 02 28 06 57 00 000    8.57     0.24     4.18  -662.30    -15.40    -14.00    1.34     98209.0
 2023 02 28 06 58 00 000    8.90    -0.56     3.89  -662.30    -15.40    -14.00    1.34     98209.0
 2023 02 28 06 59 00 000    8.91    -0.95     3.90  -662.30    -15.40    -14.00    1.34     98209.0
 2023 02 28 07 00 00 000    8.62    -1.97     3.74  -655.40    -10.10    -30.30    1.54    108289.0
 2023 02 28 07 01 00 000    8.22    -1.41     4.41  -659.80    -20.00    -11.20    1.38     98748.0
 2023 02 28 07 02 00 000    8.14    -1.36     4.74  -645.80    -16.30    -12.10    1.87    136805.0
 2023 02 28 07 03 00 000    8.32    -2.45     4.17  -642.40    -15.60    -10.40    2.00    145616.0
 2023 02 28 07 04 00 000    8.80    -1.94     3.00  -660.10     -7.40     -7.30    1.20     78234.0
 2023 02 28 07 05 00 000    8.99    -2.00     2.72  -660.10     -7.40     -7.30    1.20     78234.0
 2023 02 28 07 06 00 000    8.61    -3.16     2.78  -660.40    -15.90     -9.10    1.31     67896.0
 2023 02 28 07 07 00 000    8.54    -2.24     3.32  -662.90    -14.40     -6.80    1.32     78846.0
 2023 02 28 07 08 00 000    7.95    -4.41     2.28  -664.50     -9.60     -3.70    1.30     86395.0
 2023 02 28 07 09 00 000    8.01    -4.28     2.13  -664.00     -8.10     -3.30    1.27     84580.0
 2023 02 28 07 10 00 000    7.95    -3.24     3.00  -650.90     12.60      6.00    1.41    105152.0
 2023 02 28 07 11 00 000    8.10     0.15     4.49  -650.90     12.60      6.00    1.41    105152.0
 2023 02 28 07 12 00 000    7.97    -1.89     3.48  -650.90     12.60      6.00    1.41    105152.0
 2023 02 28 07 13 00 000    7.90    -1.95     3.56  -650.90     12.60      6.00    1.41    105152.0
 2023 02 28 07 14 00 000    8.04     0.90     4.46  -650.90     12.60      6.00    1.41    105152.0
 2023 02 28 07 15 00 000    8.04     0.91     4.45  -650.90     12.60      6.00    1.41    105152.0
 2023 02 28 07 16 00 000    8.12     0.87     4.27  -651.90    -42.20    -14.70    1.47     94539.0
 2023 02 28 07 19 00 000    8.01     0.77     4.40  -651.90    -42.20    -14.70    1.47     94539.0
 2023 02 28 07 21 00 000    7.94     1.02     4.49  -651.90    -42.20    -14.70    1.47     94539.0
 2023 02 28 07 22 00 000    7.94     1.03     4.49  -651.90    -42.20    -14.70    1.47     94539.0
 2023 02 28 07 24 00 000    7.95     1.30     4.39  -651.90    -42.20    -14.70    1.47     94539.0
 2023 02 28 07 27 00 000    7.89     1.63     4.44  -651.90    -42.20    -14.70    1.47     94539.0
 2023 02 28 07 30 00 000    7.92     1.64     4.36  -651.90    -42.20    -14.70    1.47     94539.0
 2023 02 28 07 32 00 000    8.00     0.91     4.43  -656.40      8.10    -24.00    1.27     87961.0
 2023 02 28 07 34 00 000    7.84     0.79     4.69  -656.40      8.10    -24.00    1.27     87961.0
 2023 02 28 07 35 00 000    7.84     0.79     4.69  -656.40      8.10    -24.00    1.27     87961.0
 2023 02 28 07 37 00 000    7.66     0.86     4.85  -656.40      8.10    -24.00    1.27     87961.0
 2023 02 28 07 40 00 000    7.79     0.82     4.73  -656.40      8.10    -24.00    1.27     87961.0
 2023 02 28 07 42 00 000    7.89     0.66     4.42  -656.40      8.10    -24.00    1.27     87961.0
 2023 02 28 07 43 00 000    7.89     0.66     4.42  -656.40      8.10    -24.00    1.27     87961.0
 2023 02 28 07 45 00 000    7.72     0.75     4.75  -656.40      8.10    -24.00    1.27     87961.0
 2023 02 28 07 48 00 000    7.53     0.94     5.01  -656.40      8.10    -24.00    1.27     87961.0
 2023 02 28 07 51 00 000    7.64     0.97     4.85  -648.80      6.10     -6.30    1.50    111708.0
 2023 02 28 07 52 00 000    7.64     0.97     4.85  -648.80      6.10     -6.30    1.50    111708.0
 2023 02 28 07 55 00 000    7.59     0.99     4.90  -648.80      6.10     -6.30    1.50    111708.0
 2023 02 28 07 59 00 000    7.45     1.00     5.05  -648.80      6.10     -6.30    1.50    111708.0
 2023 02 28 08 03 00 000    7.70     1.07     4.58  -648.80      6.10     -6.30    1.50    111708.0
 2023 02 28 08 04 00 000    7.56     1.09     4.68  -648.80      6.10     -6.30    1.50    111708.0
 2023 02 28 08 05 00 000    7.77     1.99     1.19  -648.80      6.10     -6.30    1.50    111708.0
 2023 02 28 08 06 00 000    7.91     1.97     1.06  -648.80      6.10     -6.30    1.50    111708.0
 2023 02 28 08 07 00 000    8.04     2.36    -1.14  -648.80      6.10     -6.30    1.50    111708.0
 2023 02 28 08 08 00 000    9.31     1.16    -2.29  -654.40    -30.50     -6.60    1.35     59575.0
 2023 02 28 08 09 00 000    8.91     1.33    -2.68  -664.00    -16.90     -9.10    1.44     84382.0
 2023 02 28 08 10 00 000    9.04     1.00    -2.83  -663.80    -14.90     -2.30    1.37     65076.0
 2023 02 28 08 11 00 000    8.82     1.49    -3.14  -664.80    -11.40     -4.80    1.38     52498.0
 2023 02 28 08 12 00 000    8.65     2.20    -2.76  -664.10     -7.40     -3.90    1.33     52781.0
 2023 02 28 08 13 00 000    8.38     2.34    -2.54  -663.50     -2.20     -9.90    1.30     68343.0
 2023 02 28 08 14 00 000    8.21     2.62    -2.61  -662.70     -6.30    -24.40    1.25     83961.0
 2023 02 28 08 15 00 000    8.37     2.64    -2.77  -664.50     -2.00     -9.10    1.24     67411.0
 2023 02 28 08 16 00 000    8.11     2.79    -2.69  -663.30      9.70      0.50    1.24     59634.0
 2023 02 28 08 17 00 000    8.22     3.17    -3.21  -664.50     -9.80     -4.90    1.38     54305.0
 2023 02 28 08 18 00 000    8.54     3.08    -2.94  -664.50     -9.80     -4.90    1.38     54290.0
 2023 02 28 08 19 00 000    8.40     3.10    -2.90  -665.00    -10.50     -5.60    1.34     57551.0
 2023 02 28 08 20 00 000    8.50     2.95    -2.51  -671.10      0.90    -15.30    1.37     71686.0
 2023 02 28 08 21 00 000    8.96     2.51    -2.26  -669.60      7.70    -10.70    1.41     68420.0
 2023 02 28 08 22 00 000    9.15     1.94    -2.05  -665.70    -12.50      2.80    1.35     52829.0
 2023 02 28 08 23 00 000    9.23     1.75    -1.85  -665.70    -12.50      2.80    1.35     52829.0
 2023 02 28 08 24 00 000    9.25     1.94    -1.77  -659.20    -12.30      7.10    1.31     76422.0
 2023 02 28 08 25 00 000    9.32     2.22    -1.96  -660.50    -12.50      3.10    1.31     69549.0
 2023 02 28 08 26 00 000    9.26     1.93    -2.83  -658.60    -15.30     -6.20    1.24     58012.0
 2023 02 28 08 27 00 000    9.32     2.44    -2.33  -660.20    -14.10      4.70    1.25     62690.0
 2023 02 28 08 28 00 000    9.37     2.45    -2.21  -658.00    -11.40    -21.80    1.26     60757.0
 2023 02 28 08 29 00 000    9.37     2.35    -2.07  -658.00    -11.40    -21.80    1.26     60757.0
 2023 02 28 08 30 00 000    9.33     2.22    -2.16  -658.00    -11.40    -21.80    1.26     60757.0
 2023 02 28 08 31 00 000    9.30     2.37    -2.12  -658.00    -11.40    -21.80    1.26     60757.0
 2023 02 28 08 32 00 000    9.37     2.38    -2.14  -658.00    -11.40    -21.80    1.26     60757.0
 2023 02 28 08 33 00 000    9.40     2.57    -2.06  -661.50    -11.40     -2.90    1.24     57318.0
 2023 02 28 08 34 00 000    9.45     2.60    -1.74  -661.50    -11.40     -2.90    1.24     57318.0
 2023 02 28 08 35 00 000    9.41     2.38    -1.80  -656.50    -15.10    -17.00    1.24     58277.0
 2023 02 28 08 36 00 000    9.43     2.86    -1.24  -654.90    -16.30    -21.60    1.24     58591.0
 2023 02 28 08 37 00 000    9.47     2.49    -1.58  -654.90    -16.30    -21.60    1.24     58591.0
 2023 02 28 08 38 00 000    9.53     2.40    -1.30  -655.30    -14.70    -22.00    1.26     59575.0
 2023 02 28 08 39 00 000    9.57     2.37    -0.92  -655.30    -14.70    -22.00    1.26     59575.0
 2023 02 28 08 40 00 000    9.53     2.34    -1.06  -655.30    -14.70    -22.00    1.26     59575.0
 2023 02 28 08 41 00 000    9.46     2.41    -1.43  -655.30    -14.70    -22.00    1.26     59575.0
 2023 02 28 08 42 00 000    9.40     2.53    -1.44  -654.50    -15.50    -19.50    1.20     60643.0
 2023 02 28 08 43 00 000    9.52     2.46    -0.64  -654.50    -15.50    -19.50    1.20     60643.0
 2023 02 28 08 44 00 000    9.47     2.27    -0.47  -654.50    -15.50    -19.50    1.20     60643.0
 2023 02 28 08 45 00 000    9.46     2.00     0.00  -654.50    -15.50    -22.00    1.15     59158.0
 2023 02 28 08 46 00 000    9.45     1.94    -0.11  -654.50    -15.50    -22.00    1.15     59158.0
 2023 02 28 08 47 00 000    9.41     2.15     0.43  -654.50    -15.50    -22.00    1.15     59158.0
 2023 02 28 08 48 00 000    9.36     2.11     0.54  -654.50    -15.50    -22.00    1.15     59158.0
 2023 02 28 08 49 00 000    9.21     2.64     1.01  -654.50    -15.50    -22.00    1.15     59158.0
 2023 02 28 08 50 00 000    9.25     2.62     0.99  -654.50    -15.50    -22.00    1.15     59158.0
 2023 02 28 08 51 00 000    9.43     2.35     0.99  -646.00    -10.70     -3.90    1.05     79194.0
 2023 02 28 08 52 00 000    9.32     2.48     1.32  -646.00    -10.70     -3.90    1.05     79194.0
 2023 02 28 08 53 00 000    9.36     2.37     1.31  -646.00    -10.70     -3.90    1.05     79194.0
 2023 02 28 08 54 00 000    9.46     2.03     1.12  -645.80    -13.20      1.40    1.17     48934.0
 2023 02 28 08 55 00 000    9.38     2.23     1.30  -645.80    -13.20      1.40    1.17     48934.0
 2023 02 28 08 56 00 000    9.39     2.25     1.21  -644.70    -10.90      0.10    1.16     53799.0
 2023 02 28 08 57 00 000    9.33     1.86     1.70  -644.70    -10.90      0.10    1.16     53799.0
 2023 02 28 08 58 00 000    9.34     1.49     1.99  -644.70    -10.90      0.10    1.16     53799.0
 2023 02 28 08 59 00 000    9.40     1.50     1.75  -644.70    -10.90      0.10    1.16     53799.0
 2023 02 28 09 00 00 000    9.32     1.39     2.26  -644.50    -10.80      3.10    1.13     51691.0
 2023 02 28 09 01 00 000    9.27     1.21     2.51  -644.50    -10.80      3.10    1.13     51691.0
 2023 02 28 09 02 00 000    9.21     1.31     2.35  -644.50    -10.80      3.10    1.13     51691.0
 2023 02 28 09 03 00 000    9.17     0.79     2.70  -644.50    -10.80      3.10    1.13     51691.0
 2023 02 28 09 04 00 000    9.15     1.02     2.62  -644.50    -10.80      3.10    1.13     51691.0
 2023 02 28 09 05 00 000    9.15     1.13     2.46  -644.50    -10.80      3.10    1.13     51691.0
 2023 02 28 09 06 00 000    9.10     2.16     1.89  -646.50    -30.60      5.80    1.24     53799.0
 2023 02 28 09 07 00 000    9.03     2.86     1.14  -646.50    -30.60      5.80    1.24     53799.0
 2023 02 28 09 08 00 000    8.69     3.05     1.93  -655.20     -0.70      8.20    1.25     59638.0
 2023 02 28 09 09 00 000    8.82     2.30     2.48  -655.40      0.00      8.30    1.25     59765.0
 2023 02 28 09 10 00 000    8.85     1.35     3.21  -649.30    -33.40     16.60    1.24     52605.0
 2023 02 28 09 11 00 000    8.46     2.96     2.34  -652.30    -30.70     20.90    1.19     56117.0
 2023 02 28 09 12 00 000    8.51     2.94     2.32  -655.50    -27.90     25.40    1.15     59879.0
 2023 02 28 09 13 00 000    8.39     3.54     1.77  -655.50    -27.90     25.40    1.15     59879.0
 2023 02 28 09 14 00 000    8.39     3.54     1.77  -655.50    -27.90     25.40    1.15     59879.0
 2023 02 28 09 15 00 000    8.29     3.87     1.50  -655.50    -27.90     25.40    1.15     59879.0
 2023 02 28 09 16 00 000    8.61     1.77     2.96  -649.50    -38.40     59.40    1.35     72722.0
 2023 02 28 09 17 00 000    8.50     1.85     3.49  -649.50    -38.40     59.40    1.35     72722.0
 2023 02 28 09 18 00 000    8.34     2.43     3.38  -649.50    -38.40     59.40    1.35     72722.0
 2023 02 28 09 19 00 000    8.36     1.51     4.09  -657.70    -20.50    -19.00    1.11     66270.0
 2023 02 28 09 20 00 000    8.38     1.93     3.81  -657.20    -21.90    -13.70    1.13     62392.0
 2023 02 28 09 21 00 000    8.65     2.20     3.13  -652.50    -24.10     -2.60    1.25     45898.0
 2023 02 28 09 22 00 000    8.55     2.11     3.53  -651.80    -24.40     -1.20    1.27     43486.0
 2023 02 28 09 23 00 000    8.86     1.62     3.17  -651.90    -10.60    -14.50    1.50     42968.0
 2023 02 28 09 24 00 000    8.88     1.69     3.12  -651.90    -10.70    -14.40    1.50     43006.0
 2023 02 28 09 25 00 000    8.96     1.71     2.92  -649.60    -19.10     -6.10    1.38     54854.0
 2023 02 28 09 26 00 000    8.72     2.41     3.06  -649.10    -26.80    -13.40    1.42     50357.0
 2023 02 28 09 27 00 000    9.16     1.93     2.63  -652.50    -32.40    -23.80    1.29     46455.0
 2023 02 28 09 28 00 000    8.84     2.97     2.73  -652.50    -32.40    -23.80    1.29     46455.0
 2023 02 28 09 29 00 000    8.86     2.40     2.97  -649.90    -33.60     -0.60    1.44     42051.0
 2023 02 28 09 30 00 000    8.96     2.75     2.59  -651.30    -30.30     -3.00    1.55     38550.0
 2023 02 28 09 31 00 000    8.96     2.88     2.68  -652.40    -27.30     -5.20    1.64     35607.0
 2023 02 28 09 32 00 000    8.67     3.06     3.27  -658.10    -16.70    -22.90    1.51     35490.0
 2023 02 28 09 33 00 000    8.71     2.82     3.39  -658.10    -16.70    -22.90    1.51     35490.0
 2023 02 28 09 34 00 000    8.74     2.99     3.21  -656.80    -13.60    -22.70    1.43     35434.0
 2023 02 28 09 35 00 000    8.83     3.13     2.80  -656.70    -13.40    -22.70    1.43     35431.0
 2023 02 28 09 36 00 000    8.66     2.98     3.39  -658.50    -12.10    -20.20    1.23     36468.0
 2023 02 28 09 37 00 000    8.79     3.82     1.09  -658.70    -12.00    -20.00    1.21     36553.0
 2023 02 28 09 38 00 000    8.85     3.72     1.47  -658.70    -12.00    -20.00    1.21     36553.0
 2023 02 28 09 39 00 000    8.90     3.56     1.80  -655.50    -13.60    -28.00    1.14     36702.0
 2023 02 28 09 40 00 000    8.91     3.49     2.06  -652.50     -6.50    -22.40    1.30     32797.0
 2023 02 28 09 41 00 000    8.96     3.42     2.01  -652.10     -5.60    -21.70    1.32     32301.0
 2023 02 28 09 42 00 000    8.91     3.60     1.86  -652.10     -5.60    -21.70    1.32     32301.0
 2023 02 28 09 43 00 000    8.78     3.59     2.24  -642.10     11.00    -47.90    1.55     29602.0
 2023 02 28 09 44 00 000    8.80     3.43     2.45  -642.10     11.00    -47.90    1.55     29602.0
 2023 02 28 09 45 00 000    8.74     3.63     2.01  -643.80      8.50    -53.40    1.73     31500.0
 2023 02 28 09 46 00 000    8.79     3.29     2.38  -644.10      8.00    -54.40    1.76     31838.0
 2023 02 28 09 47 00 000    8.71     3.16     2.71  -644.10      8.00    -54.40    1.76     31838.0
 2023 02 28 09 48 00 000    7.85     2.92     5.05  -649.90    -14.30     -0.80    1.71     25549.0
 2023 02 28 09 49 00 000    7.60     2.50     5.74  -652.10    -11.00     -7.10    1.75     26532.0
 2023 02 28 09 50 00 000    7.61     2.77     5.61  -652.50    -12.50    -10.50    1.71     26547.0
 2023 02 28 09 51 00 000    7.55     2.54     5.72  -660.30    -17.10     -9.50    1.65     25474.0
 2023 02 28 09 52 00 000    7.72     2.49     5.52  -655.40    -15.10     -2.20    1.72     23883.0
 2023 02 28 09 53 00 000    7.87     2.80     5.03  -648.90     -3.20    -14.70    1.67     25641.0
 2023 02 28 09 54 00 000    8.00     3.26     4.54  -647.30      6.60    -25.10    1.68     27803.0
 2023 02 28 09 55 00 000    7.75     1.97     5.75  -654.40    -10.70     -1.10    1.32     32760.0
 2023 02 28 09 56 00 000    7.98     1.99     5.17  -652.10    -14.70      2.00    1.58     26484.0
 2023 02 28 09 57 00 000    7.91     2.42     5.39  -652.20    -13.60      2.90    1.58     27230.0
 2023 02 28 09 58 00 000    8.09     2.99     4.43  -646.60     -8.00    -18.50    1.65     28522.0
 2023 02 28 09 59 00 000    8.22     3.52     3.67  -647.60    -12.00    -13.70    1.63     31781.0
 2023 02 28 10 00 00 000    7.80     3.31     4.93  -655.50    -13.30    -19.90    1.89     28574.0
 2023 02 28 10 01 00 000    7.71     2.83     5.34  -652.50    -16.30     -4.80    1.98     24857.0
 2023 02 28 10 02 00 000    7.56     3.48     5.31  -650.80    -17.70      1.20    1.99     24329.0
 2023 02 28 10 03 00 000    7.46     3.98     5.27  -651.20    -18.90     -0.20    2.12     25774.0
 2023 02 28 10 04 00 000    7.71     3.52     5.21  -649.00    -26.60      1.90    1.53     23052.0
 2023 02 28 10 05 00 000    7.79     3.55     5.04  -649.00    -26.60      1.90    1.53     23052.0
 2023 02 28 10 06 00 000    7.74     3.49     4.99  -648.70    -16.20      5.00    1.56     20150.0
 2023 02 28 10 07 00 000    7.76     3.39     5.12  -648.70    -16.20      5.00    1.56     20150.0
 2023 02 28 10 08 00 000    7.84     3.33     4.97  -648.70    -16.20      5.00    1.56     20150.0
 2023 02 28 10 09 00 000    7.70     3.34     5.18  -648.90    -27.80     10.90    1.57     20617.0
 2023 02 28 10 10 00 000    7.85     3.17     5.06  -648.90    -27.80     10.90    1.57     20617.0
 2023 02 28 10 11 00 000    7.77     3.26     5.10  -648.60    -17.30      4.00    1.50     19689.0
 2023 02 28 10 12 00 000    7.84     3.49     4.80  -648.60    -17.30      4.00    1.50     19689.0
 2023 02 28 10 13 00 000    7.83     3.38     4.83  -648.60    -17.30      4.00    1.50     19689.0
 2023 02 28 10 14 00 000    7.91     3.67     4.49  -648.60    -17.30      4.00    1.50     19689.0
 2023 02 28 10 15 00 000    7.98     3.54     4.42  -647.00    -26.20      4.90    1.49     22094.0
 2023 02 28 10 16 00 000    8.01     3.31     4.52  -647.00    -26.20      4.90    1.49     22094.0
 2023 02 28 10 17 00 000    8.12     3.20     4.40  -647.00    -26.20      4.90    1.49     22094.0
 2023 02 28 10 18 00 000    8.07     3.21     4.48  -647.00    -26.20      4.90    1.49     22094.0
 2023 02 28 10 19 00 000    7.99     3.31     4.41  -647.00    -26.20      4.90    1.49     22094.0
 2023 02 28 10 20 00 000    8.18     2.75     4.45  -647.00    -26.20      4.90    1.49     22094.0
 2023 02 28 10 21 00 000    8.27     2.52     4.43  -647.00    -26.20      4.90    1.49     22094.0
 2023 02 28 10 22 00 000    8.30     2.66     4.26  -641.10    -19.50    -22.40    1.45     22233.0
 2023 02 28 10 23 00 000    8.26     2.75     4.25  -641.10    -19.50    -22.40    1.45     22233.0
 2023 02 28 10 24 00 000    8.17     2.76     4.40  -641.10    -19.50    -22.40    1.45     22233.0
 2023 02 28 10 25 00 000    8.05     3.05     4.37  -647.50    -32.10     -5.60    1.72     24176.0
 2023 02 28 10 26 00 000    8.09     3.00     4.29  -647.50    -32.10     -5.60    1.72     24176.0
 2023 02 28 10 27 00 000    7.87     3.03     4.59  -648.20    -26.60     -1.90    1.76     23726.0
 2023 02 28 10 28 00 000    7.94     3.16     4.41  -648.30    -25.40     -1.10    1.77     23623.0
 2023 02 28 10 29 00 000    7.96     3.21     4.30  -646.60    -18.00      2.90    1.46     22372.0
 2023 02 28 10 30 00 000    8.10     3.39     3.65  -645.60    -17.60     -1.00    1.55     22158.0
 2023 02 28 10 31 00 000    7.95     3.42     4.01  -641.80    -18.80    -16.50    1.91     22394.0
 2023 02 28 10 32 00 000    8.11     3.66     3.26  -645.70    -28.20     -5.00    1.73     26011.0
 2023 02 28 10 33 00 000    8.13     3.32     3.51  -639.40    -16.10    -25.20    1.85     20594.0
 2023 02 28 10 34 00 000    8.07     3.49     3.47  -639.40    -16.10    -25.20    1.85     20594.0
 2023 02 28 10 35 00 000    7.97     3.96     3.18  -639.50    -11.10    -26.90    1.53     21315.0
 2023 02 28 10 36 00 000    7.80     3.77     3.53  -639.50    -11.10    -26.90    1.53     21315.0
 2023 02 28 10 37 00 000    7.95     3.52     3.41  -639.50    -11.10    -26.90    1.53     21315.0
 2023 02 28 10 38 00 000    7.98     3.49     3.40  -639.50    -11.10    -26.90    1.53     21315.0
 2023 02 28 10 39 00 000    8.02     3.48     3.33  -639.50    -11.10    -26.90    1.53     21315.0
 2023 02 28 10 40 00 000    7.94     3.74     3.29  -639.50    -11.10    -26.90    1.53     21315.0
 2023 02 28 10 41 00 000    7.90     3.91     3.08  -639.50    -11.10    -26.90    1.53     21315.0
 2023 02 28 10 42 00 000    7.83     3.96     3.07  -641.30    -17.60    -25.80    1.88     21451.0
 2023 02 28 10 43 00 000    7.86     3.88     3.11  -641.30    -17.60    -25.80    1.88     21451.0
 2023 02 28 10 44 00 000    7.84     3.85     3.14  -641.30    -17.60    -25.80    1.88     21451.0
 2023 02 28 10 45 00 000    7.84     3.88     3.05  -639.90    -18.00    -23.80    1.95     20931.0
 2023 02 28 10 46 00 000    7.68     4.12     3.21  -640.10    -17.90    -23.30    1.94     20999.0
 2023 02 28 10 47 00 000    7.40     4.18     3.83  -646.10    -14.30     -7.70    1.65     23098.0
 2023 02 28 10 48 00 000    7.21     3.48     4.76  -644.60    -13.90     -0.50    0.98     23309.0
 2023 02 28 10 49 00 000    6.94     3.38     5.22  -644.00    -13.90     -1.30    0.91     24184.0
 2023 02 28 10 50 00 000    6.83     3.34     5.41  -645.40    -14.40      4.90    0.87     24735.0
 2023 02 28 10 54 00 000    6.78     3.29     5.51  -645.40    -14.40      4.90    0.87     24735.0
 2023 02 28 10 59 00 000    6.75     3.28     5.52  -645.40    -14.40      4.90    0.87     24735.0
 2023 02 28 11 00 00 000    6.75     3.28     5.52  -645.40    -14.40      4.90    0.87     24735.0
 2023 02 28 11 08 00 000    7.15     3.47     4.77  -648.60      0.70      9.70    0.84     32676.0
 2023 02 28 11 11 00 000    7.34     3.40     4.59  -648.60      0.70      9.70    0.84     32676.0
 2023 02 28 11 14 00 000    7.00     3.40     5.12  -648.60      0.70      9.70    0.84     32676.0
 2023 02 28 11 15 00 000    6.93     3.40     5.15  -648.60      0.70      9.70    0.84     32676.0
 2023 02 28 11 16 00 000    7.00     3.53     5.00  -648.60      0.70      9.70    0.84     32676.0
 2023 02 28 11 17 00 000    7.00     3.53     5.00  -648.60      0.70      9.70    0.84     32676.0
 2023 02 28 11 18 00 000    6.98     3.28     5.22  -648.60      0.70      9.70    0.84     32676.0
 2023 02 28 11 19 00 000    6.97     3.02     5.43  -648.90    -15.80      3.60    1.14     25079.0
 2023 02 28 11 21 00 000    6.96     3.09     5.37  -648.90    -15.80      3.60    1.14     25079.0
 2023 02 28 11 22 00 000    6.62     2.98     5.80  -650.50    -17.10      6.70    1.20     24931.0
 2023 02 28 11 23 00 000    6.56     2.94     5.86  -650.50    -17.10      6.70    1.20     24931.0
 2023 02 28 11 24 00 000    6.76     3.11     5.53  -650.50    -17.10      6.70    1.20     24931.0
 2023 02 28 11 25 00 000    7.03     3.08     5.17  -648.00    -20.10      5.80    1.17     24031.0
 2023 02 28 11 26 00 000    7.11     2.97     5.15  -648.30    -20.00      5.40    1.19     24526.0
 2023 02 28 11 27 00 000    7.06     3.07     5.19  -648.80    -21.90      6.40    1.23     25579.0
 2023 02 28 11 28 00 000    7.91     2.73     3.65  -645.10    -25.70     -1.00    1.36     23785.0
 2023 02 28 11 29 00 000    8.11     2.65     3.12  -642.90    -21.10    -17.00    1.64     24564.0
 2023 02 28 11 30 00 000    8.26     2.55     2.80  -637.10    -35.40    -24.90    1.70     25699.0
 2023 02 28 11 31 00 000    8.33     2.59     2.46  -637.40    -34.60    -24.60    1.74     25438.0
 2023 02 28 11 32 00 000    8.04     2.72     3.24  -639.80    -27.60    -21.90    2.05     23184.0
 2023 02 28 11 33 00 000    8.17     2.66     2.65  -638.70    -21.10    -17.30    2.08     25054.0
 2023 02 28 11 34 00 000    8.27     2.56     2.39  -638.30    -21.40    -21.60    2.20     22046.0
 2023 02 28 11 35 00 000    8.53     2.52     1.64  -638.00    -22.30    -28.40    2.37     17464.0
 2023 02 28 11 36 00 000    8.51     2.52     1.74  -635.70    -30.80    -33.20    2.18     20132.0
 2023 02 28 11 37 00 000    8.57     2.48     1.44  -635.90    -30.90    -31.90    2.08     20715.0
 2023 02 28 11 38 00 000    8.34     2.83     2.00  -637.20    -28.80    -29.00    2.28     18733.0
 2023 02 28 11 39 00 000    8.44     2.60     1.82  -637.70    -21.10    -30.20    2.16     17883.0
 2023 02 28 11 40 00 000    8.40     2.48     2.11  -637.30    -24.40    -29.10    1.99     18602.0
 2023 02 28 11 41 00 000    8.50     3.05     1.04  -636.90    -28.40    -26.70    2.01     18777.0
 2023 02 28 11 42 00 000    8.51     3.25     0.50  -636.90    -28.40    -26.70    2.01     18777.0
 2023 02 28 11 43 00 000    8.54     3.03     0.90  -636.90    -28.40    -26.70    2.01     18777.0
 2023 02 28 11 44 00 000    8.53     3.01     1.00  -636.90    -28.40    -26.70    2.01     18777.0
 2023 02 28 11 45 00 000    8.53     3.01     0.95  -636.70    -30.40    -29.20    2.01     18549.0
 2023 02 28 11 46 00 000    8.39     3.37     0.44  -636.70    -30.40    -29.20    2.01     18549.0
 2023 02 28 11 47 00 000    8.49     3.09     0.56  -636.70    -30.40    -29.20    2.01     18549.0
 2023 02 28 11 48 00 000    8.54     2.78     0.77  -636.70    -30.40    -29.20    2.01     18549.0
 2023 02 28 11 49 00 000    8.58     2.36     1.44  -637.90    -22.70    -26.20    2.12     18634.0
 2023 02 28 11 50 00 000    8.58     2.19     1.68  -637.60    -22.60    -26.90    2.01     18408.0
 2023 02 28 11 51 00 000    8.56     2.50     1.14  -637.10    -22.40    -27.90    1.85     18065.0
 2023 02 28 11 52 00 000    8.47     2.78     1.06  -637.10    -22.40    -27.90    1.85     18065.0
 2023 02 28 11 53 00 000    8.54     2.37     1.53  -637.10    -22.40    -27.90    1.85     18065.0
 2023 02 28 11 54 00 000    8.55     2.52     1.36  -636.10    -50.70    -11.70    2.22     17055.0
 2023 02 28 11 55 00 000    8.59     2.39     1.37  -635.20    -48.70    -15.80    2.21     16879.0
 2023 02 28 16 27 00 000    8.21    -3.59    -0.90  -634.20    -46.20    -20.90    2.19     16663.0
 2023 02 28 16 28 00 000    8.57    -2.22    -1.03  -592.20    -58.10    -56.80    1.64     24540.0
 2023 02 28 16 29 00 000    8.34    -2.45    -1.94  -592.20    -58.10    -56.80    1.64     24540.0
 2023 02 28 16 30 00 000    7.99    -2.91     0.67  -603.40    -19.10      6.50    2.23     16812.0
 2023 02 28 16 32 00 000    7.70    -3.74     2.85  -603.40    -19.10      6.50    2.23     16812.0
 2023 02 28 16 33 00 000    7.79    -3.70     2.71  -603.40    -19.10      6.50    2.23     16812.0
 2023 02 28 16 34 00 000    7.88    -3.70     2.46  -603.40    -19.10      6.50    2.23     16812.0
 2023 02 28 16 35 00 000    7.77    -3.74     2.67  -603.40    -19.10      6.50    2.23     16812.0
 2023 02 28 16 36 00 000    7.77    -3.74     2.67  -603.40    -19.10      6.50    2.23     16812.0
 2023 02 28 16 37 00 000    7.79    -3.64     2.61  -603.40    -19.10      6.50    2.23     16812.0
 2023 02 28 16 38 00 000    7.86    -3.69     2.15  -603.40    -19.10      6.50    2.23     16812.0
 2023 02 28 16 39 00 000    7.84    -3.80     2.08  -603.40    -19.10      6.50    2.23     16812.0
 2023 02 28 16 40 00 000    7.93    -3.33     2.49  -603.40    -19.10      6.50    2.23     16812.0
 2023 02 28 16 42 00 000    7.95    -3.23     2.59  -603.40    -19.10      6.50    2.23     16812.0
 2023 02 28 16 44 00 000    7.84    -3.39     2.69  -603.40    -19.10      6.50    2.23     16812.0
 2023 02 28 16 45 00 000    7.54    -3.53     3.36  -603.40    -19.10      6.50    2.23     16812.0
 2023 02 28 16 46 00 000    7.54    -3.53     3.36  -603.40    -19.10      6.50    2.23     16812.0
 2023 02 28 16 48 00 000    7.43    -3.39     3.71  -603.40    -19.10      6.50    2.23     16812.0
 2023 02 28 16 50 00 000    7.33    -3.50     3.78  -594.90    -23.30      5.40    1.54     21360.0
 2023 02 28 16 51 00 000    7.33    -3.50     3.77  -594.90    -23.30      5.40    1.54     21360.0
 2023 02 28 16 52 00 000    7.31    -3.45     3.94  -594.90    -23.30      5.40    1.54     21360.0
 2023 02 28 16 54 00 000    7.02    -3.10     4.51  -603.00    -17.30     13.30    1.56     22512.0
 2023 02 28 16 55 00 000    6.89    -3.22     4.59  -603.00    -17.30     13.30    1.56     22512.0
 2023 02 28 16 56 00 000    6.05    -3.43     5.49  -603.00    -17.30     13.30    1.56     22512.0
 2023 02 28 16 57 00 000    6.46    -3.19     4.97  -603.00    -17.30     13.30    1.56     22512.0
 2023 02 28 16 58 00 000    7.52    -3.39     3.25  -592.50    -24.50     -3.40    1.63     22025.0
 2023 02 28 16 59 00 000    7.26    -3.35     3.84  -592.50    -24.50     -3.40    1.63     22025.0
 2023 02 28 17 00 00 000    6.29    -3.68     4.92  -608.70    -18.90      2.20    1.23     28384.0
 2023 02 28 17 01 00 000    6.18    -4.28     4.57  -608.70    -18.90      2.20    1.23     28384.0
 2023 02 28 17 02 00 000    6.34    -4.25     4.41  -614.80    -10.60      6.20    1.19     22723.0
 2023 02 28 17 03 00 000    7.76    -1.75     3.35  -614.80    -10.60      6.20    1.19     22723.0
 2023 02 28 17 04 00 000    7.32    -1.89     4.30  -591.40      9.90     -9.10    1.48     26833.0
 2023 02 28 17 05 00 000    7.42    -2.59     3.63  -591.40      9.90     -9.10    1.48     26833.0
 2023 02 28 17 06 00 000    7.52    -2.25     3.55  -591.50    -10.90     -0.40    1.68     22094.0
 2023 02 28 17 07 00 000    7.51    -2.42     3.51  -591.50    -10.90     -0.40    1.68     22094.0
 2023 02 28 17 08 00 000    7.74    -2.65     2.75  -584.30    -19.00    -20.70    1.81     19298.0
 2023 02 28 17 09 00 000    7.75    -2.60     2.75  -584.30    -19.00    -20.70    1.81     19298.0
 2023 02 28 17 10 00 000    7.49    -2.68     3.29  -584.30    -19.00    -20.70    1.81     19298.0
 2023 02 28 17 11 00 000    7.75    -2.42     2.77  -584.30    -19.00    -20.70    1.81     19298.0
 2023 02 28 17 12 00 000    7.49    -2.45     3.39  -584.30    -19.00    -20.70    1.81     19298.0
 2023 02 28 17 13 00 000    7.54    -2.44     3.37  -584.30    -19.00    -20.70    1.81     19298.0
 2023 02 28 17 14 00 000    7.46    -2.51     3.44  -584.30    -19.00    -20.70    1.81     19298.0
 2023 02 28 17 15 00 000    7.21    -2.88     3.56  -591.70    -17.00      5.90    1.24     23910.0
 2023 02 28 17 16 00 000    7.26    -2.82     3.47  -591.70    -17.00      5.90    1.24     23910.0
 2023 02 28 17 17 00 000    7.04    -2.99     3.70  -591.70    -17.00      5.90    1.24     23910.0
 2023 02 28 17 18 00 000    6.95    -2.79     4.10  -591.70    -17.00      5.90    1.24     23910.0
 2023 02 28 17 19 00 000    6.93    -2.96     3.92  -591.70    -17.00      5.90    1.24     23910.0
 2023 02 28 17 20 00 000    6.81    -3.00     4.02  -591.70    -17.00      5.90    1.24     23910.0
 2023 02 28 17 21 00 000    5.68    -2.45     5.81  -591.70    -17.00      5.90    1.24     23910.0
 2023 02 28 17 22 00 000    5.42    -3.20     5.61  -616.30     34.00     45.40    1.77     20084.0
 2023 02 28 17 23 00 000    5.97    -1.64     5.69  -616.30     34.00     45.40    1.77     20084.0
 2023 02 28 17 24 00 000    5.98    -1.71     5.77  -616.30     34.00     45.40    1.77     20084.0
 2023 02 28 17 25 00 000    5.86    -1.48     5.91  -616.30     34.00     45.40    1.77     20084.0
 2023 02 28 17 26 00 000    5.46    -1.28     6.24  -614.80     35.30     20.60    1.80     30167.0
 2023 02 28 17 27 00 000    6.54    -3.63     0.86  -614.80     35.30     20.60    1.80     30167.0
 2023 02 28 17 28 00 000    7.21    -3.10     0.53  -614.80     35.30     20.60    1.80     30167.0
 2023 02 28 17 29 00 000    7.38    -3.01    -0.11  -614.80     35.30     20.60    1.80     30167.0
 2023 02 28 17 30 00 000    7.17    -3.14     1.07  -584.30    -38.80    -97.40    1.32     22582.0
 2023 02 28 17 31 00 000    6.49    -3.95     1.51  -590.20    -38.80    -65.60    1.26     23375.0
 2023 02 28 17 32 00 000    6.96    -3.11     0.55  -592.20    -23.30    -15.00    1.06     26535.0
 2023 02 28 17 33 00 000    7.04    -3.16     0.92  -584.30    -29.70    -63.60    1.30     44342.0
 2023 02 28 17 34 00 000    7.28    -3.05     1.29  -589.80    -36.00    -53.10    1.37     40188.0
 2023 02 28 17 35 00 000    7.51    -2.42     0.20  -586.50    -28.50    -31.10    1.19     29463.0
 2023 02 28 17 36 00 000    7.45    -2.01    -0.29  -577.10    -25.60    -56.70    1.15     34044.0
 2023 02 28 17 37 00 000    7.52    -1.77    -0.36  -599.60    -19.90    -62.00    2.06     72135.0
 2023 02 28 17 38 00 000    7.62    -1.31    -0.47  -599.10    -18.70    -62.40    2.08     71617.0
 2023 02 28 17 39 00 000    7.86    -0.74    -0.40  -582.60     19.10    -74.90    2.52     55618.0
 2023 02 28 17 40 00 000    7.89    -0.13    -0.06  -582.60     19.10    -74.90    2.52     55618.0
 2023 02 28 17 41 00 000    7.70    -1.13    -0.33  -582.60     19.10    -74.90    2.52     55618.0
 2023 02 28 17 42 00 000    7.55    -1.23    -0.42  -598.60    -12.90    -62.90    2.05     73352.0
 2023 02 28 17 43 00 000    7.53    -1.42     0.58  -598.60    -12.90    -62.90    2.05     73352.0
 2023 02 28 17 44 00 000    7.87    -0.68    -0.50  -563.30      5.80    -80.40    1.00     33411.0
 2023 02 28 17 45 00 000    7.83    -1.15    -0.49  -563.30      5.80    -80.40    1.00     33411.0
 2023 02 28 17 46 00 000    7.72    -1.67    -0.54  -563.30      5.80    -80.40    1.00     33411.0
 2023 02 28 17 47 00 000    7.65    -1.55    -0.97  -571.00    -18.90    -90.40    0.99     30683.0
 2023 02 28 17 48 00 000    7.76    -1.34    -1.22  -571.00    -18.90    -90.40    0.99     30683.0
 2023 02 28 17 49 00 000    7.79    -1.64    -0.84  -568.50    -19.90    -89.20    0.95     27992.0
 2023 02 28 17 50 00 000    7.75    -1.69    -0.71  -568.50    -19.90    -89.20    0.95     27992.0
 2023 02 28 17 51 00 000    7.49    -1.96    -0.68  -568.50    -19.90    -89.20    0.95     27992.0
 2023 02 28 17 52 00 000    7.58    -1.97    -1.10  -573.60    -20.60    -78.70    0.88     40053.0
 2023 02 28 17 53 00 000    7.47    -2.02    -1.36  -573.60    -20.60    -78.70    0.88     40053.0
 2023 02 28 17 54 00 000    7.29    -2.22    -1.25  -573.60    -20.60    -78.70    0.88     40053.0
 2023 02 28 17 55 00 000    7.30    -2.23    -0.92  -573.60    -20.60    -78.70    0.88     40053.0
 2023 02 28 17 56 00 000    7.28    -2.20    -0.41  -573.60    -20.60    -78.70    0.88     40053.0
 2023 02 28 17 57 00 000    7.44    -1.98     0.04  -573.60    -20.60    -78.70    0.88     40053.0
 2023 02 28 17 58 00 000    7.28    -2.41    -0.59  -573.60    -20.60    -78.70    0.88     40053.0
 2023 02 28 17 59 00 000    7.25    -2.49    -0.93  -573.60    -20.60    -78.70    0.88     40053.0
 2023 02 28 18 00 00 000    7.34    -2.28    -0.69  -573.60    -20.60    -78.70    0.88     40053.0
 2023 02 28 18 01 00 000    7.46    -1.88    -0.66  -569.70    -20.50    -91.50    0.84     38787.0
 2023 02 28 18 02 00 000    7.28    -1.73    -1.48  -569.70    -20.50    -91.50    0.84     38787.0
 2023 02 28 18 03 00 000    7.32    -1.67    -1.91  -569.70    -20.50    -91.50    0.84     38787.0
 2023 02 28 18 04 00 000    6.94    -2.99    -0.58  -572.70    -33.70    -74.50    0.95     32845.0
 2023 02 28 18 05 00 000    6.70    -3.45    -0.49  -572.70    -33.70    -74.50    0.95     32845.0
 2023 02 28 18 06 00 000    6.74    -3.17    -0.87  -572.70    -33.70    -74.50    0.95     32845.0
 2023 02 28 18 07 00 000    6.62    -3.64    -0.53  -575.10    -37.70    -77.50    1.26     30601.0
 2023 02 28 18 08 00 000    7.05    -1.69    -2.09  -575.00    -37.60    -80.80    1.23     31113.0
 2023 02 28 18 09 00 000    7.11    -0.07    -3.04  -574.10    -37.00   -116.90    0.92     36731.0
 2023 02 28 18 10 00 000    7.23    -0.95    -2.68  -574.00    -37.10   -117.20    0.92     36537.0
 2023 02 28 18 11 00 000    7.12    -2.68    -1.86  -567.80    -43.90   -133.40    1.10     26275.0
 2023 02 28 18 12 00 000    6.84    -3.23    -1.44  -567.80    -43.90   -133.40    1.10     26275.0
 2023 02 28 18 13 00 000    6.79    -3.25    -1.46  -567.80    -43.90   -133.40    1.10     26275.0
 2023 02 28 18 14 00 000    6.54    -3.46    -1.49  -567.80    -43.90   -133.40    1.10     26275.0
 2023 02 28 18 15 00 000    6.21    -3.47    -1.39  -567.80    -43.90   -133.40    1.10     26275.0
 2023 02 28 18 16 00 000    6.23    -3.79    -1.36  -578.70    -50.50    -94.20    1.31     32283.0
 2023 02 28 18 17 00 000    6.22    -3.74    -1.55  -591.50    -46.30    -95.00    1.61     47296.0
 2023 02 28 18 18 00 000    6.27    -3.40    -2.00  -624.60    -35.30    -97.20    2.41     86232.0
 2023 02 28 18 19 00 000    6.35    -3.12    -2.09  -624.60    -35.30    -97.20    2.41     86232.0
 2023 02 28 18 20 00 000    6.19    -3.36    -2.08  -617.20    -35.80   -103.80    2.70     97430.0
 2023 02 28 18 21 00 000    6.20    -3.23    -2.30  -617.20    -35.80   -103.80    2.70     97430.0
 2023 02 28 18 22 00 000    6.28    -3.04    -2.31  -617.20    -35.80   -103.80    2.70     97430.0
 2023 02 28 18 23 00 000    6.28    -3.02    -2.31  -618.90    -38.70   -102.50    2.58     91502.0
 2023 02 28 18 24 00 000    6.32    -3.15    -1.98  -618.90    -38.70   -102.50    2.58     91502.0
 2023 02 28 18 25 00 000    6.31    -2.99    -2.18  -618.90    -38.70   -102.50    2.58     91502.0
 2023 02 28 18 26 00 000    6.48    -2.15    -2.58  -606.30    -53.90   -124.20    1.81    224825.0
 2023 02 28 18 27 00 000    6.48    -1.83    -2.93  -606.30    -53.90   -124.20    1.81    224825.0
 2023 02 28 18 28 00 000    6.59    -1.65    -2.72  -606.30    -53.90   -124.20    1.81    224825.0
 2023 02 28 18 29 00 000    6.50    -1.61    -2.72  -606.30    -53.90   -124.20    1.81    224825.0
 2023 02 28 18 30 00 000    6.50    -1.15    -2.85  -615.90     22.80   -135.70    1.79    212174.0
 2023 02 28 18 31 00 000    6.62    -0.90    -2.77  -615.90     22.80   -135.70    1.79    212174.0
 2023 02 28 18 32 00 000    6.68    -0.45    -2.59  -609.20     32.60   -130.80    1.70    244720.0
 2023 02 28 18 33 00 000    5.86    -1.94    -2.84  -616.40     17.90   -136.70    1.78    261370.0
 2023 02 28 18 34 00 000    4.88    -3.63    -3.57  -631.90    -14.10   -149.40    1.96    297512.0
 2023 02 28 18 35 00 000    5.14    -3.24    -3.61  -631.90    -14.10   -149.40    1.96    297512.0
 2023 02 28 18 36 00 000    4.75    -3.33    -4.09  -647.90    -15.90   -127.10    1.77    226599.0
 2023 02 28 18 37 00 000    3.97    -4.39    -4.48  -646.70    -36.30   -121.80    1.69    192290.0
 2023 02 28 18 38 00 000    5.47    -1.50    -5.07  -644.80    -68.70   -113.50    1.56    137886.0
 2023 02 28 18 39 00 000    5.40    -2.04    -5.28  -614.30    -32.80   -146.60    1.10     45587.0
 2023 02 28 18 40 00 000    5.56    -3.01    -4.63  -614.30    -32.80   -146.60    1.10     45587.0
 2023 02 28 18 41 00 000    5.40    -2.53    -4.88  -630.30    -38.90   -135.50    1.84     79151.0
 2023 02 28 18 42 00 000    4.99    -2.42    -5.50  -631.30    -39.30   -134.80    1.88     81176.0
 2023 02 28 18 43 00 000    5.54    -2.51    -4.81  -605.90    -56.20   -143.90    1.36     60301.0
 2023 02 28 18 44 00 000    6.09    -1.92    -4.37  -603.80    -57.60   -144.70    1.31     58554.0
 2023 02 28 18 45 00 000    6.12    -2.14    -4.36  -603.80    -57.60   -144.70    1.31     58554.0
 2023 02 28 18 46 00 000    6.01    -2.74    -4.00  -595.10    -33.20   -137.70    1.17     66887.0
 2023 02 28 18 47 00 000    6.03    -2.82    -3.63  -595.70    -35.30   -138.40    1.23     68124.0
 2023 02 28 18 48 00 000    5.67    -2.61    -4.35  -601.50    -57.30   -146.00    1.86     81132.0
 2023 02 28 18 49 00 000    4.75    -2.06    -5.00  -601.50    -57.30   -146.00    1.86     81132.0
 2023 02 28 18 50 00 000    5.23    -2.81    -3.64  -640.60    -71.10   -113.90    2.60    124645.0
 2023 02 28 18 51 00 000    5.92    -2.83    -1.92  -640.60    -71.10   -113.90    2.60    124645.0
 2023 02 28 18 52 00 000    6.12    -2.65    -1.66  -640.60    -71.10   -113.90    2.60    124645.0
 2023 02 28 18 53 00 000    6.31    -2.16    -1.57  -640.60    -71.10   -113.90    2.60    124645.0
 2023 02 28 18 54 00 000    6.53    -1.90    -1.10  -616.60     -4.30    -93.50    2.50    496496.0
 2023 02 28 18 55 00 000    6.29    -2.11    -1.75  -618.00     -5.40    -97.20    2.45    488601.0
 2023 02 28 18 56 00 000    6.42    -2.17    -1.13  -628.70    -14.30   -126.40    2.05    426755.0
 2023 02 28 18 57 00 000    6.28    -2.34    -1.48  -633.10    -14.90   -118.10    2.15    376186.0
 2023 02 28 18 58 00 000    6.29    -2.30    -1.66  -634.00    -14.90   -115.80    2.17    364410.0
 2023 02 28 18 59 00 000    6.23    -2.26    -1.98  -634.00    -14.90   -115.80    2.17    364410.0
 2023 02 28 19 00 00 000    6.18    -2.25    -2.06  -640.40     14.20   -107.00    2.07    391276.0
 2023 02 28 19 01 00 000    6.07    -2.16    -2.38  -640.40     14.20   -107.00    2.07    391276.0
 2023 02 28 19 02 00 000    6.01    -2.14    -2.46  -646.80     14.10   -107.00    2.14    261784.0
 2023 02 28 19 03 00 000    5.75    -2.08    -2.92  -646.80     14.10   -107.00    2.14    261784.0
 2023 02 28 19 04 00 000    5.76    -2.13    -2.80  -644.50     -0.70   -103.30    2.17    252803.0
 2023 02 28 19 05 00 000    5.81    -2.14    -2.70  -644.40     -1.10   -103.20    2.17    252554.0
 2023 02 28 19 06 00 000    6.39    -2.25    -1.00  -644.40     -1.10   -103.20    2.17    252554.0
 2023 02 28 19 07 00 000    6.47    -2.27    -0.95  -640.10     -2.60    -92.00    1.53    141725.0
 2023 02 28 19 08 00 000    6.35    -2.40    -1.30  -640.10     -2.60    -92.00    1.53    141725.0
 2023 02 28 19 09 00 000    6.50    -2.16    -0.95  -640.10     -2.60    -92.00    1.53    141725.0
 2023 02 28 19 10 00 000    6.48    -2.24    -0.96  -640.10     -2.60    -92.00    1.53    141725.0
 2023 02 28 19 11 00 000    6.31    -2.13    -1.79  -641.30     11.10    -77.60    1.73    186557.0
 2023 02 28 19 12 00 000    6.32    -2.30    -1.60  -641.30     11.10    -77.60    1.73    186557.0
 2023 02 28 19 13 00 000    6.57    -1.72    -1.31  -640.80     19.90    -77.70    1.77    175635.0
 2023 02 28 19 14 00 000    6.52    -1.83    -1.49  -640.80     19.90    -77.70    1.77    175635.0
 2023 02 28 19 15 00 000    6.56    -1.84    -1.48  -640.80     19.90    -77.70    1.77    175635.0
 2023 02 28 19 16 00 000    6.55    -1.76    -1.40  -640.80     19.90    -77.70    1.77    175635.0
 2023 02 28 19 17 00 000    6.36    -2.19    -1.73  -645.10      8.20   -102.80    1.92    230317.0
 2023 02 28 19 18 00 000    6.38    -2.35    -1.71  -645.10      8.20   -102.80    1.92    230317.0
 2023 02 28 19 19 00 000    6.33    -2.41    -1.93  -649.30     18.30    -93.80    1.83    222251.0
 2023 02 28 19 20 00 000    6.54    -2.15    -1.36  -649.30     18.30    -93.80    1.83    222251.0
 2023 02 28 19 21 00 000    6.48    -2.08    -1.57  -649.30     18.30    -93.80    1.83    222251.0
 2023 02 28 19 22 00 000    6.55    -2.05    -1.28  -643.60      3.10    -77.90    1.67    177203.0
 2023 02 28 19 23 00 000    6.63    -1.93    -1.12  -643.60      3.10    -77.90    1.67    177203.0
 2023 02 28 19 24 00 000    6.36    -2.37    -1.76  -647.70     14.10    -86.70    1.67    181576.0
 2023 02 28 19 25 00 000    5.85    -2.59    -2.59  -650.00     26.80    -98.10    1.80    199313.0
 2023 02 28 19 26 00 000    5.94    -2.35    -2.65  -650.80     34.70   -105.50    1.92    213897.0
 2023 02 28 19 27 00 000    5.91    -2.21    -3.04  -650.80     34.70   -105.50    1.92    213897.0
 2023 02 28 19 28 00 000    5.63    -2.52    -3.12  -650.80     34.70   -105.50    1.92    213897.0
 2023 02 28 19 29 00 000    5.44    -3.08    -3.04  -650.80     34.70   -105.50    1.92    213897.0
 2023 02 28 19 30 00 000    5.17    -3.70    -2.67  -656.00     11.60   -120.40    2.30    261625.0
 2023 02 28 19 31 00 000    4.97    -2.92    -3.68  -656.00     11.60   -120.20    2.30    262051.0
 2023 02 28 19 32 00 000    4.69    -2.70    -4.17  -652.10      3.80    -93.40    2.33    330768.0
 2023 02 28 19 33 00 000    4.56    -2.30    -4.49  -651.10      1.70    -86.30    2.34    348988.0
 2023 02 28 19 34 00 000    5.15    -2.39    -3.74  -650.30     14.00   -113.10    2.24    258294.0
 2023 02 28 19 36 00 000    5.85    -2.60    -1.94  -664.20     41.30    -99.60    2.55    288243.0
 2023 02 28 19 37 00 000    5.72    -2.94    -1.97  -661.40     26.50    -97.90    2.45    309413.0
 2023 02 28 19 38 00 000    5.77    -2.65    -2.24  -654.10     21.10    -96.10    2.19    256530.0
 2023 02 28 19 39 00 000    6.29    -2.24    -1.64  -662.00     34.40    -95.90    2.06    203879.0
 2023 02 28 19 40 00 000    6.19    -1.94    -2.22  -662.90     32.10    -93.40    2.10    202359.0
 2023 02 28 19 41 00 000    6.31    -1.19    -2.45  -655.50     44.50   -110.10    2.05    205157.0
 2023 02 28 19 42 00 000    5.91    -1.86    -2.89  -655.30     38.50   -107.00    2.08    212842.0
 2023 02 28 19 43 00 000    5.97    -2.27    -2.44  -660.20     19.80   -102.60    2.05    214019.0
 2023 02 28 19 44 00 000    5.96    -1.92    -2.85  -659.60     25.90   -104.00    2.14    210310.0
 2023 02 28 19 45 00 000    5.65    -1.03    -3.71  -663.40     34.50    -97.20    2.16    199264.0
 2023 02 28 19 46 00 000    5.47    -1.26    -3.95  -672.80     33.40   -105.50    1.97    167698.0
 2023 02 28 19 47 00 000    5.85    -1.65    -2.83  -670.50     38.70   -106.70    1.94    148532.0
 2023 02 28 19 48 00 000    5.84    -1.91    -2.65  -670.50     42.70    -95.50    1.82    142565.0
 2023 02 28 19 49 00 000    5.47    -1.65    -3.49  -673.20     29.40    -93.00    1.95    153331.0
 2023 02 28 19 50 00 000    6.05    -1.51    -2.29  -673.00     28.50    -97.50    1.98    153619.0
 2023 02 28 19 51 00 000    5.85    -1.56    -2.42  -673.00     28.50    -97.50    1.98    153619.0
 2023 02 28 19 52 00 000    5.89    -1.59    -2.31  -673.00     28.50    -97.50    1.98    153619.0
 2023 02 28 19 53 00 000    6.02    -1.65    -2.11  -673.00     28.50    -97.50    1.98    153619.0
 2023 02 28 19 54 00 000    6.21    -1.65    -1.78  -662.20     40.00    -80.30    1.71    112751.0
 2023 02 28 19 55 00 000    6.22    -1.80    -1.75  -662.20     40.00    -80.20    1.71    112024.0
 2023 02 28 19 56 00 000    6.09    -2.09    -1.84  -662.20     39.40    -78.70    1.67    101156.0
 2023 02 28 19 57 00 000    5.99    -2.34    -1.93  -662.70     37.60    -70.00    1.68    107767.0
 2023 02 28 19 58 00 000    6.16    -1.90    -1.78  -662.90     37.00    -67.40    1.68    109741.0
 2023 02 28 19 59 00 000    6.21    -1.64    -1.93  -662.90     37.00    -67.40    1.68    109741.0
 2023 02 28 20 00 00 000    6.10    -1.95    -1.98  -662.90     37.00    -67.40    1.68    109741.0
 2023 02 28 20 01 00 000    5.90    -1.96    -2.49  -664.40     38.40    -84.20    1.70    124206.0
 2023 02 28 20 02 00 000    6.02    -1.76    -2.40  -664.40     38.40    -84.20    1.70    124206.0
 2023 02 28 20 03 00 000    6.10    -1.91    -2.09  -661.70     35.80    -80.50    1.61     98697.0
 2023 02 28 20 04 00 000    6.02    -2.29    -1.93  -661.70     35.80    -80.50    1.61     98697.0
 2023 02 28 20 05 00 000    6.13    -1.70    -2.32  -666.40     38.10    -83.30    1.56    103444.0
 2023 02 28 20 06 00 000    6.19    -1.92    -2.03  -666.40     38.10    -83.30    1.56    103444.0
 2023 02 28 20 07 00 000    6.24    -2.19    -1.68  -665.00     40.10    -83.00    1.58     93965.0
 2023 02 28 20 08 00 000    6.27    -2.55    -1.13  -665.00     40.10    -83.00    1.58     93965.0
 2023 02 28 20 09 00 000    6.16    -2.61    -1.00  -663.10     39.90    -78.40    1.56     93588.0
 2023 02 28 20 10 00 000    6.25    -2.63    -1.14  -659.60     39.50    -70.30    1.53     92919.0
 2023 02 28 20 11 00 000    6.31    -2.66    -1.21  -659.60     39.50    -70.30    1.53     92919.0
 2023 02 28 20 12 00 000    6.45    -2.63    -1.30  -659.60     39.50    -70.30    1.53     92919.0
 2023 02 28 20 13 00 000    6.46    -2.63    -1.39  -659.90     42.70    -72.70    1.44     87869.0
 2023 02 28 20 14 00 000    6.40    -2.77    -1.18  -659.60     42.40    -72.10    1.44     89304.0
 2023 02 28 20 15 00 000    6.23    -3.08    -0.71  -658.30     40.80    -68.80    1.45     95147.0
 2023 02 28 20 16 00 000    6.19    -3.14    -0.76  -655.90     37.00    -60.60    1.51    100714.0
 2023 02 28 20 17 00 000    6.19    -3.10    -0.79  -655.50     37.60    -57.70    1.41     91055.0
 2023 02 28 20 18 00 000    6.16    -3.14    -0.73  -655.40     37.70    -57.20    1.39     89397.0
 2023 02 28 20 19 00 000    6.14    -3.26    -0.64  -655.80     35.30    -53.10    1.36     87548.0
 2023 02 28 20 20 00 000    6.23    -3.01    -0.72  -655.30     36.20    -53.90    1.36     87864.0
 2023 02 28 20 21 00 000    6.23    -3.04    -0.68  -653.70     39.90    -57.80    1.36     89538.0
 2023 02 28 20 22 00 000    6.33    -2.85    -0.69  -650.80     42.90    -58.40    1.30     89629.0
 2023 02 28 20 23 00 000    6.38    -2.75    -0.61  -649.60     47.70    -59.80    1.33     96967.0
 2023 02 28 20 24 00 000    6.46    -2.58    -0.61  -648.60     51.20    -60.60    1.35    100289.0
 2023 02 28 20 25 00 000    6.35    -2.63    -0.81  -648.00     51.60    -59.90    1.36     91908.0
 2023 02 28 20 26 00 000    6.28    -2.72    -0.81  -648.40     44.10    -64.10    1.36     90663.0
 2023 02 28 20 27 00 000    6.37    -2.46    -0.95  -645.50     50.10    -69.60    1.41     97854.0
 2023 02 28 20 28 00 000    6.43    -2.13    -1.06  -643.30     54.60    -73.70    1.44    103294.0
 2023 02 28 20 29 00 000    6.24    -2.56    -1.00  -643.30     54.60    -73.70    1.44    103294.0
 2023 02 28 20 30 00 000    6.51    -1.75    -1.22  -643.30     54.60    -73.70    1.44    103294.0
 2023 02 28 20 31 00 000    6.42    -1.84    -1.48  -643.30     54.60    -73.70    1.44    103294.0
 2023 02 28 20 32 00 000    6.39    -1.91    -1.58  -638.10     55.60    -72.30    1.43     99284.0
 2023 02 28 20 33 00 000    6.44    -1.77    -1.56  -638.10     55.60    -72.30    1.43     99284.0
 2023 02 28 20 34 00 000    6.16    -2.73    -1.37  -642.20     50.70    -68.90    1.47    108592.0
 2023 02 28 20 35 00 000    6.23    -2.53    -1.31  -643.00     49.80    -68.30    1.48    110361.0
 2023 02 28 20 36 00 000    6.36    -1.90    -1.48  -643.00     49.80    -68.30    1.48    110361.0
 2023 02 28 20 37 00 000    6.37    -0.52    -2.45  -646.70     59.90    -81.90    1.61    119590.0
 2023 02 28 20 38 00 000    6.47    -1.15    -1.80  -645.60     57.70    -68.10    1.50    117228.0
 2023 02 28 20 39 00 000    6.37    -1.30    -1.81  -645.20     56.70    -62.20    1.45    116225.0
 2023 02 28 20 40 00 000    6.34    -0.65    -2.28  -644.20     52.80    -61.20    1.45    102895.0
 2023 02 28 20 41 00 000    6.42    -0.77    -2.04  -644.20     52.80    -61.20    1.45    102895.0
 2023 02 28 20 42 00 000    6.45    -0.60    -1.96  -644.20     52.80    -61.20    1.45    102895.0
 2023 02 28 20 43 00 000    6.57    -0.70    -1.42  -652.10     43.60    -21.00    2.15    175114.0
 2023 02 28 20 44 00 000    6.61    -0.66    -1.04  -652.10     43.60    -21.00    2.15    175114.0
 2023 02 28 20 45 00 000    6.59    -1.03    -1.00  -652.10     43.60    -21.00    2.15    175114.0
 2023 02 28 20 46 00 000    6.52    -1.20    -1.24  -652.10     43.60    -21.00    2.15    175114.0
 2023 02 28 20 47 00 000    6.40    -1.15    -1.67  -652.10     43.60    -21.00    2.15    175114.0
 2023 02 28 20 48 00 000    5.92    -2.58    -1.29  -655.10     13.20    -52.30    2.06    279917.0
 2023 02 28 20 49 00 000    6.01    -2.57    -1.27  -655.10     13.20    -52.30    2.06    279917.0
 2023 02 28 20 50 00 000    6.17    -2.79    -1.17  -655.10     13.20    -52.30    2.06    279917.0
 2023 02 28 20 51 00 000    6.27    -2.24    -1.28  -649.00     36.30    -23.90    1.82    154718.0
 2023 02 28 20 52 00 000    6.21    -2.07    -1.57  -649.00     36.30    -23.90    1.82    154718.0
 2023 02 28 20 53 00 000    6.18    -2.19    -1.51  -649.00     36.30    -23.90    1.82    154718.0
 2023 02 28 20 54 00 000    6.14    -2.05    -1.57  -649.00     36.30    -23.90    1.82    154718.0
 2023 02 28 20 55 00 000    6.15    -2.06    -1.56  -649.00     36.30    -23.90    1.82    154718.0
 2023 02 28 20 56 00 000    6.30    -2.08    -1.62  -649.00     36.30    -23.90    1.82    154718.0
 2023 02 28 20 57 00 000    6.16    -0.04    -3.09  -649.00     36.30    -23.90    1.82    154718.0
 2023 02 28 20 58 00 000    6.02     0.97    -3.55  -649.00     36.30    -23.90    1.82    154718.0
 2023 02 28 20 59 00 000    5.97     1.44    -3.51  -629.40     43.80    -67.70    1.02     47297.0
 2023 02 28 21 00 00 000    6.15     0.92    -3.41  -629.40     43.80    -67.70    1.02     47297.0
 2023 02 28 21 01 00 000    6.31     1.16    -2.96  -629.40     43.80    -67.70    1.02     47297.0
 2023 02 28 21 02 00 000    6.46    -0.38    -2.44  -626.10     37.30    -49.50    1.03     56920.0
 2023 02 28 21 03 00 000    6.43    -0.30    -2.58  -626.30     43.50    -54.90    0.99     54702.0
 2023 02 28 21 04 00 000    6.42    -1.55    -2.28  -623.10     33.90    -41.80    1.06     60681.0
 2023 02 28 21 05 00 000    6.44    -0.65    -2.61  -623.10     33.90    -41.80    1.06     60681.0
 2023 02 28 21 06 00 000    6.53    -0.81    -2.45  -628.80     34.20    -55.20    1.11     66803.0
 2023 02 28 21 07 00 000    6.50    -0.60    -2.54  -628.60     30.20    -50.00    1.09     67126.0
 2023 02 28 21 08 00 000    6.47     0.32    -2.59  -623.00     39.40    -52.10    1.03     67330.0
 2023 02 28 21 09 00 000    6.32     0.50    -2.67  -623.00     39.40    -52.10    1.03     67330.0
 2023 02 28 21 10 00 000    6.41     0.14    -2.76  -624.40     30.90    -54.70    1.06     56798.0
 2023 02 28 21 11 00 000    6.49     0.49    -2.62  -624.40     30.90    -54.70    1.06     56798.0
 2023 02 28 21 12 00 000    6.55    -0.09    -2.36  -624.40     30.90    -54.70    1.06     56798.0
 2023 02 28 21 13 00 000    6.63    -0.41    -2.09  -624.40     30.90    -54.70    1.06     56798.0
 2023 02 28 21 14 00 000    6.71    -0.58    -1.85  -624.40     30.90    -54.70    1.06     56798.0
 2023 02 28 21 15 00 000    6.69    -1.00    -1.66  -624.40     30.90    -54.70    1.06     56798.0
 2023 02 28 21 16 00 000    6.66    -1.45    -1.54  -624.40     30.90    -54.70    1.06     56798.0
 2023 02 28 21 17 00 000    6.58    -1.49    -1.78  -626.70     23.60    -24.40    1.01     66686.0
 2023 02 28 21 18 00 000    6.50    -1.68    -1.73  -626.70     23.60    -24.40    1.01     66686.0
 2023 02 28 21 19 00 000    6.75    -1.44    -0.80  -624.40     29.10    -21.40    1.01     64185.0
 2023 02 28 21 20 00 000    6.84    -0.59    -1.02  -621.50     35.80    -17.80    1.01     61142.0
 2023 02 28 21 21 00 000    6.64    -1.50    -1.38  -624.80     35.40    -20.10    1.07     71000.0
 2023 02 28 21 22 00 000    6.61    -1.36    -1.72  -625.60     35.30    -20.70    1.09     73394.0
 2023 02 28 21 23 00 000    6.67    -1.21    -1.61  -625.70     35.20    -21.10    1.09     73311.0
 2023 02 28 21 24 00 000    6.64    -1.39    -1.61  -627.90     32.10    -30.20    1.07     71178.0
 2023 02 28 21 25 00 000    6.70    -1.28    -1.47  -627.90     32.10    -30.20    1.07     71178.0
 2023 02 28 21 26 00 000    6.64    -1.81    -1.11  -631.80     35.00    -23.90    1.13     81842.0
 2023 02 28 21 27 00 000    6.71    -1.34    -1.37  -631.80     35.10    -23.90    1.13     81689.0
 2023 02 28 21 28 00 000    6.75    -1.18    -1.32  -629.80     42.80    -23.40    1.11     59461.0
 2023 02 28 21 29 00 000    6.72    -1.19    -1.37  -629.90     42.50    -22.90    1.11     59558.0
 2023 02 28 21 30 00 000    6.64    -1.63    -1.36  -631.20     34.00    -11.10    1.10     62029.0
 2023 02 28 21 31 00 000    6.67    -1.56    -1.30  -631.20     34.00    -11.20    1.10     62014.0
 2023 02 28 21 32 00 000    6.65    -1.65    -1.27  -631.80     34.20    -17.80    1.14     60873.0
 2023 02 28 21 33 00 000    6.69    -1.56    -1.16  -631.70     34.30    -17.60    1.14     60911.0
 2023 02 28 21 34 00 000    6.62    -1.63    -1.49  -630.60     36.50    -14.20    1.11     61643.0
 2023 02 28 21 35 00 000    6.52    -1.64    -1.77  -630.60     36.40    -14.30    1.11     61628.0
 2023 02 28 21 36 00 000    6.54    -1.56    -1.84  -632.30     27.70    -19.90    1.11     59917.0
 2023 02 28 21 37 00 000    6.60    -1.59    -1.59  -631.70     33.40    -19.70    1.11     59517.0
 2023 02 28 21 38 00 000    6.60    -1.59    -1.58  -628.90     61.90    -18.40    1.11     57505.0
 2023 02 28 21 39 00 000    6.55    -1.57    -1.78  -629.20     59.30    -19.50    1.11     57718.0
 2023 02 28 21 40 00 000    6.53    -1.53    -1.86  -633.40     28.30    -32.50    1.12     60298.0
 2023 02 28 21 41 00 000    6.57    -1.56    -1.69  -633.20     29.10    -31.30    1.12     60368.0
 2023 02 28 21 42 00 000    6.52    -1.37    -2.00  -631.80     33.90    -23.90    1.15     60796.0
 2023 02 28 21 43 00 000    6.54    -1.62    -1.66  -631.80     33.90    -23.90    1.15     60796.0
 2023 02 28 21 44 00 000    6.53    -1.55    -1.71  -631.80     33.90    -23.90    1.15     60796.0
 2023 02 28 21 45 00 000    6.48    -1.67    -1.78  -632.00     30.40    -22.50    1.17     62495.0
 2023 02 28 21 46 00 000    6.46    -1.85    -1.68  -632.00     30.40    -22.50    1.17     62495.0
 2023 02 28 21 47 00 000    6.37    -2.16    -1.62  -631.90     28.50    -20.10    1.13     61112.0
 2023 02 28 21 48 00 000    6.59    -1.73    -1.34  -631.70     23.80    -14.00    1.03     57617.0
 2023 02 28 21 49 00 000    6.56    -1.67    -1.51  -630.10     29.50    -16.30    1.02     57350.0
 2023 02 28 21 50 00 000    6.66    -1.61    -1.24  -628.50     35.00    -18.40    1.02     57095.0
 2023 02 28 21 51 00 000    6.69    -1.67    -1.07  -628.40     34.10    -14.10    1.03     53806.0
 2023 02 28 21 52 00 000    6.55    -2.02    -0.90  -628.30     33.50    -11.60    1.04     51868.0
 2023 02 28 21 53 00 000    6.20    -3.01    -0.42  -634.50     25.10     11.00    1.00     56549.0
 2023 02 28 21 54 00 000    6.23    -2.76    -0.53  -635.80     23.40     15.60    0.99     57505.0
 2023 02 28 21 55 00 000    6.01    -3.05    -0.24  -621.50     26.80      4.20    0.99     60334.0
 2023 02 28 21 56 00 000    5.95    -3.00    -0.07  -621.10     26.90      3.90    0.99     60413.0
 2023 02 28 21 57 00 000    6.02    -2.77    -0.29  -619.40     25.20      1.20    1.09     72963.0
 2023 02 28 21 58 00 000    5.99    -2.90    -0.25  -619.40     25.20      1.20    1.09     73015.0
 2023 02 28 21 59 00 000    5.99    -3.25     0.05  -624.90     28.00      0.70    1.06     68711.0
 2023 02 28 22 00 00 000    6.05    -3.26    -0.13  -624.90     28.00      0.70    1.06     68709.0
 2023 02 28 22 01 00 000    6.02    -3.44    -0.42  -625.60     28.60    -12.20    1.10     76632.0
 2023 02 28 22 02 00 000    6.04    -3.45    -0.51  -625.60     28.60    -12.20    1.10     76632.0
 2023 02 28 22 03 00 000    6.08    -3.55    -0.22  -621.80     31.50      3.80    1.10     63169.0
 2023 02 28 22 04 00 000    6.13    -3.36     0.30  -621.00     32.10      6.90    1.10     60528.0
 2023 02 28 22 05 00 000    6.11    -3.06     0.99  -616.90     33.70      8.30    1.15     62185.0
 2023 02 28 22 06 00 000    5.97    -3.28     1.19  -617.00     33.60      8.50    1.15     62312.0
 2023 02 28 22 07 00 000    5.83    -3.44     1.24  -620.90     28.90     14.30    1.11     66927.0
 2023 02 28 22 08 00 000    5.32    -4.08     1.80  -627.50     24.40     20.20    1.14     76004.0
 2023 02 28 22 09 00 000    5.48    -3.94     1.75  -633.40     20.50     25.50    1.16     84038.0
 2023 02 28 22 10 00 000    5.33    -4.24     1.00  -638.70      8.30     28.30    1.10     53972.0
 2023 02 28 22 11 00 000    4.62    -4.63     2.36  -638.70      8.20     28.30    1.10     53690.0
 2023 02 28 22 12 00 000    4.77    -4.74     1.62  -638.70      8.20     28.30    1.10     53690.0
 2023 02 28 22 13 00 000    5.35    -4.29     1.38  -635.90     24.80     30.30    0.97     63197.0
 2023 02 28 22 14 00 000    5.27    -4.41     0.95  -635.90     24.80     30.30    0.97     63197.0
 2023 02 28 22 15 00 000    5.20    -4.52     1.35  -638.10     22.30     27.90    0.98     65356.0
 2023 02 28 22 16 00 000    4.59    -5.05     1.80  -640.00     20.10     25.80    0.98     67249.0
 2023 02 28 22 17 00 000    4.99    -4.80     1.34  -641.80     19.10     33.40    1.12     86427.0
 2023 02 28 22 18 00 000    5.06    -4.62     1.74  -642.20     18.90     35.10    1.15     90704.0
 2023 02 28 22 19 00 000    5.06    -4.74     1.66  -640.50     27.50     40.30    1.17     80190.0
 2023 02 28 22 20 00 000    4.90    -5.10     1.18  -640.20     28.60     40.90    1.17     78256.0
 2023 02 28 22 21 00 000    5.20    -4.85     0.90  -639.20     18.70     30.30    1.01     64376.0
 2023 02 28 22 22 00 000    5.14    -4.88     0.92  -637.70     16.30     23.00    1.06     71170.0
 2023 02 28 22 23 00 000    5.36    -4.69     0.59  -636.00     13.50     14.70    1.12     78801.0
 2023 02 28 22 24 00 000    5.71    -4.29    -0.26  -629.40     15.50      5.20    1.06     66177.0
 2023 02 28 22 25 00 000    5.58    -4.40    -0.03  -629.00     15.60      4.60    1.06     65406.0
 2023 02 28 22 26 00 000    5.39    -4.55     0.30  -633.40     16.60     15.30    0.97     58780.0
 2023 02 28 22 27 00 000    4.24    -4.88     2.09  -633.40     16.60     15.30    0.97     58780.0
 2023 02 28 22 28 00 000    4.55    -5.10     1.67  -633.40     16.60     15.30    0.97     58780.0
 2023 02 28 22 29 00 000    4.48    -5.42     0.09  -643.70      3.50     24.60    1.19     76374.0
 2023 02 28 22 30 00 000    4.28    -5.58     0.18  -643.70      3.50     24.60    1.19     76374.0
 2023 02 28 22 31 00 000    4.90    -4.70     1.28  -635.70     32.10     26.90    1.07     49045.0
 2023 02 28 22 32 00 000    4.82    -4.71     1.57  -635.70     32.10     26.90    1.07     49003.0
 2023 02 28 22 33 00 000    5.53    -4.29     0.48  -635.70     32.10     26.90    1.07     49003.0
 2023 02 28 22 34 00 000    5.63    -4.12     0.10  -634.50      6.90     14.50    1.11     66044.0
 2023 02 28 22 35 00 000    5.38    -4.46     0.05  -634.50      6.90     14.50    1.11     66044.0
 2023 02 28 22 36 00 000    5.50    -4.28    -0.00  -634.50      6.90     14.50    1.11     66044.0
 2023 02 28 22 37 00 000    5.67    -3.97     0.17  -634.50      6.90     14.50    1.11     66044.0
 2023 02 28 22 38 00 000    5.38    -4.35     0.28  -634.50      6.90     14.50    1.11     66044.0
 2023 02 28 22 39 00 000    5.16    -4.35     0.34  -634.50      6.90     14.50    1.11     66044.0
 2023 02 28 22 40 00 000    5.20    -4.32     0.61  -634.50      6.90     14.50    1.11     66044.0
 2023 02 28 22 41 00 000    5.27    -4.19     1.19  -633.60     24.00     33.50    1.17     90283.0
 2023 02 28 22 42 00 000    5.29    -4.11     1.25  -633.60     24.00     33.50    1.17     90283.0
 2023 02 28 22 43 00 000    5.39    -4.09     0.71  -630.60     20.10     19.40    1.19     88644.0
 2023 02 28 22 44 00 000    5.43    -3.98     0.70  -630.40     19.80     18.30    1.19     88515.0
 2023 02 28 22 45 00 000    5.36    -3.87     0.82  -630.40     19.80     18.30    1.19     88515.0
 2023 02 28 22 46 00 000    5.46    -3.62     0.84  -627.00     27.90     33.90    1.00     59006.0
 2023 02 28 22 47 00 000    5.07    -4.11     1.04  -627.00     27.90     33.90    1.00     59006.0
 2023 02 28 22 48 00 000    5.11    -4.30     0.57  -635.60     19.20     22.40    1.15     81487.0
 2023 02 28 22 49 00 000    4.68    -4.39     1.32  -635.60     19.20     22.40    1.15     81487.0
 2023 02 28 22 50 00 000    4.54    -4.45     1.65  -635.60     19.20     22.40    1.15     81487.0
 2023 02 28 22 51 00 000    4.74    -4.30     1.49  -642.70     10.80     59.20    1.05    104046.0
 2023 02 28 22 52 00 000    4.57    -4.15     2.01  -642.70     10.80     59.20    1.05    104046.0
 2023 02 28 22 53 00 000    4.47    -4.37     2.02  -630.60     31.50     44.70    1.31    124426.0
 2023 02 28 22 54 00 000    4.06    -5.05     1.70  -630.60     31.50     44.70    1.31    124426.0
 2023 02 28 22 55 00 000    3.74    -5.30     1.81  -654.90     15.70     40.70    1.21     93680.0
 2023 02 28 22 56 00 000    3.81    -5.34     1.21  -654.90     15.70     40.70    1.21     93680.0
 2023 02 28 22 57 00 000    2.83    -5.78     1.84  -657.00     18.10     40.40    1.43    156621.0
 2023 02 28 22 58 00 000    3.14    -5.59     2.23  -657.00     18.10     40.40    1.43    156621.0
 2023 02 28 22 59 00 000    4.62    -4.83     0.61  -634.30      9.30     14.10    1.06     66686.0
 2023 02 28 23 00 00 000    5.28    -4.04     0.26  -634.30      9.30     14.10    1.06     66686.0
 2023 02 28 23 01 00 000    5.23    -4.10     0.43  -634.30      9.30     14.10    1.06     66686.0
 2023 02 28 23 02 00 000    5.43    -3.95    -0.04  -628.60     16.40     10.50    1.07     74707.0
 2023 02 28 23 03 00 000    4.70    -4.66     0.60  -628.60     16.40     10.50    1.07     74707.0
 2023 02 28 23 04 00 000    4.54    -4.81     0.92  -648.40     17.50     24.00    1.42    112594.0
 2023 02 28 23 05 00 000    4.95    -4.51    -0.10  -648.40     17.50     24.00    1.42    112594.0
 2023 02 28 23 06 00 000    4.73    -4.85     0.53  -648.40     17.50     24.00    1.42    112594.0
 2023 02 28 23 07 00 000    4.70    -4.86     0.83  -647.10     12.10     17.10    1.29     83587.0
 2023 02 28 23 08 00 000    4.09    -5.28     0.68  -647.10     12.10     17.10    1.29     83587.0
 2023 02 28 23 09 00 000    3.77    -5.61     0.78  -667.10     -5.80     23.50    1.25     97479.0
 2023 02 28 23 10 00 000    4.25    -5.28     0.81  -667.10     -5.80     23.50    1.25     97479.0
 2023 02 28 23 11 00 000    4.32    -5.26     0.56  -667.10     -5.80     23.50    1.25     97479.0
 2023 02 28 23 12 00 000    4.02    -5.45     0.70  -661.70    -14.20     33.10    1.43    129974.0
 2023 02 28 23 13 00 000    4.11    -5.41     0.69  -661.70    -14.20     33.10    1.43    129974.0
 2023 02 28 23 14 00 000    4.02    -5.45     0.62  -661.70    -14.20     33.10    1.43    129974.0
 2023 02 28 23 15 00 000    4.44    -5.13    -0.64  -661.70    -14.20     33.10    1.43    129974.0
 2023 02 28 23 16 00 000    5.84    -3.59    -0.17  -661.70    -14.20     33.10    1.43    129974.0
 2023 02 28 23 17 00 000    4.97    -4.55     0.59  -661.70    -14.20     33.10    1.43    129974.0
 2023 02 28 23 18 00 000    4.89    -4.77     0.82  -661.70    -14.20     33.10    1.43    129974.0
 2023 02 28 23 19 00 000    4.86    -4.36     1.89  -661.70    -14.20     33.10    1.43    129974.0
 2023 02 28 23 20 00 000    4.88    -4.39     1.92  -639.30      9.70     36.60    1.30     92682.0
 2023 02 28 23 21 00 000    4.57    -5.08     0.62  -639.30      9.70     36.60    1.30     92682.0
 2023 02 28 23 22 00 000    4.95    -4.54     1.05  -639.30      9.70     36.60    1.30     92659.0
 2023 02 28 23 23 00 000    5.08    -4.51     0.97  -632.80     27.60     31.40    1.22     79896.0
 2023 02 28 23 24 00 000    5.20    -4.48     0.60  -632.80     27.60     31.40    1.22     79896.0
 2023 02 28 23 25 00 000    5.20    -4.48     0.50  -621.00     24.70      7.00    1.37     98941.0
 2023 02 28 23 26 00 000    5.30    -4.41     0.19  -621.00     24.70      7.00    1.37     98941.0
 2023 02 28 23 27 00 000    5.29    -4.41     0.32  -621.00     24.70      7.00    1.37     98941.0
 2023 02 28 23 28 00 000    5.46    -4.24    -0.14  -621.00     24.70      7.00    1.37     98941.0
 2023 02 28 23 29 00 000    5.35    -4.37     0.03  -633.30      3.60     11.20    1.23     77021.0
 2023 02 28 23 30 00 000    5.09    -4.79    -0.39  -633.80      5.10     12.10    1.24     78601.0
 2023 02 28 23 31 00 000    5.12    -4.74     0.26  -635.20      9.90     14.90    1.30     83677.0
 2023 02 28 23 32 00 000    5.10    -4.79    -0.31  -635.20      9.90     14.90    1.30     83677.0
 2023 02 28 23 33 00 000    5.39    -4.51     0.26  -635.20      9.90     14.90    1.30     83677.0
 2023 02 28 23 34 00 000    5.13    -4.66     0.30  -637.00     12.60     27.20    1.37     98697.0
 2023 02 28 23 35 00 000    5.69    -4.21     0.38  -630.40     18.40     17.10    1.32     89927.0
 2023 02 28 23 36 00 000    4.70    -4.68    -1.34  -638.90     -0.50     -2.00    1.19     77293.0
 2023 02 28 23 37 00 000    4.50    -5.05    -0.06  -651.40    -13.30     -7.00    1.24     87289.0
 2023 02 28 23 38 00 000    5.56    -4.18     0.26  -621.30     25.70      6.60    1.41     94272.0
 2023 02 28 23 39 00 000    4.19    -5.25     1.49  -621.30     25.70      6.60    1.41     94252.0
 2023 02 28 23 40 00 000    4.38    -5.32     0.71  -621.30     25.70      6.60    1.41     94252.0
 2023 02 28 23 41 00 000    3.34    -5.54     2.05  -621.30     25.70      6.60    1.41     94252.0
 2023 02 28 23 42 00 000    3.14    -5.66     2.52  -621.30     25.70      6.60    1.41     94252.0
 2023 02 28 23 43 00 000    3.08    -5.57     2.79  -621.30     25.70      6.60    1.41     94252.0
 2023 02 28 23 44 00 000    3.14    -5.59     2.67  -621.30     25.70      6.60    1.41     94252.0
 2023 02 28 23 45 00 000    3.26    -5.78     2.02  -621.30     25.70      6.60    1.41     94252.0
 2023 02 28 23 46 00 000    3.27    -5.71     1.93  -621.30     25.70      6.60    1.41     94252.0
 2023 02 28 23 47 00 000    3.98    -5.47     1.09  -661.80     15.80     41.00    1.12     82824.0
 2023 02 28 23 48 00 000    3.90    -5.58     1.28  -661.80     15.80     41.00    1.12     82824.0
 2023 02 28 23 49 00 000    3.75    -5.61     1.70  -661.80     15.80     41.00    1.12     82824.0
 2023 02 28 23 50 00 000    3.60    -5.79     1.46  -661.80     15.80     41.00    1.12     82824.0
 2023 02 28 23 51 00 000    3.57    -5.84     1.07  -661.80     15.80     41.00    1.12     82824.0
 2023 02 28 23 52 00 000    4.19    -5.49     0.30  -661.80     15.80     41.00    1.12     82824.0
 2023 02 28 23 53 00 000    3.95    -5.77    -0.49  -648.70     -3.60     15.50    1.42    106164.0
 2023 02 28 23 54 00 000    4.14    -5.58    -0.57  -648.70     -3.60     15.50    1.42    106164.0
 2023 02 28 23 55 00 000    4.32    -5.32     0.30  -641.60      5.70     17.70    1.41    123890.0
 2023 02 28 23 56 00 000    4.07    -5.42    -0.41  -642.70      4.80     16.00    1.41    122961.0
 2023 02 28 23 57 00 000    4.14    -5.40    -0.22  -647.80     -0.80     11.10    1.41    114377.0
 2023 02 28 23 58 00 000    3.87    -5.58    -0.23  -648.20    -24.40      4.60    1.44    117821.0
 2023 02 28 23 59 00 000    3.82    -5.56    -0.22  -649.50    -12.30      7.20    1.37    110973.0
 2023 03 01 00 00 00 000    4.29    -4.42    -2.53  -648.40     -9.80     -5.30    1.42    122058.0
 2023 03 01 00 01 00 000    4.43    -3.83    -3.64  -646.50    -15.00    -19.50    1.52    137597.0
 2023 03 01 00 02 00 000    4.61    -4.74    -1.98  -647.40     -5.70     -2.90    1.27     85988.0
 2023 03 01 00 03 00 000    4.61    -4.59    -2.45  -647.40     -5.70     -2.90    1.27     85988.0
 2023 03 01 00 04 00 000    4.73    -4.31    -2.85  -643.90     -3.00    -14.10    1.45    139334.0
 2023 03 01 00 05 00 000    4.82    -3.97    -3.19  -643.80     -2.80    -14.50    1.44    136263.0
 2023 03 01 00 06 00 000    4.73    -3.92    -3.38  -641.50      0.50    -22.60    1.32     73264.0
 2023 03 01 00 07 00 000    5.06    -3.64    -3.12  -641.00      1.20    -23.20    1.33     73834.0
 2023 03 01 00 08 00 000    4.75    -4.03    -1.01  -635.90     13.20    -26.10    1.47     96884.0
 2023 03 01 00 09 00 000    3.90    -4.58     0.72  -647.40     40.10      6.60    2.20    200380.0
 2023 03 01 00 10 00 000    4.58    -4.00    -0.86  -636.70      6.90    -18.60    1.88    131542.0
 2023 03 01 00 11 00 000    4.49    -4.44    -1.11  -641.10      2.60    -25.70    1.55     96080.0
 2023 03 01 00 12 00 000    4.67    -4.14    -0.35  -644.10     16.40    -13.80    1.85    140434.0
 2023 03 01 00 13 00 000    2.21    -4.16     3.26  -641.80     69.30     10.10    1.96    127961.0
 2023 03 01 00 14 00 000    0.05    -4.86     4.27  -681.40     63.60     33.00    2.16    179927.0
 2023 03 01 00 15 00 000   -0.11    -4.48     4.64  -706.00     34.20     40.20    2.30    183155.0
 2023 03 01 00 16 00 000    2.10    -4.52     3.35  -706.00     34.20     40.20    2.30    183146.0
 2023 03 01 00 17 00 000    3.92    -4.68     1.70  -706.00     34.20     40.20    2.30    183146.0
 2023 03 01 00 18 00 000    3.74    -4.69     2.26  -706.00     34.20     40.20    2.30    183146.0
 2023 03 01 00 19 00 000    3.73    -4.83     2.14  -706.00     34.20     40.20    2.30    183146.0
 2023 03 01 00 20 00 000    3.59    -4.80     2.35  -706.00     34.20     40.20    2.30    183146.0
 2023 03 01 00 21 00 000    3.63    -4.65     2.53  -657.30     38.80     39.00    2.10    221152.0
 2023 03 01 00 22 00 000    3.58    -4.78     2.43  -657.30     38.80     39.00    2.10    221152.0
 2023 03 01 00 23 00 000    3.82    -4.31     2.59  -657.30     38.80     39.00    2.10    221152.0
 2023 03 01 00 24 00 000    3.60    -4.22     2.94  -665.00     55.30     28.80    2.18    174853.0
 2023 03 01 00 25 00 000    3.51    -4.45     2.79  -665.00     55.30     28.80    2.18    174853.0
 2023 03 01 00 26 00 000    3.46    -4.43     2.77  -665.00     55.30     28.80    2.18    174853.0
 2023 03 01 00 27 00 000    3.19    -4.53     2.90  -665.00     55.30     28.80    2.18    174853.0
 2023 03 01 00 32 00 000    3.60    -4.54     2.23  -670.70     44.60     26.30    2.30    175244.0
 2023 03 01 00 33 00 000    1.86    -4.39     3.95  -670.70     44.60     26.30    2.30    175244.0
 2023 03 01 00 35 00 000    3.45    -4.80     1.80  -670.70     44.60     26.30    2.30    175244.0
 2023 03 01 00 36 00 000    3.58    -4.69     1.71  -670.70     44.60     26.30    2.30    175244.0
 2023 03 01 00 37 00 000    3.63    -4.68     1.41  -659.40     35.90     20.10    2.58    177007.0
 2023 03 01 00 39 00 000    0.56    -1.23     6.26  -659.40     35.90     20.10    2.58    177007.0
 2023 03 01 00 40 00 000    0.60    -2.86     5.99  -659.40     35.90     20.10    2.58    177007.0
 2023 03 01 00 41 00 000    0.41    -3.13     5.90  -659.40     35.90     20.10    2.58    177007.0
 2023 03 01 00 42 00 000    0.51    -3.40     5.77  -699.20     75.10     50.20    1.81    139624.0
 2023 03 01 00 43 00 000   -0.45    -4.76     4.54  -699.20     75.10     50.20    1.81    139624.0
 2023 03 01 00 44 00 000    0.51    -4.39     5.03  -697.50     65.60     57.20    1.72    126963.0
 2023 03 01 00 45 00 000    0.65    -4.32     5.03  -697.50     65.60     57.20    1.72    126963.0
 2023 03 01 00 46 00 000    1.65    -3.94     5.06  -697.50     65.60     57.20    1.72    126963.0
 2023 03 01 00 47 00 000    1.57    -3.74     5.27  -697.50     65.60     57.20    1.72    126963.0
 2023 03 01 00 48 00 000    1.65    -3.98     4.97  -697.50     65.60     57.20    1.72    126963.0
 2023 03 01 00 49 00 000    1.19    -4.62     4.28  -697.50     65.60     57.20    1.72    126963.0
 2023 03 01 00 50 00 000    0.14    -3.82     4.63  -697.50     65.60     57.20    1.72    126963.0
 2023 03 01 00 51 00 000    1.20    -4.78     3.90  -697.50     65.60     57.20    1.72    126963.0
 2023 03 01 00 52 00 000    1.11    -3.43     5.08  -683.90     87.60     62.70    1.62    128687.0
 2023 03 01 00 53 00 000    0.66    -0.03     6.43  -683.90     87.60     62.70    1.62    128687.0
 2023 03 01 00 56 00 000    0.67    -2.17     4.69  -683.90     87.60     62.70    1.62    128687.0
 2023 03 01 00 57 00 000    0.12    -3.06     3.42  -683.90     87.60     62.70    1.62    128687.0
 2023 03 01 00 58 00 000   -0.34    -1.69     4.27  -683.90     87.60     62.70    1.62    128687.0
 2023 03 01 00 59 00 000   -1.22    -1.58     4.00  -699.70     79.30     -1.10    2.48    249359.0
 2023 03 01 01 00 00 000   -0.32    -1.92     4.18  -699.70     79.30     -1.10    2.48    249305.0
 2023 03 01 01 01 00 000    0.13    -3.08     4.22  -687.60     84.30      9.20    2.54    216904.0
 2023 03 01 01 02 00 000   -0.05    -2.60     4.81  -680.90     92.20     23.60    2.20    248012.0
 2023 03 01 01 03 00 000   -0.19    -2.54     5.02  -695.40     94.00     34.10    2.04    235981.0
 2023 03 01 01 04 00 000    1.41    -3.41     4.17  -699.40     73.10     12.60    1.85    200336.0
 2023 03 01 01 05 00 000    0.90    -2.86     4.70  -699.40     73.10     12.60    1.85    200336.0
 2023 03 01 01 06 00 000   -0.54    -1.73     5.71  -699.40     73.10     12.60    1.85    200336.0
 2023 03 01 01 07 00 000    0.76    -2.60     5.32  -699.40     73.10     12.60    1.85    200336.0
 2023 03 01 01 08 00 000    0.11    -2.54     4.67  -699.40     73.10     12.60    1.85    200336.0
 2023 03 01 01 09 00 000   -0.11    -3.19     4.57  -699.40     73.10     12.60    1.85    200336.0
 2023 03 01 01 10 00 000    0.93    -3.29     3.82  -688.20     55.70     25.50    2.52    210458.0
 2023 03 01 01 11 00 000    1.08    -3.19     3.88  -688.20     55.70     25.50    2.52    210458.0
 2023 03 01 01 12 00 000    0.40    -3.16     3.83  -689.30     58.20     43.70    2.77    237236.0
 2023 03 01 01 13 00 000   -0.34    -2.91     4.09  -689.30     58.20     43.70    2.77    237236.0
 2023 03 01 01 14 00 000   -0.02    -2.57     4.18  -675.60     83.20     32.90    2.31    226172.0
 2023 03 01 01 15 00 000    0.30    -2.37     4.23  -667.80     97.50     26.40    2.04    219086.0
 2023 03 01 01 16 00 000    0.39    -2.97     4.12  -693.60     61.40     12.00    2.43    170644.0
 2023 03 01 01 17 00 000    0.71    -3.22     4.00  -696.10     79.60     -9.40    2.18    168915.0
 2023 03 01 01 18 00 000    0.64    -3.18     3.91  -690.00     69.20     11.40    2.18    162657.0
 2023 03 01 01 19 00 000    0.54    -3.65     3.81  -683.40     60.20     44.80    2.36    199758.0
 2023 03 01 01 20 00 000    0.19    -3.72     3.22  -682.60     62.10     49.60    2.44    228112.0
 2023 03 01 01 21 00 000   -0.41    -3.28     3.21  -684.30     66.50     19.90    2.42    246880.0
 2023 03 01 01 22 00 000   -1.86    -3.16     4.15  -693.80     63.90     13.70    2.11    202332.0
 2023 03 01 01 23 00 000   -1.28    -3.08     4.46  -698.90     62.50     10.40    1.94    178647.0
 2023 03 01 01 24 00 000   -1.18    -3.20     4.57  -698.90     62.50     10.40    1.94    178647.0
 2023 03 01 01 25 00 000   -0.98    -3.10     4.70  -694.90     61.20     12.90    1.72    153070.0
 2023 03 01 01 26 00 000   -0.74    -2.98     4.80  -694.90     61.20     12.90    1.72    153070.0
 2023 03 01 01 27 00 000   -0.23    -2.98     4.95  -694.90     61.20     12.90    1.72    153070.0
 2023 03 01 01 28 00 000   -0.24    -3.06     4.92  -694.90     61.20     12.90    1.72    153070.0
 2023 03 01 01 29 00 000   -0.64    -3.43     4.60  -690.90     61.90      6.00    1.93    160399.0
 2023 03 01 01 31 00 000   -0.46    -3.35     4.96  -690.90     61.90      6.00    1.93    160399.0
 2023 03 01 01 32 00 000   -0.51    -3.21     5.08  -690.70     64.00      5.60    1.73    164790.0
 2023 03 01 01 33 00 000   -0.30    -3.40     4.88  -690.70     64.00      5.60    1.73    164790.0
 2023 03 01 01 34 00 000   -0.18    -3.55     4.64  -694.40     69.40     11.50    1.96    187229.0
 2023 03 01 01 35 00 000   -0.69    -3.18     4.78  -694.40     69.40     11.50    1.96    187229.0
 2023 03 01 01 36 00 000   -0.16    -3.01     5.03  -694.40     69.40     11.50    1.96    187229.0
 2023 03 01 01 37 00 000   -0.37    -3.17     4.82  -689.10     67.60     14.90    2.08    170394.0
 2023 03 01 01 38 00 000   -0.22    -2.90     4.95  -689.10     67.60     14.90    2.08    170394.0
 2023 03 01 01 40 00 000    0.25    -3.60     4.47  -689.10     67.60     14.90    2.08    170394.0
 2023 03 01 01 41 00 000    0.10    -4.12     3.92  -689.10     67.60     14.90    2.08    170394.0
 2023 03 01 01 42 00 000   -0.34    -3.36     4.74  -689.10     67.60     14.90    2.08    170394.0
 2023 03 01 01 43 00 000   -0.34    -3.67     4.36  -689.10     67.60     14.90    2.08    170394.0
 2023 03 01 01 44 00 000   -0.16    -3.84     4.08  -689.60     60.80     15.40    2.21    195050.0
 2023 03 01 01 45 00 000   -0.38    -4.14     4.08  -689.80     60.00     14.40    2.17    187484.0
 2023 03 01 01 46 00 000   -0.09    -4.47     3.78  -691.20     57.00     10.50    2.03    158851.0
 2023 03 01 01 47 00 000   -0.10    -4.42     3.90  -696.30     55.90      8.40    2.08    159279.0
 2023 03 01 01 48 00 000    0.10    -4.45     3.84  -690.10     59.40     10.00    1.90    191008.0
 2023 03 01 01 49 00 000   -0.12    -4.50     3.85  -689.40     59.80     10.40    1.88    193890.0
 2023 03 01 01 50 00 000   -0.08    -4.74     3.65  -689.40     60.10     26.60    1.76    147167.0
 2023 03 01 01 51 00 000   -0.11    -4.79     3.43  -688.80     48.90     20.70    1.76    149132.0
 2023 03 01 01 52 00 000   -0.25    -3.50     4.69  -688.60     45.40     18.70    1.76    149975.0
 2023 03 01 01 53 00 000    0.31    -5.18     3.00  -685.30     54.70     18.10    1.54    145142.0
 2023 03 01 01 54 00 000    0.45    -5.20     2.77  -685.30     54.70     18.10    1.54    145142.0
 2023 03 01 01 55 00 000    0.30    -3.71     4.39  -685.30     54.70     18.10    1.54    145142.0
 2023 03 01 01 56 00 000    0.39    -4.64     1.49  -685.30     54.70     18.10    1.54    145142.0
 2023 03 01 01 57 00 000   -0.27    -2.61     4.04  -691.10     94.40      9.50    2.41    154290.0
 2023 03 01 01 58 00 000    0.81    -3.78     2.21  -691.10     94.40      9.50    2.41    154290.0
 2023 03 01 01 59 00 000    0.74    -4.22     1.74  -690.40     92.40      9.30    2.40    154932.0
 2023 03 01 02 00 00 000    1.39    -4.48     1.15  -681.30     67.90      6.70    2.34    162901.0
 2023 03 01 02 01 00 000    0.91    -4.47     1.89  -681.30     67.90      6.70    2.34    162901.0
 2023 03 01 02 02 00 000   -0.16    -3.35     3.37  -682.40     51.20      9.00    2.42    202261.0
 2023 03 01 02 03 00 000   -0.05    -4.02     3.01  -685.70     52.50     14.20    2.24    168377.0
 2023 03 01 02 04 00 000    1.78    -4.78    -0.42  -687.60     53.30     17.10    2.15    149260.0
 2023 03 01 02 05 00 000    0.71    -5.15     0.33  -671.80     21.60     -0.70    2.41    222471.0
 2023 03 01 02 06 00 000    0.61    -5.30     0.25  -671.80     21.60     -0.70    2.41    222471.0
 2023 03 01 02 07 00 000    0.78    -5.41     0.16  -671.80     21.60     -0.70    2.41    222471.0
 2023 03 01 02 08 00 000    0.80    -5.44    -0.19  -678.70     21.00     -3.40    2.18    178121.0
 2023 03 01 02 09 00 000    0.64    -5.43     0.02  -676.90     21.10     -3.60    2.16    173456.0
 2023 03 01 02 10 00 000   -0.26    -5.49     0.30  -676.30     21.30     -1.00    2.25    176459.0
 2023 03 01 02 11 00 000    0.50    -4.91    -1.54  -680.60     21.40     -4.50    2.40    180529.0
 2023 03 01 02 12 00 000    1.47    -3.85    -3.37  -673.80     23.30    -36.60    2.18    107996.0
 2023 03 01 02 13 00 000    0.86    -2.50    -4.08  -667.90     15.50    -55.40    2.57    236544.0
 2023 03 01 02 14 00 000    1.06    -3.29    -2.65  -667.40     14.80    -57.10    2.61    247963.0
 2023 03 01 02 15 00 000    0.58    -5.03    -0.44  -670.40     35.20    -27.10    3.05    278437.0
 2023 03 01 02 16 00 000    0.26    -5.12    -1.25  -680.40     27.60    -31.70    2.41    175309.0
 2023 03 01 02 17 00 000    0.72    -5.30    -1.23  -686.40     23.10    -34.40    2.03    113955.0
 2023 03 01 02 18 00 000    0.53    -5.04     1.09  -678.50     35.70    -16.50    2.44    188105.0
 2023 03 01 02 19 00 000    1.04    -4.65    -1.35  -678.50     35.70    -16.50    2.44    188105.0
 2023 03 01 02 20 00 000   -0.11    -4.92     1.92  -678.50     35.70    -16.50    2.44    188105.0
 2023 03 01 02 21 00 000    0.54    -4.68    -0.43  -678.50     35.70    -16.50    2.44    188105.0
 2023 03 01 02 22 00 000    1.78    -4.92    -2.10  -664.50     12.90    -42.30    2.30    181485.0
 2023 03 01 02 23 00 000    1.41    -5.38    -0.53  -664.70     12.90    -41.70    2.30    181297.0
 2023 03 01 02 24 00 000    0.42    -5.60    -0.42  -669.20     12.30    -25.10    2.23    176094.0
 2023 03 01 02 25 00 000    0.39    -5.80    -0.83  -672.10      9.10    -26.30    2.10    144155.0
 2023 03 01 02 26 00 000    0.38    -5.98    -0.92  -672.90      8.10    -26.70    2.06    134639.0
 2023 03 01 02 27 00 000    0.61    -6.11    -0.87  -671.10      0.80    -25.60    1.68    130704.0
 2023 03 01 02 28 00 000    0.47    -6.18    -0.57  -672.10      1.60    -22.60    1.67    128987.0
 2023 03 01 02 29 00 000    0.23    -6.12    -0.01  -673.50      2.80    -18.00    1.65    126409.0
 2023 03 01 02 30 00 000    0.26    -6.15     0.22  -673.50      2.80    -18.00    1.65    126409.0
 2023 03 01 02 31 00 000    0.28    -6.13     0.32  -673.50      2.80    -18.00    1.65    126409.0
 2023 03 01 02 32 00 000    0.27    -6.11     0.63  -677.40     -2.50     -6.20    1.78    183279.0
 2023 03 01 02 33 00 000    0.73    -5.76     1.58  -677.40     -2.50     -6.20    1.78    183279.0
 2023 03 01 02 34 00 000    0.44    -5.48     2.51  -677.40     -2.50     -6.20    1.78    183279.0
 2023 03 01 02 35 00 000    0.23    -5.71     1.99  -671.20    -11.30     11.50    1.91    180558.0
 2023 03 01 02 36 00 000   -0.02    -5.45     2.53  -673.00     14.80      9.10    2.00    216845.0
 2023 03 01 02 37 00 000    0.08    -5.76     1.65  -673.40     43.80     10.20    1.85    173873.0
 2023 03 01 02 38 00 000   -0.04    -5.47     2.48  -680.90     31.40     13.10    1.67    144799.0
 2023 03 01 02 39 00 000   -0.10    -5.30     2.79  -683.50     24.30     13.70    1.64    143664.0
 2023 03 01 02 40 00 000   -0.06    -5.10     3.18  -683.50     24.30     13.70    1.64    143664.0
 2023 03 01 02 41 00 000   -0.15    -5.04     3.27  -678.90     25.90     14.40    1.67    145438.0
 2023 03 01 02 42 00 000   -0.25    -5.03     3.29  -678.90     25.90     14.40    1.67    145438.0
 2023 03 01 02 43 00 000   -0.22    -5.00     3.31  -678.90     25.90     14.40    1.67    145438.0
 2023 03 01 02 44 00 000   -0.26    -4.82     3.59  -678.90     25.90     14.40    1.67    145438.0
 2023 03 01 02 45 00 000   -0.37    -4.54     3.92  -678.90     25.90     14.40    1.67    145438.0
 2023 03 01 02 46 00 000   -0.33    -4.69     3.67  -682.40     33.70     24.10    1.65    140614.0
 2023 03 01 02 47 00 000   -0.22    -4.92     3.39  -682.40     33.70     24.10    1.65    140614.0
 2023 03 01 02 48 00 000   -0.28    -5.00     3.21  -682.40     33.70     24.10    1.65    140614.0
 2023 03 01 02 49 00 000   -0.22    -4.63     3.74  -682.40     33.70     24.10    1.65    140614.0
 2023 03 01 02 50 00 000   -0.13    -4.60     3.78  -679.50     34.70     24.80    1.58    145142.0
 2023 03 01 02 51 00 000   -0.67    -4.59     3.69  -679.50     34.70     24.80    1.58    145128.0
 2023 03 01 02 52 00 000   -1.18    -5.36     2.03  -687.80     38.60     35.40    2.01    137771.0
 2023 03 01 02 53 00 000   -1.28    -5.37     1.57  -690.50     16.80     22.40    1.67    125483.0
 2023 03 01 02 54 00 000   -1.05    -5.43     1.93  -692.50      0.40     12.60    1.42    116278.0
 2023 03 01 02 55 00 000   -0.39    -5.06     2.95  -692.50      0.40     12.60    1.42    116278.0
 2023 03 01 02 56 00 000   -1.09    -5.85     1.47  -689.10      8.90     12.70    1.38    163529.0
 2023 03 01 02 57 00 000   -1.18    -5.82     1.52  -689.20      8.70     12.60    1.38    163016.0
 2023 03 01 02 58 00 000   -1.25    -5.90     1.18  -691.90      0.80      8.30    1.52    141839.0
 2023 03 01 02 59 00 000   -1.33    -5.88     1.20  -692.40      2.60      3.70    1.43    156650.0
 2023 03 01 03 00 00 000   -0.96    -5.75     1.95  -692.40      3.10      2.90    1.41    159714.0
 2023 03 01 03 01 00 000   -1.14    -5.33     2.78  -689.80     26.10     18.20    1.39    142546.0
 2023 03 01 03 02 00 000   -0.86    -4.73     3.74  -689.80     26.10     18.20    1.39    142546.0
 2023 03 01 03 03 00 000   -0.52    -3.69     4.65  -687.10     42.10     23.40    1.43    135977.0
 2023 03 01 03 04 00 000   -0.81    -4.21     4.23  -685.90     40.30     27.10    1.41    141783.0
 2023 03 01 03 05 00 000   -0.43    -4.94     3.40  -685.20     37.90     30.10    1.38    137150.0
 2023 03 01 03 06 00 000   -0.47    -5.02     3.36  -682.70     29.90     27.20    1.33    128732.0
 2023 03 01 03 07 00 000   -0.61    -5.09     2.90  -682.10     28.80     26.70    1.32    127074.0
 2023 03 01 03 08 00 000    0.09    -5.59     1.93  -673.60     12.40     14.80    1.41    136640.0
 2023 03 01 03 09 00 000    0.30    -5.77     0.81  -671.20      8.10     14.00    1.28    108924.0
 2023 03 01 03 10 00 000    0.84    -5.32     2.16  -656.50     -0.40    -10.00    1.21     83392.0
 2023 03 01 03 11 00 000    0.57    -4.84     3.52  -656.10     -0.60    -10.70    1.21     83093.0
 2023 03 01 03 12 00 000    0.25    -4.94     3.31  -656.10     -0.60    -10.70    1.21     83093.0
 2023 03 01 03 13 00 000    0.41    -5.66     1.45  -666.70      2.00     11.30    1.42    138754.0
 2023 03 01 03 14 00 000    0.66    -5.85     0.61  -666.70      2.00     11.30    1.42    138754.0
 2023 03 01 03 15 00 000    0.55    -5.91     0.61  -667.10      4.00     11.30    1.43    142612.0
 2023 03 01 03 16 00 000    0.24    -5.58     1.52  -671.10     22.80     11.10    1.56    178449.0
 2023 03 01 03 17 00 000    0.09    -5.55     1.81  -671.10     22.80     11.10    1.56    178449.0
 2023 03 01 03 18 00 000    1.42    -5.68     0.62  -662.70      5.10     21.60    1.47    130198.0
 2023 03 01 03 19 00 000    1.58    -5.63     0.62  -662.70      5.10     21.60    1.47    130198.0
 2023 03 01 03 20 00 000    1.51    -5.65     0.29  -662.70      5.10     21.60    1.47    130198.0
 2023 03 01 03 21 00 000    1.55    -5.68    -0.30  -662.70      5.10     21.60    1.47    130198.0
 2023 03 01 03 22 00 000    1.29    -5.72    -0.71  -662.40    -10.70     -8.90    1.31    127629.0
 2023 03 01 03 23 00 000    0.90    -5.82    -0.62  -661.80     -8.60     -9.60    1.35    128073.0
 2023 03 01 03 24 00 000    0.36    -5.88     0.34  -661.30     -9.10     -6.60    1.54    143997.0
 2023 03 01 03 25 00 000    0.55    -5.82     1.10  -663.00    -17.10      0.60    1.56    157061.0
 2023 03 01 03 26 00 000    0.55    -5.73     1.48  -658.60     10.50     14.90    1.60    152103.0
 2023 03 01 03 27 00 000    0.64    -5.63     1.81  -658.20      7.20     14.50    1.49    135358.0
 2023 03 01 03 28 00 000   -0.12    -5.83     1.19  -658.10     11.10     13.10    1.44    129952.0
 2023 03 01 03 29 00 000   -0.18    -5.84     1.11  -672.90     -3.70      5.30    1.54    178384.0
 2023 03 01 03 30 00 000    0.00    -5.76     1.37  -672.90     -3.70      5.30    1.54    178384.0
 2023 03 01 03 31 00 000   -0.05    -5.82     1.14  -666.10     -6.00      1.80    1.58    161730.0
 2023 03 01 03 32 00 000   -1.34    -5.08     2.59  -666.10     -6.00      1.80    1.58    161647.0
 2023 03 01 03 33 00 000   -1.60    -4.87     2.89  -666.10     -6.00      1.80    1.58    161647.0
 2023 03 01 03 34 00 000   -1.17    -5.10     2.66  -683.10      7.70     20.60    1.48    167198.0
 2023 03 01 03 35 00 000   -1.33    -5.11     2.49  -683.10      7.70     20.60    1.48    167198.0
 2023 03 01 03 36 00 000   -0.97    -5.29     2.33  -683.10      7.70     20.60    1.48    167198.0
 2023 03 01 03 37 00 000   -0.90    -5.22     2.72  -686.70      6.20     12.80    1.41    137944.0
 2023 03 01 03 38 00 000   -0.54    -5.23     2.91  -686.70      6.20     12.80    1.41    137944.0
 2023 03 01 03 39 00 000   -0.57    -5.50     2.36  -686.70      6.20     12.80    1.41    137944.0
 2023 03 01 03 40 00 000   -0.47    -5.21     3.00  -673.20     12.50     14.00    1.34    119644.0
 2023 03 01 03 41 00 000   -0.62    -5.33     2.77  -673.20     12.50     14.00    1.34    119644.0
 2023 03 01 03 42 00 000   -0.66    -5.22     2.96  -673.20     12.50     14.00    1.34    119644.0
 2023 03 01 03 43 00 000   -0.88    -4.87     3.45  -681.00     15.90     23.70    1.35    140848.0
 2023 03 01 03 44 00 000   -0.63    -4.98     3.36  -681.00     15.90     23.70    1.35    140848.0
 2023 03 01 03 45 00 000   -0.33    -5.14     3.10  -681.00     15.90     23.70    1.35    140848.0
 2023 03 01 03 46 00 000   -0.66    -5.12     3.05  -672.00     15.20     18.80    1.30    102247.0
 2023 03 01 03 47 00 000   -0.73    -5.15     2.94  -672.00     15.20     18.80    1.30    102247.0
 2023 03 01 03 48 00 000   -0.52    -5.35     2.62  -677.20      6.90     15.90    1.15     90423.0
 2023 03 01 03 49 00 000   -0.52    -5.27     2.73  -677.20      6.90     15.90    1.15     90423.0
 2023 03 01 03 50 00 000   -0.85    -5.35     2.48  -677.20      6.90     15.90    1.15     90423.0
 2023 03 01 03 51 00 000   -0.96    -5.31     2.52  -681.70      2.00     14.10    1.26    104096.0
 2023 03 01 03 52 00 000   -1.10    -5.35     2.18  -681.70      2.00     14.10    1.26    104096.0
 2023 03 01 03 53 00 000   -1.00    -5.36     2.20  -681.70      2.00     14.10    1.26    104096.0
 2023 03 01 03 54 00 000    0.13    -5.39     2.36  -681.70      2.00     14.10    1.26    104096.0
 2023 03 01 03 55 00 000    0.67    -5.53     2.21  -655.30     16.70      5.50    1.47    162148.0
 2023 03 01 03 56 00 000   -0.01    -5.48     2.09  -655.30     16.70      5.50    1.47    162148.0
 2023 03 01 03 57 00 000   -0.75    -5.34     2.33  -669.40     10.50     12.70    1.37    129195.0
 2023 03 01 03 58 00 000   -0.67    -5.39     2.22  -673.40      8.70     14.70    1.34    119967.0
 2023 03 01 03 59 00 000   -0.60    -5.59     1.62  -673.40      8.70     14.70    1.34    119967.0
 2023 03 01 04 00 00 000   -1.14    -5.59     1.14  -671.20     18.60     18.70    1.40    136791.0
 2023 03 01 04 01 00 000   -0.88    -5.32     2.19  -671.20     18.60     18.70    1.40    136791.0
 2023 03 01 04 02 00 000   -0.91    -5.38     2.04  -671.20     11.70     17.70    1.47    137828.0
 2023 03 01 04 03 00 000   -1.09    -5.32     1.91  -671.20     11.70     17.70    1.47    137828.0
 2023 03 01 04 04 00 000   -0.52    -5.47     1.79  -671.20     11.70     17.70    1.47    137828.0
 2023 03 01 04 05 00 000   -0.63    -5.36     2.27  -667.80     10.00     16.50    1.37    107843.0
 2023 03 01 04 06 00 000   -0.76    -5.39     2.42  -667.80     10.00     16.50    1.37    107843.0
 2023 03 01 04 07 00 000   -0.89    -5.23     2.75  -667.80     10.00     16.50    1.37    107843.0
 2023 03 01 04 08 00 000   -0.48    -5.33     2.61  -667.40     14.90     22.90    1.17     96075.0
 2023 03 01 04 09 00 000   -0.50    -5.28     2.73  -667.40     14.90     22.90    1.17     96075.0
 2023 03 01 04 10 00 000   -0.25    -5.24     2.74  -667.40     14.90     22.90    1.17     96075.0
 2023 03 01 04 11 00 000   -0.28    -5.18     2.75  -664.20     20.20     14.90    1.20    105759.0
 2023 03 01 04 12 00 000   -0.20    -5.24     2.65  -664.20     20.20     14.90    1.20    105759.0
 2023 03 01 04 13 00 000   -0.64    -5.26     2.53  -669.30     11.30     21.10    1.25    101354.0
 2023 03 01 04 14 00 000   -0.61    -5.38     2.23  -669.30     11.30     21.10    1.25    101354.0
 2023 03 01 04 15 00 000   -0.61    -5.46     2.07  -669.30     11.30     21.10    1.25    101354.0
 2023 03 01 04 16 00 000    0.33    -4.83     3.27  -659.90     22.70     22.60    1.26     98892.0
 2023 03 01 04 17 00 000    0.24    -4.92     3.15  -659.90     22.70     22.60    1.26     98892.0
 2023 03 01 04 18 00 000    0.14    -4.94     3.11  -659.90     22.70     22.60    1.26     98892.0
 2023 03 01 04 19 00 000    0.16    -5.25     2.50  -659.90     22.70     22.60    1.26     98892.0
 2023 03 01 04 20 00 000    0.26    -5.19     2.66  -651.90     18.10     23.50    1.28    146151.0
 2023 03 01 04 21 00 000    0.04    -5.26     2.53  -653.40     17.50     23.50    1.28    142793.0
 2023 03 01 04 22 00 000   -0.25    -5.40     2.12  -664.90     12.60     23.10    1.30    116384.0
 2023 03 01 04 23 00 000    0.03    -5.11     2.72  -664.90     12.60     23.10    1.30    116384.0
 2023 03 01 04 24 00 000    0.49    -5.03     2.89  -656.10     26.10     13.60    1.27    105354.0
 2023 03 01 04 25 00 000    0.09    -5.18     2.58  -656.10     26.10     13.60    1.27    105354.0
 2023 03 01 04 26 00 000    0.18    -5.27     2.39  -660.20     16.40     22.20    1.26     92513.0
 2023 03 01 04 27 00 000    0.53    -5.32     2.13  -662.80     10.20     27.70    1.25     84399.0
 2023 03 01 04 28 00 000    0.07    -5.42     1.97  -662.80     10.20     27.70    1.25     84399.0
 2023 03 01 04 29 00 000   -0.12    -5.34     2.03  -662.80     10.20     27.70    1.25     84399.0
 2023 03 01 04 30 00 000    0.01    -5.35     2.02  -663.50      6.40     18.10    1.39    112125.0
 2023 03 01 04 31 00 000   -0.36    -5.33     1.94  -663.50      6.40     18.10    1.39    112125.0
 2023 03 01 04 32 00 000    0.26    -5.26     2.13  -656.20     13.70     15.90    1.41     96268.0
 2023 03 01 04 33 00 000    0.82    -5.16     2.29  -656.20     13.70     15.90    1.41     96268.0
 2023 03 01 04 34 00 000    0.22    -5.27     2.21  -656.20     13.70     15.90    1.41     96268.0
 2023 03 01 04 35 00 000    0.03    -5.21     2.35  -657.90     13.30     17.50    1.44    112960.0
 2023 03 01 04 36 00 000    0.48    -5.02     2.67  -657.90     13.30     17.50    1.44    112960.0
 2023 03 01 04 37 00 000    0.51    -4.99     2.71  -657.90     13.30     17.50    1.44    112960.0
 2023 03 01 04 38 00 000   -0.06    -5.10     2.60  -661.30     12.40     22.10    1.41    120452.0
 2023 03 01 04 39 00 000   -0.45    -5.16     2.42  -661.30     12.40     22.10    1.41    120452.0
 2023 03 01 04 40 00 000   -1.06    -5.19     2.31  -661.30     12.40     22.10    1.41    120452.0
 2023 03 01 04 41 00 000   -0.73    -5.29     2.19  -661.30     12.40     22.10    1.41    120452.0
 2023 03 01 04 42 00 000   -1.03    -5.36     1.89  -661.30     12.40     22.10    1.41    120452.0
 2023 03 01 04 43 00 000   -0.80    -5.27     2.12  -671.50      8.10     16.80    1.36    120993.0
 2023 03 01 04 44 00 000   -0.31    -5.11     2.50  -671.50      8.10     16.80    1.36    120993.0
 2023 03 01 04 45 00 000   -0.34    -5.15     2.55  -671.50      8.10     16.80    1.36    120993.0
 2023 03 01 04 46 00 000   -0.74    -5.35     2.08  -671.50      8.10     16.80    1.36    120993.0
 2023 03 01 04 47 00 000   -0.73    -5.37     2.03  -671.50      8.10     16.80    1.36    120993.0
 2023 03 01 04 48 00 000    0.21    -5.00     2.73  -661.70     12.30     13.10    1.30    137771.0
 2023 03 01 04 49 00 000   -0.35    -5.23     2.24  -661.70     12.30     13.10    1.30    137771.0
 2023 03 01 04 50 00 000   -0.45    -5.22     2.23  -672.30     10.00     19.60    1.23     96268.0
 2023 03 01 04 51 00 000    0.66    -5.11     2.32  -661.00     14.00     19.20    1.30    105470.0
 2023 03 01 04 52 00 000    0.42    -5.16     2.20  -649.30     17.70     18.90    1.36    115641.0
 2023 03 01 04 53 00 000    0.23    -5.19     2.14  -660.80      7.20     21.60    1.21    100871.0
 2023 03 01 04 54 00 000    1.22    -4.85     2.60  -659.00      8.10     21.60    1.18     96104.0
 2023 03 01 04 55 00 000    0.90    -4.84     2.58  -647.90     17.50     21.60    1.30    106417.0
 2023 03 01 04 56 00 000    1.16    -4.65     2.90  -647.90     17.50     21.60    1.30    106417.0
 2023 03 01 04 57 00 000    0.47    -4.77     2.88  -647.90     17.50     21.60    1.30    106417.0
 2023 03 01 04 58 00 000    0.40    -4.85     2.76  -647.90     17.50     21.60    1.30    106417.0
 2023 03 01 04 59 00 000    0.40    -4.87     2.66  -663.60     17.20     22.50    1.37    108457.0
 2023 03 01 05 00 00 000    0.03    -5.07     2.34  -663.60     17.20     22.50    1.37    108457.0
 2023 03 01 05 01 00 000   -0.12    -5.33     1.73  -664.90     13.70     20.10    1.34    105742.0
 2023 03 01 05 02 00 000   -0.21    -5.26     1.76  -669.70      0.00     11.00    1.24     95209.0
 2023 03 01 05 03 00 000    0.37    -5.08     2.40  -657.50      9.50     23.30    1.41    142959.0
 2023 03 01 05 04 00 000    0.33    -4.93     2.57  -654.00     10.10     25.00    1.38    130126.0
 2023 03 01 05 05 00 000    0.47    -5.02     2.42  -650.10     11.00     25.70    1.31    106197.0
 2023 03 01 05 06 00 000    0.57    -5.01     2.40  -649.30     12.60     26.30    1.35    116509.0
 2023 03 01 05 07 00 000    0.68    -4.89     2.66  -655.20     16.60     13.20    1.34     76417.0
 2023 03 01 05 08 00 000    0.65    -4.84     2.77  -656.30     15.90     13.60    1.32     81462.0
 2023 03 01 05 09 00 000    0.59    -4.66     3.04  -658.40     14.60     18.00    1.26     95355.0
 2023 03 01 05 10 00 000    0.60    -4.54     3.11  -653.20     17.90     29.30    1.29    102453.0
 2023 03 01 05 11 00 000    1.28    -4.78     2.67  -643.10     21.00     27.50    1.27    104213.0
 2023 03 01 05 12 00 000    1.34    -4.75     2.64  -639.80     19.70     29.00    1.28    100548.0
 2023 03 01 05 13 00 000    0.99    -4.99     2.53  -646.80     19.80     26.10    1.30    110930.0
 2023 03 01 05 14 00 000    2.21    -4.80     1.95  -646.80     19.80     26.10    1.30    110930.0
 2023 03 01 05 16 00 000    2.17    -4.77     2.07  -646.80     19.80     26.10    1.30    110930.0
 2023 03 01 05 17 00 000    1.61    -4.47     2.95  -646.80     19.80     26.10    1.30    110930.0
 2023 03 01 05 18 00 000    1.36    -4.30     3.39  -646.80     19.80     26.10    1.30    110930.0
 2023 03 01 05 19 00 000    2.48    -4.32     1.58  -646.80     19.80     26.10    1.30    110930.0
 2023 03 01 05 20 00 000    2.82    -4.44     1.22  -646.80     19.80     26.10    1.30    110930.0
 2023 03 01 05 21 00 000    2.90    -4.60     0.78  -610.70      4.70     -2.80    1.18     75162.0
 2023 03 01 05 22 00 000    2.52    -4.90     0.61  -611.70      4.90     -1.80    1.31     90176.0
 2023 03 01 05 23 00 000    2.52    -4.90     0.62  -612.90      5.00     -0.70    1.45    107435.0
 2023 03 01 05 24 00 000    2.24    -4.98     1.20  -612.90      5.00     -0.70    1.45    107435.0
 2023 03 01 05 25 00 000    1.67    -5.17     1.36  -612.90      5.00     -0.70    1.45    107435.0
 2023 03 01 05 26 00 000    1.87    -5.08     1.35  -612.90      5.00     -0.70    1.45    107435.0
 2023 03 01 05 27 00 000    2.93    -4.52     1.51  -612.90      5.00     -0.70    1.45    107435.0
 2023 03 01 05 28 00 000    2.59    -4.81     1.13  -612.90      5.00     -0.70    1.45    107435.0
 2023 03 01 05 29 00 000    2.85    -4.73     1.08  -612.90      5.00     -0.70    1.45    107435.0
 2023 03 01 05 30 00 000    2.85    -4.73     1.08  -612.90      5.00     -0.70    1.45    107435.0
 2023 03 01 05 31 00 000    2.34    -4.97     1.14  -612.90      5.00     -0.70    1.45    107435.0
 2023 03 01 05 32 00 000    3.18    -4.54     0.78  -612.90      5.00     -0.70    1.45    107435.0
 2023 03 01 05 33 00 000    3.05    -4.57     1.16  -612.90      5.00     -0.70    1.45    107435.0
 2023 03 01 05 34 00 000    3.07    -4.55     1.17  -612.90      5.00     -0.70    1.45    107435.0
 2023 03 01 05 35 00 000    3.18    -4.47     1.24  -612.90      5.00     -0.70    1.45    107435.0
 2023 03 01 05 36 00 000    2.82    -4.76     1.04  -612.90      5.00     -0.70    1.45    107435.0
 2023 03 01 05 37 00 000    2.96    -4.63     1.03  -612.90      5.00     -0.70    1.45    107435.0
 2023 03 01 05 38 00 000    2.94    -4.64     1.07  -612.90      5.00     -0.70    1.45    107435.0
 2023 03 01 05 40 00 000    3.13    -4.52     1.07  -612.90      5.00     -0.70    1.45    107435.0
 2023 03 01 05 41 00 000    2.75    -4.68     1.34  -609.60      8.40      1.20    1.61    129413.0
 2023 03 01 05 42 00 000    2.84    -4.70     1.15  -609.60      8.40      1.20    1.61    129413.0
 2023 03 01 05 43 00 000    3.00    -4.76     0.88  -609.60      8.40      1.20    1.61    129413.0
 2023 03 01 05 44 00 000    3.26    -4.61     0.20  -609.60      8.40      1.20    1.61    129413.0
 2023 03 01 05 45 00 000    3.20    -4.68     0.55  -606.40      5.90      5.70    1.41     89769.0
 2023 03 01 05 46 00 000    3.12    -4.61     0.88  -605.70      5.90      0.80    1.40     87362.0
 2023 03 01 05 47 00 000    2.87    -4.61     1.54  -597.70     12.50     -0.60    1.29     68395.0
 2023 03 01 05 48 00 000    3.00    -4.42     1.67  -612.10     12.30     18.70    1.43     95558.0
 2023 03 01 05 49 00 000    3.15    -4.37     1.59  -611.50      9.70     13.40    1.30     83435.0
 2023 03 01 05 50 00 000    3.25    -4.26     1.43  -606.20     18.00     15.50    1.45     94731.0
 2023 03 01 05 51 00 000    3.47    -3.97     1.75  -601.00     22.10     15.00    1.45     83214.0
 2023 03 01 05 52 00 000    2.61    -4.42     2.19  -603.50     25.80     16.40    1.40     82009.0
 2023 03 01 05 53 00 000    2.50    -4.61     2.25  -620.60     28.70     28.00    1.46    100439.0
 2023 03 01 05 54 00 000    2.42    -4.57     2.39  -608.10     17.60     14.70    1.57    114767.0
 2023 03 01 05 55 00 000    3.92    -3.97     1.35  -601.00     19.10     10.40    1.62    115668.0
 2023 03 01 05 56 00 000    3.98    -3.98     1.32  -601.00     19.10     10.40    1.62    115668.0
 2023 03 01 05 57 00 000    3.69    -4.15     1.37  -601.00     19.10     10.40    1.62    115668.0
 2023 03 01 05 58 00 000    3.38    -4.33     1.62  -601.00     19.10     10.40    1.62    115668.0
 2023 03 01 05 59 00 000    3.38    -4.33     1.62  -601.00     19.10     10.40    1.62    115668.0
 2023 03 01 06 00 00 000    3.93    -3.95     1.40  -601.00     19.10     10.40    1.62    115668.0
 2023 03 01 06 01 00 000    3.44    -4.29     1.64  -601.00     19.10     10.40    1.62    115668.0
 2023 03 01 06 02 00 000    3.67    -4.28     1.33  -596.20     23.60     19.90    1.70     98648.0
 2023 03 01 06 03 00 000    3.96    -4.04     1.07  -596.20     23.60     19.90    1.70     98648.0
 2023 03 01 06 04 00 000    3.71    -4.20     1.32  -596.20     23.60     19.90    1.70     98648.0
 2023 03 01 06 05 00 000    3.80    -4.13     1.32  -596.20     23.60     19.90    1.70     98648.0
 2023 03 01 06 06 00 000    4.20    -3.83     0.99  -596.20     23.60     19.90    1.70     98648.0
 2023 03 01 06 07 00 000    3.98    -3.99     1.16  -596.20     23.60     19.90    1.70     98648.0
 2023 03 01 06 08 00 000    3.94    -4.05     1.13  -596.20     23.60     19.90    1.70     98648.0
 2023 03 01 06 09 00 000    3.92    -4.08     1.12  -594.20     20.80     18.10    1.38     57095.0
 2023 03 01 06 10 00 000    3.84    -4.10     1.22  -594.20     20.80     18.10    1.38     57095.0
 2023 03 01 06 11 00 000    3.19    -4.36     1.71  -594.20     20.80     18.10    1.38     57168.0
 2023 03 01 06 12 00 000    2.94    -4.46     1.98  -618.70     23.20     31.60    1.53    119859.0
 2023 03 01 06 13 00 000    2.50    -4.63     2.31  -618.70     23.20     31.60    1.53    119859.0
 2023 03 01 06 14 00 000    2.69    -4.54     2.28  -618.70     23.20     31.60    1.53    119859.0
 2023 03 01 06 15 00 000    2.81    -4.47     2.20  -618.70     23.20     31.60    1.53    119859.0
 2023 03 01 06 16 00 000    2.62    -4.91     1.54  -600.60     19.60     20.10    1.61     99824.0
 2023 03 01 06 17 00 000    2.26    -4.96     1.76  -600.60     19.60     20.10    1.61     99824.0
 2023 03 01 06 18 00 000    2.21    -5.01     1.54  -608.30     27.10     25.40    1.84    145083.0
 2023 03 01 06 19 00 000    2.26    -4.89     1.95  -608.30     27.10     25.40    1.84    145083.0
 2023 03 01 06 20 00 000    2.91    -4.64     1.57  -608.30     27.10     25.40    1.84    145083.0
 2023 03 01 06 21 00 000    2.58    -4.64     2.04  -608.30     27.10     25.40    1.84    145083.0
 2023 03 01 06 22 00 000    2.93    -4.65     1.64  -608.30     27.10     25.40    1.84    145083.0
 2023 03 01 06 23 00 000    2.70    -4.56     2.00  -618.30     20.60     26.90    1.48    109976.0
 2023 03 01 06 24 00 000    3.28    -4.44     1.52  -617.10     19.80     25.90    1.47    106338.0
 2023 03 01 06 25 00 000    2.34    -4.60     2.38  -596.70     18.30     16.20    1.48     86334.0
 2023 03 01 06 26 00 000    2.62    -4.74     1.86  -596.50     18.30     16.10    1.48     86262.0
 2023 03 01 06 27 00 000    2.20    -4.80     2.22  -596.50     18.30     16.10    1.48     86262.0
 2023 03 01 06 28 00 000    2.74    -4.71     1.83  -596.50     18.30     16.10    1.48     86262.0
 2023 03 01 06 29 00 000    2.76    -4.64     1.96  -596.50     18.30     16.10    1.48     86262.0
 2023 03 01 06 30 00 000    2.86    -4.54     2.01  -613.20     18.90     20.90    1.51     96172.0
 2023 03 01 06 31 00 000    3.58    -4.22     1.57  -613.10     19.10     21.00    1.51     96883.0
 2023 03 01 06 32 00 000    2.91    -4.51     1.99  -600.90     25.10     19.90    1.66    113726.0
 2023 03 01 06 33 00 000    2.78    -4.56     1.95  -593.70     24.70     13.40    1.66    100122.0
 2023 03 01 06 34 00 000    2.70    -4.64     1.96  -593.70     24.70     13.40    1.66    100122.0
 2023 03 01 06 35 00 000    3.05    -4.19     2.33  -593.70     24.70     13.40    1.66    100122.0
 2023 03 01 06 36 00 000    3.08    -4.22     2.32  -593.70     24.70     13.40    1.66    100122.0
 2023 03 01 06 37 00 000    3.10    -4.17     2.31  -593.20     27.00     18.70    1.59     92540.0
 2023 03 01 06 38 00 000    3.08    -4.19     2.32  -593.50     27.00     18.80    1.59     92755.0
 2023 03 01 06 39 00 000    3.08    -4.20     2.31  -621.50     26.70     27.20    1.56    111917.0
 2023 03 01 06 40 00 000    2.86    -4.18     2.53  -621.50     26.70     27.20    1.56    111917.0
 2023 03 01 06 41 00 000    2.96    -4.29     2.26  -621.50     26.70     27.20    1.56    111917.0
 2023 03 01 06 42 00 000    2.81    -4.51     2.13  -597.80     24.30     19.20    1.56     95214.0
 2023 03 01 06 43 00 000    2.80    -4.40     2.31  -606.40     18.10     23.30    1.55     96568.0
 2023 03 01 06 44 00 000    2.12    -4.69     2.67  -614.90     27.40     23.40    1.59    126977.0
 2023 03 01 06 45 00 000    2.86    -4.38     2.27  -615.10     28.30     23.20    1.59    128966.0
 2023 03 01 06 46 00 000    2.50    -4.62     2.21  -615.10     28.30     23.20    1.59    128966.0
 2023 03 01 06 47 00 000    1.99    -4.51     3.07  -615.10     28.30     23.20    1.59    128966.0
 2023 03 01 06 48 00 000    2.36    -4.58     2.57  -615.10     28.30     23.20    1.59    128966.0
 2023 03 01 06 49 00 000    1.97    -4.99     2.13  -606.20     21.00     18.10    1.56    102395.0
 2023 03 01 06 50 00 000    2.06    -5.12     2.01  -615.70     15.40     11.50    1.53    108564.0
 2023 03 01 06 51 00 000    2.16    -5.27     1.52  -611.20     13.00      6.00    1.50    101432.0
 2023 03 01 06 52 00 000    2.36    -5.09     1.50  -617.80     10.10      5.50    1.47    111382.0
 2023 03 01 06 53 00 000    2.07    -5.05     1.94  -623.50     12.70     -5.70    1.57    144741.0
 2023 03 01 06 54 00 000    2.12    -4.96     2.15  -623.70     12.90     -6.30    1.58    146627.0
 2023 03 01 06 55 00 000    1.05    -4.75     3.27  -623.70     12.90     -6.30    1.58    146627.0
 2023 03 01 06 56 00 000    1.64    -4.32     3.43  -627.80     27.80     31.40    1.62    126963.0
 2023 03 01 06 57 00 000    1.45    -4.58     3.44  -628.60     29.80     29.60    1.59    130875.0
 2023 03 01 06 58 00 000    2.69    -4.54     2.77  -629.70     31.10     27.80    1.57    132484.0
 2023 03 01 06 59 00 000    2.17    -5.07     1.69  -631.10     30.80     27.70    1.55    127988.0
 2023 03 01 07 00 00 000    2.21    -5.02     1.85  -594.60     10.80    -32.90    1.31     88053.0
 2023 03 01 07 01 00 000    2.71    -4.99     1.53  -602.60     12.60    -10.20    1.53    120675.0
 2023 03 01 07 02 00 000    3.28    -4.61     0.92  -617.60     15.70      3.50    1.49    140211.0
 2023 03 01 07 03 00 000    3.16    -4.72     1.41  -620.90     16.40      3.60    1.44    140381.0
 2023 03 01 07 04 00 000    4.06    -3.99     1.55  -576.90     52.50      4.20    1.64    107639.0
 2023 03 01 07 05 00 000    4.22    -4.23     0.94  -580.40     47.30      0.50    1.65    107795.0
 2023 03 01 07 06 00 000    4.32    -4.31     0.09  -589.40     33.70     -9.20    1.69    108201.0
 2023 03 01 07 07 00 000    3.99    -4.55     0.25  -589.40     33.70     -9.20    1.69    108201.0
 2023 03 01 07 08 00 000    4.27    -4.22     0.49  -589.40     33.70     -9.20    1.69    108201.0
 2023 03 01 07 09 00 000    4.34    -4.08     0.52  -585.00     28.00     -5.00    1.81     92635.0
 2023 03 01 07 10 00 000    3.83    -4.36     1.85  -585.00     28.00     -5.00    1.81     92635.0
 2023 03 01 07 11 00 000    3.72    -4.43     1.26  -606.30     27.40     16.00    1.71    119697.0
 2023 03 01 07 12 00 000    3.93    -4.31     1.40  -606.30     27.40     16.00    1.71    119697.0
 2023 03 01 07 13 00 000    3.74    -4.36     1.97  -606.30     27.40     16.00    1.71    119697.0
 2023 03 01 07 14 00 000    3.31    -4.47     2.17  -609.30     36.40     13.60    1.60    118428.0
 2023 03 01 07 15 00 000    4.11    -4.19     1.47  -603.70     35.40      8.00    1.56    116501.0
 2023 03 01 07 16 00 000    2.96    -4.54     2.79  -599.60     39.70     -6.00    1.55    114544.0
 2023 03 01 07 17 00 000    2.93    -4.35     3.31  -608.90     39.40     -5.30    1.43    104146.0
 2023 03 01 07 18 00 000    3.01    -4.26     3.60  -606.40     37.40     31.70    1.41    119913.0
 2023 03 01 07 19 00 000    2.86    -4.16     3.84  -606.40     37.40     31.70    1.41    119913.0
 2023 03 01 07 20 00 000    2.81    -4.29     3.72  -606.40     37.40     31.70    1.41    119913.0
 2023 03 01 07 21 00 000    2.79    -4.30     3.77  -607.00     44.70     26.80    1.16     83857.0
 2023 03 01 07 22 00 000    2.86    -4.80     3.06  -608.90     37.70     26.70    1.22     90092.0
 2023 03 01 07 23 00 000    2.98    -5.19     2.31  -610.40     32.30     26.60    1.27     94922.0
 2023 03 01 07 24 00 000    3.51    -4.77     2.46  -607.00     17.50     -0.60    1.14     85442.0
 2023 03 01 07 25 00 000    3.62    -4.58     2.68  -607.00     17.50     -0.60    1.14     85442.0
 2023 03 01 07 26 00 000    3.71    -4.69     2.39  -598.80     15.10      5.70    1.09     72680.0
 2023 03 01 07 27 00 000    3.58    -4.70     2.53  -598.80     15.10      5.70    1.09     72680.0
 2023 03 01 07 28 00 000    3.42    -4.76     2.67  -598.80     15.10      5.70    1.09     72680.0
 2023 03 01 07 29 00 000    3.33    -4.79     2.73  -599.90     25.20     14.20    1.31    117768.0
 2023 03 01 07 30 00 000    3.59    -4.37     3.13  -599.90     25.20     14.20    1.31    117768.0
 2023 03 01 07 31 00 000    2.94    -4.73     3.29  -608.40     31.90     19.20    1.19    100218.0
 2023 03 01 07 32 00 000    2.91    -4.12     4.10  -613.70     36.10     22.40    1.12     89164.0
 2023 03 01 07 33 00 000    3.03    -4.80     3.08  -607.90     37.00     33.70    1.32    121206.0
 2023 03 01 07 34 00 000    3.15    -5.03     2.62  -605.60     31.80     27.60    1.29    110855.0
 2023 03 01 07 35 00 000    3.01    -5.01     2.75  -603.40     21.30     12.40    1.19     89840.0
 2023 03 01 07 36 00 000    2.88    -5.29     2.39  -609.00     21.10      6.00    1.22     95401.0
 2023 03 01 07 38 00 000    3.19    -5.14     2.35  -607.30     29.10      4.10    1.15     90470.0
 2023 03 01 07 39 00 000    2.98    -5.20     2.47  -607.30     29.10      4.10    1.15     90470.0
 2023 03 01 07 42 00 000    2.30    -5.19     3.06  -607.30     29.10      4.10    1.15     90470.0
 2023 03 01 07 43 00 000    3.09    -4.97     2.65  -604.40     29.70      3.40    1.20     91455.0
 2023 03 01 07 44 00 000    4.22    -4.56     1.51  -604.40     29.70      3.40    1.20     91455.0
 2023 03 01 07 45 00 000    4.15    -4.77     1.31  -603.70     28.80      2.30    1.20     90079.0
 2023 03 01 07 46 00 000    4.21    -4.78     1.16  -593.90     16.40    -14.40    1.14     70061.0
 2023 03 01 07 47 00 000    4.24    -4.72     1.44  -594.10     17.10    -14.30    1.15     71406.0
 2023 03 01 07 48 00 000    4.45    -4.67    -0.01  -597.70     27.90    -12.70    1.36     93252.0
 2023 03 01 07 49 00 000    4.43    -4.66    -0.60  -597.70     27.90    -12.90    1.36     93223.0
 2023 03 01 07 50 00 000    3.77    -5.07    -0.36  -592.00     29.60    -47.20    1.18     87408.0
 2023 03 01 07 51 00 000    3.75    -5.04    -1.51  -602.10     22.40    -47.40    1.25     87188.0
 2023 03 01 07 52 00 000    3.19    -5.01    -2.36  -610.90     15.20    -67.10    1.30     98148.0
 2023 03 01 07 53 00 000    4.05    -5.02    -0.49  -614.90     11.70    -80.00    1.33    105354.0
 2023 03 01 07 54 00 000    3.71    -5.11    -1.19  -603.80     20.80    -57.60    1.28     96027.0
 2023 03 01 07 55 00 000    3.38    -5.39    -0.71  -603.70     19.60    -54.60    1.28     95000.0
 2023 03 01 07 56 00 000    3.99    -4.93    -0.80  -602.50      9.20    -28.00    1.24     85897.0
 2023 03 01 07 57 00 000    4.14    -4.93    -0.81  -596.00      8.20    -37.80    1.34     94352.0
 2023 03 01 07 58 00 000    4.29    -4.83    -0.47  -593.70      9.00    -40.10    1.32     88669.0
 2023 03 01 07 59 00 000    3.29    -5.62    -0.04  -593.00     10.50    -39.60    1.24     76504.0
 2023 03 01 08 00 00 000    3.17    -5.74     0.28  -613.90      5.30    -16.80    1.35    118743.0
 2023 03 01 08 01 00 000    3.22    -5.67     0.76  -608.40     -0.20    -15.70    1.43    123418.0
 2023 03 01 08 02 00 000    2.58    -5.89     1.36  -611.90      9.90    -16.40    1.37    115117.0
 2023 03 01 08 03 00 000    3.26    -5.65     0.66  -612.10     10.20    -16.40    1.37    114850.0
 2023 03 01 08 04 00 000    3.53    -5.41     1.35  -609.30     17.20      3.80    1.14     76031.0
 2023 03 01 08 05 00 000    2.72    -5.50     2.16  -608.50     15.90      1.60    1.23     79418.0
 2023 03 01 08 06 00 000    2.79    -5.43     2.35  -614.20     17.10      1.80    1.30     91867.0
 2023 03 01 08 07 00 000    2.80    -5.46     2.29  -612.70     22.50      3.80    1.39    116924.0
 2023 03 01 08 08 00 000    2.36    -5.39     2.82  -607.50     21.80      5.10    1.40    108953.0
 2023 03 01 08 09 00 000    1.98    -5.22     3.33  -620.50     27.10     18.00    1.44     98697.0
 2023 03 01 08 10 00 000    2.73    -5.12     3.05  -620.50     27.10     18.00    1.44     98697.0
 2023 03 01 08 11 00 000    3.45    -4.90     2.63  -599.60     26.40     10.50    1.59    109896.0
 2023 03 01 08 12 00 000    4.61    -4.48     0.55  -599.60     26.40     10.50    1.59    109896.0
 2023 03 01 08 13 00 000    4.88    -4.79    -0.60  -599.60     26.40     10.50    1.59    109896.0
 2023 03 01 08 14 00 000    4.95    -4.71    -0.69  -599.80     35.90    -43.50    1.17     62924.0
 2023 03 01 08 15 00 000    4.76    -4.98    -0.20  -599.70     35.10    -40.30    1.17     68167.0
 2023 03 01 08 16 00 000    4.59    -5.23     0.19  -599.40     33.10    -32.10    1.18     81040.0
 2023 03 01 08 17 00 000    4.56    -5.33     0.24  -602.10     28.70    -27.10    1.08     57916.0
 2023 03 01 08 18 00 000    4.41    -5.41     0.69  -602.60     28.20    -22.40    1.09     64017.0
 2023 03 01 08 19 00 000    3.24    -5.58     2.07  -602.70     28.10    -21.10    1.09     65725.0
 2023 03 01 08 20 00 000    3.45    -5.69     1.75  -603.00     27.90    -17.30    1.12     68058.0
 2023 03 01 08 21 00 000    2.36    -5.69     3.23  -632.10     41.50     -2.80    1.11     77306.0
 2023 03 01 08 22 00 000    1.85    -5.69     3.74  -646.60     48.30      4.50    1.10     81932.0
 2023 03 01 08 23 00 000    3.31    -5.62     2.26  -617.70     42.40     -6.50    1.07     58877.0
 2023 03 01 08 24 00 000    3.21    -5.57     2.48  -613.20     46.30    -19.80    1.15     63718.0
 2023 03 01 08 25 00 000    2.69    -5.54     3.13  -620.20     37.00     -2.90    1.20     81806.0
 2023 03 01 08 26 00 000    1.75    -5.53     3.84  -632.60     38.70      2.80    1.30     89057.0
 2023 03 01 08 27 00 000    0.85    -5.31     4.32  -636.70     40.50      4.60    1.23     81925.0
 2023 03 01 08 28 00 000    0.93    -5.45     4.19  -643.30     43.50      8.30    1.07     64732.0
 2023 03 01 08 29 00 000    0.77    -5.40     4.22  -643.30     43.50      8.30    1.07     64732.0
 2023 03 01 08 30 00 000   -0.05    -5.03     4.81  -640.40     37.60      2.70    1.12     68302.0
 2023 03 01 08 31 00 000   -0.11    -4.92     4.96  -644.20     39.20      5.40    1.13     65197.0
 2023 03 01 08 32 00 000   -0.05    -4.92     4.99  -648.60     41.00      8.50    1.15     61560.0
 2023 03 01 08 33 00 000   -0.23    -4.84     5.04  -648.60     41.00      8.50    1.15     61560.0
 2023 03 01 08 34 00 000   -0.03    -5.15     4.70  -642.90     41.00      6.60    1.15     66927.0
 2023 03 01 08 35 00 000    0.01    -4.99     4.77  -642.90     41.00      6.60    1.15     66927.0
 2023 03 01 08 36 00 000   -0.11    -4.48     5.23  -642.90     41.00      6.60    1.15     66927.0
 2023 03 01 08 37 00 000   -0.10    -4.76     5.02  -646.10     38.00     20.80    1.10     85897.0
 2023 03 01 08 38 00 000   -0.09    -4.75     5.01  -646.10     38.00     20.80    1.10     85897.0
 2023 03 01 08 39 00 000   -0.07    -4.93     4.83  -646.10     38.00     20.80    1.10     85897.0
 2023 03 01 08 40 00 000    0.03    -5.04     4.55  -646.10     38.00     20.80    1.10     85897.0
 2023 03 01 08 41 00 000   -0.05    -4.95     4.70  -646.10     38.00     20.80    1.10     85897.0
 2023 03 01 08 42 00 000   -0.37    -5.04     4.44  -646.70     37.60      9.90    1.41     91938.0
 2023 03 01 08 43 00 000   -0.48    -5.02     4.41  -652.80     37.40     12.60    1.43     91058.0
 2023 03 01 08 44 00 000   -0.61    -5.08     4.30  -652.80     37.40     12.60    1.43     91058.0
 2023 03 01 08 45 00 000   -0.45    -5.01     4.44  -652.80     37.40     12.60    1.43     91058.0
 2023 03 01 08 46 00 000   -0.34    -4.96     4.50  -652.80     37.40     12.60    1.43     91058.0
 2023 03 01 08 47 00 000   -0.37    -5.01     4.46  -659.10     39.60      7.10    1.65    109535.0
 2023 03 01 08 48 00 000   -0.45    -5.07     4.39  -658.40     40.50      8.60    1.54    104555.0
 2023 03 01 08 49 00 000   -0.46    -4.91     4.55  -656.70     42.70     12.20    1.26     92513.0
 2023 03 01 08 50 00 000   -0.28    -5.09     4.34  -656.00     34.50     12.00    1.51     96832.0
 2023 03 01 08 51 00 000   -0.41    -4.98     4.33  -651.00     36.00     12.50    1.51     96911.0
 2023 03 01 08 52 00 000   -0.22    -4.97     4.47  -654.50     45.60     -0.40    1.95     87152.0
 2023 03 01 08 53 00 000   -0.13    -4.94     4.50  -655.00     46.10     -1.20    1.98     86536.0
 2023 03 01 08 54 00 000   -0.27    -4.94     4.41  -653.90     40.40      6.60    1.74     89594.0
 2023 03 01 08 55 00 000   -0.25    -4.94     4.54  -654.20     39.50      9.20    1.63     93102.0
 2023 03 01 08 56 00 000   -0.21    -4.98     4.49  -653.90     41.50     12.90    1.53     89883.0
 2023 03 01 08 57 00 000   -1.14    -4.96     4.55  -655.00     43.10     13.70    1.52     95993.0
 2023 03 01 08 58 00 000   -1.13    -4.94     4.56  -657.90     37.80     17.40    1.17    123954.0
 2023 03 01 08 59 00 000   -1.13    -4.72     4.71  -638.90     30.60     10.00    1.15     95972.0
 2023 03 01 09 00 00 000   -0.83    -4.75     4.72  -648.80     29.30     11.50    1.15     97930.0
 2023 03 01 09 01 00 000   -0.95    -4.85     4.65  -652.90     28.90     12.20    1.15     99039.0
 2023 03 01 09 02 00 000   -1.13    -4.73     4.67  -652.90     28.90     12.20    1.15     99039.0
 2023 03 01 09 03 00 000   -0.96    -4.84     4.63  -653.60     36.80      4.70    1.22     90330.0
 2023 03 01 09 04 00 000   -1.02    -4.94     4.59  -653.60     36.80      4.70    1.22     90330.0
 2023 03 01 09 05 00 000   -0.81    -4.93     4.62  -653.60     36.80      4.70    1.22     90330.0
 2023 03 01 09 06 00 000   -0.46    -4.93     4.73  -651.40     32.80     10.00    1.13    103791.0
 2023 03 01 09 07 00 000   -0.40    -4.87     4.77  -649.20     32.90     10.20    1.14    104890.0
 2023 03 01 09 08 00 000   -0.14    -4.65     4.80  -640.30     33.60     11.60    1.16    110361.0
 2023 03 01 09 09 00 000    0.18    -4.69     4.72  -640.30     33.60     11.60    1.16    110361.0
 2023 03 01 09 10 00 000   -0.04    -4.70     4.67  -638.40     33.70      9.20    1.25    129245.0
 2023 03 01 09 15 00 000   -1.29    -4.27     4.91  -638.40     33.70      9.20    1.25    129245.0
 2023 03 01 09 16 00 000   -1.36    -3.89     4.73  -638.40     33.70      9.20    1.25    129245.0
 2023 03 01 09 17 00 000   -1.50    -3.48     4.52  -646.50     12.60     29.90    2.21    100513.0
 2023 03 01 09 18 00 000   -1.93    -2.18     4.25  -646.50     12.60     29.90    2.21    100513.0
 2023 03 01 09 19 00 000   -1.89    -2.36     4.15  -646.50     12.60     29.90    2.21    100513.0
 2023 03 01 09 20 00 000   -1.72    -2.72     4.29  -646.50     12.60     29.90    2.21    100513.0
 2023 03 01 09 21 00 000   -2.27    -2.22     4.24  -645.30     28.90     13.80    3.10    124645.0
 2023 03 01 09 22 00 000   -2.49    -2.26     3.99  -645.30     28.90     13.80    3.10    124645.0
 2023 03 01 09 23 00 000   -1.43    -3.56     3.37  -645.30     28.90     13.80    3.10    124645.0
 2023 03 01 09 24 00 000   -0.88    -3.71     3.47  -645.30     28.90     13.80    3.10    124645.0
 2023 03 01 09 25 00 000   -0.06    -3.12     3.58  -645.30     28.90     13.80    3.10    124645.0
 2023 03 01 09 26 00 000    1.43    -2.87     3.33  -619.90     55.10     14.40    4.11    129805.0
 2023 03 01 09 27 00 000    3.25    -3.94    -0.31  -620.00     46.30      5.10    3.89    119616.0
 2023 03 01 09 28 00 000    1.08    -3.74     1.78  -620.80     26.20    -10.50    3.58    112325.0
 2023 03 01 09 29 00 000    2.73    -4.12    -0.10  -615.60     17.80     -9.60    4.04    148271.0
 2023 03 01 09 30 00 000    2.75    -4.25    -0.04  -608.70     15.00    -17.30    4.10    149020.0
 2023 03 01 09 31 00 000    3.55    -4.03     0.09  -607.90     22.30    -25.00    3.22    137828.0
 2023 03 01 09 32 00 000    2.96    -4.17    -0.90  -610.40     19.90    -18.30    3.37    137010.0
 2023 03 01 09 33 00 000    4.20    -3.22    -0.48  -611.40     18.90    -15.60    3.44    136676.0
 2023 03 01 09 34 00 000    3.60    -4.11    -0.06  -602.20     28.70     -0.20    3.72    201981.0
 2023 03 01 09 35 00 000    2.21    -2.67    -0.24  -600.80     32.10    -13.40    3.84    198159.0
 2023 03 01 09 36 00 000    0.89    -4.11     2.09  -606.30     36.00    -31.20    4.09    157093.0
 2023 03 01 09 37 00 000    1.25    -4.57     2.41  -629.30     22.90     12.10    3.81     78661.0
 2023 03 01 09 38 00 000   -0.45    -4.16     3.22  -620.80     24.70      1.20    3.97    110826.0
 2023 03 01 09 39 00 000   -1.61    -3.03     3.30  -620.80     24.70      1.20    3.97    110826.0
 2023 03 01 09 40 00 000   -2.28    -3.01     3.50  -620.80     24.70      1.20    3.97    110826.0
 2023 03 01 09 41 00 000   -0.74    -3.90     3.53  -608.10     19.60      6.20    3.44     76546.0
 2023 03 01 09 42 00 000   -3.16    -2.41     3.88  -618.40     27.10      6.80    3.85     75996.0
 2023 03 01 09 43 00 000   -3.34    -1.84     4.03  -636.70     39.60      8.20    4.61     75850.0
 2023 03 01 09 44 00 000   -4.00    -0.37     3.77  -630.90     27.40     12.90    4.73     86674.0
 2023 03 01 09 46 00 000   -4.27     0.66     3.53  -630.90     27.40     12.90    4.73     86674.0
 2023 03 01 09 47 00 000   -4.16     0.01     4.38  -632.20     32.90     17.60    5.00    106113.0
 2023 03 01 09 48 00 000   -4.27    -0.16     4.35  -632.20     32.90     17.60    5.00    106113.0
 2023 03 01 09 49 00 000   -3.99     0.15     4.38  -632.20     32.90     17.60    5.00    106113.0
 2023 03 01 09 50 00 000   -3.89     0.99     4.10  -633.60     36.60     17.20    4.25     88197.0
 2023 03 01 09 51 00 000   -3.95     0.25     3.81  -635.20     35.70     14.60    4.30     88266.0
 2023 03 01 09 52 00 000   -4.35     0.88     2.96  -643.90     25.40      9.20    5.50     84943.0
 2023 03 01 09 53 00 000   -4.38     0.55     2.99  -638.10     22.80      8.40    4.93     85055.0
 2023 03 01 09 54 00 000   -4.14     2.35     2.58  -634.90     21.30      8.00    4.62     85116.0
 2023 03 01 09 55 00 000   -3.95     2.41     2.39  -635.80     36.60      2.40    4.21     89676.0
 2023 03 01 09 56 00 000   -2.91     3.67     1.41  -635.80     36.60      2.40    4.21     89676.0
 2023 03 01 09 57 00 000   -3.72     2.55     1.87  -634.90     38.70      4.70    4.74    111577.0
 2023 03 01 09 59 00 000   -3.98     1.81     2.30  -634.90     38.80      4.80    4.76    112385.0
 2023 03 01 10 02 00 000   -4.16    -0.09     3.13  -634.90     38.80      4.80    4.76    112385.0
 2023 03 01 10 03 00 000   -4.24     0.03     2.81  -634.90     38.80      4.80    4.76    112385.0
 2023 03 01 10 04 00 000   -4.26    -0.23     2.93  -629.70     13.30     12.20    5.29    107945.0
 2023 03 01 10 05 00 000   -4.29     0.05     2.88  -629.60     13.90     10.90    5.31    107446.0
 2023 03 01 10 06 00 000   -4.07    -0.18     3.21  -628.20     20.20     -2.80    5.53    102264.0
 2023 03 01 10 07 00 000   -3.90    -0.32     3.43  -626.70     22.40     -0.70    5.27     75109.0
 2023 03 01 10 08 00 000   -4.17     0.07     3.09  -626.40     22.90      0.10    5.20     68506.0
 2023 03 01 10 09 00 000   -4.48     0.38     2.93  -626.40     22.90      0.10    5.20     68506.0
 2023 03 01 10 10 00 000   -4.29     0.08     3.21  -618.30     15.80      3.80    5.04     74070.0
 2023 03 01 10 11 00 000   -4.26     0.13     3.29  -619.60     17.50      4.50    5.01     60468.0
 2023 03 01 10 12 00 000   -4.23    -0.40     3.35  -621.20     19.80      5.30    5.02     42850.0
 2023 03 01 10 13 00 000   -4.40    -0.33     3.38  -620.80     21.80      5.00    5.29     36851.0
 2023 03 01 10 14 00 000   -4.47    -0.41     3.42  -620.80     21.80      5.00    5.29     36851.0
 2023 03 01 10 15 00 000   -4.59    -0.00     3.41  -620.80     21.80      5.00    5.29     36851.0
 2023 03 01 10 16 00 000   -4.60     0.03     3.44  -620.80     21.80      5.00    5.29     36851.0
 2023 03 01 10 17 00 000   -4.48    -0.34     3.45  -620.80     21.80      5.00    5.29     36851.0
 2023 03 01 10 18 00 000   -4.79     0.02     3.58  -623.70     24.90      3.90    3.97     56761.0
 2023 03 01 10 19 00 000   -4.94     0.12     3.64  -623.70     24.90      3.90    3.97     56761.0
 2023 03 01 10 20 00 000   -4.96     0.24     3.56  -623.70     24.90      3.90    3.97     56761.0
 2023 03 01 10 21 00 000   -4.91     0.47     3.56  -622.30     23.60      6.80    3.67     48488.0
 2023 03 01 10 22 00 000   -4.81     0.45     3.60  -622.30     23.60      6.80    3.67     48488.0
 2023 03 01 10 23 00 000   -4.84     0.63     3.59  -622.30     23.60      6.80    3.67     48488.0
 2023 03 01 10 24 00 000   -4.84     0.56     3.61  -621.00     21.30      4.90    4.09     47297.0
 2023 03 01 10 25 00 000   -4.84     0.53     3.61  -621.00     21.30      4.90    4.09     47297.0
 2023 03 01 10 26 00 000   -4.87     0.49     3.55  -621.00     21.30      4.90    4.09     47297.0
 2023 03 01 10 27 00 000   -4.85     0.50     3.58  -621.00     21.30      4.90    4.09     47297.0
 2023 03 01 10 28 00 000   -4.83     0.56     3.62  -621.70     23.50      8.40    3.97     56169.0
 2023 03 01 10 29 00 000   -4.75     0.80     3.63  -621.70     23.50      8.40    3.97     56169.0
 2023 03 01 10 30 00 000   -4.70     0.91     3.69  -621.70     23.50      8.40    3.97     56169.0
 2023 03 01 10 31 00 000   -4.72     0.80     3.68  -621.70     23.50      8.40    3.97     56169.0
 2023 03 01 10 32 00 000   -4.80     0.64     3.58  -621.20     21.50      6.90    3.83     49245.0
 2023 03 01 10 33 00 000   -4.71     0.75     3.55  -621.20     21.50      6.90    3.83     49245.0
 2023 03 01 10 34 00 000   -4.41     0.97     3.45  -621.20     21.50      6.90    3.83     49245.0
 2023 03 01 10 35 00 000   -4.30     1.25     3.43  -621.20     21.50      6.90    3.83     49245.0
 2023 03 01 10 36 00 000   -4.46     0.70     3.24  -622.00     23.10      4.30    4.10     48317.0
 2023 03 01 10 37 00 000   -4.80    -0.16     3.25  -619.70     20.90      3.80    4.90     39596.0
 2023 03 01 10 38 00 000   -4.80     0.17     3.34  -617.70     19.60      3.20    5.69     33136.0
 2023 03 01 10 39 00 000   -4.66     0.14     3.20  -622.00     27.90      2.60    5.02     57475.0
 2023 03 01 10 40 00 000   -4.69     0.21     3.25  -616.80     20.60      0.40    6.29     30530.0
 2023 03 01 10 41 00 000   -4.80     0.11     3.35  -619.20     20.90      2.00    6.02     30362.0
 2023 03 01 10 42 00 000   -4.73     0.76     3.28  -620.20     19.20      3.80    5.43     30609.0
 2023 03 01 10 43 00 000   -4.81     1.12     3.03  -613.90     19.60      3.60    6.73     29672.0
 2023 03 01 10 44 00 000   -4.70     0.94     3.01  -615.10     20.20      1.20    7.54     28659.0
 2023 03 01 10 45 00 000   -4.68     0.96     2.99  -615.10     20.10      1.40    7.69     28953.0
 2023 03 01 10 46 00 000   -4.57     0.90     2.97  -615.40     19.90      1.50    7.90     28661.0
 2023 03 01 10 47 00 000   -4.56     0.87     2.98  -615.60     19.20      2.20    7.92     29049.0
 2023 03 01 10 48 00 000   -4.62     0.87     3.03  -613.80     21.70      0.10    6.80     26859.0
 2023 03 01 10 49 00 000   -4.86     0.66     3.22  -614.00     21.10      0.40    6.94     27637.0
 2023 03 01 10 50 00 000   -4.77     0.62     3.16  -614.20     19.30      1.10    6.95     28969.0
 2023 03 01 10 51 00 000   -4.87     1.08     3.09  -614.60     19.00      2.00    6.29     29125.0
 2023 03 01 10 52 00 000   -4.90     1.13     2.92  -615.10     21.00      1.90    6.59     29327.0
 2023 03 01 10 53 00 000   -5.12     1.73     2.48  -614.20     19.90     -7.80    5.81     48728.0
 2023 03 01 10 54 00 000   -5.08     1.71     2.49  -617.20     21.10     -2.10    5.94     42974.0
 2023 03 01 10 55 00 000   -4.99     1.46     2.83  -619.20     21.90      1.60    6.02     39248.0
 2023 03 01 10 56 00 000   -5.01     1.51     2.68  -619.20     22.30      2.80    6.01     44039.0
 2023 03 01 10 57 00 000   -5.07     1.62     2.50  -619.20     22.30      2.80    6.01     44039.0
 2023 03 01 10 58 00 000   -5.12     1.39     2.59  -613.10     15.90      0.10    5.12     35931.0
 2023 03 01 10 59 00 000   -5.31     0.87     2.59  -613.10     15.90      0.10    5.12     35931.0
 2023 03 01 11 00 00 000   -5.33     0.85     2.62  -613.10     15.90      0.10    5.12     35931.0
 2023 03 01 11 01 00 000   -5.12     1.99     2.28  -616.30     15.10      4.60    5.55     36553.0
 2023 03 01 11 02 00 000   -5.18     2.34     2.03  -617.30     18.40     -0.10    4.98     36491.0
 2023 03 01 11 03 00 000   -5.13     2.16     2.28  -620.30     20.90     -3.90    5.45     28689.0
 2023 03 01 11 04 00 000   -5.05     1.60     2.94  -621.10     21.30     -4.50    5.67     26297.0
 2023 03 01 11 05 00 000   -5.08     1.60     2.88  -618.40     21.00     -1.90    5.22     29335.0
 2023 03 01 11 06 00 000   -5.08     1.56     2.88  -618.40     21.00     -1.90    5.22     29335.0
 2023 03 01 11 07 00 000   -5.16     1.48     2.78  -619.10     20.40     -1.40    5.18     30492.0
 2023 03 01 11 08 00 000   -5.14     1.45     2.84  -619.10     20.40     -1.40    5.18     30492.0
 2023 03 01 11 09 00 000   -5.15     1.32     2.97  -617.20     19.50     -2.00    4.99     30221.0
 2023 03 01 11 10 00 000   -5.18     1.06     3.01  -617.20     19.50     -2.00    4.99     30221.0
 2023 03 01 11 11 00 000   -5.24     1.18     3.01  -614.50     19.20     -5.10    4.87     24833.0
 2023 03 01 11 12 00 000   -5.16     0.81     3.23  -614.50     19.20     -5.10    4.87     24833.0
 2023 03 01 11 13 00 000   -5.07     0.80     3.35  -614.50     19.20     -5.10    4.87     24833.0
 2023 03 01 11 14 00 000   -5.09     0.90     3.25  -614.50     19.20     -5.10    4.87     24833.0
 2023 03 01 11 15 00 000   -5.10     0.81     3.24  -614.50     19.20     -5.10    4.87     24833.0
 2023 03 01 11 16 00 000   -5.15     0.80     3.20  -614.50     19.20     -5.10    4.87     24833.0
 2023 03 01 11 17 00 000   -5.14     0.83     3.19  -614.50     19.20     -5.10    4.87     24833.0
 2023 03 01 11 18 00 000   -5.11     0.87     3.26  -614.50     19.20     -5.10    4.87     24833.0
 2023 03 01 11 20 00 000   -5.14     0.91     3.20  -614.50     19.20     -5.10    4.87     24833.0
 2023 03 01 11 23 00 000   -5.16     0.90     3.16  -613.60     17.70     -1.80    5.10     24931.0
 2023 03 01 11 24 00 000   -5.28     0.71     3.08  -613.20     16.50     -1.30    4.99     26218.0
 2023 03 01 11 25 00 000   -5.29     0.61     3.09  -612.70     15.10     -0.80    4.80     27616.0
 2023 03 01 11 26 00 000   -5.31     0.47     3.08  -613.20     17.80     -1.10    4.93     27198.0
 2023 03 01 11 27 00 000   -5.28     0.43     3.07  -613.00     18.30     -0.60    4.95     28436.0
 2023 03 01 11 28 00 000   -5.30     0.38     3.05  -613.00     18.30     -0.60    4.95     28436.0
 2023 03 01 11 29 00 000   -5.31     0.37     3.05  -612.80     14.40      1.50    4.48     28752.0
 2023 03 01 11 30 00 000   -5.30     1.03     2.84  -612.70     14.10     -0.20    4.97     27855.0
 2023 03 01 11 31 00 000   -5.32     0.96     2.84  -613.10     14.90     -0.70    5.33     27449.0
 2023 03 01 11 32 00 000   -5.31     0.96     2.85  -612.60     22.40     -3.70    4.22     29951.0
 2023 03 01 11 33 00 000   -5.23     1.02     2.91  -612.60     22.40     -3.70    4.22     29951.0
 2023 03 01 11 34 00 000   -5.28     1.01     2.85  -611.80     21.40     -3.00    4.66     26782.0
 2023 03 01 11 35 00 000   -5.29     0.91     2.86  -611.80     21.40     -3.00    4.66     26782.0
 2023 03 01 11 36 00 000   -5.28     0.94     2.88  -611.90     18.20     -2.40    4.94     26872.0
 2023 03 01 11 37 00 000   -5.30     1.04     2.82  -611.90     14.30     -1.70    5.28     27091.0
 2023 03 01 11 38 00 000   -5.35     1.22     2.66  -610.00     18.10     -3.80    4.86     29221.0
 2023 03 01 11 39 00 000   -5.33     1.24     2.68  -610.00     18.20     -3.80    4.85     29255.0
 2023 03 01 11 40 00 000   -5.30     1.27     2.71  -610.00     18.20     -3.80    4.85     29255.0
 2023 03 01 11 41 00 000   -5.26     1.28     2.73  -609.40     18.30     -4.30    4.80     30167.0
 2023 03 01 11 42 00 000   -5.24     1.25     2.76  -609.40     18.30     -4.30    4.80     30167.0
 2023 03 01 11 43 00 000   -5.25     1.10     2.77  -609.40     18.30     -4.30    4.80     30167.0
 2023 03 01 11 44 00 000   -5.33     0.97     2.66  -609.40     18.30     -4.30    4.80     30167.0
 2023 03 01 11 45 00 000   -5.30     0.94     2.66  -609.70     18.80     -2.30    5.34     25450.0
 2023 03 01 11 46 00 000   -5.32     0.89     2.67  -609.70     18.80     -2.30    5.34     25450.0
 2023 03 01 11 47 00 000   -5.36     0.87     2.62  -609.70     18.80     -2.30    5.34     25450.0
 2023 03 01 11 48 00 000   -5.34     0.82     2.64  -609.70     18.80     -2.30    5.34     25450.0
 2023 03 01 11 49 00 000   -5.33     0.80     2.67  -609.70     18.80     -2.30    5.34     25450.0
 2023 03 01 11 50 00 000   -5.35     0.77     2.65  -609.10     17.30     -1.90    5.28     27836.0
 2023 03 01 11 51 00 000   -5.36     0.69     2.67  -609.10     17.30     -1.90    5.28     27836.0
 2023 03 01 11 52 00 000   -5.31     0.59     2.71  -609.20     18.00     -2.10    5.51     27707.0
 2023 03 01 11 53 00 000   -5.29     0.67     2.67  -609.20     18.00     -2.10    5.51     27707.0
 2023 03 01 11 54 00 000   -5.29     0.66     2.69  -608.10     16.50     -3.40    5.66     27846.0
 2023 03 01 11 55 00 000   -5.26     0.69     2.74  -607.80     16.10     -3.80    5.71     27888.0
 2023 03 01 11 56 00 000   -5.26     0.80     2.71  -607.80     16.90     -3.30    5.22     28801.0
 2023 03 01 11 57 00 000   -5.24     0.82     2.70  -607.80     17.10     -4.00    5.35     28861.0
 2023 03 01 11 58 00 000   -5.23     0.79     2.69  -607.40     15.80     -3.10    5.42     28694.0
 2023 03 01 11 59 00 000   -5.24     0.73     2.69  -607.40     15.60     -2.80    5.41     28647.0
 2023 03 01 12 00 00 000   -5.22     0.83     2.68  -605.80     15.30     -3.10    5.49     29122.0
 2023 03 01 12 01 00 000   -5.24     0.85     2.62  -605.80     15.30     -3.10    5.49     29122.0
 2023 03 01 12 02 00 000   -5.26     0.87     2.59  -605.20     15.10     -3.40    5.47     29469.0
 2023 03 01 12 03 00 000   -5.22     0.90     2.63  -605.20     15.10     -3.40    5.47     29469.0
 2023 03 01 12 04 00 000   -5.19     0.80     2.62  -605.20     15.10     -3.40    5.47     29469.0
 2023 03 01 12 05 00 000   -5.18     0.79     2.60  -605.20     15.10     -3.40    5.47     29469.0
 2023 03 01 12 06 00 000   -5.19     0.79     2.57  -605.20     15.10     -3.40    5.47     29469.0
 2023 03 01 12 07 00 000   -5.25     0.68     2.58  -605.20     15.10     -3.40    5.47     29469.0
 2023 03 01 12 08 00 000   -5.29     0.75     2.59  -605.20     15.10     -3.40    5.47     29469.0
 2023 03 01 12 09 00 000   -5.31     0.80     2.61  -606.10     16.00     -1.70    4.89     29335.0
 2023 03 01 12 10 00 000   -5.34     0.74     2.63  -606.10     16.00     -1.70    4.89     29335.0
 2023 03 01 12 11 00 000   -5.29     0.66     2.63  -606.10     17.80     -4.00    4.86     29969.0
 2023 03 01 12 12 00 000   -5.39     0.60     2.62  -606.10     17.80     -4.00    4.86     29978.0
 2023 03 01 12 13 00 000   -5.46     0.52     2.58  -606.10     17.90     -3.90    4.80     30116.0
 2023 03 01 12 14 00 000   -5.39     0.65     2.67  -606.30     19.40     -3.10    3.97     31977.0
 2023 03 01 12 15 00 000   -5.29     0.71     2.87  -606.30     19.40     -3.10    3.97     31977.0
 2023 03 01 12 16 00 000   -5.34     0.63     2.79  -605.60     17.90     -3.60    3.80     31727.0
 2023 03 01 12 17 00 000   -5.40     0.59     2.63  -605.60     17.90     -3.60    3.80     31727.0
 2023 03 01 12 18 00 000   -5.37     0.64     2.62  -606.80     18.30     -3.00    4.11     33839.0
 2023 03 01 12 19 00 000   -5.38     0.74     2.65  -606.80     18.30     -3.00    4.11     33839.0
 2023 03 01 12 20 00 000   -5.41     0.76     2.59  -606.80     18.30     -3.00    4.11     33834.0
 2023 03 01 12 21 00 000   -5.42     0.75     2.59  -607.40     14.90     -2.00    3.94     32395.0
 2023 03 01 12 22 00 000   -5.44     0.64     2.58  -607.40     14.90     -2.00    3.94     32395.0
 2023 03 01 12 23 00 000   -5.46     0.63     2.58  -606.90     16.20     -3.40    3.83     31921.0
 2023 03 01 12 24 00 000   -5.46     0.59     2.60  -606.90     16.20     -3.40    3.83     31921.0
 2023 03 01 12 25 00 000   -5.46     0.57     2.58  -606.70     16.60     -4.80    3.76     32845.0
 2023 03 01 12 26 00 000   -5.45     0.46     2.56  -606.70     16.60     -4.80    3.76     32845.0
 2023 03 01 12 27 00 000   -5.43     0.50     2.56  -603.20     15.70    -13.20    4.05     38146.0
 2023 03 01 12 28 00 000   -5.40     0.53     2.56  -604.50     15.70    -11.00    4.08     43629.0
 2023 03 01 12 29 00 000   -5.40     0.48     2.57  -605.80     15.30     -7.00    4.02     43529.0
 2023 03 01 12 30 00 000   -5.38     0.50     2.56  -604.70     15.30     -7.40    4.45     33206.0
 2023 03 01 12 31 00 000   -5.27     0.59     2.57  -604.30     15.80     -9.30    4.66     33637.0
 2023 03 01 12 32 00 000   -5.26     0.63     2.58  -604.30     15.80     -9.30    4.66     33637.0
 2023 03 01 12 33 00 000   -5.27     0.65     2.54  -603.90     15.10     -7.00    5.64     27992.0
 2023 03 01 12 34 00 000   -5.28     0.68     2.50  -603.90     15.10     -7.00    5.64     27992.0
 2023 03 01 12 35 00 000   -5.26     0.74     2.54  -603.90     15.10     -7.00    5.64     27992.0
 2023 03 01 12 36 00 000   -5.30     0.70     2.53  -603.90     15.10     -7.00    5.64     27992.0
 2023 03 01 12 37 00 000   -5.29     0.68     2.56  -603.90     15.10     -7.00    5.64     27992.0
 2023 03 01 12 38 00 000   -5.31     0.71     2.52  -603.70     15.30     -5.90    5.54     28963.0
 2023 03 01 12 39 00 000   -5.33     0.67     2.52  -603.70     15.30     -5.90    5.54     28963.0
 2023 03 01 12 40 00 000   -5.35     0.60     2.53  -603.80     14.60     -5.90    5.22     29709.0
 2023 03 01 12 41 00 000   -5.38     0.40     2.48  -604.20     14.60     -7.10    4.55     34880.0
 2023 03 01 12 42 00 000   -5.36     0.22     2.44  -603.90     15.10     -9.30    3.93     39934.0
 2023 03 01 12 43 00 000   -5.34     0.51     2.49  -604.50     14.40     -7.70    3.85     40614.0
 2023 03 01 12 44 00 000   -5.33     0.47     2.59  -603.70     17.20     -8.10    3.88     48179.0
 2023 03 01 12 45 00 000   -5.34     0.39     2.51  -604.90     17.10     -7.10    3.78     39555.0
 2023 03 01 12 46 00 000   -5.29     1.06     2.41  -606.20     16.40     -6.90    3.75     36639.0
 2023 03 01 12 47 00 000   -5.30     1.03     2.36  -606.50     16.70     -8.00    3.66     33099.0
 2023 03 01 12 48 00 000   -5.30     0.92     2.35  -606.90     17.30     -7.60    3.61     31321.0
 2023 03 01 12 49 00 000   -5.28     0.92     2.39  -607.30     18.00     -7.00    3.55     29199.0
 2023 03 01 12 50 00 000   -5.30     0.74     2.34  -609.30     18.40     -5.60    3.61     45111.0
 2023 03 01 12 51 00 000   -5.30     0.68     2.32  -608.80     18.40     -5.90    3.68     33133.0
 2023 03 01 12 52 00 000   -5.21     0.77     2.34  -608.70     18.40     -6.00    3.70     30492.0
 2023 03 01 12 53 00 000   -5.23     0.79     2.32  -608.70     18.40     -6.00    3.70     30492.0
 2023 03 01 12 54 00 000   -5.20     0.75     2.34  -608.70     18.40     -6.00    3.70     30492.0
 2023 03 01 12 55 00 000   -5.23     0.77     2.34  -608.70     18.40     -6.00    3.70     30492.0
 2023 03 01 12 56 00 000   -5.24     0.72     2.36  -608.70     18.40     -6.00    3.70     30492.0
 2023 03 01 12 57 00 000   -5.23     0.75     2.35  -606.70     15.90     -7.70    3.86     30140.0
 2023 03 01 12 58 00 000   -5.23     0.75     2.35  -606.70     15.90     -7.70    3.86     30140.0
 2023 03 01 12 59 00 000   -5.26     0.66     2.35  -606.70     15.90     -7.70    3.86     30140.0
 2023 03 01 13 01 00 000   -5.21     0.24     2.30  -602.70     15.00     -9.30    3.84     38817.0
 2023 03 01 13 02 00 000   -5.23     0.15     2.21  -602.70     15.00     -9.30    3.84     38817.0
 2023 03 01 13 03 00 000   -5.24     0.15     2.25  -602.70     15.00     -9.30    3.84     38817.0
 2023 03 01 13 04 00 000   -5.25     0.46     2.28  -603.50     13.30     -6.80    3.59     39147.0
 2023 03 01 13 05 00 000   -5.30     0.45     2.21  -605.40     14.20     -7.00    3.72     32295.0
 2023 03 01 13 06 00 000   -5.33     0.22     2.16  -605.40     13.60     -7.10    3.71     32718.0
 2023 03 01 13 07 00 000   -5.29     0.20     2.20  -604.80     14.70     -7.80    3.49     33053.0
 2023 03 01 13 08 00 000   -5.29     0.16     2.19  -606.20     13.80     -7.50    3.87     32787.0
 2023 03 01 13 09 00 000   -5.32     0.19     2.19  -605.10     14.00     -7.40    3.59     37577.0
 2023 03 01 13 10 00 000   -5.31     0.18     2.20  -603.60     15.30     -7.50    3.14     37672.0
 2023 03 01 13 11 00 000   -5.28     0.12     2.26  -607.60     14.00     -7.00    4.03     32620.0
 2023 03 01 13 12 00 000   -5.31     0.25     2.23  -604.30     14.90     -8.60    3.46     34439.0
 2023 03 01 13 13 00 000   -5.31     0.30     2.24  -607.90     15.10     -6.20    3.66     36253.0
 2023 03 01 13 14 00 000   -5.27     0.06     2.27  -607.60     14.70     -6.30    3.59     39717.0
 2023 03 01 13 15 00 000   -5.26     0.17     2.26  -601.40     13.40    -12.80    3.18     39402.0
 2023 03 01 13 16 00 000   -5.26     0.19     2.25  -601.40     13.40    -12.80    3.18     39402.0
 2023 03 01 13 17 00 000   -5.28     0.22     2.21  -601.40     13.40    -12.80    3.18     39402.0
 2023 03 01 13 18 00 000   -5.30     0.19     2.17  -601.40     12.10     -7.90    3.22     51655.0
 2023 03 01 13 19 00 000   -5.38     0.15     2.02  -601.40     12.10     -7.90    3.22     51655.0
 2023 03 01 13 20 00 000   -5.35     0.20     2.11  -599.20     13.00     -9.70    2.97     41024.0
 2023 03 01 13 21 00 000   -5.32     0.21     2.19  -599.20     13.00     -9.70    2.97     41024.0
 2023 03 01 13 22 00 000   -5.34     0.20     2.14  -599.80     11.70    -10.40    2.93     40898.0
 2023 03 01 13 23 00 000   -5.33     0.19     2.12  -599.80     11.70    -10.40    2.93     40898.0
 2023 03 01 13 24 00 000   -5.36     0.23     2.05  -599.80     11.70    -10.40    2.93     40898.0
 2023 03 01 13 25 00 000   -5.37     0.20     2.06  -598.80     12.20    -11.50    2.90     37601.0
 2023 03 01 13 26 00 000   -5.35     0.15     2.11  -598.80     12.20    -11.50    2.90     37601.0
 2023 03 01 13 27 00 000   -5.38     0.14     2.03  -598.80     12.20    -11.50    2.90     37601.0
 2023 03 01 13 28 00 000   -5.41     0.15     1.93  -598.50     12.60     -9.20    3.01     38756.0
 2023 03 01 13 29 00 000   -5.40     0.16     2.05  -598.50     12.60     -9.20    3.01     38756.0
 2023 03 01 13 30 00 000   -5.42     0.20     1.98  -597.90     12.60     -9.50    2.90     40178.0
 2023 03 01 13 31 00 000   -5.42     0.17     1.96  -597.90     12.60     -9.50    2.90     40178.0
 2023 03 01 13 32 00 000   -5.38     0.14     1.98  -597.90     12.60     -9.50    2.90     40178.0
 2023 03 01 13 33 00 000   -5.31     0.12     2.09  -601.20     12.00    -10.80    3.34     38542.0
 2023 03 01 13 34 00 000   -5.29     0.11     2.13  -601.20     12.00    -10.80    3.34     38542.0
 2023 03 01 13 35 00 000   -5.31     0.11     2.11  -601.20     12.00    -10.80    3.34     38542.0
 2023 03 01 13 36 00 000   -5.30     0.10     2.14  -600.90     12.40     -9.50    3.34     36672.0
 2023 03 01 13 37 00 000   -5.35     0.19     2.00  -600.90     12.40     -9.50    3.34     36672.0
 2023 03 01 13 38 00 000   -5.41     0.19     1.98  -597.50      9.40    -10.30    2.76     35519.0
 2023 03 01 13 39 00 000   -5.42     0.19     1.87  -597.50      9.40    -10.30    2.76     35519.0
 2023 03 01 13 40 00 000   -5.38     0.19     2.05  -597.50      9.40    -10.30    2.76     35519.0
 2023 03 01 13 41 00 000   -5.38     0.19     2.09  -597.50      9.40    -10.30    2.76     35519.0
 2023 03 01 13 42 00 000   -5.38     0.22     2.10  -595.40     10.30     -5.10    2.90     39402.0
 2023 03 01 13 43 00 000   -5.42     0.19     1.99  -595.40     10.30     -5.10    2.90     39402.0
 2023 03 01 13 44 00 000   -5.45     0.18     1.93  -598.20      8.60    -11.90    3.08     38909.0
 2023 03 01 13 45 00 000   -5.45     0.19     1.93  -598.20      8.60    -11.90    3.08     38909.0
 2023 03 01 13 46 00 000   -5.45     0.18     1.93  -597.70      9.10     -8.80    2.57     33954.0
 2023 03 01 13 47 00 000   -5.46     0.18     1.91  -597.70      9.10     -8.80    2.57     33954.0
 2023 03 01 13 48 00 000   -5.47     0.23     1.93  -597.70      9.10     -8.80    2.57     33954.0
 2023 03 01 13 49 00 000   -5.46     0.23     1.96  -594.60      9.70    -11.00    2.69     37873.0
 2023 03 01 13 50 00 000   -5.46     0.23     1.95  -594.60      9.70    -11.00    2.69     37873.0
 2023 03 01 13 51 00 000   -5.45     0.22     1.95  -594.60      9.70    -11.00    2.69     37873.0
 2023 03 01 13 52 00 000   -5.45     0.26     1.88  -594.80      8.50    -11.70    2.71     36137.0
 2023 03 01 13 53 00 000   -5.45     0.26     1.89  -594.80      8.50    -11.70    2.71     36137.0
 2023 03 01 13 54 00 000   -5.42     0.32     1.95  -596.00      8.80     -8.80    2.78     37000.0
 2023 03 01 13 55 00 000   -5.44     0.25     1.91  -596.00      8.80     -8.80    2.78     37000.0
 2023 03 01 13 56 00 000   -5.45     0.28     1.83  -596.00      8.80     -8.80    2.78     37000.0
 2023 03 01 13 57 00 000   -5.46     0.26     1.80  -596.00      8.80     -8.80    2.78     37000.0
 2023 03 01 13 58 00 000   -5.46     0.32     1.76  -596.00      8.80     -8.80    2.78     37000.0
 2023 03 01 13 59 00 000   -5.46     0.31     1.76  -596.00      8.80     -8.80    2.78     37000.0
 2023 03 01 14 00 00 000   -5.46     0.32     1.73  -594.40      9.10    -11.50    3.00     39587.0
 2023 03 01 14 01 00 000   -5.46     0.34     1.67  -594.40      9.10    -11.50    3.00     39587.0
 2023 03 01 14 02 00 000   -5.45     0.32     1.67  -594.40      9.10    -11.50    3.00     39587.0
 2023 03 01 14 03 00 000   -5.47     0.38     1.69  -596.60      9.70     -6.30    3.13     34414.0
 2023 03 01 14 04 00 000   -5.47     0.45     1.71  -596.60      9.70     -6.30    3.13     34414.0
 2023 03 01 14 05 00 000   -5.48     0.37     1.68  -596.60      9.70     -6.30    3.13     34414.0
 2023 03 01 14 06 00 000   -5.47     0.41     1.62  -596.10      9.90     -4.90    2.89     41530.0
 2023 03 01 14 07 00 000   -5.47     0.46     1.63  -596.10      9.90     -4.90    2.89     41530.0
 2023 03 01 14 08 00 000   -5.48     0.44     1.60  -593.20      8.50    -10.90    2.85     36672.0
 2023 03 01 14 09 00 000   -5.49     0.44     1.54  -593.20      8.50    -10.90    2.85     36672.0
 2023 03 01 14 10 00 000   -5.51     0.34     1.47  -594.60      7.40    -10.00    2.99     37210.0
 2023 03 01 14 11 00 000   -5.52     0.38     1.48  -594.60      7.40    -10.00    2.99     37210.0
 2023 03 01 14 12 00 000   -5.51     0.45     1.47  -594.60      7.40    -10.00    2.99     37210.0
 2023 03 01 14 13 00 000   -5.53     0.42     1.42  -591.80      8.20    -11.90    2.88     39495.0
 2023 03 01 14 14 00 000   -5.53     0.47     1.37  -591.80      8.20    -11.90    2.88     39495.0
 2023 03 01 14 15 00 000   -5.58     0.32     1.27  -591.80      8.20    -11.90    2.88     39495.0
 2023 03 01 14 16 00 000   -5.57     0.39     1.30  -593.50      6.60     -7.10    3.65     42711.0
 2023 03 01 14 17 00 000   -5.58     0.39     1.27  -593.50      6.60     -7.10    3.65     42711.0
 2023 03 01 14 18 00 000   -5.57     0.40     1.30  -593.50      6.60     -7.10    3.65     42711.0
 2023 03 01 14 19 00 000   -5.57     0.41     1.28  -592.70      7.10     -8.30    3.61     44465.0
 2023 03 01 14 20 00 000   -5.56     0.49     1.29  -592.70      7.10     -8.30    3.61     44465.0
 2023 03 01 14 21 00 000   -5.57     0.51     1.24  -591.40      7.60    -10.70    3.25     42358.0
 2023 03 01 14 22 00 000   -5.58     0.54     1.20  -591.40      7.60    -10.70    3.25     42358.0
 2023 03 01 14 23 00 000   -5.58     0.48     1.19  -591.40      7.60    -10.70    3.25     42358.0
 2023 03 01 14 24 00 000   -5.62     0.34     1.18  -591.40      7.60    -10.70    3.25     42358.0
 2023 03 01 14 25 00 000   -5.65     0.30     1.18  -591.40      7.60    -10.70    3.25     42358.0
 2023 03 01 14 26 00 000   -5.63     0.36     1.09  -591.40      7.60    -10.70    3.25     42358.0
 2023 03 01 14 27 00 000   -5.64     0.37     1.00  -594.20      6.80     -2.60    3.34     39960.0
 2023 03 01 14 28 00 000   -5.65     0.42     0.98  -594.20      6.80     -2.60    3.34     39960.0
 2023 03 01 14 29 00 000   -5.65     0.43     0.93  -594.20      6.80     -2.60    3.34     39960.0
 2023 03 01 14 30 00 000   -5.61     0.28     1.10  -593.30      8.70     -3.60    3.21     55069.0
 2023 03 01 14 31 00 000   -5.63     0.29     1.00  -593.30      8.70     -3.60    3.21     55069.0
 2023 03 01 14 32 00 000   -5.60     0.08     1.21  -591.40      6.50     -6.50    3.00     41942.0
 2023 03 01 14 33 00 000   -5.61     0.06     1.20  -591.20      6.30     -6.80    2.98     40741.0
 2023 03 01 14 34 00 000   -5.61     0.03     1.20  -592.00      6.50     -8.90    2.98     39402.0
 2023 03 01 14 35 00 000   -5.59     0.04     1.20  -592.00      6.50     -8.90    2.98     39402.0
 2023 03 01 14 36 00 000   -5.59     0.06     1.19  -592.00      6.50     -8.90    2.98     39402.0
 2023 03 01 14 37 00 000   -5.57    -0.14     1.38  -595.50      6.70     -3.90    3.80     32620.0
 2023 03 01 14 38 00 000   -5.58    -0.10     1.32  -595.50      6.70     -3.90    3.80     32620.0
 2023 03 01 14 39 00 000   -5.58    -0.12     1.31  -595.50      6.70     -3.90    3.80     32620.0
 2023 03 01 14 40 00 000   -5.59    -0.13     1.21  -596.50      7.80     -3.50    3.60     31395.0
 2023 03 01 14 41 00 000   -5.58    -0.17     1.26  -596.50      7.80     -3.50    3.60     31395.0
 2023 03 01 14 42 00 000   -5.58    -0.20     1.31  -596.50      7.80     -3.50    3.60     31395.0
 2023 03 01 14 43 00 000   -5.59    -0.21     1.28  -596.60      8.10     -3.50    3.55     30737.0
 2023 03 01 14 44 00 000   -5.60    -0.19     1.25  -596.60      8.10     -3.50    3.55     30737.0
 2023 03 01 14 45 00 000   -5.60    -0.21     1.23  -596.50      7.00     -2.40    3.47     29629.0
 2023 03 01 14 46 00 000   -5.61    -0.21     1.20  -596.50      7.00     -2.40    3.47     29629.0
 2023 03 01 14 47 00 000   -5.61    -0.25     1.20  -596.50      7.00     -2.40    3.47     29629.0
 2023 03 01 14 48 00 000   -5.61    -0.25     1.17  -596.80      7.20     -1.90    3.48     30874.0
 2023 03 01 14 49 00 000   -5.57    -0.25     1.20  -596.80      7.20     -1.90    3.48     30874.0
 2023 03 01 14 50 00 000   -5.57    -0.26     1.22  -596.80      7.20     -1.90    3.48     30874.0
 2023 03 01 14 51 00 000   -5.55    -0.35     1.29  -596.50      7.60     -1.80    3.47     30356.0
 2023 03 01 14 52 00 000   -5.57    -0.28     1.18  -596.50      7.60     -1.80    3.47     30356.0
 2023 03 01 14 53 00 000   -5.60    -0.23     1.12  -596.50      7.60     -1.80    3.47     30356.0
 2023 03 01 14 54 00 000   -5.62    -0.25     1.05  -596.30      8.10     -3.80    3.24     47908.0
 2023 03 01 14 55 00 000   -5.57    -0.29     1.18  -596.30      8.10     -3.80    3.24     47908.0
 2023 03 01 14 56 00 000   -5.53    -0.37     1.32  -596.30      8.10     -3.80    3.24     47908.0
 2023 03 01 14 57 00 000   -5.55    -0.36     1.26  -595.60      7.00      1.50    3.37     30710.0
 2023 03 01 14 58 00 000   -5.62    -0.25     1.05  -595.60      7.00      1.50    3.37     30710.0
 2023 03 01 14 59 00 000   -5.63    -0.23     0.99  -595.70      6.70      0.20    3.41     30384.0
 2023 03 01 15 00 00 000   -5.60    -0.25     1.10  -595.70      6.70      0.20    3.41     30384.0
 2023 03 01 15 01 00 000   -5.58    -0.29     1.12  -595.70      6.70      0.20    3.41     30384.0
 2023 03 01 15 02 00 000   -5.62    -0.27     0.89  -593.70      6.70      0.60    3.58     31921.0
 2023 03 01 15 03 00 000   -5.64    -0.28     0.75  -593.70      6.70      0.60    3.58     31921.0
 2023 03 01 15 04 00 000   -5.63    -0.31     0.69  -590.30      7.90     -8.20    3.12     40635.0
 2023 03 01 15 05 00 000   -5.61    -0.35     0.67  -590.30      7.90     -8.20    3.12     40647.0
 2023 03 01 15 06 00 000   -5.62    -0.35     0.67  -589.50     10.10    -10.60    2.98     44301.0
 2023 03 01 15 07 00 000   -5.61    -0.36     0.69  -589.50     10.10    -10.60    2.98     44301.0
 2023 03 01 15 08 00 000   -5.60    -0.40     0.65  -588.90     10.80    -11.00    3.14     44662.0
 2023 03 01 15 09 00 000   -5.61    -0.40     0.64  -588.90     10.80    -11.00    3.14     44662.0
 2023 03 01 15 10 00 000   -5.60    -0.42     0.65  -588.90     10.80    -11.00    3.14     44662.0
 2023 03 01 15 11 00 000   -5.60    -0.45     0.64  -589.70      9.50    -10.70    2.94     43974.0
 2023 03 01 15 12 00 000   -5.60    -0.46     0.66  -589.70      9.50    -10.70    2.94     43974.0
 2023 03 01 15 13 00 000   -5.57    -0.47     0.67  -589.70      9.50    -10.70    2.94     43974.0
 2023 03 01 15 14 00 000   -5.56    -0.42     0.75  -589.60      7.00     -8.10    2.91     43616.0
 2023 03 01 15 15 00 000   -5.56    -0.44     0.74  -589.60      7.00     -8.10    2.91     43616.0
 2023 03 01 15 16 00 000   -5.56    -0.40     0.78  -589.60      7.00     -8.10    2.91     43616.0
 2023 03 01 15 17 00 000   -5.55    -0.39     0.81  -589.60      7.00     -8.10    2.91     43616.0
 2023 03 01 15 18 00 000   -5.53    -0.37     0.86  -592.10      5.90     -6.70    2.95     53008.0
 2023 03 01 15 19 00 000   -5.50    -0.35     0.90  -592.10      5.90     -6.80    2.95     52631.0
 2023 03 01 15 20 00 000   -5.49    -0.35     0.94  -591.20      6.80     -9.20    2.94     34529.0
 2023 03 01 15 21 00 000   -5.49    -0.34     0.95  -591.20      6.80     -9.20    2.94     34529.0
 2023 03 01 15 22 00 000   -5.48    -0.28     1.01  -591.40      5.00     -9.40    2.88     33383.0
 2023 03 01 15 23 00 000   -5.47    -0.38     0.94  -591.40      5.00     -9.40    2.88     33383.0
 2023 03 01 15 24 00 000   -5.48    -0.41     0.89  -591.40      5.00     -9.40    2.88     33383.0
 2023 03 01 15 25 00 000   -5.48    -0.44     0.85  -590.30      5.60     -9.60    2.99     35139.0
 2023 03 01 15 26 00 000   -5.48    -0.46     0.86  -590.30      5.60     -9.60    2.99     35139.0
 2023 03 01 15 27 00 000   -5.49    -0.46     0.86  -590.30      5.60     -9.60    2.99     35139.0
 2023 03 01 15 28 00 000   -5.47    -0.43     0.94  -590.30      5.60     -9.60    2.99     35139.0
 2023 03 01 15 29 00 000   -5.48    -0.45     0.91  -589.20      7.20    -12.80    2.93     35783.0
 2023 03 01 15 30 00 000   -5.46    -0.41     1.07  -589.20      7.20    -12.80    2.93     35783.0
 2023 03 01 15 31 00 000   -5.46    -0.44     1.10  -589.20      7.20    -12.80    2.93     35783.0
 2023 03 01 15 32 00 000   -5.42    -0.46     1.06  -588.30      6.90    -14.10    3.00     35431.0
 2023 03 01 15 33 00 000   -5.45    -0.48     0.97  -588.30      6.90    -14.10    3.00     35431.0
 2023 03 01 15 34 00 000   -5.40    -0.47     0.93  -588.30      6.90    -14.10    3.00     35431.0
 2023 03 01 15 35 00 000   -5.38    -0.38     1.20  -588.80      8.00     -9.50    2.84     33582.0
 2023 03 01 15 36 00 000   -5.36    -0.56     1.05  -588.80      8.00     -9.50    2.84     33582.0
 2023 03 01 15 37 00 000   -5.37    -0.63     0.91  -588.80      8.00     -9.50    2.84     33582.0
 2023 03 01 15 38 00 000   -5.33    -0.38     1.26  -587.30      7.20     -8.60    3.21     34761.0
 2023 03 01 15 39 00 000   -5.36    -0.35     1.23  -587.30      7.20     -8.60    3.21     34761.0
 2023 03 01 15 40 00 000   -5.45    -0.40     0.82  -587.30      7.20     -8.60    3.21     34761.0
 2023 03 01 15 41 00 000   -5.48    -0.50     0.61  -591.60      4.20    -12.10    2.84     45986.0
 2023 03 01 15 42 00 000   -5.45    -0.40     0.81  -591.60      4.20    -12.10    2.84     45986.0
 2023 03 01 15 43 00 000   -5.43    -0.43     0.94  -590.00      5.20    -10.30    2.91     34674.0
 2023 03 01 15 44 00 000   -5.40    -0.46     1.04  -590.00      5.20    -10.30    2.91     34674.0
 2023 03 01 15 45 00 000   -5.39    -0.45     1.10  -590.00      5.20    -10.30    2.91     34674.0
 2023 03 01 15 46 00 000   -5.38    -0.48     1.13  -588.30      7.10     -6.70    3.01     36256.0
 2023 03 01 15 47 00 000   -5.38    -0.51     1.09  -588.30      7.10     -6.70    3.01     36256.0
 2023 03 01 15 48 00 000   -5.37    -0.54     1.15  -588.30      7.10     -6.70    3.01     36256.0
 2023 03 01 15 49 00 000   -5.35    -0.46     1.23  -588.40      5.70     -7.60    3.05     35872.0
 2023 03 01 15 50 00 000   -5.35    -0.50     1.24  -588.40      5.70     -7.60    3.05     35872.0
 2023 03 01 15 51 00 000   -5.35    -0.52     1.22  -587.40      6.60     -7.80    3.05     34935.0
 2023 03 01 15 52 00 000   -5.36    -0.51     1.22  -587.40      6.60     -7.80    3.05     34935.0
 2023 03 01 15 53 00 000   -5.36    -0.49     1.23  -587.40      6.60     -7.80    3.05     34935.0
 2023 03 01 15 54 00 000   -5.34    -0.48     1.23  -587.40      7.00     -7.10    3.05     36137.0
 2023 03 01 15 55 00 000   -5.34    -0.49     1.18  -587.40      7.00     -7.10    3.05     36137.0
 2023 03 01 15 56 00 000   -5.33    -0.54     1.15  -587.40      7.00     -7.10    3.05     36137.0
 2023 03 01 15 57 00 000   -5.31    -0.53     1.11  -590.10      4.80     -8.30    3.29     35872.0
 2023 03 01 15 58 00 000   -5.32    -0.53     1.10  -590.10      4.80     -8.30    3.29     35872.0
 2023 03 01 15 59 00 000   -5.31    -0.56     1.01  -589.30      4.20     -9.40    3.32     36019.0
 2023 03 01 16 00 00 000   -5.31    -0.57     1.01  -589.30      4.20     -9.40    3.32     36019.0
 2023 03 01 16 01 00 000   -5.32    -0.58     0.99  -589.30      4.20     -9.40    3.32     36019.0
 2023 03 01 16 02 00 000   -5.35    -0.55     0.94  -588.80      4.80     -8.80    3.33     35783.0
 2023 03 01 16 03 00 000   -5.36    -0.58     0.92  -588.80      4.80     -8.80    3.33     35783.0
 2023 03 01 16 04 00 000   -5.35    -0.60     0.95  -588.80      4.80     -8.80    3.33     35783.0
 2023 03 01 16 05 00 000   -5.25    -0.53     1.37  -595.90     -0.70    -10.10    3.43     35783.0
 2023 03 01 16 06 00 000   -5.28    -0.59     1.24  -595.90     -0.70    -10.10    3.43     35783.0
 2023 03 01 16 07 00 000   -5.27    -0.61     1.21  -594.60      2.30    -10.80    3.17     32860.0
 2023 03 01 16 08 00 000   -5.26    -0.62     1.26  -594.20      3.20    -11.00    3.09     31921.0
 2023 03 01 16 09 00 000   -5.28    -0.61     1.13  -594.40      4.50    -10.20    3.42     29602.0
 2023 03 01 16 10 00 000   -5.27    -0.64     1.17  -594.40      4.50    -10.20    3.42     29602.0
 2023 03 01 16 11 00 000   -5.34    -0.55     0.93  -594.40      4.50    -10.20    3.42     29602.0
 2023 03 01 16 12 00 000   -5.31    -0.58     0.97  -594.40      4.50    -10.20    3.42     29602.0
 2023 03 01 16 13 00 000   -5.15    -0.66     1.36  -589.40      5.40     -6.30    3.22     33297.0
 2023 03 01 16 14 00 000   -4.95    -0.79     1.91  -589.40      5.40     -6.30    3.22     33297.0
 2023 03 01 16 15 00 000   -4.79    -0.83     2.26  -589.40      5.40     -6.30    3.22     33297.0
 2023 03 01 16 16 00 000   -4.90    -0.85     2.08  -589.40      5.40     -6.30    3.22     33297.0
 2023 03 01 16 17 00 000   -5.01    -0.78     1.93  -586.70      2.30     -4.50    2.94     34270.0
 2023 03 01 16 18 00 000   -4.98    -0.84     1.91  -586.70      2.30     -4.60    2.95     34418.0
 2023 03 01 16 19 00 000   -4.97    -0.91     1.88  -588.00      1.50    -10.40    3.34     41879.0
 2023 03 01 16 20 00 000   -4.98    -0.91     1.90  -588.00      1.50    -10.40    3.34     41879.0
 2023 03 01 16 21 00 000   -4.98    -0.93     1.87  -590.40      2.20     -9.00    3.12     38268.0
 2023 03 01 16 22 00 000   -4.98    -0.88     1.90  -590.40      2.20     -9.00    3.12     38268.0
 2023 03 01 16 23 00 000   -5.01    -0.86     1.88  -590.40      2.20     -9.00    3.12     38268.0
 2023 03 01 16 24 00 000   -5.04    -0.89     1.80  -587.90      2.10     -9.20    2.91     34040.0
 2023 03 01 16 25 00 000   -5.09    -0.88     1.71  -587.90      2.10     -9.20    2.91     34040.0
 2023 03 01 16 26 00 000   -5.15    -0.89     1.51  -587.90      2.10     -9.20    2.91     34040.0
 2023 03 01 16 27 00 000   -5.05    -0.90     1.80  -589.30      0.20     -8.20    2.93     33468.0
 2023 03 01 16 28 00 000   -5.03    -0.92     1.80  -589.30      0.20     -8.20    2.93     33468.0
 2023 03 01 16 29 00 000   -4.98    -0.96     1.90  -591.20      0.40     -3.90    2.87     44622.0
 2023 03 01 16 30 00 000   -5.02    -0.97     1.81  -591.40      0.40     -3.50    2.86     45636.0
 2023 03 01 16 31 00 000   -4.99    -1.03     1.90  -592.40     -0.20     -9.60    2.85     33212.0
 2023 03 01 16 32 00 000   -4.99    -1.03     1.83  -592.40     -0.20     -9.60    2.85     33212.0
 2023 03 01 16 33 00 000   -4.99    -1.03     1.83  -592.40     -0.20     -9.60    2.85     33212.0
 2023 03 01 16 35 00 000   -5.03    -1.08     1.78  -592.40     -0.20     -9.60    2.85     33212.0
 2023 03 01 16 36 00 000   -5.02    -1.06     1.76  -592.00      1.00     -7.20    2.79     32986.0
 2023 03 01 16 37 00 000   -5.06    -1.03     1.64  -592.00      1.00     -7.20    2.79     32986.0
 2023 03 01 16 38 00 000   -5.04    -1.11     1.62  -592.00      0.80     -6.50    2.88     33566.0
 2023 03 01 16 39 00 000   -5.07    -1.12     1.58  -592.00      0.80     -6.40    2.90     33696.0
 2023 03 01 16 40 00 000   -5.08    -1.11     1.57  -591.20      0.30     -4.30    2.83     33553.0
 2023 03 01 16 41 00 000   -5.11    -1.08     1.52  -591.20      0.30     -4.30    2.83     33553.0
 2023 03 01 16 42 00 000   -5.11    -1.07     1.48  -590.40     -1.20     -4.40    2.84     31730.0
 2023 03 01 16 43 00 000   -5.13    -1.06     1.41  -590.40     -1.20     -4.40    2.84     31731.0
 2023 03 01 16 44 00 000   -5.13    -1.10     1.37  -589.80     -0.70     -3.40    2.88     31841.0
 2023 03 01 16 45 00 000   -5.18    -0.93     1.21  -590.10     -1.00     -4.80    2.91     31962.0
 2023 03 01 16 46 00 000   -5.16    -1.01     1.33  -589.60     -0.50     -3.90    2.81     30832.0
 2023 03 01 16 47 00 000   -5.14    -1.00     1.28  -589.40     -0.30     -3.60    2.78     30465.0
 2023 03 01 16 48 00 000   -5.14    -0.89     1.25  -587.60     -0.90     -3.90    2.91     45255.0
 2023 03 01 16 49 00 000   -5.13    -1.00     1.26  -587.60     -0.90     -3.90    2.91     45255.0
 2023 03 01 16 50 00 000   -5.10    -0.97     1.36  -584.80     -2.80     -4.70    3.13     38434.0
 2023 03 01 16 51 00 000   -5.13    -0.99     1.39  -585.20     -2.30     -5.50    3.01     36916.0
 2023 03 01 16 52 00 000   -5.15    -0.96     1.37  -585.80     -0.70     -5.20    2.85     35669.0
 2023 03 01 16 53 00 000   -5.11    -1.03     1.40  -584.30     -2.10     -7.00    2.99     37216.0
 2023 03 01 16 54 00 000   -5.11    -0.99     1.42  -583.10     -3.30     -8.40    3.11     38481.0
 2023 03 01 16 55 00 000   -5.07    -1.04     1.53  -584.60     -1.50     -4.40    2.95     34929.0
 2023 03 01 16 56 00 000   -5.07    -1.13     1.49  -584.60     -1.50     -4.30    2.95     34812.0
 2023 03 01 16 57 00 000   -5.09    -1.16     1.44  -584.00     -3.30     -5.50    2.96     34558.0
 2023 03 01 16 58 00 000   -5.08    -1.18     1.44  -584.10     -3.10     -5.40    2.95     35426.0
 2023 03 01 16 59 00 000   -5.08    -1.24     1.37  -584.00     -3.00     -5.40    2.91     35664.0
 2023 03 01 17 00 00 000   -5.05    -1.15     1.37  -583.80     -2.50     -5.70    2.90     39662.0
 2023 03 01 17 01 00 000   -5.08    -1.06     1.34  -583.40     -1.40     -6.60    3.05     52045.0
 2023 03 01 17 02 00 000   -5.11    -0.95     1.22  -582.80     -4.30     -5.40    3.28     41057.0
 2023 03 01 17 03 00 000   -5.06    -1.10     1.21  -582.70     -4.50     -5.30    3.30     40209.0
 2023 03 01 17 04 00 000   -5.07    -1.06     1.24  -582.80     -4.60     -5.80    3.32     40313.0
 2023 03 01 17 05 00 000   -5.08    -0.95     1.25  -582.80     -4.60     -5.90    3.33     40334.0
 2023 03 01 17 06 00 000   -5.08    -1.05     1.13  -582.20     -5.50     -5.10    3.34     42581.0
 2023 03 01 17 07 00 000   -5.08    -1.10     1.02  -582.10     -4.00     -5.00    3.31     41869.0
 2023 03 01 17 08 00 000   -5.05    -1.15     0.92  -581.80     -5.30     -6.40    3.51     42601.0
 2023 03 01 17 09 00 000   -4.99    -1.07     1.06  -581.60     -6.10     -7.10    3.62     43082.0
 2023 03 01 17 10 00 000   -4.91    -0.98     1.17  -577.80     -4.30     -6.20    4.10     44462.0
 2023 03 01 17 11 00 000   -4.96    -1.02     1.10  -578.20     -4.40     -5.70    4.10     44017.0
 2023 03 01 17 12 00 000   -4.95    -0.98     1.17  -579.70     -4.80     -3.70    4.09     42198.0
 2023 03 01 17 13 00 000   -4.89    -1.12     1.12  -579.30     -5.50     -5.30    4.20     41429.0
 2023 03 01 17 14 00 000   -4.87    -1.16     1.06  -578.70     -5.50     -7.70    4.14     54015.0
 2023 03 01 17 15 00 000   -4.86    -1.08     1.18  -578.50     -5.40     -7.80    4.16     55115.0
 2023 03 01 17 16 00 000   -4.87    -1.21     1.05  -578.60     -5.10     -4.90    4.32     41593.0
 2023 03 01 17 17 00 000   -4.87    -1.15     1.11  -578.70     -4.50     -4.20    4.19     41392.0
 2023 03 01 17 18 00 000   -4.87    -1.10     1.13  -578.70     -4.40     -4.10    4.18     41371.0
 2023 03 01 17 19 00 000   -4.90    -1.12     1.19  -578.20     -5.50     -3.60    4.27     41784.0
 2023 03 01 17 20 00 000   -4.94    -1.15     1.18  -579.10     -6.10     -4.10    4.04     41475.0
 2023 03 01 17 21 00 000   -4.96    -1.20     1.30  -579.70     -6.50     -4.40    3.87     41205.0
 2023 03 01 17 22 00 000   -4.96    -1.25     1.30  -581.40     -5.90     -2.50    3.58     37692.0
 2023 03 01 17 23 00 000   -4.96    -1.31     1.31  -581.40     -5.90     -2.50    3.58     37692.0
 2023 03 01 17 24 00 000   -4.98    -1.27     1.35  -579.80     -5.90      0.80    3.62     39356.0
 2023 03 01 17 25 00 000   -5.02    -1.21     1.25  -580.80     -5.50     -0.10    3.60     38300.0
 2023 03 01 17 26 00 000   -5.02    -1.24     1.25  -581.80     -4.70     -0.40    3.50     36233.0
 2023 03 01 17 27 00 000   -5.03    -1.24     1.21  -582.10     -5.30     -3.20    3.47     44749.0
 2023 03 01 17 28 00 000   -5.04    -1.25     1.19  -582.00     -5.40     -2.80    3.47     41431.0
 2023 03 01 17 29 00 000   -5.03    -1.27     1.24  -581.80     -5.40     -1.70    3.48     35578.0
 2023 03 01 17 30 00 000   -5.02    -1.29     1.25  -581.80     -5.00     -1.00    3.34     38223.0
 2023 03 01 17 31 00 000   -5.05    -1.24     1.17  -581.30     -4.40     -0.40    3.38     38595.0
 2023 03 01 17 32 00 000   -5.05    -1.24     1.16  -580.80     -3.80      0.30    3.43     38971.0
 2023 03 01 17 33 00 000   -5.08    -1.22     1.12  -580.00     -4.70     -1.50    3.48     37497.0
 2023 03 01 17 34 00 000   -5.10    -1.22     1.04  -579.50     -4.80     -3.90    3.42     37127.0
 2023 03 01 17 35 00 000   -5.08    -1.22     1.07  -579.30     -4.80     -5.90    3.35     36821.0
 2023 03 01 17 36 00 000   -5.08    -1.25     1.07  -579.00     -5.00     -6.10    3.37     34845.0
 2023 03 01 17 37 00 000   -5.10    -1.20     1.00  -579.00     -5.20     -6.20    3.37     35340.0
 2023 03 01 17 38 00 000   -5.11    -1.18     0.99  -578.70     -6.40     -6.80    3.37     38634.0
 2023 03 01 17 39 00 000   -5.13    -1.15     0.95  -578.70     -6.40     -6.80    3.37     38634.0
 2023 03 01 17 40 00 000   -5.14    -1.15     0.87  -578.40     -6.90     -5.70    3.38     42033.0
 2023 03 01 17 41 00 000   -5.14    -1.17     0.79  -578.80     -7.60     -4.40    3.37     44292.0
 2023 03 01 17 42 00 000   -5.11    -1.19     0.87  -578.80     -7.60     -4.40    3.37     44292.0
 2023 03 01 17 43 00 000   -5.08    -1.21     0.90  -575.70     -6.10     -6.70    3.49     42358.0
 2023 03 01 17 44 00 000   -5.09    -1.26     0.89  -575.70     -6.10     -6.70    3.49     42358.0
 2023 03 01 17 45 00 000   -5.13    -1.19     0.90  -574.10     -5.90     -6.90    3.24     40594.0
 2023 03 01 17 46 00 000   -5.06    -1.36     0.94  -574.30     -6.30     -7.00    3.29     41450.0
 2023 03 01 17 47 00 000   -5.11    -1.25     0.84  -574.80     -7.10     -7.20    3.37     43194.0
 2023 03 01 17 48 00 000   -5.13    -1.21     0.86  -572.10     -7.50     -6.70    3.24     41341.0
 2023 03 01 17 49 00 000   -5.11    -1.20     0.83  -572.10     -7.40     -6.70    3.24     41488.0
 2023 03 01 17 50 00 000   -5.14    -1.16     0.74  -573.60     -6.70     -6.20    3.29     44295.0
 2023 03 01 17 51 00 000   -5.14    -1.20     0.72  -573.30     -7.70     -5.90    3.32     44349.0
 2023 03 01 17 52 00 000   -5.12    -1.27     0.75  -573.00     -8.70     -5.60    3.35     44399.0
 2023 03 01 17 53 00 000   -5.12    -1.30     0.75  -573.00     -8.70     -5.60    3.35     44399.0
 2023 03 01 17 54 00 000   -5.11    -1.29     0.72  -574.30     -9.10     -4.00    3.49     47135.0
 2023 03 01 17 55 00 000   -5.14    -1.25     0.68  -574.40     -9.30     -3.80    3.49     47504.0
 2023 03 01 17 56 00 000   -5.17    -1.17     0.65  -571.70     -8.10     -5.20    3.33     44333.0
 2023 03 01 17 57 00 000   -5.17    -1.19     0.69  -570.90     -6.90     -5.20    3.41     41868.0
 2023 03 01 17 58 00 000   -5.06    -1.47     0.90  -570.60     -6.40     -5.20    3.45     40667.0
 2023 03 01 17 59 00 000   -5.12    -1.46     0.83  -573.30     -8.10     -4.40    3.37     36731.0
 2023 03 01 18 00 00 000   -5.08    -1.51     0.90  -573.20     -8.30     -4.10    3.37     37015.0
 2023 03 01 18 01 00 000   -4.96    -1.74     1.09  -573.50     -9.10     -3.20    3.39     38608.0
 2023 03 01 18 02 00 000   -4.95    -1.84     1.13  -575.90     -9.60     -5.10    3.47     39679.0
 2023 03 01 18 03 00 000   -5.00    -1.77     1.10  -576.40    -10.10     -2.70    3.18     31934.0
 2023 03 01 18 04 00 000   -5.00    -1.73     1.14  -576.40    -10.10     -2.60    3.16     31533.0
 2023 03 01 18 05 00 000   -5.04    -1.71     1.13  -576.20    -10.20     -0.30    3.04     29693.0
 2023 03 01 18 06 00 000   -5.05    -1.69     1.10  -576.20    -10.20      0.10    3.01     29335.0
 2023 03 01 18 07 00 000   -5.04    -1.75     1.07  -575.50    -10.00     -0.10    2.91     44082.0
 2023 03 01 18 08 00 000   -5.06    -1.75     0.97  -575.60    -10.10      0.00    2.93     42783.0
 2023 03 01 18 09 00 000   -5.07    -1.86     0.61  -576.20    -10.70      0.70    3.09     29518.0
 2023 03 01 18 10 00 000   -5.12    -1.76     0.69  -577.40    -11.20     -0.10    2.93     27045.0
 2023 03 01 18 11 00 000   -5.14    -1.62     0.77  -577.50    -11.10     -0.70    2.88     27516.0
 2023 03 01 18 12 00 000   -5.12    -1.69     0.83  -577.20    -10.40     -1.50    2.90     27379.0
 2023 03 01 18 13 00 000   -5.15    -1.67     0.80  -575.70    -10.00     -4.40    3.04     31432.0
 2023 03 01 18 14 00 000   -5.14    -1.69     0.82  -576.20     -9.90     -3.10    2.98     29512.0
 2023 03 01 18 15 00 000   -5.15    -1.70     0.82  -575.70    -10.40     -4.40    3.15     34469.0
 2023 03 01 18 16 00 000   -5.17    -1.73     0.61  -576.80    -11.10     -4.10    2.97     44194.0
 2023 03 01 18 17 00 000   -5.18    -1.68     0.57  -576.90    -11.20     -4.10    2.95     45024.0
 2023 03 01 18 18 00 000   -5.18    -1.70     0.55  -576.40    -11.40     -1.70    3.08     30086.0
 2023 03 01 18 19 00 000   -5.15    -1.77     0.56  -576.40    -11.40     -1.70    3.08     30086.0
 2023 03 01 18 20 00 000   -5.16    -1.83     0.46  -578.20    -11.30     -2.00    3.10     29282.0
 2023 03 01 18 21 00 000   -5.13    -1.84     0.49  -578.20    -11.30     -2.00    3.10     29282.0
 2023 03 01 18 22 00 000   -5.17    -1.85     0.49  -577.50    -10.70     -3.40    3.08     29543.0
 2023 03 01 18 23 00 000   -5.15    -1.89     0.48  -576.80    -10.00     -5.00    3.05     29844.0
 2023 03 01 18 24 00 000   -5.10    -2.01     0.43  -576.80    -10.00     -5.00    3.05     29844.0
 2023 03 01 18 25 00 000   -5.04    -2.08     0.34  -574.70    -11.80     -6.50    3.20     34097.0
 2023 03 01 18 26 00 000   -4.99    -1.78     0.58  -574.70    -11.80     -6.50    3.20     34097.0
 2023 03 01 18 27 00 000   -5.00    -1.73     0.58  -574.70    -11.80     -6.50    3.20     34097.0
 2023 03 01 18 28 00 000   -4.95    -1.73     0.60  -576.80    -16.00     -5.30    3.82     40302.0
 2023 03 01 18 29 00 000   -4.95    -1.66     0.61  -576.80    -16.00     -5.30    3.82     40302.0
 2023 03 01 18 30 00 000   -4.95    -1.68     0.65  -576.80    -16.00     -5.30    3.82     40302.0
 2023 03 01 18 31 00 000   -4.96    -1.63     0.62  -575.80    -15.10     -1.90    3.95     40521.0
 2023 03 01 18 32 00 000   -4.88    -1.56     0.51  -575.40    -15.80     -4.60    4.34     44688.0
 2023 03 01 18 33 00 000   -4.87    -1.61     0.54  -574.80    -16.90     -8.70    4.93     51021.0
 2023 03 01 18 34 00 000   -4.87    -1.58     0.59  -574.30    -18.20    -10.10    4.87     50042.0
 2023 03 01 18 35 00 000   -4.87    -1.54     0.58  -574.30    -18.20    -10.10    4.87     50042.0
 2023 03 01 18 36 00 000   -4.91    -1.60     0.59  -574.30    -18.20    -10.10    4.87     50042.0
 2023 03 01 18 37 00 000   -4.91    -1.63     0.66  -573.50    -18.00    -11.50    4.60     58554.0
 2023 03 01 18 38 00 000   -4.90    -1.67     0.72  -573.50    -18.00    -11.50    4.60     58554.0
 2023 03 01 18 39 00 000   -4.91    -1.63     0.70  -572.60    -16.60     -9.50    4.68     45355.0
 2023 03 01 18 40 00 000   -4.92    -1.65     0.72  -572.60    -16.60     -9.50    4.68     45355.0
 2023 03 01 18 41 00 000   -4.94    -1.66     0.53  -572.60    -16.60     -9.50    4.68     45355.0
 2023 03 01 18 42 00 000   -4.90    -1.72     0.49  -572.40    -21.30    -12.50    4.56     44662.0
 2023 03 01 18 43 00 000   -4.92    -1.68     0.57  -572.40    -21.30    -12.50    4.56     44662.0
 2023 03 01 18 44 00 000   -4.89    -1.68     0.60  -572.40    -21.30    -12.50    4.56     44662.0
 2023 03 01 18 45 00 000   -4.87    -1.72     0.57  -576.20    -20.50    -10.90    5.23     54850.0
 2023 03 01 18 46 00 000   -4.85    -1.77     0.52  -576.20    -20.50    -10.90    5.23     54850.0
 2023 03 01 18 47 00 000   -4.88    -1.76     0.54  -576.20    -20.50    -10.90    5.23     54850.0
 2023 03 01 18 48 00 000   -4.87    -1.85     0.42  -576.20    -20.50    -10.90    5.23     54850.0
 2023 03 01 18 49 00 000   -4.94    -1.72     0.31  -574.90    -19.40     -6.30    5.55     45057.0
 2023 03 01 18 50 00 000   -4.93    -1.71     0.25  -574.90    -19.40     -6.30    5.55     45057.0
 2023 03 01 18 51 00 000   -4.91    -1.76     0.23  -574.90    -19.40     -6.30    5.55     45057.0
 2023 03 01 18 52 00 000   -4.92    -1.73     0.28  -574.90    -19.40     -6.30    5.55     45057.0
 2023 03 01 18 53 00 000   -4.95    -1.74     0.34  -576.20    -22.50     -6.60    5.57     48969.0
 2023 03 01 18 54 00 000   -4.94    -1.72     0.62  -576.20    -22.50     -6.60    5.57     48969.0
 2023 03 01 18 55 00 000   -4.96    -1.75     0.62  -574.60    -20.50     -4.40    5.27     46220.0
 2023 03 01 18 56 00 000   -4.97    -1.80     0.37  -574.50    -20.20     -8.20    5.42     53323.0
 2023 03 01 18 57 00 000   -5.01    -1.81     0.32  -575.40    -19.80     -9.50    5.32     53600.0
 2023 03 01 18 58 00 000   -5.04    -1.80     0.13  -576.60    -19.60     -8.50    5.06     49210.0
 2023 03 01 18 59 00 000   -5.02    -1.83     0.11  -576.60    -19.60     -8.50    5.06     49210.0
 2023 03 01 19 00 00 000   -4.83    -1.67     0.62  -578.10    -20.70     -9.40    5.18     54959.0
 2023 03 01 19 01 00 000   -5.05    -1.72     1.10  -577.40    -19.90     -9.00    5.16     53905.0
 2023 03 01 19 02 00 000   -5.09    -1.74     1.23  -572.40    -14.10     -6.50    5.06     46737.0
 2023 03 01 19 03 00 000   -5.07    -1.73     1.29  -572.80    -14.20     -6.10    5.20     47273.0
 2023 03 01 19 04 00 000   -5.00    -1.77     1.21  -573.50    -15.00     -6.70    4.95     48738.0
 2023 03 01 19 05 00 000   -5.02    -1.70     1.25  -573.70    -14.10     -7.30    4.87     48476.0
 2023 03 01 19 06 00 000   -5.05    -1.78     1.19  -573.50    -13.80     -5.80    4.78     51733.0
 2023 03 01 19 07 00 000   -4.22    -1.48     0.97  -570.60    -14.10     -2.00    5.05     63212.0
 2023 03 01 19 08 00 000   -4.65    -1.65     1.13  -569.60    -14.00     -0.90    5.15     67385.0
 2023 03 01 19 09 00 000   -4.71    -1.67     1.14  -574.90    -14.90     -6.60    4.76     40981.0
 2023 03 01 19 10 00 000   -4.93    -1.73     1.15  -573.60    -19.30     -1.40    4.85     48028.0
 2023 03 01 19 11 00 000   -4.78    -1.65     1.04  -570.70    -17.40     -3.30    5.40     54704.0
 2023 03 01 19 12 00 000   -4.70    -1.63     0.97  -576.10    -15.10     -4.90    4.56     41371.0
 2023 03 01 19 13 00 000   -4.60    -1.51     0.90  -576.00    -16.90     -4.20    4.83     43681.0
 2023 03 01 19 14 00 000   -4.69    -1.54     0.79  -576.00    -15.80     -3.40    4.80     44138.0
 2023 03 01 19 15 00 000   -4.16    -1.29     0.81  -571.80    -18.80     -1.30    5.26     55833.0
 2023 03 01 19 16 00 000   -4.45    -1.53     0.75  -571.10    -20.50     -0.70    5.33     58776.0
 2023 03 01 19 17 00 000   -4.49    -1.54     0.77  -566.10    -15.60     -1.30    5.80     57512.0
 2023 03 01 19 18 00 000   -4.96    -1.80     0.87  -571.00    -18.50     -2.20    5.08     44376.0
 2023 03 01 19 19 00 000   -4.82    -1.62     0.79  -568.50    -19.60     -2.50    5.38     52797.0
 2023 03 01 19 20 00 000   -5.17    -1.86     1.09  -572.00    -17.80     -4.30    4.96     43800.0
 2023 03 01 19 21 00 000   -5.20    -1.86     1.00  -571.50    -17.70     -4.20    4.87     41471.0
 2023 03 01 19 22 00 000   -3.93    -1.38     0.69  -574.40    -17.80     -6.90    4.75     40427.0
 2023 03 01 19 24 00 000   -3.47    -0.91     0.60  -574.40    -17.80     -6.90    4.75     40427.0
 2023 03 01 19 25 00 000   -3.74     0.27     1.59  -574.40    -17.80     -6.90    4.75     40427.0
 2023 03 01 19 26 00 000   -3.60    -0.28     1.42  -574.40    -17.80     -6.90    4.75     40427.0
 2023 03 01 19 27 00 000   -3.70    -0.41     1.22  -568.80    -15.30      0.00    6.91     94229.0
 2023 03 01 19 28 00 000   -3.72    -0.61     1.39  -570.00    -22.50      4.30    6.74    107036.0
 2023 03 01 19 29 00 000   -4.01    -1.37     0.80  -569.30    -21.40      2.80    6.65     84457.0
 2023 03 01 19 30 00 000   -4.03    -1.15     0.76  -569.20    -18.50      4.80    6.63     90213.0
 2023 03 01 19 31 00 000   -4.05    -1.13     0.59  -573.60    -38.10    -19.30    7.01     90563.0
 2023 03 01 19 32 00 000   -4.21    -1.48     0.54  -573.10    -36.70    -18.00    7.01     90742.0
 2023 03 01 19 33 00 000   -4.16    -1.23     0.74  -567.50    -20.80     -2.70    7.01     92819.0
 2023 03 01 19 34 00 000   -4.06    -1.39     0.63  -566.70    -19.30      2.30    6.95     92196.0
 2023 03 01 19 35 00 000   -4.12    -1.31     0.79  -566.90    -19.50      2.80    6.93     91629.0
 2023 03 01 19 36 00 000   -4.08    -1.29     0.83  -568.10    -17.70      2.00    7.11     94626.0
 2023 03 01 19 37 00 000   -4.08    -1.24     0.79  -569.80    -16.60      3.80    7.79    109117.0
 2023 03 01 19 38 00 000   -4.19    -1.59     0.83  -567.50    -17.00     -0.80    6.70     82467.0
 2023 03 01 19 39 00 000   -4.09    -1.99     0.08  -566.60    -17.40      1.00    6.47     70064.0
 2023 03 01 19 40 00 000   -4.22    -2.11    -0.15  -569.50    -23.50     -3.30    6.24     69337.0
 2023 03 01 19 41 00 000   -4.01    -2.08    -0.08  -574.70    -32.00    -11.40    6.12     80822.0
 2023 03 01 19 42 00 000   -4.08    -1.66     0.11  -574.70    -32.00    -11.40    6.12     80822.0
 2023 03 01 19 43 00 000   -4.24    -1.91    -0.10  -574.70    -32.00    -11.40    6.12     80822.0
 2023 03 01 19 44 00 000   -4.28    -1.79     0.13  -574.70    -32.00    -11.40    6.12     80822.0
 2023 03 01 19 45 00 000   -4.35    -0.95     1.20  -574.30    -24.90    -11.50    7.66     98601.0
 2023 03 01 19 46 00 000   -4.50    -0.55     1.60  -578.10    -27.40     -7.40    6.67     85797.0
 2023 03 01 19 47 00 000   -4.63    -0.10     2.13  -580.00    -28.60     -5.30    6.17     79332.0
 2023 03 01 19 48 00 000   -4.72    -0.35     2.00  -577.50    -24.80    -16.40    6.09     88099.0
 2023 03 01 19 49 00 000   -4.33    -0.32     2.71  -577.50    -24.80    -16.40    6.09     88099.0
 2023 03 01 19 50 00 000   -4.26    -0.29     2.79  -577.50    -24.80    -16.40    6.09     88099.0
 2023 03 01 19 51 00 000   -4.16    -0.39     2.92  -577.50    -24.80    -16.40    6.09     88099.0
 2023 03 01 19 52 00 000   -4.12    -0.56     2.98  -577.50    -24.80    -16.40    6.09     88099.0
 2023 03 01 19 53 00 000   -4.39    -0.86     2.09  -581.40    -28.40     -8.40    6.25    163026.0
 2023 03 01 19 54 00 000   -4.31    -0.60     2.69  -581.70    -23.70     -4.80    5.82    135156.0
 2023 03 01 19 55 00 000   -4.54    -1.15     1.36  -582.20    -14.70      2.00    5.03     81887.0
 2023 03 01 19 56 00 000   -4.43    -1.38     1.43  -570.50    -22.40    -15.50    7.01    114534.0
 2023 03 01 19 57 00 000   -4.33    -1.73     1.65  -570.50    -22.40    -15.50    7.01    114534.0
 2023 03 01 20 01 00 000   -4.63    -1.50     0.99  -571.20    -21.40     -5.40    5.32     56576.0
 2023 03 01 20 02 00 000   -4.71    -1.69     0.70  -571.20    -21.40     -5.40    5.32     56576.0
 2023 03 01 20 03 00 000   -4.71    -1.62     0.83  -571.20    -21.40     -5.40    5.32     56576.0
 2023 03 01 20 04 00 000   -4.72    -1.57     0.95  -575.00    -23.50     -9.60    5.98     52865.0
 2023 03 01 20 05 00 000   -4.81    -1.60     0.88  -575.00    -23.50     -9.60    5.98     52865.0
 2023 03 01 20 06 00 000   -4.73    -1.50     0.98  -575.00    -23.50     -9.60    5.98     52865.0
 2023 03 01 20 07 00 000   -4.90    -1.62     0.68  -575.00    -23.50     -9.60    5.98     52865.0
 2023 03 01 20 08 00 000   -4.86    -1.61     0.87  -575.00    -23.50     -9.60    5.98     52865.0
 2023 03 01 20 09 00 000   -4.85    -1.76     0.73  -575.00    -23.50     -9.60    5.98     52865.0
 2023 03 01 20 10 00 000   -4.83    -1.83     0.71  -573.80    -22.90     -9.60    5.80     48044.0
 2023 03 01 20 11 00 000   -4.94    -1.81     0.66  -573.80    -22.90     -9.60    5.80     48044.0
 2023 03 01 20 12 00 000   -4.97    -1.80     0.74  -573.80    -22.90     -9.60    5.80     48044.0
 2023 03 01 20 13 00 000   -5.05    -1.71     0.72  -573.80    -22.90     -9.60    5.80     48044.0
 2023 03 01 20 14 00 000   -5.08    -1.69     0.65  -571.30    -22.20    -11.00    5.57     44629.0
 2023 03 01 20 15 00 000   -5.08    -1.69     0.65  -571.30    -22.20    -11.00    5.57     44629.0
 2023 03 01 20 18 00 000   -5.07    -1.69     0.68  -571.30    -22.20    -11.00    5.57     44629.0
 2023 03 01 20 22 00 000   -5.05    -1.71     0.68  -571.30    -22.20    -11.00    5.57     44629.0
 2023 03 01 20 23 00 000   -5.04    -1.75     0.69  -571.30    -22.20    -11.00    5.57     44629.0
 2023 03 01 20 24 00 000   -5.04    -1.73     0.66  -571.30    -22.20    -11.00    5.57     44629.0
 2023 03 01 20 25 00 000   -5.04    -1.71     0.68  -571.30    -22.20    -11.00    5.57     44629.0
 2023 03 01 20 26 00 000   -4.99    -1.67     0.71  -571.30    -22.20    -11.00    5.57     44629.0
 2023 03 01 20 27 00 000   -5.04    -1.67     0.62  -572.30    -22.60    -11.30    5.69     46555.0
 2023 03 01 20 28 00 000   -5.02    -1.66     0.60  -572.30    -22.60    -11.30    5.69     46555.0
 2023 03 01 20 29 00 000   -5.02    -1.66     0.60  -572.30    -22.60    -11.30    5.69     46555.0
 2023 03 01 20 30 00 000   -4.99    -1.69     0.70  -572.30    -22.60    -11.30    5.69     46555.0
 2023 03 01 20 35 00 000   -4.95    -1.79     0.65  -572.30    -22.60    -11.30    5.69     46555.0
 2023 03 01 20 40 00 000   -4.98    -1.75     0.64  -572.30    -22.60    -11.30    5.69     46555.0
 2023 03 01 20 41 00 000   -5.03    -1.50     1.15  -573.50    -18.80    -13.10    5.78     44137.0
 2023 03 01 20 42 00 000   -4.84    -1.79     1.28  -573.20    -18.80    -12.30    5.79     45243.0
 2023 03 01 20 43 00 000   -4.95    -1.71     1.07  -571.70    -20.30     -9.00    5.72     46641.0
 2023 03 01 20 44 00 000   -5.08    -1.58     0.72  -571.50    -21.00     -9.20    5.80     49732.0
 2023 03 01 20 45 00 000   -5.09    -1.66     0.29  -571.40    -20.20     -8.80    5.83     50341.0
 2023 03 01 20 46 00 000   -4.93    -1.82     0.88  -570.50    -20.50    -10.70    6.01     64869.0
 2023 03 01 20 47 00 000   -4.98    -1.89     0.41  -571.10    -21.50    -11.10    5.95     57015.0
 2023 03 01 20 48 00 000   -4.91    -1.82     1.25  -571.60    -19.10     -9.30    5.89     49116.0
 2023 03 01 20 49 00 000   -4.87    -1.71     1.39  -571.80    -17.90     -8.40    5.87     45953.0
 2023 03 01 20 50 00 000   -4.82    -1.68     1.39  -571.80    -17.90     -8.40    5.87     45953.0
 2023 03 01 20 51 00 000   -4.84    -1.70     1.62  -573.10    -21.10     -7.20    6.00     47669.0
 2023 03 01 20 52 00 000   -4.68    -1.55     2.15  -573.10    -21.10     -7.20    6.00     47669.0
 2023 03 01 20 53 00 000   -4.96    -1.22     1.49  -573.30    -17.40     -9.10    5.85     47009.0
 2023 03 01 20 54 00 000   -4.96    -1.56     1.29  -573.30    -17.90     -8.70    5.83     46791.0
 2023 03 01 20 55 00 000   -4.94    -1.75     1.23  -571.70    -21.10    -10.00    5.92     49158.0
 2023 03 01 20 56 00 000   -4.86    -1.86     1.44  -571.50    -18.50     -8.70    5.95     49281.0
 2023 03 01 20 57 00 000   -4.73    -2.05     1.61  -570.70    -18.10     -6.60    6.01     46230.0
 2023 03 01 20 58 00 000   -4.75    -2.26     1.26  -569.70    -14.50     -5.60    5.90     44628.0
 2023 03 01 20 59 00 000   -4.86    -2.29     0.82  -569.70    -17.10     -9.00    5.92     43567.0
 2023 03 01 21 00 00 000   -4.82    -2.27     1.23  -571.10    -17.40     -8.20    5.98     44845.0
 2023 03 01 21 01 00 000   -4.80    -2.00     1.72  -571.80    -18.20     -6.80    6.18     43283.0
 2023 03 01 21 02 00 000   -4.62    -2.13     2.07  -571.60    -14.60     -7.40    6.28     42774.0
 2023 03 01 21 03 00 000   -4.45    -2.36     2.35  -571.70    -14.30     -8.20    6.27     40772.0
 2023 03 01 21 04 00 000   -4.51    -2.33     2.20  -571.70    -14.30     -8.20    6.27     40772.0
 2023 03 01 21 05 00 000   -4.48    -2.40     2.19  -571.70    -14.30     -8.20    6.27     40772.0
 2023 03 01 21 06 00 000   -4.57    -2.36     2.03  -571.10    -15.40     -5.40    6.10     37692.0
 2023 03 01 21 07 00 000   -4.62    -2.20     1.92  -571.10    -15.40     -5.40    6.10     37692.0
 2023 03 01 21 08 00 000   -4.66    -2.09     2.02  -571.10    -15.40     -5.40    6.10     37692.0
 2023 03 01 21 09 00 000   -4.64    -2.16     1.99  -571.10    -15.40     -5.40    6.10     37692.0
 2023 03 01 21 10 00 000   -4.65    -2.11     1.99  -571.10    -15.40     -5.40    6.10     37692.0
 2023 03 01 21 11 00 000   -4.67    -2.13     1.91  -572.20    -16.90     -4.90    6.39     44268.0
 2023 03 01 21 12 00 000   -4.69    -2.20     1.80  -572.20    -16.90     -4.90    6.39     44268.0
 2023 03 01 21 13 00 000   -4.77    -2.20     1.56  -572.20    -16.60     -5.50    6.37     44691.0
 2023 03 01 21 14 00 000   -4.82    -2.07     1.59  -572.20    -16.40     -5.80    6.35     44958.0
 2023 03 01 21 15 00 000   -4.90    -1.78     1.76  -574.10    -13.10     -4.20    6.26     47516.0
 2023 03 01 21 16 00 000   -4.73    -2.07     1.87  -575.00    -11.50     -3.40    6.21     48797.0
 2023 03 01 21 17 00 000   -4.75    -2.05     1.83  -575.00    -11.50     -3.40    6.21     48797.0
 2023 03 01 21 18 00 000   -4.69    -2.12     1.91  -572.20    -12.70     -6.40    6.17     41625.0
 2023 03 01 21 19 00 000   -4.71    -2.15     1.82  -572.20    -12.70     -6.40    6.17     41625.0
 2023 03 01 21 20 00 000   -4.70    -2.16     1.84  -572.20    -12.70     -6.40    6.17     41625.0
 2023 03 01 21 21 00 000   -4.69    -2.11     1.91  -571.40    -14.70     -4.50    6.38     41150.0
 2023 03 01 21 22 00 000   -4.65    -2.23     1.88  -571.40    -14.70     -4.50    6.38     41150.0
 2023 03 01 21 23 00 000   -4.62    -2.17     1.93  -571.20    -11.70     -5.80    6.44     42639.0
 2023 03 01 21 24 00 000   -4.58    -2.05     2.11  -571.10    -10.90     -6.20    6.45     43033.0
 2023 03 01 21 25 00 000   -4.60    -2.06     2.06  -571.60    -10.50     -6.30    6.55     37210.0
 2023 03 01 21 26 00 000   -4.60    -2.10     2.04  -571.60    -10.50     -6.30    6.55     37210.0
 2023 03 01 21 27 00 000   -4.68    -2.03     1.88  -571.60    -10.50     -6.30    6.55     37210.0
 2023 03 01 21 28 00 000   -4.72    -2.09     1.67  -572.00    -11.60     -7.80    6.38     42262.0
 2023 03 01 21 29 00 000   -4.47    -2.17     2.21  -572.00    -11.60     -7.80    6.38     42262.0
 2023 03 01 21 30 00 000   -4.59    -2.17     2.05  -572.00    -11.60     -7.80    6.38     42262.0
 2023 03 01 21 31 00 000   -4.49    -2.25     2.08  -572.00    -11.60     -7.80    6.38     42262.0
 2023 03 01 21 32 00 000   -4.60    -2.06     2.01  -572.00    -11.60     -7.80    6.38     42262.0
 2023 03 01 21 33 00 000   -4.69    -1.96     1.87  -572.00    -11.60     -7.80    6.38     42262.0
 2023 03 01 21 34 00 000   -4.65    -2.03     1.90  -572.30    -11.40     -5.90    6.60     44695.0
 2023 03 01 21 35 00 000   -4.72    -1.94     1.81  -572.30    -11.40     -5.90    6.60     44695.0
 2023 03 01 21 36 00 000   -4.67    -2.02     1.91  -572.30    -11.40     -5.90    6.60     44695.0
 2023 03 01 21 37 00 000   -4.46    -2.27     2.04  -572.30    -11.40     -5.90    6.60     44695.0
 2023 03 01 21 38 00 000   -4.46    -2.31     2.06  -571.60    -11.60     -3.70    6.56     45421.0
 2023 03 01 21 39 00 000   -4.38    -2.35     2.16  -571.60    -11.60     -3.70    6.56     45421.0
 2023 03 01 21 40 00 000   -4.42    -2.28     2.01  -571.60    -11.60     -3.70    6.56     45421.0
 2023 03 01 21 41 00 000   -4.55    -2.48     1.36  -571.60    -11.60     -3.70    6.56     45421.0
 2023 03 01 21 42 00 000   -4.46    -2.34     1.70  -571.30    -15.20     -4.30    6.46     49038.0
 2023 03 01 21 43 00 000   -4.36    -2.29     1.95  -571.30    -15.20     -4.30    6.46     49038.0
 2023 03 01 21 44 00 000   -4.38    -2.41     1.75  -570.80    -13.60     -4.50    6.51     46959.0
 2023 03 01 21 45 00 000   -4.26    -2.64     1.69  -570.80    -13.60     -4.50    6.51     46959.0
 2023 03 01 21 46 00 000   -4.31    -2.56     1.67  -570.80    -13.60     -4.50    6.51     46959.0
 2023 03 01 21 47 00 000   -4.33    -2.57     1.61  -570.80    -13.60     -4.50    6.51     46959.0
 2023 03 01 21 48 00 000   -4.48    -2.93     0.80  -570.80    -13.60     -4.50    6.51     46959.0
 2023 03 01 21 49 00 000   -4.40    -2.77     1.62  -570.50    -16.40     -5.50    5.89     43324.0
 2023 03 01 21 50 00 000   -4.44    -2.64     1.72  -570.50    -16.40     -5.50    5.89     43324.0
 2023 03 01 21 51 00 000   -4.43    -2.66     1.60  -570.50    -16.40     -5.50    5.89     43324.0
 2023 03 01 21 52 00 000   -4.42    -2.54     1.61  -571.10    -17.40     -4.60    6.37     45388.0
 2023 03 01 21 53 00 000   -4.35    -2.63     1.67  -571.10    -17.40     -4.60    6.37     45388.0
 2023 03 01 21 54 00 000   -4.34    -2.67     1.67  -571.10    -17.40     -4.60    6.37     45388.0
 2023 03 01 21 55 00 000   -4.36    -2.65     1.68  -570.50    -15.60     -4.00    6.12     45355.0
 2023 03 01 21 56 00 000   -4.40    -2.59     1.66  -570.50    -15.60     -4.00    6.12     45355.0
 2023 03 01 21 57 00 000   -4.29    -2.77     1.72  -570.50    -15.60     -4.00    6.12     45355.0
 2023 03 01 21 58 00 000   -4.32    -2.73     1.65  -569.80    -14.80     -3.40    6.29     46421.0
 2023 03 01 21 59 00 000   -4.39    -2.72     1.52  -569.80    -14.80     -3.40    6.29     46421.0
 2023 03 01 22 00 00 000   -4.41    -2.73     1.50  -569.80    -14.80     -3.40    6.29     46421.0
 2023 03 01 22 01 00 000   -4.52    -2.67     1.41  -569.80    -14.80     -3.40    6.29     46421.0
 2023 03 01 22 02 00 000   -4.55    -2.57     1.39  -569.80    -14.80     -3.40    6.29     46421.0
 2023 03 01 22 03 00 000   -4.55    -2.53     1.39  -569.80    -14.80     -3.40    6.29     46421.0
 2023 03 01 22 04 00 000   -4.31    -2.84     1.84  -568.70    -13.70     -0.50    6.52     45052.0
 2023 03 01 22 05 00 000   -4.28    -2.84     1.71  -569.30    -15.20     -1.20    6.60     46107.0
 2023 03 01 22 06 00 000   -4.66    -2.97     1.58  -568.20    -15.70      0.60    6.70     45655.0
 2023 03 01 22 07 00 000   -4.44    -3.08     1.65  -566.30    -14.10      1.60    6.74     44276.0
 2023 03 01 22 08 00 000   -4.51    -3.09     1.40  -566.70    -15.30      2.10    6.62     46194.0
 2023 03 01 22 09 00 000   -4.73    -3.00     0.98  -565.80    -15.70      1.90    6.67     46832.0
 2023 03 01 22 10 00 000   -4.55    -3.06     1.26  -565.80    -14.60      1.60    6.69     44841.0
 2023 03 01 22 11 00 000   -4.56    -3.04     1.28  -566.50    -16.40     -0.40    6.67     45222.0
 2023 03 01 22 12 00 000   -4.98    -2.88     0.29  -564.00    -14.50      0.80    6.74     44170.0
 2023 03 01 22 13 00 000   -4.94    -2.99     0.22  -564.00    -14.50      0.80    6.74     44170.0
 2023 03 01 22 14 00 000   -4.90    -3.11     0.14  -564.00    -14.50      0.80    6.74     44170.0
 2023 03 01 22 15 00 000   -5.06    -2.89    -0.31  -563.40    -16.30      0.20    7.05     45986.0
 2023 03 01 22 16 00 000   -5.07    -2.91    -0.35  -563.40    -16.30      0.20    7.05     45986.0
 2023 03 01 22 17 00 000   -5.06    -2.97    -0.41  -563.60    -15.10      0.10    6.96     46455.0
 2023 03 01 22 18 00 000   -5.01    -3.05    -0.29  -563.60    -15.20      0.20    6.96     46406.0
 2023 03 01 22 19 00 000   -5.13    -2.89    -0.53  -563.30    -15.90      0.90    6.92     45786.0
 2023 03 01 22 20 00 000   -5.25    -2.59    -0.52  -562.70    -15.10      1.90    6.88     52349.0
 2023 03 01 22 21 00 000   -4.81    -3.24     1.44  -562.50    -14.80      2.30    6.87     54850.0
 2023 03 01 22 22 00 000   -5.19    -3.18     0.46  -565.50    -20.20      3.20    6.26     42166.0
 2023 03 01 22 23 00 000   -5.03    -3.23     1.61  -564.20    -11.20      8.50    6.04     41966.0
 2023 03 01 22 24 00 000   -4.99    -3.35     1.72  -564.10    -10.40      8.20    6.11     43231.0
 2023 03 01 22 26 00 000    2.87     0.06     5.48  -562.50     -7.80     10.60    6.11     44268.0
 2023 03 01 22 27 00 000   -4.53    -3.08     2.57  -562.50     -7.80     10.60    6.11     44268.0
 2023 03 01 22 28 00 000   -4.03    -2.80     2.73  -564.20     -8.10     12.30    6.24     42338.0
 2023 03 01 22 29 00 000   -2.02    -1.86     3.49  -564.00     -7.40     12.20    6.29     43946.0
 2023 03 01 22 30 00 000   -1.99    -1.89     2.97  -566.30    -10.30     12.00    6.88     50672.0
 2023 03 01 22 31 00 000   -3.31    -2.28     2.63  -556.90     -6.70     12.60    6.37     61233.0
 2023 03 01 22 32 00 000   -0.96    -1.45     3.04  -547.00      0.10     12.80    5.61     81196.0
 2023 03 01 22 33 00 000    2.74    -0.52     4.61  -565.10     -6.90     11.80    7.26     75397.0
 2023 03 01 22 34 00 000    1.44    -0.70     5.01  -535.00      2.50     14.50    4.57     90216.0
 2023 03 01 22 35 00 000   -1.06    -1.13     5.35  -548.50     -2.30     11.10    4.82     86049.0
 2023 03 01 22 36 00 000   -0.97    -1.24     5.54  -561.90      1.00      9.60    4.56     90774.0
 2023 03 01 22 37 00 000   -0.63    -1.17     5.51  -561.10     -2.00     12.00    5.17     91391.0
 2023 03 01 22 38 00 000   -0.28    -0.64     6.03  -560.20      0.40      9.20    5.04     96561.0
 2023 03 01 22 39 00 000   -0.17    -1.14     6.17  -561.70     -2.00      6.10    4.25    108194.0
 2023 03 01 22 40 00 000    0.46    -0.26     6.12  -559.00     -1.40      7.70    3.74    112736.0
 2023 03 01 22 41 00 000    0.08    -0.27     6.19  -559.20      4.90      7.90    3.88    113536.0
 2023 03 01 22 42 00 000    0.15    -0.14     6.12  -559.20      4.90      7.90    3.88    113536.0
 2023 03 01 22 43 00 000    0.47     0.10     6.01  -559.40      1.70      7.70    4.62     81798.0
 2023 03 01 22 44 00 000    0.09    -0.04     6.03  -558.60      2.00      8.20    4.44     85917.0
 2023 03 01 22 45 00 000    0.14    -0.37     6.21  -555.60      3.10      9.90    3.80    101254.0
 2023 03 01 22 46 00 000    0.19    -0.50     6.25  -560.40     -3.00      5.70    3.87    101158.0
 2023 03 01 22 47 00 000   -0.07    -0.69     6.23  -560.50     -3.10      5.60    3.87    101156.0
 2023 03 01 22 49 00 000    2.20     0.59     5.80  -560.50     -3.10      5.60    3.87    101156.0
 2023 03 01 22 51 00 000    0.81    -0.99     5.94  -560.50     -3.10      5.60    3.87    101156.0
 2023 03 01 22 52 00 000    1.21    -0.12     5.94  -549.00     -5.90     13.20    4.84    122295.0
 2023 03 01 22 53 00 000    0.92    -0.33     5.97  -548.70     -4.90     13.60    4.85    120117.0
 2023 03 01 22 54 00 000    0.72     0.43     5.78  -546.60      1.90     16.40    4.90    105506.0
 2023 03 01 22 55 00 000    0.86     0.44     5.89  -548.80      8.80     13.60    4.77    110488.0
 2023 03 01 22 56 00 000    0.64     0.62     5.81  -546.50      3.80      9.30    4.74    106580.0
 2023 03 01 22 57 00 000    0.58     0.73     5.72  -541.90      0.90     10.30    4.87    107629.0
 2023 03 01 22 58 00 000    0.53     0.40     6.13  -543.70      5.30     11.60    4.69     97795.0
 2023 03 01 22 59 00 000    1.68     0.20     5.89  -543.70      5.30     11.60    4.69     97795.0
 2023 03 01 23 00 00 000    1.27    -0.47     6.06  -541.50     -3.20     11.20    4.43    107384.0
 2023 03 01 23 01 00 000    1.26    -0.70     5.97  -541.50     -3.20     11.20    4.43    107384.0
 2023 03 01 23 02 00 000    1.63    -0.03     5.79  -541.50     -3.20     11.20    4.43    107384.0
 2023 03 01 23 03 00 000    1.10    -0.70     5.99  -542.80      0.30     13.70    4.91    123713.0
 2023 03 01 23 04 00 000    1.25    -0.39     5.92  -542.80      0.30     13.70    4.91    123713.0
 2023 03 01 23 05 00 000    1.05    -0.20     5.95  -542.80      0.30     13.70    4.91    123713.0
 2023 03 01 23 06 00 000    1.46     0.11     5.87  -542.80      0.30     13.70    4.91    123713.0
 2023 03 01 23 07 00 000    1.23    -0.03     6.00  -542.80      0.30     13.70    4.91    123713.0
 2023 03 01 23 08 00 000    1.33    -0.07     6.27  -542.80      0.30     13.70    4.91    123713.0
 2023 03 01 23 09 00 000    1.18    -0.29     6.08  -542.80      0.30     13.70    4.91    123713.0
 2023 03 01 23 10 00 000    1.68     0.09     5.92  -541.60      6.30     15.20    4.68    101741.0
 2023 03 01 23 11 00 000    1.27    -0.14     6.03  -541.40      6.90     14.90    4.66    101329.0
 2023 03 01 23 12 00 000    1.25    -0.36     6.06  -541.40      6.90     14.90    4.66    101329.0
 2023 03 01 23 13 00 000    1.47    -0.26     5.96  -541.40      6.90     14.90    4.66    101329.0
 2023 03 01 23 14 00 000    1.57    -0.31     5.93  -540.30     11.70     11.40    4.62    105405.0
 2023 03 01 23 15 00 000    1.67     0.10     5.77  -540.30     11.70     11.40    4.62    105405.0
 2023 03 01 23 16 00 000    1.46     0.18     5.94  -540.30     11.70     11.40    4.62    105405.0
 2023 03 01 23 17 00 000    1.69     0.96     5.67  -540.30     11.70     11.40    4.62    105405.0
 2023 03 01 23 18 00 000    1.72     0.59     5.61  -541.20      6.00     11.00    4.40    104397.0
 2023 03 01 23 19 00 000    1.44     0.27     5.80  -543.10      6.40     14.10    4.51    105637.0
 2023 03 01 23 20 00 000    1.35     0.76     5.80  -545.10      6.80     17.50    4.62    106976.0
 2023 03 01 23 21 00 000    1.07     0.31     5.90  -545.10      6.80     17.50    4.62    106976.0
 2023 03 01 23 22 00 000    1.32     0.18     5.87  -544.90     11.20      9.50    4.80    105102.0
 2023 03 01 23 23 00 000    1.41     1.52     5.67  -544.90     11.20      9.50    4.80    105102.0
 2023 03 01 23 24 00 000    1.15     2.61     5.30  -544.90     11.20      9.50    4.80    105102.0
 2023 03 01 23 25 00 000    1.13     0.90     5.93  -544.90     11.20      9.50    4.80    105102.0
 2023 03 01 23 26 00 000    1.03     1.00     5.91  -539.90     23.50      4.60    4.68    132113.0
 2023 03 01 23 27 00 000    1.65     0.74     5.86  -539.90     23.50      4.60    4.68    132113.0
 2023 03 01 23 28 00 000    0.95     0.74     5.94  -539.90     23.50      4.60    4.68    132113.0
 2023 03 01 23 29 00 000    0.95     1.03     5.77  -542.70     25.30     10.30    5.41     98111.0
 2023 03 01 23 30 00 000    1.08     1.15     5.79  -542.70     25.30     10.30    5.41     98111.0
 2023 03 01 23 31 00 000    1.12     1.32     5.68  -542.70     25.30     10.30    5.41     98111.0
 2023 03 01 23 32 00 000    1.27     1.17     5.65  -542.70     25.30     10.30    5.41     98111.0
 2023 03 01 23 33 00 000    1.27     0.83     5.46  -542.70     25.30     10.30    5.41     98111.0
 2023 03 01 23 34 00 000    1.28     0.71     5.61  -538.60     29.90      7.70    5.70     97285.0
 2023 03 01 23 35 00 000    1.30     0.39     5.61  -538.60     29.90      7.70    5.70     97285.0
 2023 03 01 23 36 00 000    1.20     0.56     5.57  -538.60     29.90      7.70    5.70     97285.0
 2023 03 01 23 37 00 000    1.17     0.53     5.68  -534.10     29.10      6.50    5.40    102247.0
 2023 03 01 23 38 00 000    0.93     0.42     5.77  -534.10     29.10      6.50    5.40    102247.0
 2023 03 01 23 39 00 000    0.98     0.53     5.97  -541.80     22.00      9.30    5.04     99538.0
 2023 03 01 23 40 00 000    1.25     0.53     6.16  -541.80     22.00      9.30    5.04     99529.0
 2023 03 01 23 41 00 000    1.30     0.58     6.18  -541.80     22.00      9.30    5.04     99529.0
 2023 03 01 23 42 00 000    1.41     0.76     6.25  -543.20     17.10     10.80    4.42    101552.0
 2023 03 01 23 43 00 000    1.71     1.32     6.05  -543.20     17.10     10.80    4.42    101552.0
 2023 03 01 23 44 00 000    1.87     1.40     6.07  -540.90     18.00     11.80    4.36    100901.0
 2023 03 01 23 45 00 000    1.94     1.63     5.87  -538.90     19.20      9.00    4.42    103918.0
 2023 03 01 23 46 00 000    2.18     2.08     5.62  -537.90     20.60      6.20    4.53     98949.0
 2023 03 01 23 47 00 000    2.13     1.29     5.73  -538.30     21.40      6.60    4.60     92025.0
 2023 03 01 23 48 00 000    1.95     0.83     5.90  -538.40     20.40     14.10    4.70     96811.0
 2023 03 01 23 49 00 000    1.98     1.12     5.82  -538.90     16.30     12.20    4.74    107744.0
 2023 03 01 23 50 00 000    1.99     1.11     5.81  -536.70     22.60      7.70    4.67     96606.0
 2023 03 01 23 51 00 000    2.09     1.34     5.72  -536.60     22.90      5.30    4.64     95958.0
 2023 03 01 23 52 00 000    2.06     1.42     5.73  -536.40     23.30      2.60    4.61     95257.0
 2023 03 01 23 53 00 000    2.04     1.31     5.77  -536.40     23.30      2.60    4.61     95257.0
 2023 03 01 23 54 00 000    2.04     1.54     5.68  -536.40     23.30      2.60    4.61     95257.0
 2023 03 01 23 55 00 000    2.06     1.27     5.74  -537.40     23.00      5.70    4.58     87776.0
 2023 03 01 23 56 00 000    2.23     1.23     5.67  -537.40     23.00      5.70    4.58     87776.0
 2023 03 01 23 57 00 000    2.19     1.19     5.70  -537.40     23.00      5.70    4.58     87776.0
 2023 03 01 23 58 00 000    2.13     1.22     5.69  -536.80     21.90      9.30    4.40     86719.0
 2023 03 01 23 59 00 000    1.83     1.22     5.82  -536.80     21.90      9.30    4.40     86719.0
 2023 03 02 00 00 00 000    2.00     1.11     5.82  -536.80     21.90      9.30    4.40     86719.0
 2023 03 02 00 01 00 000    2.01     1.10     5.78  -536.80     21.90      9.30    4.40     86719.0
 2023 03 02 00 02 00 000    2.01     1.10     5.77  -537.20     20.90     10.10    4.57     91314.0
 2023 03 02 00 03 00 000    1.88     1.03     5.76  -537.20     20.90     10.10    4.57     91314.0
 2023 03 02 00 04 00 000    1.80     0.94     5.76  -537.20     20.90     10.10    4.57     91300.0
 2023 03 02 00 05 00 000    2.13     1.23     5.62  -537.70     21.10      8.20    4.62     87869.0
 2023 03 02 00 06 00 000    2.02     1.04     5.67  -536.30     20.80      9.00    4.63     93917.0
 2023 03 02 00 07 00 000    1.50     0.76     5.80  -535.30     20.70      9.70    4.66     98775.0
 2023 03 02 00 08 00 000    1.12     0.35     5.72  -539.50     21.80     10.60    4.96     91267.0
 2023 03 02 00 09 00 000    1.33     0.31     5.65  -539.50     21.80     10.60    4.96     91267.0
 2023 03 02 00 10 00 000    1.33     0.39     5.52  -539.50     21.80     10.60    4.96     91267.0
 2023 03 02 00 11 00 000    1.31     0.41     5.40  -537.30     20.20      9.20    5.09     99137.0
 2023 03 02 00 12 00 000    1.41     0.33     5.33  -537.30     20.20      9.20    5.09     99137.0
 2023 03 02 00 13 00 000    1.33     0.29     5.31  -535.00     19.40      8.50    5.10     91408.0
 2023 03 02 00 14 00 000    1.22     0.48     5.57  -535.00     19.40      8.50    5.10     91408.0
 2023 03 02 00 15 00 000    1.35     0.35     5.34  -535.10     18.30     13.70    5.26     93965.0
 2023 03 02 00 16 00 000    1.39     0.32     5.24  -535.10     18.30     13.70    5.26     93965.0
 2023 03 02 00 17 00 000    0.91     0.59     5.55  -535.20     18.30     13.90    5.25     93209.0
 2023 03 02 00 18 00 000    1.32     0.03     5.78  -536.40     18.90     17.00    5.03     82333.0
 2023 03 02 00 19 00 000    1.39     0.41     5.80  -536.30     19.30     16.30    5.00     84602.0
 2023 03 02 00 20 00 000    1.36     0.47     5.75  -535.90     20.50     14.30    4.87     91502.0
 2023 03 02 00 21 00 000    0.53     0.86     5.73  -540.70     22.50     18.50    5.45     94219.0
 2023 03 02 00 22 00 000    0.46     0.87     5.79  -541.60     22.90     19.30    5.56     94730.0
 2023 03 02 00 23 00 000    0.54     0.49     5.84  -540.10     21.90     19.60    5.69    107231.0
 2023 03 02 00 24 00 000    0.52     0.54     5.89  -540.10     21.90     19.60    5.69    107231.0
 2023 03 02 00 25 00 000    0.84     0.70     5.74  -538.00     22.60     15.50    5.21    100675.0
 2023 03 02 00 26 00 000    1.24     0.81     5.41  -537.20     22.60     14.10    5.09     95852.0
 2023 03 02 00 27 00 000    1.02     0.47     5.27  -536.30     21.50     12.80    5.15     82936.0
 2023 03 02 00 28 00 000    1.21     0.72     5.22  -539.80     17.80     11.70    5.16     90595.0
 2023 03 02 00 29 00 000    1.26     0.74     5.21  -539.80     17.80     11.70    5.16     90610.0
 2023 03 02 00 30 00 000    1.93     1.21     5.02  -539.80     17.80     11.70    5.16     90610.0
 2023 03 02 00 31 00 000    1.91     1.22     5.05  -534.60     19.10     10.70    5.24     91065.0
 2023 03 02 00 32 00 000    1.81     1.05     5.07  -534.40     20.40     10.00    5.24     93242.0
 2023 03 02 00 33 00 000    1.50     0.77     5.12  -534.40     20.40     10.00    5.24     93242.0
 2023 03 02 00 34 00 000    1.97     1.12     5.00  -534.40     20.40     10.00    5.24     93242.0
 2023 03 02 00 35 00 000    1.34     0.80     5.09  -534.40     20.40     10.00    5.24     93242.0
 2023 03 02 00 36 00 000    0.42    -0.42     4.96  -533.60     22.10     11.80    5.35     95401.0
 2023 03 02 00 37 00 000   -0.68    -0.99     5.08  -541.00     16.10     19.40    5.16     92054.0
 2023 03 02 00 38 00 000   -0.68    -1.07     5.05  -547.10     11.20     25.60    5.02     89304.0
 2023 03 02 00 39 00 000   -0.19    -0.58     5.06  -549.20     10.30     17.50    5.96    124755.0
 2023 03 02 00 40 00 000    0.63     0.43     4.83  -549.20     10.30     17.50    5.96    124755.0
 2023 03 02 00 41 00 000    2.53     1.81     4.05  -549.20     10.30     17.50    5.96    124755.0
 2023 03 02 00 42 00 000    3.28     2.14     3.30  -521.30     31.40     -1.50    5.34     93204.0
 2023 03 02 00 43 00 000    2.68     1.39     4.19  -520.90     27.60      0.40    5.33     96249.0
 2023 03 02 00 44 00 000    2.20     0.60     4.50  -520.00     18.50      4.80    5.32    103418.0
 2023 03 02 00 45 00 000    1.60     0.76     4.68  -521.90     13.20     -9.30    5.17     87608.0
 2023 03 02 00 46 00 000    0.03    -0.62     4.93  -535.00     18.20     11.60    5.31    100165.0
 2023 03 02 00 47 00 000    0.82    -0.27     4.88  -533.80     20.00     13.60    4.79     87532.0
 2023 03 02 00 48 00 000    2.39     0.71     4.48  -541.50     18.00     16.00    4.35     74224.0
 2023 03 02 00 49 00 000    1.97     1.30     4.56  -523.20     28.60      3.50    5.24    100981.0
 2023 03 02 00 50 00 000    1.59     1.50     4.65  -522.30     26.80      5.00    5.17     99320.0
 2023 03 02 00 51 00 000    0.70     2.21     4.62  -521.60     25.30      6.10    5.12     97954.0
 2023 03 02 00 52 00 000    1.37     1.83     5.01  -521.60     25.30      6.10    5.12     97954.0
 2023 03 02 00 53 00 000    2.16     1.13     5.02  -521.60     25.30      6.10    5.12     97954.0
 2023 03 02 00 54 00 000    1.36     0.04     5.23  -527.60     17.80     19.30    4.84     83312.0
 2023 03 02 00 55 00 000   -0.07    -0.42     5.47  -532.30     18.00     19.10    4.91     87678.0
 2023 03 02 00 56 00 000   -0.49    -0.64     5.51  -542.70     16.30     19.80    4.43     84707.0
 2023 03 02 00 57 00 000   -1.28    -1.25     5.48  -545.60     15.00     20.40    4.08     79369.0
 2023 03 02 00 58 00 000   -0.70    -0.76     5.46  -545.60     15.00     20.40    4.08     79369.0
 2023 03 02 00 59 00 000    0.16    -0.79     5.36  -545.60     15.00     20.40    4.08     79369.0
 2023 03 02 01 00 00 000    0.18    -0.21     5.38  -531.90     24.00     13.30    4.15     94012.0
 2023 03 02 01 01 00 000    0.00    -0.19     5.53  -532.00     21.10      9.80    3.95     89750.0
 2023 03 02 01 02 00 000    0.16    -0.40     5.48  -533.20     16.30     10.90    3.74     83654.0
 2023 03 02 01 03 00 000   -0.37    -0.74     5.56  -534.30     14.60     15.10    3.72     81887.0
 2023 03 02 01 04 00 000   -0.51    -1.11     5.57  -541.20     23.10     12.90    3.85     76102.0
 2023 03 02 01 05 00 000   -0.81    -1.43     5.40  -541.30     23.30     12.90    3.85     75988.0
 2023 03 02 01 06 00 000   -0.70    -1.62     5.43  -536.90     14.40     18.00    3.65     82384.0
 2023 03 02 01 07 00 000   -1.12    -2.43     4.71  -537.20     14.10     17.70    3.65     81629.0
 2023 03 02 01 08 00 000   -0.54    -0.31     4.82  -542.00      6.90     15.30    3.81     80868.0
 2023 03 02 01 09 00 000   -1.15    -2.40     1.61  -543.60      3.50      7.30    4.32     97557.0
 2023 03 02 01 10 00 000   -1.34    -2.58     2.14  -544.90     -6.60     15.40    4.05    104567.0
 2023 03 02 01 11 00 000   -1.31    -2.31     2.44  -545.80     -0.60     10.40    4.31    113654.0
 2023 03 02 01 12 00 000   -1.32    -1.95     2.74  -546.50      4.10      6.50    4.51    120830.0
 2023 03 02 01 13 00 000   -0.30    -0.58     4.28  -538.80     23.00     13.40    4.11     74197.0
 2023 03 02 01 14 00 000   -0.78    -1.26     4.32  -542.20     17.80     19.00    3.83     91665.0
 2023 03 02 01 15 00 000   -0.74    -1.48     2.84  -544.20     13.00     13.90    4.29    126735.0
 2023 03 02 01 16 00 000   -0.80    -1.42     3.62  -543.50     12.00      7.30    4.57    141788.0
 2023 03 02 01 17 00 000   -0.43    -2.11     4.66  -545.50      8.50     12.50    3.83    125111.0
 2023 03 02 01 18 00 000   -0.83    -1.42     3.37  -546.10      7.90     20.70    3.35    104946.0
 2023 03 02 01 19 00 000   -0.86    -0.60     4.50  -545.50     12.00     23.40    3.52    112440.0
 2023 03 02 01 20 00 000   -0.79    -0.30     4.75  -545.30     13.30     22.30    3.44    115394.0
 2023 03 02 01 21 00 000   -0.48    -0.80     3.49  -544.90     13.70     20.70    3.18    119304.0
 2023 03 02 01 22 00 000   -0.59    -0.86     5.25  -544.90     13.70     20.70    3.18    119304.0
 2023 03 02 01 23 00 000   -0.47    -0.98     4.25  -547.90     10.50     23.90    3.21    100958.0
 2023 03 02 01 24 00 000   -0.41    -1.14     5.22  -547.90     10.50     23.90    3.21    100958.0
 2023 03 02 01 25 00 000   -0.57    -1.56     5.10  -547.90     10.50     23.90    3.21    100958.0
 2023 03 02 01 26 00 000   -0.84    -1.48     5.05  -547.60     10.90     22.10    3.24    107996.0
 2023 03 02 01 27 00 000   -1.02    -1.08     4.98  -547.60     10.90     22.10    3.24    107996.0
 2023 03 02 01 28 00 000   -1.07    -1.55     4.46  -547.60     10.90     22.10    3.24    107996.0
 2023 03 02 01 29 00 000   -1.36    -1.37     4.97  -547.60     10.90     22.10    3.24    107996.0
 2023 03 02 01 30 00 000   -1.30    -1.04     5.09  -547.60     10.90     22.10    3.24    107996.0
 2023 03 02 01 31 00 000   -1.15    -0.69     5.07  -547.60     10.90     22.10    3.24    107996.0
 2023 03 02 01 32 00 000   -0.75    -1.24     5.01  -547.60     10.90     22.10    3.24    107996.0
 2023 03 02 01 33 00 000   -0.83    -0.95     5.11  -547.30     11.30     18.70    3.21    106316.0
 2023 03 02 01 34 00 000   -0.72    -0.82     5.14  -547.30     11.30     18.70    3.21    106316.0
 2023 03 02 01 35 00 000   -1.09    -0.28     5.20  -548.00     11.00     23.90    3.33    106062.0
 2023 03 02 01 36 00 000   -1.21    -0.38     5.24  -548.00     11.00     23.90    3.33    106062.0
 2023 03 02 01 38 00 000   -0.83    -0.71     5.26  -548.00     11.00     23.90    3.33    106062.0
 2023 03 02 01 39 00 000   -0.61    -1.08     5.19  -541.90      8.70     18.60    2.80    107690.0
 2023 03 02 01 40 00 000   -0.46    -1.28     5.15  -541.90      8.70     18.60    2.80    107690.0
 2023 03 02 01 41 00 000   -0.40    -1.55     5.13  -541.90      8.70     18.60    2.80    107690.0
 2023 03 02 01 42 00 000   -0.68    -1.02     5.28  -541.90      8.70     18.60    2.80    107690.0
 2023 03 02 01 43 00 000   -0.84    -1.16     5.21  -541.90      8.70     18.60    2.80    107690.0
 2023 03 02 01 44 00 000   -0.79    -0.61     5.32  -544.10     10.60     25.90    3.11    111449.0
 2023 03 02 01 45 00 000   -0.07    -0.40     5.41  -544.10     10.60     25.90    3.11    111449.0
 2023 03 02 01 46 00 000   -0.90     0.54     5.42  -544.10     10.60     25.90    3.11    111449.0
 2023 03 02 01 47 00 000   -0.37     0.75     5.43  -537.50     23.20     21.90    3.22    109227.0
 2023 03 02 01 48 00 000    0.11     0.95     5.35  -537.50     23.20     21.90    3.22    109227.0
 2023 03 02 01 49 00 000   -0.51     0.15     5.00  -538.90     18.90     24.70    3.27    121969.0
 2023 03 02 01 50 00 000   -0.10     0.58     5.09  -540.10     15.30     27.10    3.31    132566.0
 2023 03 02 01 51 00 000   -0.89    -0.27     4.94  -540.10     15.30     27.10    3.31    132566.0
 2023 03 02 01 52 00 000   -0.54    -0.81     4.89  -533.70     25.70     18.30    3.30    120830.0
 2023 03 02 01 53 00 000   -0.70    -0.97     4.50  -533.70     25.70     18.30    3.30    120830.0
 2023 03 02 01 54 00 000   -2.12    -2.04     2.97  -533.70     25.70     18.30    3.30    120830.0
 2023 03 02 01 55 00 000   -2.56    -2.72     2.73  -546.70     11.40      9.00    3.11    122186.0
 2023 03 02 01 56 00 000   -3.03    -3.49     1.79  -546.70     11.40      9.00    3.11    122186.0
 2023 03 02 01 57 00 000   -3.07    -2.92     2.15  -546.70     11.40      9.00    3.11    122186.0
 2023 03 02 01 58 00 000   -2.47    -2.57     1.91  -551.00      5.90     13.50    3.31     94682.0
 2023 03 02 01 59 00 000    2.58     2.31     2.63  -551.00      5.90     13.50    3.31     94682.0
 2023 03 02 02 00 00 000    3.06     3.05     2.01  -551.00      5.90     13.50    3.31     94682.0
 2023 03 02 02 01 00 000    2.60     1.83     3.13  -551.00      5.90     13.50    3.31     94682.0
 2023 03 02 02 02 00 000    2.07     0.70     3.52  -539.30     27.10     20.20    2.95    109073.0
 2023 03 02 02 03 00 000   -0.96    -2.75     3.27  -539.30     27.10     20.20    2.95    109073.0
 2023 03 02 02 04 00 000   -2.86    -3.74     1.84  -539.30     27.10     20.20    2.95    109073.0
 2023 03 02 02 05 00 000   -2.44    -3.23     2.02  -538.60     19.80     24.40    2.65     86216.0
 2023 03 02 02 06 00 000    0.58    -0.52     3.55  -540.90     16.70     25.20    2.98    128694.0
 2023 03 02 02 07 00 000    2.28     1.04     3.75  -544.20     12.70     26.40    3.41    182203.0
 2023 03 02 02 08 00 000    1.99     1.00     3.93  -555.60      9.10     30.60    3.21    151139.0
 2023 03 02 02 09 00 000    2.58     1.20     3.61  -548.60     10.30     28.10    3.41    161826.0
 2023 03 02 02 10 00 000    2.56     1.26     3.74  -546.60     11.10     25.60    3.17    146342.0
 2023 03 02 02 11 00 000    2.39     1.04     3.72  -546.60     11.10     25.60    3.17    146151.0
 2023 03 02 02 12 00 000    2.45     0.99     3.53  -549.40     -1.80     18.20    3.35    181025.0
 2023 03 02 02 13 00 000    2.20     1.17     3.60  -548.20      5.20     23.40    3.34    170770.0
 2023 03 02 02 14 00 000    2.10     1.62     3.65  -548.40      7.80     26.10    3.28    162885.0
 2023 03 02 02 16 00 000    3.20     2.98     1.49  -548.40      7.80     26.10    3.28    162885.0
 2023 03 02 02 17 00 000    3.03     2.43     2.33  -548.40      7.80     26.10    3.28    162885.0
 2023 03 02 02 18 00 000    3.12     1.67     3.21  -548.40      7.80     26.10    3.28    162885.0
 2023 03 02 02 19 00 000    3.13     2.08     2.98  -548.40      7.80     26.10    3.28    162885.0
 2023 03 02 02 20 00 000    3.24     2.46     2.15  -543.60     15.50     22.10    3.26    165106.0
 2023 03 02 02 21 00 000    3.05     3.15     1.23  -543.60     15.50     22.10    3.26    165106.0
 2023 03 02 02 22 00 000    2.70     3.23     0.90  -544.30     23.50     15.70    3.02    178712.0
 2023 03 02 02 23 00 000    2.91     3.08     2.11  -544.30     23.50     15.70    3.02    178712.0
 2023 03 02 02 24 00 000    2.62     3.00     1.16  -546.60     19.40     18.30    3.10    177761.0
 2023 03 02 02 25 00 000    2.96     2.45     2.19  -549.30     14.80     21.30    3.19    176679.0
 2023 03 02 02 26 00 000    2.98     2.02     1.62  -545.50     16.20     26.70    3.18    180419.0
 2023 03 02 02 27 00 000    1.22     0.96    -1.97  -543.40     15.30     26.80    3.26    195939.0
 2023 03 02 02 28 00 000    1.63     0.23    -2.06  -546.10     13.60     11.60    3.21    236964.0
 2023 03 02 02 29 00 000    1.76     0.42    -2.74  -546.50     15.20     11.80    3.26    258721.0
 2023 03 02 02 30 00 000    1.99     1.10    -3.21  -546.60     16.90     16.20    3.37    274185.0
 2023 03 02 02 31 00 000    2.55     1.79    -3.24  -544.80     16.80     14.20    3.18    252639.0
 2023 03 02 02 32 00 000    2.87     2.57    -1.45  -541.60     20.20     11.80    2.96    234511.0
 2023 03 02 02 33 00 000    2.71     2.45    -0.78  -539.60     27.60     10.90    2.92    259258.0
 2023 03 02 02 34 00 000    2.24     0.98     1.78  -543.00     21.00     14.80    3.07    235958.0
 2023 03 02 02 35 00 000    2.36     1.09     1.41  -543.20     20.60     17.00    3.16    220275.0
 2023 03 02 02 36 00 000    2.63     1.12     1.03  -543.20     20.60     17.00    3.16    220275.0
 2023 03 02 02 37 00 000    2.73     1.36     0.71  -536.90     25.20     15.60    3.12    241499.0
 2023 03 02 02 38 00 000    2.84     1.52     0.92  -536.90     25.20     15.60    3.12    241499.0
 2023 03 02 02 39 00 000    3.11     2.73    -0.79  -544.00     36.90     13.60    2.73    264881.0
 2023 03 02 02 40 00 000    3.00     2.65    -0.53  -545.30     39.10     13.20    2.66    269239.0
 2023 03 02 02 41 00 000    3.15     2.54    -0.67  -545.30     39.10     13.20    2.66    269239.0
 2023 03 02 02 42 00 000    2.88     2.56    -0.45  -545.30     39.10     13.20    2.66    269239.0
 2023 03 02 02 43 00 000    2.53     2.80    -0.56  -545.30     39.10     13.20    2.66    269239.0
 2023 03 02 02 44 00 000    2.40     2.88    -0.41  -549.60     17.60      0.90    2.88    235271.0
 2023 03 02 02 45 00 000    2.14     3.01    -0.35  -549.60     17.60      0.90    2.88    235271.0
 2023 03 02 02 46 00 000    2.32     3.06     0.02  -547.80     11.80     12.10    2.57    198016.0
 2023 03 02 02 47 00 000    2.59     1.89    -0.04  -546.40     16.20      9.90    2.61    235504.0
 2023 03 02 02 48 00 000    2.93     1.68     0.26  -545.30     17.10      7.10    2.61    250788.0
 2023 03 02 02 49 00 000    2.88     1.72     1.10  -546.50     29.30     22.10    2.43    248709.0
 2023 03 02 02 50 00 000    3.19     1.48     1.07  -541.10     31.40     10.00    2.52    261928.0
 2023 03 02 02 51 00 000    3.02     1.01     1.17  -544.80     25.00      3.30    2.52    254236.0
 2023 03 02 02 52 00 000    2.91     1.37     1.05  -545.80     27.30     18.80    2.34    242242.0
 2023 03 02 02 53 00 000    2.91     1.39     0.86  -548.80     14.90      4.00    2.47    244757.0
 2023 03 02 02 54 00 000    3.01     1.73     0.92  -549.60     14.00     -1.80    2.48    244123.0
 2023 03 02 02 55 00 000    2.63     1.31     0.32  -547.60     19.10     -2.40    2.47    266834.0
 2023 03 02 02 56 00 000    1.77     1.18    -0.63  -545.90     12.80      4.10    2.66    312618.0
 2023 03 02 02 57 00 000   -0.32    -1.46    -1.31  -545.10     18.10      0.50    2.66    264815.0
 2023 03 02 02 58 00 000   -0.01    -1.85    -1.84  -545.60     14.10      7.30    2.59    180122.0
 2023 03 02 02 59 00 000    0.05    -0.73    -2.14  -542.70     16.60      4.70    2.74    218421.0
 2023 03 02 03 00 00 000    1.68    -0.81    -1.71  -542.70     17.10      5.50    2.73    239647.0
 2023 03 02 03 01 00 000    2.57     1.11    -2.33  -542.70     17.10      5.50    2.73    239647.0
 2023 03 02 03 02 00 000    1.95     0.69    -2.37  -537.50     28.40     -2.00    2.79    270786.0
 2023 03 02 03 03 00 000    2.60     1.07    -2.62  -539.20     25.00      1.50    2.75    263223.0
 2023 03 02 03 04 00 000    2.30     1.66    -1.54  -536.70     22.40      2.40    2.79    293722.0
 2023 03 02 03 05 00 000    2.49     1.56    -2.15  -533.40     30.70      7.50    2.82    304964.0
 2023 03 02 03 06 00 000    2.76     1.53    -1.98  -533.40     30.70      7.60    2.82    304895.0
 2023 03 02 03 07 00 000    2.54     1.47    -1.78  -529.00     16.40     -0.80    2.85    248971.0
 2023 03 02 03 08 00 000    2.65     1.55    -1.55  -529.00     16.40     -0.80    2.85    248971.0
 2023 03 02 03 09 00 000    2.39     2.01    -1.22  -529.00     16.40     -0.80    2.85    248971.0
 2023 03 02 03 10 00 000    2.43     2.17    -1.30  -530.20     21.40    -11.70    3.06    234140.0
 2023 03 02 03 11 00 000    2.29     2.47    -1.29  -530.20     21.40    -11.70    3.06    234140.0
 2023 03 02 03 12 00 000    2.21     2.67    -0.96  -530.20     21.40    -11.70    3.06    234140.0
 2023 03 02 03 13 00 000    2.13     2.60    -0.55  -530.20     21.40    -11.70    3.06    234140.0
 2023 03 02 03 14 00 000    2.66     1.48    -1.68  -530.20     21.40    -11.70    3.06    234140.0
 2023 03 02 03 15 00 000    2.54     1.70    -1.52  -528.30     20.50     -8.70    2.82    254827.0
 2023 03 02 03 16 00 000    2.13     2.29    -1.73  -528.30     20.50     -8.70    2.82    254827.0
 2023 03 02 03 17 00 000    2.54     2.47    -0.64  -532.30     19.90     -5.40    2.77    275000.0
 2023 03 02 03 18 00 000    2.65     2.25    -1.24  -533.60     21.20     -3.20    2.74    277602.0
 2023 03 02 03 19 00 000    2.75     2.44    -1.34  -536.50     24.10      1.80    2.67    283633.0
 2023 03 02 03 20 00 000    2.71     2.20    -1.71  -536.50     24.10      1.80    2.67    283633.0
 2023 03 02 03 22 00 000    3.21     2.59    -0.92  -536.50     24.10      1.80    2.67    283633.0
 2023 03 02 03 23 00 000    3.07     2.63    -0.98  -530.90     22.00     13.40    2.51    257425.0
 2023 03 02 03 24 00 000    2.83     2.49    -1.08  -530.90     22.00     13.40    2.51    257425.0
 2023 03 02 03 25 00 000    2.38    -1.87    -2.93  -532.60     20.80     12.90    2.51    252699.0
 2023 03 02 03 26 00 000    2.19    -2.06    -3.13  -538.50     16.70     11.30    2.51    236328.0
 2023 03 02 03 27 00 000    1.14    -2.24    -3.11  -538.50     16.70     11.30    2.51    236328.0
 2023 03 02 03 28 00 000    0.79    -1.88    -3.38  -536.90      9.30      7.70    2.36    205407.0
 2023 03 02 03 29 00 000    0.05    -2.26    -3.32  -539.80     11.50      7.90    2.35    201192.0
 2023 03 02 03 30 00 000   -1.09    -3.42    -2.00  -556.60      5.70     15.20    2.35    205853.0
 2023 03 02 03 31 00 000   -0.17    -3.06    -2.63  -555.60      1.50     16.70    2.42    207756.0
 2023 03 02 03 32 00 000   -0.23    -3.19    -2.10  -555.80     -0.50     21.80    2.26    197670.0
 2023 03 02 03 33 00 000   -0.60    -3.52    -1.45  -555.80     -0.50     21.80    2.26    197670.0
 2023 03 02 03 34 00 000   -0.35    -2.91    -1.42  -555.80     -0.50     21.80    2.26    197670.0
 2023 03 02 03 35 00 000   -1.15    -2.17     1.56  -553.10      8.90     30.60    2.34    211458.0
 2023 03 02 03 36 00 000   -1.04    -2.22     0.09  -553.10      8.90     30.60    2.34    211458.0
 2023 03 02 03 37 00 000   -2.30    -2.38     1.82  -553.10      8.90     30.60    2.34    211458.0
 2023 03 02 03 38 00 000   -2.15    -2.70     1.84  -542.40     16.90     26.90    2.52    205562.0
 2023 03 02 03 39 00 000   -1.43    -2.17     2.93  -542.30     13.90     25.60    2.50    199734.0
 2023 03 02 03 40 00 000   -1.12    -2.38     2.53  -545.80      5.40     24.60    2.32    161549.0
 2023 03 02 03 41 00 000   -1.54    -2.62     2.17  -550.10     12.40     30.40    2.21    152386.0
 2023 03 02 03 42 00 000   -1.95    -2.55     2.63  -549.00     10.10     27.20    2.22    194330.0
 2023 03 02 03 43 00 000   -2.22    -2.63     2.42  -547.90     10.10     26.30    2.24    192064.0
 2023 03 02 03 44 00 000   -1.92    -3.06     2.26  -546.10     10.10     24.80    2.28    188443.0
 2023 03 02 03 45 00 000   -2.34    -2.54     2.62  -546.10     10.10     24.80    2.28    188443.0
 2023 03 02 03 46 00 000   -1.90    -2.99     2.45  -546.10     10.10     24.80    2.28    188443.0
 2023 03 02 03 47 00 000   -2.06    -2.96     2.37  -546.10     10.10     24.80    2.28    188443.0
 2023 03 02 03 48 00 000   -2.18    -2.67     2.67  -546.10     10.10     24.80    2.28    188443.0
 2023 03 02 03 49 00 000   -1.80    -3.08     2.36  -546.10     10.10     24.80    2.28    188443.0
 2023 03 02 03 50 00 000   -1.90    -2.84     2.59  -538.30      3.20     32.90    2.14    143369.0
 2023 03 02 03 51 00 000   -1.94    -2.86     2.54  -538.30      3.20     32.90    2.14    143369.0
 2023 03 02 03 52 00 000   -1.66    -3.35     1.96  -539.50      5.30     32.50    2.14    151059.0
 2023 03 02 03 53 00 000   -1.73    -3.22     2.10  -544.70     14.50     30.50    2.12    184613.0
 2023 03 02 03 54 00 000   -2.10    -2.61     2.65  -544.70     14.50     30.50    2.12    184613.0
 2023 03 02 03 55 00 000   -2.17    -2.86     2.06  -544.70     14.50     30.50    2.12    184613.0
 2023 03 02 03 56 00 000   -2.00    -3.16     1.93  -544.70     14.50     30.50    2.12    184613.0
 2023 03 02 03 57 00 000   -2.37    -2.76     2.03  -544.70     14.50     30.50    2.12    184613.0
 2023 03 02 03 58 00 000   -2.72    -2.47     2.03  -544.70     14.50     30.50    2.12    184613.0
 2023 03 02 03 59 00 000   -2.10    -3.00     2.02  -544.70     14.50     30.50    2.12    184613.0
 2023 03 02 04 00 00 000   -2.23    -2.81     2.31  -543.40     10.80     33.30    2.39    166372.0
 2023 03 02 04 01 00 000   -2.19    -2.80     2.36  -545.10     10.60     30.90    2.40    173986.0
 2023 03 02 04 02 00 000   -2.27    -3.11     1.96  -548.50     10.10     25.80    2.41    189728.0
 2023 03 02 04 03 00 000   -2.25    -2.83     2.25  -548.50     10.10     25.80    2.41    189728.0
 2023 03 02 04 04 00 000   -2.21    -3.12     1.85  -548.50     10.10     25.80    2.41    189728.0
 2023 03 02 04 05 00 000   -2.66    -2.58    -0.14  -545.60      8.60     30.10    2.18    134499.0
 2023 03 02 04 06 00 000   -2.42    -2.67     0.01  -545.60      8.60     30.10    2.18    134499.0
 2023 03 02 04 07 00 000   -2.08    -2.75     1.17  -541.50     10.90     29.90    2.31    151706.0
 2023 03 02 04 08 00 000   -2.21    -2.91     1.50  -536.90     12.70     30.90    2.40    166879.0
 2023 03 02 04 09 00 000   -2.62    -2.72     0.18  -542.00     10.00     33.50    2.28    148788.0
 2023 03 02 04 10 00 000   -2.55    -3.05     0.42  -547.30      4.30     29.50    2.09    134497.0
 2023 03 02 04 11 00 000   -2.51    -3.21     0.75  -546.90      4.40     29.80    2.09    134237.0
 2023 03 02 04 12 00 000   -1.93    -3.17     1.08  -542.50      6.80     34.40    2.15    135872.0
 2023 03 02 04 13 00 000   -2.29    -2.96    -0.50  -542.50      6.80     34.40    2.15    135872.0
 2023 03 02 04 14 00 000   -2.34    -2.98    -0.55  -542.50      6.80     34.40    2.15    135872.0
 2023 03 02 04 15 00 000   -2.08    -2.91    -0.19  -543.90      3.00     24.70    1.92    133701.0
 2023 03 02 04 16 00 000   -1.89    -2.72    -0.13  -543.90      3.00     24.70    1.92    133701.0
 2023 03 02 04 17 00 000   -1.44    -3.03     0.32  -543.90      3.00     24.70    1.92    133701.0
 2023 03 02 04 18 00 000   -1.57    -3.01    -0.35  -543.90      3.00     24.70    1.92    133701.0
 2023 03 02 04 19 00 000   -1.73    -2.84     0.13  -543.90      3.00     24.70    1.92    133701.0
 2023 03 02 04 20 00 000   -1.54    -3.16     0.01  -543.90      3.00     24.70    1.92    133701.0
 2023 03 02 04 22 00 000   -1.89    -2.96     0.99  -541.70      9.30     23.90    2.14    129284.0
 2023 03 02 04 23 00 000   -1.70    -3.02     0.93  -541.10      9.60     25.90    2.10    130893.0
 2023 03 02 04 24 00 000   -1.60    -2.94     0.87  -534.80     16.90     21.80    2.33    167330.0
 2023 03 02 04 25 00 000   -1.08    -2.94     0.74  -538.90     11.80     28.00    2.27    171682.0
 2023 03 02 04 26 00 000   -1.08    -2.37     0.78  -542.00      8.90     31.20    2.01    146760.0
 2023 03 02 04 27 00 000    0.53    -0.90    -0.78  -536.50      7.00     24.70    2.11    194443.0
 2023 03 02 04 28 00 000   -1.14    -2.37     0.71  -534.80      4.80     29.10    2.22    180471.0
 2023 03 02 04 29 00 000   -0.67    -2.04     0.40  -532.10     17.20     23.20    2.38    196517.0
 2023 03 02 04 30 00 000    0.04    -2.02     0.32  -529.30     10.70     16.90    2.56    178607.0
 2023 03 02 04 31 00 000    0.93    -1.39    -0.42  -534.30      6.60     24.00    2.46    194653.0
 2023 03 02 04 32 00 000    0.25    -2.06    -0.21  -530.20      6.40     20.20    2.50    198231.0
 2023 03 02 04 33 00 000    0.90    -1.86    -0.26  -527.60     16.10     16.50    2.35    205257.0
 2023 03 02 04 34 00 000    0.69    -1.23    -0.51  -523.20     15.60      7.60    2.38    210653.0
 2023 03 02 04 35 00 000    0.90    -1.38    -0.72  -526.20     14.30     21.30    2.54    212876.0
 2023 03 02 04 36 00 000    0.70    -1.67    -1.14  -530.70      9.90     24.40    2.43    190391.0
 2023 03 02 04 37 00 000    0.85    -0.83    -1.43  -519.40     19.40      8.50    2.53    177526.0
 2023 03 02 04 38 00 000    0.86    -0.28    -1.67  -522.80     17.10     11.40    2.50    200196.0
 2023 03 02 04 39 00 000    1.60    -0.65    -1.07  -522.90     17.30      8.90    2.49    189723.0
 2023 03 02 04 40 00 000    1.63    -0.81    -0.63  -522.00     17.20      7.90    2.53    197265.0
 2023 03 02 04 41 00 000    1.74    -1.38    -0.78  -515.70     22.60      2.50    2.55    191110.0
 2023 03 02 04 42 00 000    0.98    -2.21     0.23  -519.00     22.30      7.20    2.53    177877.0
 2023 03 02 04 43 00 000    1.53     0.35    -1.32  -516.10     26.90      0.70    2.46    160787.0
 2023 03 02 04 44 00 000    1.69     1.34    -1.98  -523.90     16.50     14.00    2.53    206716.0
 2023 03 02 04 45 00 000    1.72     1.58    -2.35  -521.90     17.20      4.20    2.59    184946.0
 2023 03 02 04 47 00 000    2.37     2.17    -2.69  -510.30     21.00      0.90    2.60    168537.0
 2023 03 02 04 49 00 000    2.79     1.85    -2.48  -510.30     21.00      0.90    2.60    168537.0
 2023 03 02 04 51 00 000    3.02     1.25    -2.52  -510.30     21.00      0.90    2.60    168537.0
 2023 03 02 04 52 00 000    2.84     1.63    -2.71  -510.30     21.00      0.90    2.60    168537.0
 2023 03 02 04 53 00 000    2.84     1.62    -2.71  -510.30     21.00      0.90    2.60    168537.0
 2023 03 02 04 54 00 000    2.47     1.91    -2.81  -510.30     21.00      0.90    2.60    168537.0
 2023 03 02 04 56 00 000    2.20     2.03    -2.80  -504.70     18.10    -19.00    2.99    170586.0
 2023 03 02 04 57 00 000    2.07     2.24    -2.94  -504.70     18.10    -19.00    2.99    170586.0
 2023 03 02 04 58 00 000    2.07     2.24    -2.95  -504.70     18.10    -19.00    2.99    170586.0
 2023 03 02 04 59 00 000    1.93     2.12    -2.96  -504.70     18.10    -19.00    2.99    170586.0
 2023 03 02 05 01 00 000    1.92     2.10    -3.12  -504.70     18.10    -19.00    2.99    170586.0
 2023 03 02 05 02 00 000    2.12     2.12    -2.95  -504.70     18.10    -19.00    2.99    170586.0
 2023 03 02 05 03 00 000    1.95     2.25    -3.01  -504.70     18.10    -19.00    2.99    170586.0
 2023 03 02 05 04 00 000    1.95     2.25    -3.01  -504.70     18.10    -19.00    2.99    170586.0
 2023 03 02 05 05 00 000    2.25     2.00    -2.84  -504.70     18.10    -19.00    2.99    170586.0
 2023 03 02 05 06 00 000    2.61     1.73    -2.85  -506.40     17.10    -11.70    2.84    150103.0
 2023 03 02 05 08 00 000    2.74     1.46    -2.89  -506.40     17.10    -11.70    2.84    150103.0
 2023 03 02 05 09 00 000    2.75     1.66    -2.82  -506.40     17.10    -11.70    2.84    150103.0
 2023 03 02 05 10 00 000    2.75     1.65    -2.82  -506.40     17.10    -11.70    2.84    150103.0
 2023 03 02 05 11 00 000    2.75     1.65    -2.82  -506.40     17.10    -11.70    2.84    150103.0
 2023 03 02 05 12 00 000    2.68     1.68    -2.88  -506.40     17.10    -11.70    2.84    150103.0
 2023 03 02 05 13 00 000    2.62     1.70    -2.78  -506.40     17.10    -11.70    2.84    150103.0
 2023 03 02 05 14 00 000    2.94     2.08    -2.06  -502.40     26.10     -9.00    2.83    129805.0
 2023 03 02 05 15 00 000    2.93     1.81    -2.27  -502.40     26.10     -9.00    2.83    129805.0
 2023 03 02 05 16 00 000    2.43     0.72    -2.97  -502.40     26.10     -9.00    2.83    129805.0
 2023 03 02 05 17 00 000    2.67     1.17    -3.00  -502.40     26.10     -9.00    2.83    129805.0
 2023 03 02 05 18 00 000    2.54     1.33    -2.98  -502.40     26.10     -9.00    2.83    129805.0
 2023 03 02 05 19 00 000    2.47     1.18    -3.08  -502.40     26.10     -9.00    2.83    129805.0
 2023 03 02 05 20 00 000    2.41     0.78    -3.03  -501.30     19.70    -13.10    3.29    158164.0
 2023 03 02 05 21 00 000    2.40     1.12    -3.11  -501.30     19.70    -13.10    3.29    158164.0
 2023 03 02 05 22 00 000    2.46     1.17    -3.04  -501.30     19.70    -13.10    3.29    158164.0
 2023 03 02 05 23 00 000    2.45     0.77    -2.90  -506.00     23.00    -13.30    2.59    146568.0
 2023 03 02 05 24 00 000    2.62     1.43    -2.71  -506.00     23.00    -13.30    2.59    146568.0
 2023 03 02 05 25 00 000    2.93     1.62    -2.27  -506.00     23.00    -13.30    2.59    146568.0
 2023 03 02 05 26 00 000    2.61     0.92    -2.82  -506.00     23.00    -13.30    2.59    146568.0
 2023 03 02 05 27 00 000    2.73     1.75    -2.47  -501.90     24.80      1.60    3.03    148300.0
 2023 03 02 05 28 00 000    2.60     1.48    -2.81  -502.00     24.40      0.50    3.03    149088.0
 2023 03 02 05 29 00 000    2.61     0.95    -2.91  -503.30     17.30    -16.80    3.10    161835.0
 2023 03 02 05 30 00 000    2.73     0.90    -2.75  -503.30     17.50    -16.00    3.11    159309.0
 2023 03 02 05 31 00 000    2.71     0.80    -2.82  -502.60     20.80     -4.60    3.18    124097.0
 2023 03 02 05 32 00 000    2.90     1.12    -2.55  -502.60     20.80     -4.60    3.18    124097.0
 2023 03 02 05 33 00 000    2.34     0.53    -3.05  -503.90     14.90     -4.30    3.10    128074.0
 2023 03 02 05 34 00 000    2.39     0.85    -3.26  -503.90     14.90     -4.30    3.10    128074.0
 2023 03 02 05 35 00 000    2.21     0.72    -3.22  -503.90     14.90     -4.30    3.10    128074.0
 2023 03 02 05 36 00 000    2.28     0.18    -3.33  -503.10     21.60    -10.20    2.80    171192.0
 2023 03 02 05 37 00 000    2.40     0.42    -3.34  -504.80     21.90    -13.00    2.79    172504.0
 2023 03 02 05 38 00 000    2.22     0.24    -3.45  -506.60     17.20      0.50    2.55    149535.0
 2023 03 02 05 39 00 000    2.12    -0.21    -3.60  -507.40     15.40      1.60    2.43    143728.0
 2023 03 02 05 40 00 000    2.10     0.05    -3.46  -508.70     14.50     -7.30    2.29    147045.0
 2023 03 02 05 41 00 000    2.04     0.03    -3.53  -508.70     14.50     -7.30    2.29    147045.0
 2023 03 02 05 42 00 000    2.13    -0.18    -3.42  -508.70     14.50     -7.30    2.29    147045.0
 2023 03 02 05 43 00 000    2.18     0.00    -3.35  -506.60     13.70     -4.70    2.47    159901.0
 2023 03 02 05 44 00 000    2.22     0.20    -3.25  -506.60     13.70     -4.70    2.47    159901.0
 2023 03 02 05 45 00 000    2.33     0.62    -3.07  -511.20     20.10     -4.00    2.48    157214.0
 2023 03 02 05 46 00 000    2.13     0.77    -3.14  -513.20     22.80     -3.70    2.48    156067.0
 2023 03 02 05 47 00 000    2.42    -0.67    -3.06  -507.20     11.90     -5.70    2.69    159051.0
 2023 03 02 05 48 00 000    2.23    -0.10    -3.16  -506.30     16.20     -5.50    2.64    148415.0
 2023 03 02 05 49 00 000    2.33     0.19    -2.96  -502.80     13.60      0.30    2.74    149467.0
 2023 03 02 05 50 00 000    2.58    -0.50    -2.94  -503.60     20.80     -6.30    2.79    126000.0
 2023 03 02 05 51 00 000    2.48    -0.46    -2.96  -506.80     15.70     -9.40    2.63    139118.0
 2023 03 02 05 52 00 000    2.73    -0.89    -2.72  -505.90     17.50    -14.10    2.69    149785.0
 2023 03 02 05 53 00 000    2.86    -0.78    -2.59  -505.90     17.50    -14.10    2.69    149785.0
 2023 03 02 05 54 00 000    2.69    -0.77    -2.62  -505.90     17.50    -14.10    2.69    149785.0
 2023 03 02 05 55 00 000    2.79    -0.61    -2.49  -501.80     13.40     -4.80    3.22    140323.0
 2023 03 02 05 56 00 000    2.53    -0.73    -2.76  -502.60      3.00     -3.30    2.91    146910.0
 2023 03 02 05 57 00 000    2.51    -1.19    -2.67  -505.10     -2.60     -3.20    2.50    152146.0
 2023 03 02 05 58 00 000    2.20    -1.01    -2.86  -508.70     13.40     -6.80    2.40    145795.0
 2023 03 02 05 59 00 000    2.02    -0.95    -3.22  -508.10      9.50    -12.30    2.48    137258.0
 2023 03 02 06 00 00 000    2.54    -1.02    -2.86  -511.30      7.40     -8.60    2.52    132658.0
 2023 03 02 06 01 00 000    2.44    -0.82    -2.96  -512.90      6.40     -6.40    2.54    130717.0
 2023 03 02 06 02 00 000    2.42    -1.28    -2.98  -512.90      6.40     -6.40    2.54    130717.0
 2023 03 02 06 03 00 000    2.60    -1.71    -2.90  -503.00      5.10     -4.70    2.48    147343.0
 2023 03 02 06 04 00 000    2.34    -1.56    -3.03  -503.00      5.10     -4.70    2.48    147343.0
 2023 03 02 06 05 00 000    2.19    -1.91    -2.65  -503.00      5.10     -4.70    2.48    147343.0
 2023 03 02 06 06 00 000    2.27    -2.39    -2.66  -503.00      5.10     -4.70    2.48    147343.0
 2023 03 02 06 07 00 000    2.64    -1.20    -2.80  -496.80     26.60     -8.00    2.69    137597.0
 2023 03 02 06 08 00 000    1.85    -2.87    -2.05  -496.80     26.60     -8.00    2.69    137597.0
 2023 03 02 06 09 00 000    1.45    -3.04    -2.32  -496.80     26.60     -8.00    2.69    137597.0
 2023 03 02 06 10 00 000    2.00    -1.56    -2.89  -507.70      4.30      0.60    2.43    150094.0
 2023 03 02 06 11 00 000    1.51    -2.12    -2.73  -508.70      3.20     -6.60    2.39    173929.0
 2023 03 02 06 12 00 000    0.61    -3.25    -2.27  -514.60      1.60     -3.30    2.44    156810.0
 2023 03 02 06 13 00 000    1.36    -1.99    -2.63  -517.30      1.10     -0.20    2.48    143605.0
 2023 03 02 06 14 00 000    0.44    -2.19    -2.83  -517.30      1.10     -0.20    2.48    143605.0
 2023 03 02 06 15 00 000   -1.87    -1.74    -0.53  -539.40    -18.80     -0.80    2.88    181750.0
 2023 03 02 06 16 00 000    0.50    -3.42    -1.44  -528.50    -11.10      1.50    2.77    164666.0
 2023 03 02 06 17 00 000    1.26    -2.81    -2.04  -512.40      0.10      4.90    2.62    139566.0
 2023 03 02 06 18 00 000   -1.63    -1.95    -0.10  -512.40      0.10      4.90    2.62    139566.0
 2023 03 02 06 19 00 000    0.29    -3.01    -2.35  -518.80      3.40      7.90    2.52    130366.0
 2023 03 02 06 20 00 000   -0.49    -2.62    -1.29  -518.80      3.40      7.90    2.52    130366.0
 2023 03 02 06 21 00 000    0.50    -3.08    -1.73  -518.80      3.40      7.90    2.52    130366.0
 2023 03 02 06 22 00 000   -0.94    -3.10    -0.68  -518.80      3.40      7.90    2.52    130366.0
 2023 03 02 06 23 00 000   -0.03    -3.73    -1.18  -518.80      3.40      7.90    2.52    130366.0
 2023 03 02 06 24 00 000   -0.59    -2.87    -0.88  -515.50      6.70      7.40    2.57    126298.0
 2023 03 02 06 25 00 000   -3.30    -1.69     0.68  -515.50      6.70      7.40    2.57    126298.0
 2023 03 02 06 26 00 000   -3.26    -1.51     0.71  -515.50      6.70      7.40    2.57    126298.0
 2023 03 02 06 27 00 000   -3.12    -1.66     0.86  -538.50     11.20     19.00    3.07    169688.0
 2023 03 02 06 28 00 000   -2.97    -1.87     0.82  -538.30     11.10     18.90    3.07    169930.0
 2023 03 02 06 29 00 000   -0.47    -2.83    -0.88  -519.60      1.90      5.30    3.26    194158.0
 2023 03 02 06 30 00 000   -1.01    -2.46    -0.87  -521.20      2.70      0.60    2.77    151028.0
 2023 03 02 06 31 00 000   -1.53    -2.22    -1.46  -526.70     -2.40     -1.80    2.76    140024.0
 2023 03 02 06 32 00 000   -1.24    -2.34    -1.15  -531.30      4.80      5.40    2.96    143971.0
 2023 03 02 06 33 00 000   -0.99    -1.95    -1.79  -522.10      3.00     -1.90    2.96    159087.0
 2023 03 02 06 34 00 000   -0.48    -2.11    -0.88  -518.00      1.40     -6.30    3.06    172882.0
 2023 03 02 06 35 00 000    0.93    -2.24    -2.07  -518.00      1.40     -6.30    3.06    172882.0
 2023 03 02 06 36 00 000   -0.20    -2.91    -1.44  -518.00      1.40     -6.30    3.06    172882.0
 2023 03 02 06 37 00 000    0.06    -2.82    -1.62  -502.30     -5.60     -0.20    2.69    123549.0
 2023 03 02 06 38 00 000    0.29    -2.54    -2.15  -502.30     -5.60     -0.20    2.69    123549.0
 2023 03 02 06 39 00 000    0.86    -2.31    -1.96  -502.30     -5.60     -0.20    2.69    123549.0
 2023 03 02 06 40 00 000    0.10    -2.30    -2.34  -514.70      1.00     -6.50    2.84    154107.0
 2023 03 02 06 41 00 000    0.26    -1.94    -2.71  -514.70      1.00     -6.50    2.84    154107.0
 2023 03 02 06 42 00 000    1.18    -0.61    -3.24  -508.90      6.80    -12.60    2.78    155664.0
 2023 03 02 06 43 00 000    1.04    -1.21    -2.79  -506.50      9.20    -15.10    2.75    156650.0
 2023 03 02 06 44 00 000    0.99    -0.67    -3.15  -509.40      4.20     -6.60    2.85    162219.0
 2023 03 02 06 45 00 000    1.33    -0.66    -2.79  -506.10      9.20    -10.10    2.80    157343.0
 2023 03 02 06 46 00 000    1.09    -0.67    -3.31  -504.50     13.90    -16.70    2.71    156744.0
 2023 03 02 06 47 00 000    1.24    -1.14    -2.50  -503.80      5.60    -18.20    2.73    155951.0
 2023 03 02 06 48 00 000    1.10    -1.64    -2.56  -503.70      4.20    -18.40    2.74    155822.0
 2023 03 02 06 49 00 000    0.67    -1.92    -2.68  -510.70      3.30    -11.90    2.75    159418.0
 2023 03 02 06 50 00 000    1.22    -1.46    -2.33  -505.90      1.20     -6.70    2.79    148928.0
 2023 03 02 06 51 00 000    1.00    -2.00    -2.48  -499.40     -2.80     -3.10    2.81    133519.0
 2023 03 02 06 52 00 000    2.01     0.37    -2.67  -499.10      7.10    -13.50    2.67    136891.0
 2023 03 02 06 53 00 000    2.37     1.10    -2.49  -499.10     21.90    -16.00    2.65    143742.0
 2023 03 02 06 54 00 000    2.25    -0.66    -2.40  -494.40     15.00    -13.40    2.90    147386.0
 2023 03 02 06 55 00 000    2.15    -1.35    -2.58  -496.50      9.60    -12.00    2.73    147579.0
 2023 03 02 06 56 00 000    2.08    -1.54    -2.45  -498.50      6.20     -9.70    2.85    146099.0
 2023 03 02 06 57 00 000    1.92    -1.68    -2.37  -499.90      3.60     -9.30    2.83    151588.0
 2023 03 02 06 58 00 000    1.72    -2.05    -2.49  -498.00     -0.70     -6.30    2.73    168217.0
 2023 03 02 07 00 00 000    2.52    -1.75    -0.60  -498.00     -0.70     -6.30    2.73    168217.0
 2023 03 02 07 02 00 000    2.96    -1.20    -1.65  -491.70      6.30     -2.40    3.18    119267.0
 2023 03 02 07 03 00 000    2.75    -1.35    -1.37  -491.70      6.30     -2.40    3.18    119267.0
 2023 03 02 07 04 00 000    2.86    -1.26    -1.55  -491.70      6.30     -2.40    3.18    119267.0
 2023 03 02 07 05 00 000    2.69    -1.46    -1.48  -492.90      8.80     -4.70    3.07    142899.0
 2023 03 02 07 06 00 000    2.17    -1.85    -1.32  -492.70      8.50     -4.60    3.09    143416.0
 2023 03 02 07 07 00 000    2.42    -1.50    -1.82  -490.70      6.20     -4.20    3.24    148001.0
 2023 03 02 07 08 00 000    2.19    -1.40    -1.55  -490.70      6.20     -4.20    3.24    148001.0
 2023 03 02 07 09 00 000    2.08    -1.86    -1.13  -490.70      6.20     -4.20    3.24    148001.0
 2023 03 02 07 10 00 000    2.99     0.44    -2.04  -490.70      6.20     -4.20    3.24    148001.0
 2023 03 02 07 11 00 000    2.29    -1.60    -1.56  -494.20     -2.30      2.40    2.79    137194.0
 2023 03 02 07 12 00 000    2.75    -0.63    -1.85  -494.20     -2.30      2.40    2.79    137194.0
 2023 03 02 07 13 00 000    3.05     0.02    -2.02  -494.20     -2.30      2.40    2.79    137194.0
 2023 03 02 07 14 00 000    3.08    -0.05    -1.95  -494.20     -2.30      2.40    2.79    137194.0
 2023 03 02 07 15 00 000    3.08    -0.05    -1.95  -494.20     -2.30      2.40    2.79    137194.0
 2023 03 02 07 17 00 000    3.14     0.08    -1.91  -494.20     -2.30      2.40    2.79    137194.0
 2023 03 02 07 19 00 000    3.12     0.00    -1.95  -490.70     19.60    -10.90    3.22    153924.0
 2023 03 02 07 20 00 000    0.65    -2.28    -2.62  -491.40     18.90    -10.80    3.21    152142.0
 2023 03 02 07 21 00 000    1.32    -1.64    -2.57  -507.20      1.70     -8.90    2.95    110930.0
 2023 03 02 07 22 00 000    1.07    -2.25    -2.34  -504.60      4.30    -11.80    3.07    122303.0
 2023 03 02 07 23 00 000    1.18    -1.90    -2.56  -502.00      6.90    -14.80    3.19    133908.0
 2023 03 02 07 24 00 000    1.37    -2.09    -2.45  -506.10      5.00    -15.50    3.33    138202.0
 2023 03 02 07 25 00 000    2.03    -2.35    -1.49  -498.10     -3.70     -5.40    3.13    137606.0
 2023 03 02 07 26 00 000    2.01    -2.32    -1.36  -495.90     -6.10     -2.20    3.10    138106.0
 2023 03 02 07 27 00 000    1.71    -2.27    -1.13  -495.60      1.70    -10.20    3.26    139238.0
 2023 03 02 07 28 00 000    1.72    -2.04    -1.05  -490.50      2.30     -7.70    3.44    144967.0
 2023 03 02 07 29 00 000    1.17    -2.28    -1.70  -498.20      0.40      6.80    3.12    140498.0
 2023 03 02 07 30 00 000    1.89    -1.78    -1.98  -494.40      4.90     -2.80    3.12    128960.0
 2023 03 02 07 31 00 000    1.86    -1.87    -2.14  -498.00     -0.70     -6.20    3.35    137774.0
 2023 03 02 07 32 00 000    1.55    -1.74    -2.19  -514.40      3.00    -23.90    3.58    157320.0
 2023 03 02 07 33 00 000    1.67    -1.44    -2.38  -501.50      9.50    -18.10    3.34    143872.0
 2023 03 02 07 34 00 000    1.60    -1.33    -2.54  -495.30     10.10    -12.90    3.23    131215.0
 2023 03 02 07 35 00 000    1.50    -1.46    -2.46  -495.40      7.50    -15.90    3.22    138561.0
 2023 03 02 07 36 00 000    1.99    -1.39    -2.13  -494.60     10.10    -11.60    3.34    145654.0
 2023 03 02 07 37 00 000    1.48    -1.52    -2.21  -494.30      8.70    -10.40    3.29    139495.0
 2023 03 02 07 38 00 000    1.65    -1.98    -1.79  -496.50      5.00    -10.80    3.31    138661.0
 2023 03 02 07 39 00 000    1.81    -1.98    -1.55  -499.90     -1.30     -3.40    3.33    147028.0
 2023 03 02 07 40 00 000    2.46    -1.70    -1.77  -493.50     -2.00     -0.10    3.37    145617.0
 2023 03 02 07 41 00 000    1.37    -0.50    -2.75  -497.10      1.80     -4.80    3.31    138230.0
 2023 03 02 07 42 00 000    1.13    -2.30    -2.18  -489.00      4.70      1.70    3.46    135299.0
 2023 03 02 07 43 00 000    1.59    -2.55    -1.83  -493.80     -1.40      1.90    3.09    138349.0
 2023 03 02 07 44 00 000    2.04    -2.14    -1.80  -493.80     -1.40      1.90    3.09    138349.0
 2023 03 02 07 46 00 000   -0.42    -0.01    -4.02  -493.80     -1.40      1.90    3.09    138349.0
 2023 03 02 07 50 00 000   -0.14     0.63    -3.99  -493.80     -1.40      1.90    3.09    138349.0
 2023 03 02 07 51 00 000   -0.14     0.63    -3.99  -493.80     -1.40      1.90    3.09    138349.0
 2023 03 02 07 55 00 000   -0.15     0.00    -3.99  -493.80     -1.40      1.90    3.09    138349.0
 2023 03 02 08 00 00 000   -0.96    -1.38    -4.08  -507.60      9.80    -24.10    3.33    148120.0
 2023 03 02 08 04 00 000   -0.21    -1.12    -4.21  -507.60      9.80    -24.10    3.33    148120.0
 2023 03 02 08 08 00 000   -0.08    -1.00    -4.13  -507.60      9.80    -24.10    3.33    148120.0
 2023 03 02 08 09 00 000   -0.08    -1.00    -4.12  -507.60      9.80    -24.10    3.33    148120.0
 2023 03 02 08 12 00 000    1.77     1.50    -4.01  -507.60      9.80    -24.10    3.33    148120.0
 2023 03 02 08 13 00 000    0.83     0.27    -4.13  -507.60      9.80    -24.10    3.33    148120.0
 2023 03 02 08 17 00 000   -0.19    -0.83    -4.08  -507.60      9.80    -24.10    3.33    148120.0
 2023 03 02 08 19 00 000    1.76     1.41    -4.04  -507.60      9.80    -24.10    3.33    148120.0
 2023 03 02 08 21 00 000   -0.02    -0.55    -4.11  -507.60      9.80    -24.10    3.33    148120.0
 2023 03 02 08 22 00 000   -0.02    -0.55    -4.10  -507.60      9.80    -24.10    3.33    148120.0
 2023 03 02 08 24 00 000    1.90     1.43    -3.98  -507.60      9.80    -24.10    3.33    148120.0
 2023 03 02 08 26 00 000    0.60    -1.01    -3.98  -507.60      9.80    -24.10    3.33    148120.0
 2023 03 02 08 30 00 000    0.11    -0.47    -4.24  -503.60      5.80    -31.60    3.75    172261.0
 2023 03 02 08 34 00 000    0.08    -0.22    -4.18  -503.60      5.80    -31.60    3.75    172261.0
 2023 03 02 08 36 00 000    1.48     1.43    -4.12  -498.50     16.10    -23.90    3.20    143664.0
 2023 03 02 08 37 00 000    1.97     0.97    -3.60  -495.20     14.50    -26.50    3.46    154157.0
 2023 03 02 08 38 00 000    1.71    -1.35    -3.02  -492.50      7.50    -22.40    3.58    157234.0
 2023 03 02 08 39 00 000    1.45    -2.29    -2.65  -495.80     -4.00    -12.00    3.43    149479.0
 2023 03 02 08 40 00 000    1.96    -2.02    -1.69  -493.90      7.10    -16.90    3.39    145239.0
 2023 03 02 08 41 00 000    1.90     0.40    -2.70  -489.00      3.90    -11.20    3.53    123045.0
 2023 03 02 08 42 00 000    1.89    -0.13    -2.58  -491.30      0.70    -13.20    3.56    119785.0
 2023 03 02 08 43 00 000    2.25    -3.46    -0.86  -496.90     12.90    -22.00    3.38    122512.0
 2023 03 02 08 44 00 000    3.31    -2.89    -0.61  -484.50     -7.90     -3.00    3.64    133531.0
 2023 03 02 08 45 00 000    1.46    -0.96    -3.36  -489.70     -4.50     -8.00    3.52    125908.0
 2023 03 02 08 46 00 000    1.13    -2.15    -2.47  -500.30      4.90    -24.30    3.38    135227.0
 2023 03 02 08 47 00 000    1.04    -2.12    -2.52  -494.80    -12.30     -5.40    3.51    152791.0
 2023 03 02 08 48 00 000    1.13    -2.17    -2.39  -493.00    -17.60      1.30    3.53    152766.0
 2023 03 02 08 49 00 000    1.39    -2.05    -2.35  -493.00    -17.60      1.30    3.53    152766.0
 2023 03 02 08 50 00 000    1.70    -1.72    -2.68  -493.00    -17.60      1.30    3.53    152766.0
 2023 03 02 08 51 00 000    2.16    -3.84    -0.82  -486.60     -6.60     -4.70    3.42    159839.0
 2023 03 02 08 52 00 000    1.49    -2.94    -1.17  -486.60     -6.60     -4.70    3.42    159839.0
 2023 03 02 08 53 00 000    1.23    -3.88    -0.60  -488.00     -8.60     -4.10    3.45    159982.0
 2023 03 02 08 54 00 000    1.44    -3.99    -0.96  -492.50    -15.20     -2.10    3.54    160461.0
 2023 03 02 08 55 00 000    1.17    -4.01    -0.82  -492.50    -15.20     -2.10    3.54    160461.0
 2023 03 02 08 56 00 000   -0.12     0.04    -4.23  -505.50     12.30    -24.20    3.10    123495.0
 2023 03 02 08 57 00 000    0.10    -0.28    -4.22  -505.50     12.30    -24.20    3.10    123495.0
 2023 03 02 08 58 00 000    0.10    -0.28    -4.22  -505.50     12.30    -24.20    3.10    123495.0
 2023 03 02 09 00 00 000   -0.12    -0.06    -4.25  -505.50     12.30    -24.20    3.10    123495.0
 2023 03 02 09 03 00 000   -0.18    -0.48    -4.14  -505.50     12.30    -24.20    3.10    123495.0
 2023 03 02 09 04 00 000   -0.01    -0.55    -4.23  -502.50     11.20    -26.40    3.25    128129.0
 2023 03 02 09 05 00 000   -0.51    -3.66     2.21  -502.50     11.20    -26.40    3.25    128129.0
 2023 03 02 09 06 00 000   -0.57    -3.68     2.02  -502.50     11.20    -26.40    3.25    128129.0
 2023 03 02 09 07 00 000   -0.42    -2.68    -0.22  -509.10    -13.00     20.00    3.82    158102.0
 2023 03 02 09 08 00 000   -0.70    -3.77     1.75  -509.10    -13.00     20.00    3.82    158102.0
 2023 03 02 09 09 00 000   -0.44    -3.78     1.85  -509.10    -13.00     20.00    3.82    158102.0
 2023 03 02 09 10 00 000    0.45    -3.86     1.49  -505.40    -19.00     12.80    3.41    121318.0
 2023 03 02 09 11 00 000   -0.24    -2.62    -0.20  -505.40    -19.00     12.80    3.41    121318.0
 2023 03 02 09 12 00 000   -0.21    -3.80     1.49  -505.40    -19.00     12.80    3.41    121318.0
 2023 03 02 09 13 00 000   -0.29    -3.96     1.19  -507.90    -12.40      3.00    3.35    128687.0
 2023 03 02 09 14 00 000   -0.21    -3.12    -0.54  -507.90    -12.40      3.00    3.35    128687.0
 2023 03 02 09 15 00 000   -0.20    -4.01     1.03  -495.60    -17.30      4.70    3.19    128344.0
 2023 03 02 09 16 00 000   -0.13    -4.04     0.95  -495.10    -21.80      6.00    3.18    125512.0
 2023 03 02 09 17 00 000    1.70    -3.71     1.17  -505.70    -22.50      6.10    3.33    122558.0
 2023 03 02 09 18 00 000    1.52    -3.81     1.17  -505.70    -22.50      6.10    3.33    122558.0
 2023 03 02 09 19 00 000    1.44    -3.82     1.05  -490.00    -16.10      5.40    3.37    123167.0
 2023 03 02 09 20 00 000    0.67    -3.99     0.83  -490.00    -16.10      5.40    3.37    123167.0
 2023 03 02 09 21 00 000    0.86    -3.97     0.74  -494.50    -23.20      6.20    3.68    140264.0
 2023 03 02 09 22 00 000    0.44    -4.06     0.74  -494.50    -23.20      6.20    3.68    140265.0
 2023 03 02 09 23 00 000    0.27    -4.13     0.48  -499.50    -28.60     -3.00    3.83    177662.0
 2023 03 02 09 24 00 000    0.14    -4.15    -0.17  -499.50    -28.60     -3.00    3.83    177662.0
 2023 03 02 09 25 00 000    0.20    -3.94    -1.17  -499.50    -28.60     -3.00    3.83    177662.0
 2023 03 02 09 33 00 000   -2.80    -0.43     3.51  -499.50    -28.60     -3.00    3.83    177662.0
 2023 03 02 09 34 00 000    0.10    -3.15     1.45  -496.90    -20.90      8.10    3.12    115936.0
 2023 03 02 09 35 00 000   -0.12    -3.37     1.72  -499.50    -14.50      9.10    3.32    113108.0
 2023 03 02 09 36 00 000   -0.31    -3.13     1.97  -512.90      2.20     17.30    2.38     68283.0
 2023 03 02 09 37 00 000   -0.55    -3.36     1.86  -511.60     -0.40     15.30    2.48     70817.0
 2023 03 02 09 38 00 000   -0.37    -3.47     1.47  -499.80    -15.70      4.70    3.16     99186.0
 2023 03 02 09 39 00 000   -0.51    -3.10     1.78  -510.50    -20.30     10.70    2.83     85923.0
 2023 03 02 09 40 00 000    0.19    -3.63     1.31  -511.10    -22.00     11.40    2.85     88224.0
 2023 03 02 09 41 00 000    0.37    -3.77     0.90  -492.50    -20.60      3.00    3.56    124920.0
 2023 03 02 09 42 00 000    0.36    -3.18     2.15  -488.90    -19.00      6.70    3.28    130458.0
 2023 03 02 09 43 00 000    0.44    -3.03     2.63  -489.30    -17.60      8.40    3.34    131738.0
 2023 03 02 09 44 00 000   -0.17    -2.77     2.75  -490.30    -14.20     12.40    3.53    134899.0
 2023 03 02 09 45 00 000   -2.02    -1.95     3.32  -509.70    -15.60     14.40    2.92     72638.0
 2023 03 02 09 46 00 000   -2.26    -2.33     2.68  -509.70    -15.60     14.40    2.92     72638.0
 2023 03 02 09 47 00 000   -2.24    -2.80     2.06  -509.70    -15.60     14.40    2.92     72638.0
 2023 03 02 09 48 00 000   -2.24    -2.80     2.06  -509.70    -15.60     14.40    2.92     72638.0
 2023 03 02 09 49 00 000   -2.20    -2.55     2.17  -509.70    -15.60     14.40    2.92     72638.0
 2023 03 02 09 52 00 000   -1.83    -2.13     2.28  -512.00    -16.60      9.50    3.03    114692.0
 2023 03 02 09 53 00 000   -2.00    -2.12     2.58  -512.00    -16.60      9.50    3.03    114692.0
 2023 03 02 09 54 00 000   -1.79    -2.51     2.23  -512.00    -16.60      9.50    3.03    114692.0
 2023 03 02 09 55 00 000   -1.75    -2.80     1.90  -512.00    -16.60      9.50    3.03    114692.0
 2023 03 02 09 56 00 000   -1.83    -2.94     1.64  -512.00    -16.60      9.50    3.03    114692.0
 2023 03 02 09 57 00 000   -1.93    -2.71     1.86  -512.00    -16.60      9.50    3.03    114692.0
 2023 03 02 09 58 00 000   -1.52    -2.35     1.66  -512.00    -16.60      9.50    3.03    114692.0
 2023 03 02 09 59 00 000   -1.79    -1.06     2.49  -515.50     -5.00     15.10    3.49    149380.0
 2023 03 02 10 00 00 000   -1.60    -0.96     2.52  -517.60      4.10     12.10    3.45    145294.0
 2023 03 02 10 01 00 000   -2.00    -0.99     2.88  -517.70     11.00     13.40    3.25    121784.0
 2023 03 02 10 02 00 000   -1.25    -2.51     1.98  -516.00     12.20     14.10    3.11    103700.0
 2023 03 02 10 03 00 000   -0.02    -3.83    -0.70  -498.20    -18.10     -6.20    3.35    105191.0
 2023 03 02 10 04 00 000    0.79    -4.00    -0.74  -493.00    -30.60    -15.30    3.67    121332.0
 2023 03 02 10 05 00 000    0.90    -4.11    -0.77  -487.60    -20.50    -14.40    3.26     92425.0
 2023 03 02 10 06 00 000    0.55    -3.77    -0.61  -498.70    -23.00     -3.50    3.17    100340.0
 2023 03 02 10 07 00 000    1.47    -3.54    -1.83  -490.60    -20.60    -11.10    3.47    107771.0
 2023 03 02 10 08 00 000    1.69    -3.57    -1.73  -486.10    -19.50    -15.40    3.57    107996.0
 2023 03 02 10 09 00 000    1.76    -3.62    -1.59  -482.00    -17.20    -16.30    3.81    117099.0
 2023 03 02 10 10 00 000    1.77    -3.86    -1.51  -481.20    -16.30    -17.80    3.67    111103.0
 2023 03 02 10 11 00 000    2.01    -3.42    -1.97  -482.00    -19.50    -21.50    3.51     97836.0
 2023 03 02 10 12 00 000    1.12    -4.29    -0.24  -484.00    -13.90    -21.90    3.52     93747.0
 2023 03 02 10 13 00 000    0.97    -4.37    -0.14  -486.50    -26.20    -12.90    3.83     94061.0
 2023 03 02 10 14 00 000    1.11    -4.34     0.34  -486.10    -22.90    -14.60    3.91     90411.0
 2023 03 02 10 15 00 000    1.05    -4.46     0.44  -488.20    -21.90    -10.70    3.99     99425.0
 2023 03 02 10 16 00 000    1.69    -4.62    -0.42  -488.80    -24.60     -8.00    4.00     95380.0
 2023 03 02 10 17 00 000    2.11    -4.43    -0.52  -488.20    -29.80     -7.30    3.91     80406.0
 2023 03 02 10 18 00 000    1.71    -4.58    -0.84  -490.30    -32.50     -3.50    3.83     82110.0
 2023 03 02 10 19 00 000    1.57    -4.64    -0.89  -491.00    -23.40     -5.60    3.85     83993.0
 2023 03 02 10 20 00 000    1.90    -4.52    -0.48  -491.60    -24.90     -6.20    3.95     83655.0
 2023 03 02 10 21 00 000    2.27    -4.37    -0.45  -492.50    -27.50     -7.20    4.11     83093.0
 2023 03 02 10 22 00 000    2.44    -4.38    -0.90  -487.40    -29.80     -7.00    4.03     86034.0
 2023 03 02 10 23 00 000    2.31    -4.31    -1.65  -487.70    -32.70     -8.40    4.04     84815.0
 2023 03 02 10 24 00 000    2.58    -4.08    -1.93  -487.30    -34.10    -13.00    4.07     83417.0
 2023 03 02 10 25 00 000    2.84    -4.03    -1.74  -485.50    -25.60    -18.40    4.06     84987.0
 2023 03 02 10 26 00 000    2.83    -4.01    -1.66  -485.50    -25.60    -18.40    4.06     84987.0
 2023 03 02 10 27 00 000    2.51    -4.13    -1.88  -485.50    -25.60    -18.40    4.06     84987.0
 2023 03 02 10 28 00 000    2.39    -4.28    -1.54  -485.50    -25.60    -18.40    4.06     84987.0
 2023 03 02 10 29 00 000    2.26    -4.35    -1.59  -489.00    -24.40     -9.30    4.42     88053.0
 2023 03 02 10 30 00 000    2.68    -3.98    -1.73  -489.00    -24.40     -9.30    4.42     88053.0
 2023 03 02 10 31 00 000    3.04    -3.66    -1.91  -486.00    -27.00     -7.20    4.61     83558.0
 2023 03 02 10 32 00 000    3.08    -3.65    -1.97  -483.30    -29.50     -5.40    4.76     80325.0
 2023 03 02 10 33 00 000    3.60    -2.98    -2.23  -485.90    -29.10     -8.20    4.55     91800.0
 2023 03 02 10 34 00 000    3.48    -2.71    -2.47  -480.00    -28.80    -15.20    4.27     80000.0
 2023 03 02 10 35 00 000    3.20    -2.51    -2.81  -481.90    -27.00    -23.90    4.36     92756.0
 2023 03 02 10 36 00 000    2.97    -1.70    -3.40  -479.40    -18.90    -22.50    4.16     84543.0
 2023 03 02 10 37 00 000   -1.28    -2.76     0.95  -483.40    -14.20    -36.20    4.35    104347.0
 2023 03 02 10 38 00 000   -3.00    -2.64     2.90  -537.30    -23.00     20.10    4.16     80260.0
 2023 03 02 10 39 00 000   -0.72    -2.99     1.07  -538.40    -23.20     21.30    4.16     79764.0
 2023 03 02 10 40 00 000   -2.86    -2.22     2.87  -538.40    -23.20     21.30    4.16     79764.0
 2023 03 02 10 41 00 000   -2.91    -2.20     3.13  -524.20     -9.10     15.70    3.96     82914.0
 2023 03 02 10 42 00 000   -3.11    -1.97     3.20  -524.20     -9.10     15.70    3.96     82914.0
 2023 03 02 10 43 00 000   -2.35    -2.66     3.28  -524.20     -9.10     15.70    3.96     82914.0
 2023 03 02 10 44 00 000   -2.39    -2.10     3.63  -524.20     -9.10     15.70    3.96     82914.0
 2023 03 02 10 45 00 000   -2.76    -1.68     3.51  -524.20     -9.10     15.70    3.96     82914.0
 2023 03 02 10 46 00 000   -3.11    -1.70     3.69  -524.20     -9.10     15.70    3.96     82914.0
 2023 03 02 10 47 00 000   -2.82    -1.76     3.67  -511.30    -14.30      4.00    3.82     82422.0
 2023 03 02 10 48 00 000   -2.63    -1.19     4.13  -511.30    -14.30      4.00    3.82     82422.0
 2023 03 02 10 49 00 000   -2.57    -1.18     3.95  -511.30    -14.30      4.00    3.82     82422.0
 2023 03 02 10 50 00 000   -2.66    -1.29     3.89  -511.30    -14.30      4.00    3.82     82422.0
 2023 03 02 10 51 00 000   -3.52    -1.53     3.83  -510.50    -11.50      6.20    4.05     82564.0
 2023 03 02 10 52 00 000   -4.05    -1.36     3.91  -514.20    -13.30      3.30    3.96     57752.0
 2023 03 02 10 53 00 000   -4.09    -1.55     3.90  -515.90    -10.70      0.60    4.19     37178.0
 2023 03 02 10 54 00 000   -4.17    -1.60     3.90  -513.60    -10.00      0.30    4.48     40963.0
 2023 03 02 10 55 00 000   -4.23    -1.81     3.81  -513.60     -9.30      2.60    4.32     49638.0
 2023 03 02 10 56 00 000   -4.22    -1.65     3.84  -515.30    -11.30      6.70    4.11     38480.0
 2023 03 02 10 57 00 000   -4.27    -1.43     3.78  -516.80     -8.40      5.10    4.25     39964.0
 2023 03 02 10 58 00 000   -4.10    -1.65     3.79  -516.10     -6.30      2.90    4.39     41283.0
 2023 03 02 10 59 00 000   -3.99    -1.48     3.72  -515.70     -7.60      1.30    4.38     43568.0
 2023 03 02 11 00 00 000   -3.79    -1.43     3.44  -514.10     -7.00     -0.00    5.53     58480.0
 2023 03 02 11 01 00 000   -3.74    -1.47     3.52  -514.70    -10.20      1.30    5.40     58986.0
 2023 03 02 11 02 00 000   -3.82    -1.42     3.66  -513.30    -10.40      2.00    5.39     57251.0
 2023 03 02 11 03 00 000   -3.76    -1.23     3.31  -512.80     -9.60      3.30    5.82     66380.0
 2023 03 02 11 04 00 000   -3.81    -1.28     3.33  -512.40     -9.90      3.80    6.19     75218.0
 2023 03 02 11 05 00 000   -3.83    -1.28     3.35  -512.40     -9.90      3.80    6.19     75218.0
 2023 03 02 11 06 00 000   -3.69    -1.41     3.29  -512.40     -9.90      3.80    6.19     75218.0
 2023 03 02 11 07 00 000   -3.66    -1.65     3.26  -511.30    -10.30     -2.70    6.18     71261.0
 2023 03 02 11 08 00 000   -3.68    -1.60     3.35  -511.30    -10.30     -2.70    6.18     71261.0
 2023 03 02 11 09 00 000   -3.65    -1.27     3.42  -511.30    -10.30     -2.70    6.18     71261.0
 2023 03 02 11 10 00 000   -3.64    -1.20     3.28  -511.30    -10.30     -2.70    6.18     71261.0
 2023 03 02 11 11 00 000   -3.67    -1.43     3.31  -507.60     -9.10     -7.70    6.90     67007.0
 2023 03 02 11 12 00 000   -3.66    -1.46     3.35  -507.60     -9.10     -7.70    6.90     67007.0
 2023 03 02 11 13 00 000   -3.63    -1.47     3.36  -507.60     -9.10     -7.70    6.90     67007.0
 2023 03 02 11 14 00 000   -3.61    -1.49     3.42  -507.60     -9.10     -7.70    6.90     67007.0
 2023 03 02 11 15 00 000   -3.53    -1.52     3.46  -508.90    -10.00     -2.50    6.15     53582.0
 2023 03 02 11 16 00 000   -3.48    -1.63     3.48  -508.90    -10.00     -2.50    6.15     53582.0
 2023 03 02 11 17 00 000   -3.34    -1.53     3.47  -508.90    -10.00     -2.50    6.15     53582.0
 2023 03 02 11 18 00 000   -3.29    -1.75     3.48  -508.90    -10.00     -2.50    6.15     53582.0
 2023 03 02 11 19 00 000   -3.38    -1.63     3.45  -508.90    -10.00     -2.50    6.15     53582.0
 2023 03 02 11 20 00 000   -3.40    -1.53     3.48  -507.40    -11.20     -0.70    6.35     56613.0
 2023 03 02 11 21 00 000   -3.42    -1.62     3.41  -507.40    -11.20     -0.70    6.35     56613.0
 2023 03 02 11 22 00 000   -3.55    -1.71     3.20  -507.40    -11.20     -0.70    6.35     56613.0
 2023 03 02 11 23 00 000   -3.50    -1.74     3.35  -507.40    -11.20     -0.70    6.35     56613.0
 2023 03 02 11 24 00 000   -3.46    -1.59     3.48  -508.10    -10.80      2.10    6.03     56022.0
 2023 03 02 11 25 00 000   -3.05    -1.93     3.68  -508.10    -10.80      2.10    6.03     56022.0
 2023 03 02 11 26 00 000   -3.30    -1.90     3.41  -508.10    -10.80      2.10    6.03     56022.0
 2023 03 02 11 27 00 000   -3.81    -1.32     2.94  -508.10    -10.80      2.10    6.03     56022.0
 2023 03 02 11 28 00 000   -4.09    -1.26     3.02  -505.70    -12.70     -8.60    5.87     58479.0
 2023 03 02 11 29 00 000   -4.03    -1.31     3.16  -505.70    -12.70     -8.60    5.87     58479.0
 2023 03 02 11 30 00 000   -3.98    -1.38     3.24  -505.70    -12.70     -8.60    5.87     58479.0
 2023 03 02 11 31 00 000   -4.13    -1.34     3.00  -505.70    -12.70     -8.60    5.87     58479.0
 2023 03 02 11 32 00 000   -4.14    -1.26     2.88  -505.70    -12.70     -8.60    5.87     58479.0
 2023 03 02 11 33 00 000   -4.09    -1.38     3.05  -503.10    -12.30     -0.50    5.60     44137.0
 2023 03 02 11 34 00 000   -4.19    -1.57     3.25  -503.10    -12.30     -0.50    5.60     44137.0
 2023 03 02 11 35 00 000   -4.23    -1.55     3.25  -503.10    -12.30     -0.50    5.60     44137.0
 2023 03 02 11 36 00 000   -4.19    -1.67     3.25  -503.10    -12.30     -0.50    5.60     44137.0
 2023 03 02 11 37 00 000   -4.19    -1.71     3.28  -503.10    -12.30     -0.50    5.60     44137.0
 2023 03 02 11 38 00 000   -4.27    -1.53     3.35  -501.10    -10.10     -8.50    4.63     51479.0
 2023 03 02 11 39 00 000   -4.28    -1.54     3.32  -501.10    -10.10     -8.50    4.63     51479.0
 2023 03 02 11 40 00 000   -4.32    -1.60     3.27  -501.10    -10.10     -8.50    4.63     51479.0
 2023 03 02 11 41 00 000   -4.41    -1.56     3.20  -501.10    -10.10     -8.50    4.63     51479.0
 2023 03 02 11 42 00 000   -4.41    -1.56     3.20  -500.00    -12.20     -2.30    4.44     36404.0
 2023 03 02 11 43 00 000   -4.40    -1.54     3.23  -500.00    -12.20     -2.30    4.44     36404.0
 2023 03 02 11 44 00 000   -4.50    -1.45     3.13  -500.00    -12.20     -2.30    4.44     36404.0
 2023 03 02 11 45 00 000   -4.46    -1.49     3.14  -500.00    -12.20     -2.30    4.44     36404.0
 2023 03 02 11 46 00 000   -4.46    -1.56     3.14  -500.00    -12.20     -2.30    4.44     36404.0
 2023 03 02 11 47 00 000   -4.39    -1.65     3.22  -499.20    -11.10     -1.50    4.46     35783.0
 2023 03 02 11 48 00 000   -4.35    -1.70     3.25  -499.20    -11.10     -1.50    4.46     35783.0
 2023 03 02 11 49 00 000   -4.29    -1.73     3.28  -499.20    -11.10     -1.50    4.46     35783.0
 2023 03 02 11 50 00 000   -4.32    -1.68     3.30  -499.20    -11.10     -1.50    4.46     35783.0
 2023 03 02 11 51 00 000   -4.36    -1.62     3.25  -498.90    -11.50     -3.90    4.39     36910.0
 2023 03 02 11 52 00 000   -4.36    -1.68     3.24  -498.90    -11.50     -3.90    4.39     36910.0
 2023 03 02 11 53 00 000   -4.33    -1.72     3.25  -498.90    -11.50     -3.90    4.39     36910.0
 2023 03 02 11 54 00 000   -4.34    -1.70     3.31  -498.90    -11.50     -3.90    4.39     36910.0
 2023 03 02 11 55 00 000   -4.35    -1.69     3.31  -498.90    -11.50     -3.90    4.39     36910.0
 2023 03 02 11 56 00 000   -4.35    -1.67     3.29  -498.10    -12.60     -2.00    4.20     35461.0
 2023 03 02 11 57 00 000   -4.27    -1.74     3.37  -498.10    -12.60     -2.00    4.20     35461.0
 2023 03 02 11 58 00 000   -4.33    -1.70     3.31  -498.10    -12.60     -2.00    4.20     35461.0
 2023 03 02 11 59 00 000   -4.32    -1.71     3.32  -498.10    -12.60     -2.00    4.20     35461.0
 2023 03 02 12 00 00 000   -4.39    -1.70     3.27  -498.10    -12.60     -2.00    4.20     35461.0
 2023 03 02 12 01 00 000   -4.31    -1.68     3.30  -496.70    -13.20     -1.80    4.07     31395.0
 2023 03 02 12 02 00 000   -4.28    -1.67     3.26  -496.70    -13.20     -1.80    4.07     31395.0
 2023 03 02 12 03 00 000   -4.29    -1.65     3.22  -496.70    -13.20     -1.80    4.07     31395.0
 2023 03 02 12 04 00 000   -4.37    -1.64     3.21  -496.70    -13.20     -1.80    4.07     31395.0
 2023 03 02 12 05 00 000   -4.35    -1.54     3.32  -497.90    -12.90     -3.80    4.08     35285.0
 2023 03 02 12 06 00 000   -4.24    -1.64     3.40  -497.90    -12.90     -3.80    4.08     35285.0
 2023 03 02 12 07 00 000   -4.27    -1.62     3.38  -497.90    -12.90     -3.80    4.08     35285.0
 2023 03 02 12 08 00 000   -4.27    -1.61     3.40  -497.90    -12.90     -3.80    4.08     35285.0
 2023 03 02 12 09 00 000   -4.29    -1.67     3.37  -497.30    -14.20     -4.40    4.19     35578.0
 2023 03 02 12 10 00 000   -4.29    -1.63     3.38  -497.30    -14.20     -4.40    4.19     35578.0
 2023 03 02 12 11 00 000   -4.33    -1.59     3.34  -497.30    -14.20     -4.40    4.19     35578.0
 2023 03 02 12 12 00 000   -4.29    -1.61     3.40  -497.30    -14.20     -4.40    4.19     35578.0
 2023 03 02 12 13 00 000   -4.27    -1.62     3.42  -497.30    -14.20     -4.40    4.19     35578.0
 2023 03 02 12 14 00 000   -4.24    -1.63     3.41  -497.00    -13.80     -5.20    4.21     29495.0
 2023 03 02 12 15 00 000   -4.16    -1.68     3.43  -497.00    -13.80     -5.20    4.21     29495.0
 2023 03 02 12 16 00 000   -4.01    -1.79     3.56  -497.00    -13.80     -5.20    4.21     29495.0
 2023 03 02 12 17 00 000   -3.99    -1.83     3.56  -497.00    -13.80     -5.20    4.21     29495.0
 2023 03 02 12 18 00 000   -3.94    -1.91     3.59  -497.00    -13.80     -5.20    4.21     29495.0
 2023 03 02 12 19 00 000   -3.99    -1.86     3.55  -497.00    -13.80     -5.20    4.21     29495.0
 2023 03 02 12 20 00 000   -4.10    -1.77     3.48  -494.50    -16.80     -5.70    4.23     34848.0
 2023 03 02 12 21 00 000   -4.30    -1.55     3.29  -494.50    -16.80     -5.70    4.23     34848.0
 2023 03 02 12 22 00 000   -4.37    -1.49     3.22  -494.50    -16.80     -5.70    4.23     34848.0
 2023 03 02 12 23 00 000   -4.35    -1.47     3.23  -494.50    -16.80     -5.70    4.23     34848.0
 2023 03 02 12 24 00 000   -4.25    -1.58     3.29  -494.50    -16.80     -5.70    4.23     34848.0
 2023 03 02 12 25 00 000   -4.14    -1.73     3.38  -494.50    -16.80     -5.70    4.23     34848.0
 2023 03 02 12 26 00 000   -4.14    -1.75     3.39  -494.50    -16.80     -5.70    4.23     34848.0
 2023 03 02 12 27 00 000   -4.12    -1.72     3.40  -494.50    -16.80     -5.70    4.23     34848.0
 2023 03 02 12 28 00 000   -4.21    -1.66     3.31  -494.50    -16.80     -5.70    4.23     34848.0
 2023 03 02 12 29 00 000   -4.20    -1.73     3.30  -496.60    -15.20     -5.40    4.53     29495.0
 2023 03 02 12 30 00 000   -4.32    -1.63     3.22  -496.60    -15.20     -5.40    4.53     29495.0
 2023 03 02 12 31 00 000   -4.26    -1.77     3.18  -505.30    -23.20     -2.90    4.24     48010.0
 2023 03 02 12 32 00 000   -4.23    -1.87     3.18  -505.30    -23.20     -2.90    4.24     48010.0
 2023 03 02 12 33 00 000   -4.25    -1.84     3.16  -506.40    -20.60     -2.80    4.00     44958.0
 2023 03 02 12 34 00 000   -4.21    -1.90     3.19  -504.60    -19.90     -3.30    4.09     42566.0
 2023 03 02 12 35 00 000   -4.26    -1.87     3.19  -499.70    -18.60     -4.90    4.31     37071.0
 2023 03 02 12 36 00 000   -4.22    -1.93     3.19  -504.10    -19.50     -4.20    4.05     41579.0
 2023 03 02 12 37 00 000   -4.19    -1.89     3.23  -506.90    -19.00     -3.80    3.88     42198.0
 2023 03 02 12 38 00 000   -4.31    -1.76     3.12  -506.90    -19.00     -3.80    3.88     42198.0
 2023 03 02 12 39 00 000   -4.24    -1.81     3.17  -498.00    -16.10     -4.90    4.46     37685.0
 2023 03 02 12 40 00 000   -4.27    -1.86     3.15  -499.80    -16.70     -4.60    4.33     41003.0
 2023 03 02 12 41 00 000   -4.27    -1.89     3.13  -499.80    -16.70     -4.60    4.33     41003.0
 2023 03 02 12 42 00 000   -4.24    -1.94     3.16  -499.80    -16.70     -4.60    4.33     41003.0
 2023 03 02 12 43 00 000   -4.24    -1.99     3.14  -501.80    -18.10     -3.70    3.47     40961.0
 2023 03 02 12 44 00 000   -4.19    -2.06     3.14  -498.80    -20.60     -4.80    4.11     37253.0
 2023 03 02 12 45 00 000   -4.10    -2.22     3.12  -495.60    -23.30     -6.10    4.81     33212.0
 2023 03 02 12 46 00 000   -4.13    -2.10     3.23  -500.30    -17.40     -1.80    3.18     35596.0
 2023 03 02 12 47 00 000   -4.09    -2.13     3.24  -499.80    -18.30     -2.00    3.48     36319.0
 2023 03 02 12 48 00 000   -4.13    -2.06     3.27  -498.10    -21.80     -2.90    4.65     39034.0
 2023 03 02 12 49 00 000   -4.08    -1.94     3.30  -494.20    -14.70     -4.10    4.59     35493.0
 2023 03 02 12 50 00 000   -4.15    -2.05     3.23  -496.80    -16.30     -3.50    4.19     37606.0
 2023 03 02 12 51 00 000   -4.07    -2.20     3.26  -496.60    -20.30     -6.40    4.32     35060.0
 2023 03 02 12 52 00 000   -4.01    -2.12     3.36  -495.20    -21.30     -8.00    4.56     32788.0
 2023 03 02 12 53 00 000   -4.08    -2.21     3.11  -495.20    -21.30     -8.00    4.56     32788.0
 2023 03 02 12 54 00 000   -4.05    -2.31     3.13  -495.50    -17.30     -3.60    4.52     42303.0
 2023 03 02 12 55 00 000   -4.05    -2.25     3.19  -494.40    -17.40     -6.30    4.47     38432.0
 2023 03 02 12 56 00 000   -4.02    -2.24     3.17  -493.60    -15.70     -8.80    4.49     38207.0
 2023 03 02 12 57 00 000   -3.92    -1.54     3.28  -499.40    -17.80     -7.50    6.07     52526.0
 2023 03 02 12 58 00 000   -4.02    -1.69     3.17  -501.20    -19.10     -6.50    6.55     56253.0
 2023 03 02 12 59 00 000   -4.09    -1.86     3.12  -498.40    -19.30     -5.30    5.72     47949.0
 2023 03 02 13 00 00 000   -4.02    -1.74     3.18  -493.00    -16.30     -2.70    4.30     33589.0
 2023 03 02 13 01 00 000   -3.88    -1.61     3.31  -498.70    -17.10     -6.40    6.43     56148.0
 2023 03 02 13 02 00 000   -3.81    -1.36     3.29  -499.50    -18.80     -9.00    7.11     64759.0
 2023 03 02 13 03 00 000   -4.05    -1.87     3.08  -498.10    -18.70     -5.60    5.44     42763.0
 2023 03 02 13 04 00 000   -3.99    -1.59     3.23  -498.40    -18.10     -9.70    7.04     64585.0
 2023 03 02 13 05 00 000   -3.93    -1.91     2.96  -496.90    -14.90     -7.00    5.78     44866.0
 2023 03 02 13 06 00 000   -4.11    -1.94     3.04  -498.30    -16.20     -5.30    6.70     46850.0
 2023 03 02 13 07 00 000   -4.08    -1.96     2.97  -494.10    -15.60     -3.90    4.62     34671.0
 2023 03 02 13 08 00 000   -4.14    -1.93     3.00  -495.70    -15.90     -5.40    4.76     32685.0
 2023 03 02 13 09 00 000   -4.03    -2.18     2.85  -497.90    -16.00     -5.50    5.43     39124.0
 2023 03 02 13 10 00 000   -3.64    -2.45     2.68  -497.50    -18.30     -5.30    7.92     55520.0
 2023 03 02 13 11 00 000   -3.66    -2.50     2.65  -499.70    -16.00     -6.30    7.43     58783.0
 2023 03 02 13 12 00 000   -3.85    -2.32     2.74  -497.20    -17.90     -7.40    6.04     41634.0
 2023 03 02 13 13 00 000   -3.34    -2.76     2.58  -495.80    -16.70     -7.00    4.31     27914.0
 2023 03 02 13 14 00 000   -3.41    -2.56     2.67  -498.30    -18.70     -4.80    7.11     50321.0
 2023 03 02 13 15 00 000   -3.53    -2.28     2.73  -498.30    -18.70     -4.80    7.11     50321.0
 2023 03 02 13 16 00 000   -3.40    -2.65     2.67  -498.30    -18.70     -4.80    7.11     50321.0
 2023 03 02 13 17 00 000   -3.57    -2.63     2.71  -501.90    -18.00     -5.20    7.08     63471.0
 2023 03 02 13 18 00 000   -3.64    -1.69     3.27  -501.90    -18.00     -5.20    7.08     63471.0
 2023 03 02 13 19 00 000   -3.76    -1.86     3.04  -504.10    -11.20      0.80    6.96     54559.0
 2023 03 02 13 20 00 000   -3.54    -2.04     3.25  -504.10    -11.20      0.80    6.96     54559.0
 2023 03 02 13 21 00 000   -3.74    -1.75     3.18  -504.10    -11.20      0.80    6.96     54559.0
 2023 03 02 13 22 00 000   -3.86    -2.07     3.04  -504.10    -11.20      0.80    6.96     54559.0
 2023 03 02 13 23 00 000   -3.86    -2.20     3.01  -506.40    -12.10      0.80    6.25     49937.0
 2023 03 02 13 24 00 000   -3.71    -2.20     2.93  -506.40    -12.10      0.80    6.25     49937.0
 2023 03 02 13 25 00 000   -3.66    -2.18     2.71  -506.80    -14.60     -0.20    6.92     63393.0
 2023 03 02 13 26 00 000   -3.64    -1.95     2.69  -506.80    -14.60     -0.20    6.92     63393.0
 2023 03 02 13 27 00 000   -3.45    -2.31     2.73  -506.80    -14.60     -0.20    6.92     63393.0
 2023 03 02 13 28 00 000   -3.56    -2.33     2.69  -506.00    -15.30      2.60    6.55     55654.0
 2023 03 02 13 29 00 000   -3.69    -2.22     2.77  -506.00    -15.30      2.60    6.55     55654.0
 2023 03 02 13 30 00 000   -3.71    -1.95     3.03  -506.00    -15.30      2.60    6.55     55654.0
 2023 03 02 13 31 00 000   -3.79    -1.65     3.04  -506.00    -15.30      2.60    6.55     55654.0
 2023 03 02 13 32 00 000   -3.79    -1.50     2.95  -508.00    -10.30      0.40    6.46     59082.0
 2023 03 02 13 33 00 000   -3.62    -2.17     2.70  -508.00    -10.30      0.40    6.46     59082.0
 2023 03 02 13 34 00 000   -3.50    -2.22     2.71  -508.00    -10.30      0.40    6.46     59082.0
 2023 03 02 13 35 00 000   -3.80    -2.84     2.48  -503.80    -15.70     -4.20    7.29     60943.0
 2023 03 02 13 36 00 000   -3.73    -2.71     2.52  -503.90    -16.50     -3.80    7.21     67858.0
 2023 03 02 13 37 00 000   -3.65    -3.20     2.21  -504.50    -17.90     -2.80    7.09     80446.0
 2023 03 02 13 38 00 000   -3.74    -3.25     1.78  -507.40    -17.00     -0.30    6.40     57281.0
 2023 03 02 13 39 00 000   -3.73    -3.22     1.68  -507.40    -17.00     -0.30    6.40     57281.0
 2023 03 02 13 40 00 000   -3.59    -3.18     1.72  -506.70    -22.30     -2.50    6.45     75859.0
 2023 03 02 13 41 00 000   -3.62    -3.21     1.64  -506.70    -22.30     -2.50    6.45     75859.0
 2023 03 02 13 42 00 000   -3.57    -3.09     1.68  -506.70    -22.30     -2.50    6.45     75859.0
 2023 03 02 13 43 00 000   -3.36    -3.22     2.10  -506.30    -18.60      1.20    6.49     74240.0
 2023 03 02 13 44 00 000   -3.15    -3.22     2.50  -506.30    -18.60      1.20    6.49     74240.0
 2023 03 02 13 45 00 000   -3.24    -3.23     2.41  -504.80    -20.30     -1.40    6.61     64732.0
 2023 03 02 13 46 00 000   -3.53    -3.26     2.32  -504.80    -20.30     -1.40    6.61     64732.0
 2023 03 02 13 47 00 000   -3.39    -3.43     2.35  -504.80    -20.30     -1.40    6.61     64732.0
 2023 03 02 13 48 00 000   -3.27    -3.46     2.18  -506.30    -23.90      0.10    6.39     60260.0
 2023 03 02 13 49 00 000   -3.31    -3.51     2.20  -506.30    -23.90      0.10    6.39     60260.0
 2023 03 02 13 50 00 000   -3.17    -3.50     2.15  -506.80    -21.50     -3.50    6.20     71598.0
 2023 03 02 13 51 00 000   -3.12    -3.53     2.09  -506.80    -21.20     -3.90    6.18     72763.0
 2023 03 02 13 52 00 000   -3.25    -3.64     2.20  -506.80    -21.20     -3.90    6.18     72763.0
 2023 03 02 13 53 00 000   -3.25    -3.91     2.07  -508.10    -27.50     -1.90    5.62     49107.0
 2023 03 02 13 54 00 000   -3.09    -3.76     2.48  -508.10    -27.50     -1.90    5.62     49107.0
 2023 03 02 13 55 00 000   -3.09    -3.38     2.94  -508.10    -27.50     -1.90    5.62     49107.0
 2023 03 02 13 56 00 000   -3.11    -3.61     2.71  -508.30    -25.50      2.30    5.48     57766.0
 2023 03 02 13 57 00 000   -3.05    -3.59     2.96  -508.30    -25.50      2.30    5.48     57766.0
 2023 03 02 13 58 00 000   -3.13    -3.54     2.98  -508.30    -25.50      2.30    5.48     57766.0
 2023 03 02 13 59 00 000   -3.22    -3.53     2.87  -509.00    -21.10      6.90    5.82     64297.0
 2023 03 02 14 00 00 000   -3.19    -3.45     2.92  -509.00    -21.10      6.90    5.82     64297.0
 2023 03 02 14 01 00 000   -3.26    -3.39     2.93  -509.00    -21.10      6.90    5.82     64297.0
 2023 03 02 14 02 00 000   -3.10    -3.56     2.87  -510.30    -23.30      6.60    5.40     51302.0
 2023 03 02 14 03 00 000   -2.96    -3.62     2.81  -510.30    -23.30      6.60    5.40     51302.0
 2023 03 02 14 04 00 000   -3.00    -3.55     2.80  -510.50    -20.30      3.50    5.25     50600.0
 2023 03 02 14 05 00 000   -3.48    -3.07     2.57  -510.50    -20.30      3.50    5.25     50600.0
 2023 03 02 14 06 00 000   -3.27    -3.25     2.70  -510.50    -20.30      3.50    5.25     50600.0
 2023 03 02 14 07 00 000   -3.22    -3.49     2.19  -512.10    -24.40      5.10    5.79     71158.0
 2023 03 02 14 08 00 000   -3.86    -2.70     2.45  -514.10    -24.50      7.40    5.71     69322.0
 2023 03 02 14 09 00 000   -3.98    -2.68     2.26  -524.20    -21.70     14.30    5.32     72310.0
 2023 03 02 14 10 00 000   -3.89    -2.81     2.19  -524.30    -15.60     12.20    5.50     80336.0
 2023 03 02 14 11 00 000   -4.23    -2.50     1.99  -522.20    -23.90     -1.00    6.55     85442.0
 2023 03 02 14 12 00 000   -3.79    -3.13     2.00  -521.40    -18.20      5.40    5.57     83682.0
 2023 03 02 14 13 00 000   -3.64    -3.19     2.11  -519.90    -26.00     12.70    5.12     76802.0
 2023 03 02 14 14 00 000   -1.95    -3.71     1.31  -494.60    -40.60    -11.50    2.84     57729.0
 2023 03 02 14 15 00 000    0.57    -4.78     0.67  -494.10    -38.60     -7.90    3.08     63611.0
 2023 03 02 14 16 00 000   -1.06    -4.46     0.91  -496.10    -36.60      1.40    3.95     81949.0
 2023 03 02 14 17 00 000   -1.10    -3.91     0.97  -503.60    -31.40      8.00    4.59     77174.0
 2023 03 02 14 18 00 000   -0.80    -3.93     1.31  -505.60    -41.50      9.90    4.10     66746.0
 2023 03 02 14 19 00 000    0.31    -3.80     1.71  -483.90    -52.40     -6.10    3.12     59945.0
 2023 03 02 14 20 00 000   -0.78    -3.71     1.41  -514.80    -15.80      9.20    4.87     60566.0
 2023 03 02 14 21 00 000   -2.13    -3.22     1.87  -520.20    -19.80     16.20    5.17     72868.0
 2023 03 02 14 22 00 000   -1.36    -3.22     1.68  -491.20    -49.70     -0.20    3.59     59683.0
 2023 03 02 14 23 00 000   -1.91    -2.83     1.75  -515.10    -29.50      1.90    5.52     78327.0
 2023 03 02 14 24 00 000   -2.30    -2.84     1.62  -524.20    -22.10      5.00    6.05     82983.0
 2023 03 02 14 25 00 000   -0.81    -3.57     0.89  -517.20    -31.30      6.10    5.21     77762.0
 2023 03 02 14 26 00 000   -0.85    -3.46     1.11  -498.40    -42.90      0.60    4.71     84681.0
 2023 03 02 14 27 00 000   -0.58    -3.25     0.55  -503.70    -33.60     -1.30    4.67     70391.0
 2023 03 02 14 28 00 000   -1.25    -3.03     1.04  -500.30    -35.60     -3.20    4.54     70587.0
 2023 03 02 14 29 00 000   -0.96    -3.18     1.08  -498.80    -36.50     -4.00    4.47     70679.0
 2023 03 02 14 30 00 000    0.46    -4.07     1.21  -498.80    -36.50     -4.00    4.47     70679.0
 2023 03 02 14 31 00 000   -1.20    -3.34     1.76  -518.80    -25.30     11.80    5.38     76627.0
 2023 03 02 14 32 00 000   -0.35    -3.69     1.30  -497.50    -37.50      7.70    4.44     77974.0
 2023 03 02 14 33 00 000   -0.35    -3.69     1.11  -470.80    -56.60      1.50    3.18     74211.0
 2023 03 02 14 34 00 000   -1.08    -3.33     1.53  -497.60    -41.00      6.00    4.33     73481.0
 2023 03 02 14 35 00 000   -0.76    -3.45     1.39  -521.00    -19.70     13.30    5.86     85222.0
 2023 03 02 14 36 00 000   -1.12    -3.88     0.98  -507.40    -27.70     12.20    5.07     80745.0
 2023 03 02 14 37 00 000    0.24    -4.55     0.56  -502.60    -37.80      8.10    4.10     63998.0
 2023 03 02 14 38 00 000   -1.11    -3.79     0.90  -476.50    -59.80     -6.60    3.12     57617.0
 2023 03 02 14 39 00 000   -2.57    -3.34     0.91  -508.20    -35.80      3.50    4.68     65482.0
 2023 03 02 14 40 00 000   -2.49    -3.40     0.85  -520.70    -26.30      6.00    5.34     69546.0
 2023 03 02 14 41 00 000   -1.11    -3.47     1.22  -496.20    -38.70     -8.60    4.45     69690.0
 2023 03 02 14 42 00 000    2.55    -3.69    -1.27  -491.80    -36.50      4.10    4.14     87468.0
 2023 03 02 14 43 00 000    2.40    -4.30    -1.37  -497.40    -30.40      7.80    4.35     89386.0
 2023 03 02 14 44 00 000    3.15    -5.17    -1.40  -479.10    -47.70     -6.70    3.07     65835.0
 2023 03 02 14 45 00 000    3.06    -5.13    -1.38  -481.00    -48.70     -6.20    3.18     73365.0
 2023 03 02 14 46 00 000    3.78    -4.57    -0.43  -476.20    -54.20     -5.40    3.87     59096.0
 2023 03 02 14 47 00 000    4.10    -4.00    -1.99  -475.00    -50.10    -11.00    3.71     60328.0
 2023 03 02 14 48 00 000    3.97    -4.37    -1.57  -474.40    -45.30    -17.00    3.48     63274.0
 2023 03 02 14 49 00 000    3.93    -4.63    -0.43  -479.10    -48.90    -11.10    3.41     68158.0
 2023 03 02 14 50 00 000    3.36    -4.73    -0.90  -473.10    -52.80    -14.30    3.30     69233.0
 2023 03 02 14 51 00 000    3.00    -4.69    -1.78  -473.00    -52.80    -14.30    3.30     69240.0
 2023 03 02 14 52 00 000    3.30    -4.84    -1.02  -471.50    -53.30     -0.70    3.93     68383.0
 2023 03 02 14 53 00 000    3.63    -4.69    -1.39  -471.70    -53.20     -4.50    3.75     77266.0
 2023 03 02 14 54 00 000    3.27    -5.02    -0.98  -471.90    -53.00     -8.50    3.55     86719.0
 2023 03 02 14 55 00 000    3.44    -4.47    -0.92  -471.90    -53.00     -8.50    3.55     86719.0
 2023 03 02 14 56 00 000    2.61    -4.64     1.72  -470.80    -63.70      5.40    3.66     84617.0
 2023 03 02 14 57 00 000    2.89    -4.80     1.48  -479.50    -52.80     16.60    3.69     71950.0
 2023 03 02 14 58 00 000    3.27    -5.51     1.34  -487.00    -43.70     25.70    3.73     59640.0
 2023 03 02 14 59 00 000    3.63    -5.52     0.42  -478.40    -57.00      9.90    3.89     59917.0
 2023 03 02 15 00 00 000    4.04    -5.37    -0.44  -473.00    -58.10      3.50    3.72     53395.0
 2023 03 02 15 01 00 000    4.09    -5.34    -0.59  -471.30    -60.40      2.20    3.68     57638.0
 2023 03 02 15 02 00 000    4.25    -5.10    -1.24  -470.80    -63.70      2.80    3.69     67775.0
 2023 03 02 15 03 00 000    3.89    -5.35    -1.33  -473.20    -61.80      0.90    4.10     59765.0
 2023 03 02 15 04 00 000    3.79    -5.35    -1.68  -473.40    -62.10     -2.70    3.97     58050.0
 2023 03 02 15 05 00 000    4.02    -5.09    -2.14  -473.60    -62.50     -7.50    3.79     55728.0
 2023 03 02 15 06 00 000    4.05    -5.11    -2.20  -472.60    -64.30    -11.00    3.69     58667.0
 2023 03 02 15 07 00 000    3.70    -5.02    -2.00  -472.60    -64.30    -11.00    3.69     58667.0
 2023 03 02 15 08 00 000    3.91    -4.84    -2.28  -472.60    -64.30    -11.00    3.69     58667.0
 2023 03 02 15 09 00 000    3.96    -4.82    -2.30  -472.40    -73.00    -16.00    3.98     66525.0
 2023 03 02 15 10 00 000    4.33    -3.51    -2.68  -472.40    -73.00    -16.00    3.98     66525.0
 2023 03 02 15 11 00 000    4.40    -3.08    -3.24  -472.40    -73.00    -16.00    3.98     66525.0
 2023 03 02 15 12 00 000    4.05    -3.93    -2.76  -471.20    -55.20    -21.60    4.36     92730.0
 2023 03 02 15 13 00 000    4.14    -3.91    -2.62  -471.20    -55.20    -21.60    4.36     92730.0
 2023 03 02 15 14 00 000    4.03    -3.72    -2.99  -471.20    -55.20    -21.60    4.36     92730.0
 2023 03 02 15 15 00 000    3.44    -4.25    -3.14  -477.20    -68.30    -18.70    4.71     98795.0
 2023 03 02 15 16 00 000    2.07    -4.35    -3.41  -477.20    -68.30    -18.70    4.71     98795.0
 2023 03 02 15 17 00 000   -2.44    -5.96    -1.18  -477.20    -68.30    -18.70    4.71     98795.0
 2023 03 02 15 18 00 000   -3.41    -5.26     2.31  -533.40    -34.10     -3.80    5.03    124206.0
 2023 03 02 15 19 00 000   -2.62    -6.10     2.07  -533.40    -34.10     -3.80    5.03    124206.0
 2023 03 02 15 20 00 000   -2.84    -4.98     3.48  -533.40    -34.10     -3.80    5.03    124206.0
 2023 03 02 15 21 00 000   -2.77    -4.74     3.07  -518.00    -37.50      4.00    4.69     52900.0
 2023 03 02 15 22 00 000   -2.95    -5.41     2.36  -518.00    -37.50      4.00    4.69     52900.0
 2023 03 02 15 23 00 000   -3.15    -5.82     1.85  -518.00    -37.50      4.00    4.69     52900.0
 2023 03 02 15 24 00 000   -3.52    -5.07     2.51  -524.10    -40.50      4.80    4.16     70763.0
 2023 03 02 15 25 00 000   -3.32    -5.96     1.61  -524.10    -40.50      4.80    4.16     70763.0
 2023 03 02 15 26 00 000   -3.52    -5.26     2.12  -524.10    -40.50      4.80    4.16     70763.0
 2023 03 02 15 27 00 000   -3.01    -4.88     3.27  -527.70    -25.00      9.20    4.27     73394.0
 2023 03 02 15 28 00 000   -3.14    -5.07     3.39  -527.00    -26.20      9.60    4.22     67176.0
 2023 03 02 15 29 00 000   -3.75    -4.80     3.24  -521.30    -24.20      7.10    4.23     52997.0
 2023 03 02 15 30 00 000   -2.92    -5.00     3.34  -515.30    -17.40      2.20    4.40     52365.0
 2023 03 02 15 31 00 000   -2.62    -5.16     3.62  -530.90    -35.10      9.90    4.68     58893.0
 2023 03 02 15 32 00 000   -3.11    -4.72     3.93  -530.90    -35.10      9.90    4.68     58893.0
 2023 03 02 15 33 00 000   -3.59    -5.07     3.03  -530.90    -35.10      9.90    4.68     58893.0
 2023 03 02 15 34 00 000   -2.60    -5.33     3.29  -530.90    -35.10      9.90    4.68     58893.0
 2023 03 02 15 35 00 000   -3.64    -5.52     2.08  -531.00    -50.50      9.80    5.04     62885.0
 2023 03 02 15 36 00 000   -3.15    -5.61     2.27  -531.00    -50.50      9.80    5.04     62885.0
 2023 03 02 15 37 00 000   -3.65    -5.48     1.91  -531.00    -50.50      9.80    5.04     62885.0
 2023 03 02 15 38 00 000   -4.59    -5.12     1.44  -536.90    -49.30      6.90    3.99     40804.0
 2023 03 02 15 39 00 000   -3.83    -4.97     2.59  -523.30    -34.80      1.10    4.58     44556.0
 2023 03 02 15 40 00 000   -4.41    -4.74     2.29  -528.70    -30.90     -4.50    4.81     55045.0
 2023 03 02 15 41 00 000   -4.67    -4.43     2.51  -544.80    -39.40     -4.70    4.52     61219.0
 2023 03 02 15 42 00 000   -2.88    -5.30     3.05  -544.80    -39.40     -4.70    4.52     61219.0
 2023 03 02 15 43 00 000   -3.83    -4.92     2.62  -544.80    -39.40     -4.70    4.52     61219.0
 2023 03 02 15 44 00 000   -3.86    -5.04     3.05  -541.60    -44.60      6.50    3.85     49176.0
 2023 03 02 15 45 00 000   -2.90    -5.35     2.98  -541.60    -44.60      6.50    3.85     49176.0
 2023 03 02 15 46 00 000   -3.09    -5.33     2.77  -507.60    -30.40      0.70    5.48     45620.0
 2023 03 02 15 47 00 000   -2.85    -5.37     3.21  -510.60    -32.20      3.20    5.35     45838.0
 2023 03 02 15 48 00 000   -3.39    -5.26     2.85  -529.50    -43.70     18.10    4.48     47540.0
 2023 03 02 15 49 00 000   -3.04    -5.56     2.86  -532.40    -47.10     13.70    4.33     50634.0
 2023 03 02 15 50 00 000   -2.88    -5.82     2.66  -514.30    -40.80      4.00    4.78     50040.0
 2023 03 02 15 51 00 000   -2.72    -5.72     2.94  -509.60    -39.20      1.50    4.90     49868.0
 2023 03 02 15 52 00 000   -2.56    -5.75     3.06  -525.30    -49.80      9.70    4.45     55169.0
 2023 03 02 15 53 00 000   -2.51    -5.92     2.92  -513.70    -42.10      3.70    4.07     46409.0
 2023 03 02 15 54 00 000   -2.87    -5.78     2.96  -507.30    -37.90      0.40    3.86     41593.0
 2023 03 02 15 55 00 000   -3.56    -5.51     2.64  -527.80    -57.60     16.20    4.92     70598.0
 2023 03 02 15 56 00 000   -3.55    -5.73     2.30  -526.80    -59.00     14.60    4.88     70150.0
 2023 03 02 15 57 00 000   -2.83    -5.85     2.62  -524.40    -62.50     10.70    4.78     69036.0
 2023 03 02 15 58 00 000   -2.89    -5.72     2.60  -508.70    -42.20      1.80    4.06     43207.0
 2023 03 02 15 59 00 000   -2.95    -5.75     2.46  -521.10    -58.80      7.80    4.67     61486.0
 2023 03 02 16 00 00 000   -2.89    -5.77     2.61  -525.50    -64.60      9.90    4.88     67937.0
 2023 03 02 16 01 00 000   -2.90    -5.71     2.76  -520.70    -34.00      1.20    4.12     75344.0
 2023 03 02 16 02 00 000   -2.69    -5.62     2.78  -518.90    -43.70      3.40    4.45     61091.0
 2023 03 02 16 03 00 000   -2.34    -5.73     2.62  -515.70    -46.60      3.20    4.63     49554.0
 2023 03 02 16 04 00 000   -2.66    -5.66     2.76  -515.70    -46.60      3.20    4.63     49554.0
 2023 03 02 16 05 00 000   -2.58    -5.40     3.30  -523.00    -34.70      5.60    4.41     79345.0
 2023 03 02 16 06 00 000   -2.85    -5.56     3.13  -516.80    -37.70      0.50    4.75     68573.0
 2023 03 02 16 07 00 000   -1.37    -6.07     2.73  -520.30    -46.00     -3.70    5.12     66205.0
 2023 03 02 16 08 00 000   -1.25    -5.99     2.74  -511.30    -27.80     -6.20    6.01     47364.0
 2023 03 02 16 09 00 000   -1.40    -5.91     2.71  -511.30    -27.80     -6.20    6.01     47364.0
 2023 03 02 16 10 00 000   -1.68    -5.80     2.74  -511.30    -27.80     -6.20    6.01     47364.0
 2023 03 02 16 11 00 000   -1.33    -5.93     2.69  -511.30    -27.80     -6.20    6.01     47364.0
 2023 03 02 16 12 00 000   -1.38    -5.77     2.80  -509.00    -25.90     -3.80    6.32     56576.0
 2023 03 02 16 13 00 000   -1.52    -5.71     2.78  -509.00    -25.90     -3.80    6.32     56576.0
 2023 03 02 16 14 00 000   -1.49    -5.72     2.81  -509.00    -25.90     -3.80    6.32     56576.0
 2023 03 02 16 15 00 000   -1.74    -5.69     2.94  -507.00    -35.10     -1.00    5.80     51267.0
 2023 03 02 16 16 00 000   -1.66    -5.50     3.45  -507.00    -35.10     -1.00    5.80     51267.0
 2023 03 02 16 17 00 000   -1.54    -5.73     3.06  -507.00    -35.10     -1.00    5.80     51267.0
 2023 03 02 16 18 00 000   -1.57    -5.78     3.13  -504.40    -26.40     -8.10    5.09     51232.0
 2023 03 02 16 19 00 000   -1.38    -5.78     2.96  -504.40    -26.40     -8.10    5.09     51232.0
 2023 03 02 16 20 00 000   -1.20    -6.07     2.32  -504.40    -26.40     -8.10    5.09     51232.0
 2023 03 02 16 21 00 000   -1.21    -6.28     1.87  -505.30    -26.60     -4.00    5.67     53295.0
 2023 03 02 16 22 00 000   -0.96    -6.06     1.94  -505.60    -26.50     -3.80    5.79     52739.0
 2023 03 02 16 23 00 000   -0.99    -6.09     1.86  -511.30    -25.70     -1.30    7.76     43551.0
 2023 03 02 16 24 00 000   -1.00    -6.18     1.70  -511.30    -25.70     -1.30    7.76     43551.0
 2023 03 02 16 25 00 000   -0.91    -6.42     1.47  -506.00    -26.60     -7.50    5.84     66010.0
 2023 03 02 16 26 00 000   -0.86    -6.42     1.42  -504.30    -24.10     -9.20    6.22     59341.0
 2023 03 02 16 27 00 000   -1.02    -6.32     1.60  -504.00    -23.70     -7.10    6.46     44145.0
 2023 03 02 16 28 00 000   -0.82    -6.19     1.63  -504.40    -23.10     -6.10    6.72     45726.0
 2023 03 02 16 29 00 000    1.14    -6.23     0.51  -501.30    -17.80    -10.40    7.33     47823.0
 2023 03 02 16 30 00 000    0.02    -6.41     0.98  -503.30    -21.90     -9.80    7.06     43378.0
 2023 03 02 16 31 00 000   -0.27    -6.35     1.29  -502.30    -24.00     -9.80    6.84     37874.0
 2023 03 02 16 32 00 000    1.33    -6.24     0.57  -503.40    -21.70     -9.10    7.22     38276.0
 2023 03 02 16 33 00 000   -0.26    -6.41     1.04  -505.60    -28.80    -11.90    7.57     45381.0
 2023 03 02 16 34 00 000   -0.18    -6.59     0.64  -501.80    -24.50    -11.10    7.22     44704.0
 2023 03 02 16 35 00 000    2.38    -6.26    -0.24  -500.40    -24.40     -6.20    6.72     40695.0
 2023 03 02 16 36 00 000    2.38    -6.26    -0.23  -500.40    -24.40     -6.20    6.72     40695.0
 2023 03 02 16 37 00 000    2.35    -6.28    -0.29  -500.40    -24.40     -6.20    6.72     40695.0
 2023 03 02 16 38 00 000    2.35    -6.28    -0.29  -500.40    -24.40     -6.20    6.72     40695.0
 2023 03 02 16 39 00 000    2.40    -6.26    -0.26  -500.10    -17.80    -10.10    7.64     31175.0
 2023 03 02 16 40 00 000    2.40    -6.26    -0.28  -500.10    -17.80    -10.10    7.64     31175.0
 2023 03 02 16 41 00 000    2.44    -6.20    -0.27  -500.10    -17.80    -10.10    7.64     31175.0
 2023 03 02 16 42 00 000    2.50    -6.25    -0.38  -500.10    -17.80    -10.10    7.64     31175.0
 2023 03 02 16 43 00 000    2.49    -6.26    -0.44  -500.10    -17.80    -10.10    7.64     31175.0
 2023 03 02 16 44 00 000    2.49    -6.26    -0.45  -500.10    -17.80    -10.10    7.64     31175.0
 2023 03 02 16 45 00 000    2.66    -6.19    -0.60  -500.10    -17.80    -10.10    7.64     31175.0
 2023 03 02 16 46 00 000    2.66    -6.19    -0.60  -500.10    -17.80    -10.10    7.64     31175.0
 2023 03 02 16 47 00 000    2.34    -6.35    -0.43  -499.10    -17.40    -11.10    7.11     37934.0
 2023 03 02 16 48 00 000    1.75    -6.57    -0.16  -499.10    -17.40    -11.10    7.11     37934.0
 2023 03 02 16 49 00 000    1.68    -6.54    -0.12  -497.70    -18.00     -9.70    7.22     28944.0
 2023 03 02 16 50 00 000    1.75    -6.51    -0.22  -497.40    -18.00    -10.10    7.16     29098.0
 2023 03 02 16 51 00 000    1.66    -6.55    -0.09  -496.00    -18.00    -11.60    6.90     30655.0
 2023 03 02 16 52 00 000    1.97    -6.47    -0.12  -495.30    -19.20    -12.20    6.72     30939.0
 2023 03 02 16 53 00 000    2.12    -6.43    -0.30  -495.00    -19.80    -12.50    6.63     31065.0
 2023 03 02 16 54 00 000    2.17    -6.39    -0.36  -495.80    -24.30     -9.50    6.50     35350.0
 2023 03 02 16 55 00 000    1.01    -6.64     0.75  -495.90    -25.10     -8.90    6.47     36167.0
 2023 03 02 16 56 00 000    1.47    -6.57     0.35  -494.20    -19.70    -15.50    7.32     30391.0
 2023 03 02 16 57 00 000    2.08    -6.40    -0.28  -494.20    -19.60    -15.70    7.34     30248.0
 2023 03 02 16 58 00 000    2.17    -6.34    -0.36  -493.50    -19.20    -16.60    7.54     31671.0
 2023 03 02 16 59 00 000    2.35    -6.25    -0.57  -493.50    -19.20    -16.60    7.54     31671.0
 2023 03 02 17 00 00 000    2.63    -6.23    -0.92  -494.60    -20.00    -14.80    7.02     32514.0
 2023 03 02 17 01 00 000    2.82    -6.23    -1.00  -494.70    -20.10    -14.60    6.97     32592.0
 2023 03 02 17 02 00 000    2.99    -6.19    -1.16  -498.70    -25.20     -7.20    5.54     33383.0
 2023 03 02 17 03 00 000    3.06    -6.23    -1.17  -498.70    -25.30     -7.10    5.53     33611.0
 2023 03 02 17 04 00 000    2.67    -6.41    -0.94  -500.70    -29.00     -3.80    5.13     44925.0
 2023 03 02 17 05 00 000    2.72    -6.40    -0.91  -500.70    -29.00     -3.80    5.13     44925.0
 2023 03 02 17 06 00 000    2.57    -6.48    -0.68  -494.20    -24.20    -10.70    5.37     34327.0
 2023 03 02 17 07 00 000    2.49    -6.54    -0.52  -494.20    -24.20    -10.70    5.37     34327.0
 2023 03 02 17 08 00 000    2.35    -6.65    -0.43  -494.20    -24.20    -10.70    5.37     34327.0
 2023 03 02 17 09 00 000    2.00    -6.76    -0.07  -494.70    -25.90    -11.30    5.43     33753.0
 2023 03 02 17 10 00 000    2.15    -6.74    -0.14  -494.50    -25.80    -11.70    5.46     33300.0
 2023 03 02 17 11 00 000    2.14    -6.73    -0.26  -493.70    -25.10    -13.70    5.65     30737.0
 2023 03 02 17 12 00 000    2.15    -6.67    -0.23  -493.50    -23.70    -14.80    6.02     30246.0
 2023 03 02 17 13 00 000    1.87    -6.83     0.01  -493.50    -23.60    -14.90    6.06     30192.0
 2023 03 02 17 14 00 000    1.96    -6.80    -0.02  -495.60    -24.30    -17.00    6.17     29335.0
 2023 03 02 17 15 00 000    1.94    -6.78    -0.29  -495.60    -24.30    -17.00    6.17     29335.0
 2023 03 02 17 16 00 000    2.12    -6.92    -0.16  -495.40    -22.40    -14.90    6.37     29549.0
 2023 03 02 17 17 00 000    1.70    -6.64     0.88  -495.40    -22.40    -14.90    6.37     29549.0
 2023 03 02 17 18 00 000    1.97    -6.91     0.26  -491.20    -31.50    -19.90    6.42     34801.0
 2023 03 02 17 19 00 000    1.88    -6.84     0.25  -493.20    -30.10    -18.70    6.59     30051.0
 2023 03 02 17 20 00 000    1.63    -6.98     0.24  -491.60    -28.20    -17.50    6.88     31176.0
 2023 03 02 17 21 00 000    1.66    -7.27     0.12  -490.40    -28.30    -18.00    6.40     30980.0
 2023 03 02 17 22 00 000    1.77    -7.26     0.17  -491.40    -30.10    -15.60    5.39     28410.0
 2023 03 02 17 23 00 000    1.79    -7.25     0.21  -491.40    -30.20    -15.70    5.40     28311.0
 2023 03 02 17 24 00 000    1.72    -7.26     0.41  -491.90    -31.60    -17.80    5.51     26884.0
 2023 03 02 17 25 00 000    2.23    -7.15     0.38  -491.30    -32.40    -18.20    5.47     26549.0
 2023 03 02 17 26 00 000    2.50    -6.97     0.24  -490.80    -33.10    -18.60    5.43     26250.0
 2023 03 02 17 27 00 000    3.05    -6.66    -0.27  -489.30    -31.40    -19.20    5.69     27453.0
 2023 03 02 17 28 00 000    3.27    -6.44    -0.65  -489.20    -31.30    -19.20    5.70     27500.0
 2023 03 02 17 29 00 000    3.72    -6.08    -1.19  -489.00    -31.40    -19.40    5.72     27721.0
 2023 03 02 17 30 00 000    4.38    -5.57    -1.73  -485.40    -33.30    -22.50    6.11     31480.0
 2023 03 02 17 31 00 000    4.43    -5.46    -2.08  -483.40    -33.00    -22.20    6.07     29472.0
 2023 03 02 17 32 00 000    4.43    -5.34    -2.17  -486.80    -34.60    -24.10    6.50     32151.0
 2023 03 02 17 33 00 000    4.70    -4.97    -2.30  -486.90    -34.60    -24.10    6.51     32200.0
 2023 03 02 17 34 00 000    4.80    -4.93    -2.41  -485.30    -29.60    -23.40    7.72     29282.0
 2023 03 02 17 35 00 000    4.80    -5.28    -2.05  -485.30    -29.60    -23.40    7.72     29282.0
 2023 03 02 17 36 00 000    4.97    -5.33    -1.86  -485.00    -35.20    -19.40    6.81     28384.0
 2023 03 02 17 37 00 000    5.15    -5.23    -1.95  -485.00    -35.20    -19.40    6.81     28384.0
 2023 03 02 17 38 00 000    4.71    -5.67    -1.81  -484.70    -36.10    -22.90    7.37     29176.0
 2023 03 02 17 39 00 000    4.60    -5.77    -1.94  -484.70    -36.10    -22.90    7.37     29176.0
 2023 03 02 17 40 00 000    4.88    -5.42    -2.18  -483.80    -34.40    -22.30    6.81     28884.0
 2023 03 02 17 41 00 000    4.82    -5.42    -2.46  -484.70    -34.40    -22.30    6.84     28675.0
 2023 03 02 17 42 00 000    4.83    -5.41    -2.61  -487.80    -34.40    -22.50    6.96     27966.0
 2023 03 02 17 43 00 000    4.83    -5.54    -2.34  -487.90    -36.10    -20.20    7.19     26629.0
 2023 03 02 17 44 00 000    4.95    -5.33    -2.60  -487.90    -36.40    -19.80    7.22     26427.0
 2023 03 02 17 45 00 000    4.96    -5.29    -2.72  -487.10    -35.40    -16.90    7.48     31368.0
 2023 03 02 17 46 00 000    5.00    -5.07    -2.97  -487.10    -35.40    -16.90    7.48     31368.0
 2023 03 02 17 47 00 000    5.00    -5.47    -2.06  -485.00    -35.80    -10.80    7.66     24762.0
 2023 03 02 17 48 00 000    4.90    -5.25    -2.66  -485.00    -36.00    -11.00    7.57     24710.0
 2023 03 02 17 49 00 000    5.10    -5.13    -2.44  -485.30    -37.40    -12.40    7.08     24418.0
 2023 03 02 17 50 00 000    4.95    -5.11    -2.66  -482.30    -33.10    -14.00    6.61     22343.0
 2023 03 02 17 51 00 000    4.77    -4.97    -3.04  -481.20    -31.60    -14.60    6.44     21588.0
 2023 03 02 17 52 00 000    4.89    -4.69    -3.31  -481.90    -35.30    -21.10    7.08     23396.0
 2023 03 02 17 53 00 000    4.87    -4.64    -3.39  -481.90    -35.40    -21.30    7.10     23456.0
 2023 03 02 17 54 00 000    4.84    -4.98    -2.70  -481.90    -35.40    -21.30    7.10     23456.0
 2023 03 02 17 55 00 000    4.59    -4.47    -3.89  -481.90    -35.40    -21.30    7.10     23456.0
 2023 03 02 17 56 00 000    4.95    -4.85    -2.86  -481.40    -33.90    -22.30    7.17     21497.0
 2023 03 02 17 57 00 000    4.48    -5.05    -3.13  -482.30    -35.60    -22.00    7.11     21257.0
 2023 03 02 17 58 00 000    4.79    -4.96    -2.70  -487.60    -45.00    -20.20    6.78     19886.0
 2023 03 02 17 59 00 000    4.67    -5.11    -2.67  -487.60    -45.00    -20.20    6.78     19886.0
 2023 03 02 18 00 00 000    4.92    -5.31    -1.66  -480.30    -35.70    -15.20    7.38     23029.0
 2023 03 02 18 01 00 000    4.72    -5.42    -1.82  -480.30    -35.70    -15.20    7.38     23029.0
 2023 03 02 18 02 00 000    4.44    -5.61    -1.90  -482.00    -33.40     -8.80    7.15     29335.0
 2023 03 02 18 03 00 000    3.84    -5.66    -2.93  -484.70    -37.00    -11.20    7.28     26391.0
 2023 03 02 18 04 00 000    4.01    -5.89    -2.10  -487.90    -41.30    -14.10    7.42     22793.0
 2023 03 02 18 05 00 000    3.95    -6.18    -1.02  -486.60    -38.00     -5.30    7.50     21202.0
 2023 03 02 18 06 00 000    3.68    -6.50     0.17  -486.90    -38.00     -4.30    7.43     21043.0
 2023 03 02 18 07 00 000    4.17    -6.12    -1.21  -488.80    -38.10      2.80    6.99     19952.0
 2023 03 02 18 08 00 000    4.48    -5.86    -1.32  -486.80    -36.70      0.00    6.89     20033.0
 2023 03 02 18 09 00 000    4.27    -5.93    -1.38  -480.80    -32.50     -8.50    6.58     20283.0
 2023 03 02 18 10 00 000    4.19    -5.44    -2.05  -484.30    -36.40     -7.20    6.94     24171.0
 2023 03 02 18 11 00 000    4.73    -4.56    -3.36  -483.40    -37.80    -11.90    7.02     23579.0
 2023 03 02 18 12 00 000    4.79    -4.79    -3.12  -481.00    -38.10    -18.30    6.98     21406.0
 2023 03 02 18 13 00 000    4.80    -4.53    -3.42  -478.40    -38.60    -14.20    6.93     20172.0
 2023 03 02 18 14 00 000    5.12    -4.79    -2.79  -478.40    -38.60    -14.20    6.93     20172.0
 2023 03 02 18 15 00 000    4.85    -5.00    -3.02  -479.20    -41.20    -16.00    6.84     20331.0
 2023 03 02 18 16 00 000    4.76    -5.02    -3.24  -479.40    -41.80    -16.50    6.82     20507.0
 2023 03 02 18 17 00 000    4.80    -4.91    -3.48  -480.60    -38.80    -16.90    7.03     28279.0
 2023 03 02 18 18 00 000    4.82    -4.74    -3.86  -480.50    -40.90    -21.10    6.81     21680.0
 2023 03 02 18 19 00 000    4.67    -4.88    -4.02  -481.50    -43.20    -22.60    6.92     20630.0
 2023 03 02 18 20 00 000    4.73    -4.93    -3.91  -482.70    -45.50    -22.50    7.08     20983.0
 2023 03 02 18 21 00 000    4.87    -5.19    -3.57  -483.40    -47.50    -21.40    6.91     17753.0
 2023 03 02 18 22 00 000    5.01    -5.22    -3.29  -480.60    -42.80    -17.60    7.63     21010.0
 2023 03 02 18 23 00 000    5.21    -5.14    -3.27  -480.50    -42.60    -17.40    7.67     21163.0
 2023 03 02 18 24 00 000    5.23    -5.16    -3.34  -479.00    -40.90    -18.30    7.54     20239.0
 2023 03 02 18 25 00 000    5.24    -5.06    -3.62  -480.30    -42.10    -18.20    7.70     20696.0
 2023 03 02 18 26 00 000    5.60    -4.97    -3.32  -480.30    -42.20    -18.30    7.76     20695.0
 2023 03 02 18 27 00 000    5.48    -5.08    -3.52  -477.30    -40.40    -19.00    8.00     19190.0
 2023 03 02 18 28 00 000    5.74    -4.89    -3.58  -477.60    -40.00    -22.20    7.76     19681.0
 2023 03 02 18 29 00 000    5.84    -5.11    -3.56  -479.50    -42.60    -22.80    7.94     23945.0
 2023 03 02 18 30 00 000    5.83    -5.49    -3.55  -481.40    -46.10    -22.30    8.17     24830.0
 2023 03 02 18 31 00 000    6.08    -5.45    -3.51  -481.70    -48.10    -21.50    8.20     20988.0
 2023 03 02 18 32 00 000    6.38    -5.77    -2.61  -480.70    -49.60    -20.70    8.19     21979.0
 2023 03 02 18 33 00 000    6.01    -5.58    -3.56  -481.60    -44.60    -14.60    9.37     22313.0
 2023 03 02 18 34 00 000    6.25    -5.58    -3.30  -481.40    -44.20    -14.00    9.25     22193.0
 2023 03 02 18 35 00 000    6.41    -5.13    -3.69  -480.10    -44.60    -14.60    7.95     21360.0
 2023 03 02 18 36 00 000    5.98    -5.18    -4.18  -479.50    -40.00    -25.50    7.40     19722.0
 2023 03 02 18 37 00 000    6.70    -4.51    -4.20  -479.20    -39.70    -26.00    7.44     19495.0
 2023 03 02 18 38 00 000    6.63    -5.36    -3.51  -478.00    -40.70    -22.60    8.01     18990.0
 2023 03 02 18 39 00 000    6.93    -5.50    -2.60  -479.00    -44.10    -15.20    7.89     19349.0
 2023 03 02 18 40 00 000    6.42    -6.00    -2.62  -480.50    -43.00    -10.30    8.12     22377.0
 2023 03 02 18 41 00 000    6.19    -6.02    -2.87  -480.80    -44.20     -7.70    8.03     24881.0
 2023 03 02 18 42 00 000    6.39    -5.97    -2.51  -480.90    -46.30     -4.80    7.86     27895.0
 2023 03 02 18 43 00 000    6.39    -5.86    -2.73  -478.50    -44.90     -9.60    8.04     22210.0
 2023 03 02 18 44 00 000    6.41    -5.91    -2.53  -478.30    -45.40    -11.60    7.53     21208.0
 2023 03 02 18 45 00 000    6.44    -5.94    -2.45  -478.30    -45.50    -11.90    7.46     21066.0
 2023 03 02 18 46 00 000    6.46    -5.93    -2.56  -478.40    -46.70    -10.90    7.80     21726.0
 2023 03 02 18 47 00 000    6.53    -5.98    -2.51  -478.40    -46.70    -10.90    7.80     21726.0
 2023 03 02 18 48 00 000    6.67    -5.89    -2.38  -477.70    -43.20    -10.00    7.33     20953.0
 2023 03 02 18 49 00 000    6.68    -5.89    -2.33  -477.70    -43.20    -10.00    7.33     20953.0
 2023 03 02 18 50 00 000    6.56    -6.03    -2.15  -476.90    -47.70     -8.50    7.23     19342.0
 2023 03 02 18 51 00 000    6.72    -5.98    -1.54  -476.40    -50.20     -7.50    7.22     18481.0
 2023 03 02 18 52 00 000    6.82    -5.97    -1.34  -475.20    -48.10     -3.90    7.91     19543.0
 2023 03 02 18 53 00 000    7.10    -5.60    -1.00  -475.90    -48.90     -3.60    7.36     21094.0
 2023 03 02 18 54 00 000    6.81    -6.01    -1.07  -475.50    -47.80     -1.30    7.27     20560.0
 2023 03 02 18 55 00 000    7.16    -4.87    -1.85  -474.40    -46.90     -1.50    7.04     20184.0
 2023 03 02 18 56 00 000    7.24    -5.24     0.94  -472.00    -45.70     -8.10    6.27     23136.0
 2023 03 02 18 57 00 000    7.26    -5.07     1.52  -471.50    -41.90     -4.90    5.97     21196.0
 2023 03 02 18 58 00 000    7.07    -5.60    -0.57  -468.20    -39.20     -9.50    6.03     20273.0
 2023 03 02 18 59 00 000    7.51    -4.76    -1.28  -466.10    -41.00    -12.00    6.69     18785.0
 2023 03 02 19 00 00 000    7.86    -4.24     0.48  -466.10    -41.00    -12.00    6.69     18783.0
 2023 03 02 19 01 00 000    7.87    -3.89    -0.77  -465.00    -41.50     -9.10    6.63     25162.0
 2023 03 02 19 02 00 000    7.38    -4.28    -2.79  -465.30    -41.90    -10.60    6.70     24409.0
 2023 03 02 19 03 00 000    7.36    -4.51    -3.10  -467.30    -43.50    -15.10    7.13     21186.0
 2023 03 02 19 04 00 000    7.34    -4.38    -3.34  -470.00    -44.70    -11.60    7.72     19674.0
 2023 03 02 19 05 00 000    7.90    -4.09    -2.25  -470.40    -46.40    -12.30    7.52     19453.0
 2023 03 02 19 06 00 000    7.84    -3.95    -2.65  -469.90    -49.50    -16.80    7.66     18775.0
 2023 03 02 19 07 00 000    7.59    -4.03    -3.37  -470.10    -51.60    -17.70    7.41     18911.0
 2023 03 02 19 08 00 000    7.44    -4.22    -3.48  -471.20    -51.70    -17.20    7.00     17936.0
 2023 03 02 19 09 00 000    7.25    -4.36    -3.70  -472.40    -49.90    -19.60    7.23     26466.0
 2023 03 02 19 10 00 000    7.28    -4.10    -3.88  -472.20    -52.10    -18.70    7.21     21089.0
 2023 03 02 19 11 00 000    7.47    -4.00    -3.66  -471.80    -51.60    -17.90    7.07     19472.0
 2023 03 02 19 12 00 000    7.24    -4.22    -3.80  -471.60    -51.10    -17.60    7.01     19493.0
 2023 03 02 19 13 00 000    7.27    -3.95    -4.04  -471.60    -51.10    -17.60    7.01     19493.0
 2023 03 02 19 14 00 000    7.20    -4.22    -3.99  -471.60    -51.10    -17.60    7.01     19493.0
 2023 03 02 19 15 00 000    7.26    -3.99    -4.09  -471.60    -51.10    -17.60    7.01     19493.0
 2023 03 02 19 16 00 000    7.42    -3.68    -4.12  -472.30    -52.30    -20.30    7.46     19908.0
 2023 03 02 19 17 00 000    7.40    -3.76    -4.08  -472.30    -52.30    -20.30    7.46     19908.0
 2023 03 02 19 18 00 000    7.40    -3.64    -4.15  -472.30    -52.30    -20.30    7.46     19908.0
 2023 03 02 19 19 00 000    7.06    -4.26    -4.23  -472.30    -52.30    -20.30    7.46     19908.0
 2023 03 02 19 20 00 000    7.31    -3.96    -4.11  -471.50    -51.20    -21.80    7.02     19083.0
 2023 03 02 19 21 00 000    7.29    -3.99    -4.14  -471.50    -51.20    -21.80    7.02     19083.0
 2023 03 02 19 22 00 000    7.20    -4.16    -4.18  -471.50    -51.20    -21.80    7.02     19083.0
 2023 03 02 19 23 00 000    7.01    -4.41    -4.23  -471.50    -51.20    -21.80    7.02     19083.0
 2023 03 02 19 24 00 000    6.98    -4.48    -4.25  -471.90    -52.20    -19.90    7.34     19406.0
 2023 03 02 19 25 00 000    7.10    -4.26    -4.22  -471.90    -52.20    -19.90    7.34     19406.0
 2023 03 02 19 26 00 000    7.19    -4.22    -4.08  -471.90    -52.20    -19.90    7.34     19406.0
 2023 03 02 19 27 00 000    6.91    -4.64    -4.12  -471.90    -52.20    -19.90    7.34     19406.0
 2023 03 02 19 28 00 000    7.16    -4.21    -4.18  -471.90    -52.20    -22.40    7.44     19646.0
 2023 03 02 19 29 00 000    7.28    -4.02    -4.22  -471.90    -52.20    -22.40    7.44     19646.0
 2023 03 02 19 30 00 000    7.30    -4.18    -4.06  -471.90    -52.20    -22.40    7.44     19646.0
 2023 03 02 19 31 00 000    7.26    -4.00    -4.17  -471.90    -52.20    -22.40    7.44     19646.0
 2023 03 02 19 32 00 000    7.43    -3.37    -4.38  -471.90    -52.20    -22.40    7.44     19646.0
 2023 03 02 19 33 00 000    7.45    -3.37    -4.24  -471.90    -52.20    -22.40    7.44     19646.0
 2023 03 02 19 34 00 000    7.39    -3.24    -4.47  -467.80    -48.60    -30.60    7.90     19406.0
 2023 03 02 19 35 00 000    7.37    -3.03    -4.68  -467.80    -48.60    -30.60    7.90     19406.0
 2023 03 02 19 36 00 000    7.36    -4.05    -3.96  -467.80    -48.60    -30.60    7.90     19406.0
 2023 03 02 19 37 00 000    7.33    -4.08    -3.82  -467.80    -48.60    -30.60    7.90     19406.0
 2023 03 02 19 38 00 000    7.23    -3.25    -4.56  -467.90    -47.40    -21.80    7.40     28884.0
 2023 03 02 19 39 00 000    7.42    -3.43    -4.09  -467.90    -47.40    -21.80    7.40     28884.0
 2023 03 02 19 40 00 000    7.42    -3.43    -4.09  -467.60    -48.90    -23.50    7.91     20327.0
 2023 03 02 19 41 00 000    7.47    -3.36    -4.07  -467.60    -48.90    -23.50    7.91     20327.0
 2023 03 02 19 42 00 000    7.42    -3.56    -3.91  -467.60    -48.90    -23.50    7.91     20327.0
 2023 03 02 19 43 00 000    7.24    -3.62    -4.17  -467.60    -48.90    -23.50    7.91     20327.0
 2023 03 02 19 44 00 000    7.12    -3.62    -4.32  -467.60    -48.90    -23.50    7.91     20327.0
 2023 03 02 19 45 00 000    7.12    -3.62    -4.32  -467.60    -48.90    -23.50    7.91     20327.0
 2023 03 02 19 46 00 000    7.07    -3.37    -4.66  -467.60    -48.90    -23.50    7.91     20327.0
 2023 03 02 19 47 00 000    7.14    -3.64    -4.41  -467.60    -48.90    -23.50    7.91     20327.0
 2023 03 02 19 48 00 000    7.14    -3.64    -4.41  -467.60    -48.90    -23.50    7.91     20327.0
 2023 03 02 19 49 00 000    7.18    -3.93    -4.05  -470.90    -52.90    -15.30    7.58     20729.0
 2023 03 02 19 50 00 000    6.95    -4.26    -4.09  -470.90    -52.90    -15.30    7.58     20729.0
 2023 03 02 19 52 00 000    7.09    -4.49    -3.59  -470.90    -52.90    -15.30    7.58     20729.0
 2023 03 02 19 53 00 000    7.05    -4.77    -3.37  -470.90    -52.90    -15.30    7.58     20729.0
 2023 03 02 19 55 00 000    7.11    -4.56    -3.29  -470.90    -52.90    -15.30    7.58     20729.0
 2023 03 02 19 56 00 000    6.48    -3.96    -4.83  -470.90    -52.90    -15.30    7.58     20729.0
 2023 03 02 19 57 00 000    7.37    -3.85    -3.52  -477.40    -57.10    -26.60    8.10     20350.0
 2023 03 02 19 58 00 000    7.38    -3.53    -3.94  -477.40    -57.10    -26.60    8.10     20350.0
 2023 03 02 19 59 00 000    6.96    -3.68    -4.48  -477.40    -57.10    -26.60    8.10     20350.0
 2023 03 02 20 00 00 000    6.93    -3.56    -4.59  -471.40    -53.40    -17.10    7.30     21726.0
 2023 03 02 20 01 00 000    6.62    -3.82    -4.67  -471.40    -53.40    -17.10    7.30     21726.0
 2023 03 02 20 02 00 000    6.55    -4.89    -3.76  -471.40    -53.40    -17.10    7.30     21726.0
 2023 03 02 20 03 00 000    6.74    -3.81    -4.55  -471.40    -53.40    -17.10    7.30     21726.0
 2023 03 02 20 04 00 000    6.60    -3.42    -5.11  -473.80    -53.60    -10.70    6.95     20261.0
 2023 03 02 20 05 00 000    6.59    -1.59    -6.14  -473.80    -53.70    -10.80    6.95     20353.0
 2023 03 02 20 06 00 000    6.46    -2.63    -5.71  -474.30    -57.10    -15.00    7.13     23933.0
 2023 03 02 20 07 00 000    5.18    -5.03    -5.13  -474.40    -57.20    -14.90    7.14     23916.0
 2023 03 02 20 08 00 000    3.98    -6.98    -4.64  -484.50    -66.70     -6.60    7.73     22303.0
 2023 03 02 20 09 00 000    3.29    -7.56    -4.35  -481.00    -58.10    -12.70    6.60     22027.0
 2023 03 02 20 10 00 000    3.44    -7.61    -4.18  -478.90    -53.00    -16.40    5.93     21879.0
 2023 03 02 20 11 00 000    3.64    -7.47    -4.64  -476.10    -52.20    -16.00    7.09     29817.0
 2023 03 02 20 12 00 000    3.37    -7.18    -5.33  -478.20    -52.40    -19.10    7.25     24329.0
 2023 03 02 20 13 00 000    4.02    -7.19    -4.97  -478.80    -52.50    -19.90    7.30     22817.0
 2023 03 02 20 14 00 000    4.26    -7.14    -4.87  -475.60    -53.20    -12.50    6.98     21910.0
 2023 03 02 20 15 00 000    4.43    -6.90    -5.13  -475.60    -53.20    -12.50    6.98     21910.0
 2023 03 02 20 16 00 000    4.91    -6.49    -5.26  -474.20    -52.10    -13.70    7.26     21111.0
 2023 03 02 20 17 00 000    5.23    -6.25    -5.36  -474.20    -52.20    -14.00    7.19     21085.0
 2023 03 02 20 18 00 000    5.04    -6.28    -5.44  -474.40    -50.70    -17.10    6.82     20995.0
 2023 03 02 20 19 00 000    5.00    -6.12    -5.64  -475.70    -45.90    -20.70    6.78     21107.0
 2023 03 02 20 20 00 000    5.04    -5.60    -6.01  -473.10    -51.50    -12.10    6.94     22653.0
 2023 03 02 20 21 00 000    5.22    -5.91    -5.76  -472.70    -52.70    -12.70    6.74     22414.0
 2023 03 02 20 22 00 000    6.03    -4.77    -5.98  -471.30    -57.20    -14.80    5.98     21521.0
 2023 03 02 20 23 00 000    5.84    -4.40    -6.64  -467.80    -57.00    -24.70    5.80     52415.0
 2023 03 02 20 24 00 000    5.69    -5.62    -5.91  -463.70    -59.50    -28.80    4.52     81930.0
 2023 03 02 20 25 00 000    5.64    -3.81    -6.71  -467.30    -65.00    -19.80    3.58    104800.0
 2023 03 02 20 26 00 000    5.56    -3.56    -7.02  -465.00    -62.20    -21.60    3.70     93606.0
 2023 03 02 20 27 00 000    5.61    -3.19    -7.11  -463.30    -61.20    -20.90    3.83     82520.0
 2023 03 02 20 28 00 000    5.36    -2.34    -7.42  -465.80    -54.30    -35.60    3.56     82968.0
 2023 03 02 20 29 00 000    5.67    -4.28    -6.12  -468.60    -56.30    -29.00    3.89     55034.0
 2023 03 02 20 30 00 000    6.17    -4.60    -5.29  -469.00    -55.70    -10.60    4.76     21620.0
 2023 03 02 20 31 00 000    6.10    -6.23    -3.82  -460.00    -58.70    -12.60    4.87     28911.0
 2023 03 02 20 32 00 000    6.38    -5.86    -3.81  -461.80    -57.50    -12.20    4.75     29892.0
 2023 03 02 20 33 00 000    7.10    -4.84    -4.16  -465.20    -55.20    -11.40    4.54     31810.0
 2023 03 02 20 34 00 000    6.82    -4.96    -4.37  -465.20    -55.20    -11.40    4.54     31810.0
 2023 03 02 20 35 00 000    6.92    -5.37    -3.81  -465.20    -55.20    -11.40    4.54     31810.0
 2023 03 02 20 39 00 000    7.04    -4.16    -5.10  -443.80    -78.00    -12.40    2.51     54166.0
 2023 03 02 20 40 00 000    6.99    -4.71    -4.72  -443.90    -78.10    -11.10    2.52     54017.0
 2023 03 02 20 41 00 000    7.10    -3.24    -5.79  -444.30    -78.90     -6.20    2.55     53438.0
 2023 03 02 20 42 00 000    7.11    -2.83    -5.97  -451.20    -66.80    -32.40    3.22     88423.0
 2023 03 02 20 43 00 000    7.10    -2.87    -6.05  -448.00    -67.20    -30.30    3.04     82130.0
 2023 03 02 20 44 00 000    6.94    -2.81    -6.08  -445.10    -64.50    -33.90    2.64     68573.0
 2023 03 02 20 45 00 000    6.90    -4.83    -4.53  -445.80    -68.30    -27.80    2.53     63000.0
 2023 03 02 20 46 00 000    7.00    -4.59    -4.51  -449.30    -83.40     -3.20    2.81     67977.0
 2023 03 02 20 47 00 000    7.22    -3.88    -4.85  -442.30    -72.60     -9.60    2.84     74933.0
 2023 03 02 20 48 00 000    7.30    -3.72    -4.86  -440.40    -71.80    -11.00    2.83     73758.0
 2023 03 02 20 49 00 000    7.28    -3.78    -4.90  -441.80    -75.40     -8.10    2.99     77935.0
 2023 03 02 20 50 00 000    7.19    -3.72    -5.06  -443.40    -73.30     -7.40    2.88     76355.0
 2023 03 02 20 51 00 000    7.24    -3.84    -4.78  -446.00    -76.80    -11.50    2.83     73918.0
 2023 03 02 20 52 00 000    7.46    -3.84    -4.43  -437.90    -82.40     -1.80    3.00     79669.0
 2023 03 02 20 53 00 000    7.65    -3.86    -3.97  -437.80    -82.40     -1.60    3.00     79764.0
 2023 03 02 20 54 00 000    7.70    -3.85    -3.77  -438.50    -65.30      1.10    2.93     74664.0
 2023 03 02 20 55 00 000    6.74    -3.52    -5.73  -438.70    -66.10      0.70    2.92     75118.0
 2023 03 02 20 56 00 000    6.75    -3.72    -5.60  -442.40    -80.10     -5.40    2.83     83003.0
 2023 03 02 20 57 00 000    6.63    -3.01    -5.94  -442.40    -80.10     -5.40    2.83     82952.0
 2023 03 02 20 58 00 000    6.51    -2.30    -6.49  -458.30    -59.90     -9.10    4.22     38389.0
 2023 03 02 20 59 00 000    6.68    -2.43    -6.51  -455.90    -63.90    -14.00    3.86     35981.0
 2023 03 02 21 00 00 000    6.96    -2.80    -5.95  -450.00    -74.10    -26.40    2.97     29924.0
 2023 03 02 21 01 00 000    6.95    -2.61    -6.19  -455.70    -49.70    -14.10    3.76     64758.0
 2023 03 02 21 02 00 000    7.06    -2.61    -6.10  -456.30    -47.00    -12.70    3.84     68628.0
 2023 03 02 21 03 00 000    6.97    -2.55    -6.28  -456.70    -66.50      0.40    3.39    113903.0
 2023 03 02 21 04 00 000    6.85    -2.23    -6.49  -456.70    -66.50      0.40    3.39    113903.0
 2023 03 02 21 05 00 000    6.86    -2.29    -6.21  -456.70    -66.50      0.40    3.39    113903.0
 2023 03 02 21 06 00 000    6.90    -2.41    -6.15  -451.30    -69.50    -20.10    3.27    127295.0
 2023 03 02 21 07 00 000    6.90    -2.46    -6.13  -451.30    -69.50    -20.10    3.27    127295.0
 2023 03 02 21 08 00 000    6.91    -3.01    -5.74  -446.70    -71.20    -22.60    2.76     89723.0
 2023 03 02 21 09 00 000    6.72    -2.90    -5.98  -446.70    -71.20    -22.60    2.76     89723.0
 2023 03 02 21 10 00 000    6.56    -3.40    -5.86  -446.70    -71.20    -22.60    2.76     89723.0
 2023 03 02 21 11 00 000    6.63    -3.50    -5.76  -449.40    -82.20    -20.20    2.93     85806.0
 2023 03 02 21 12 00 000    7.04    -2.90    -5.66  -449.40    -82.20    -20.20    2.93     85806.0
 2023 03 02 21 13 00 000    7.31    -2.81    -5.40  -449.40    -82.20    -20.20    2.93     85806.0
 2023 03 02 21 14 00 000    7.27    -2.73    -5.49  -441.70    -68.80    -13.60    3.05     88979.0
 2023 03 02 21 15 00 000    7.42    -2.66    -5.30  -441.70    -68.80    -13.60    3.05     88979.0
 2023 03 02 21 16 00 000    7.60    -2.17    -5.30  -441.70    -68.80    -13.60    3.05     88979.0
 2023 03 02 21 17 00 000    7.22    -2.88    -5.47  -442.20    -65.40     -9.00    2.95     82244.0
 2023 03 02 21 18 00 000    7.21    -2.89    -5.49  -442.20    -65.40     -9.00    2.95     82244.0
 2023 03 02 21 19 00 000    7.19    -2.81    -5.44  -444.90    -81.70     -2.30    3.85    122295.0
 2023 03 02 21 20 00 000    6.87    -2.34    -6.04  -444.90    -81.70     -2.30    3.85    122295.0
 2023 03 02 21 21 00 000    5.74    -2.52    -7.11  -463.90    -76.40    -23.90    3.02     97868.0
 2023 03 02 21 22 00 000    6.22    -3.12    -6.46  -463.90    -76.40    -23.90    3.02     97868.0
 2023 03 02 21 23 00 000    6.21    -2.46    -6.68  -463.90    -76.40    -23.90    3.02     97868.0
 2023 03 02 21 24 00 000    6.62    -3.82    -5.56  -450.40    -82.50     28.90    3.27     63471.0
 2023 03 02 21 25 00 000    6.82    -3.52    -5.63  -450.40    -82.50     28.90    3.27     63471.0
 2023 03 02 21 26 00 000    6.83    -3.29    -5.70  -450.40    -82.50     28.90    3.27     63471.0
 2023 03 02 21 27 00 000    6.97    -3.15    -5.57  -447.70    -84.50    -12.00    2.85     74664.0
 2023 03 02 21 28 00 000    6.92    -3.37    -5.55  -447.70    -84.50    -12.00    2.85     74664.0
 2023 03 02 21 29 00 000    7.08    -3.33    -5.32  -448.80    -84.80    -13.60    2.68     58328.0
 2023 03 02 21 30 00 000    7.07    -2.65    -5.77  -448.80    -84.80    -13.60    2.68     58328.0
 2023 03 02 21 31 00 000    7.20    -1.72    -5.87  -448.80    -84.80    -13.60    2.68     58328.0
 2023 03 02 21 32 00 000    7.19    -2.43    -5.68  -448.20    -77.40    -15.20    2.99     63432.0
 2023 03 02 21 33 00 000    7.15    -2.63    -5.57  -448.20    -77.40    -15.20    2.99     63432.0
 2023 03 02 21 34 00 000    7.04    -3.09    -5.39  -447.40    -83.70    -15.00    3.14     79413.0
 2023 03 02 21 35 00 000    6.85    -2.91    -5.87  -447.40    -83.70    -15.00    3.14     79413.0
 2023 03 02 21 36 00 000    6.77    -3.19    -5.82  -451.00    -79.10    -22.50    2.73     66846.0
 2023 03 02 21 37 00 000    6.69    -3.49    -5.72  -451.00    -79.10    -22.50    2.73     66846.0
 2023 03 02 21 38 00 000    6.85    -1.71    -6.33  -450.90    -69.60    -29.20    2.90     80852.0
 2023 03 02 21 39 00 000    6.69    -3.08    -6.00  -450.90    -67.20    -30.80    2.93     84308.0
 2023 03 02 21 40 00 000    6.54    -2.60    -6.44  -452.80    -74.10    -26.80    2.69     77675.0
 2023 03 02 21 41 00 000    6.36    -1.81    -6.79  -452.80    -74.10    -26.80    2.69     77669.0
 2023 03 02 21 42 00 000    6.74    -3.24    -5.70  -455.00    -64.70    -34.00    2.83     85078.0
 2023 03 02 21 43 00 000    6.80    -2.98    -5.70  -455.00    -64.70    -34.00    2.83     85078.0
 2023 03 02 21 44 00 000    6.75    -3.13    -5.68  -463.80    -69.70    -16.30    3.26    125801.0
 2023 03 02 21 45 00 000    7.01    -2.38    -5.83  -463.80    -69.70    -16.30    3.26    125801.0
 2023 03 02 21 47 00 000    6.57    -5.01    -4.69  -462.00    -87.20     -9.60    2.48     67572.0
 2023 03 02 21 48 00 000    6.42    -1.86    -6.25  -464.20    -83.20    -17.80    2.49     75587.0
 2023 03 02 21 49 00 000    6.45     1.43    -7.03  -466.90    -78.20    -27.80    2.51     85396.0
 2023 03 02 21 50 00 000    7.34    -1.00    -6.28  -466.90    -78.20    -27.80    2.51     85396.0
 2023 03 02 21 51 00 000    7.14    -0.07    -6.75  -453.10    -59.00    -57.30    2.20     66284.0
 2023 03 02 21 52 00 000    7.39    -0.65    -6.52  -453.70    -59.30    -57.00    2.23     64954.0
 2023 03 02 21 53 00 000    7.02    -0.18    -6.85  -453.70    -62.60    -52.70    2.32     62229.0
 2023 03 02 21 54 00 000    7.43    -0.54    -6.58  -453.30    -60.70    -52.30    2.12     57061.0
 2023 03 02 21 55 00 000    7.48     0.53    -6.66  -451.80    -60.40    -55.60    2.23     55631.0
 2023 03 02 21 56 00 000    7.59    -1.57    -6.23  -450.00    -65.50    -37.50    2.85     63393.0
 2023 03 02 21 57 00 000    7.54    -2.11    -6.31  -450.40    -66.40    -37.80    2.82     62857.0
 2023 03 02 21 58 00 000    7.61    -3.11    -6.09  -455.40    -78.10    -41.40    2.44     55821.0
 2023 03 02 21 59 00 000    7.28    -4.22    -5.76  -453.50    -84.30    -12.20    3.28     55738.0
 2023 03 02 22 00 00 000    7.72    -5.43    -4.39  -453.30    -85.00     -8.80    3.37     55765.0
 2023 03 02 22 01 00 000    7.64    -6.01    -3.49  -453.30    -85.00     -8.80    3.37     55765.0
 2023 03 02 22 02 00 000    7.15    -6.12    -4.28  -455.20    -86.80    -17.60    2.45     75731.0
 2023 03 02 22 03 00 000    6.52    -7.64    -2.19  -455.20    -86.80    -17.60    2.45     75731.0
 2023 03 02 22 04 00 000    5.62    -8.84     0.13  -457.30    -88.20     12.70    2.36     52614.0
 2023 03 02 22 05 00 000    6.21    -6.71    -1.75  -457.30    -88.20     12.70    2.36     52614.0
 2023 03 02 22 06 00 000    5.50    -8.70    -1.05  -460.60    -87.00      4.80    2.35     53105.0
 2023 03 02 22 07 00 000    6.44    -4.97    -3.06  -463.60    -75.70    -16.10    2.13     71344.0
 2023 03 02 22 08 00 000    6.05    -6.79    -2.23  -465.20    -64.60    -33.70    1.90     89701.0
 2023 03 02 22 09 00 000    6.74    -6.50    -3.20  -463.40   -100.10     -4.20    1.88     66124.0
 2023 03 02 22 10 00 000    6.70    -5.41    -3.87  -460.40   -102.50     -4.00    2.00     62316.0
 2023 03 02 22 11 00 000    6.05    -5.62    -3.87  -455.10   -106.80     -3.60    2.20     55429.0
 2023 03 02 22 12 00 000    6.26    -5.84    -3.80  -443.60    -92.50    -25.20    1.82     51162.0
 2023 03 02 22 13 00 000    6.48    -5.96    -4.02  -443.60    -92.50    -25.20    1.82     51162.0
 2023 03 02 22 14 00 000    5.87    -6.70    -3.23  -446.90    -89.90    -25.50    1.90     52991.0
 2023 03 02 22 15 00 000    6.29    -4.93    -3.96  -456.30    -77.00    -34.90    1.85     57750.0
 2023 03 02 22 16 00 000    7.10    -2.10    -5.13  -464.60    -60.20    -40.60    1.93     70070.0
 2023 03 02 22 17 00 000    6.53    -3.94    -4.28  -468.40    -52.00    -39.90    2.10     78844.0
 2023 03 02 22 18 00 000    7.05    -3.08    -5.15  -468.40    -52.00    -39.90    2.10     78844.0
 2023 03 02 22 19 00 000    7.28    -3.82    -4.71  -456.90    -68.10    -40.40    1.98     68605.0
 2023 03 02 22 20 00 000    7.37    -3.02    -5.27  -449.40    -76.50    -35.50    2.22     64007.0
 2023 03 02 22 21 00 000    7.30    -2.94    -4.88  -465.70    -64.60    -46.40    2.01     60096.0
 2023 03 02 22 22 00 000    7.38    -2.35    -5.29  -453.30    -82.80    -28.60    1.93     48195.0
 2023 03 02 22 23 00 000    6.72     1.25    -6.99  -468.90    -62.90    -45.70    1.91     64009.0
 2023 03 02 22 24 00 000    6.60     0.10    -7.26  -471.30    -66.80    -43.50    2.09     79453.0
 2023 03 02 22 25 00 000    8.25    -1.21    -5.40  -476.70    -65.00    -44.40    2.22     93130.0
 2023 03 02 22 26 00 000    8.17    -1.54    -5.43  -476.70    -65.00    -44.40    2.22     93130.0
 2023 03 02 22 27 00 000    8.00    -1.08    -5.73  -476.70    -65.00    -44.40    2.22     93130.0
 2023 03 02 22 28 00 000    7.99    -0.87    -5.77  -476.70    -65.00    -44.40    2.22     93130.0
 2023 03 02 22 29 00 000    7.99    -1.25    -5.74  -476.70    -65.00    -44.40    2.22     93130.0
 2023 03 02 22 30 00 000    7.99    -1.25    -5.74  -476.70    -65.00    -44.40    2.22     93130.0
 2023 03 02 22 31 00 000    7.71    -1.07    -6.12  -464.30    -51.80    -40.00    1.73     81798.0
 2023 03 02 22 32 00 000    7.93    -0.96    -5.83  -464.30    -51.80    -40.00    1.73     81798.0
 2023 03 02 22 33 00 000    8.19    -1.73    -5.24  -464.30    -51.80    -40.00    1.73     81798.0
 2023 03 02 22 34 00 000    8.28    -1.90    -4.99  -465.90    -46.50    -44.60    1.82     83740.0
 2023 03 02 22 35 00 000    7.95    -0.11    -5.81  -467.70    -47.80    -45.40    1.78     90308.0
 2023 03 02 22 36 00 000    7.94     0.34    -5.84  -473.20    -50.20    -54.60    1.95    102638.0
 2023 03 02 22 37 00 000    8.12     0.08    -5.52  -474.90    -53.90    -61.20    2.05    102346.0
 2023 03 02 22 38 00 000    8.15     0.14    -5.53  -467.90    -48.70    -55.10    1.86     90003.0
 2023 03 02 22 39 00 000    8.06    -0.20    -5.68  -467.90    -48.70    -55.10    1.86     90003.0
 2023 03 02 22 40 00 000    7.69     0.26    -6.04  -472.80    -40.60    -56.10    2.05     87546.0
 2023 03 02 22 41 00 000    7.62    -0.48    -6.14  -472.80    -40.60    -56.10    2.05     87546.0
 2023 03 02 22 42 00 000    7.51     0.35    -6.35  -483.50    -44.90    -60.00    2.06     95690.0
 2023 03 02 22 43 00 000    7.85    -0.60    -5.99  -483.50    -44.90    -60.00    2.06     95690.0
 2023 03 02 22 44 00 000    7.93    -0.50    -5.96  -483.50    -44.90    -60.00    2.06     95690.0
 2023 03 02 22 45 00 000    7.88    -0.16    -6.04  -490.20    -25.90    -71.80    1.70     93109.0
 2023 03 02 22 46 00 000    7.48     0.58    -6.25  -490.20    -25.90    -71.80    1.70     93109.0
 2023 03 02 22 47 00 000    7.48     0.65    -6.19  -490.20    -25.90    -71.80    1.70     93109.0
 2023 03 02 22 48 00 000    7.72    -0.30    -6.03  -506.10    -21.60    -65.40    1.61     50495.0
 2023 03 02 22 49 00 000    7.80    -0.45    -5.85  -507.00    -20.50    -65.50    1.58     48882.0
 2023 03 02 22 50 00 000    8.05    -1.48    -5.39  -507.40    -21.50    -58.00    1.56     49330.0
 2023 03 02 22 51 00 000    7.83    -1.19    -5.76  -504.10    -27.20    -49.60    1.68     57357.0
 2023 03 02 22 52 00 000    7.96    -1.27    -5.61  -504.10    -28.10    -48.00    1.71     60069.0
 2023 03 02 22 53 00 000    7.91    -1.36    -5.60  -504.10    -28.10    -48.00    1.71     60069.0
 2023 03 02 22 54 00 000    7.97    -1.45    -5.43  -500.30    -26.10    -51.30    1.63     47534.0
 2023 03 02 22 55 00 000    8.05    -1.06    -5.42  -500.30    -26.10    -51.30    1.63     47534.0
 2023 03 02 22 56 00 000    8.14    -1.08    -5.24  -500.30    -26.10    -51.30    1.63     47534.0
 2023 03 02 22 57 00 000    8.06    -1.65    -5.14  -500.30    -26.10    -51.30    1.63     47534.0
 2023 03 02 22 58 00 000    7.98    -1.63    -5.28  -504.50    -28.50    -35.60    1.69     56465.0
 2023 03 02 22 59 00 000    7.93    -2.61    -4.91  -504.50    -28.50    -35.60    1.69     56465.0
 2023 03 02 23 00 00 000    7.96    -2.15    -5.10  -504.50    -28.50    -35.60    1.69     56465.0
 2023 03 02 23 01 00 000    7.81    -2.33    -5.24  -507.00    -36.10    -36.80    1.72     51514.0
 2023 03 02 23 02 00 000    7.92    -1.98    -5.11  -507.00    -36.10    -36.80    1.72     51514.0
 2023 03 02 23 03 00 000    8.15    -1.70    -4.98  -507.00    -36.10    -36.80    1.72     51514.0
 2023 03 02 23 04 00 000    8.13    -1.48    -5.00  -497.90    -28.00    -40.70    1.68     43778.0
 2023 03 02 23 05 00 000    8.06    -1.91    -4.85  -497.90    -28.00    -40.70    1.68     43778.0
 2023 03 02 23 06 00 000    7.75    -1.84    -5.12  -500.00    -33.70    -36.90    1.90     56539.0
 2023 03 02 23 07 00 000    7.31    -1.72    -5.77  -500.90    -33.50    -36.30    1.89     57193.0
 2023 03 02 23 08 00 000    7.64    -2.33    -5.21  -508.20    -31.50    -31.30    1.85     62846.0
 2023 03 02 23 09 00 000    7.68    -2.95    -4.91  -508.20    -31.50    -31.30    1.85     62846.0
 2023 03 02 23 10 00 000    7.55    -3.29    -4.79  -513.20    -53.70    -12.40    2.33     93157.0
 2023 03 02 23 11 00 000    6.80    -4.41    -4.00  -513.20    -53.90    -12.10    2.33     93698.0
 2023 03 02 23 12 00 000    7.06    -3.67    -4.18  -514.90    -61.30      0.80    2.51    117049.0
 2023 03 02 23 13 00 000    7.54    -2.34    -4.32  -506.40    -42.10    -18.20    2.69     92230.0
 2023 03 02 23 14 00 000    7.23    -2.51    -4.67  -501.40    -28.40    -28.10    2.73     82532.0
 2023 03 02 23 15 00 000    7.15    -2.27    -4.88  -506.00    -33.60    -36.40    2.57     81240.0
 2023 03 02 23 16 00 000    6.94    -2.91    -4.80  -508.50    -37.20    -39.30    2.51     81309.0
 2023 03 02 23 17 00 000    6.82    -3.04    -4.86  -508.90    -41.70    -35.20    2.84     99431.0
 2023 03 02 23 18 00 000    6.81    -3.13    -4.83  -508.90    -41.70    -35.20    2.84     99431.0
 2023 03 02 23 19 00 000    6.91    -2.22    -5.35  -508.90    -41.70    -35.20    2.84     99431.0
 2023 03 02 23 20 00 000    7.03    -2.24    -5.22  -508.70    -31.60    -39.80    2.49     97625.0
 2023 03 02 23 21 00 000    6.89    -1.21    -5.48  -508.80    -31.30    -40.10    2.51     97981.0
 2023 03 02 23 22 00 000    6.76    -1.88    -5.57  -511.60    -25.10    -48.50    3.03    106722.0
 2023 03 02 23 23 00 000    6.75    -1.99    -5.57  -511.60    -25.10    -48.50    3.03    106722.0
 2023 03 02 23 24 00 000    6.82    -3.37    -4.46  -515.20    -33.20    -42.10    2.68    100908.0
 2023 03 02 23 25 00 000    6.77    -3.76    -4.12  -515.20    -33.20    -41.90    2.70    100931.0
 2023 03 02 23 26 00 000    6.35    -3.91    -4.16  -514.60    -34.00    -36.30    3.24    101700.0
 2023 03 02 23 27 00 000    6.24    -4.00    -4.30  -514.60    -36.50    -35.00    3.30    111687.0
 2023 03 02 23 28 00 000    6.27    -4.01    -4.34  -514.50    -40.20    -33.10    3.39    126298.0
 2023 03 02 23 29 00 000    6.18    -4.49    -4.00  -509.50    -37.60    -31.90    3.21    102746.0
 2023 03 02 23 30 00 000    6.00    -5.07    -3.64  -511.40    -41.00    -28.10    3.22    106809.0
 2023 03 02 23 31 00 000    6.11    -5.10    -3.41  -515.30    -47.30    -21.30    3.26    116172.0
 2023 03 02 23 32 00 000    5.92    -5.26    -3.53  -511.10    -41.60    -24.10    3.44    127631.0
 2023 03 02 23 33 00 000    5.55    -5.76    -3.32  -511.10    -41.60    -24.10    3.44    127684.0
 2023 03 02 23 34 00 000    5.93    -5.52    -2.91  -511.20    -39.00    -14.20    3.34    124426.0
 2023 03 02 23 35 00 000    5.42    -5.98    -3.12  -511.20    -39.00    -14.20    3.34    124426.0
 2023 03 02 23 36 00 000    5.43    -6.20    -2.63  -511.20    -39.00    -14.20    3.34    124426.0
 2023 03 02 23 37 00 000    5.72    -5.91    -2.68  -514.10    -37.40    -17.80    3.41    136618.0
 2023 03 02 23 38 00 000    5.71    -6.00    -2.61  -514.10    -37.40    -17.80    3.41    136618.0
 2023 03 02 23 39 00 000    5.78    -6.03    -2.39  -514.10    -42.90    -15.30    3.34    135127.0
 2023 03 02 23 40 00 000    5.73    -6.27    -1.82  -514.10    -42.90    -15.30    3.34    135127.0
 2023 03 02 23 41 00 000    5.68    -5.94    -2.87  -514.40    -37.10    -13.10    3.29    134727.0
 2023 03 02 23 42 00 000    5.40    -5.84    -3.61  -514.40    -37.10    -13.10    3.29    134727.0
 2023 03 02 23 43 00 000    5.28    -5.77    -3.86  -517.90    -47.90    -24.80    3.53    147147.0
 2023 03 02 23 44 00 000    5.26    -5.68    -4.01  -517.90    -47.90    -24.80    3.53    147164.0
 2023 03 02 23 45 00 000    5.41    -5.48    -4.02  -517.90    -47.90    -24.80    3.53    147164.0
 2023 03 02 23 46 00 000    5.88    -4.87    -4.20  -514.50    -36.20    -23.60    3.02    122785.0
 2023 03 02 23 47 00 000    5.47    -5.23    -4.36  -515.00    -38.10    -24.50    3.09    126572.0
 2023 03 02 23 48 00 000    5.35    -5.63    -4.05  -517.40    -47.40    -28.80    3.42    144550.0
 2023 03 02 23 49 00 000    4.90    -5.80    -4.43  -517.40    -47.40    -28.80    3.42    144550.0
 2023 03 02 23 50 00 000    4.75    -6.03    -4.30  -517.40    -47.40    -28.80    3.42    144550.0
 2023 03 02 23 51 00 000    5.28    -5.20    -4.72  -519.40    -45.50    -36.10    3.49    149741.0
 2023 03 02 23 52 00 000    5.16    -5.31    -4.83  -519.40    -45.50    -36.10    3.49    149741.0
 2023 03 02 23 53 00 000    5.08    -5.52    -4.75  -520.00    -42.10    -37.00    3.31    144846.0
 2023 03 02 23 54 00 000    4.70    -5.88    -4.90  -523.40    -41.80    -35.40    3.29    148614.0
 2023 03 02 23 55 00 000    4.74    -5.77    -5.00  -527.70    -41.50    -33.30    3.26    153497.0
 2023 03 02 23 56 00 000    4.88    -5.78    -4.94  -524.70    -43.40    -38.30    3.17    147224.0
 2023 03 02 23 57 00 000    4.93    -5.67    -4.96  -524.70    -43.40    -38.30    3.17    147224.0
 2023 03 02 23 58 00 000    4.84    -5.93    -4.61  -525.40    -41.40    -35.40    3.28    148840.0
 2023 03 02 23 59 00 000    4.37    -6.46    -4.24  -525.40    -41.40    -35.40    3.28    148840.0
