
Downloaded from OMNIWeb and processed by omniweb_read.py

No AlphaRatio was considered

#TIMEDELAY
0.0

#START
 2025 11 10 00 00 00 000    4.99    -0.23     4.51  -537.20     18.90      9.80    6.13    185282.0
 2025 11 10 00 01 00 000    2.82     0.79     5.74  -537.20     18.90      9.80    6.13    185282.0
 2025 11 10 00 02 00 000    4.58     0.50     4.77  -537.20     18.90      9.80    6.13    185282.0
 2025 11 10 00 03 00 000    4.14     1.29     5.60  -537.70      4.00     -2.00    7.21    173814.0
 2025 11 10 00 04 00 000    3.43     0.20     5.12  -535.90     -2.60     -1.10    7.09    171130.0
 2025 11 10 00 05 00 000    4.45     0.54     5.35  -534.30     -8.30     -0.30    6.98    168844.0
 2025 11 10 00 06 00 000    3.27     0.50     5.42  -534.30     -8.30     -0.30    6.98    168844.0
 2025 11 10 00 07 00 000    4.12     1.20     5.41  -539.90     15.60      3.20    6.08    165106.0
 2025 11 10 00 08 00 000    2.85     1.61     5.83  -539.90     15.60      3.20    6.08    165106.0
 2025 11 10 00 09 00 000    2.92     1.79     5.44  -539.90     15.60      3.20    6.08    165106.0
 2025 11 10 00 10 00 000    4.80     0.16     4.76  -539.90     15.60      3.20    6.08    165106.0
 2025 11 10 00 11 00 000    1.27     0.16     6.34  -539.90     15.60      3.20    6.08    165106.0
 2025 11 10 00 12 00 000    4.28     0.97     5.56  -539.90     15.60      3.20    6.08    165106.0
 2025 11 10 00 13 00 000    5.14    -1.02     3.94  -537.90      2.20    -10.30    7.01    174522.0
 2025 11 10 00 14 00 000    0.87    -0.10     6.20  -542.80      1.10      3.90    6.13    172166.0
 2025 11 10 00 16 00 000    0.00    -0.60     6.39  -545.20      0.60     10.70    5.71    171036.0
 2025 11 10 00 18 00 000    4.92    -0.38     4.27  -545.20      0.60     10.70    5.71    171036.0
 2025 11 10 00 19 00 000   -0.25    -0.18     6.45  -545.20      0.60     10.70    5.71    171036.0
 2025 11 10 00 20 00 000    5.00    -0.65     4.15  -533.40    -15.60      3.80    7.03    182879.0
 2025 11 10 00 21 00 000    5.01    -0.72     4.17  -533.40    -15.60      3.80    7.03    182879.0
 2025 11 10 00 22 00 000    2.38    -0.41     5.34  -533.40    -15.60      3.80    7.03    182879.0
 2025 11 10 00 23 00 000    4.92    -0.31     4.33  -533.40    -15.60      3.80    7.03    182879.0
 2025 11 10 00 24 00 000   -0.96    -0.23     6.70  -533.40    -15.60      3.80    7.03    182879.0
 2025 11 10 00 25 00 000   -0.96    -0.23     6.70  -533.40    -15.60      3.80    7.03    182879.0
 2025 11 10 00 27 00 000    2.01    -0.28     5.62  -533.40    -15.60      3.80    7.03    182879.0
 2025 11 10 00 28 00 000    5.04    -0.16     4.18  -529.70     19.00      3.70    6.87    177268.0
 2025 11 10 00 29 00 000    5.04    -0.16     4.18  -529.70     19.00      3.70    6.87    177268.0
 2025 11 10 00 30 00 000   -0.48    -0.30     6.51  -529.70     19.00      3.70    6.87    177268.0
 2025 11 10 00 31 00 000    5.02    -0.32     4.31  -529.70     19.00      3.70    6.87    177268.0
 2025 11 10 00 32 00 000    5.02    -0.32     4.31  -529.70     19.00      3.70    6.87    177268.0
 2025 11 10 00 33 00 000    2.33    -0.53     5.23  -549.60     -2.10      0.90    5.94    208180.0
 2025 11 10 00 35 00 000    5.16    -0.23     4.18  -549.60     -2.10      0.90    5.94    208180.0
 2025 11 10 00 36 00 000    4.76    -0.15     4.45  -549.60     -2.10      0.90    5.94    208180.0
 2025 11 10 00 37 00 000   -0.80    -1.17     6.21  -549.60     -2.10      0.90    5.94    208180.0
 2025 11 10 00 38 00 000    5.07    -0.35     4.19  -549.60     -2.10      0.90    5.94    208180.0
 2025 11 10 00 39 00 000   -2.12     0.52     6.28  -562.20      3.60     12.30    5.88    191426.0
 2025 11 10 00 40 00 000   -1.62     0.77     6.03  -561.80      3.80     11.80    5.99    194519.0
 2025 11 10 00 41 00 000   -2.32     1.19     5.87  -559.80      4.80      9.40    6.55    211244.0
 2025 11 10 00 42 00 000   -2.15     1.30     5.98  -559.80      4.80      9.40    6.55    211244.0
 2025 11 10 00 43 00 000   -1.93     1.55     5.92  -558.40      7.90      5.30    5.91    172843.0
 2025 11 10 00 44 00 000   -1.73     1.30     5.87  -559.70      7.30      4.20    6.03    172367.0
 2025 11 10 00 45 00 000   -1.90     1.72     6.06  -561.00      4.60      3.60    6.25    181330.0
 2025 11 10 00 46 00 000   -1.92     1.66     6.02  -557.60      3.50      7.50    6.07    194265.0
 2025 11 10 00 47 00 000    1.74    -1.51     1.50  -535.00    -18.00    -25.40    7.44    190406.0
 2025 11 10 00 48 00 000   -0.01     0.30     3.64  -535.60    -17.10    -24.40    7.42    190686.0
 2025 11 10 00 49 00 000    2.11    -2.02     1.04  -560.70     17.20     16.20    6.58    201626.0
 2025 11 10 00 50 00 000    2.04    -1.71     3.78  -560.70     17.20     16.20    6.58    201632.0
 2025 11 10 00 51 00 000    0.46    -0.38     4.75  -560.70     17.20     16.20    6.58    201632.0
 2025 11 10 00 52 00 000    4.66    -3.91    -0.43  -531.40     -1.00    -30.10    7.06    205210.0
 2025 11 10 00 53 00 000    1.32    -1.03     4.01  -531.50     -1.70    -29.70    7.06    202772.0
 2025 11 10 00 54 00 000    3.55    -2.94     1.89  -534.60    -19.30    -20.30    7.00    141198.0
 2025 11 10 00 55 00 000    4.33    -3.23     2.01  -531.70     -5.00    -18.80    6.76    139972.0
 2025 11 10 00 56 00 000    0.86    -0.62     4.77  -542.40      0.60     -3.20    6.00    150656.0
 2025 11 10 00 58 00 000   -1.22     0.94     6.45  -559.00      8.50     14.80    6.78    229198.0
 2025 11 10 00 59 00 000   -0.65     0.52     5.75  -558.10      7.10     14.00    6.65    223686.0
 2025 11 10 01 00 00 000    1.25    -0.37     4.85  -551.80      0.50      7.90    6.09    208891.0
 2025 11 10 01 01 00 000    0.74    -0.16     4.77  -543.00     -6.30      1.90    6.51    208610.0
 2025 11 10 01 02 00 000    1.19    -0.23     5.24  -544.20     -6.20      3.10    6.41    197827.0
 2025 11 10 01 03 00 000    0.95    -0.38     5.27  -550.50     -0.10      8.80    6.13    211673.0
 2025 11 10 01 04 00 000    0.73    -0.09     5.43  -533.70    -15.00      3.00    6.47    175785.0
 2025 11 10 01 05 00 000    0.48    -0.31     5.72  -548.90     -3.80      5.00    6.20    177064.0
 2025 11 10 01 06 00 000   -0.91     1.06     6.50  -559.10      3.70      6.40    6.01    177924.0
 2025 11 10 01 07 00 000    3.43    -2.12     4.08  -559.10      3.70      6.40    6.01    177924.0
 2025 11 10 01 08 00 000    0.30    -0.03     5.63  -559.10      3.70      6.40    6.01    177924.0
 2025 11 10 01 09 00 000   -1.28     1.17     6.53  -562.20      4.00      4.30    5.99    179305.0
 2025 11 10 01 10 00 000    0.74    -0.28     4.98  -562.20      4.00      4.30    5.99    179305.0
 2025 11 10 01 11 00 000   -1.27     1.09     6.49  -562.20      4.00      4.30    5.99    179305.0
 2025 11 10 01 12 00 000   -2.28     1.09     6.06  -562.20      4.00      4.30    5.99    179305.0
 2025 11 10 01 13 00 000    3.67    -2.21     3.82  -562.20      4.00      4.30    5.99    179305.0
 2025 11 10 01 15 00 000    4.01    -2.04    -3.21  -562.20      4.00      4.30    5.99    179305.0
 2025 11 10 01 16 00 000    4.01    -2.04    -3.21  -562.20      4.00      4.30    5.99    179305.0
 2025 11 10 01 17 00 000    3.66    -1.93     3.81  -562.20      4.00      4.30    5.99    179305.0
 2025 11 10 01 18 00 000    3.66    -1.93     3.81  -562.20      4.00      4.30    5.99    179305.0
 2025 11 10 01 19 00 000    3.67    -1.95     0.56  -562.20      4.00      4.30    5.99    179305.0
 2025 11 10 01 21 00 000    4.86    -1.90    -0.15  -529.60    -12.80    -13.30    6.73    194707.0
 2025 11 10 01 22 00 000    3.85    -1.58     3.64  -529.60    -12.80    -13.30    6.73    194707.0
 2025 11 10 01 23 00 000    2.71    -1.29     2.01  -538.40    -17.40     -7.80    6.75    245799.0
 2025 11 10 01 24 00 000    2.71    -1.29     2.01  -538.40    -17.40     -7.80    6.75    245799.0
 2025 11 10 01 25 00 000    4.87    -1.98     0.35  -538.40    -17.40     -7.80    6.75    245799.0
 2025 11 10 01 26 00 000    4.82    -2.25    -0.17  -531.70      6.80     -0.20    5.86    156621.0
 2025 11 10 01 27 00 000    4.48    -1.95     1.53  -531.70      6.80     -0.20    5.86    156621.0
 2025 11 10 01 28 00 000    4.85    -2.04     0.37  -531.70      6.80     -0.20    5.86    156621.0
 2025 11 10 01 29 00 000    4.82    -1.52     1.99  -531.70      6.80     -0.20    5.86    156621.0
 2025 11 10 01 30 00 000    3.99    -2.06     2.05  -531.70      6.80     -0.20    5.86    156621.0
 2025 11 10 01 31 00 000    4.77    -2.70     1.44  -531.70      6.80     -0.20    5.86    156621.0
 2025 11 10 01 32 00 000    4.71    -2.59     1.51  -531.70      6.80     -0.20    5.86    156621.0
 2025 11 10 01 33 00 000    4.33    -2.21     2.26  -531.70      6.80     -0.20    5.86    156621.0
 2025 11 10 01 34 00 000    4.21    -2.15     2.28  -531.70      6.80     -0.20    5.86    156621.0
 2025 11 10 01 35 00 000    5.02    -1.61     1.59  -531.70      6.80     -0.20    5.86    156621.0
 2025 11 10 01 36 00 000    4.72    -2.37     1.31  -526.90     -2.00      4.00    6.80    201422.0
 2025 11 10 01 37 00 000    4.79    -1.90     2.55  -527.90     -5.50     -0.00    6.78    188392.0
 2025 11 10 01 38 00 000    3.96    -2.73     2.84  -529.90    -12.40     -7.80    6.73    163311.0
 2025 11 10 01 39 00 000    4.67    -1.97     2.42  -529.90    -12.40     -7.80    6.73    163311.0
 2025 11 10 01 40 00 000    4.67    -1.97     2.42  -529.90    -12.40     -7.80    6.73    163311.0
 2025 11 10 01 41 00 000    4.90    -1.83     2.41  -529.90    -12.40     -7.80    6.73    163311.0
 2025 11 10 01 42 00 000    5.09    -0.99     2.23  -529.90    -12.40     -7.80    6.73    163311.0
 2025 11 10 01 43 00 000    5.13    -1.13     2.20  -529.90    -12.40     -7.80    6.73    163311.0
 2025 11 10 01 44 00 000    5.31    -0.76     1.95  -526.10     -3.70     -4.50    7.02    167962.0
 2025 11 10 01 46 00 000    5.14    -1.19     2.30  -526.10     -3.70     -4.50    7.02    167962.0
 2025 11 10 01 47 00 000    4.97    -0.96     2.68  -526.10     -3.70     -4.50    7.02    167962.0
 2025 11 10 01 48 00 000    5.68    -1.62     1.11  -525.50     -6.30    -17.10    7.24    174009.0
 2025 11 10 01 49 00 000    5.41    -1.61     1.47  -525.50     -6.30    -17.10    7.24    174009.0
 2025 11 10 01 50 00 000    5.47    -1.60     1.47  -525.50     -6.30    -17.10    7.24    174009.0
 2025 11 10 01 51 00 000    5.22    -2.19     1.55  -527.70      1.90    -10.70    6.77    156643.0
 2025 11 10 01 52 00 000    5.28    -1.70     1.08  -527.80     -1.10     -8.40    6.65    154300.0
 2025 11 10 01 53 00 000    5.26    -2.12     0.70  -527.90     -6.20     -4.50    6.46    150227.0
 2025 11 10 01 54 00 000    5.52    -1.02     0.92  -523.40     11.90     -9.70    6.91    168154.0
 2025 11 10 01 55 00 000    5.11    -2.66     2.19  -523.40     11.90     -9.70    6.91    168154.0
 2025 11 10 01 56 00 000    5.25    -2.83     1.70  -523.40     11.90     -9.70    6.91    168154.0
 2025 11 10 01 57 00 000    5.56    -2.24     1.31  -523.30     -1.90     -6.50    6.47    140906.0
 2025 11 10 01 58 00 000    1.98    -1.13     5.02  -523.40     -3.60    -10.50    6.76    149364.0
 2025 11 10 01 59 00 000    2.11    -1.60     4.62  -523.40     -4.20    -11.90    6.85    152402.0
 2025 11 10 02 00 00 000    0.86    -0.73     6.19  -523.40     -4.20    -11.90    6.85    152402.0
 2025 11 10 02 01 00 000    3.26    -1.71     3.75  -523.40     -4.20    -11.90    6.85    152402.0
 2025 11 10 02 02 00 000    0.06    -0.57     6.09  -550.20     -1.70     18.50    6.48    163567.0
 2025 11 10 02 03 00 000    2.21    -0.99     4.09  -545.10     -2.10     11.90    6.48    158364.0
 2025 11 10 02 04 00 000    1.52     0.35     4.32  -519.90     -4.50    -14.50    6.29    126284.0
 2025 11 10 02 05 00 000    1.90    -0.77     4.18  -538.30      4.70      7.70    5.71    168664.0
 2025 11 10 02 06 00 000    4.06    -3.05     2.93  -538.30      4.70      7.70    5.71    168640.0
 2025 11 10 02 07 00 000    2.89    -2.49     2.82  -528.50    -13.90      1.60    5.71    149305.0
 2025 11 10 02 08 00 000    3.93    -3.81     1.52  -528.20    -11.70     -0.90    5.75    154137.0
 2025 11 10 02 09 00 000    2.88    -2.74     2.04  -523.50     -6.00    -11.80    6.53    137157.0
 2025 11 10 02 10 00 000    3.08    -3.26     1.65  -526.60     -7.70    -26.50    6.07    144408.0
 2025 11 10 02 11 00 000    2.55    -4.23     2.18  -535.20    -22.20     -9.50    5.59    150247.0
 2025 11 10 02 12 00 000    3.27    -4.11     1.84  -539.10    -18.80     -8.70    6.26    170522.0
 2025 11 10 02 13 00 000    2.01    -3.72     3.17  -528.30      4.20    -13.10    6.43    146456.0
 2025 11 10 02 14 00 000    1.12    -4.08     3.21  -554.70    -30.30      6.70    5.97    167795.0
 2025 11 10 02 15 00 000    1.04    -4.23     4.05  -556.80    -28.60      9.10    5.81    169264.0
 2025 11 10 02 16 00 000    2.21    -5.09     2.44  -556.80    -28.60      9.10    5.81    169264.0
 2025 11 10 02 17 00 000    2.95    -4.23     2.49  -530.20    -23.00     -7.80    6.07    174279.0
 2025 11 10 02 18 00 000    2.93    -2.60     2.61  -527.90     -8.90     -8.30    6.55    169774.0
 2025 11 10 02 19 00 000    3.54    -2.73     2.38  -545.80    -18.80      5.30    6.60    170484.0
 2025 11 10 02 20 00 000    2.86    -3.75     3.53  -543.00    -32.40     -2.70    6.31    158170.0
 2025 11 10 02 21 00 000    3.24    -3.26     2.94  -533.10    -11.80     -4.60    6.83    186943.0
 2025 11 10 02 22 00 000    4.82     0.66     1.87  -527.00     -2.60     -5.80    6.61    197912.0
 2025 11 10 02 23 00 000    4.07    -0.84     2.27  -535.50     14.20     -6.10    6.74    166501.0
 2025 11 10 02 24 00 000    5.29    -1.32     1.00  -529.10     -6.90     -7.40    6.32    160460.0
 2025 11 10 02 25 00 000    3.79    -0.33     3.29  -517.80      0.20    -16.30    6.33    129204.0
 2025 11 10 02 26 00 000    3.50    -2.10     2.14  -523.70      8.00     -6.90    6.11    128877.0
 2025 11 10 02 27 00 000    3.98    -1.44    -0.63  -520.70      7.20    -35.80    6.42    132482.0
 2025 11 10 02 28 00 000    3.70    -2.27     1.21  -525.00     -6.10    -23.10    6.07    141957.0
 2025 11 10 02 29 00 000    1.76    -2.58     3.20  -531.70    -14.00    -12.30    5.94    160744.0
 2025 11 10 02 30 00 000    4.09    -1.82     1.16  -536.30      2.80    -13.20    6.58    168156.0
 2025 11 10 02 31 00 000    4.26    -1.84     1.30  -523.30      7.20     -7.50    6.71    153921.0
 2025 11 10 02 32 00 000    2.29    -2.68     2.40  -522.00      6.80    -17.20    6.69    155246.0
 2025 11 10 02 33 00 000    3.51    -2.02     3.39  -536.50    -12.80      1.00    6.49    169904.0
 2025 11 10 02 34 00 000    1.55    -3.77     3.93  -538.20    -10.70      7.90    6.39    156590.0
 2025 11 10 02 35 00 000    2.79    -1.54     3.80  -538.50    -15.90      0.40    6.22    149118.0
 2025 11 10 02 36 00 000    2.54    -0.73     5.37  -518.90      2.00     -8.80    5.73    118094.0
 2025 11 10 02 37 00 000    0.59    -1.52     4.96  -518.80      9.30      0.90    5.53    171472.0
 2025 11 10 02 38 00 000    2.25    -0.93     5.43  -521.20      7.70      1.30    5.55    171797.0
 2025 11 10 02 39 00 000   -0.70    -3.15     5.32  -574.50    -34.20      5.70    6.10    149561.0
 2025 11 10 02 40 00 000    3.18    -1.69     5.70  -574.20    -34.00      5.80    6.09    149248.0
 2025 11 10 02 41 00 000    1.30    -3.09     4.71  -527.50     -8.10     17.20    5.24    107282.0
 2025 11 10 02 42 00 000   -0.42    -2.12     5.11  -527.50     -8.10     17.20    5.24    107282.0
 2025 11 10 02 43 00 000    5.02    -2.73     4.36  -527.50     -8.10     17.20    5.24    107282.0
 2025 11 10 02 44 00 000   -0.86    -3.74     4.47  -527.50     -8.10     17.20    5.24    107282.0
 2025 11 10 02 45 00 000   -2.55    -2.27     5.12  -527.50     -8.10     17.20    5.24    107282.0
 2025 11 10 02 46 00 000    0.59    -3.40     4.58  -527.50     -8.10     17.20    5.24    107282.0
 2025 11 10 02 47 00 000    4.20    -3.96     3.87  -527.50     -8.10     17.20    5.24    107282.0
 2025 11 10 02 48 00 000    1.69    -3.82     4.36  -576.00    -23.00     11.30    6.20    156375.0
 2025 11 10 02 49 00 000   -0.41    -2.57     5.42  -561.90    -22.00      7.10    6.14    151378.0
 2025 11 10 02 50 00 000   -0.74    -2.73     5.07  -531.20    -19.70     -1.90    6.00    140522.0
 2025 11 10 02 51 00 000   -0.72    -2.30     5.23  -531.20    -19.70     -1.90    6.00    140522.0
 2025 11 10 02 52 00 000    0.67    -2.83     5.04  -531.20    -19.70     -1.90    6.00    140522.0
 2025 11 10 02 53 00 000    0.26    -2.26     5.15  -576.60      0.20     18.40    5.63    136906.0
 2025 11 10 02 54 00 000    4.02    -4.43     3.80  -576.60      0.20     18.40    5.63    136906.0
 2025 11 10 02 55 00 000    4.25    -4.24     3.60  -576.60      0.20     18.40    5.63    136906.0
 2025 11 10 02 56 00 000    4.03    -4.63     3.43  -521.90    -30.30     -5.60    5.77    130816.0
 2025 11 10 02 57 00 000   -1.80    -1.14     5.50  -521.90    -30.30     -5.60    5.77    130816.0
 2025 11 10 02 58 00 000    2.50    -4.16     4.17  -521.90    -30.30     -5.60    5.77    130816.0
 2025 11 10 02 59 00 000    1.61    -3.79     4.69  -521.90    -30.30     -5.60    5.77    130816.0
 2025 11 10 03 01 00 000    2.74    -4.74     4.06  -521.90    -30.30     -5.60    5.77    130816.0
 2025 11 10 03 02 00 000    0.14    -3.27     5.67  -521.90    -30.30     -5.60    5.77    130816.0
 2025 11 10 03 03 00 000   -2.75    -0.22     6.24  -521.90    -30.30     -5.60    5.77    130816.0
 2025 11 10 03 04 00 000   -0.71    -3.83     5.61  -521.90    -30.30     -5.60    5.77    130816.0
 2025 11 10 03 06 00 000    0.43    -3.28     5.63  -521.90    -30.30     -5.60    5.77    130816.0
 2025 11 10 03 07 00 000   -1.55    -1.77     6.46  -551.10      5.90     -2.30    6.45    210853.0
 2025 11 10 03 08 00 000   -0.41    -3.82     5.18  -550.50     -4.90      0.80    6.33    214458.0
 2025 11 10 03 09 00 000    0.01    -4.32     5.06  -545.00    -32.20      1.60    5.60    169979.0
 2025 11 10 03 10 00 000   -1.98    -0.40     6.37  -552.50      2.50     18.00    5.28    148924.0
 2025 11 10 03 11 00 000   -3.02    -0.93     6.17  -556.10     19.40     25.90    5.17    142659.0
 2025 11 10 03 12 00 000   -2.80    -0.96     6.48  -575.20     -9.80     18.90    5.45    153607.0
 2025 11 10 03 13 00 000   -3.08    -0.80     6.06  -577.00    -12.70     18.80    5.55    157373.0
 2025 11 10 03 14 00 000   -3.31     0.13     6.14  -577.00    -12.70     18.80    5.55    157373.0
 2025 11 10 03 15 00 000   -1.78    -2.74     5.12  -577.00    -12.70     18.80    5.55    157373.0
 2025 11 10 03 16 00 000    0.13    -3.64     3.99  -576.70     10.50     16.50    6.13    156867.0
 2025 11 10 03 17 00 000   -2.60    -1.37     5.59  -570.40     -4.60      9.30    5.53    166492.0
 2025 11 10 03 18 00 000   -2.34    -2.48     5.73  -558.70    -23.40      4.20    5.80    214858.0
 2025 11 10 03 19 00 000   -1.54    -3.00     5.41  -567.70    -22.70     10.20    5.58    165822.0
 2025 11 10 03 20 00 000   -2.24    -2.21     5.46  -580.80      5.50     20.30    5.94    148563.0
 2025 11 10 03 21 00 000   -0.92    -4.77     5.27  -581.10      6.30     20.60    5.96    148540.0
 2025 11 10 03 22 00 000   -1.35    -4.07     5.84  -558.00    -31.00      2.90    5.04    174009.0
 2025 11 10 03 23 00 000   -1.76    -3.80     6.22  -560.10    -25.20      5.00    4.51    151727.0
 2025 11 10 03 24 00 000   -1.46    -3.76     5.84  -560.80    -22.20      2.90    4.97    164824.0
 2025 11 10 03 25 00 000   -1.26    -4.19     5.60  -559.00    -24.80      3.40    5.11    175188.0
 2025 11 10 03 26 00 000   -0.93    -5.06     4.81  -558.50    -25.50      4.70    5.15    176076.0
 2025 11 10 03 27 00 000   -1.67    -4.23     5.57  -552.00    -32.30      3.70    4.72    173041.0
 2025 11 10 03 28 00 000   -2.39    -3.17     6.15  -553.80    -27.30     10.20    5.89    223841.0
 2025 11 10 03 29 00 000   -2.00    -4.21     5.76  -560.80    -24.80      8.10    4.40    151032.0
 2025 11 10 03 30 00 000   -0.56    -5.46     3.95  -557.70    -31.60      8.60    5.02    184389.0
 2025 11 10 03 31 00 000   -0.93    -5.56     5.20  -558.30    -32.50      6.30    4.77    175538.0
 2025 11 10 03 32 00 000   -0.42    -5.34     4.24  -558.70    -33.30     -0.50    4.43    146308.0
 2025 11 10 03 33 00 000   -0.76    -5.37     4.67  -557.80    -32.30      0.00    4.82    143639.0
 2025 11 10 03 34 00 000   -1.13    -4.97     5.11  -559.40    -37.30      5.20    5.18    151320.0
 2025 11 10 03 35 00 000   -0.59    -5.36     4.86  -561.60    -38.90      2.20    4.86    129027.0
 2025 11 10 03 36 00 000   -1.13    -5.13     4.67  -560.90    -31.80      4.80    4.77    131120.0
 2025 11 10 03 37 00 000   -1.28    -5.13     4.22  -563.90    -37.00     -3.60    4.81    132196.0
 2025 11 10 03 38 00 000   -3.42    -5.51     2.60  -563.40    -38.20     -4.20    4.87    134741.0
 2025 11 10 03 39 00 000   -3.33    -5.45     2.80  -584.00    -44.90    -20.10    4.55    133082.0
 2025 11 10 03 40 00 000   -1.39    -3.67     4.14  -587.10    -44.70    -18.70    4.38    124021.0
 2025 11 10 03 41 00 000   -4.56    -5.28     2.36  -588.70    -37.10    -21.60    4.50    135585.0
 2025 11 10 03 42 00 000   -4.77    -5.31     1.94  -588.70    -37.10    -21.60    4.50    135585.0
 2025 11 10 03 43 00 000   -4.05    -4.93     1.91  -588.60    -44.90    -28.60    4.25    102877.0
 2025 11 10 03 44 00 000   -4.76    -5.03     1.28  -590.80    -44.60    -27.30    4.32     98862.0
 2025 11 10 03 45 00 000   -4.86    -5.12     1.12  -592.10    -44.40    -26.50    4.36     96719.0
 2025 11 10 03 46 00 000   -4.56    -5.36     1.07  -585.00    -47.20    -27.50    4.61    116437.0
 2025 11 10 03 47 00 000   -4.09    -4.68     1.83  -585.00    -47.20    -27.50    4.61    116437.0
 2025 11 10 03 48 00 000   -3.23    -4.33     2.35  -585.00    -47.20    -27.50    4.61    116437.0
 2025 11 10 03 49 00 000   -4.13    -4.90     1.49  -587.00    -48.90    -19.10    4.92    127573.0
 2025 11 10 03 50 00 000   -4.06    -4.81     1.68  -587.00    -48.90    -19.10    4.92    127573.0
 2025 11 10 03 51 00 000   -4.05    -5.10     1.81  -587.00    -48.90    -19.10    4.92    127573.0
 2025 11 10 03 52 00 000   -3.97    -5.27     1.88  -587.00    -48.90    -19.10    4.92    127573.0
 2025 11 10 03 53 00 000   -3.76    -5.32     2.09  -587.00    -48.90    -19.10    4.92    127573.0
 2025 11 10 03 54 00 000   -3.68    -5.15     2.61  -579.30    -56.70    -12.00    4.69     95401.0
 2025 11 10 03 55 00 000   -4.08    -4.83     2.47  -579.30    -56.70    -12.00    4.69     95401.0
 2025 11 10 03 56 00 000   -3.88    -4.88     2.63  -579.30    -56.70    -12.00    4.69     95401.0
 2025 11 10 03 57 00 000   -4.02    -4.85     2.48  -585.10    -42.40     -3.90    5.04    128018.0
 2025 11 10 03 58 00 000   -4.61    -4.45     2.38  -585.10    -42.40     -3.90    5.04    128018.0
 2025 11 10 03 59 00 000   -4.48    -4.45     2.56  -585.10    -42.40     -3.90    5.04    128018.0
 2025 11 10 04 00 00 000   -4.22    -4.59     2.70  -585.10    -42.40     -3.90    5.04    128018.0
 2025 11 10 04 01 00 000   -4.05    -4.59     2.72  -585.10    -42.40     -3.90    5.04    128018.0
 2025 11 10 04 02 00 000   -3.74    -5.01     2.16  -585.50    -42.20     -7.10    4.49    117235.0
 2025 11 10 04 03 00 000   -3.44    -4.68     3.15  -585.50    -42.20     -7.10    4.49    117235.0
 2025 11 10 04 04 00 000   -3.34    -4.21     3.70  -585.50    -42.20     -7.10    4.49    117235.0
 2025 11 10 04 05 00 000   -3.42    -4.87     2.52  -585.50    -42.20     -7.10    4.49    117235.0
 2025 11 10 04 06 00 000   -3.42    -5.21     2.09  -585.50    -42.20     -7.10    4.49    117235.0
 2025 11 10 04 07 00 000   -3.50    -5.03     2.01  -585.50    -42.20     -7.10    4.49    117235.0
 2025 11 10 04 08 00 000   -3.56    -4.80     2.35  -578.00    -42.70    -11.80    4.28    159652.0
 2025 11 10 04 09 00 000   -3.45    -4.65     2.71  -578.00    -42.70    -11.80    4.28    159652.0
 2025 11 10 04 10 00 000   -3.57    -4.53     2.69  -578.00    -42.70    -11.80    4.28    159652.0
 2025 11 10 04 11 00 000   -3.51    -3.77     3.70  -578.00    -42.70    -11.80    4.28    159652.0
 2025 11 10 04 12 00 000   -3.38    -3.69     3.95  -578.00    -42.70    -11.80    4.28    159652.0
 2025 11 10 04 13 00 000   -3.27    -3.92     3.89  -574.80    -43.60     -2.10    3.85    115008.0
 2025 11 10 04 14 00 000   -3.47    -4.20     3.51  -574.80    -43.60     -2.10    3.85    115008.0
 2025 11 10 04 15 00 000   -3.46    -4.52     3.09  -574.80    -43.60     -2.10    3.85    115008.0
 2025 11 10 04 16 00 000   -3.16    -4.86     2.40  -574.80    -43.60     -2.10    3.85    115008.0
 2025 11 10 04 17 00 000   -3.47    -4.29     2.80  -574.80    -43.60     -2.10    3.85    115008.0
 2025 11 10 04 18 00 000   -3.46    -3.81     3.40  -574.80    -43.60     -2.10    3.85    115008.0
 2025 11 10 04 19 00 000   -3.67    -3.72     3.53  -581.10    -40.10     -6.80    4.14    128185.0
 2025 11 10 04 20 00 000   -3.90    -3.80     3.36  -581.10    -40.10     -6.80    4.14    128185.0
 2025 11 10 04 21 00 000   -4.16    -3.46     2.83  -589.10    -37.10     -2.40    3.83    119376.0
 2025 11 10 04 22 00 000   -4.53    -3.07     2.76  -589.40    -36.50     -1.40    3.92    116428.0
 2025 11 10 04 23 00 000   -4.53    -4.26     3.47  -589.10    -31.10      0.50    4.02    104973.0
 2025 11 10 04 24 00 000   -4.27    -4.08     3.55  -587.10    -26.90     -2.10    3.85     76796.0
 2025 11 10 04 25 00 000   -4.34    -4.02     3.82  -578.60    -31.90      1.20    3.83     87969.0
 2025 11 10 04 26 00 000   -4.18    -3.75     4.39  -580.40    -32.10      2.10    3.82     76354.0
 2025 11 10 04 27 00 000   -4.43    -3.53     4.45  -579.00    -34.10      8.60    3.72     83943.0
 2025 11 10 04 28 00 000   -3.78    -4.00     4.51  -578.00    -32.20      5.00    3.19     71678.0
 2025 11 10 04 29 00 000   -3.62    -4.26     4.26  -577.60    -31.30      3.30    2.97     66284.0
 2025 11 10 04 30 00 000   -3.74    -4.38     4.06  -576.00    -31.10      9.20    3.53     75388.0
 2025 11 10 04 31 00 000   -3.57    -4.61     4.09  -575.00    -30.40      8.40    3.50     77945.0
 2025 11 10 04 32 00 000   -3.50    -3.65     4.95  -569.70    -27.10      4.40    3.34     90829.0
 2025 11 10 04 33 00 000   -2.90    -4.12     4.95  -570.20    -27.60      6.90    3.47     80176.0
 2025 11 10 04 34 00 000   -2.77    -4.59     4.73  -569.10    -31.10      9.20    3.46     84867.0
 2025 11 10 04 35 00 000   -2.61    -5.18     4.06  -568.80    -30.30      6.50    3.51     85195.0
 2025 11 10 04 36 00 000   -2.61    -5.24     3.86  -568.50    -26.90      0.80    3.64     98545.0
 2025 11 10 04 37 00 000   -2.78    -4.69     3.68  -574.70    -32.10     -0.90    4.41    107126.0
 2025 11 10 04 38 00 000   -2.94    -4.61     4.00  -576.60    -34.00     -1.00    4.64    106519.0
 2025 11 10 04 39 00 000   -2.90    -4.75     3.86  -573.70    -25.00     -0.30    3.87    109382.0
 2025 11 10 04 40 00 000   -1.82    -4.72     2.17  -573.20    -23.60     -0.20    3.75    109845.0
 2025 11 10 04 41 00 000   -2.46    -4.64     2.29  -580.30    -39.20     -6.10    4.11    131323.0
 2025 11 10 04 42 00 000   -2.67    -4.50     2.33  -580.30    -39.20     -6.10    4.11    131323.0
 2025 11 10 04 43 00 000   -2.38    -4.54     2.14  -580.30    -39.20     -6.10    4.11    131323.0
 2025 11 10 04 44 00 000   -2.21    -4.60     2.06  -574.30    -39.70     -6.90    4.02    137771.0
 2025 11 10 04 45 00 000   -2.54    -4.62     1.88  -575.90    -40.00     -8.70    4.01    136369.0
 2025 11 10 04 46 00 000   -2.52    -4.90     1.60  -580.90    -41.00    -14.60    3.98    131887.0
 2025 11 10 04 47 00 000   -2.13    -5.58     2.12  -570.50    -34.80    -10.00    3.68    116756.0
 2025 11 10 04 48 00 000   -1.56    -5.73     1.09  -570.50    -34.80    -10.00    3.68    116756.0
 2025 11 10 04 49 00 000   -0.69    -6.62    -0.22  -560.40    -29.70    -22.50    3.53     95077.0
 2025 11 10 04 50 00 000   -2.32    -4.90     2.12  -557.50    -28.20    -26.00    3.49     88932.0
 2025 11 10 04 51 00 000   -3.07    -4.07     3.78  -574.20    -21.40     11.70    4.01    130310.0
 2025 11 10 04 52 00 000   -3.41    -4.44     3.06  -574.50    -21.00     11.10    4.02    129241.0
 2025 11 10 04 53 00 000   -2.42    -5.10     2.82  -580.30    -11.50     -1.10    4.17    105739.0
 2025 11 10 04 54 00 000   -2.91    -5.21     2.03  -580.50    -11.20     -1.50    4.17    105001.0
 2025 11 10 04 55 00 000   -3.14    -4.67     2.59  -579.80    -30.50    -10.10    3.86     97285.0
 2025 11 10 04 56 00 000   -3.25    -4.55     2.56  -579.80    -30.50    -10.10    3.86     97285.0
 2025 11 10 04 57 00 000   -2.26    -3.66     4.33  -579.80    -30.50    -10.10    3.86     97285.0
 2025 11 10 04 58 00 000   -1.41    -4.66     3.71  -560.50    -28.50     -3.20    3.41     83138.0
 2025 11 10 04 59 00 000   -1.51    -4.70     3.86  -560.50    -28.50     -3.20    3.41     83138.0
 2025 11 10 05 00 00 000   -1.76    -5.00     3.49  -560.50    -28.50     -3.20    3.41     83138.0
 2025 11 10 05 01 00 000   -2.20    -4.58     3.87  -571.60    -20.00      8.90    3.82    112177.0
 2025 11 10 05 02 00 000   -2.06    -4.88     3.54  -571.60    -20.00      8.90    3.82    112177.0
 2025 11 10 05 03 00 000   -1.72    -5.14     3.25  -571.60    -20.00      8.90    3.82    112177.0
 2025 11 10 05 04 00 000   -1.64    -5.22     3.09  -571.60    -20.00      8.90    3.82    112177.0
 2025 11 10 05 05 00 000   -1.25    -5.29     3.14  -571.60    -20.00      8.90    3.82    112177.0
 2025 11 10 05 06 00 000   -1.18    -5.37     3.03  -571.60    -20.00      8.90    3.82    112177.0
 2025 11 10 05 07 00 000   -1.56    -4.81     3.50  -556.50    -59.00     -3.70    4.48    150465.0
 2025 11 10 05 08 00 000   -3.09    -4.09     2.84  -556.50    -59.00     -3.70    4.48    150465.0
 2025 11 10 05 09 00 000   -3.05    -4.06     3.08  -577.10    -25.80      0.20    3.57     92954.0
 2025 11 10 05 10 00 000   -2.86    -4.38     2.84  -577.80    -25.20     -3.80    3.48     90688.0
 2025 11 10 05 11 00 000   -3.01    -4.35     2.90  -586.70    -27.00      9.70    3.66     87592.0
 2025 11 10 05 12 00 000   -3.57    -3.83     3.24  -585.10    -23.30      7.20    3.62     86849.0
 2025 11 10 05 13 00 000   -3.58    -3.40     3.20  -583.50    -21.40      0.50    3.51     80242.0
 2025 11 10 05 14 00 000   -3.61    -2.58     3.04  -581.50    -18.90      4.90    3.74     85989.0
 2025 11 10 05 15 00 000   -3.95    -2.65     3.41  -584.00    -14.30      7.10    3.95     98530.0
 2025 11 10 05 16 00 000   -4.08    -2.34     3.35  -586.50    -19.20      4.00    3.68     84804.0
 2025 11 10 05 17 00 000   -4.02    -1.69     2.67  -589.90    -15.50     14.20    3.98    104856.0
 2025 11 10 05 18 00 000   -4.01    -1.49     2.31  -587.50    -11.40     17.50    4.36    120183.0
 2025 11 10 05 19 00 000   -4.11    -2.25     2.12  -590.30    -15.80     10.40    4.41    128575.0
 2025 11 10 05 20 00 000   -4.07    -2.05     2.21  -590.30    -15.80     10.40    4.41    128575.0
 2025 11 10 05 21 00 000   -4.30    -1.36     2.01  -592.40     -9.70      6.60    4.16    108406.0
 2025 11 10 05 22 00 000   -4.38    -2.27     2.14  -592.40     -9.70      6.60    4.16    108406.0
 2025 11 10 05 23 00 000   -4.51    -2.07     2.05  -586.80    -27.10     13.70    2.94     75929.0
 2025 11 10 05 24 00 000   -4.31    -1.49     2.36  -586.70    -27.30     13.80    2.93     75559.0
 2025 11 10 05 25 00 000   -4.66    -1.87     1.87  -594.70    -11.40      4.40    4.33     99842.0
 2025 11 10 05 26 00 000   -4.75    -2.04     1.91  -594.70    -11.40      4.40    4.33     99873.0
 2025 11 10 05 27 00 000   -4.48    -2.13     3.16  -594.70    -11.40      4.40    4.33     99873.0
 2025 11 10 05 28 00 000   -4.88    -2.72     1.96  -594.70    -11.40      4.40    4.33     99873.0
 2025 11 10 05 29 00 000   -4.85    -1.55     2.56  -594.70    -11.40      4.40    4.33     99873.0
 2025 11 10 05 30 00 000   -4.92    -1.98     2.06  -592.30    -18.90      6.10    3.73     87776.0
 2025 11 10 05 31 00 000   -4.73    -2.17     2.28  -591.10    -15.70      3.10    3.58     89029.0
 2025 11 10 05 32 00 000   -4.54    -2.18     2.64  -589.60    -12.50     -0.10    3.47     92764.0
 2025 11 10 05 33 00 000   -4.76    -3.29     2.24  -590.20    -12.60      1.10    3.45     80989.0
 2025 11 10 05 34 00 000   -4.71    -2.82     2.36  -590.20    -12.60      1.10    3.45     80989.0
 2025 11 10 05 35 00 000   -4.10    -0.66     3.69  -585.60    -13.00      0.80    3.28     78582.0
 2025 11 10 05 36 00 000   -4.84    -3.18     2.28  -585.60    -13.00      0.80    3.28     78582.0
 2025 11 10 05 37 00 000   -4.53    -2.08     2.85  -585.60    -13.00      0.80    3.28     78582.0
 2025 11 10 05 38 00 000   -4.91    -2.91     2.41  -585.60    -13.00      0.80    3.28     78582.0
 2025 11 10 05 40 00 000   -4.03    -0.91     3.54  -578.60    -10.40     17.60    4.04    104951.0
 2025 11 10 05 41 00 000   -4.87    -2.89     2.38  -578.60    -10.40     17.60    4.04    104951.0
 2025 11 10 05 42 00 000   -3.99    -0.61     3.74  -578.60    -10.40     17.60    4.04    104951.0
 2025 11 10 05 44 00 000   -3.80    -0.26     3.80  -578.60    -10.40     17.60    4.04    104951.0
 2025 11 10 05 46 00 000   -3.48    -1.87     4.03  -578.60    -10.40     17.60    4.04    104951.0
 2025 11 10 05 48 00 000   -4.30    -0.98     2.93  -570.10    -18.90     15.80    3.42     67451.0
 2025 11 10 05 49 00 000   -2.66    -3.17     4.61  -570.10    -18.90     15.80    3.42     67451.0
 2025 11 10 05 50 00 000   -3.54    -1.91     3.94  -573.60    -13.70      8.20    4.10    105207.0
 2025 11 10 05 51 00 000   -2.67    -2.92     4.66  -575.00    -11.70      5.30    4.38    119805.0
 2025 11 10 05 52 00 000   -3.38    -1.38     4.20  -575.00    -11.70      5.30    4.38    119805.0
 2025 11 10 05 53 00 000   -2.35    -2.77     4.89  -568.30    -20.20     15.40    3.51     80911.0
 2025 11 10 05 54 00 000   -3.22    -2.12     4.16  -568.30    -20.20     15.40    3.51     80911.0
 2025 11 10 05 55 00 000   -2.90    -2.38     4.40  -568.30    -20.20     15.40    3.51     80911.0
 2025 11 10 05 56 00 000   -2.94    -2.34     4.42  -568.30    -20.20     15.40    3.51     80911.0
 2025 11 10 05 57 00 000   -3.05    -2.08     4.21  -568.30    -20.20     15.40    3.51     80911.0
 2025 11 10 05 58 00 000   -2.58    -2.41     4.86  -568.30    -20.20     15.40    3.51     80911.0
 2025 11 10 05 59 00 000   -3.07    -1.69     4.06  -568.30    -20.20     15.40    3.51     80911.0
 2025 11 10 06 00 00 000   -2.43    -2.72     4.73  -569.20    -22.90     16.90    3.51     87500.0
 2025 11 10 06 01 00 000   -2.39    -2.50     5.00  -569.20    -22.90     16.90    3.51     87500.0
 2025 11 10 06 02 00 000   -2.84    -1.84     3.93  -569.20    -22.90     16.90    3.51     87500.0
 2025 11 10 06 03 00 000   -2.21    -2.42     5.03  -569.20    -22.90     16.90    3.51     87500.0
 2025 11 10 06 04 00 000   -1.93    -1.91     3.37  -569.20    -22.90     16.90    3.51     87500.0
 2025 11 10 06 05 00 000   -1.48    -1.27     2.45  -569.20    -22.90     16.90    3.51     87500.0
 2025 11 10 06 06 00 000   -2.01    -2.18     4.53  -567.30    -25.40     20.80    4.06    103695.0
 2025 11 10 06 07 00 000   -1.45    -0.89     2.59  -567.30    -25.40     20.80    4.06    103695.0
 2025 11 10 06 08 00 000   -1.42    -1.61     3.03  -567.30    -25.40     20.80    4.06    103695.0
 2025 11 10 06 09 00 000   -2.20    -2.16     4.56  -567.30    -25.40     20.80    4.06    103695.0
 2025 11 10 06 10 00 000    0.10    -0.54    -1.49  -567.30    -25.40     20.80    4.06    103695.0
 2025 11 10 06 11 00 000   -1.87    -0.57     1.96  -567.30    -25.40     20.80    4.06    103695.0
 2025 11 10 06 12 00 000   -1.77    -2.81     3.98  -567.30    -25.40     20.80    4.06    103695.0
 2025 11 10 06 13 00 000   -2.38    -0.63     2.01  -567.30    -25.40     20.80    4.06    103695.0
 2025 11 10 06 14 00 000   -1.21    -0.82    -3.16  -567.30    -25.40     20.80    4.06    103695.0
 2025 11 10 06 15 00 000   -1.21    -0.82    -3.16  -567.30    -25.40     20.80    4.06    103695.0
 2025 11 10 06 16 00 000    0.05    -1.69    -2.68  -566.80    -31.30      3.80    3.83    114850.0
 2025 11 10 06 17 00 000   -1.71    -2.33     4.19  -566.80    -31.30      3.80    3.83    114850.0
 2025 11 10 06 18 00 000   -0.92    -2.38     1.72  -566.80    -31.30      3.80    3.83    114850.0
 2025 11 10 06 19 00 000   -1.81    -2.04     4.18  -569.50    -25.70     21.60    4.22    129301.0
 2025 11 10 06 20 00 000   -1.34    -2.20     2.84  -569.50    -25.70     21.60    4.22    129301.0
 2025 11 10 06 21 00 000   -1.54    -1.73     4.47  -569.50    -25.70     21.60    4.22    129301.0
 2025 11 10 06 22 00 000   -1.30    -2.04     4.06  -561.00    -12.80     20.80    3.53    101949.0
 2025 11 10 06 23 00 000   -1.05    -1.99     4.55  -561.00    -12.80     20.80    3.53    101949.0
 2025 11 10 06 24 00 000   -2.29    -0.58     4.18  -561.00    -12.80     20.80    3.53    101949.0
 2025 11 10 06 25 00 000   -2.54    -0.42     3.81  -561.00    -12.80     20.80    3.53    101949.0
 2025 11 10 06 27 00 000   -3.10    -0.52     4.24  -573.80    -16.20     29.50    4.02    110051.0
 2025 11 10 06 28 00 000   -2.79    -0.43     4.00  -573.80    -16.20     29.50    4.02    110051.0
 2025 11 10 06 30 00 000   -2.99    -0.03     3.87  -579.10    -16.70     36.10    4.54    118516.0
 2025 11 10 06 31 00 000   -3.14    -0.01     3.99  -577.40    -10.20     34.40    4.41    106810.0
 2025 11 10 06 32 00 000   -3.08     0.17     4.08  -576.40     -6.60     33.40    4.34    100267.0
 2025 11 10 06 33 00 000   -3.27     0.28     3.80  -576.40     -6.60     33.40    4.34    100267.0
 2025 11 10 06 34 00 000   -3.16     0.18     3.91  -576.40     -6.60     33.40    4.34    100267.0
 2025 11 10 06 35 00 000   -2.73     0.04     3.87  -571.70    -15.30     29.10    4.38    101403.0
 2025 11 10 06 36 00 000   -3.34     1.12     2.97  -571.70    -15.30     29.10    4.38    101403.0
 2025 11 10 06 37 00 000   -3.12     0.72     3.61  -571.70    -15.30     29.10    4.38    101403.0
 2025 11 10 06 38 00 000   -3.58     1.15     3.60  -571.70    -15.30     29.10    4.38    101403.0
 2025 11 10 06 39 00 000   -3.82     1.16     3.69  -571.70    -15.30     29.10    4.38    101403.0
 2025 11 10 06 40 00 000   -3.68     1.24     3.81  -571.70    -15.30     29.10    4.38    101403.0
 2025 11 10 06 41 00 000   -3.39     1.01     3.63  -571.70    -15.30     29.10    4.38    101403.0
 2025 11 10 06 42 00 000   -3.59     0.36     3.88  -579.30     -2.50     35.00    4.35     92872.0
 2025 11 10 06 43 00 000   -3.59     0.36     3.88  -579.30     -2.50     35.00    4.35     92872.0
 2025 11 10 06 44 00 000   -3.38     0.63     3.91  -579.30     -2.50     35.00    4.35     92872.0
 2025 11 10 06 45 00 000   -3.64     0.28     4.20  -579.30     -2.50     35.00    4.35     92872.0
 2025 11 10 06 46 00 000   -2.80     0.30     5.47  -569.00    -11.10     35.20    3.85     81221.0
 2025 11 10 06 47 00 000   -2.56     0.01     5.54  -569.00    -11.10     35.20    3.85     81221.0
 2025 11 10 06 48 00 000   -3.52     0.23     4.24  -569.00    -11.10     35.20    3.85     81221.0
 2025 11 10 06 49 00 000   -3.62     0.65     4.18  -569.00    -11.10     35.20    3.85     81221.0
 2025 11 10 06 51 00 000   -2.71    -0.21     4.69  -569.00    -11.10     35.20    3.85     81221.0
 2025 11 10 06 52 00 000   -2.40    -0.06     5.38  -568.70    -13.70     24.90    4.29     83496.0
 2025 11 10 06 53 00 000   -1.97    -0.86     5.13  -572.90     -8.40     29.20    4.10     90184.0
 2025 11 10 06 54 00 000   -0.54    -2.05     5.24  -578.80     -1.30     28.50    3.96     89122.0
 2025 11 10 06 55 00 000   -1.21    -1.26     4.73  -569.80     -7.30     28.40    4.05     81709.0
 2025 11 10 06 56 00 000   -0.75    -1.97     5.26  -565.10    -12.40     23.30    4.10     84090.0
 2025 11 10 06 57 00 000   -0.91    -1.63     5.02  -561.70    -15.90     19.00    4.03     82824.0
 2025 11 10 06 58 00 000   -0.18    -2.26     4.75  -568.10    -10.00     21.10    3.75     83596.0
 2025 11 10 06 59 00 000   -1.71    -0.80     5.05  -572.60     -7.60     23.80    3.93     96542.0
 2025 11 10 07 00 00 000   -3.02    -0.06     4.86  -580.90      0.80     18.20    3.81     63471.0
 2025 11 10 07 01 00 000   -2.29    -0.74     4.95  -580.90      0.80     18.20    3.81     63471.0
 2025 11 10 07 02 00 000   -2.06    -1.43     4.74  -563.40    -15.30     15.10    3.77     90283.0
 2025 11 10 07 03 00 000   -3.96     0.60     4.54  -563.40    -15.30     15.10    3.77     90283.0
 2025 11 10 07 04 00 000   -3.72     0.58     4.59  -572.80     -0.10     16.10    4.38     96161.0
 2025 11 10 07 05 00 000   -3.09     0.08     4.88  -570.40     -5.40     22.80    4.31     91636.0
 2025 11 10 07 06 00 000   -1.42    -1.98     4.45  -561.50    -18.20     23.70    4.02     80919.0
 2025 11 10 07 07 00 000   -0.87    -2.43     4.24  -557.20    -22.80     14.10    3.73     89211.0
 2025 11 10 07 08 00 000   -1.13    -2.43     4.30  -557.20    -22.80     14.10    3.73     89211.0
 2025 11 10 07 09 00 000    0.61    -2.93     4.52  -567.70    -24.00     13.90    4.11    100563.0
 2025 11 10 07 10 00 000   -0.74    -2.28     4.52  -567.60    -15.50     13.80    3.92     82215.0
 2025 11 10 07 11 00 000   -1.69    -2.14     4.75  -563.80    -15.00     13.70    3.87     83051.0
 2025 11 10 07 12 00 000   -3.06    -1.19     4.62  -573.20     -8.00     20.30    3.98     62856.0
 2025 11 10 07 13 00 000   -2.19    -1.75     4.62  -568.40    -13.90     18.40    4.01     68901.0
 2025 11 10 07 14 00 000   -2.26    -2.12     4.71  -565.90    -15.30     13.80    4.42     83448.0
 2025 11 10 07 15 00 000   -2.02    -3.22     4.29  -557.70    -23.20     -1.50    4.31     73057.0
 2025 11 10 07 16 00 000   -3.17    -0.91     4.52  -552.70    -26.40     -7.10    4.34     62885.0
 2025 11 10 07 17 00 000   -2.65    -2.18     4.40  -569.30     -9.60     11.90    4.07     64369.0
 2025 11 10 07 18 00 000   -2.68    -0.72     4.96  -568.50     -7.70     15.90    3.91     63546.0
 2025 11 10 07 19 00 000   -2.00    -1.70     4.64  -558.60    -13.80     18.70    4.19     65768.0
 2025 11 10 07 20 00 000   -2.29    -0.68     4.98  -572.20      5.20     21.40    3.83     54658.0
 2025 11 10 07 21 00 000   -1.83    -3.22     4.90  -555.90    -15.90     21.00    4.23     60300.0
 2025 11 10 07 22 00 000   -2.36    -2.07     4.55  -558.80    -27.60      4.10    4.37     67286.0
 2025 11 10 07 23 00 000   -2.40    -2.89     4.34  -560.30    -24.00      9.40    4.25     69863.0
 2025 11 10 07 24 00 000   -2.11    -4.07     3.75  -559.50    -24.00      9.20    4.29     70109.0
 2025 11 10 07 25 00 000   -1.28    -4.35     3.75  -554.00    -25.20      6.00    4.54     69288.0
 2025 11 10 07 26 00 000   -1.67    -3.97     3.65  -553.90    -28.60     -7.70    4.86     85578.0
 2025 11 10 07 27 00 000   -3.27     0.95     4.80  -553.90    -28.60     -7.70    4.86     85578.0
 2025 11 10 07 31 00 000   -1.25    -4.27     3.81  -553.90    -28.60     -7.70    4.86     85578.0
 2025 11 10 07 39 00 000   -1.18    -4.56     3.51  -553.90    -28.60     -7.70    4.86     85578.0
 2025 11 10 07 46 00 000   -1.13    -4.40     3.81  -550.00    -24.00     -7.50    4.38     60031.0
 2025 11 10 07 47 00 000   -1.13    -4.03     4.01  -550.70    -25.10     -4.20    4.43     65378.0
 2025 11 10 07 48 00 000   -1.00    -3.61     4.35  -551.70    -26.60     -0.10    4.51     72177.0
 2025 11 10 07 49 00 000   -0.62    -4.05     4.22  -551.70    -26.60     -0.10    4.51     72177.0
 2025 11 10 07 50 00 000   -0.05    -4.16     4.33  -551.70    -26.60     -0.10    4.51     72177.0
 2025 11 10 07 51 00 000    1.11    -3.93     4.26  -541.10    -26.60      2.50    4.22     62379.0
 2025 11 10 07 52 00 000    1.66    -4.05     3.99  -541.10    -26.60      2.50    4.22     62379.0
 2025 11 10 07 53 00 000    1.43    -3.95     4.14  -541.10    -26.60      2.50    4.22     62379.0
 2025 11 10 07 54 00 000    1.37    -3.84     4.19  -541.10    -26.60      2.50    4.22     62379.0
 2025 11 10 07 55 00 000    2.52    -4.63     2.93  -528.50    -23.60     -2.80    4.24     62320.0
 2025 11 10 07 56 00 000    2.38    -5.33     1.77  -527.00    -22.00    -12.40    4.38     65427.0
 2025 11 10 07 57 00 000    2.80    -5.35     1.10  -526.10    -25.30    -27.80    4.33     67704.0
 2025 11 10 07 58 00 000    2.69    -5.06     1.39  -525.20    -29.50    -34.90    4.10     63628.0
 2025 11 10 07 59 00 000    2.45    -5.00     1.42  -525.20    -29.50    -34.90    4.10     63628.0
 2025 11 10 08 00 00 000    2.77    -4.70     1.85  -521.70     -8.40    -21.80    4.33     72261.0
 2025 11 10 08 01 00 000    2.70    -4.31     2.51  -521.80     -8.40    -21.70    4.33     72010.0
 2025 11 10 08 02 00 000    2.82    -3.86     3.31  -524.50     -6.60    -16.90    4.19     62225.0
 2025 11 10 08 03 00 000    2.96    -4.22     2.74  -522.30     -7.50    -18.20    4.10     62320.0
 2025 11 10 08 04 00 000    3.10    -4.18     2.73  -521.80     -7.70    -18.40    4.08     62841.0
 2025 11 10 08 05 00 000    2.93    -4.01     2.99  -520.50     -7.60    -15.40    4.20     75438.0
 2025 11 10 08 06 00 000    2.92    -3.73     3.54  -520.90    -18.10    -10.90    4.47     74846.0
 2025 11 10 08 07 00 000    2.73    -4.07     3.00  -518.40    -23.30    -10.50    4.29     79445.0
 2025 11 10 08 08 00 000    2.15    -3.99     3.50  -517.70    -24.20    -10.60    4.23     80645.0
 2025 11 10 08 09 00 000    2.44    -4.25     2.83  -528.00    -31.10    -11.50    3.86     58969.0
 2025 11 10 08 10 00 000    2.06    -4.11     3.25  -528.00    -31.10    -11.50    3.86     58969.0
 2025 11 10 08 11 00 000    2.76    -3.87     3.08  -528.00    -31.10    -11.50    3.86     58969.0
 2025 11 10 08 12 00 000    2.40    -4.25     2.88  -522.30    -19.80     -7.40    4.53     93062.0
 2025 11 10 08 13 00 000    2.55    -4.27     2.79  -523.10    -22.60     -5.80    4.29     81402.0
 2025 11 10 08 14 00 000    2.61    -4.29     2.59  -523.40    -24.90     -4.70    4.13     73974.0
 2025 11 10 08 15 00 000    2.67    -4.22     2.52  -521.80    -27.70     -5.90    4.33     79501.0
 2025 11 10 08 16 00 000    2.42    -4.28     2.63  -521.80    -27.70     -5.90    4.33     79501.0
 2025 11 10 08 17 00 000    2.34    -4.23     2.70  -521.80    -27.70     -5.90    4.33     79501.0
 2025 11 10 08 18 00 000    3.07    -4.01     2.32  -521.30     -9.10    -17.30    4.14     77886.0
 2025 11 10 08 19 00 000    3.00    -3.68     2.69  -521.30     -9.10    -17.30    4.14     77886.0
 2025 11 10 08 20 00 000    3.00    -3.76     2.66  -521.30     -9.10    -17.30    4.14     77886.0
 2025 11 10 08 21 00 000    2.99    -3.89     2.50  -520.60     -7.40    -19.80    4.14     77323.0
 2025 11 10 08 22 00 000    3.21    -3.94     2.11  -520.60     -7.40    -19.80    4.14     77323.0
 2025 11 10 08 23 00 000    2.64    -4.06     2.49  -522.00     -7.40    -18.00    3.99     73008.0
 2025 11 10 08 24 00 000    2.66    -3.91     2.58  -522.60     -7.40    -17.30    3.92     71219.0
 2025 11 10 08 25 00 000    2.73    -3.76     2.81  -521.40     -9.30    -15.70    3.64     71184.0
 2025 11 10 08 26 00 000    2.82    -3.48     2.81  -521.20     -9.60    -15.40    3.59     71178.0
 2025 11 10 08 27 00 000    3.11    -2.51     3.25  -521.20     -9.60    -15.40    3.59     71178.0
 2025 11 10 08 28 00 000    3.33    -1.34     3.67  -521.20     -9.60    -15.40    3.59     71178.0
 2025 11 10 08 29 00 000    3.47    -2.09     3.59  -521.20     -9.60    -15.40    3.59     71178.0
 2025 11 10 08 30 00 000    3.22    -2.62     3.63  -521.20     -9.60    -15.40    3.59     71178.0
 2025 11 10 08 31 00 000    3.46    -3.07     3.29  -514.80    -18.50      4.70    3.82     66761.0
 2025 11 10 08 32 00 000    3.57    -2.22     3.87  -515.40    -15.40      2.90    3.82     67910.0
 2025 11 10 08 33 00 000    3.53    -2.48     3.84  -516.80     -8.80     -1.10    3.81     70374.0
 2025 11 10 08 34 00 000    3.71    -2.65     3.61  -516.80     -8.80     -1.10    3.81     70374.0
 2025 11 10 08 35 00 000    3.85    -2.96     3.01  -513.20     -7.30     -5.00    5.76    110412.0
 2025 11 10 08 36 00 000    3.64    -2.96     3.29  -513.20     -7.30     -5.00    5.76    110412.0
 2025 11 10 08 37 00 000    3.41    -3.10     3.64  -515.00     -7.90     -5.20    5.29    101802.0
 2025 11 10 08 38 00 000    3.40    -3.12     3.49  -520.10     -9.50     -5.90    4.00     77886.0
 2025 11 10 08 39 00 000    3.89    -1.85     3.54  -520.10     -9.50     -5.90    4.00     77886.0
 2025 11 10 08 40 00 000    3.86    -1.77     3.55  -520.10     -9.50     -5.90    4.00     77886.0
 2025 11 10 08 41 00 000    3.86    -2.24     3.40  -520.10     -9.50     -5.90    4.00     77886.0
 2025 11 10 08 42 00 000    3.91    -2.28     3.20  -520.10     -9.50     -5.90    4.00     77886.0
 2025 11 10 08 43 00 000    3.74    -1.65     3.74  -520.10     -9.50     -5.90    4.00     77886.0
 2025 11 10 08 44 00 000    3.69    -1.82     3.69  -520.10     -9.50     -5.90    4.00     77886.0
 2025 11 10 08 45 00 000    3.14    -1.65     4.09  -516.20      3.00      6.70    6.48     86491.0
 2025 11 10 08 46 00 000    3.56    -2.12     3.60  -516.20      3.00      6.70    6.48     86491.0
 2025 11 10 08 47 00 000    4.06    -2.35     3.13  -519.40    -15.50     -0.20    5.74     96510.0
 2025 11 10 08 48 00 000    4.23    -2.18     3.03  -519.40    -15.50     -0.20    5.74     96510.0
 2025 11 10 08 49 00 000    3.63    -2.59     3.24  -519.40    -15.50     -0.20    5.74     96510.0
 2025 11 10 08 50 00 000    4.26    -1.53     3.40  -519.40    -15.50     -0.20    5.74     96510.0
 2025 11 10 08 51 00 000    4.28    -2.37     2.94  -519.40    -15.50     -0.20    5.74     96510.0
 2025 11 10 08 52 00 000    4.28    -2.06     3.18  -516.50     -8.70      3.60    5.72     79150.0
 2025 11 10 08 53 00 000    4.50    -1.12     3.25  -516.50     -8.70      3.60    5.72     79150.0
 2025 11 10 08 54 00 000    3.67    -2.44     3.66  -516.50     -8.70      3.60    5.72     79150.0
 2025 11 10 08 55 00 000    4.10    -2.08     3.33  -516.50     -8.70      3.60    5.72     79150.0
 2025 11 10 08 56 00 000    3.55    -2.71     3.49  -516.50     -8.70      3.60    5.72     79150.0
 2025 11 10 08 57 00 000    4.87     0.48     2.81  -516.50     -8.70      3.60    5.72     79150.0
 2025 11 10 08 58 00 000    4.85    -0.15     2.99  -516.50     -8.70      3.60    5.72     79150.0
 2025 11 10 08 59 00 000    3.02    -2.13     4.02  -513.90     -0.90      1.20    4.93     65075.0
 2025 11 10 09 00 00 000    3.51    -1.61     4.15  -522.50    -10.00      2.60    4.96     79492.0
 2025 11 10 09 01 00 000    2.79    -3.29     3.59  -519.60     -6.20      3.80    5.66    102424.0
 2025 11 10 09 02 00 000    3.52    -3.16     3.03  -519.30     -5.30      5.10    5.86     97706.0
 2025 11 10 09 03 00 000    3.22    -3.20     3.21  -519.00     -5.30      5.10    5.86     98447.0
 2025 11 10 09 04 00 000    3.58    -3.27     2.55  -516.70     -8.40    -22.80    4.87     94395.0
 2025 11 10 09 05 00 000    3.51    -3.72     2.39  -516.70     -8.40    -22.80    4.87     94395.0
 2025 11 10 09 06 00 000    3.16    -2.92     3.06  -516.70     -8.40    -22.80    4.87     94395.0
 2025 11 10 09 07 00 000    3.34    -3.62     2.66  -521.80     -8.20    -18.90    4.05     71178.0
 2025 11 10 09 08 00 000    2.75    -3.59     2.82  -521.80     -8.20    -18.90    4.05     71178.0
 2025 11 10 09 09 00 000    2.91    -3.33     3.08  -535.30     -5.40     12.00    4.16     80735.0
 2025 11 10 09 10 00 000    2.24    -3.90     3.24  -538.20     -4.80     18.60    4.19     82780.0
 2025 11 10 09 11 00 000    2.64    -3.31     3.18  -524.60     -4.10     15.90    3.92     79413.0
 2025 11 10 09 12 00 000    2.65    -4.12     2.02  -524.60     -4.10     15.90    3.92     79413.0
 2025 11 10 09 13 00 000    2.64    -3.80     2.08  -524.60     -4.10     15.90    3.92     79413.0
 2025 11 10 09 14 00 000    2.38    -2.53     3.56  -524.60     -4.10     15.90    3.92     79413.0
 2025 11 10 09 15 00 000    2.84    -2.89     3.26  -524.60     -4.10     15.90    3.92     79413.0
 2025 11 10 09 16 00 000    3.24    -2.72     3.72  -541.70     -0.40     20.10    4.35     76210.0
 2025 11 10 09 17 00 000    3.59    -3.37     3.00  -519.40     -6.00      7.60    5.55     66555.0
 2025 11 10 09 18 00 000    3.95    -3.18     2.63  -509.90     -8.30      2.30    6.06     62456.0
 2025 11 10 09 19 00 000    4.74    -2.57     2.08  -509.90     -8.30      2.30    6.06     62456.0
 2025 11 10 09 20 00 000    4.64    -3.55     1.14  -509.90     -8.30      2.30    6.06     62456.0
 2025 11 10 09 21 00 000    5.05    -3.28     0.89  -507.10     -8.60     -3.10    4.63     56317.0
 2025 11 10 09 22 00 000    5.09    -3.30     0.62  -507.10     -8.60     -3.10    4.63     56317.0
 2025 11 10 09 23 00 000    5.04    -3.36     0.40  -507.10     -8.60     -3.10    4.63     56317.0
 2025 11 10 09 24 00 000    3.57    -4.32     1.07  -523.30    -13.40    -14.70    3.95     75645.0
 2025 11 10 09 25 00 000    3.92    -4.17     0.75  -523.10    -13.40    -14.80    3.95     75564.0
 2025 11 10 09 26 00 000    4.66    -3.70    -0.26  -499.60    -15.30    -31.70    3.96     65732.0
 2025 11 10 09 27 00 000    3.98    -4.55    -0.43  -499.30    -15.30    -31.90    3.96     65605.0
 2025 11 10 09 28 00 000    4.02    -4.39    -0.74  -499.30    -15.30    -31.90    3.96     65605.0
 2025 11 10 09 29 00 000    3.95    -4.38    -1.11  -515.70     -0.80    -25.40    4.37     83228.0
 2025 11 10 09 30 00 000    3.90    -4.40    -1.24  -515.70     -0.80    -25.40    4.37     83228.0
 2025 11 10 09 31 00 000    3.48    -4.29     0.22  -517.10     -3.40    -22.00    4.15     81466.0
 2025 11 10 09 32 00 000    3.15    -4.10     0.62  -520.90    -10.20    -13.20    3.61     76891.0
 2025 11 10 09 33 00 000    3.58    -3.79    -0.92  -516.50      1.20    -29.90    4.58     80631.0
 2025 11 10 09 34 00 000    3.81    -3.96     1.51  -515.10      4.80    -35.10    4.88     81798.0
 2025 11 10 09 35 00 000    4.19    -3.54     1.56  -523.50    -15.30    -25.80    3.93     75731.0
 2025 11 10 09 36 00 000    2.74    -4.75     0.40  -523.50    -15.30    -25.80    3.93     75731.0
 2025 11 10 09 37 00 000    3.42    -4.24     0.46  -514.70     -5.20    -26.20    3.91     90601.0
 2025 11 10 09 38 00 000    3.22    -4.05     0.38  -512.00     -2.10    -26.30    3.91     95113.0
 2025 11 10 09 39 00 000    3.01    -4.18     0.32  -512.00     -2.10    -26.30    3.91     95113.0
 2025 11 10 09 40 00 000    3.28    -4.13     0.39  -523.20     -6.80     -6.70    4.82     93680.0
 2025 11 10 09 41 00 000    3.37    -3.90     0.87  -523.20     -6.80     -6.70    4.82     93680.0
 2025 11 10 09 42 00 000    3.42    -3.69     1.39  -523.20     -6.80     -6.70    4.82     93680.0
 2025 11 10 09 43 00 000    2.60     0.98     3.79  -523.20     -6.80     -6.70    4.82     93680.0
 2025 11 10 09 44 00 000    3.29     0.07     3.49  -528.50     15.40      5.00    4.57     92351.0
 2025 11 10 09 45 00 000    3.67    -0.80     3.19  -528.50     15.40      5.00    4.57     92351.0
 2025 11 10 09 46 00 000    3.46    -2.08     2.18  -528.50     15.40      5.00    4.57     92351.0
 2025 11 10 09 47 00 000    3.69    -3.17     1.02  -528.50     15.40      5.00    4.57     92351.0
 2025 11 10 09 48 00 000    3.97    -2.48     1.73  -504.80      7.70     -3.40    6.49     65882.0
 2025 11 10 09 49 00 000    4.08    -3.22     0.20  -509.40      4.20     -7.20    5.97     78249.0
 2025 11 10 09 50 00 000    4.12    -3.08     0.38  -512.20      2.20     -9.30    5.66     85489.0
 2025 11 10 09 51 00 000    4.24    -2.95     0.48  -512.20      2.20     -9.30    5.66     85489.0
 2025 11 10 09 52 00 000    4.20    -3.24     0.26  -512.20      2.20     -9.30    5.66     85489.0
 2025 11 10 09 53 00 000    4.23    -3.29     0.22  -512.20      2.20     -9.30    5.66     85489.0
 2025 11 10 09 54 00 000    4.08    -2.82     0.96  -512.20      2.20     -9.30    5.66     85489.0
 2025 11 10 09 55 00 000    4.04    -2.96     0.24  -517.10      0.10     -7.00    5.56    115854.0
 2025 11 10 09 56 00 000    4.05    -3.09    -1.12  -517.10      0.10     -7.00    5.56    115854.0
 2025 11 10 09 57 00 000    4.13    -3.12    -0.86  -517.10      0.10     -7.00    5.56    115854.0
 2025 11 10 09 58 00 000    4.13    -3.08    -0.85  -517.10      0.10     -7.00    5.56    115854.0
 2025 11 10 09 59 00 000    4.06    -3.42    -0.09  -522.80     -1.60    -14.40    4.53    104951.0
 2025 11 10 10 00 00 000    3.92    -3.51    -0.62  -522.80     -1.60    -14.40    4.53    104951.0
 2025 11 10 10 01 00 000    3.92    -3.51    -0.62  -522.80     -1.60    -14.40    4.53    104951.0
 2025 11 10 10 02 00 000    4.18    -3.07    -0.52  -522.80     -1.60    -14.40    4.53    104951.0
 2025 11 10 10 03 00 000    4.02    -2.55     0.44  -522.80     -1.60    -14.40    4.53    104951.0
 2025 11 10 10 04 00 000    3.95    -2.78     0.18  -522.80     -1.60    -14.40    4.53    104951.0
 2025 11 10 10 05 00 000    3.81    -2.63     0.86  -516.70      8.60     -8.90    6.99     75346.0
 2025 11 10 10 06 00 000    4.10    -2.18     0.68  -516.70      8.60     -8.90    6.99     75346.0
 2025 11 10 10 07 00 000    3.91    -2.78     0.48  -518.60     -1.20     -4.60    5.97     98717.0
 2025 11 10 10 08 00 000    3.77    -2.83     0.45  -518.60      2.00     -7.60    5.46    109205.0
 2025 11 10 10 09 00 000    3.52    -2.62     1.47  -518.00      6.50     -7.70    5.78    107895.0
 2025 11 10 10 10 00 000    3.71    -2.59     1.01  -515.90      4.60     -4.80    6.44    102396.0
 2025 11 10 10 11 00 000    3.78    -2.52     0.92  -515.90      4.60     -4.80    6.44    102396.0
 2025 11 10 10 12 00 000    4.29    -2.08    -0.29  -512.60      8.90    -16.10    6.13    101750.0
 2025 11 10 10 13 00 000    4.16    -2.08    -0.57  -512.70      6.00    -10.50    5.68    126515.0
 2025 11 10 10 14 00 000    4.35    -1.70    -0.93  -512.70      4.00     -6.80    5.38    142957.0
 2025 11 10 10 15 00 000    4.39    -1.55    -1.49  -513.80     11.60    -10.20    6.02     94531.0
 2025 11 10 10 16 00 000    4.62    -0.75    -1.97  -513.40     16.10    -15.70    5.47     86516.0
 2025 11 10 10 17 00 000    4.46    -1.78    -0.53  -518.90     11.90    -26.70    5.39     79019.0
 2025 11 10 10 18 00 000    4.89    -0.55    -1.97  -518.30     10.10    -26.40    5.55     78920.0
 2025 11 10 10 19 00 000    4.69    -1.79    -0.70  -516.60      4.90    -25.60    6.03     78639.0
 2025 11 10 10 20 00 000    4.74    -1.95    -0.50  -517.30     18.30     13.30    5.40    109982.0
 2025 11 10 10 21 00 000    5.23    -1.93    -1.45  -515.10     15.00      0.40    5.47    104732.0
 2025 11 10 10 22 00 000    5.23    -1.93    -1.45  -510.70      8.20    -25.90    5.61     93965.0
 2025 11 10 10 23 00 000    5.28    -1.98    -0.90  -510.70      8.20    -25.90    5.61     93965.0
 2025 11 10 10 24 00 000    5.47    -1.55    -1.20  -510.70      8.20    -25.90    5.61     93965.0
 2025 11 10 10 25 00 000    5.39    -1.47    -1.60  -510.70      8.20    -25.90    5.61     93965.0
 2025 11 10 10 26 00 000    5.62    -1.16    -1.30  -510.70      8.20    -25.90    5.61     93965.0
 2025 11 10 10 27 00 000    5.42    -1.21    -0.54  -510.70      8.20    -25.90    5.61     93965.0
 2025 11 10 10 29 00 000    4.86    -2.69    -0.84  -512.80     18.10    -17.80    6.68     79457.0
 2025 11 10 10 30 00 000    4.97    -2.65    -0.34  -512.80     18.10    -17.80    6.68     79457.0
 2025 11 10 10 31 00 000    5.10    -2.33     0.72  -513.10     -2.80     -7.40    6.14     82422.0
 2025 11 10 10 32 00 000    5.27    -1.89     0.54  -513.10     -2.80     -7.40    6.14     82422.0
 2025 11 10 10 33 00 000    5.20    -2.18     0.32  -513.10     -2.80     -7.40    6.14     82422.0
 2025 11 10 10 34 00 000    5.20    -2.13     0.38  -513.10     -2.80     -7.40    6.14     82422.0
 2025 11 10 10 35 00 000    5.24    -2.00     0.06  -513.10     -2.80     -7.40    6.14     82422.0
 2025 11 10 10 36 00 000    5.38    -1.70    -0.14  -513.10     -2.80     -7.40    6.14     82422.0
 2025 11 10 10 37 00 000    5.17    -2.23     0.75  -512.00      1.60     -9.30    6.33    101800.0
 2025 11 10 10 38 00 000    4.15    -3.00     2.33  -512.00      1.60     -9.30    6.33    101800.0
 2025 11 10 10 39 00 000    4.63    -2.63     1.80  -509.80     -4.10    -12.40    5.84     82401.0
 2025 11 10 10 40 00 000    4.68    -2.90     1.22  -511.70     -1.90    -11.70    5.85     93523.0
 2025 11 10 10 41 00 000    4.99    -2.39     1.09  -515.20      2.40    -10.30    5.93    114208.0
 2025 11 10 10 42 00 000    3.64    -2.29     2.41  -521.20     -6.90      6.40    5.79    103203.0
 2025 11 10 10 43 00 000    2.42    -2.47     3.22  -536.20    -12.60      7.60    5.15     83177.0
 2025 11 10 10 44 00 000    1.82    -2.69     3.71  -532.40    -20.40     13.20    5.38     86735.0
 2025 11 10 10 45 00 000    1.63    -3.11     3.62  -532.40    -20.40     13.20    5.38     86735.0
 2025 11 10 10 46 00 000    2.10    -2.98     3.14  -532.40    -20.40     13.20    5.38     86735.0
 2025 11 10 10 47 00 000    3.06    -2.75     2.59  -532.40    -20.40     13.20    5.38     86735.0
 2025 11 10 10 48 00 000    2.82    -2.92     2.61  -519.90     -1.20      0.90    5.45    145557.0
 2025 11 10 10 49 00 000    2.37    -3.01     2.48  -519.90     -1.20      0.90    5.45    145557.0
 2025 11 10 10 50 00 000    3.91    -2.35     1.71  -519.90     -1.20      0.90    5.45    145557.0
 2025 11 10 10 51 00 000    4.42    -2.14     1.36  -514.50      8.90     -3.80    5.85    159217.0
 2025 11 10 10 52 00 000    4.02    -2.02     2.39  -514.50      7.90     -5.00    5.88    156005.0
 2025 11 10 10 53 00 000    4.05    -2.07     2.35  -514.30      2.00    -12.50    6.08    136090.0
 2025 11 10 10 54 00 000    4.27    -1.70     2.24  -514.30      2.00    -12.60    6.08    135929.0
 2025 11 10 10 55 00 000    3.88    -2.81     0.75  -514.90      2.20    -18.70    4.49     53901.0
 2025 11 10 10 56 00 000    4.10    -2.78     1.24  -520.20     -4.30    -15.30    4.86     70113.0
 2025 11 10 10 57 00 000    4.53    -2.28     0.75  -513.80     -0.60    -26.60    5.45     78653.0
 2025 11 10 10 58 00 000    4.19    -2.39     1.81  -515.70      6.80     -8.60    6.26     85549.0
 2025 11 10 10 59 00 000    4.65    -2.74     0.29  -517.80      4.60      1.20    6.43    107647.0
 2025 11 10 11 00 00 000    4.67    -2.54     0.58  -516.60     -7.90     -3.60    5.11    102595.0
 2025 11 10 11 01 00 000    4.78    -2.83    -0.01  -513.80      4.10    -21.70    4.65     63058.0
 2025 11 10 11 02 00 000    4.48    -3.12     0.65  -512.90      7.70    -27.10    4.50     51162.0
 2025 11 10 11 03 00 000    4.49    -3.20     0.52  -512.90      7.70    -27.10    4.50     51162.0
 2025 11 10 11 04 00 000    4.80    -3.03    -0.85  -512.90      7.70    -27.10    4.50     51162.0
 2025 11 10 11 05 00 000    4.69    -3.04    -0.06  -509.20      0.90     -5.90    6.28     61725.0
 2025 11 10 11 06 00 000    5.07    -2.30    -1.46  -514.00      2.40    -21.20    4.91     56339.0
 2025 11 10 11 07 00 000    5.05    -2.58    -2.07  -517.80      3.80    -16.00    5.10     60537.0
 2025 11 10 11 08 00 000    4.99    -2.80    -1.97  -516.80      0.10    -29.80    4.60     55004.0
 2025 11 10 11 09 00 000    5.08    -2.71    -1.29  -508.40     -7.00      0.30    6.82     65287.0
 2025 11 10 11 10 00 000    4.96    -2.97    -1.55  -513.80     -1.10    -18.40    5.44     61064.0
 2025 11 10 11 11 00 000    4.43    -2.94     1.47  -512.10     -7.40    -10.30    4.71     59090.0
 2025 11 10 11 12 00 000    4.76    -3.17    -0.30  -510.10    -12.80      3.60    5.35     60251.0
 2025 11 10 11 13 00 000    4.64    -3.47    -0.27  -509.60    -11.30     10.00    6.59     63510.0
 2025 11 10 11 14 00 000    4.91    -2.59    -0.42  -521.60     12.70      0.50    6.04     71635.0
 2025 11 10 11 15 00 000    4.89    -2.57    -0.47  -517.40      3.30    -12.20    5.40     65478.0
 2025 11 10 11 16 00 000    4.52    -2.49     1.87  -509.80    -10.70     -1.00    4.81     71497.0
 2025 11 10 11 17 00 000    4.24    -3.35    -0.64  -510.50    -16.00     10.70    4.68     64275.0
 2025 11 10 11 18 00 000    4.84    -2.81    -1.06  -519.20     -2.00    -31.90    4.22     44419.0
 2025 11 10 11 19 00 000    5.07    -2.42    -0.06  -519.40     -1.60    -33.10    4.21     43974.0
 2025 11 10 11 20 00 000    4.69    -2.82     1.67  -506.40     -8.10     -0.50    6.51     71718.0
 2025 11 10 11 21 00 000    4.79    -2.75     1.42  -506.40     -8.10     -0.50    6.51     71718.0
 2025 11 10 11 22 00 000    4.60    -2.88     1.78  -513.60     -5.70      3.50    5.58     64928.0
 2025 11 10 11 23 00 000    4.66    -3.11     0.99  -511.90     -5.90      2.70    5.92     67020.0
 2025 11 10 11 24 00 000    5.24    -2.44    -3.02  -514.70     -2.00    -20.60    4.69     69809.0
 2025 11 10 11 25 00 000    4.77    -3.07    -1.37  -514.30     -2.30    -19.50    4.79     69802.0
 2025 11 10 11 26 00 000    4.85    -2.93    -0.87  -509.90     -5.40     -8.70    5.96     64296.0
 2025 11 10 11 27 00 000    5.27    -2.31    -1.19  -515.90      2.40    -30.80    4.60     51656.0
 2025 11 10 11 28 00 000    5.38    -2.25    -1.43  -509.00      6.60    -19.70    5.52     69047.0
 2025 11 10 11 29 00 000    5.49    -2.18    -1.37  -511.60      5.90    -22.10    5.62     65942.0
 2025 11 10 11 30 00 000    5.35    -2.57    -0.11  -511.40      7.60    -20.10    4.91     61610.0
 2025 11 10 11 31 00 000    5.16    -2.58     0.28  -511.80      4.60    -10.00    5.40     65636.0
 2025 11 10 11 32 00 000    5.66    -2.19    -1.22  -515.10      9.30     -4.70    6.39     76926.0
 2025 11 10 11 33 00 000    5.50    -2.32    -1.59  -520.30     18.90     -2.20    7.54     93442.0
 2025 11 10 11 34 00 000    5.55    -2.28    -1.60  -520.30     18.90     -2.20    7.54     93442.0
 2025 11 10 11 35 00 000    5.59    -2.37    -1.28  -520.30     18.90     -2.20    7.54     93442.0
 2025 11 10 11 36 00 000    5.52    -2.22    -1.19  -520.40      7.00      7.10    6.56    110794.0
 2025 11 10 11 37 00 000    5.56    -2.36    -1.31  -516.80      8.40     -2.70    5.85     79945.0
 2025 11 10 11 38 00 000    5.63    -2.54    -0.62  -515.20      5.80     -6.20    5.43     69772.0
 2025 11 10 11 39 00 000    5.74    -2.29    -0.29  -511.60     -3.20    -12.80    4.43     51474.0
 2025 11 10 11 40 00 000    5.70    -1.96    -0.93  -516.10      2.90     -5.70    7.66     67377.0
 2025 11 10 11 41 00 000    5.67    -1.96    -1.08  -513.00     14.70    -18.80    4.93     55574.0
 2025 11 10 11 42 00 000    5.43    -2.26    -0.44  -514.60     15.90    -16.20    5.08     75793.0
 2025 11 10 11 43 00 000    5.35    -2.40    -0.08  -517.90     17.10    -12.50    5.61     94835.0
 2025 11 10 11 44 00 000    5.43    -2.47    -0.22  -514.60      5.70    -10.50    5.65     83973.0
 2025 11 10 11 45 00 000    5.61    -2.21    -0.80  -515.10      8.80     -7.40    6.04     68010.0
 2025 11 10 11 46 00 000    5.75    -2.51    -0.69  -517.50      1.00    -15.00    5.40     66446.0
 2025 11 10 11 47 00 000    5.74    -2.39    -0.79  -521.20      6.90     -9.70    7.09     78802.0
 2025 11 10 11 48 00 000    5.69    -2.16    -0.83  -521.20      6.90     -9.70    7.09     78802.0
 2025 11 10 11 49 00 000    5.82    -1.88    -1.55  -521.20      6.90     -9.70    7.09     78802.0
 2025 11 10 11 50 00 000    5.83    -2.16    -0.93  -512.40     14.30    -24.10    4.10     49833.0
 2025 11 10 11 51 00 000    5.68    -2.30    -0.89  -516.30      9.20    -12.30    5.84     69918.0
 2025 11 10 11 52 00 000    5.51    -2.43    -1.14  -516.80      8.50    -10.70    6.08     72725.0
 2025 11 10 11 53 00 000    5.53    -2.31    -1.39  -516.80      8.50    -10.70    6.08     72725.0
 2025 11 10 11 54 00 000    5.63    -2.39    -1.17  -508.10      5.00    -10.20    4.30     48969.0
 2025 11 10 11 55 00 000    5.66    -2.21    -1.54  -508.10      5.00    -10.20    4.30     48969.0
 2025 11 10 11 56 00 000    5.67    -2.19    -1.48  -508.10      5.00    -10.20    4.30     48969.0
 2025 11 10 11 57 00 000    5.87    -1.68    -1.47  -514.90      0.90     -6.40    6.94     80645.0
 2025 11 10 11 58 00 000    5.32    -2.10    -2.57  -514.90      0.90     -6.40    6.94     80645.0
 2025 11 10 11 59 00 000    5.49    -2.19    -2.09  -514.90      0.90     -6.40    6.94     80645.0
 2025 11 10 12 00 00 000    5.41    -2.20    -2.31  -523.10      8.90     -2.60    5.92     70020.0
 2025 11 10 12 01 00 000    5.41    -2.14    -2.29  -523.10      8.90     -2.60    5.92     70020.0
 2025 11 10 12 02 00 000    5.16    -2.64    -2.40  -523.10      8.90     -2.60    5.92     70020.0
 2025 11 10 12 03 00 000    5.54    -2.11    -2.06  -523.10      8.90     -2.60    5.92     70020.0
 2025 11 10 12 04 00 000    5.30    -2.54    -1.99  -523.10      8.90     -2.60    5.92     70020.0
 2025 11 10 12 05 00 000    5.47    -2.43    -1.71  -519.30     12.20     -3.60    6.80    106620.0
 2025 11 10 12 06 00 000    5.51    -2.83    -1.81  -519.30     12.20     -3.60    6.80    106620.0
 2025 11 10 12 07 00 000    5.34    -2.10    -2.60  -509.60     12.40    -24.80    5.04     59196.0
 2025 11 10 12 08 00 000    5.16    -1.86    -2.96  -514.80     17.10    -19.20    5.05     64574.0
 2025 11 10 12 09 00 000    5.34    -2.85    -2.09  -529.70     30.30     -3.40    5.09     79896.0
 2025 11 10 12 10 00 000    5.36    -2.76    -2.23  -529.70     30.30     -3.40    5.09     79896.0
 2025 11 10 12 11 00 000    5.41    -2.70    -2.12  -519.20     17.50     -1.70    6.53     93870.0
 2025 11 10 12 12 00 000    5.55    -2.28    -1.83  -519.20     16.30     -3.50    6.64     90977.0
 2025 11 10 12 13 00 000    5.60    -1.34    -1.55  -519.20      6.30    -18.40    7.54     67122.0
 2025 11 10 12 14 00 000    3.59    -4.67    -2.20  -527.70     -2.70    -28.80    5.40     61339.0
 2025 11 10 12 15 00 000    4.26    -3.33    -2.93  -529.00     -3.70    -29.80    5.04     61411.0
 2025 11 10 12 16 00 000    3.81    -4.16    -2.75  -529.00     -3.70    -29.80    5.04     61411.0
 2025 11 10 12 17 00 000    4.54    -3.62    -2.15  -529.00     -3.70    -29.80    5.04     61411.0
 2025 11 10 12 18 00 000    4.85    -3.56    -1.87  -529.00     -3.70    -29.80    5.04     61411.0
 2025 11 10 12 19 00 000    4.84    -3.55    -1.91  -529.00     -3.70    -29.80    5.04     61411.0
 2025 11 10 12 20 00 000    4.76    -3.47    -2.40  -529.00     -3.70    -29.80    5.04     61411.0
 2025 11 10 12 21 00 000    4.71    -3.53    -2.41  -521.90      2.60     -0.30    6.48     71200.0
 2025 11 10 12 22 00 000    4.93    -3.27    -2.57  -519.40      1.30    -20.80    5.93     76395.0
 2025 11 10 12 23 00 000    4.62    -4.18    -1.57  -518.60      0.90    -27.50    5.75     78103.0
 2025 11 10 12 24 00 000    4.35    -4.58    -1.21  -519.40     -8.00    -20.40    5.57     78670.0
 2025 11 10 12 25 00 000    4.08    -4.60    -2.06  -519.40     -8.00    -20.40    5.57     78670.0
 2025 11 10 12 26 00 000    4.78    -3.05    -3.07  -519.40     -8.00    -20.40    5.57     78670.0
 2025 11 10 12 27 00 000    4.82    -3.57    -2.45  -517.80     10.30    -26.40    5.97     69650.0
 2025 11 10 12 28 00 000    5.23    -3.73    -0.42  -517.80     10.30    -26.40    5.97     69650.0
 2025 11 10 12 29 00 000    5.10    -3.85    -0.63  -517.80     10.30    -26.40    5.97     69650.0
 2025 11 10 12 30 00 000    5.02    -3.95    -0.54  -517.80     10.30    -26.40    5.97     69650.0
 2025 11 10 12 31 00 000    5.27    -3.26    -1.75  -523.00      4.20     -6.70    6.62     80822.0
 2025 11 10 12 32 00 000    5.47    -2.97    -2.05  -523.00      4.20     -6.70    6.62     80822.0
 2025 11 10 12 33 00 000    5.56    -2.93    -2.21  -518.70      1.70    -12.60    6.12     71209.0
 2025 11 10 12 34 00 000    5.65    -2.62    -2.43  -512.40     -1.90    -21.20    5.40     57281.0
 2025 11 10 12 35 00 000    5.55    -3.14    -2.00  -513.10      2.50    -21.90    5.46     57312.0
 2025 11 10 12 36 00 000    4.92    -4.39    -1.03  -516.20     -6.00    -19.10    5.61     66653.0
 2025 11 10 12 37 00 000    5.38    -3.71    -1.51  -518.90    -13.50    -16.40    5.74     75086.0
 2025 11 10 12 38 00 000    5.02    -4.78    -0.39  -519.50      2.30    -12.50    6.37     85706.0
 2025 11 10 12 39 00 000    5.02    -4.75    -0.41  -518.50     -5.80    -12.70    6.64     77752.0
 2025 11 10 12 40 00 000    5.02    -4.89    -0.37  -521.10     -7.40    -19.60    6.04     78268.0
 2025 11 10 12 41 00 000    5.03    -4.91    -0.25  -521.10     -7.40    -19.60    6.04     78268.0
 2025 11 10 12 42 00 000    5.03    -4.79    -0.61  -521.10     -7.40    -19.60    6.04     78268.0
 2025 11 10 12 43 00 000    5.60    -4.19    -0.82  -521.10     -7.40    -19.60    6.04     78268.0
 2025 11 10 12 44 00 000    5.70    -4.24    -0.95  -515.80      1.00    -16.00    6.43     70723.0
 2025 11 10 12 45 00 000    5.05    -4.85    -2.12  -515.80      0.90    -17.10    6.36     70388.0
 2025 11 10 12 46 00 000    5.14    -4.75    -1.93  -516.30      0.40    -25.30    5.80     67727.0
 2025 11 10 12 47 00 000    5.42    -4.61    -1.46  -516.50      5.70    -28.00    5.59     64100.0
 2025 11 10 12 48 00 000    5.66    -4.46    -1.36  -516.50      5.70    -28.00    5.59     64100.0
 2025 11 10 12 49 00 000    5.64    -4.54    -1.41  -516.50      5.70    -28.00    5.59     64100.0
 2025 11 10 12 50 00 000    5.74    -4.43    -1.00  -516.50      5.70    -28.00    5.59     64100.0
 2025 11 10 12 51 00 000    5.85    -4.16    -0.50  -517.60      4.60    -12.20    7.56     81088.0
 2025 11 10 12 52 00 000    5.50    -4.48    -1.21  -517.60      4.60    -12.20    7.56     81088.0
 2025 11 10 12 53 00 000    5.04    -4.66    -2.13  -526.60      2.50    -30.70    6.36     79502.0
 2025 11 10 12 54 00 000    5.18    -4.85    -1.36  -526.40      2.00    -21.50    6.78     82270.0
 2025 11 10 12 55 00 000    4.85    -4.91    -2.07  -525.90      3.30    -34.10    6.67     76757.0
 2025 11 10 12 56 00 000    5.31    -4.90    -1.65  -526.20      3.50    -38.20    6.54     75388.0
 2025 11 10 12 57 00 000    5.09    -5.06    -1.87  -526.20      3.50    -38.20    6.54     75388.0
 2025 11 10 12 58 00 000    5.27    -4.71    -2.00  -523.50     -5.90     -1.50    7.26     75902.0
 2025 11 10 12 59 00 000    4.72    -5.14    -1.08  -523.50     -5.90     -1.50    7.26     75902.0
 2025 11 10 13 00 00 000    5.34    -4.82    -0.97  -523.50     -5.90     -1.50    7.26     75902.0
 2025 11 10 13 01 00 000    5.11    -4.96    -1.56  -524.30    -13.90     -3.40    7.20    107741.0
 2025 11 10 13 02 00 000    5.18    -5.00    -1.04  -524.20    -13.10     -3.40    7.23    107172.0
 2025 11 10 13 03 00 000    5.35    -4.90    -1.15  -521.90     -1.20    -11.70    7.07     94039.0
 2025 11 10 13 04 00 000    4.56    -3.24    -2.13  -521.80      1.30    -23.40    6.40     87293.0
 2025 11 10 13 05 00 000    4.63    -3.44    -2.27  -525.10     15.90    -37.90    6.46     67854.0
 2025 11 10 13 06 00 000    4.47    -4.10    -2.80  -525.30     16.00    -36.20    6.59     62590.0
 2025 11 10 13 07 00 000    3.28    -5.31     0.27  -524.50     -0.80    -36.00    6.57     79107.0
 2025 11 10 13 08 00 000    3.12    -4.60    -0.23  -524.50      2.50    -32.30    7.17     66551.0
 2025 11 10 13 09 00 000   -1.11    -4.83     5.02  -539.50     -8.20    -10.70    6.91     53211.0
 2025 11 10 13 10 00 000   -1.93    -5.29     5.26  -540.90     -7.20      7.10    7.92     55464.0
 2025 11 10 13 11 00 000   -3.03    -5.69     4.97  -553.90    -22.30      1.90    6.45     52445.0
 2025 11 10 13 12 00 000   -3.22    -6.32     4.44  -556.70    -25.70      0.40    6.11     50850.0
 2025 11 10 13 13 00 000   -3.04    -6.45     4.30  -556.00    -26.40     -4.60    6.50     43486.0
 2025 11 10 13 14 00 000   -2.28    -6.44     4.17  -555.10    -27.00     -4.50    6.45     48758.0
 2025 11 10 13 15 00 000   -1.98    -5.47     5.14  -553.80    -27.90     -4.30    6.39     56812.0
 2025 11 10 13 16 00 000   -2.19    -5.74     4.95  -552.30    -23.10      1.70    6.20     50238.0
 2025 11 10 13 17 00 000   -2.15    -5.91     4.38  -553.40    -21.30      3.80    6.19     49980.0
 2025 11 10 13 18 00 000   -2.58    -5.85     4.51  -557.80    -23.30      0.80    6.21     49781.0
 2025 11 10 13 19 00 000   -2.92    -4.97     4.12  -561.40    -24.50      1.60    6.95     45703.0
 2025 11 10 13 20 00 000   -3.15    -4.87     4.15  -563.20    -23.80      5.90    7.95     40343.0
 2025 11 10 13 21 00 000   -3.09    -4.32     4.38  -561.90     -8.60     -2.60   10.84     24256.0
 2025 11 10 13 22 00 000   -3.21    -4.66     4.04  -561.20     -6.70     -4.20   11.83     26673.0
 2025 11 10 13 23 00 000   -2.49    -5.42     3.89  -560.90     -6.20     -4.80   12.27     28541.0
 2025 11 10 13 24 00 000   -1.75    -6.30     2.70  -557.70      0.50     -7.00   12.31     24956.0
 2025 11 10 13 25 00 000   -1.72    -5.89     3.43  -557.70      0.50     -7.00   12.31     24956.0
 2025 11 10 13 26 00 000   -0.07    -7.18     1.74  -547.50    -11.20    -11.10   11.15     22536.0
 2025 11 10 13 27 00 000   -0.08    -7.33     1.66  -547.50    -11.20    -11.10   11.15     22536.0
 2025 11 10 13 28 00 000    0.18    -7.53     1.53  -545.90    -13.30    -15.30    9.26     37661.0
 2025 11 10 13 29 00 000    0.42    -7.71     1.43  -545.90    -13.30    -15.30    9.26     37661.0
 2025 11 10 13 30 00 000   -0.24    -7.09     1.94  -545.80    -15.20    -13.30    8.49     33829.0
 2025 11 10 13 31 00 000   -1.24    -6.29     2.73  -545.80    -15.60    -12.90    8.34     33099.0
 2025 11 10 13 32 00 000   -1.42    -6.23     2.93  -553.20     -9.80     -4.00   11.98     26831.0
 2025 11 10 13 33 00 000   -2.65    -5.80     2.99  -554.30     -8.90     -2.60   12.54     25874.0
 2025 11 10 13 34 00 000   -1.14    -6.09     3.41  -552.50     -7.30     -3.20   11.80     25231.0
 2025 11 10 13 35 00 000   -1.28    -5.88     3.18  -552.50     -7.40     -3.40   11.83     25194.0
 2025 11 10 13 36 00 000   -0.52    -6.34     2.68  -553.60     -8.70     -4.30   12.47     25301.0
 2025 11 10 13 37 00 000   -1.33    -6.03     3.10  -553.60     -8.70     -4.30   12.47     25301.0
 2025 11 10 13 38 00 000   -1.59    -5.65     3.46  -554.00     -5.60      3.20   13.40     24055.0
 2025 11 10 13 39 00 000    1.17    -6.49     2.04  -554.00     -5.60      3.20   13.40     24055.0
 2025 11 10 13 40 00 000    2.10    -6.83     1.40  -533.80     -9.90    -12.50   12.23     25774.0
 2025 11 10 13 41 00 000    2.59    -6.82     0.86  -533.80     -9.90    -12.50   12.23     25774.0
 2025 11 10 13 42 00 000    2.93    -6.81     0.38  -535.20      0.40    -19.40   11.87     24079.0
 2025 11 10 13 43 00 000    3.42    -6.55     0.16  -535.20      0.40    -19.40   11.87     24079.0
 2025 11 10 13 44 00 000    4.58    -4.06    -1.44  -535.20      0.40    -19.40   11.87     24079.0
 2025 11 10 13 45 00 000    5.15    -2.51    -2.24  -525.00      5.10    -14.30   11.93     23479.0
 2025 11 10 13 46 00 000    4.95    -3.98    -2.28  -525.00      5.10    -14.30   11.93     23479.0
 2025 11 10 13 47 00 000    5.34    -2.45    -2.78  -549.40      8.50    -11.90   13.42     93002.0
 2025 11 10 13 48 00 000    5.66    -1.13    -2.55  -550.20      9.00    -11.90   13.46     72734.0
 2025 11 10 13 49 00 000    5.40    -1.79    -3.06  -554.90     21.30    -15.50   14.48     94904.0
 2025 11 10 13 50 00 000    5.42    -1.65    -3.14  -543.70      6.80    -17.00    9.57     94593.0
 2025 11 10 13 51 00 000    5.36    -1.88    -3.32  -560.80      8.70     -0.50   11.29    150163.0
 2025 11 10 13 52 00 000    4.79    -3.30    -3.85  -531.70      7.70    -34.90    7.40     39562.0
 2025 11 10 13 53 00 000    5.36    -2.84    -3.00  -536.80      7.80    -23.90    8.33     55420.0
 2025 11 10 13 54 00 000    4.87    -1.93    -3.40  -542.40      8.00    -14.30    8.77     73768.0
 2025 11 10 13 55 00 000    4.80    -2.48    -3.46  -566.10     14.20     16.60   10.50    160960.0
 2025 11 10 13 56 00 000    5.09    -2.97    -3.35  -561.60     13.10      7.50    9.85     95273.0
 2025 11 10 13 57 00 000    5.07    -1.57    -3.31  -545.30     13.30     -4.90   11.07     76321.0
 2025 11 10 13 58 00 000    5.01    -1.70    -3.48  -519.00      8.20    -36.60    6.08     41193.0
 2025 11 10 13 59 00 000    5.05    -1.90    -3.73  -557.20      9.20     -9.50    9.82     96341.0
 2025 11 10 14 00 00 000    5.13    -1.14    -3.88  -561.50      9.20     -6.50   10.25    102595.0
 2025 11 10 14 01 00 000    5.10    -1.17    -4.05  -561.50      9.20     -6.50   10.25    102595.0
 2025 11 10 14 02 00 000    4.62    -1.36    -3.54  -559.00     13.40     -1.40   11.43     74178.0
 2025 11 10 14 03 00 000    4.72    -0.70    -3.90  -557.40     17.40      1.30   10.18     94259.0
 2025 11 10 14 04 00 000    5.08     0.32    -4.73  -523.00     27.00    -26.10    8.67     38272.0
 2025 11 10 14 05 00 000    5.08     0.53    -4.67  -522.40     27.10    -26.60    8.65     37120.0
 2025 11 10 14 06 00 000    5.10     0.85    -4.51  -522.40     27.10    -26.60    8.65     37120.0
 2025 11 10 14 07 00 000    5.03     0.42    -4.59  -525.90     15.80    -26.60    9.62     55855.0
 2025 11 10 14 08 00 000    5.02    -0.23    -4.23  -538.30     14.60    -16.30    9.25     73508.0
 2025 11 10 14 09 00 000    5.11    -0.44    -4.06  -530.30     26.60    -20.90    8.10     48353.0
 2025 11 10 14 10 00 000    5.15    -1.08    -3.91  -524.50     29.70    -25.20    7.96     36970.0
 2025 11 10 14 11 00 000    5.58    -1.07    -3.72  -524.60     10.90    -27.20    6.66     51936.0
 2025 11 10 14 12 00 000    5.63    -0.90    -3.35  -540.90     12.30    -17.50    9.91     77379.0
 2025 11 10 14 13 00 000    5.80    -1.63    -3.27  -554.30     11.40     -5.40   12.41     78708.0
 2025 11 10 14 14 00 000    5.41    -1.13    -3.38  -559.60     10.10     -1.80    9.44     99034.0
 2025 11 10 14 15 00 000    5.71    -1.49    -3.37  -542.20      6.60     -9.30    7.29     73737.0
 2025 11 10 14 16 00 000    5.89    -1.74    -2.50  -537.60      7.70    -12.90    7.47     66971.0
 2025 11 10 14 17 00 000    5.59    -2.41    -2.86  -562.50     15.90     -4.30   11.52    102374.0
 2025 11 10 14 18 00 000    5.27    -0.74    -3.40  -562.60      9.10      3.80    9.66     67758.0
 2025 11 10 14 19 00 000    5.25    -1.43    -3.08  -556.10      7.40      1.50    9.38     65681.0
 2025 11 10 14 20 00 000    5.19    -1.28    -3.08  -561.60     13.70      1.70   10.50     92977.0
 2025 11 10 14 21 00 000    5.16    -1.32    -3.16  -561.30     12.00      1.50    9.85    110182.0
 2025 11 10 14 22 00 000    4.99    -1.37    -3.19  -562.60     12.30      4.80    9.40    110669.0
 2025 11 10 14 23 00 000    5.01    -2.06    -3.03  -560.90     12.40      2.50    8.65    120986.0
 2025 11 10 14 24 00 000    4.03    -1.86    -3.50  -561.90     10.90      4.40    9.01    105955.0
 2025 11 10 14 28 00 000    4.14    -1.80    -3.75  -564.90     10.90     10.10    8.95     86491.0
 2025 11 10 14 32 00 000    4.01    -2.19    -3.57  -564.90     10.90     10.10    8.95     86491.0
 2025 11 10 14 36 00 000    3.67    -2.71    -3.48  -564.90     10.90     10.10    8.95     86491.0
 2025 11 10 14 39 00 000    4.21    -1.91    -3.19  -564.90     10.90     10.10    8.95     86491.0
 2025 11 10 14 40 00 000    4.21    -1.91    -3.19  -564.90     10.90     10.10    8.95     86491.0
 2025 11 10 14 43 00 000    3.93    -2.59    -3.11  -559.40      2.40      4.90    9.09    110982.0
 2025 11 10 14 46 00 000    3.99    -2.00    -3.41  -559.40      2.40      4.90    9.09    110982.0
 2025 11 10 14 48 00 000    3.94    -1.72    -3.69  -559.40      2.40      4.90    9.09    110982.0
 2025 11 10 14 49 00 000    3.94    -1.72    -3.69  -559.40      2.40      4.90    9.09    110982.0
 2025 11 10 14 51 00 000    4.24    -1.65    -3.49  -559.40      2.40      4.90    9.09    110982.0
 2025 11 10 14 53 00 000    4.13    -1.71    -3.52  -559.40      2.40      4.90    9.09    110982.0
 2025 11 10 14 55 00 000    4.08    -1.51    -3.48  -559.40      2.40      4.90    9.09    110982.0
 2025 11 10 14 56 00 000    4.08    -1.51    -3.48  -559.40      2.40      4.90    9.09    110982.0
 2025 11 10 14 58 00 000    3.27    -2.04    -4.10  -559.40      2.40      4.90    9.09    110982.0
 2025 11 10 15 00 00 000    3.32    -2.00    -4.05  -558.40     11.00     -7.40   11.43    330582.0
 2025 11 10 15 02 00 000    3.53    -1.70    -4.02  -558.40     11.00     -7.40   11.43    330582.0
 2025 11 10 15 04 00 000    3.65    -1.91    -3.93  -558.40     11.00     -7.40   11.43    330582.0
 2025 11 10 15 06 00 000    3.54    -1.98    -3.92  -558.40     11.00     -7.40   11.43    330582.0
 2025 11 10 15 08 00 000    3.86    -1.45    -3.65  -558.40     11.00     -7.40   11.43    330582.0
 2025 11 10 15 10 00 000    3.81    -1.71    -3.59  -558.40     11.00     -7.40   11.43    330582.0
 2025 11 10 15 11 00 000    0.41    -2.03    -2.31  -564.60     -5.50     16.10   12.10    393225.0
 2025 11 10 15 12 00 000    2.47    -1.57    -3.17  -564.60     -5.50     16.10   12.10    393225.0
 2025 11 10 15 13 00 000    3.97    -1.40    -3.61  -564.60     -5.50     16.10   12.10    393225.0
 2025 11 10 15 14 00 000    3.08    -1.41    -2.97  -561.10     14.20     16.90   11.93     64573.0
 2025 11 10 15 15 00 000    2.72    -1.44    -2.68  -561.00     14.20     16.50   11.88     65276.0
 2025 11 10 15 16 00 000    2.76    -1.34    -2.74  -558.70     12.20     -1.30    9.80     96800.0
 2025 11 10 15 17 00 000    2.82    -1.13    -2.86  -558.70     12.20     -1.30    9.80     96800.0
 2025 11 10 15 18 00 000    2.48    -1.31    -2.86  -557.20     13.70     13.00   12.48     74792.0
 2025 11 10 15 19 00 000    2.36    -1.37    -2.83  -557.20     13.70     13.00   12.48     74792.0
 2025 11 10 15 20 00 000    3.79    -0.96    -3.55  -557.20     13.70     13.00   12.48     74792.0
 2025 11 10 15 21 00 000    4.04    -1.60    -3.45  -557.20     13.70     13.00   12.48     74792.0
 2025 11 10 15 22 00 000    3.77    -2.54    -2.63  -556.70     11.30      4.70    8.58    151916.0
 2025 11 10 15 23 00 000    4.11    -3.10    -2.44  -557.60     10.60      1.90    8.23    149674.0
 2025 11 10 15 24 00 000    3.70    -3.44    -1.72  -559.40      9.30     -3.50    7.64    143296.0
 2025 11 10 15 25 00 000    3.79    -3.77    -1.78  -554.60     18.40     11.60   12.47     53223.0
 2025 11 10 15 26 00 000    4.21    -3.51    -1.82  -553.10      7.50      3.70    8.87    107799.0
 2025 11 10 15 27 00 000    1.11    -4.22     0.32  -556.10      5.30      0.30    8.87    122149.0
 2025 11 10 15 28 00 000    1.20    -3.62     0.05  -552.80      7.50      1.20    8.30    174671.0
 2025 11 10 15 29 00 000   -0.85    -1.81     0.49  -552.80      7.50      1.20    8.29    174918.0
 2025 11 10 15 30 00 000    1.50    -2.98    -0.98  -552.80      7.50      1.20    8.29    174918.0
 2025 11 10 15 31 00 000   -0.00    -3.23     1.18  -565.80      9.20     15.40    8.27     73605.0
 2025 11 10 15 32 00 000    0.90    -2.99     0.17  -565.80      9.20     15.40    8.27     73605.0
 2025 11 10 15 33 00 000    1.31    -3.66     0.66  -565.80      9.20     15.40    8.27     73605.0
 2025 11 10 15 34 00 000    1.29    -2.92    -0.56  -565.80      9.20     15.40    8.27     73605.0
 2025 11 10 15 35 00 000    1.88    -1.67    -1.63  -565.80      9.20     15.40    8.27     73605.0
 2025 11 10 15 36 00 000    1.18    -2.92    -0.35  -565.80      9.20     15.40    8.27     73605.0
 2025 11 10 15 37 00 000    0.49    -3.00     0.52  -572.60     26.10     16.10    7.90    100563.0
 2025 11 10 15 38 00 000   -1.14    -2.38     0.68  -570.20     21.90     17.50    8.04     93752.0
 2025 11 10 15 39 00 000   -0.56    -2.03    -0.58  -565.30     13.30     20.40    8.31     79589.0
 2025 11 10 15 40 00 000    1.75    -1.85    -3.29  -565.30     13.30     20.40    8.31     79589.0
 2025 11 10 15 41 00 000   -0.35    -1.85    -1.49  -565.30     13.30     20.40    8.31     79589.0
 2025 11 10 15 42 00 000   -2.30    -1.45     0.33  -565.30     13.30     20.40    8.31     79589.0
 2025 11 10 15 43 00 000   -1.85    -1.66    -1.17  -565.30     13.30     20.40    8.31     79589.0
 2025 11 10 15 44 00 000    1.83    -2.85    -3.12  -565.30     13.30     20.40    8.31     79589.0
 2025 11 10 15 45 00 000   -2.89    -0.77     1.01  -567.40     11.30      5.80    9.09    112655.0
 2025 11 10 15 46 00 000   -0.29    -1.98    -1.72  -565.70     11.50      4.40    8.82    100380.0
 2025 11 10 15 47 00 000   -2.41    -0.87    -0.53  -564.00     11.60      3.00    8.55     88189.0
 2025 11 10 15 48 00 000   -3.54    -0.69     0.83  -564.00     11.60      3.00    8.55     88189.0
 2025 11 10 15 49 00 000    0.63    -2.01    -1.71  -564.00     11.60      3.00    8.55     88189.0
 2025 11 10 15 50 00 000   -0.83    -1.65    -1.48  -558.00     10.60     12.10   10.10    130760.0
 2025 11 10 15 51 00 000   -1.42    -1.60    -0.55  -558.00     10.60     12.10   10.10    130760.0
 2025 11 10 15 52 00 000    0.76    -1.99    -1.63  -560.60     15.90     14.20   11.08     77497.0
 2025 11 10 15 53 00 000   -0.20    -1.70    -0.40  -560.90     15.50     18.00   11.33     73913.0
 2025 11 10 15 54 00 000   -0.69    -1.85    -0.76  -558.50     15.50     20.70   12.18     56946.0
 2025 11 10 15 55 00 000   -1.63    -0.77     0.01  -550.50      9.70     14.40   13.61     47839.0
 2025 11 10 15 56 00 000   -1.67    -0.98     1.07  -551.30     10.80     14.60   12.71     62923.0
 2025 11 10 15 57 00 000   -2.82    -0.96     2.58  -556.40      9.50     12.80    9.97    136570.0
 2025 11 10 15 58 00 000   -1.01    -1.38     1.64  -562.00      2.90      7.90   10.19    137362.0
 2025 11 10 15 59 00 000   -0.25    -1.68     0.53  -571.00     13.00     15.70   10.18    135814.0
 2025 11 10 16 00 00 000   -0.20    -1.45     0.45  -565.60     15.40     12.50    9.99    123533.0
 2025 11 10 16 01 00 000    0.27    -1.84    -0.70  -562.20     16.20     12.20    9.41    121802.0
 2025 11 10 16 02 00 000   -1.49    -1.06     1.94  -556.60     15.60      8.00   10.89     84407.0
 2025 11 10 16 03 00 000   -0.73    -0.95     1.11  -553.60     14.30      8.30   12.14     61643.0
 2025 11 10 16 04 00 000    0.52    -1.61    -1.00  -555.20     17.00      4.80   11.26     72254.0
 2025 11 10 16 05 00 000   -0.01    -1.36    -0.30  -563.10     16.10     13.30   10.65     94446.0
 2025 11 10 16 06 00 000    0.65    -1.50    -0.21  -561.20     18.00     13.30   10.78     90605.0
 2025 11 10 16 07 00 000    1.56    -2.16    -1.66  -557.30     18.40      9.60   11.82     65020.0
 2025 11 10 16 08 00 000    1.27    -2.09    -0.51  -556.40     13.00     10.80   10.75     76811.0
 2025 11 10 16 09 00 000    1.72    -2.11    -1.84  -557.30     10.40     11.20   10.63     83243.0
 2025 11 10 16 10 00 000    1.02    -1.60    -2.09  -560.30     16.50     10.60   11.82     90269.0
 2025 11 10 16 11 00 000    1.14    -1.23    -2.14  -559.10     17.80     19.30   12.05     64100.0
 2025 11 10 16 12 00 000    1.52    -1.80    -2.10  -560.70     23.00     18.20   11.29     93489.0
 2025 11 10 16 13 00 000    1.29    -1.53    -1.80  -560.30     21.30     17.80   11.32     88370.0
 2025 11 10 16 14 00 000    1.33    -1.18    -2.26  -559.10     16.60     16.60   11.47     73800.0
 2025 11 10 16 15 00 000    1.35    -1.16    -1.96  -558.50     14.30     15.40   11.71     65652.0
 2025 11 10 16 16 00 000    1.49    -1.15    -2.34  -557.30     18.50     12.50   12.10     48422.0
 2025 11 10 16 17 00 000    1.75    -1.06    -1.96  -560.00     15.10     16.40   11.73     57140.0
 2025 11 10 16 18 00 000    2.32    -1.25    -1.13  -560.10     16.70     17.80   12.65     66043.0
 2025 11 10 16 19 00 000    2.07    -0.52    -0.66  -561.70     13.50      6.30   11.55     70186.0
 2025 11 10 16 20 00 000    1.36    -0.02    -0.69  -561.80     13.20      5.50   11.46     70474.0
 2025 11 10 16 21 00 000    2.00    -0.47    -0.76  -561.80     13.20      5.50   11.46     70474.0
 2025 11 10 16 22 00 000    1.85    -0.59    -0.91  -562.80     12.80     17.00   11.48     53474.0
 2025 11 10 16 23 00 000    1.96    -0.64    -0.89  -562.80     13.00     16.60   11.45     53665.0
 2025 11 10 16 24 00 000    1.80    -0.83    -0.86  -555.90     11.80     13.20   12.24     51710.0
 2025 11 10 16 25 00 000    1.97    -0.80    -0.16  -557.90     11.90      6.10   12.27     57875.0
 2025 11 10 16 26 00 000    1.89    -0.73    -0.59  -562.50     14.80      6.90   11.37     59146.0
 2025 11 10 16 27 00 000    2.04    -0.57    -0.69  -561.40     15.40      7.90   11.49     52205.0
 2025 11 10 16 28 00 000    0.63    -0.61    -1.83  -558.80     16.30      6.90   11.85     60174.0
 2025 11 10 16 31 00 000   -0.72     0.08    -1.00  -555.50     15.40      8.80   11.95     58568.0
 2025 11 10 16 32 00 000   -0.72     0.08    -1.00  -555.50     15.40      8.80   11.95     58568.0
 2025 11 10 16 35 00 000   -0.93     0.26    -0.87  -555.50     15.40      8.80   11.95     58568.0
 2025 11 10 16 38 00 000   -1.16    -0.10    -0.19  -555.50     15.40      8.80   11.95     58568.0
 2025 11 10 16 41 00 000   -0.81    -0.12     0.01  -555.50     15.40      8.80   11.95     58568.0
 2025 11 10 16 42 00 000   -0.83    -1.53    -1.21  -548.80     11.50      8.80   14.29     46354.0
 2025 11 10 16 43 00 000   -0.77    -1.44    -1.26  -548.80     11.50      8.90   14.29     46354.0
 2025 11 10 16 44 00 000   -0.70    -1.16    -1.21  -549.00     10.70     11.30   14.44     46354.0
 2025 11 10 16 45 00 000   -0.93    -1.78    -1.03  -549.00     10.70     11.30   14.44     46354.0
 2025 11 10 16 46 00 000   -0.86    -1.68    -1.31  -550.00      4.70      9.40   13.77     43876.0
 2025 11 10 16 47 00 000   -1.17    -0.50    -0.14  -550.00      4.70      9.40   13.77     43876.0
 2025 11 10 16 48 00 000   -0.71    -1.45    -1.53  -550.00      4.70      9.40   13.77     43876.0
 2025 11 10 16 49 00 000   -1.20    -1.07    -0.37  -550.00      4.70      9.40   13.77     43876.0
 2025 11 10 16 50 00 000   -0.71    -1.46    -1.55  -549.90     12.40      9.50   14.09     44007.0
 2025 11 10 16 51 00 000   -1.19    -0.29     0.58  -549.90     12.40      9.50   14.09     44007.0
 2025 11 10 16 52 00 000   -0.91    -1.20    -0.90  -549.90     12.40      9.50   14.09     44007.0
 2025 11 10 16 53 00 000   -0.46    -1.19    -2.10  -549.90     10.80     11.60   14.42     46254.0
 2025 11 10 16 54 00 000   -0.55    -0.84    -1.36  -549.90     10.80     11.60   14.42     46254.0
 2025 11 10 16 55 00 000   -0.61    -1.71    -1.49  -549.90     10.80     11.60   14.42     46254.0
 2025 11 10 16 56 00 000   -0.89    -1.20    -0.39  -549.90     10.80     11.60   14.42     46254.0
 2025 11 10 16 57 00 000   -0.77    -1.72    -1.24  -548.40     12.50      7.70   14.31     53474.0
 2025 11 10 16 58 00 000   -0.96    -1.34    -1.04  -548.70     12.50      8.50   14.41     50610.0
 2025 11 10 16 59 00 000   -0.84    -1.79    -1.01  -549.30     12.40     10.20   14.63     44497.0
 2025 11 10 17 00 00 000   -1.06    -1.74    -0.74  -549.30     10.60      6.50   13.73     43421.0
 2025 11 10 17 01 00 000   -0.84    -2.01    -1.16  -549.30     10.80      6.80   13.80     44047.0
 2025 11 10 17 02 00 000   -0.73    -1.65    -1.44  -549.60     11.80      8.30   14.19     47257.0
 2025 11 10 17 03 00 000   -1.26    -1.42    -0.59  -549.60     11.90      8.40   14.21     47432.0
 2025 11 10 17 04 00 000   -0.35    -0.88    -1.99  -549.60     11.90      8.40   14.21     47432.0
 2025 11 10 17 05 00 000   -0.47    -1.27    -2.69  -549.60     11.90      8.40   14.21     47432.0
 2025 11 10 17 06 00 000   -0.73    -1.88    -2.09  -549.70     11.30      8.40   13.58     47536.0
 2025 11 10 17 07 00 000   -0.37    -1.33    -3.01  -549.60     10.70      9.40   13.45     49557.0
 2025 11 10 17 08 00 000   -0.07    -0.65    -3.40  -549.70      9.20     11.60   12.76     53813.0
 2025 11 10 17 09 00 000   -0.21    -0.85    -3.33  -548.80     11.40     10.70   13.13     44185.0
 2025 11 10 17 10 00 000    0.53    -0.89    -2.94  -548.40     11.50     11.30   13.48     40897.0
 2025 11 10 17 11 00 000    0.39    -0.37    -3.16  -551.20      9.90     11.00   13.22     48571.0
 2025 11 10 17 12 00 000    0.94    -0.70    -2.72  -551.50      9.30     10.80   12.98     47402.0
 2025 11 10 17 13 00 000    1.08    -0.58    -2.79  -550.80     11.80     11.60   12.93     50098.0
 2025 11 10 17 14 00 000    0.58    -0.02    -2.70  -550.80     11.80     11.60   12.93     50111.0
 2025 11 10 17 15 00 000    0.52    -0.52    -2.80  -547.40     10.60     10.90   13.10     41295.0
 2025 11 10 17 16 00 000    1.21    -0.71    -2.62  -542.40     11.30      9.20   14.18     34554.0
 2025 11 10 17 17 00 000    0.74    -0.47    -2.39  -540.60     10.60      7.70   14.21     30880.0
 2025 11 10 17 18 00 000    0.69    -0.86    -1.93  -548.70     12.50      9.80   14.00     36855.0
 2025 11 10 17 19 00 000    0.41    -0.60    -1.57  -548.00      9.70      9.40   13.24     41239.0
 2025 11 10 17 20 00 000   -0.07    -0.99    -1.78  -547.80      9.30      9.40   13.15     41745.0
 2025 11 10 17 21 00 000   -0.27    -0.71    -1.92  -547.80      9.30      9.40   13.15     41745.0
 2025 11 10 17 22 00 000    0.34    -0.36    -1.86  -545.00     11.50      5.50   14.33     37027.0
 2025 11 10 17 23 00 000   -0.23    -0.33    -1.65  -545.90     10.90      9.40   14.14     38523.0
 2025 11 10 17 24 00 000    0.45    -0.24    -1.55  -546.90     10.70      9.50   14.03     40573.0
 2025 11 10 17 25 00 000    0.41    -0.21    -1.50  -547.70     11.10      5.70   14.21     42116.0
 2025 11 10 17 26 00 000    0.42    -0.08    -1.08  -548.50     11.00      7.90   14.57     42969.0
 2025 11 10 17 27 00 000    0.15    -0.46    -1.40  -548.50      6.90     10.00   13.50     52964.0
 2025 11 10 17 28 00 000    0.25    -0.32    -1.18  -548.40      8.90      6.90   13.86     44191.0
 2025 11 10 17 29 00 000    0.71    -0.30    -1.73  -548.70      8.80      7.80   13.56     42594.0
 2025 11 10 17 30 00 000    0.65    -0.32    -1.22  -547.40     10.10      7.30   14.43     40699.0
 2025 11 10 17 31 00 000    0.28    -0.21    -0.67  -546.80     10.80      7.20   14.90     40354.0
 2025 11 10 17 32 00 000    1.03    -0.27    -0.99  -546.80     10.70      7.10   14.90     40355.0
 2025 11 10 17 33 00 000    0.17    -0.80    -1.55  -541.40     12.30      5.40   13.68     40270.0
 2025 11 10 17 34 00 000   -0.07    -0.40    -1.50  -544.40     11.10      2.70   13.77     36957.0
 2025 11 10 17 35 00 000   -0.26    -0.76    -1.60  -546.60     11.20      8.40   14.54     38205.0
 2025 11 10 17 36 00 000    0.27    -0.95    -1.75  -547.50     11.10     -0.10   13.86     49141.0
 2025 11 10 17 37 00 000    0.98    -0.54    -0.46  -547.50     11.10     -0.10   13.86     49141.0
 2025 11 10 17 38 00 000    1.08    -0.96    -1.39  -541.90     10.60      5.40   14.52     36231.0
 2025 11 10 17 39 00 000    1.00    -0.39    -0.82  -544.80     11.60      2.10   14.00     35397.0
 2025 11 10 17 40 00 000    0.60    -0.78    -1.84  -547.80     12.40     -1.20   13.53     37210.0
 2025 11 10 17 41 00 000    0.65    -0.93    -1.69  -547.80     12.40     -1.20   13.53     37210.0
 2025 11 10 17 42 00 000    0.80    -0.97    -2.13  -542.80     12.60      4.80   11.38     27371.0
 2025 11 10 17 43 00 000    0.08    -0.91    -2.30  -542.80     12.60      4.80   11.38     27371.0
 2025 11 10 17 44 00 000    0.49    -1.12    -2.37  -542.90     12.40     10.20   13.92     38176.0
 2025 11 10 17 45 00 000    0.35    -0.92    -2.38  -542.90     12.40     10.20   13.92     38176.0
 2025 11 10 17 46 00 000   -0.35    -1.00    -2.39  -542.90     12.40     10.20   13.92     38176.0
 2025 11 10 17 47 00 000    1.49    -0.57    -2.71  -535.00     12.90      8.00   14.56     35343.0
 2025 11 10 17 48 00 000    0.05    -0.75    -2.66  -535.00     12.90      8.00   14.56     35343.0
 2025 11 10 17 49 00 000    0.68    -0.84    -2.67  -535.00     12.90      8.00   14.56     35343.0
 2025 11 10 17 50 00 000    0.74    -0.85    -2.61  -535.00     12.90      8.00   14.56     35343.0
 2025 11 10 17 51 00 000    0.90    -0.93    -2.64  -535.00     12.90      8.00   14.56     35343.0
 2025 11 10 17 52 00 000    0.96    -1.25    -2.41  -542.70     11.70      6.20   13.95     33468.0
 2025 11 10 17 53 00 000    0.29    -1.18    -2.43  -541.40     11.70      6.00   14.13     32583.0
 2025 11 10 17 54 00 000    1.84    -0.66    -2.68  -540.50     10.60      6.30   14.29     31144.0
 2025 11 10 17 55 00 000    2.31    -0.56    -2.60  -540.70      9.20      7.00   14.29     30113.0
 2025 11 10 17 56 00 000    2.27    -0.43    -2.66  -540.70      9.20      7.00   14.29     30113.0
 2025 11 10 17 57 00 000    2.14    -0.62    -2.23  -540.70      9.20      7.00   14.29     30113.0
 2025 11 10 17 58 00 000    2.19    -0.69    -2.01  -540.70      9.20      7.00   14.29     30113.0
 2025 11 10 17 59 00 000    2.29    -0.52    -2.14  -540.80     10.10      5.10   14.36     31093.0
 2025 11 10 18 00 00 000    2.26    -0.69    -2.30  -540.80     10.10      5.10   14.36     31093.0
 2025 11 10 18 01 00 000    2.27    -0.33    -2.18  -540.90      9.60      3.00   14.05     45820.0
 2025 11 10 18 02 00 000    2.47    -0.29    -2.26  -540.90      9.60      3.00   14.05     45787.0
 2025 11 10 18 03 00 000    2.28    -0.00    -2.18  -541.90      9.40      4.70   14.11     30819.0
 2025 11 10 18 04 00 000    2.23    -0.04    -2.26  -541.70      9.20      5.70   13.85     30713.0
 2025 11 10 18 05 00 000    2.36    -0.01    -2.22  -541.40      8.00      8.20   13.22     30658.0
 2025 11 10 18 06 00 000    2.38    -0.09    -2.12  -541.00      7.90      6.80   13.78     31274.0
 2025 11 10 18 07 00 000    2.34    -0.14    -2.06  -540.20      8.30      5.70   14.44     32032.0
 2025 11 10 18 08 00 000    2.33    -0.30    -2.05  -540.10      8.50      5.60   14.49     32277.0
 2025 11 10 18 09 00 000    2.31    -0.09    -1.92  -540.10      9.40      5.90   14.25     32648.0
 2025 11 10 18 10 00 000    2.41    -0.34    -1.87  -540.60      9.40      6.10   14.45     32821.0
 2025 11 10 18 11 00 000    2.69    -0.44    -2.29  -541.20      9.40      7.20   13.64     30258.0
 2025 11 10 18 12 00 000    2.14    -0.44    -2.36  -541.40      9.40      7.50   13.39     29469.0
 2025 11 10 18 16 00 000    2.28    -0.34    -2.17  -537.30     11.20      6.20   13.23     45751.0
 2025 11 10 18 17 00 000    3.34     0.38    -0.82  -537.00      8.60      6.20   12.86     43325.0
 2025 11 10 18 18 00 000    1.99    -1.89    -1.63  -535.80      8.40      5.20   12.94     36575.0
 2025 11 10 18 19 00 000    2.69    -0.36    -1.06  -533.30     10.30      4.90   13.53     33626.0
 2025 11 10 18 20 00 000    2.75    -0.27    -1.05  -535.80      5.90      2.70   12.88     34964.0
 2025 11 10 18 21 00 000    2.30    -0.94    -1.49  -534.80      9.60      6.80   12.80     36381.0
 2025 11 10 18 22 00 000    2.21    -0.64    -1.50  -534.80     10.40      5.80   12.63     33498.0
 2025 11 10 18 23 00 000    2.59    -0.98    -1.91  -535.00     10.80      5.70   13.49     34747.0
 2025 11 10 18 24 00 000    0.65    -3.62    -2.69  -536.70     10.00      5.70   14.01     34617.0
 2025 11 10 18 25 00 000    1.05    -3.41    -2.96  -545.50      2.10      4.40   11.99     29122.0
 2025 11 10 18 26 00 000    1.62    -3.07    -3.00  -545.50      2.10      4.40   11.99     29122.0
 2025 11 10 18 27 00 000    1.89    -3.17    -2.64  -542.20      3.60      3.30   11.55     29172.0
 2025 11 10 18 28 00 000    1.99    -3.18    -2.51  -540.10      4.50      3.70   12.04     29480.0
 2025 11 10 18 29 00 000    2.49    -2.79    -2.50  -536.60      6.10      0.80   11.98     31495.0
 2025 11 10 18 30 00 000    3.11    -2.08    -2.62  -532.60      7.50      4.40   11.23     35666.0
 2025 11 10 18 31 00 000    3.18    -2.19    -2.44  -533.20      7.00      0.90   11.78     31672.0
 2025 11 10 18 32 00 000    3.03    -2.44    -2.35  -533.20      7.00      0.80   11.79     31588.0
 2025 11 10 18 33 00 000    2.98    -2.48    -2.41  -533.20      7.00      0.80   11.79     31588.0
 2025 11 10 18 34 00 000    3.03    -2.49    -2.39  -533.20      7.00      0.80   11.79     31588.0
 2025 11 10 18 35 00 000    3.04    -2.50    -2.29  -533.20      7.00      0.80   11.79     31588.0
 2025 11 10 18 36 00 000    3.03    -2.49    -2.39  -533.20      7.00      0.80   11.79     31588.0
 2025 11 10 18 37 00 000    3.07    -2.61    -2.22  -533.20      7.00      0.80   11.79     31588.0
 2025 11 10 18 39 00 000    3.13    -2.65    -2.12  -533.20      7.00      0.80   11.79     31588.0
 2025 11 10 18 40 00 000    2.85    -2.81    -2.43  -533.20      7.00      0.80   11.79     31588.0
 2025 11 10 18 42 00 000    2.90    -2.79    -2.43  -533.20      7.00      0.80   11.79     31588.0
 2025 11 10 18 43 00 000    3.08    -2.76    -2.25  -533.20      7.00      0.80   11.79     31588.0
 2025 11 10 18 45 00 000    3.32    -2.54    -2.17  -533.20      7.00      0.80   11.79     31588.0
 2025 11 10 18 46 00 000    3.26    -2.59    -2.31  -531.70      6.00      1.60   10.88     31120.0
 2025 11 10 18 47 00 000    3.26    -2.59    -2.31  -531.70      6.00      1.60   10.88     31120.0
 2025 11 10 18 48 00 000    3.35    -2.46    -2.27  -531.70      6.00      1.60   10.88     31120.0
 2025 11 10 18 49 00 000    3.47    -2.23    -2.38  -531.70      6.00      1.60   10.88     31120.0
 2025 11 10 18 50 00 000    3.37    -2.42    -2.35  -530.80      9.00      4.30   10.73     31258.0
 2025 11 10 18 51 00 000    3.39    -2.36    -2.31  -530.80      9.00      4.30   10.73     31258.0
 2025 11 10 18 52 00 000    3.45    -2.21    -2.68  -530.80      9.00      4.30   10.73     31258.0
 2025 11 10 18 53 00 000    3.66    -2.01    -2.58  -529.70      7.20      0.70   11.08     32451.0
 2025 11 10 18 54 00 000    4.84    -1.00    -2.28  -529.70      7.20      0.70   11.08     32451.0
 2025 11 10 18 55 00 000    4.20    -1.73    -2.40  -529.70      7.20      0.70   11.08     32451.0
 2025 11 10 18 56 00 000    4.88    -1.01    -2.44  -529.70      7.20      0.70   11.08     32451.0
 2025 11 10 18 57 00 000    3.67    -2.51    -2.43  -529.70      7.20      0.70   11.08     32451.0
 2025 11 10 18 58 00 000    4.80    -0.90    -2.57  -530.50     11.60      3.50    9.56     30384.0
 2025 11 10 18 59 00 000    4.83    -0.73    -2.72  -530.50     11.60      3.50    9.56     30384.0
 2025 11 10 19 05 00 000    4.90    -1.26    -2.41  -527.30     15.60      5.30    9.51     29709.0
 2025 11 10 19 06 00 000    5.14    -1.20    -2.56  -527.00      8.20      6.00    8.55     38904.0
 2025 11 10 19 07 00 000    5.13    -1.14    -2.52  -525.70      9.00      5.00    8.07     36889.0
 2025 11 10 19 08 00 000    5.23    -1.03    -2.65  -526.70     18.40      7.20    8.33     32341.0
 2025 11 10 19 10 00 000    5.26    -0.80    -2.62  -526.70     18.40      7.20    8.33     32341.0
 2025 11 10 19 12 00 000    5.39    -0.11    -2.27  -521.90      6.80      0.60    7.60     37240.0
 2025 11 10 19 13 00 000    5.73     0.45    -2.38  -521.80      8.10      1.80    7.45     38746.0
 2025 11 10 19 14 00 000    5.80     0.07    -2.69  -521.50     10.70      4.00    7.17     41659.0
 2025 11 10 19 15 00 000    6.02    -0.28    -2.61  -522.20      7.30     -0.10    6.67     41585.0
 2025 11 10 19 16 00 000    6.01    -0.30    -2.65  -522.70      6.40      5.30    6.49     41122.0
 2025 11 10 19 17 00 000    5.87    -0.51    -2.60  -522.20      9.30      3.50    6.43     43151.0
 2025 11 10 19 18 00 000    5.89    -0.56    -2.58  -523.60     10.00      4.50    6.42     46379.0
 2025 11 10 19 19 00 000    5.72    -0.77    -2.76  -523.80      6.80      4.00    7.32     61720.0
 2025 11 10 19 20 00 000    5.67     0.04    -2.93  -522.60      8.20      2.80    7.13     53261.0
 2025 11 10 19 21 00 000    5.66    -0.33    -2.87  -520.70     10.40      1.00    6.84     39897.0
 2025 11 10 19 22 00 000    5.70    -0.60    -2.75  -519.10      8.50      0.20    7.04     39191.0
 2025 11 10 19 23 00 000    5.68    -1.30    -3.08  -519.10      8.50      0.20    7.04     39186.0
 2025 11 10 19 24 00 000    5.99    -0.91    -2.91  -520.20      8.40      0.20    5.91     37903.0
 2025 11 10 19 25 00 000    6.04    -0.86    -2.92  -520.20      8.40      0.20    5.91     37903.0
 2025 11 10 19 26 00 000    6.05    -0.75    -2.94  -517.70      8.90     -0.30    5.89     35990.0
 2025 11 10 19 27 00 000    6.16    -0.70    -2.73  -517.70      8.90     -0.30    5.89     35990.0
 2025 11 10 19 28 00 000    6.27    -0.70    -2.46  -516.50      9.70      0.20    5.65     34500.0
 2025 11 10 19 29 00 000    6.30    -0.71    -2.37  -516.50      9.70      0.20    5.65     34500.0
 2025 11 10 19 30 00 000    6.30    -0.85    -2.30  -516.50      9.70      0.20    5.65     34500.0
 2025 11 10 19 31 00 000    6.30    -0.65    -2.29  -516.60      8.90      1.00    6.20     28279.0
 2025 11 10 19 32 00 000    6.35    -0.32    -2.14  -516.60      8.90      1.00    6.20     28279.0
 2025 11 10 19 33 00 000    6.35    -0.14    -2.27  -516.60      9.40      1.70    6.26     28695.0
 2025 11 10 19 34 00 000    6.37    -0.22    -2.63  -516.60     10.00      2.50    6.32     29202.0
 2025 11 10 19 35 00 000    6.40    -0.07    -2.60  -516.60     10.00      2.50    6.32     29202.0
 2025 11 10 19 36 00 000    6.32    -0.21    -2.83  -516.20     10.00     -0.90    5.32     36642.0
 2025 11 10 19 37 00 000    6.07    -0.43    -3.30  -516.20     10.00     -0.90    5.32     36642.0
 2025 11 10 19 38 00 000    6.13     0.33    -2.56  -516.20     10.00     -0.90    5.32     36642.0
 2025 11 10 19 39 00 000    6.10     0.51    -2.53  -517.60     16.00      2.10    6.79     23100.0
 2025 11 10 19 40 00 000    6.14     0.45    -2.53  -517.60     16.00      2.10    6.79     23100.0
 2025 11 10 19 41 00 000    6.17     0.48    -2.45  -516.20     15.80      7.30    6.44     25277.0
 2025 11 10 19 42 00 000    6.17     0.72    -2.22  -516.20     15.80      7.30    6.44     25277.0
 2025 11 10 19 43 00 000    6.22     0.82    -2.02  -518.20     16.70      5.60    6.68     30988.0
 2025 11 10 19 44 00 000    6.18     0.82    -2.16  -518.30     16.60      5.70    6.69     31159.0
 2025 11 10 19 45 00 000    6.08     0.85    -2.39  -516.10     16.90      6.60    6.34     28541.0
 2025 11 10 19 46 00 000    6.14     0.90    -2.24  -516.60     17.00      6.40    6.51     27258.0
 2025 11 10 19 47 00 000    6.09     0.88    -2.32  -517.20     17.20      6.20    6.71     25735.0
 2025 11 10 19 48 00 000    6.07     0.84    -2.39  -517.40     16.50      4.60    7.33     23959.0
 2025 11 10 19 49 00 000    6.05     0.89    -2.47  -517.40     16.50      4.60    7.33     23959.0
 2025 11 10 19 50 00 000    6.03     0.82    -2.53  -517.40     16.50      4.60    7.33     23959.0
 2025 11 10 19 51 00 000    5.91     0.71    -2.87  -515.60     17.90      8.50    5.77     27422.0
 2025 11 10 19 52 00 000    6.03     0.87    -2.47  -515.60     17.90      8.50    5.77     27422.0
 2025 11 10 19 53 00 000    6.03     1.15    -2.43  -515.60     17.90      8.50    5.77     27422.0
 2025 11 10 19 54 00 000    6.11     1.12    -2.34  -515.60     17.90      8.50    5.77     27422.0
 2025 11 10 19 55 00 000    6.06     1.12    -2.49  -515.60     17.90      8.50    5.77     27422.0
 2025 11 10 19 56 00 000    6.11     1.09    -2.34  -515.60     17.10      9.70    6.24     25799.0
 2025 11 10 19 57 00 000    6.09     0.99    -2.40  -515.60     17.10      9.70    6.24     25799.0
 2025 11 10 19 58 00 000    6.23     0.92    -2.51  -515.60     17.10      9.70    6.24     25799.0
 2025 11 10 19 59 00 000    6.46     0.94    -2.57  -515.60     17.10      9.70    6.24     25799.0
 2025 11 10 20 00 00 000    6.39     0.88    -2.60  -515.60     17.10      9.70    6.24     25799.0
 2025 11 10 20 01 00 000    6.23     0.85    -2.48  -515.60     17.10      9.70    6.24     25799.0
 2025 11 10 20 02 00 000    6.19     0.52    -2.52  -516.50     10.50      5.40    6.13     37060.0
 2025 11 10 20 03 00 000    6.26     0.42    -2.71  -516.50     10.50      5.40    6.13     37060.0
 2025 11 10 20 04 00 000    6.18     0.34    -2.59  -516.50     10.50      5.40    6.13     37060.0
 2025 11 10 20 05 00 000    6.31     0.11    -2.18  -516.50     10.50      5.40    6.13     37060.0
 2025 11 10 20 06 00 000    6.26     0.17    -2.40  -516.30      8.60      4.40    6.25     26099.0
 2025 11 10 20 07 00 000    6.21     0.21    -2.76  -516.30      8.60      4.40    6.25     26099.0
 2025 11 10 20 08 00 000    6.21     0.45    -2.69  -516.30      8.60      4.40    6.25     26099.0
 2025 11 10 20 09 00 000    6.21     0.68    -2.54  -516.30      8.60      4.40    6.25     26099.0
 2025 11 10 20 10 00 000    6.23     0.83    -2.60  -516.30      8.60      4.40    6.25     26099.0
 2025 11 10 20 11 00 000    6.28     1.06    -2.54  -516.30      8.60      4.40    6.25     26099.0
 2025 11 10 20 12 00 000    6.40     0.57    -2.58  -518.00      7.70      5.90    5.40     27191.0
 2025 11 10 20 13 00 000    6.45     0.74    -2.65  -518.00      7.70      5.90    5.40     27191.0
 2025 11 10 20 14 00 000    6.48     0.67    -2.60  -518.00      7.70      5.90    5.40     27191.0
 2025 11 10 20 15 00 000    6.48     0.64    -2.61  -518.00      7.70      5.90    5.40     27191.0
 2025 11 10 20 16 00 000    6.37     0.50    -2.85  -518.00      7.70      5.90    5.40     27191.0
 2025 11 10 20 17 00 000    6.33     0.70    -2.62  -514.80      4.70      6.10    4.84     33753.0
 2025 11 10 20 18 00 000    6.15     0.91    -2.50  -515.00      5.70      5.50    5.30     32474.0
 2025 11 10 20 19 00 000    6.08     1.03    -2.50  -515.50      8.30      3.90    6.41     29335.0
 2025 11 10 20 20 00 000    6.13     0.81    -2.36  -515.50      8.30      3.90    6.41     29335.0
 2025 11 10 20 21 00 000    6.12     0.81    -2.33  -515.40      8.60      3.00    6.48     28620.0
 2025 11 10 20 22 00 000    6.07     0.92    -2.46  -515.40      8.60      3.00    6.48     28620.0
 2025 11 10 20 23 00 000    6.06     0.97    -2.54  -515.70      9.30      2.60    6.62     30450.0
 2025 11 10 20 24 00 000    6.16     0.59    -2.59  -514.00      5.90      1.80    6.49     28187.0
 2025 11 10 20 25 00 000    6.24     0.16    -2.65  -513.70      6.40      0.50    6.26     28635.0
 2025 11 10 20 26 00 000    6.22     0.04    -2.55  -515.40      6.70      3.50    6.40     38266.0
 2025 11 10 23 21 00 000    6.35    -1.73    -3.86  -516.70      6.60      6.20    6.58     46354.0
 2025 11 10 23 23 00 000    6.59    -1.34    -3.53  -516.70      6.60      6.20    6.58     46354.0
 2025 11 10 23 24 00 000    6.63    -1.31    -3.56  -516.70      6.60      6.20    6.58     46354.0
 2025 11 10 23 25 00 000    6.70    -0.99    -3.53  -467.80      9.60     13.40    3.57     15488.0
 2025 11 10 23 26 00 000    6.65    -1.22    -3.51  -467.80      9.60     13.40    3.57     15488.0
 2025 11 10 23 27 00 000    6.56    -1.35    -3.59  -467.80      9.60     13.40    3.57     15488.0
 2025 11 10 23 28 00 000    6.56    -1.35    -3.59  -467.80      9.60     13.40    3.57     15488.0
 2025 11 10 23 30 00 000    6.50    -1.42    -3.63  -467.80      9.60     13.40    3.57     15488.0
 2025 11 10 23 33 00 000    6.43    -1.59    -3.79  -467.80      9.60     13.40    3.57     15488.0
 2025 11 10 23 34 00 000    6.31    -1.84    -3.89  -467.80      9.60     13.40    3.57     15488.0
 2025 11 10 23 35 00 000    6.27    -1.83    -3.94  -464.80     16.70      9.10    3.79     14144.0
 2025 11 10 23 36 00 000    6.27    -1.82    -3.91  -464.80     16.70      9.10    3.79     14144.0
 2025 11 10 23 37 00 000    6.33    -1.77    -3.86  -464.80     16.70      9.10    3.79     14144.0
 2025 11 10 23 38 00 000    6.22    -1.91    -3.96  -464.80     16.70      9.10    3.79     14144.0
 2025 11 10 23 39 00 000    6.36    -1.77    -3.83  -464.80     16.70      9.10    3.79     14144.0
 2025 11 10 23 40 00 000    6.34    -1.76    -3.84  -468.00      8.90     11.00    3.58     14330.0
 2025 11 10 23 41 00 000    6.37    -1.70    -3.77  -468.00      8.90     11.00    3.58     14330.0
 2025 11 10 23 42 00 000    6.49    -1.32    -3.70  -468.00      8.90     11.00    3.58     14330.0
 2025 11 10 23 43 00 000    6.49    -1.43    -3.61  -468.00      8.90     11.00    3.58     14330.0
 2025 11 10 23 44 00 000    6.46    -1.37    -3.62  -468.00      8.90     11.00    3.58     14330.0
 2025 11 10 23 46 00 000    6.46    -1.43    -3.61  -468.00      8.90     11.00    3.58     14330.0
 2025 11 10 23 47 00 000    6.41    -1.42    -3.68  -468.00      8.90     11.00    3.58     14330.0
 2025 11 10 23 48 00 000    6.45    -1.55    -3.57  -468.00      8.90     11.00    3.58     14330.0
 2025 11 10 23 49 00 000    6.42    -1.53    -3.62  -465.80      9.50     10.60    3.57     13234.0
 2025 11 10 23 50 00 000    6.45    -1.46    -3.57  -465.80      9.50     10.60    3.57     13234.0
 2025 11 10 23 51 00 000    6.49    -1.36    -3.58  -465.80      9.50     10.60    3.57     13234.0
 2025 11 10 23 53 00 000    6.52    -1.27    -3.56  -465.80      9.50     10.60    3.57     13234.0
 2025 11 10 23 55 00 000    6.53    -1.31    -3.51  -462.90      9.70     19.30    3.76     13396.0
 2025 11 10 23 56 00 000    6.51    -1.28    -3.51  -462.90      9.70     19.30    3.76     13396.0
 2025 11 10 23 57 00 000    6.49    -1.17    -3.60  -466.00      9.50     11.00    3.81     12768.0
 2025 11 10 23 58 00 000    6.59    -0.83    -3.49  -466.20      9.50     10.60    3.81     12738.0
 2025 11 10 23 59 00 000    6.59    -0.88    -3.47  -466.20      9.50     10.60    3.81     12738.0
 2025 11 11 00 00 00 000    6.63    -0.75    -3.70  -474.50      9.40     22.60    2.82     18212.0
 2025 11 11 00 01 00 000    6.63    -0.59    -3.53  -468.30     14.70     18.80    3.19     15527.0
 2025 11 11 00 02 00 000    6.80    -0.37    -3.23  -464.30     15.30     11.10    3.47     13207.0
 2025 11 11 00 03 00 000    6.71    -0.53    -3.38  -466.10     11.40      9.70    3.35     14359.0
 2025 11 11 00 04 00 000    6.73    -0.59    -3.42  -466.40     15.60     13.80    3.25     15956.0
 2025 11 11 00 05 00 000    6.61    -0.62    -3.54  -472.10     15.30      8.50    3.12     17568.0
 2025 11 11 00 06 00 000    6.71    -0.31    -3.37  -464.60     21.20      1.60    3.87     11488.0
 2025 11 11 00 07 00 000    6.76    -0.42    -3.32  -464.60     21.20      1.60    3.87     11488.0
 2025 11 11 00 08 00 000    6.74    -0.61    -3.40  -460.70     22.50     12.00    3.50     11533.0
 2025 11 11 00 09 00 000    6.77    -0.68    -3.41  -463.10     19.20     10.70    3.36     12086.0
 2025 11 11 00 10 00 000    6.70    -0.97    -3.45  -465.30     16.10      9.50    3.24     12598.0
 2025 11 11 00 11 00 000    6.67    -0.48    -3.43  -465.30     16.10      9.50    3.24     12598.0
 2025 11 11 00 12 00 000    6.63    -0.72    -3.50  -465.30     16.10      9.50    3.24     12598.0
 2025 11 11 00 13 00 000    6.67    -0.73    -3.51  -465.30     16.10      9.50    3.24     12598.0
 2025 11 11 00 14 00 000    6.70    -0.58    -3.36  -468.10     10.00      8.70    3.47     12406.0
 2025 11 11 00 15 00 000    6.62    -0.56    -3.46  -467.80     10.10      9.20    3.47     12406.0
 2025 11 11 00 16 00 000    6.64    -0.51    -3.43  -463.50     12.50     11.10    3.58     14589.0
 2025 11 11 00 17 00 000    6.67    -0.40    -3.40  -463.40     13.10      8.90    3.66     15989.0
 2025 11 11 00 18 00 000    6.68    -0.50    -3.41  -463.40     13.10      8.90    3.66     15989.0
 2025 11 11 00 19 00 000    6.64    -0.63    -3.43  -464.30     22.30     -0.20    3.69     14015.0
 2025 11 11 00 20 00 000    6.59    -0.99    -3.48  -464.30     22.30     -0.20    3.69     14015.0
 2025 11 11 00 21 00 000    6.66    -0.59    -3.45  -464.00      9.10     13.50    3.49     13776.0
 2025 11 11 00 22 00 000    6.59    -0.89    -3.61  -465.00     10.90     12.80    3.43     13848.0
 2025 11 11 00 23 00 000    6.60    -0.84    -3.53  -466.00     12.80     12.10    3.37     13923.0
 2025 11 11 00 24 00 000    6.66    -0.70    -3.47  -466.00     12.80     12.10    3.37     13923.0
 2025 11 11 00 25 00 000    6.57    -1.02    -3.52  -464.10     18.00      2.40    3.74     11875.0
 2025 11 11 00 26 00 000    6.58    -0.93    -3.49  -464.10     18.00      2.40    3.74     11875.0
 2025 11 11 00 27 00 000    6.60    -0.88    -3.44  -464.10     18.00      2.40    3.74     11875.0
 2025 11 11 00 28 00 000    6.55    -0.91    -3.51  -464.10     18.00      2.40    3.74     11875.0
 2025 11 11 00 29 00 000    6.56    -0.89    -3.53  -464.10     18.00      2.40    3.74     11875.0
 2025 11 11 00 30 00 000    6.57    -0.86    -3.49  -464.10     18.00      2.40    3.74     11875.0
 2025 11 11 00 31 00 000    6.58    -0.88    -3.47  -464.90     11.80      9.80    3.75     18380.0
 2025 11 11 00 32 00 000    6.51    -1.38    -3.49  -464.90     11.80      9.80    3.75     18380.0
 2025 11 11 00 33 00 000    6.50    -1.25    -3.51  -464.70     12.80      9.20    3.79     16660.0
 2025 11 11 00 34 00 000    6.52    -1.15    -3.47  -463.60     13.20     11.50    3.75     11489.0
 2025 11 11 00 35 00 000    6.53    -1.21    -3.48  -463.70     15.40      9.20    3.72     12000.0
 2025 11 11 00 36 00 000    6.56    -1.01    -3.46  -463.90     18.70      5.80    3.66     12382.0
 2025 11 11 00 37 00 000    6.57    -0.87    -3.46  -463.50     15.00      9.00    3.57     12165.0
 2025 11 11 00 38 00 000    6.61    -0.68    -3.43  -462.20     13.80     13.70    3.71     11875.0
 2025 11 11 00 39 00 000    6.57    -0.61    -3.55  -462.50     12.90     14.60    3.54     11502.0
 2025 11 11 00 40 00 000    6.50    -0.73    -3.64  -463.50      8.40     13.60    3.49     11136.0
 2025 11 11 00 41 00 000    6.50    -0.76    -3.61  -464.00     14.80      5.00    3.60     12047.0
 2025 11 11 00 42 00 000    6.56    -0.64    -3.56  -464.00     19.90      0.40    3.58     12771.0
 2025 11 11 00 43 00 000    6.54    -0.63    -3.54  -463.70      7.70     12.60    3.61     11529.0
 2025 11 11 00 44 00 000    6.53    -0.61    -3.53  -464.20      6.40     14.90    3.51     11508.0
 2025 11 11 00 45 00 000    6.42    -0.80    -3.67  -464.20      6.40     14.90    3.51     11508.0
 2025 11 11 00 46 00 000    6.48    -0.84    -3.58  -464.20      6.40     14.90    3.51     11508.0
 2025 11 11 00 47 00 000    6.46    -0.85    -3.61  -464.90      7.80      7.60    3.72     16974.0
 2025 11 11 00 48 00 000    6.51    -0.71    -3.53  -464.90      7.80      7.80    3.71     16799.0
 2025 11 11 00 49 00 000    6.50    -0.68    -3.49  -463.80      8.10     12.40    3.55     11765.0
 2025 11 11 00 50 00 000    6.48    -0.68    -3.56  -463.70      8.20     13.90    3.53     10780.0
 2025 11 11 00 51 00 000    6.46    -0.73    -3.60  -463.50      8.90     16.00    3.40     11596.0
 2025 11 11 00 52 00 000    6.40    -0.74    -3.69  -464.40      7.30     12.80    3.65     11478.0
 2025 11 11 00 53 00 000    6.45    -0.64    -3.59  -464.30      6.80     11.70    3.66     11445.0
 2025 11 11 00 54 00 000    6.37    -0.63    -3.71  -463.70      7.20     12.00    3.60     11665.0
 2025 11 11 00 55 00 000    6.42    -0.56    -3.60  -463.90      7.30     10.90    3.75     11694.0
 2025 11 11 00 56 00 000    6.48    -0.56    -3.44  -463.90      8.10     10.70    3.86     11486.0
 2025 11 11 00 57 00 000    6.52    -0.54    -3.45  -462.60      6.70     10.60    3.81     12129.0
 2025 11 11 00 58 00 000    6.49    -0.56    -3.52  -462.60      6.70     10.60    3.81     12131.0
 2025 11 11 00 59 00 000    6.43    -0.52    -3.57  -463.30      6.90     11.10    3.72     12079.0
 2025 11 11 01 00 00 000    6.37    -0.54    -3.71  -463.30      6.90     11.10    3.72     12079.0
 2025 11 11 01 01 00 000    6.32    -0.65    -3.76  -463.90      7.50     10.30    3.83     11321.0
 2025 11 11 01 02 00 000    6.37    -0.72    -3.66  -463.50      7.00     11.20    3.69     11743.0
 2025 11 11 01 03 00 000    6.40    -0.82    -3.51  -463.50      5.40     11.20    3.56     12007.0
 2025 11 11 01 04 00 000    6.37    -0.79    -3.52  -463.50      5.10     10.90    3.74     11601.0
 2025 11 11 01 05 00 000    6.35    -0.70    -3.56  -463.50      5.10     10.80    3.84     11372.0
 2025 11 11 01 06 00 000    6.48    -0.40    -3.36  -463.20      6.50     12.90    3.59     11639.0
 2025 11 11 01 07 00 000    6.56    -0.16    -3.22  -463.20      6.50     12.90    3.59     11639.0
 2025 11 11 01 08 00 000    6.26    -0.84    -3.72  -465.00      2.30      5.80    4.12     11589.0
 2025 11 11 01 09 00 000    6.36    -0.45    -3.66  -464.70      3.00      6.10    4.09     11672.0
 2025 11 11 01 10 00 000    6.20    -0.50    -3.91  -463.20      6.70      7.30    3.88     12078.0
 2025 11 11 01 11 00 000    6.13    -0.79    -3.92  -463.20      6.70      7.30    3.88     12079.0
 2025 11 11 01 12 00 000    6.48    -0.50    -3.21  -463.20      6.70      7.30    3.88     12079.0
 2025 11 11 01 13 00 000    6.48    -0.51    -3.13  -463.80      6.20     13.30    4.12     12985.0
 2025 11 11 01 14 00 000    6.69    -0.24    -2.56  -463.80      6.20     13.30    4.12     12985.0
 2025 11 11 01 15 00 000    6.72    -0.36    -2.46  -463.80      6.20     13.30    4.12     12985.0
 2025 11 11 01 16 00 000    7.00    -0.48    -1.62  -463.80      6.20     13.30    4.12     12985.0
 2025 11 11 01 17 00 000    6.88    -0.37    -2.19  -458.80      8.10      6.10    4.08     14460.0
 2025 11 11 01 18 00 000    6.81    -0.71    -2.26  -458.80      8.10      6.40    4.09     14316.0
 2025 11 11 01 19 00 000    6.64    -0.37    -2.66  -458.70      8.50      9.10    4.24     12794.0
 2025 11 11 01 20 00 000    6.31    -0.62    -3.43  -460.00      9.80      5.50    4.47     14687.0
 2025 11 11 01 21 00 000    6.38    -0.48    -3.19  -466.60      6.10      1.10    3.84     13946.0
 2025 11 11 01 22 00 000    6.28    -0.64    -3.49  -466.80      5.00      3.80    3.73     12690.0
 2025 11 11 01 23 00 000    6.37    -0.54    -3.44  -463.30      5.90      9.70    3.77     11892.0
 2025 11 11 01 24 00 000    6.42    -0.64    -3.43  -462.10      7.20     10.80    3.46     12932.0
 2025 11 11 01 25 00 000    6.28    -0.59    -3.67  -462.10      7.20     10.80    3.46     12932.0
 2025 11 11 01 28 00 000    6.32    -0.63    -3.55  -462.10      7.20     10.80    3.46     12932.0
 2025 11 11 01 29 00 000    6.28    -0.61    -3.65  -462.10      7.20     10.80    3.46     12932.0
 2025 11 11 01 30 00 000    6.23    -0.56    -3.73  -462.10      7.20     10.80    3.46     12932.0
 2025 11 11 01 31 00 000    6.18    -0.72    -3.78  -462.10      7.20     10.80    3.46     12932.0
 2025 11 11 01 32 00 000    6.31    -0.67    -3.58  -458.10      8.10      4.50    3.53     13432.0
 2025 11 11 01 35 00 000    6.33    -0.76    -3.45  -458.10      8.10      4.50    3.53     13432.0
 2025 11 11 01 37 00 000    6.34    -0.78    -3.50  -458.10      8.10      4.50    3.53     13432.0
 2025 11 11 01 39 00 000    6.30    -0.79    -3.55  -458.10      8.10      4.50    3.53     13432.0
 2025 11 11 01 42 00 000    6.28    -0.86    -3.67  -458.10      8.10      4.50    3.53     13432.0
 2025 11 11 01 44 00 000    6.38    -0.80    -3.45  -458.10      8.10      4.50    3.53     13432.0
 2025 11 11 01 46 00 000    6.38    -0.88    -3.37  -456.80      7.90     -0.40    3.64     12441.0
 2025 11 11 01 48 00 000    6.30    -0.96    -3.54  -456.80      7.90     -0.40    3.64     12441.0
 2025 11 11 01 49 00 000    6.30    -0.96    -3.54  -456.80      7.90     -0.40    3.64     12441.0
 2025 11 11 01 50 00 000    6.21    -0.95    -3.71  -456.80      7.90     -0.40    3.64     12441.0
 2025 11 11 01 51 00 000    6.21    -0.95    -3.70  -456.80      7.90     -0.40    3.64     12441.0
 2025 11 11 01 53 00 000    6.22    -0.97    -3.70  -456.80      7.90     -0.40    3.64     12441.0
 2025 11 11 01 55 00 000    6.18    -0.91    -3.76  -456.80      7.90     -0.40    3.64     12441.0
 2025 11 11 01 57 00 000    6.19    -0.96    -3.77  -456.80      7.90     -0.40    3.64     12441.0
 2025 11 11 01 59 00 000    6.18    -1.06    -3.75  -456.80      7.90     -0.40    3.64     12441.0
 2025 11 11 02 01 00 000    6.14    -1.16    -3.76  -457.50      6.60     -1.40    3.54     13038.0
 2025 11 11 02 03 00 000    6.13    -1.19    -3.74  -457.50      6.60     -1.40    3.54     13038.0
 2025 11 11 02 05 00 000    6.13    -1.29    -3.74  -457.50      6.60     -1.40    3.54     13038.0
 2025 11 11 02 07 00 000    6.15    -1.11    -3.72  -457.50      6.60     -1.40    3.54     13038.0
 2025 11 11 02 09 00 000    6.15    -0.87    -3.74  -457.50      6.60     -1.40    3.54     13038.0
 2025 11 11 02 11 00 000    6.23    -0.91    -3.65  -457.50      6.60     -1.40    3.54     13038.0
 2025 11 11 02 13 00 000    6.27    -0.92    -3.60  -457.50      6.60     -1.40    3.54     13038.0
 2025 11 11 02 15 00 000    6.33    -0.84    -3.50  -456.90      7.00     -0.50    3.54     12563.0
 2025 11 11 02 17 00 000    6.30    -0.84    -3.57  -456.90      7.00     -0.50    3.54     12563.0
 2025 11 11 02 18 00 000    6.34    -0.75    -3.44  -456.90      7.00     -0.50    3.54     12563.0
 2025 11 11 02 19 00 000    6.34    -0.75    -3.44  -456.90      7.00     -0.50    3.54     12563.0
 2025 11 11 02 20 00 000    6.33    -0.82    -3.45  -456.90      7.00     -0.50    3.54     12563.0
 2025 11 11 02 22 00 000    6.29    -0.82    -3.47  -456.90      7.00     -0.50    3.54     12563.0
 2025 11 11 02 24 00 000    6.29    -0.81    -3.48  -456.90      7.00     -0.50    3.54     12563.0
 2025 11 11 02 26 00 000    6.34    -0.79    -3.45  -456.70      7.40     -1.20    3.53     12738.0
 2025 11 11 02 27 00 000    6.26    -0.87    -3.57  -456.70      7.40     -1.20    3.53     12738.0
 2025 11 11 02 28 00 000    6.26    -0.87    -3.57  -456.70      7.40     -1.20    3.53     12738.0
 2025 11 11 02 29 00 000    6.24    -0.87    -3.57  -456.70      7.40     -1.20    3.53     12738.0
 2025 11 11 02 31 00 000    6.26    -0.84    -3.52  -456.70      7.40     -1.20    3.53     12738.0
 2025 11 11 02 33 00 000    6.27    -0.93    -3.41  -456.70      7.40     -1.20    3.53     12738.0
 2025 11 11 02 34 00 000    6.32    -0.88    -3.40  -456.70      7.40     -1.20    3.53     12738.0
 2025 11 11 02 35 00 000    6.32    -0.88    -3.40  -456.70      7.40     -1.20    3.53     12738.0
 2025 11 11 02 36 00 000    6.28    -0.95    -3.43  -456.70      7.40     -1.20    3.53     12738.0
 2025 11 11 02 38 00 000    6.32    -0.90    -3.40  -456.10      6.40      0.20    3.68     12738.0
 2025 11 11 02 39 00 000    6.26    -0.89    -3.60  -456.10      6.40      0.20    3.68     12738.0
 2025 11 11 02 40 00 000    6.26    -0.89    -3.60  -456.10      6.40      0.20    3.68     12738.0
 2025 11 11 02 41 00 000    6.24    -0.85    -3.63  -456.10      6.40      0.20    3.68     12738.0
 2025 11 11 02 43 00 000    6.22    -0.89    -3.65  -456.10      6.40      0.20    3.68     12738.0
 2025 11 11 02 44 00 000    6.27    -0.92    -3.57  -456.10      6.40      0.20    3.68     12738.0
 2025 11 11 02 46 00 000    6.36    -1.06    -3.39  -456.10      6.40      0.20    3.68     12738.0
 2025 11 11 02 47 00 000    6.37    -1.10    -3.31  -456.10      6.40      0.20    3.68     12738.0
 2025 11 11 02 48 00 000    6.37    -1.10    -3.31  -456.10      6.40      0.20    3.68     12738.0
 2025 11 11 02 49 00 000    6.37    -1.09    -3.26  -455.30      6.50     -0.30    3.65     12563.0
 2025 11 11 02 50 00 000    6.35    -1.14    -3.25  -455.30      6.50     -0.30    3.65     12563.0
 2025 11 11 02 51 00 000    6.35    -1.15    -3.25  -455.30      6.50     -0.30    3.65     12563.0
 2025 11 11 02 52 00 000    6.32    -1.10    -3.31  -455.30      6.50     -0.30    3.65     12563.0
 2025 11 11 02 54 00 000    6.28    -0.91    -3.55  -455.30      6.50     -0.30    3.65     12563.0
 2025 11 11 02 55 00 000    6.23    -0.51    -3.80  -455.30      6.50     -0.30    3.65     12563.0
 2025 11 11 02 56 00 000    6.22    -0.48    -3.82  -455.30      6.50     -0.30    3.65     12563.0
 2025 11 11 02 57 00 000    6.22    -0.48    -3.82  -455.30      6.50     -0.30    3.65     12563.0
 2025 11 11 02 58 00 000    6.22    -0.55    -3.80  -455.30      6.50     -0.30    3.65     12563.0
 2025 11 11 03 00 00 000    6.21    -0.61    -3.82  -457.20      7.80      0.80    3.33     12011.0
 2025 11 11 03 01 00 000    6.23    -0.59    -3.77  -457.20      7.80      0.80    3.33     12011.0
 2025 11 11 03 03 00 000    6.24    -0.58    -3.83  -457.20      7.80      0.80    3.33     12011.0
 2025 11 11 03 04 00 000    6.24    -0.58    -3.82  -457.20      7.80      0.80    3.33     12011.0
 2025 11 11 03 06 00 000    6.23    -0.54    -3.85  -457.20      7.80      0.80    3.33     12011.0
 2025 11 11 03 07 00 000    6.23    -0.49    -3.84  -457.20      7.80      0.80    3.33     12011.0
 2025 11 11 03 08 00 000    6.23    -0.50    -3.84  -457.20      7.80      0.80    3.33     12011.0
 2025 11 11 03 09 00 000    6.23    -0.53    -3.85  -457.20      7.80      0.80    3.33     12011.0
 2025 11 11 03 10 00 000    6.23    -0.63    -3.76  -459.90     10.10      5.30    3.45     18868.0
 2025 11 11 03 12 00 000    6.29    -0.78    -3.63  -459.90     10.10      5.30    3.45     18868.0
 2025 11 11 03 13 00 000    6.31    -0.84    -3.58  -455.60      7.80     -0.80    3.42     11656.0
 2025 11 11 03 14 00 000    6.37    -0.82    -3.60  -455.60      7.80     -0.80    3.42     11656.0
 2025 11 11 03 15 00 000    6.37    -0.63    -3.67  -456.60      6.10      0.30    3.09     11108.0
 2025 11 11 03 16 00 000    6.35    -0.64    -3.67  -456.60      6.10      0.30    3.09     11108.0
 2025 11 11 03 17 00 000    6.34    -0.65    -3.71  -456.60      6.10      0.30    3.09     11108.0
 2025 11 11 03 18 00 000    6.33    -0.64    -3.68  -456.60      6.10      0.30    3.09     11108.0
 2025 11 11 03 19 00 000    6.27    -0.53    -3.77  -456.60      6.10      0.30    3.09     11108.0
 2025 11 11 03 20 00 000    6.26    -0.61    -3.78  -456.60      6.10      0.30    3.09     11108.0
 2025 11 11 03 21 00 000    6.26    -0.61    -3.78  -456.60      6.10      0.30    3.09     11108.0
 2025 11 11 03 22 00 000    6.33    -0.59    -3.67  -456.00      7.80      0.70    3.10     11807.0
 2025 11 11 03 23 00 000    6.35    -0.58    -3.60  -456.00      7.80      0.70    3.10     11812.0
 2025 11 11 03 24 00 000    6.36    -0.60    -3.60  -456.30      6.90      0.10    3.02     11998.0
 2025 11 11 03 25 00 000    6.32    -0.56    -3.63  -456.30      6.80      0.10    3.01     12011.0
 2025 11 11 03 26 00 000    6.34    -0.64    -3.59  -455.10      2.60      0.30    3.13     12406.0
 2025 11 11 03 27 00 000    6.36    -0.71    -3.56  -455.30      5.20      2.60    3.14     12357.0
 2025 11 11 03 28 00 000    6.37    -0.73    -3.56  -455.50     10.10      6.40    3.16     12232.0
 2025 11 11 03 29 00 000    6.39    -0.73    -3.56  -453.80     15.90      5.90    3.04     11706.0
 2025 11 11 03 30 00 000    6.44    -0.65    -3.56  -457.10     12.50      7.60    2.99     16930.0
 2025 11 11 03 31 00 000    6.45    -0.58    -3.55  -459.50     10.10      8.80    2.96     20639.0
 2025 11 11 03 32 00 000    6.51    -0.55    -3.55  -461.00     10.50      9.30    3.06     15248.0
 2025 11 11 03 33 00 000    6.49    -0.67    -3.54  -460.00     10.50      9.20    3.05     14501.0
 2025 11 11 03 34 00 000    6.46    -0.94    -3.54  -455.40      8.90      7.30    2.85     13176.0
 2025 11 11 03 35 00 000    6.46    -0.84    -3.49  -457.40      7.30      8.70    2.90     13768.0
 2025 11 11 03 36 00 000    6.46    -0.76    -3.48  -456.20      6.20      8.60    2.97     13442.0
 2025 11 11 03 37 00 000    6.49    -0.76    -3.48  -455.90      6.70      8.20    2.91     13259.0
 2025 11 11 03 38 00 000    6.53    -0.72    -3.37  -455.70      6.70      7.90    2.92     13043.0
 2025 11 11 03 39 00 000    6.54    -0.69    -3.41  -457.50      7.70      7.50    2.76     14328.0
 2025 11 11 03 40 00 000    6.56    -0.93    -3.54  -462.60      9.00      7.80    2.57     18930.0
 2025 11 11 03 41 00 000    6.56    -0.83    -3.53  -462.60      9.00      7.80    2.57     18930.0
 2025 11 11 03 42 00 000    6.53    -0.88    -3.50  -462.60      9.00      7.80    2.57     18930.0
 2025 11 11 03 43 00 000    6.59    -0.80    -3.46  -456.10      8.10      8.80    2.85     12755.0
 2025 11 11 03 44 00 000    6.46    -0.54    -3.54  -456.10      8.10      8.80    2.85     12755.0
 2025 11 11 03 45 00 000    6.58    -0.61    -3.36  -456.40      7.90      8.50    2.77     12493.0
 2025 11 11 03 46 00 000    6.56    -0.65    -3.36  -457.10      7.70     11.00    2.68     13833.0
 2025 11 11 03 47 00 000    6.63    -0.66    -3.21  -459.30      6.30     24.30    2.43     14189.0
 2025 11 11 03 48 00 000    6.64    -0.71    -3.15  -457.30     12.00     15.20    2.89     14024.0
 2025 11 11 03 49 00 000    6.59    -1.10    -2.87  -456.90     13.20     13.40    2.95     14039.0
 2025 11 11 03 50 00 000    6.58    -0.91    -2.97  -452.50     17.50      6.90    3.13     11721.0
 2025 11 11 03 51 00 000    6.55    -0.71    -3.09  -451.80     17.70      6.10    3.18     11452.0
 2025 11 11 03 52 00 000    6.53    -0.61    -3.16  -451.00     16.50      5.70    3.28     11438.0
 2025 11 11 03 53 00 000    6.62    -0.54    -3.02  -451.00     16.50      5.70    3.28     11438.0
 2025 11 11 03 54 00 000    6.53    -0.69    -3.20  -450.00      8.40     12.00    3.34     11688.0
 2025 11 11 03 55 00 000    6.62    -0.54    -3.00  -450.00      8.70     10.70    3.28     11548.0
 2025 11 11 03 56 00 000    6.61    -0.47    -3.01  -450.50     16.90      7.60    3.15     11672.0
 2025 11 11 03 57 00 000    6.63    -0.58    -2.94  -451.20     18.30      7.90    3.25     12331.0
 2025 11 11 03 58 00 000    6.65    -0.60    -2.92  -451.10     17.90      8.00    3.26     12213.0
 2025 11 11 03 59 00 000    6.62    -0.73    -2.98  -449.90     13.30     11.10    3.19     11635.0
 2025 11 11 04 00 00 000    6.66    -0.72    -2.91  -449.20      7.30     13.80    3.29     11251.0
 2025 11 11 04 01 00 000    6.58    -0.78    -2.97  -449.20      7.00     11.90    3.44     10880.0
 2025 11 11 04 02 00 000    6.67    -0.65    -2.79  -450.40     17.90     10.00    3.23     12099.0
 2025 11 11 04 03 00 000    6.74    -0.64    -2.53  -452.10     12.70      9.90    3.30     12428.0
 2025 11 11 04 04 00 000    6.72    -0.74    -2.66  -452.60      8.20      9.30    3.42     12635.0
 2025 11 11 04 05 00 000    6.70    -0.75    -2.74  -452.50      8.20      9.20    3.44     12650.0
 2025 11 11 04 06 00 000    6.67    -0.75    -2.76  -452.80      6.80      9.60    3.13     12354.0
 2025 11 11 04 07 00 000    6.68    -0.66    -2.78  -452.80      7.20      9.40    3.26     12563.0
 2025 11 11 04 08 00 000    6.73    -0.53    -2.78  -453.40      7.80      9.60    3.08     12309.0
 2025 11 11 04 09 00 000    6.73    -0.45    -2.83  -453.20      7.90      8.40    3.22     12004.0
 2025 11 11 04 10 00 000    6.70    -0.44    -2.86  -453.00      7.90      7.90    3.31     11943.0
 2025 11 11 04 11 00 000    6.52     0.02    -2.70  -453.00      7.90      7.90    3.31     11943.0
 2025 11 11 04 12 00 000    6.68    -0.37    -2.79  -446.70     20.50     19.40    4.61     12499.0
 2025 11 11 04 13 00 000    6.57    -0.13    -2.73  -450.10     11.00     13.40    3.57     11929.0
 2025 11 11 04 14 00 000    6.61    -0.25    -2.77  -451.10      7.50     11.50    3.26     11764.0
 2025 11 11 04 15 00 000    6.62    -0.29    -2.77  -451.10      7.50     12.20    3.25     12022.0
 2025 11 11 04 16 00 000    6.72    -0.33    -2.51  -448.70     11.80     16.30    3.60     12741.0
 2025 11 11 04 17 00 000    6.77    -0.43    -2.51  -447.00     18.40     17.80    4.20     13106.0
 2025 11 11 04 18 00 000    6.60    -0.21    -2.49  -451.00      8.40     11.40    3.44     11991.0
 2025 11 11 04 19 00 000    6.53    -0.11    -2.55  -447.00     18.60     18.90    4.80     10912.0
 2025 11 11 04 20 00 000    6.55    -0.20    -2.59  -448.20     12.90     16.10    4.10     11268.0
 2025 11 11 04 21 00 000    6.50    -0.26    -2.69  -447.40     15.20     16.60    4.45     11243.0
 2025 11 11 04 22 00 000    6.34    -0.14    -2.71  -446.80     17.40     16.90    4.80     11625.0
 2025 11 11 04 23 00 000    6.23    -0.02    -2.56  -444.70     25.10     20.90    5.65     11874.0
 2025 11 11 04 24 00 000    6.34     0.23    -2.64  -446.90     21.20     20.20    5.27     11028.0
 2025 11 11 04 25 00 000    6.32     0.25    -2.80  -449.00     17.90     16.60    4.60     12301.0
 2025 11 11 04 26 00 000    6.32     0.33    -2.73  -450.00     18.00     16.50    4.78     12811.0
 2025 11 11 04 27 00 000    6.27     0.42    -2.74  -447.00     22.60     20.80    5.42     12225.0
 2025 11 11 04 28 00 000    6.23     0.55    -2.74  -449.40     17.70     19.00    4.69     12664.0
 2025 11 11 04 29 00 000    6.23     0.64    -2.81  -450.60     19.10     18.80    5.06     13070.0
 2025 11 11 04 30 00 000    6.24     0.40    -2.85  -448.90     19.00     18.10    5.21     12094.0
 2025 11 11 04 31 00 000    6.24     0.42    -2.83  -449.40     20.20     16.50    5.22     11657.0
 2025 11 11 04 32 00 000    6.11     0.58    -2.71  -447.30     23.70     20.20    5.72     11246.0
 2025 11 11 04 33 00 000    6.13     0.44    -2.74  -451.40     17.50     17.00    5.31     11579.0
 2025 11 11 04 34 00 000    6.04     0.71    -2.92  -454.60     13.20     13.80    4.84     12857.0
 2025 11 11 04 35 00 000    6.24     0.39    -2.68  -448.90     16.80     18.60    4.89     14782.0
 2025 11 11 04 36 00 000    6.21     0.80    -2.81  -452.30     13.30     13.10    4.19     13135.0
 2025 11 11 04 37 00 000    6.25     0.52    -2.75  -458.60     10.90     12.20    4.59     13612.0
 2025 11 11 04 38 00 000    6.55    -0.29    -2.88  -458.60     10.90     12.20    4.59     13612.0
 2025 11 11 04 39 00 000    6.51    -0.13    -2.93  -449.80     14.60     15.40    4.11     12751.0
 2025 11 11 04 40 00 000    6.43     0.04    -2.93  -446.10     16.10     16.70    3.91     12389.0
 2025 11 11 04 41 00 000    6.49    -0.15    -2.79  -446.10     16.10     16.70    3.91     12389.0
 2025 11 11 04 42 00 000    6.32     0.30    -2.69  -446.10     16.10     16.70    3.91     12389.0
 2025 11 11 04 43 00 000    6.36     0.26    -2.88  -446.10     16.10     16.70    3.91     12389.0
 2025 11 11 04 44 00 000    6.50    -0.31    -2.74  -450.90      9.80     16.90    3.64     18698.0
 2025 11 11 04 45 00 000    6.37     0.25    -2.80  -450.90      9.80     16.90    3.64     18698.0
 2025 11 11 04 46 00 000    6.58    -0.11    -2.69  -450.90      9.80     16.90    3.64     18698.0
 2025 11 11 04 47 00 000    6.43     0.26    -2.71  -448.90      5.10     25.00    4.89     13886.0
 2025 11 11 04 48 00 000    6.40     0.67    -2.65  -448.90      5.10     25.00    4.89     13886.0
 2025 11 11 04 49 00 000    6.28     0.62    -2.41  -448.90      5.10     25.00    4.89     13886.0
 2025 11 11 04 52 00 000    6.31     0.55    -2.31  -448.90      5.10     25.00    4.89     13886.0
 2025 11 11 04 53 00 000    6.23     0.65    -2.43  -445.40     23.40     21.40    5.22     13540.0
 2025 11 11 04 54 00 000    6.23     0.65    -2.43  -445.40     23.40     21.40    5.22     13540.0
 2025 11 11 04 55 00 000    6.20     0.78    -2.45  -445.40     23.40     21.40    5.22     13540.0
 2025 11 11 04 56 00 000    5.52    -1.23    -2.94  -445.40     23.40     21.40    5.22     13540.0
 2025 11 11 04 57 00 000    5.61    -1.13    -2.93  -445.40     23.40     21.40    5.22     13540.0
 2025 11 11 04 58 00 000    5.60    -1.21    -2.90  -442.70      7.80      8.90    5.14     13324.0
 2025 11 11 04 59 00 000    5.41    -2.63    -3.12  -441.70      8.90      9.30    5.07     12094.0
 2025 11 11 05 00 00 000    5.91    -1.06    -2.77  -444.50     18.80     16.80    5.11     12435.0
 2025 11 11 05 01 00 000    5.64    -1.72    -2.96  -445.70     22.40     19.50    5.12     12809.0
 2025 11 11 05 02 00 000    5.51    -2.16    -3.08  -440.50     10.00      9.60    4.85     11410.0
 2025 11 11 05 03 00 000    5.84    -1.31    -2.90  -441.30     10.00      8.40    4.95     11664.0
 2025 11 11 05 04 00 000    5.75    -1.19    -2.88  -440.90     11.90     14.10    4.84     12858.0
 2025 11 11 05 05 00 000    5.78    -1.13    -2.91  -439.70     14.50     25.20    4.94     14340.0
 2025 11 11 05 06 00 000    5.51    -2.09    -3.05  -439.70     14.50     25.20    4.94     14340.0
 2025 11 11 05 07 00 000    6.17    -1.38    -2.55  -442.60     10.00      7.30    4.69     11210.0
 2025 11 11 05 08 00 000    6.00    -1.67    -2.68  -442.90      9.90      7.80    4.59     12177.0
 2025 11 11 05 09 00 000    6.06    -1.53    -2.66  -443.50     10.70      9.70    4.52     13528.0
 2025 11 11 05 10 00 000    6.27    -0.73    -2.22  -444.80     15.20     12.30    4.73     13056.0
 2025 11 11 05 11 00 000    6.37     0.12    -1.81  -446.50     18.00     20.30    4.37     16403.0
 2025 11 11 05 14 00 000    6.19    -1.14    -2.37  -447.50     20.40     23.80    4.28     17629.0
 2025 11 11 05 16 00 000    6.24    -0.91    -2.32  -443.80     13.90     13.60    4.84     14591.0
 2025 11 11 05 18 00 000    6.29    -0.81    -2.18  -443.80     13.90     13.60    4.84     14591.0
 2025 11 11 05 19 00 000    6.28    -0.89    -2.25  -443.80     13.90     13.60    4.84     14591.0
 2025 11 11 05 20 00 000    6.30    -0.90    -2.16  -443.80     13.90     13.60    4.84     14591.0
 2025 11 11 05 21 00 000    6.29    -0.89    -2.20  -443.80     13.90     13.60    4.84     14591.0
 2025 11 11 05 22 00 000    6.27    -0.91    -2.17  -443.80     13.90     13.60    4.84     14591.0
 2025 11 11 05 23 00 000    6.35    -0.78    -2.01  -443.40     13.80     12.10    4.60     14404.0
 2025 11 11 05 24 00 000    6.31    -0.85    -2.12  -443.40     13.80     12.10    4.60     14404.0
 2025 11 11 05 25 00 000    6.25    -0.96    -2.20  -443.40     13.80     12.10    4.60     14404.0
 2025 11 11 05 26 00 000    6.32    -0.86    -2.15  -443.40     13.80     12.10    4.60     14404.0
 2025 11 11 05 27 00 000    6.33    -0.79    -2.16  -443.40     13.80     12.10    4.60     14404.0
 2025 11 11 05 28 00 000    6.42    -0.58    -2.06  -443.40     13.80     12.10    4.60     14404.0
 2025 11 11 05 29 00 000    6.40    -0.54    -2.11  -442.20     13.50     11.70    4.82     14837.0
 2025 11 11 05 30 00 000    6.41    -0.56    -2.05  -442.20     13.50     11.70    4.82     14837.0
 2025 11 11 05 31 00 000    6.41    -0.49    -2.08  -442.20     13.50     11.70    4.82     14837.0
 2025 11 11 05 32 00 000    6.40    -0.60    -2.10  -442.20     13.50     11.70    4.82     14837.0
 2025 11 11 05 33 00 000    6.35    -0.38    -2.25  -443.60     23.60     20.00    5.27     14033.0
 2025 11 11 05 34 00 000    6.33    -0.89    -2.31  -443.50     22.00     18.40    5.13     14191.0
 2025 11 11 05 35 00 000    6.37    -0.83    -2.29  -443.30     17.50     14.20    4.75     14619.0
 2025 11 11 05 36 00 000    6.45    -0.67    -2.13  -443.30     17.50     14.20    4.75     14619.0
 2025 11 11 05 37 00 000    6.37    -0.93    -2.35  -443.30     17.50     14.20    4.75     14619.0
 2025 11 11 05 38 00 000    6.19    -0.42    -2.66  -443.30     17.50     14.20    4.75     14619.0
 2025 11 11 05 39 00 000    6.24    -1.14    -2.43  -443.30     17.50     14.20    4.75     14619.0
 2025 11 11 05 40 00 000    6.25    -1.16    -2.42  -443.30     17.50     14.20    4.75     14619.0
 2025 11 11 05 41 00 000    6.21    -1.19    -2.46  -443.30     17.50     14.20    4.75     14619.0
 2025 11 11 05 42 00 000    6.13    -1.45    -2.55  -443.30     17.50     14.20    4.75     14619.0
 2025 11 11 05 43 00 000    6.18    -1.46    -2.50  -443.30     17.50     14.20    4.75     14619.0
 2025 11 11 05 44 00 000    6.17    -1.12    -2.65  -443.30     17.50     14.20    4.75     14619.0
 2025 11 11 05 45 00 000    6.25    -0.62    -2.62  -443.30     17.50     14.20    4.75     14619.0
 2025 11 11 05 46 00 000    6.11    -0.57    -3.01  -443.30     17.50     14.20    4.75     14619.0
 2025 11 11 05 47 00 000    6.24    -0.59    -2.69  -443.30     17.50     14.20    4.75     14619.0
 2025 11 11 05 48 00 000    6.12    -0.43    -2.96  -443.30     17.50     14.20    4.75     14619.0
 2025 11 11 05 49 00 000    6.15    -0.47    -2.84  -443.30     17.50     14.20    4.75     14619.0
 2025 11 11 05 50 00 000    6.22    -0.48    -2.65  -443.30     17.50     14.20    4.75     14619.0
 2025 11 11 05 51 00 000    6.18    -0.34    -2.91  -443.30     17.50     14.20    4.75     14619.0
 2025 11 11 05 52 00 000    6.27    -0.32    -2.71  -443.30     17.50     14.20    4.75     14619.0
 2025 11 11 05 53 00 000    6.38    -0.35    -2.57  -443.30     17.50     14.20    4.75     14619.0
 2025 11 11 05 54 00 000    6.38    -0.37    -2.46  -446.20     21.90     19.10    4.38     14218.0
 2025 11 11 05 55 00 000    6.41    -0.24    -2.37  -446.20     21.90     19.10    4.38     14218.0
 2025 11 11 05 56 00 000    6.53    -0.24    -2.20  -446.20     21.90     19.10    4.38     14218.0
 2025 11 11 05 57 00 000    6.57    -0.17    -2.10  -446.20     21.90     19.10    4.38     14218.0
 2025 11 11 05 58 00 000    6.50     0.13    -2.18  -446.20     21.90     19.10    4.38     14218.0
 2025 11 11 05 59 00 000    6.41     0.32    -2.22  -446.20     21.90     19.10    4.38     14218.0
 2025 11 11 06 00 00 000    6.37     0.41    -2.22  -445.80     23.50     17.70    4.42     14237.0
 2025 11 11 06 01 00 000    6.31     0.30    -2.40  -445.80     23.50     17.70    4.42     14237.0
 2025 11 11 06 02 00 000    6.29     0.18    -2.46  -445.80     23.50     17.70    4.42     14237.0
 2025 11 11 06 03 00 000    6.28    -0.11    -2.59  -445.80     23.50     17.70    4.42     14237.0
 2025 11 11 06 04 00 000    6.20    -0.56    -2.85  -446.50     25.20     18.80    5.03     13163.0
 2025 11 11 06 05 00 000    6.14    -0.94    -2.95  -446.50     25.20     18.80    5.03     13163.0
 2025 11 11 06 06 00 000    6.10    -0.70    -3.05  -446.50     25.20     18.80    5.03     13163.0
 2025 11 11 06 07 00 000    6.04    -0.66    -3.13  -446.50     25.20     18.80    5.03     13163.0
 2025 11 11 06 08 00 000    6.26    -1.22    -2.57  -446.50     25.20     18.80    5.03     13163.0
 2025 11 11 06 09 00 000    6.25    -1.17    -2.65  -433.80     28.60     18.00    3.85     13077.0
 2025 11 11 06 10 00 000    6.15    -1.40    -2.66  -437.10     28.00     18.20    4.00     13092.0
 2025 11 11 06 11 00 000    6.24    -1.15    -2.51  -438.70     28.10     18.40    3.93     13396.0
 2025 11 11 06 12 00 000    6.21    -0.87    -2.56  -443.30     27.70     19.70    3.86     13558.0
 2025 11 11 06 13 00 000    6.23    -0.67    -2.54  -447.00     26.80      9.90    4.09     17137.0
 2025 11 11 06 14 00 000    6.23    -0.69    -2.76  -443.90     24.80     13.50    3.83     17457.0
 2025 11 11 06 15 00 000    6.29    -0.65    -2.49  -437.00     20.30     21.40    3.27     18163.0
 2025 11 11 06 16 00 000    6.29    -0.61    -2.35  -442.20     17.30     13.10    3.93     14970.0
 2025 11 11 06 17 00 000    6.36     0.03    -2.33  -442.20     17.30     13.10    3.93     14970.0
 2025 11 11 06 18 00 000    6.35     0.65    -2.07  -442.20     17.30     13.10    3.93     14970.0
 2025 11 11 06 19 00 000    6.31     0.90    -2.16  -445.20     25.10     18.50    4.76     13649.0
 2025 11 11 06 20 00 000    6.32     0.14    -2.45  -445.20     25.10     18.50    4.76     13649.0
 2025 11 11 06 21 00 000    6.21    -0.30    -2.50  -443.60     20.60     15.90    4.47     15524.0
 2025 11 11 06 22 00 000    6.23    -0.18    -2.43  -440.10     10.20     10.10    3.83     19799.0
 2025 11 11 06 23 00 000    6.29    -0.63    -2.38  -443.70     24.80     16.60    4.38     15713.0
 2025 11 11 06 24 00 000    6.23    -0.83    -2.49  -445.00     29.80     18.80    4.58     14311.0
 2025 11 11 06 25 00 000    6.26    -0.66    -2.38  -445.00     29.80     18.80    4.58     14311.0
 2025 11 11 06 26 00 000    6.34    -0.81    -2.38  -440.90     10.40      3.00    4.09     15585.0
 2025 11 11 06 27 00 000    6.38    -0.90    -2.31  -440.90     10.40      3.00    4.09     15585.0
 2025 11 11 06 28 00 000    6.31    -1.37    -2.36  -440.80      9.10      2.70    4.17     13799.0
 2025 11 11 06 29 00 000    6.24    -1.55    -2.36  -440.80      8.40      3.40    4.31     10857.0
 2025 11 11 06 30 00 000    6.13    -1.61    -2.48  -442.60     23.00     14.80    4.03     14760.0
 2025 11 11 06 31 00 000    5.96    -2.31    -2.68  -442.90     22.40     13.80    3.97     16009.0
 2025 11 11 06 33 00 000    6.21     0.39    -2.86  -441.30     10.70      2.90    3.84     12389.0
 2025 11 11 06 34 00 000    6.21     0.39    -2.86  -441.30     10.70      2.90    3.84     12389.0
 2025 11 11 06 35 00 000    6.18    -0.19    -2.80  -441.30     10.70      2.90    3.84     12389.0
 2025 11 11 06 36 00 000    6.16     0.70    -2.63  -441.30     10.70      2.90    3.84     12389.0
 2025 11 11 06 37 00 000    6.20     0.08    -2.65  -441.30     10.70      2.90    3.84     12389.0
 2025 11 11 06 39 00 000    6.28     0.06    -2.64  -441.30     10.70      2.90    3.84     12389.0
 2025 11 11 06 40 00 000    6.20    -0.01    -2.67  -442.10      2.60      2.10    4.18     14894.0
 2025 11 11 06 41 00 000    6.24     0.29    -2.65  -442.10      2.60      2.10    4.18     14890.0
 2025 11 11 06 42 00 000    6.30     0.24    -2.51  -439.60      9.20      7.60    4.36     10537.0
 2025 11 11 06 43 00 000    6.36    -0.14    -2.48  -439.80      7.20      7.50    4.37     10649.0
 2025 11 11 06 44 00 000    6.35     0.51    -2.47  -439.90      6.60      7.50    4.37     10686.0
 2025 11 11 06 45 00 000    6.34    -1.14    -2.54  -439.90      6.60      7.50    4.37     10686.0
 2025 11 11 06 46 00 000    6.42     0.20    -2.41  -440.70      8.50      1.30    4.41     10660.0
 2025 11 11 06 47 00 000    6.27    -1.51    -2.48  -439.20     18.70      6.70    4.38     11787.0
 2025 11 11 06 48 00 000    6.20    -1.18    -2.55  -438.60     22.40      8.70    4.37     12199.0
 2025 11 11 06 50 00 000    6.09    -0.35    -2.07  -438.60     22.40      8.70    4.37     12199.0
 2025 11 11 06 51 00 000    6.09    -0.77    -2.05  -442.10      0.20     -1.60    4.93     10896.0
 2025 11 11 06 52 00 000    6.21    -0.83    -2.00  -441.80      0.10     -2.00    4.58     10857.0
 2025 11 11 06 53 00 000    6.09    -0.95    -2.30  -441.70      2.10     -1.00    4.39     10650.0
 2025 11 11 06 54 00 000    6.02    -1.17    -2.34  -441.60      2.70     -0.50    4.69     10783.0
 2025 11 11 06 55 00 000    5.95    -1.13    -2.53  -441.10      3.40     -0.60    4.69     10923.0
 2025 11 11 06 56 00 000    6.07    -1.17    -2.31  -441.00      3.10     -2.00    5.01     11070.0
 2025 11 11 06 57 00 000    6.35    -1.11    -2.00  -441.30      5.30     -2.30    4.90     11465.0
 2025 11 11 06 58 00 000    6.17    -0.87    -2.25  -441.10      7.10     -0.40    4.52     12800.0
 2025 11 11 06 59 00 000    6.27    -1.19    -2.10  -441.20      5.20     -1.40    4.76     11572.0
 2025 11 11 07 00 00 000    6.22    -0.94    -2.11  -440.40      8.80      0.00    4.69     11173.0
 2025 11 11 07 01 00 000    6.22    -0.95    -2.28  -440.20      7.60     -1.30    4.73     10926.0
 2025 11 11 07 02 00 000    6.28    -0.69    -2.23  -440.30      8.50      2.30    4.59     13354.0
 2025 11 11 07 03 00 000    6.29    -0.45    -2.18  -440.50      5.60     -0.60    4.79     11070.0
 2025 11 11 07 04 00 000    6.26    -0.65    -2.25  -439.30      9.70      2.20    4.86     10729.0
 2025 11 11 07 06 00 000    6.12    -0.47    -1.97  -439.50      8.80      1.60    4.83     10728.0
 2025 11 11 07 08 00 000    6.12    -0.49    -1.93  -439.50      8.80      1.60    4.83     10728.0
 2025 11 11 07 12 00 000    6.16    -0.31    -1.87  -439.50      8.80      1.60    4.83     10728.0
 2025 11 11 07 13 00 000    6.16    -0.31    -1.87  -439.50      8.80      1.60    4.83     10728.0
 2025 11 11 07 14 00 000    6.17    -0.33    -1.82  -440.50      0.20     -1.30    4.61     11841.0
 2025 11 11 07 15 00 000    6.19    -0.36    -1.84  -440.50      0.20     -1.30    4.61     11841.0
 2025 11 11 07 16 00 000    6.19    -0.35    -1.85  -440.50      0.20     -1.30    4.61     11841.0
 2025 11 11 07 17 00 000    6.19    -0.35    -1.85  -440.50      0.20     -1.30    4.61     11841.0
 2025 11 11 07 19 00 000    6.15    -0.34    -1.79  -440.50      0.20     -1.30    4.61     11841.0
 2025 11 11 07 22 00 000    6.12    -0.43    -1.80  -440.50      0.20     -1.30    4.61     11841.0
 2025 11 11 07 23 00 000    6.13    -0.40    -1.79  -440.50      0.20     -1.30    4.61     11841.0
 2025 11 11 07 24 00 000    6.05    -0.41    -1.87  -440.50      0.20     -1.30    4.61     11841.0
 2025 11 11 13 47 00 000    4.75    -2.83    -0.35  -424.10    -38.90      4.50    3.17     14667.0
 2025 11 11 13 48 00 000    4.80    -2.77    -0.26  -424.10    -38.90      4.50    3.17     14667.0
 2025 11 11 13 49 00 000    4.63    -3.05    -0.37  -425.00    -22.70      5.80    3.29     15106.0
 2025 11 11 13 50 00 000    4.63    -3.02    -0.46  -425.20    -19.20      6.10    3.31     15199.0
 2025 11 11 13 51 00 000    4.66    -2.99    -0.38  -424.40    -18.40      6.00    3.31     15180.0
 2025 11 11 13 52 00 000    4.68    -2.95    -0.43  -423.80    -18.20      8.80    3.30     14953.0
 2025 11 11 13 53 00 000    4.65    -2.82    -0.55  -422.80    -17.00     15.10    3.21     15117.0
 2025 11 11 13 54 00 000    4.75    -2.66    -0.44  -424.00    -17.10     13.80    3.23     16150.0
 2025 11 11 13 55 00 000    4.70    -2.70    -0.64  -423.50    -17.80     14.20    3.43     12257.0
 2025 11 11 13 56 00 000    4.54    -3.03    -0.39  -423.60    -18.60     12.10    3.30     12217.0
 2025 11 11 13 57 00 000    4.66    -2.85    -0.19  -423.20    -19.40     10.30    3.40     13217.0
 2025 11 11 13 58 00 000    4.66    -2.87    -0.24  -424.00    -17.70     11.70    3.49     13319.0
 2025 11 11 13 59 00 000    4.58    -2.87    -0.75  -423.90     -0.70      5.40    3.24     13387.0
 2025 11 11 14 00 00 000    4.66    -2.77    -0.71  -423.60    -17.70     10.50    3.42     16380.0
 2025 11 11 14 01 00 000    4.60    -2.91    -0.62  -423.20    -18.00     10.90    3.45     14438.0
 2025 11 11 14 02 00 000    4.63    -3.06    -0.50  -422.10    -17.80     13.10    3.41     13250.0
 2025 11 11 14 03 00 000    4.56    -3.22    -0.68  -424.30    -19.20      7.80    3.26     14063.0
 2025 11 11 14 04 00 000    4.65    -2.92    -0.50  -425.30    -20.40      7.90    3.20     14761.0
 2025 11 11 14 05 00 000    4.57    -3.14    -0.57  -425.10    -18.90      6.10    3.46     14903.0
 2025 11 11 14 06 00 000    4.52    -3.17    -0.47  -424.20    -18.10      7.60    3.45     14406.0
 2025 11 11 14 07 00 000    4.52    -3.06    -0.53  -420.70    -15.80     14.70    3.21     12799.0
 2025 11 11 14 08 00 000    4.73    -2.97    -0.72  -421.80    -16.20     14.00    3.18     14920.0
 2025 11 11 14 09 00 000    4.64    -3.18    -0.43  -422.50    -18.60     10.70    3.16     15300.0
 2025 11 11 14 10 00 000    4.73    -2.99    -0.35  -423.20    -17.90      5.30    3.10     15643.0
 2025 11 11 14 11 00 000    4.69    -3.13    -0.40  -423.20    -17.90      5.30    3.10     15643.0
 2025 11 11 14 12 00 000    4.33    -3.39     0.21  -423.80    -19.30      3.50    3.56     14346.0
 2025 11 11 14 13 00 000    4.37    -3.37    -0.05  -423.50    -19.90      6.00    3.43     16187.0
 2025 11 11 14 14 00 000    4.39    -3.15     0.57  -422.90    -19.60      7.10    3.56     17500.0
 2025 11 11 14 15 00 000    4.39    -3.27    -0.05  -424.50    -21.40      7.00    3.56     13765.0
 2025 11 11 14 16 00 000    4.25    -3.66     0.15  -423.40    -20.10      6.40    3.55     13967.0
 2025 11 11 14 17 00 000    4.16    -3.68     0.12  -417.00     -8.10      2.70    3.62     10874.0
 2025 11 11 14 18 00 000    4.21    -3.66     0.10  -418.50    -16.30      7.30    3.52     14902.0
 2025 11 11 14 19 00 000    4.03    -3.85     0.04  -419.90    -21.60     11.50    3.43     16226.0
 2025 11 11 14 20 00 000    4.17    -3.71     0.05  -420.50    -19.90     14.30    3.47     13510.0
 2025 11 11 14 21 00 000    4.18    -3.71     0.01  -420.60    -19.70     14.60    3.54     13968.0
 2025 11 11 14 22 00 000    4.16    -3.71    -0.16  -417.70    -13.60     10.00    3.83     13147.0
 2025 11 11 14 23 00 000    4.52    -3.30    -0.17  -416.80     -9.00      8.40    3.81     12638.0
 2025 11 11 14 24 00 000    4.69    -3.04    -0.34  -416.20     -5.60      5.30    3.84     12015.0
 2025 11 11 14 25 00 000    4.66    -3.07    -0.35  -416.20     -5.60      5.30    3.84     12015.0
 2025 11 11 14 26 00 000    4.61    -3.22    -0.33  -416.20     -5.60      5.30    3.84     12015.0
 2025 11 11 14 27 00 000    4.55    -3.33    -0.38  -418.90    -12.00      5.90    3.22     14894.0
 2025 11 11 14 28 00 000    4.79    -3.01    -0.58  -418.90    -12.00      5.90    3.22     14894.0
 2025 11 11 14 29 00 000    4.72    -3.14    -0.67  -418.70     -3.40      8.50    3.39     12234.0
 2025 11 11 14 30 00 000    4.74    -3.08    -0.61  -418.70     -3.40      8.50    3.39     12234.0
 2025 11 11 14 31 00 000    4.75    -2.96    -0.16  -417.60     -4.70      6.60    3.66     11763.0
 2025 11 11 14 32 00 000    4.49    -3.38     0.31  -416.70     -5.80      4.80    3.91     11339.0
 2025 11 11 14 33 00 000    4.71    -3.02    -0.44  -418.00     -9.50      1.50    3.89     12783.0
 2025 11 11 14 34 00 000    4.59    -3.18    -0.14  -418.20     -9.90      1.10    3.89     12949.0
 2025 11 11 14 35 00 000    4.24    -3.63     0.06  -418.30     -6.40      8.80    3.59     13960.0
 2025 11 11 14 36 00 000    3.90    -4.10    -0.16  -422.70    -14.80      5.70    3.94     14100.0
 2025 11 11 14 37 00 000    3.85    -4.18    -0.34  -424.70    -18.50      4.40    4.10     14162.0
 2025 11 11 14 38 00 000    3.97    -4.09    -0.15  -424.70    -18.50      4.40    4.10     14162.0
 2025 11 11 14 39 00 000    4.04    -3.96     0.04  -424.70    -18.50      4.40    4.10     14162.0
 2025 11 11 14 40 00 000    4.04    -3.96     0.04  -424.70    -18.50      4.40    4.10     14162.0
 2025 11 11 14 41 00 000    4.19    -3.77     0.16  -424.70    -18.50      4.40    4.10     14162.0
 2025 11 11 14 42 00 000    4.25    -3.64     0.23  -424.70    -18.50      4.40    4.10     14162.0
 2025 11 11 14 43 00 000    4.24    -3.68     0.14  -421.30    -21.60     15.50    3.31     11689.0
 2025 11 11 14 44 00 000    4.55    -3.33     0.10  -420.90    -20.20     14.00    3.30     12387.0
 2025 11 11 14 45 00 000    4.53    -3.38     0.05  -420.00    -16.30      9.90    3.38     14599.0
 2025 11 11 14 46 00 000    4.49    -3.42     0.37  -421.90    -21.80     15.90    3.70     12935.0
 2025 11 11 14 47 00 000    4.72    -3.26     0.04  -421.90    -21.80     15.90    3.70     12935.0
 2025 11 11 14 48 00 000    4.86    -3.00     0.20  -421.90    -21.80     15.90    3.70     12935.0
 2025 11 11 14 49 00 000    5.02    -2.78     0.03  -421.90    -21.80     15.90    3.70     12935.0
 2025 11 11 14 50 00 000    4.98    -2.86     0.31  -421.90    -21.80     15.90    3.70     12935.0
 2025 11 11 14 51 00 000    4.92    -2.93     0.34  -420.20    -18.20     14.90    3.54     12303.0
 2025 11 11 14 52 00 000    4.82    -3.05     0.41  -420.20    -18.20     14.90    3.54     12303.0
 2025 11 11 14 53 00 000    4.82    -3.10     0.54  -420.80    -18.70     14.80    3.52     12052.0
 2025 11 11 14 54 00 000    4.70    -3.29     0.24  -421.00    -18.80     14.60    3.51     12037.0
 2025 11 11 14 55 00 000    4.66    -3.39    -0.14  -421.50    -18.10     13.10    3.45     12795.0
 2025 11 11 14 56 00 000    4.50    -3.61    -0.33  -422.40    -18.90     11.60    3.20     13425.0
 2025 11 11 14 57 00 000    4.73    -3.16    -0.09  -422.40    -18.90     11.50    3.19     13450.0
 2025 11 11 14 58 00 000    4.83    -2.95     0.20  -423.20    -22.30     15.20    3.49     13396.0
 2025 11 11 14 59 00 000    4.92    -2.96    -0.14  -421.10    -15.60     11.70    3.37     13835.0
 2025 11 11 15 00 00 000    4.95    -2.92    -0.01  -420.60    -14.20     10.90    3.34     13932.0
 2025 11 11 15 01 00 000    4.81    -3.08     0.09  -416.80    -19.80      8.70    3.60     12354.0
 2025 11 11 15 02 00 000    4.74    -3.29    -0.16  -420.50    -20.60      8.50    3.33     15526.0
 2025 11 11 15 03 00 000    4.78    -3.16    -0.33  -421.70    -20.90      8.40    3.24     16531.0
 2025 11 11 15 04 00 000    4.78    -3.09    -0.25  -421.70    -20.90      8.40    3.24     16531.0
 2025 11 11 15 05 00 000    4.66    -3.40    -0.24  -421.70    -20.90      8.40    3.24     16531.0
 2025 11 11 15 06 00 000    4.58    -3.55    -0.03  -422.80    -20.40     14.00    3.50     13163.0
 2025 11 11 15 07 00 000    4.68    -3.33     0.04  -422.80    -20.40     14.00    3.50     13163.0
 2025 11 11 15 08 00 000    4.76    -3.09     0.40  -422.80    -20.40     14.00    3.50     13163.0
 2025 11 11 15 09 00 000    4.89    -2.97    -0.17  -419.60    -13.20      9.80    3.52     13493.0
 2025 11 11 15 10 00 000    4.75    -3.23    -0.12  -420.50    -16.20     12.10    3.57     13536.0
 2025 11 11 15 11 00 000    4.46    -3.42     0.07  -428.40    -32.80     10.20    3.30     11190.0
 2025 11 11 15 12 00 000    4.40    -3.57     0.06  -428.30    -32.20      9.80    3.34     11152.0
 2025 11 11 15 13 00 000    4.85    -2.70    -0.50  -426.10    -24.90      5.30    3.91     10851.0
 2025 11 11 15 14 00 000    4.63    -3.32     0.05  -418.70    -19.60      9.00    3.58     13741.0
 2025 11 11 15 15 00 000    4.99    -2.66    -0.40  -420.70    -19.80     12.70    3.60     13403.0
 2025 11 11 15 16 00 000    5.04    -2.44    -0.77  -417.40    -16.60      6.00    3.51     18560.0
 2025 11 11 15 17 00 000    4.98    -2.38    -1.19  -417.00    -18.00      5.10    3.75     14857.0
 2025 11 11 15 18 00 000    5.01    -2.34    -1.22  -416.90    -18.50      4.70    3.83     13450.0
 2025 11 11 15 19 00 000    5.22    -2.00    -1.42  -416.90    -18.50      4.70    3.83     13450.0
 2025 11 11 15 20 00 000    5.37    -1.97    -0.91  -416.90    -18.50      4.70    3.83     13450.0
 2025 11 11 15 21 00 000    5.33    -1.90    -0.66  -416.90    -18.50      4.70    3.83     13450.0
 2025 11 11 15 22 00 000    5.31    -1.89    -0.48  -415.30    -17.50      9.10    3.82     13180.0
 2025 11 11 15 23 00 000    5.21    -2.23    -0.60  -415.30    -17.50      9.10    3.82     13180.0
 2025 11 11 15 24 00 000    5.09    -2.34    -1.18  -415.30    -17.50      9.10    3.82     13180.0
 2025 11 11 15 26 00 000    5.11    -2.31    -0.99  -415.30    -17.50      9.10    3.82     13180.0
 2025 11 11 15 27 00 000    5.08    -2.31    -0.97  -415.30    -17.50      9.10    3.82     13180.0
 2025 11 11 15 28 00 000    5.07    -2.28    -1.08  -417.10     -9.30      3.00    4.04     13306.0
 2025 11 11 15 29 00 000    5.02    -2.24    -1.01  -417.10     -9.30      3.00    4.04     13306.0
 2025 11 11 15 30 00 000    5.05    -2.30    -0.97  -417.10     -9.30      3.00    4.04     13306.0
 2025 11 11 15 31 00 000    5.09    -2.11    -1.07  -417.10     -9.30      3.00    4.04     13306.0
 2025 11 11 15 32 00 000    5.18    -2.00    -1.07  -417.10     -9.30      3.00    4.04     13306.0
 2025 11 11 15 33 00 000    5.32    -1.89    -0.92  -417.10     -9.30      3.00    4.04     13306.0
 2025 11 11 15 34 00 000    5.26    -2.04    -0.89  -417.10     -8.10      2.20    3.74     12843.0
 2025 11 11 15 35 00 000    5.20    -2.18    -0.96  -417.10     -8.10      2.20    3.74     12843.0
 2025 11 11 15 36 00 000    5.11    -2.37    -1.03  -417.10     -8.10      2.20    3.74     12843.0
 2025 11 11 15 37 00 000    5.33    -1.82    -1.07  -417.10     -8.10      2.20    3.74     12843.0
 2025 11 11 15 38 00 000    5.19    -2.26    -1.00  -417.10     -8.10      2.20    3.74     12843.0
 2025 11 11 15 39 00 000    5.17    -2.15    -0.87  -417.10     -8.10      2.20    3.74     12843.0
 2025 11 11 15 40 00 000    5.06    -2.32    -0.91  -417.10     -8.10      2.20    3.74     12843.0
 2025 11 11 15 41 00 000    5.17    -1.99    -1.16  -416.90     -7.00      2.00    3.73     13234.0
 2025 11 11 15 42 00 000    5.25    -1.99    -0.85  -416.90     -7.00      2.00    3.73     13234.0
 2025 11 11 15 43 00 000    5.22    -2.07    -0.91  -416.90     -7.00      2.00    3.73     13234.0
 2025 11 11 15 44 00 000    5.14    -2.26    -0.41  -416.90     -7.00      2.00    3.73     13234.0
 2025 11 11 15 45 00 000    5.29    -1.66    -0.97  -416.90     -7.00      2.00    3.73     13234.0
 2025 11 11 15 46 00 000    5.33    -1.64    -1.27  -417.80     -5.80      1.10    3.70     13667.0
 2025 11 11 15 47 00 000    5.08    -2.01    -1.36  -417.80     -5.80      1.10    3.70     13667.0
 2025 11 11 15 48 00 000    4.96    -2.11    -1.69  -417.80     -5.80      1.10    3.70     13667.0
 2025 11 11 15 49 00 000    4.89    -2.62    -0.98  -417.80     -5.80      1.10    3.70     13667.0
 2025 11 11 15 50 00 000    4.80    -2.38    -1.39  -418.90     -7.70     -2.20    3.56     14875.0
 2025 11 11 15 51 00 000    4.90    -2.18    -1.49  -418.90     -7.70     -2.20    3.56     14875.0
 2025 11 11 15 52 00 000    5.08    -1.74    -1.66  -418.90     -7.70     -2.20    3.56     14875.0
 2025 11 11 15 53 00 000    5.12    -1.64    -1.35  -418.90     -7.70     -2.20    3.56     14875.0
 2025 11 11 15 54 00 000    5.09    -1.66    -1.71  -418.90     -7.70     -2.20    3.56     14875.0
 2025 11 11 15 55 00 000    5.08    -1.69    -1.95  -418.90     -7.70     -2.20    3.56     14875.0
 2025 11 11 15 56 00 000    4.95    -1.62    -2.24  -418.90     -7.70     -2.20    3.56     14875.0
 2025 11 11 15 57 00 000    5.02    -1.53    -2.19  -418.90     -7.70     -2.20    3.56     14875.0
 2025 11 11 15 58 00 000    5.12    -1.40    -2.03  -419.10     -2.10     -3.50    3.63     16913.0
 2025 11 11 15 59 00 000    5.10    -1.46    -1.90  -419.10     -2.10     -3.50    3.63     16913.0
 2025 11 11 16 00 00 000    5.10    -1.46    -1.88  -419.10     -2.10     -3.50    3.63     16913.0
 2025 11 11 16 01 00 000    5.01    -1.63    -1.89  -419.10     -2.10     -3.50    3.63     16913.0
 2025 11 11 16 02 00 000    5.00    -1.89    -1.71  -419.10     -2.10     -3.50    3.63     16913.0
 2025 11 11 16 03 00 000    5.10    -1.71    -1.81  -419.10     -2.10     -3.50    3.63     16913.0
 2025 11 11 16 04 00 000    5.17    -1.59    -1.79  -419.10     -2.10     -3.50    3.63     16913.0
 2025 11 11 16 05 00 000    5.20    -1.65    -1.72  -416.80     -2.40     -1.40    3.55     13657.0
 2025 11 11 16 06 00 000    5.24    -1.57    -1.72  -418.60     -3.70      0.40    3.38     15859.0
 2025 11 11 16 07 00 000    5.19    -1.38    -2.07  -417.80     -2.90      0.30    3.32     14652.0
 2025 11 11 16 08 00 000    5.30    -1.17    -1.93  -417.40     -0.80     -1.40    3.32     14046.0
 2025 11 11 16 09 00 000    5.14    -1.71    -1.51  -417.80      1.40     -3.70    3.33     14442.0
 2025 11 11 16 10 00 000    5.15    -1.18    -2.30  -418.00      1.10     -2.60    3.43     15435.0
 2025 11 11 16 11 00 000    5.26    -1.41    -1.81  -417.80     -1.50     -1.30    3.50     14798.0
 2025 11 11 16 12 00 000    5.05    -1.76    -1.71  -417.30     -4.70     -0.40    3.49     14148.0
 2025 11 11 16 13 00 000    5.21    -1.19    -1.68  -416.70     -9.30      2.50    3.42     14170.0
 2025 11 11 16 14 00 000    5.23    -1.48    -1.51  -416.50    -12.70      5.00    3.46     13965.0
 2025 11 11 16 15 00 000    5.25    -1.65    -1.34  -416.50    -12.70      5.00    3.46     13965.0
 2025 11 11 16 16 00 000    5.26    -1.53    -1.30  -417.10     -2.90      0.50    3.51     14951.0
 2025 11 11 16 17 00 000    5.11    -1.91    -1.21  -416.90     -3.30      1.90    3.52     14620.0
 2025 11 11 16 18 00 000    5.31    -1.62    -1.43  -416.30     -5.30      5.00    3.53     13594.0
 2025 11 11 16 19 00 000    5.42    -1.07    -1.65  -417.10     -5.60      0.40    3.40     14275.0
 2025 11 11 16 20 00 000    5.30    -1.62    -1.44  -417.80     -0.30      1.10    2.96     17239.0
 2025 11 11 16 21 00 000    5.17    -1.68    -1.73  -417.60     -5.10      3.90    2.98     17331.0
 2025 11 11 16 22 00 000    5.03    -1.45    -2.14  -416.50     -3.20     -0.30    3.58     13641.0
 2025 11 11 16 23 00 000    5.21    -1.64    -1.39  -416.20     -3.80     -0.60    3.50     13495.0
 2025 11 11 16 24 00 000    5.26    -1.71    -1.16  -416.20     -4.00     -0.70    3.49     13468.0
 2025 11 11 16 25 00 000    5.26    -1.84    -1.02  -416.90     -6.70      9.20    3.26     14242.0
 2025 11 11 16 26 00 000    5.62    -1.26    -0.73  -416.60     -6.20      9.10    3.32     13980.0
 2025 11 11 16 27 00 000    5.65    -1.16    -0.76  -416.60     -6.20      9.10    3.32     13980.0
 2025 11 11 16 28 00 000    5.62    -0.92    -0.91  -415.00     -1.20      9.30    3.66     13396.0
 2025 11 11 16 29 00 000    5.56    -1.63    -0.55  -415.00     -1.20      9.30    3.66     13396.0
 2025 11 11 16 30 00 000    5.69    -1.19    -0.59  -413.90    -13.80     10.30    3.71     13828.0
 2025 11 11 16 31 00 000    5.60    -1.69    -0.90  -413.90    -13.90     10.30    3.71     13831.0
 2025 11 11 16 32 00 000    5.70    -1.45    -0.68  -414.60     -5.70      6.10    3.60     13503.0
 2025 11 11 16 33 00 000    5.73    -1.28    -1.06  -415.00     -1.60      4.10    3.56     13342.0
 2025 11 11 16 34 00 000    5.76    -1.32    -1.03  -415.00     -1.60      4.10    3.56     13342.0
 2025 11 11 16 35 00 000    5.71    -1.62    -0.99  -415.00     -1.60      4.10    3.56     13342.0
 2025 11 11 16 36 00 000    5.48    -2.25    -0.50  -418.50     -4.40      9.60    3.55     12879.0
 2025 11 11 16 37 00 000    5.55    -2.14    -0.12  -418.50     -4.40      9.60    3.55     12879.0
 2025 11 11 16 38 00 000    5.43    -2.31     0.07  -417.70    -16.20     12.20    3.34     16194.0
 2025 11 11 16 39 00 000    5.32    -2.41     0.56  -417.50    -15.90     12.60    3.42     15725.0
 2025 11 11 16 40 00 000    5.02    -2.68     0.67  -416.40    -15.00     14.60    3.79     13703.0
 2025 11 11 16 41 00 000    5.06    -2.76     0.49  -416.40    -15.00     14.60    3.79     13703.0
 2025 11 11 16 42 00 000    5.08    -2.71    -0.01  -419.00    -19.80     17.00    3.61     13002.0
 2025 11 11 16 43 00 000    5.15    -2.30     0.08  -419.00    -19.80     17.00    3.61     13002.0
 2025 11 11 16 44 00 000    5.29    -2.09    -0.32  -419.00    -19.80     17.00    3.61     13002.0
 2025 11 11 16 45 00 000    5.33    -2.28    -0.23  -419.00    -19.80     17.00    3.61     13002.0
 2025 11 11 16 46 00 000    5.40    -2.02    -0.29  -415.40     -4.90     10.20    3.57     12879.0
 2025 11 11 16 47 00 000    5.33    -2.02    -0.02  -415.40     -4.90     10.20    3.57     12879.0
 2025 11 11 16 48 00 000    5.11    -2.63    -0.14  -415.40     -4.90     10.20    3.57     12879.0
 2025 11 11 16 49 00 000    5.24    -2.21     0.05  -415.40     -4.90     10.20    3.57     12879.0
 2025 11 11 16 50 00 000    5.30    -1.98    -0.17  -415.00     -6.90     12.30    3.82     13153.0
 2025 11 11 16 51 00 000    5.25    -2.18    -0.18  -414.50    -13.60     10.60    3.73     13312.0
 2025 11 11 16 52 00 000    5.32    -1.93    -0.12  -414.80     -5.90     10.50    3.58     13619.0
 2025 11 11 16 53 00 000    5.33    -1.85    -0.34  -414.90     -4.70     10.60    3.56     13649.0
 2025 11 11 16 54 00 000    5.24    -2.07    -0.15  -414.90     -4.70     10.60    3.56     13649.0
 2025 11 11 16 55 00 000    5.30    -1.91    -0.73  -414.10    -14.60      9.20    3.38     13690.0
 2025 11 11 16 56 00 000    5.40    -1.77    -0.90  -414.50     -6.70      8.50    3.34     13831.0
 2025 11 11 16 57 00 000    5.43    -1.80    -0.93  -414.80     -3.60      7.60    3.34     13795.0
 2025 11 11 16 58 00 000    5.21    -2.21    -0.73  -415.60     -3.60      2.70    3.34     13073.0
 2025 11 11 16 59 00 000    5.32    -2.12    -0.74  -415.60     -3.60      2.70    3.34     13073.0
 2025 11 11 17 00 00 000    5.47    -1.58    -0.82  -415.60     -3.60      2.70    3.34     13073.0
 2025 11 11 17 01 00 000    5.37    -1.91    -0.69  -415.60     -3.60      2.70    3.34     13073.0
 2025 11 11 17 02 00 000    5.38    -2.07    -0.43  -415.10    -10.70     12.00    3.00     17815.0
 2025 11 11 17 03 00 000    5.58    -1.42    -0.61  -415.10    -10.70     12.00    3.00     17815.0
 2025 11 11 17 04 00 000    5.53    -1.24    -0.97  -415.10    -10.70     12.00    3.00     17815.0
 2025 11 11 17 05 00 000    5.51    -1.29    -1.01  -415.10    -10.70     12.00    3.00     17815.0
 2025 11 11 17 06 00 000    5.42    -1.22    -1.10  -413.60    -12.10     10.10    3.35     14257.0
 2025 11 11 17 07 00 000    5.38    -1.80    -1.20  -413.70    -10.40      9.80    3.35     14054.0
 2025 11 11 17 08 00 000    5.60    -1.15    -1.18  -414.60     -1.70      8.40    3.36     13145.0
 2025 11 11 17 09 00 000    5.44    -1.52    -1.14  -414.60     -1.70      8.40    3.36     13145.0
 2025 11 11 17 10 00 000    5.70    -1.01    -0.81  -414.60     -1.70      8.40    3.36     13145.0
 2025 11 11 17 11 00 000    5.55    -1.15    -1.12  -414.60     -1.70      8.40    3.36     13145.0
 2025 11 11 17 12 00 000    5.55    -0.43    -1.52  -414.60     -1.70      8.40    3.36     13145.0
 2025 11 11 17 13 00 000    5.55    -1.11    -1.50  -414.60     -1.70      8.40    3.36     13145.0
 2025 11 11 17 14 00 000    5.30    -1.53    -2.02  -414.60     -1.70      8.40    3.36     13145.0
 2025 11 11 17 15 00 000    5.38    -1.66    -1.68  -414.60     -1.70      8.40    3.36     13145.0
 2025 11 11 17 16 00 000    5.29    -1.45    -2.04  -414.60     -1.70      8.40    3.36     13145.0
 2025 11 11 17 17 00 000    5.39    -1.16    -1.59  -414.60     -1.70      8.40    3.36     13145.0
 2025 11 11 17 18 00 000    5.48    -1.22    -1.43  -414.60     -1.70      8.40    3.36     13145.0
 2025 11 11 17 19 00 000    5.51    -1.08    -1.32  -416.40      0.30      0.00    3.57     14574.0
 2025 11 11 17 20 00 000    5.52    -1.20    -1.18  -414.70     -1.20      6.90    3.58     15395.0
 2025 11 11 17 21 00 000    5.11    -2.16    -1.57  -415.50     -6.00      3.60    3.01     19106.0
 2025 11 11 17 22 00 000    5.33    -1.48    -1.59  -417.10     -5.30      0.10    3.62     14026.0
 2025 11 11 17 23 00 000    5.43    -1.60    -1.20  -416.80     -7.30      1.50    3.62     14142.0
 2025 11 11 17 24 00 000    5.41    -1.73    -1.34  -415.20    -17.70      8.70    3.65     14799.0
 2025 11 11 17 25 00 000    5.60    -1.20    -0.48  -415.20    -17.70      8.70    3.65     14799.0
 2025 11 11 17 26 00 000    5.41    -1.85    -0.61  -415.20    -17.70      8.70    3.65     14799.0
 2025 11 11 17 27 00 000    5.43    -1.93    -0.85  -415.20    -17.70      8.70    3.65     14799.0
 2025 11 11 17 28 00 000    5.58    -1.09    -1.05  -415.20    -17.70      8.70    3.65     14799.0
 2025 11 11 17 29 00 000    5.42    -1.63    -1.37  -415.20    -17.70      8.70    3.65     14799.0
 2025 11 11 17 30 00 000    5.30    -1.91    -1.53  -415.20    -17.70      8.70    3.65     14799.0
 2025 11 11 17 31 00 000    5.57    -0.94    -1.33  -415.20    -17.70      8.70    3.65     14799.0
 2025 11 11 17 32 00 000    5.22    -2.38    -0.97  -415.20    -17.70      8.70    3.65     14799.0
 2025 11 11 17 33 00 000    5.30    -1.57    -1.15  -414.00     10.10      7.60    3.53     14179.0
 2025 11 11 17 34 00 000    5.33    -1.18    -1.56  -415.30      3.10      4.50    3.42     14248.0
 2025 11 11 17 35 00 000    5.20    -2.24    -1.18  -417.10     -7.10      0.00    3.26     14348.0
 2025 11 11 17 36 00 000    5.41    -1.88    -0.26  -417.10     -7.10      0.00    3.26     14348.0
 2025 11 11 17 37 00 000    5.25    -2.03    -1.51  -417.10     -7.10      0.00    3.26     14348.0
 2025 11 11 17 38 00 000    5.16    -2.27    -0.85  -417.10     -7.10      0.00    3.26     14348.0
 2025 11 11 17 39 00 000    5.26    -1.69    -1.40  -418.00     -8.00      4.00    4.10     14913.0
 2025 11 11 17 40 00 000    5.14    -1.71    -1.79  -418.20     -7.40      6.10    3.99     14324.0
 2025 11 11 17 41 00 000    5.47    -1.66    -0.99  -418.70     -6.20     10.70    3.73     13020.0
 2025 11 11 17 42 00 000    5.22    -2.04    -1.45  -418.70     -6.20     10.70    3.73     13020.0
 2025 11 11 17 43 00 000    5.14    -2.33    -1.11  -418.90     -6.90      1.40    4.02     13432.0
 2025 11 11 17 44 00 000    5.13    -2.18    -1.49  -418.90     -6.90      1.40    4.02     13432.0
 2025 11 11 17 45 00 000    5.32    -1.82    -1.34  -411.70     -3.80     21.30    3.44     13223.0
 2025 11 11 17 46 00 000    5.47    -1.58    -1.65  -411.50     -3.70     21.90    3.42     13216.0
 2025 11 11 17 47 00 000    5.50    -1.24    -1.60  -411.50     -3.70     21.90    3.42     13216.0
 2025 11 11 17 48 00 000    5.44    -1.53    -1.77  -411.50     -3.70     21.90    3.42     13216.0
 2025 11 11 17 49 00 000    5.53    -1.41    -1.44  -411.50     -3.70     21.90    3.42     13216.0
 2025 11 11 17 50 00 000    5.50    -1.76    -1.20  -411.50     -3.70     21.90    3.42     13216.0
 2025 11 11 17 51 00 000    5.56    -1.25    -1.36  -411.50     -3.70     21.90    3.42     13216.0
 2025 11 11 17 52 00 000    5.34    -1.79    -1.48  -415.90    -19.40     11.50    3.88     14723.0
 2025 11 11 17 53 00 000    5.25    -2.12    -1.26  -415.90    -19.40     11.50    3.88     14723.0
 2025 11 11 17 54 00 000    5.20    -2.00    -1.17  -415.80    -17.60      9.40    3.80     13324.0
 2025 11 11 17 55 00 000    5.35    -1.75    -1.04  -415.80    -17.60      9.40    3.80     13324.0
 2025 11 11 17 56 00 000    5.30    -1.94    -1.11  -415.60     -1.50      8.70    3.90     14404.0
 2025 11 11 17 57 00 000    5.34    -1.82    -1.08  -415.60     -1.50      8.70    3.90     14404.0
 2025 11 11 17 58 00 000    5.31    -1.75    -1.28  -415.60     -1.50      8.70    3.90     14404.0
 2025 11 11 17 59 00 000    5.34    -1.60    -1.57  -416.70     -2.60      1.40    3.95     13758.0
 2025 11 11 18 00 00 000    5.29    -1.80    -1.54  -416.00     -2.00      4.80    3.93     13596.0
 2025 11 11 18 01 00 000    5.40    -2.03    -1.28  -415.40     -1.50      7.80    3.92     13455.0
 2025 11 11 18 02 00 000    5.16    -2.02    -1.72  -415.20    -18.80      9.40    4.04     14547.0
 2025 11 11 18 03 00 000    5.26    -2.05    -1.45  -415.10    -16.70     10.50    3.97     14562.0
 2025 11 11 18 04 00 000    5.23    -1.91    -1.53  -415.10    -16.70     10.50    3.97     14562.0
 2025 11 11 18 05 00 000    5.48    -1.81    -1.32  -415.60    -16.10      2.80    3.84     14330.0
 2025 11 11 18 06 00 000    5.42    -2.00    -1.60  -415.60    -16.10      2.80    3.84     14330.0
 2025 11 11 18 07 00 000    5.37    -2.07    -1.56  -415.60    -16.10      2.80    3.84     14330.0
 2025 11 11 18 08 00 000    5.36    -2.06    -1.37  -414.20     -4.90      7.90    3.41     22025.0
 2025 11 11 18 09 00 000    5.50    -1.99    -1.15  -414.20     -4.90      7.90    3.41     22025.0
 2025 11 11 18 10 00 000    5.26    -2.43    -1.40  -414.20     -4.90      7.90    3.41     22025.0
 2025 11 11 18 12 00 000    5.48    -1.75    -1.34  -414.20     -4.90      7.90    3.41     22025.0
 2025 11 11 18 13 00 000    5.48    -1.70    -1.40  -414.20     -4.90      7.90    3.41     22025.0
 2025 11 11 18 14 00 000    5.33    -2.09    -1.44  -416.20    -17.70      6.10    4.12     13612.0
 2025 11 11 18 15 00 000    5.54    -1.72    -1.01  -416.20    -17.70      6.10    4.12     13612.0
 2025 11 11 18 16 00 000    5.22    -2.45    -1.23  -416.20    -17.70      6.10    4.12     13612.0
 2025 11 11 18 17 00 000    5.28    -2.33    -1.28  -416.20    -17.70      6.10    4.12     13612.0
 2025 11 11 18 18 00 000    5.29    -2.30    -1.41  -416.20    -17.70      6.10    4.12     13612.0
 2025 11 11 18 19 00 000    5.36    -2.17    -0.84  -416.20    -17.70      6.10    4.12     13612.0
 2025 11 11 18 20 00 000    5.32    -2.29    -1.39  -416.20    -17.70      6.10    4.12     13612.0
 2025 11 11 18 21 00 000    5.18    -2.61    -1.27  -416.20    -17.70      6.10    4.12     13612.0
 2025 11 11 18 23 00 000    5.33    -2.05    -1.58  -414.50    -15.40      9.60    4.10     12615.0
 2025 11 11 18 24 00 000    5.64    -1.25    -1.52  -414.50    -15.40      9.60    4.10     12615.0
 2025 11 11 18 25 00 000    5.27    -2.39    -1.15  -414.50    -15.40      9.60    4.10     12615.0
 2025 11 11 18 26 00 000    5.43    -1.86    -1.41  -414.50    -15.40      9.60    4.10     12615.0
 2025 11 11 18 27 00 000    5.52    -1.61    -0.96  -414.50    -15.40      9.60    4.10     12615.0
 2025 11 11 18 28 00 000    5.67    -1.45    -1.07  -411.70     -2.30     17.90    3.86     14274.0
 2025 11 11 18 29 00 000    5.47    -2.05    -1.18  -411.70     -3.10     19.40    3.73     14432.0
 2025 11 11 18 30 00 000    5.56    -1.67    -1.30  -411.70     -4.10     21.30    3.57     14624.0
 2025 11 11 18 31 00 000    5.49    -1.76    -1.21  -411.70     -4.10     21.30    3.57     14624.0
 2025 11 11 18 32 00 000    5.65    -1.67    -1.37  -411.70     -4.10     21.30    3.57     14624.0
 2025 11 11 18 34 00 000    5.68    -1.75    -1.14  -411.70     -4.10     21.30    3.57     14624.0
 2025 11 11 18 35 00 000    5.77    -1.49    -1.40  -415.20     -2.20      3.10    4.03     12354.0
 2025 11 11 18 36 00 000    5.75    -1.67    -1.63  -415.20     -2.20      3.10    4.03     12354.0
 2025 11 11 18 37 00 000    5.78    -1.72    -0.96  -411.30    -11.30     14.60    3.68     16620.0
 2025 11 11 18 38 00 000    5.69    -2.06    -0.76  -411.50    -10.30     14.80    3.63     17028.0
 2025 11 11 18 39 00 000    5.81    -1.65    -0.55  -413.20     -8.80     11.90    3.91     14856.0
 2025 11 11 18 40 00 000    5.74    -2.10    -0.65  -412.90    -10.00     11.60    3.96     14330.0
 2025 11 11 18 41 00 000    5.87    -1.31    -0.69  -412.50      7.90     11.60    3.86     14401.0
 2025 11 11 18 42 00 000    5.71    -2.02    -0.55  -412.60      9.10     11.50    3.86     14404.0
 2025 11 11 18 43 00 000    5.69    -2.04    -0.72  -409.90    -17.30     12.20    3.97     14685.0
 2025 11 11 18 44 00 000    5.75    -1.87    -0.85  -409.70    -15.80     12.80    4.04     14378.0
 2025 11 11 18 45 00 000    5.70    -1.98    -0.69  -409.60    -14.20     13.40    4.10     14074.0
 2025 11 11 18 46 00 000    5.67    -1.96    -0.56  -409.60    -14.20     13.40    4.10     14074.0
 2025 11 11 18 47 00 000    5.74    -2.06    -0.53  -409.60    -14.20     13.40    4.10     14074.0
 2025 11 11 18 48 00 000    5.78    -2.06    -0.23  -409.00    -16.80     15.30    3.67     13996.0
 2025 11 11 18 49 00 000    5.76    -2.13    -0.40  -409.00    -16.80     15.30    3.67     13996.0
 2025 11 11 18 50 00 000    5.83    -2.05    -0.30  -409.00    -16.80     15.30    3.67     13996.0
 2025 11 11 18 51 00 000    5.68    -2.30    -0.79  -411.70    -10.60      8.30    3.82     22512.0
 2025 11 11 18 52 00 000    5.69    -2.16    -0.55  -411.70    -10.60      8.30    3.82     22504.0
 2025 11 11 18 53 00 000    5.54    -2.22     0.36  -409.60    -18.20     18.30    4.02     14527.0
 2025 11 11 18 54 00 000    5.60    -2.29     0.29  -409.10    -15.70     16.70    4.28     14401.0
 2025 11 11 18 55 00 000    5.72    -2.09     0.03  -409.00    -14.80     16.00    4.36     14510.0
 2025 11 11 18 56 00 000    5.69    -1.98    -0.38  -408.80    -16.60     17.90    3.95     13649.0
 2025 11 11 18 57 00 000    5.74    -2.25    -0.38  -408.60    -16.00     15.90    3.87     13247.0
 2025 11 11 18 58 00 000    5.72    -2.16    -0.26  -410.20    -13.20     18.80    4.24     14133.0
 2025 11 11 18 59 00 000    5.94    -1.74    -0.56  -411.50    -11.10     21.70    4.56     14951.0
 2025 11 11 19 00 00 000    5.83    -1.93    -0.32  -411.50    -11.10     21.70    4.56     14951.0
 2025 11 11 19 01 00 000    5.69    -2.19    -0.25  -408.00    -15.50     16.60    3.82     13198.0
 2025 11 11 19 04 00 000    5.47    -2.56     0.57  -410.70    -20.30     17.20    3.98     14498.0
 2025 11 11 19 05 00 000    5.34    -2.89     0.99  -410.70    -20.30     17.20    3.98     14498.0
 2025 11 11 19 06 00 000    5.31    -2.80     0.83  -411.30    -17.40     20.20    3.93     13324.0
 2025 11 11 19 07 00 000    5.39    -2.61     0.73  -411.10    -14.70     19.60    3.62     16863.0
 2025 11 11 19 08 00 000    5.44    -2.54     0.88  -410.50    -15.30     19.40    3.64     17055.0
 2025 11 11 19 09 00 000    5.47    -2.62     0.51  -410.20    -18.50     19.70    3.98     13667.0
 2025 11 11 19 10 00 000    5.48    -2.68     0.68  -410.70    -16.30     17.30    4.33     14704.0
 2025 11 11 19 11 00 000    5.51    -2.50     0.87  -410.10    -17.60     17.40    4.10     14341.0
 2025 11 11 19 12 00 000    5.46    -2.52     0.57  -409.70    -18.70     17.50    3.93     14049.0
 2025 11 11 19 13 00 000    5.47    -2.65     0.72  -412.40     -9.00     25.40    3.87     13324.0
 2025 11 11 19 14 00 000    5.48    -2.44     0.87  -410.40    -15.30     21.90    3.90     13276.0
 2025 11 11 19 15 00 000    5.47    -2.51     0.88  -410.70    -12.10     24.50    3.83     13077.0
 2025 11 11 19 16 00 000    5.42    -2.57     0.93  -409.30    -15.10     21.30    3.80     13260.0
 2025 11 11 19 17 00 000    5.46    -2.50     0.92  -408.50    -18.00     19.20    3.83     13460.0
 2025 11 11 19 18 00 000    5.67    -2.38     0.92  -410.20    -14.60     23.80    4.05     13815.0
 2025 11 11 19 19 00 000    5.44    -2.16     1.64  -411.00    -10.00     25.80    3.86     13114.0
 2025 11 11 19 20 00 000    5.62    -2.13     1.32  -413.50    -19.40     33.50    3.17     12819.0
 2025 11 11 19 21 00 000    5.54    -2.07     1.24  -414.10    -19.80     35.70    3.08     12720.0
 2025 11 11 19 22 00 000    5.51    -2.09     1.13  -414.10    -19.80     35.70    3.08     12720.0
 2025 11 11 19 23 00 000    5.53    -2.07     1.19  -414.10    -19.80     35.70    3.08     12720.0
 2025 11 11 19 24 00 000    5.48    -2.09     1.40  -412.00     -4.80     30.10    3.64     12861.0
 2025 11 11 19 25 00 000    5.52    -2.24     0.81  -412.00     -4.80     30.10    3.64     12861.0
 2025 11 11 19 26 00 000    5.49    -2.43     0.55  -411.80    -18.30     28.70    3.50     15117.0
 2025 11 11 19 27 00 000    5.70    -2.15     0.40  -411.50    -18.10     27.40    3.56     15085.0
 2025 11 11 19 28 00 000    5.62    -2.34     1.00  -411.50    -18.10     27.40    3.56     15085.0
 2025 11 11 19 29 00 000    5.65    -2.27     1.03  -410.30     -5.40     25.60    3.83     13576.0
 2025 11 11 19 30 00 000    5.65    -2.46     0.18  -410.50     -5.90     25.20    3.81     14123.0
 2025 11 11 19 31 00 000    5.62    -2.46     0.45  -412.60    -15.50     19.00    3.42     21911.0
 2025 11 11 19 32 00 000    5.72    -2.36    -0.24  -409.90    -18.70     19.60    3.62     14947.0
 2025 11 11 19 33 00 000    5.83    -2.21    -0.14  -409.50    -19.10     19.70    3.65     14033.0
 2025 11 11 19 34 00 000    5.85    -2.14     0.29  -409.50    -19.10     19.70    3.65     14033.0
 2025 11 11 19 35 00 000    5.87    -2.24    -0.29  -413.20    -19.70     10.00    3.44     14894.0
 2025 11 11 19 36 00 000    5.80    -2.33    -0.37  -413.20    -19.70     10.00    3.44     14894.0
 2025 11 11 19 37 00 000    5.77    -2.41    -0.90  -408.00    -16.20     14.40    3.69     14266.0
 2025 11 11 19 38 00 000    5.78    -2.42    -0.92  -408.40    -16.70     14.10    3.65     14752.0
 2025 11 11 19 39 00 000    5.76    -2.37    -0.85  -410.10    -15.50     16.60    3.70     14738.0
 2025 11 11 19 40 00 000    5.78    -2.56    -0.78  -410.60    -16.10     14.80    3.70     14431.0
 2025 11 11 19 41 00 000    5.87    -2.48    -0.62  -413.60    -16.90      7.70    3.69     13056.0
 2025 11 11 19 42 00 000    5.90    -2.31    -0.53  -413.60    -16.90      7.70    3.69     13056.0
 2025 11 11 19 43 00 000    5.80    -2.44    -1.03  -410.80     -9.50     23.80    3.56     14166.0
 2025 11 11 19 44 00 000    5.79    -2.54    -0.29  -412.00    -11.50     16.60    3.63     13667.0
 2025 11 11 19 45 00 000    5.88    -2.38    -0.68  -412.40    -15.40     11.10    3.70     13683.0
 2025 11 11 19 46 00 000    5.88    -2.47    -0.85  -411.70    -12.90     14.40    3.58     13921.0
 2025 11 11 19 47 00 000    5.77    -2.78    -0.53  -412.40    -14.10     10.80    3.98     13602.0
 2025 11 11 19 48 00 000    5.84    -2.52    -0.45  -410.60    -20.20     12.50    3.34     13468.0
 2025 11 11 19 49 00 000    5.80    -2.51    -0.74  -410.60    -20.20     12.50    3.34     13468.0
 2025 11 11 19 50 00 000    6.06    -2.02    -1.30  -410.60    -20.20     12.50    3.34     13468.0
 2025 11 11 19 51 00 000    6.01    -1.91    -1.15  -410.60    -20.20     12.50    3.34     13468.0
 2025 11 11 19 52 00 000    5.86    -2.31    -0.20  -410.10    -17.70     10.50    3.57     13950.0
 2025 11 11 19 53 00 000    5.85    -2.47    -0.51  -409.80    -17.20     10.90    3.55     13863.0
 2025 11 11 19 54 00 000    5.83    -2.52    -0.49  -410.10    -16.50     10.90    3.54     14739.0
 2025 11 11 19 55 00 000    5.86    -2.43    -0.95  -411.90    -16.20      9.10    3.56     16362.0
 2025 11 11 19 56 00 000    5.93    -2.16    -0.84  -412.30    -17.10      8.10    3.58     15450.0
 2025 11 11 19 57 00 000    5.82    -2.48    -0.42  -412.30    -17.10      8.10    3.58     15450.0
 2025 11 11 19 58 00 000    5.92    -2.28    -0.65  -412.30    -17.10      8.10    3.58     15450.0
 2025 11 11 19 59 00 000    5.72    -2.68    -0.47  -412.70    -17.40      7.30    3.41     14373.0
 2025 11 11 20 00 00 000    5.77    -2.61    -0.57  -413.20    -16.80      6.00    3.61     13669.0
 2025 11 11 20 01 00 000    6.02    -2.20    -0.21  -409.40    -14.10     14.80    3.55     13158.0
 2025 11 11 20 02 00 000    5.76    -2.71    -0.80  -411.70    -17.70     10.00    3.68     13816.0
 2025 11 11 20 03 00 000    5.90    -2.48    -0.58  -414.50    -22.00      4.10    3.83     14311.0
 2025 11 11 20 04 00 000    6.04    -2.02    -0.46  -414.50    -22.00      4.10    3.83     14311.0
 2025 11 11 20 05 00 000    5.93    -2.39    -0.43  -408.60    -15.70     12.50    3.49     13710.0
 2025 11 11 20 06 00 000    5.91    -2.35    -0.19  -408.50    -15.30     12.40    3.49     13684.0
 2025 11 11 20 07 00 000    5.86    -2.68     0.02  -408.50    -15.30     12.40    3.49     13684.0
 2025 11 11 20 08 00 000    6.07    -2.10    -0.64  -409.30    -15.60     12.50    3.75     15141.0
 2025 11 11 20 09 00 000    5.89    -2.29    -0.43  -409.30    -15.60     12.50    3.75     15141.0
 2025 11 11 20 10 00 000    5.92    -2.40     0.24  -410.50     -9.10     24.30    3.34     13973.0
 2025 11 11 20 11 00 000    5.94    -2.48     0.07  -409.40    -14.40     17.50    3.38     14716.0
 2025 11 11 20 12 00 000    6.00    -2.28    -0.57  -409.60    -18.70     13.30    3.72     15508.0
 2025 11 11 20 13 00 000    5.97    -2.36    -0.68  -410.20    -19.30     13.70    3.78     15425.0
 2025 11 11 20 14 00 000    5.78    -2.66    -0.98  -409.00    -17.20     14.60    3.66     14670.0
 2025 11 11 20 15 00 000    5.89    -2.79    -0.64  -409.00    -17.20     14.60    3.66     14670.0
 2025 11 11 20 16 00 000    5.94    -2.51    -0.62  -410.10    -21.00     14.90    3.23     13737.0
 2025 11 11 20 17 00 000    5.87    -2.60    -1.12  -410.60    -22.90     16.30    3.42     14624.0
 2025 11 11 20 18 00 000    6.08    -2.04    -0.33  -410.70    -23.60     16.80    3.49     14932.0
 2025 11 11 20 19 00 000    5.74    -2.88    -0.76  -410.70    -23.20     15.20    3.94     16409.0
 2025 11 11 20 20 00 000    5.98    -2.33    -0.74  -410.60    -23.30     16.50    3.91     16104.0
 2025 11 11 20 21 00 000    6.04    -2.17    -0.59  -409.40    -20.00     15.80    3.89     15756.0
 2025 11 11 20 22 00 000    6.35    -1.59    -0.16  -409.00    -18.50     14.80    3.90     15760.0
 2025 11 11 20 23 00 000    6.09    -2.47    -0.44  -409.00    -18.50     14.80    3.90     15760.0
 2025 11 11 20 24 00 000    6.12    -2.25    -0.33  -409.00    -18.50     14.80    3.90     15760.0
 2025 11 11 20 25 00 000    6.18    -2.02    -0.04  -409.00    -18.50     14.80    3.90     15760.0
 2025 11 11 20 26 00 000    6.11    -2.01    -0.98  -407.70    -17.50     14.30    3.60     16513.0
 2025 11 11 20 27 00 000    6.19    -2.01    -0.77  -408.00    -16.70     16.40    3.87     16690.0
 2025 11 11 20 28 00 000    6.38    -1.55    -1.03  -408.10    -16.20     17.60    4.03     16792.0
 2025 11 11 20 29 00 000    6.32    -1.98    -0.43  -408.30    -15.80     15.40    3.76     18457.0
 2025 11 11 20 30 00 000    6.23    -1.99     0.14  -408.50    -15.90     15.00    3.66     20067.0
 2025 11 11 20 31 00 000    6.24    -2.27    -0.28  -408.70    -19.90     16.40    4.21     17629.0
 2025 11 11 20 32 00 000    6.26    -2.17    -0.75  -408.90    -18.50     14.70    4.13     16943.0
 2025 11 11 20 33 00 000    6.26    -2.28    -0.19  -409.80    -20.10     16.10    3.98     14958.0
 2025 11 11 20 34 00 000    6.23    -2.68    -0.60  -408.50    -18.20     19.10    3.98     15123.0
 2025 11 11 20 35 00 000    6.13    -2.86    -0.37  -409.70    -23.10     17.40    4.06     14703.0
 2025 11 11 20 36 00 000    5.78    -3.25     0.05  -409.80    -23.50     17.30    4.06     14667.0
 2025 11 11 20 37 00 000    5.70    -3.21    -0.09  -409.20    -24.00     19.00    3.80     16691.0
 2025 11 11 20 38 00 000    5.74    -3.11    -0.52  -409.20    -24.00     19.00    3.80     16690.0
 2025 11 11 20 39 00 000    5.91    -2.94    -0.28  -410.20    -22.80     14.70    3.94     16650.0
 2025 11 11 20 40 00 000    5.96    -2.92    -0.31  -409.50    -20.20     17.20    3.78     18709.0
 2025 11 11 20 41 00 000    6.18    -2.38     0.15  -409.20    -19.40     17.30    3.80     18322.0
 2025 11 11 20 42 00 000    5.75    -3.02    -0.24  -409.30    -28.80     15.90    3.93     14594.0
 2025 11 11 20 43 00 000    5.81    -3.15    -0.05  -409.70    -25.40     17.20    4.01     14860.0
 2025 11 11 20 44 00 000    5.75    -3.22    -0.19  -408.80    -22.70     18.00    4.00     15672.0
 2025 11 11 20 45 00 000    5.60    -2.97    -0.74  -407.80    -21.20     18.40    4.05     15996.0
 2025 11 11 20 46 00 000    5.73    -2.81    -0.65  -409.00    -23.70     14.40    3.58     14698.0
 2025 11 11 20 47 00 000    5.75    -2.89    -0.68  -408.60    -25.50     17.40    3.76     15032.0
 2025 11 11 20 48 00 000    5.94    -2.84    -0.67  -408.30    -28.00     18.10    3.81     13956.0
 2025 11 11 20 49 00 000    5.93    -3.17    -0.75  -408.30    -28.00     18.10    3.81     13956.0
 2025 11 11 20 50 00 000    4.90    -4.09     0.26  -408.80    -25.70     16.80    4.22     13695.0
 2025 11 11 20 51 00 000    5.16    -3.87     0.24  -408.90    -26.10     16.80    4.26     13693.0
 2025 11 11 20 52 00 000    4.94    -4.01     0.77  -408.10    -23.80     18.60    4.51     13020.0
 2025 11 11 20 53 00 000    4.86    -3.97     0.81  -408.10    -23.80     18.60    4.51     13020.0
 2025 11 11 20 54 00 000    5.15    -3.76     0.76  -408.10    -23.80     18.60    4.51     13020.0
 2025 11 11 20 55 00 000    4.83    -3.89     0.95  -405.60    -23.40     15.30    4.09     13091.0
 2025 11 11 20 56 00 000    4.86    -4.10     0.22  -406.00    -24.00     15.30    4.18     13102.0
 2025 11 11 20 57 00 000    4.73    -4.17     0.19  -408.30    -27.50     15.00    4.69     13163.0
 2025 11 11 20 58 00 000    4.83    -4.13     0.30  -408.30    -27.50     15.00    4.69     13163.0
 2025 11 11 20 59 00 000    4.76    -4.14     0.10  -408.30    -27.50     15.00    4.69     13163.0
 2025 11 11 21 00 00 000    5.09    -3.83     0.45  -405.80    -19.20     12.60    4.31     12234.0
 2025 11 11 21 01 00 000    4.90    -4.12     0.61  -406.90    -24.10     14.90    4.40     16263.0
 2025 11 11 21 02 00 000    5.25    -3.71     0.35  -407.20    -27.30     17.40    4.33     16168.0
 2025 11 11 21 03 00 000    5.47    -3.30     0.32  -405.40    -24.90     14.30    4.04     14303.0
 2025 11 11 21 04 00 000    5.55    -2.85    -0.24  -405.40    -22.70     13.40    4.60     14722.0
 2025 11 11 21 05 00 000    5.58    -2.18    -0.13  -405.10    -19.70     12.40    4.73     15996.0
 2025 11 11 21 06 00 000    5.73    -2.37     0.05  -402.20    -13.90      3.70    5.17     15034.0
 2025 11 11 21 07 00 000    5.77    -2.49     0.33  -402.00    -13.60      2.90    5.16     14896.0
 2025 11 11 21 08 00 000    5.51    -2.57    -0.25  -406.50    -22.20     16.50    3.65     17106.0
 2025 11 11 21 09 00 000    4.95    -3.08     0.51  -406.60    -20.50     17.70    4.08     15717.0
 2025 11 11 21 10 00 000    5.56    -1.98    -0.68  -407.10    -27.10     12.30    3.89     12099.0
 2025 11 11 21 11 00 000    5.68    -1.69     0.28  -404.20    -20.50      5.80    4.35     12672.0
 2025 11 11 21 12 00 000    5.66    -1.53     0.16  -402.70    -19.80      1.80    4.32     12320.0
 2025 11 11 21 13 00 000    5.58    -1.40     0.45  -402.70    -19.80      1.80    4.32     12320.0
 2025 11 11 21 14 00 000    5.60    -1.40    -0.19  -402.60    -17.20      5.90    4.17     13041.0
 2025 11 11 21 15 00 000    5.55    -1.91    -0.57  -402.50    -17.30      6.00    4.14     13010.0
 2025 11 11 21 16 00 000    5.86    -0.97    -0.66  -401.50    -18.00      3.70    3.83     12707.0
 2025 11 11 21 17 00 000    5.43    -1.94     0.11  -401.10    -13.10     16.70    4.25     13186.0
 2025 11 11 21 18 00 000    5.47    -1.87     0.38  -400.10     -9.80     16.70    4.29     12537.0
 2025 11 11 21 19 00 000    5.62    -2.03    -0.67  -401.90    -15.60     14.40    4.23     11703.0
 2025 11 11 21 20 00 000    5.57    -2.01    -1.09  -402.90    -22.50      8.90    4.14     12011.0
 2025 11 11 21 21 00 000    5.68    -1.62    -1.06  -399.60    -11.60      2.60    3.78     16491.0
 2025 11 11 21 22 00 000    5.48    -0.98    -0.90  -399.60    -11.60      2.60    3.78     16491.0
 2025 11 11 21 23 00 000    5.43    -0.25    -0.84  -399.60    -11.60      2.60    3.78     16491.0
 2025 11 11 21 24 00 000    5.59    -0.83    -0.91  -400.40      2.60      7.50    4.01     13360.0
 2025 11 11 21 25 00 000    5.57    -1.24    -0.86  -400.40     -7.60      5.70    3.84     14506.0
 2025 11 11 21 26 00 000    5.33    -1.50    -0.91  -398.20    -20.70     17.90    4.23     11059.0
 2025 11 11 21 27 00 000    5.48    -0.64    -0.97  -398.20    -20.70     17.90    4.23     11061.0
 2025 11 11 21 28 00 000    5.42    -0.26    -1.28  -396.70      7.20     12.20    3.01     14014.0
 2025 11 11 21 29 00 000    5.64    -1.61    -0.47  -396.80     -2.00     10.20    2.99     14877.0
 2025 11 11 21 30 00 000    5.55    -1.11    -1.00  -399.60    -17.40      1.90    3.19     17457.0
 2025 11 11 21 31 00 000    5.64    -1.13    -1.25  -396.60    -16.60     10.00    3.10     14683.0
 2025 11 11 21 32 00 000    5.64    -1.27    -1.06  -395.70    -15.30     10.20    2.95     14371.0
 2025 11 11 21 33 00 000    5.50    -1.33    -1.07  -397.70    -16.40      8.60    3.36     14308.0
 2025 11 11 21 34 00 000    5.18    -1.50    -1.12  -400.10    -12.70      1.90    3.79     15417.0
 2025 11 11 21 35 00 000    5.20    -1.57    -0.94  -400.10    -12.70      1.90    3.79     15417.0
 2025 11 11 21 36 00 000    5.35    -0.66    -1.34  -397.60    -13.00     12.00    4.24     16272.0
 2025 11 11 21 37 00 000    5.11    -1.05    -1.01  -397.60    -13.00     12.00    4.24     16272.0
 2025 11 11 21 38 00 000    5.27    -0.94    -1.44  -399.60    -10.50      6.40    3.51     15104.0
 2025 11 11 21 39 00 000    5.09    -1.40    -1.90  -397.60    -12.60     11.40    3.63     14072.0
 2025 11 11 21 40 00 000    5.26    -1.08    -1.69  -397.80     -7.40     10.40    2.96     15965.0
 2025 11 11 21 41 00 000    5.62    -0.86    -1.60  -401.80     -4.30      2.10    3.20     14143.0
 2025 11 11 21 42 00 000    5.28    -1.26    -2.11  -402.20     -9.00      2.60    3.31     13787.0
 2025 11 11 21 43 00 000    5.57    -1.22    -1.61  -400.30    -15.30      7.70    3.28     14458.0
 2025 11 11 21 44 00 000    5.51    -0.95    -2.00  -400.50    -26.40      4.20    3.74     14554.0
 2025 11 11 21 45 00 000    5.60    -1.28    -1.60  -398.40    -17.40      7.30    3.27     14110.0
 2025 11 11 21 46 00 000    5.30    -1.71    -1.79  -397.30    -17.40      4.60    3.13     12802.0
 2025 11 11 21 47 00 000    5.48    -1.81    -1.21  -402.00    -27.30      3.20    3.52     12071.0
 2025 11 11 21 48 00 000    4.54    -1.71    -2.09  -401.80    -37.70     -5.30    3.07     12500.0
 2025 11 11 21 49 00 000    4.20    -2.32    -2.62  -407.30    -31.60     -6.60    3.66     15643.0
 2025 11 11 21 50 00 000    4.29    -1.49    -3.13  -407.30    -31.60     -6.60    3.66     15643.0
 2025 11 11 21 51 00 000    4.49    -1.50    -2.37  -397.70    -21.50    -11.50    2.96     12251.0
 2025 11 11 21 52 00 000    4.71    -1.33    -2.22  -397.70    -16.80     -8.20    3.17     12800.0
 2025 11 11 21 53 00 000    4.72    -1.41    -1.71  -398.60     -2.80     -3.20    3.44     11020.0
 2025 11 11 21 54 00 000    5.03    -1.74    -1.34  -401.50     -6.10     -0.30    3.48     11066.0
 2025 11 11 21 55 00 000    4.93    -1.98    -1.42  -395.70    -23.00     18.20    3.27     13162.0
 2025 11 11 21 56 00 000    4.46    -1.66    -1.94  -400.00      5.70      8.10    3.80     13073.0
 2025 11 11 21 57 00 000    4.81    -0.91    -2.58  -402.10     -0.20      2.80    3.80     12657.0
 2025 11 11 21 58 00 000    4.82    -1.46    -2.81  -406.20    -11.60     -7.30    3.79     11856.0
 2025 11 11 21 59 00 000    5.05    -0.95    -2.06  -406.20    -11.60     -7.30    3.79     11856.0
 2025 11 11 22 00 00 000    5.18    -1.36    -1.24  -406.20    -11.60     -7.30    3.79     11856.0
 2025 11 11 22 01 00 000    5.22    -1.48    -1.35  -395.40    -12.70     10.90    2.90     16691.0
 2025 11 11 22 02 00 000    5.57    -0.55    -1.58  -395.40    -12.70     10.90    2.90     16691.0
 2025 11 11 22 03 00 000    5.04    -1.37    -1.88  -394.50     -9.40      8.80    3.95     17056.0
 2025 11 11 22 04 00 000    4.98    -0.47    -2.79  -396.50     -5.70      5.20    4.29     16050.0
 2025 11 11 22 05 00 000    5.20    -1.49    -1.94  -401.50     -2.40      0.90    4.66     15489.0
 2025 11 11 22 06 00 000    5.29    -1.26    -2.21  -397.00    -14.10     11.50    5.06     20986.0
 2025 11 11 22 07 00 000    5.16    -2.43    -1.59  -396.10    -24.20      9.40    4.64     14479.0
 2025 11 11 22 08 00 000    4.90    -3.33    -1.00  -396.10    -24.20      9.40    4.64     14479.0
 2025 11 11 22 09 00 000    4.93    -2.55    -1.98  -396.10    -24.20      9.40    4.64     14479.0
 2025 11 11 22 10 00 000    5.47    -1.44    -2.15  -398.40    -22.10     10.60    3.69     12244.0
 2025 11 11 22 11 00 000    4.72    -2.23    -2.93  -397.70    -19.70     10.40    3.72     12381.0
 2025 11 11 22 12 00 000    5.28    -1.62    -1.81  -403.00    -15.50      5.50    3.47     14278.0
 2025 11 11 22 13 00 000    5.28    -0.96    -1.96  -404.50     -9.00     -0.60    3.58     14178.0
 2025 11 11 22 14 00 000    5.36    -1.23    -1.38  -405.60     -4.40     -4.90    3.66     14107.0
 2025 11 11 22 15 00 000    4.50    -1.54    -3.15  -405.60     -4.40     -4.90    3.66     14107.0
 2025 11 11 22 16 00 000    5.32    -1.56    -1.99  -405.60     -4.40     -4.90    3.66     14107.0
 2025 11 11 22 17 00 000    5.24    -1.55    -1.51  -402.70    -15.90      4.80    3.88     13501.0
 2025 11 11 22 18 00 000    4.95    -1.60    -2.85  -402.60    -15.90      5.10    3.89     13473.0
 2025 11 11 22 19 00 000    5.05    -1.57    -2.68  -401.90    -24.40     12.70    4.19     12830.0
 2025 11 11 22 20 00 000    5.33    -1.09    -2.79  -400.90    -19.50     14.70    4.20     12720.0
 2025 11 11 22 21 00 000    4.86    -1.06    -3.61  -399.50     -3.80     24.10    4.42     12510.0
 2025 11 11 22 22 00 000    5.32    -1.04    -2.64  -399.50     -3.80     24.10    4.42     12510.0
 2025 11 11 22 23 00 000    5.87    -1.60    -2.56  -399.50     -3.80     24.10    4.42     12510.0
 2025 11 11 22 24 00 000    4.92    -1.66    -4.43  -399.50     -3.80     24.10    4.42     12510.0
 2025 11 11 22 25 00 000    5.88    -2.57    -3.07  -404.30    -27.60      1.80    4.18     11757.0
 2025 11 11 22 26 00 000    4.99    -1.82    -4.18  -410.00    -24.90     -1.60    3.62     13517.0
 2025 11 11 22 27 00 000    5.21    -2.15    -4.16  -413.50    -23.30    -10.10    3.58     15703.0
 2025 11 11 22 28 00 000    6.45    -1.47    -2.50  -407.30    -24.00     -9.60    4.19     14860.0
 2025 11 11 22 29 00 000    5.42    -1.59    -4.04  -404.40    -20.00      5.80    4.30     16068.0
 2025 11 11 22 30 00 000    5.70    -1.80    -3.94  -410.30    -19.10     -4.20    4.56     20140.0
 2025 11 11 22 31 00 000    5.88    -2.06    -2.56  -406.60    -15.10     -4.00    4.30     18045.0
 2025 11 11 22 32 00 000    5.33    -2.51    -3.24  -406.40    -16.90     -6.30    3.62     14125.0
 2025 11 11 22 33 00 000    5.20    -1.81    -4.68  -406.40    -16.90     -6.30    3.62     14125.0
 2025 11 11 22 34 00 000    5.06    -2.41    -4.24  -417.10    -42.50     -6.80    5.70     16292.0
 2025 11 11 22 35 00 000    5.29    -2.90    -3.61  -417.10    -42.50     -6.80    5.70     16292.0
 2025 11 11 22 36 00 000    5.41    -1.91    -3.93  -403.40    -19.90      1.70    4.07     13996.0
 2025 11 11 22 37 00 000    6.23    -0.55    -2.61  -404.50    -21.80     -0.50    3.92     14052.0
 2025 11 11 22 38 00 000    5.64    -1.74    -3.62  -405.60    -22.40     -2.40    3.52     14607.0
 2025 11 11 22 39 00 000    5.30    -1.74    -4.15  -403.10    -14.30      4.30    3.65     17386.0
 2025 11 11 22 40 00 000    4.69    -1.97    -4.88  -400.80     -7.10     16.80    7.50     30054.0
 2025 11 11 22 41 00 000    5.56    -1.77    -3.68  -401.70     -9.80     17.10    5.94     22250.0
 2025 11 11 22 42 00 000    5.26    -3.67    -4.26  -402.40    -12.20     16.10    4.56     15956.0
 2025 11 11 22 44 00 000    6.22    -3.67    -4.08  -402.40    -12.20     16.10    4.56     15956.0
 2025 11 11 22 50 00 000    7.80    -5.50    -4.51  -402.40    -12.20     16.10    4.56     15956.0
 2025 11 11 22 51 00 000    7.80    -5.50    -4.51  -402.40    -12.20     16.10    4.56     15956.0
 2025 11 11 22 56 00 000    6.97    -6.71    -5.61  -402.40    -12.20     16.10    4.56     15956.0
 2025 11 11 23 00 00 000    7.56    -4.75    -8.52  -402.40    -12.20     16.10    4.56     15956.0
 2025 11 11 23 04 00 000    7.71    -7.41    -7.38  -402.40    -12.20     16.10    4.56     15956.0
 2025 11 11 23 08 00 000    6.17    -8.35    -8.21  -402.40    -12.20     16.10    4.56     15956.0
 2025 11 11 23 10 00 000    7.33    -7.40    -7.41  -402.40    -12.20     16.10    4.56     15956.0
 2025 11 11 23 11 00 000    7.33    -7.40    -7.41  -402.40    -12.20     16.10    4.56     15956.0
 2025 11 11 23 13 00 000    6.46    -7.82    -8.69  -402.40    -12.20     16.10    4.56     15956.0
 2025 11 11 23 14 00 000    8.47    -7.14     1.01  -402.40    -12.20     16.10    4.56     15956.0
 2025 11 11 23 15 00 000    8.05    -7.82    -2.39  -402.40    -12.20     16.10    4.56     15956.0
 2025 11 11 23 16 00 000    7.75    -8.03     3.93  -486.00    -92.30     33.50   11.63     83183.0
 2025 11 11 23 17 00 000    8.77    -6.04     1.16  -487.40    -85.10     29.80   11.54     89637.0
 2025 11 11 23 18 00 000    8.00    -7.06     1.77  -490.00    -75.70     38.40   11.53    150599.0
 2025 11 11 23 19 00 000    8.09    -7.73     1.16  -483.10    -85.90     48.60   12.83    172842.0
 2025 11 11 23 20 00 000    8.07    -8.20    -4.26  -474.90    -60.90     12.40   13.71     89221.0
 2025 11 11 23 21 00 000    8.14    -7.46    -3.40  -475.10    -59.90     11.20   12.86     77449.0
 2025 11 11 23 22 00 000    8.13    -7.31     0.98  -475.10    -59.90     11.20   12.86     77449.0
 2025 11 11 23 23 00 000    5.28    -9.53    -1.92  -475.10    -59.90     11.20   12.86     77449.0
 2025 11 11 23 24 00 000    6.97    -8.43    -1.83  -478.40    -89.10      9.30   12.89    164159.0
 2025 11 11 23 25 00 000    7.78    -6.89    -0.49  -478.40    -89.10      9.30   12.89    164159.0
 2025 11 11 23 26 00 000    7.09    -7.90    -1.37  -478.40    -89.10      9.30   12.89    164159.0
 2025 11 11 23 27 00 000    7.98    -8.34    -3.41  -480.60    -98.60      0.70   13.29    116218.0
 2025 11 11 23 28 00 000    7.22    -8.71    -4.71  -480.60    -98.60      0.70   13.28    116218.0
 2025 11 11 23 29 00 000    8.58    -9.09    -3.18  -480.60    -98.60      0.70   13.28    116218.0
 2025 11 11 23 30 00 000    7.65    -8.42    -4.75  -478.40   -101.70     12.90   11.28    134956.0
 2025 11 11 23 31 00 000    8.22    -7.22    -4.35  -477.30   -100.20     13.40   11.66    134517.0
 2025 11 11 23 32 00 000    7.61    -8.50    -1.97  -470.40    -90.40     16.40   14.07    131717.0
 2025 11 11 23 33 00 000    7.61    -8.73    -3.02  -483.80    -96.80     12.50   10.35    189969.0
 2025 11 11 23 34 00 000    8.04    -7.91    -0.26  -484.60    -97.30     12.30   10.12    192994.0
 2025 11 11 23 35 00 000    8.13    -8.69    -0.25  -484.60    -97.30     12.30   10.12    192994.0
 2025 11 11 23 36 00 000    7.50    -9.28     0.00  -480.50    -95.10     16.80   12.68    127498.0
 2025 11 11 23 37 00 000    8.03    -8.95    -0.17  -478.10   -100.30     35.10   12.12    103811.0
 2025 11 11 23 38 00 000    7.99    -8.44     1.08  -476.90   -102.90     44.40   11.84     91879.0
 2025 11 11 23 39 00 000    9.02    -7.44     0.46  -471.60    -92.80     34.20   15.84    100119.0
 2025 11 11 23 40 00 000    7.89    -8.22    -0.11  -473.20    -92.40     31.00   16.91     86387.0
 2025 11 11 23 41 00 000    7.77    -8.02    -1.47  -474.70    -89.40     32.10   20.18     65228.0
 2025 11 11 23 42 00 000    7.01    -8.81    -1.52  -474.60    -87.90     34.70   21.40     61527.0
 2025 11 11 23 43 00 000    8.79    -6.95    -0.52  -474.60    -87.90     34.70   21.40     61527.0
 2025 11 11 23 44 00 000    7.79    -8.25    -0.56  -466.20    -91.30     13.40   18.48     72879.0
 2025 11 11 23 45 00 000    7.38    -8.96    -1.43  -468.10    -93.80     15.30   15.92     60712.0
 2025 11 11 23 46 00 000    6.45    -9.40    -2.09  -469.00    -94.90     16.20   14.77     55195.0
 2025 11 11 23 47 00 000    6.87    -9.32    -1.91  -476.00    -96.10     25.80   18.81     80380.0
 2025 11 11 23 48 00 000    7.53    -8.96    -1.88  -476.00    -96.10     25.80   18.81     80380.0
 2025 11 11 23 49 00 000    7.87    -9.17    -3.08  -476.00    -96.10     25.80   18.81     80380.0
 2025 11 11 23 50 00 000    7.58    -9.26    -3.04  -476.00    -96.10     25.80   18.81     80380.0
 2025 11 11 23 51 00 000    6.75    -9.85    -2.66  -472.50    -81.30     22.60   19.06     79676.0
 2025 11 11 23 52 00 000    6.80   -10.15    -3.72  -472.50    -81.30     22.60   19.06     79676.0
 2025 11 11 23 53 00 000    7.64   -10.18    -2.90  -474.20    -81.30     20.40   11.15     45185.0
 2025 11 11 23 54 00 000    7.56   -10.31    -3.42  -472.40    -84.80     20.80   12.53     58277.0
 2025 11 11 23 55 00 000    7.47    -9.81    -4.25  -469.20    -91.50     20.90   14.91     77849.0
 2025 11 11 23 56 00 000    7.35   -10.53    -4.14  -468.60    -99.80     13.80   14.72     42454.0
 2025 11 11 23 57 00 000    7.87   -10.57    -3.62  -468.60    -99.80     13.80   14.72     42454.0
 2025 11 11 23 58 00 000    8.30   -10.09    -3.66  -468.60    -99.80     13.80   14.72     42454.0
 2025 11 11 23 59 00 000    8.00   -10.18    -3.17  -468.60    -99.80     13.80   14.72     42454.0
 2025 11 12 00 00 00 000    7.89    -9.81    -3.57  -460.20    -90.70     21.60   20.27     61651.0
 2025 11 12 00 01 00 000    8.68    -9.44    -2.98  -460.00    -83.10     17.90   18.40     54263.0
 2025 11 12 00 02 00 000    8.40   -10.26    -1.90  -460.00    -83.10     17.90   18.40     54263.0
 2025 11 12 00 03 00 000    8.98    -9.99    -0.80  -464.50    -79.20     28.50   23.41     56798.0
 2025 11 12 00 04 00 000    9.19    -9.76    -1.69  -464.40    -79.30     28.50   23.30     56572.0
 2025 11 12 00 05 00 000    8.93   -10.73    -2.92  -457.50    -86.30     28.00   15.63     41498.0
 2025 11 12 00 06 00 000    9.41   -11.09    -3.79  -457.00    -93.50     21.10   17.56     49894.0
 2025 11 12 00 07 00 000    8.87   -11.19    -2.91  -460.10    -91.80     30.00   18.08     51352.0
 2025 11 12 00 08 00 000    9.24   -10.36    -4.40  -462.40    -89.60     37.60   18.10     50630.0
 2025 11 12 00 09 00 000    9.49   -10.35    -4.12  -454.90   -101.80     23.80   15.99     35931.0
 2025 11 12 00 10 00 000    8.95   -11.13    -3.58  -456.30    -99.50     27.80   16.62     36754.0
 2025 11 12 00 11 00 000    9.14   -10.82    -4.08  -460.10    -95.10     36.70   17.90     39811.0
 2025 11 12 00 12 00 000    9.82   -10.89    -4.54  -460.10   -103.00     27.00   15.99     41716.0
 2025 11 12 00 13 00 000    8.81   -10.59    -5.65  -463.90   -103.40     24.60   15.04     38697.0
 2025 11 12 00 14 00 000    7.70   -10.66    -6.15  -463.90   -103.40     24.60   15.04     38695.0
 2025 11 12 00 15 00 000    7.88    -9.82    -7.66  -460.50   -104.40     25.10   17.42     77453.0
 2025 11 12 00 16 00 000    7.18   -10.69    -8.20  -465.20   -104.70     22.50   15.55     60057.0
 2025 11 12 00 17 00 000    6.94   -10.67    -9.75  -467.90   -100.40     22.00   15.12     54956.0
 2025 11 12 00 18 00 000    6.98   -10.07    -8.96  -454.80   -114.00     19.90   16.42     68261.0
 2025 11 12 00 19 00 000    7.74   -10.28    -7.62  -454.80   -114.00     19.90   16.42     68261.0
 2025 11 12 00 20 00 000   11.98   -20.25    -7.79  -589.70   -185.10     47.20   34.62    310462.0
 2025 11 12 00 21 00 000   14.43   -25.13   -12.70  -528.90   -148.40     35.20   25.18    197038.0
 2025 11 12 00 22 00 000   14.98   -25.37    -7.47  -577.90   -137.80     26.90   33.89    342310.0
 2025 11 12 00 23 00 000   11.69   -22.33   -17.87  -505.30   -128.50      8.40   22.48    204177.0
 2025 11 12 00 24 00 000   10.65   -10.55     6.48  -454.80   -103.90     16.70   15.07     46985.0
 2025 11 12 00 25 00 000    7.65   -12.08    -8.47  -459.30   -104.40     16.80   15.86     43046.0
 2025 11 12 00 26 00 000    4.54   -13.48   -17.88  -485.20   -102.30     21.90   20.22     59280.0
 2025 11 12 00 27 00 000   -1.43    -5.52   -34.12  -564.80    -80.90     20.10   30.29    117939.0
 2025 11 12 00 28 00 000   -8.00    -4.64   -53.67  -624.50    -41.30     15.90   27.21    111409.0
 2025 11 12 00 29 00 000   -8.20    -3.54   -53.09  -717.40     11.10     14.60   30.42    138025.0
 2025 11 12 00 30 00 000   -6.62     3.48   -48.31  -711.00     17.80     14.40   29.44    149347.0
 2025 11 12 00 31 00 000  -11.29     7.54   -48.90  -713.40     43.70     32.50   35.54    275544.0
 2025 11 12 00 32 00 000  -13.29    16.99   -44.91  -718.10     96.70     84.80   30.10    522401.0
 2025 11 12 00 33 00 000  -13.12    21.12   -41.72  -728.50     36.30     19.30   44.59    353141.0
 2025 11 12 00 34 00 000  -15.44    30.02   -40.31  -720.80     95.40     76.40   30.08    408815.0
 2025 11 12 00 35 00 000  -14.02    30.22   -39.95  -712.10     84.90     79.80   32.19    402129.0
 2025 11 12 00 36 00 000  -14.41    23.01   -43.29  -721.10     92.70     35.20   37.80    341693.0
 2025 11 12 00 37 00 000  -14.06    24.51   -41.31  -692.10     69.60     69.50   36.15    386752.0
 2025 11 12 00 38 00 000  -10.88    26.57   -37.24  -682.10     91.40     90.20   46.09    583398.0
 2025 11 12 00 39 00 000  -10.51    31.97   -32.48  -708.70     92.00     46.10   39.15    455585.0
 2025 11 12 00 40 00 000   -2.42    39.40   -20.15  -702.80     96.40     60.50   42.07    611702.0
 2025 11 12 00 41 00 000   -5.82    36.72   -23.69  -706.80     77.30     70.10   47.39    607424.0
 2025 11 12 00 42 00 000  -13.35     7.95   -29.05  -706.80     77.30     70.10   47.39    607422.0
 2025 11 12 00 43 00 000  -23.53   -23.65   -15.28  -706.80     77.30     70.10   47.39    607422.0
 2025 11 12 00 44 00 000  -29.24   -23.06   -23.22  -706.80     77.30     70.10   47.39    607422.0
 2025 11 12 00 45 00 000  -24.10   -12.00   -34.54  -706.80     77.30     70.10   47.39    607422.0
 2025 11 12 00 46 00 000  -15.79    12.31   -33.10  -706.80     77.30     70.10   47.39    607422.0
 2025 11 12 00 47 00 000  -14.84    17.17   -30.30  -706.80     77.30     70.10   47.39    607422.0
 2025 11 12 00 48 00 000  -21.55    13.05   -35.13  -706.80     77.30     70.10   47.39    607422.0
 2025 11 12 00 49 00 000  -22.56    13.67   -35.76  -706.80     77.30     70.10   47.39    607422.0
 2025 11 12 00 50 00 000  -16.85    25.18   -35.19  -720.70     81.80     44.80   38.13    527098.0
 2025 11 12 00 51 00 000  -10.87    22.14   -36.22  -720.70     81.80     44.80   38.13    527098.0
 2025 11 12 00 52 00 000  -13.56    24.10   -35.79  -720.80     79.00     42.60   38.15    513958.0
 2025 11 12 00 53 00 000  -13.73    26.75   -35.42  -721.00     73.80     38.60   38.18    489614.0
 2025 11 12 00 55 00 000  -16.90    26.32   -31.85  -721.00     73.80     38.60   38.18    489614.0
 2025 11 12 00 56 00 000  -15.71    25.11   -35.02  -721.00     73.80     38.60   38.18    489614.0
 2025 11 12 00 57 00 000  -14.20    24.53   -35.20  -733.30     54.10     46.40   43.27    408490.0
 2025 11 12 00 58 00 000  -11.99    26.35   -33.10  -733.30     54.10     46.40   43.27    408490.0
 2025 11 12 01 00 00 000  -12.73    30.11   -35.46  -733.30     54.10     46.40   43.27    408490.0
 2025 11 12 01 01 00 000  -13.71    43.37   -33.67  -713.40     48.00     27.20   38.83    484347.0
 2025 11 12 01 02 00 000  -14.20    45.13   -35.51  -711.70     39.70     54.30   28.30    421103.0
 2025 11 12 01 03 00 000  -15.85    46.64   -36.10  -711.50     46.70     74.40   21.77    219939.0
 2025 11 12 01 04 00 000  -13.20    49.48   -32.83  -711.70     50.50     77.00   21.19    160523.0
 2025 11 12 01 05 00 000   -9.94    51.84   -30.42  -711.70     50.50     77.00   21.19    160523.0
 2025 11 12 01 06 00 000   -9.34    50.74   -30.42  -711.70     50.50     77.00   21.19    160523.0
 2025 11 12 01 07 00 000  -10.89    49.71   -31.90  -704.30     35.80     81.20   20.82    124261.0
 2025 11 12 01 08 00 000  -11.33    51.59   -30.25  -704.30     35.80     81.20   20.82    124261.0
 2025 11 12 01 09 00 000  -10.69    54.00   -26.97  -714.10     37.50     80.60   16.26    147642.0
 2025 11 12 01 10 00 000  -10.61    53.76   -27.15  -714.10     37.50     80.60   16.26    147642.0
 2025 11 12 01 11 00 000  -10.62    52.65   -28.38  -703.50     42.80     92.10   14.49    141023.0
 2025 11 12 01 12 00 000   -9.75    45.78   -29.16  -703.50     42.80     92.10   14.49    141023.0
 2025 11 12 01 13 00 000   -7.38    36.27   -27.88  -703.50     42.80     92.10   14.49    141023.0
 2025 11 12 01 14 00 000   -9.65    42.95   -21.99  -703.50     42.80     92.10   14.49    141023.0
 2025 11 12 01 15 00 000  -10.63    42.02   -24.87  -703.50     42.80     92.10   14.49    141023.0
 2025 11 12 01 16 00 000  -12.82    45.09   -30.16  -704.10     62.90    103.30   16.64    577963.0
 2025 11 12 01 17 00 000  -14.48    41.81   -31.15  -706.50     58.50    115.30   20.98    487784.0
 2025 11 12 01 18 00 000  -12.85    44.62   -27.72  -710.20     54.20    129.00   25.65    382428.0
 2025 11 12 01 19 00 000  -20.32    37.28   -34.71  -712.20     57.90    125.60   23.49    400418.0
 2025 11 12 01 20 00 000  -20.19    21.07   -43.69  -727.40     31.50     93.30   45.75    117768.0
 2025 11 12 01 21 00 000  -19.81    26.23   -39.89  -727.40     31.50     93.30   45.75    117768.0
 2025 11 12 01 22 00 000  -20.53    29.68   -39.14  -727.40     31.50     93.30   45.75    117768.0
 2025 11 12 01 23 00 000  -20.26    26.48   -40.67  -735.40     20.00     74.20   39.29    175309.0
 2025 11 12 01 24 00 000  -23.08    28.00   -37.96  -734.00     13.10     90.00   41.49    154364.0
 2025 11 12 01 25 00 000  -22.79    38.00   -31.02  -733.10      8.70     99.90   42.87    141140.0
 2025 11 12 01 26 00 000  -21.32    39.94   -30.76  -715.20     19.00    131.70   26.70    132679.0
 2025 11 12 01 27 00 000  -19.94    43.25   -26.06  -715.20     19.00    131.70   26.70    132679.0
 2025 11 12 01 28 00 000  -14.55    33.49   -38.69  -728.60      9.50    158.70   31.09    164326.0
 2025 11 12 01 29 00 000  -16.78    32.86   -40.86  -730.00      8.50    161.50   31.54    167644.0
 2025 11 12 01 30 00 000  -18.83    32.96   -40.00  -730.00      8.50    161.50   31.54    167644.0
 2025 11 12 01 31 00 000  -20.50    33.42   -38.58  -730.00      8.50    161.50   31.54    167644.0
 2025 11 12 01 32 00 000  -20.49    33.06   -38.70  -730.00      8.50    161.50   31.54    167644.0
 2025 11 12 01 33 00 000  -18.92    34.21   -38.52  -730.00      8.50    161.50   31.54    167644.0
 2025 11 12 01 34 00 000  -18.39    35.60   -37.85  -714.30     28.50    112.50   21.96    279999.0
 2025 11 12 01 35 00 000  -18.64    36.53   -36.96  -714.30     28.50    112.60   21.97    279960.0
 2025 11 12 01 36 00 000  -19.38    36.65   -35.98  -717.00     44.30    138.90   26.45    265939.0
 2025 11 12 01 37 00 000  -20.40    35.92   -36.41  -719.00     49.60    137.50   26.28    261941.0
 2025 11 12 01 38 00 000  -19.42    35.44   -36.84  -724.40     64.20    133.50   25.78    250837.0
 2025 11 12 01 39 00 000  -19.83    34.56   -37.81  -724.40     64.20    133.50   25.78    250837.0
 2025 11 12 01 40 00 000  -19.39    35.53   -36.07  -724.40     64.20    133.50   25.78    250837.0
 2025 11 12 01 41 00 000  -19.43    33.57   -32.31  -732.60     71.30     86.70   28.91    284549.0
 2025 11 12 01 42 00 000  -19.73    31.40   -33.23  -733.40     78.60     94.60   33.95    205995.0
 2025 11 12 01 43 00 000  -19.03    26.88   -36.21  -727.60     70.70     85.20   37.42    166863.0
 2025 11 12 01 44 00 000  -17.55    26.99   -36.18  -725.50     46.50     76.00   38.33    157465.0
 2025 11 12 01 45 00 000  -15.00    30.49   -34.79  -717.60     59.20    105.30   29.72    211482.0
 2025 11 12 01 46 00 000  -12.81    33.59   -33.58  -713.20     65.90    111.00   29.64    222063.0
 2025 11 12 01 47 00 000  -14.91    29.94   -35.36  -708.10     67.00    107.30   38.83    159629.0
 2025 11 12 01 48 00 000  -15.98    27.12   -36.59  -701.70     79.10    116.40   39.29    174788.0
 2025 11 12 01 49 00 000  -17.20    20.89   -39.48  -708.20     80.90    115.70   36.52    209031.0
 2025 11 12 01 50 00 000  -16.52    29.68   -33.26  -697.00     77.20    127.60   38.91    241552.0
 2025 11 12 01 51 00 000  -16.00    34.35   -34.24  -695.20     76.60    129.40   39.29    245799.0
 2025 11 12 01 52 00 000  -14.81    32.97   -35.27  -684.20     37.70    140.10   25.43    235319.0
 2025 11 12 01 53 00 000  -12.40    40.16   -31.87  -681.70     35.50    142.50   24.11    241854.0
 2025 11 12 01 54 00 000   -6.95    45.47   -26.95  -665.80     37.70    160.20   20.55    293536.0
 2025 11 12 01 55 00 000    1.93    51.08   -17.15  -660.90     20.60    173.30   18.22    198585.0
 2025 11 12 01 56 00 000    4.79    52.06   -13.52  -652.90     -0.40    170.40   19.30    210469.0
 2025 11 12 01 57 00 000    7.41    53.57   -12.30  -651.40     -4.20    169.60   19.55    214617.0
 2025 11 12 01 58 00 000    5.88    52.86   -13.53  -653.30     -4.90    176.00   22.93    127480.0
 2025 11 12 01 59 00 000    5.63    53.42   -13.89  -653.20     -5.00    176.50   23.11    124603.0
 2025 11 12 02 00 00 000    5.48    52.40   -14.47  -635.60      1.40    203.20   19.51    102147.0
 2025 11 12 02 01 00 000    7.70    52.64   -10.13  -635.90     -0.60    201.70   19.47    112782.0
 2025 11 12 02 02 00 000    7.75    52.67    -9.38  -638.90    -20.60    186.40   19.04    221518.0
 2025 11 12 02 03 00 000    7.53    52.25    -8.95  -638.90    -20.60    186.40   19.04    221518.0
 2025 11 12 02 04 00 000   25.47    30.78    14.80  -623.90    -28.20    184.70   20.23    213969.0
 2025 11 12 02 05 00 000   36.25    17.62    30.18  -682.30    -29.60    140.30   21.47    163370.0
 2025 11 12 02 06 00 000   36.21    12.20    32.42  -745.80    -31.20     92.10   22.82    108354.0
 2025 11 12 02 07 00 000   35.84    15.21    30.67  -745.80    -31.20     92.10   22.82    108354.0
 2025 11 12 02 08 00 000   34.59    14.09    29.95  -745.60    -56.80     55.80   25.33    185282.0
 2025 11 12 02 09 00 000   33.63    17.21    23.95  -746.10    -74.70     67.90   33.71    155726.0
 2025 11 12 02 10 00 000   33.39    16.52    22.48  -743.60    -87.70     75.30   41.05    154477.0
 2025 11 12 02 11 00 000   34.96    15.44    23.67  -753.30    -86.40     64.60   29.02    122839.0
 2025 11 12 02 12 00 000   34.20    17.30    23.24  -753.30    -86.40     64.60   29.02    122839.0
 2025 11 12 02 13 00 000   30.34    14.87    21.34  -753.30    -86.40     64.60   29.02    122839.0
 2025 11 12 02 14 00 000   24.89    19.05    16.52  -753.30    -86.40     64.60   29.02    122839.0
 2025 11 12 02 15 00 000   31.70    11.38    22.43  -745.30    -40.70     74.80   57.98     97333.0
 2025 11 12 02 16 00 000   30.21    15.94    19.69  -745.30    -40.70     74.80   57.98     97333.0
 2025 11 12 02 17 00 000   29.94    14.93    16.21  -748.40    -56.40     60.40   39.89    107288.0
 2025 11 12 02 18 00 000   24.40    11.02    15.38  -751.10    -70.00     47.80   24.37    115960.0
 2025 11 12 02 19 00 000    4.48    23.74    -4.10  -750.30    -68.80     48.40   24.60    116611.0
 2025 11 12 02 20 00 000  -19.81    25.83   -19.74  -681.70     41.70     98.10   44.90    174658.0
 2025 11 12 02 21 00 000  -21.36    26.60   -20.67  -684.40     46.00     97.60   42.04    168920.0
 2025 11 12 02 22 00 000  -12.66    32.52   -16.23  -689.90     54.80     96.70   36.14    157052.0
 2025 11 12 02 23 00 000  -12.04    33.09   -15.92  -689.90     54.80     96.70   36.14    157052.0
 2025 11 12 02 24 00 000  -18.88    27.36   -17.62  -664.20     45.20    100.00   54.07    168920.0
 2025 11 12 02 25 00 000   -5.24    36.72   -15.13  -669.20     37.10    106.20   49.92    177783.0
 2025 11 12 02 26 00 000   -3.67    37.64   -15.19  -677.80     23.30    116.80   42.83    192994.0
 2025 11 12 02 27 00 000   -2.24    38.43   -14.28  -677.80     23.30    116.80   42.83    192994.0
 2025 11 12 02 28 00 000   -4.33    37.75   -14.63  -663.80     13.40    104.60   38.32    151492.0
 2025 11 12 02 29 00 000    0.35    38.67    -9.28  -664.30     12.00    104.60   38.75    156782.0
 2025 11 12 02 30 00 000    6.27    39.18    -4.49  -676.50    -23.90    105.90   49.25    299236.0
 2025 11 12 02 31 00 000    7.51    40.93    -1.64  -677.30    -20.70    113.30   37.25    322907.0
 2025 11 12 02 32 00 000   14.28    39.92     5.53  -676.90    -26.60    106.70   33.01    352969.0
 2025 11 12 02 33 00 000   27.08    10.45    21.47  -689.80     -7.60    100.00   35.32    337860.0
 2025 11 12 02 34 00 000   20.21   -14.68    25.37  -726.40     48.20     84.20   42.78    285209.0
 2025 11 12 02 35 00 000   24.03    -1.10    22.92  -726.40     48.20     84.20   42.78    285209.0
 2025 11 12 02 36 00 000   26.53    12.03    19.49  -726.40     48.20     84.20   42.78    285209.0
 2025 11 12 02 37 00 000   23.43    15.24    19.14  -673.60     69.00    115.00   24.77    474065.0
 2025 11 12 02 38 00 000   23.96    14.90    20.16  -673.60     69.00    115.00   24.77    474065.0
 2025 11 12 02 39 00 000   24.94    10.24    22.56  -673.60     69.00    115.00   24.77    474065.0
 2025 11 12 02 40 00 000   24.99     0.30    22.37  -671.20     71.50    132.50   31.50    498032.0
 2025 11 12 02 41 00 000   27.09    13.03    16.72  -671.20     71.50    132.50   31.50    498032.0
 2025 11 12 02 42 00 000   26.34    12.82    18.07  -671.20     71.50    132.50   31.50    498032.0
 2025 11 12 02 43 00 000   21.06    24.46     9.48  -671.20     71.50    132.50   31.50    498032.0
 2025 11 12 02 44 00 000   14.01    27.01    -1.84  -671.20     71.50    132.50   31.50    498032.0
 2025 11 12 02 45 00 000   11.04    29.00    -7.59  -671.20     71.50    132.50   31.50    498032.0
 2025 11 12 02 46 00 000    8.85    31.59    -7.64  -671.20     71.50    132.50   31.50    498032.0
 2025 11 12 02 47 00 000    9.28    30.72    -7.01  -671.20     71.50    132.50   31.50    498032.0
 2025 11 12 02 48 00 000   -1.83    27.36   -14.36  -671.20     71.50    132.50   31.50    498032.0
 2025 11 12 02 49 00 000   -9.84    24.96   -17.31  -680.90     52.10    126.00   15.27    588775.0
 2025 11 12 02 50 00 000  -14.07    21.52   -17.85  -680.90     52.10    126.00   15.27    588775.0
 2025 11 12 02 51 00 000  -20.96    21.06    -4.89  -680.90     52.10    126.00   15.27    588775.0
 2025 11 12 02 52 00 000  -21.28    18.39   -10.84  -680.90     52.10    126.00   15.27    588775.0
 2025 11 12 02 53 00 000  -29.79    19.18   -11.22  -683.10      1.20     43.30   14.56    445587.0
 2025 11 12 02 54 00 000  -37.58    13.93   -11.36  -691.90      3.80     38.90   15.04    433148.0
 2025 11 12 02 55 00 000  -19.26   -11.31   -13.46  -835.00     59.20    -30.20   27.20    203620.0
 2025 11 12 02 56 00 000  -17.66   -14.25   -10.93  -800.20     11.50     11.10   23.91    199542.0
 2025 11 12 02 57 00 000  -19.61   -13.54   -16.12  -776.30      3.30     28.50   20.25    193033.0
 2025 11 12 02 58 00 000  -19.65   -14.96   -15.42  -831.00     20.60    -29.90   24.13    184454.0
 2025 11 12 02 59 00 000  -19.82   -13.71    -2.84  -839.40     14.70     -8.40   21.60    157032.0
 2025 11 12 03 00 00 000  -14.58   -11.25    -6.22  -828.30     29.60    -10.70   22.43    100513.0
 2025 11 12 03 01 00 000  -14.32   -10.72     1.07  -809.80     32.50    -17.50   22.66    109741.0
 2025 11 12 03 02 00 000  -14.10   -12.36     1.82  -819.50     38.60     25.00   36.55    115854.0
 2025 11 12 03 03 00 000  -11.48   -11.81     4.45  -819.50     38.60     25.00   36.55    115854.0
 2025 11 12 03 04 00 000  -20.20   -13.33     4.53  -812.50     26.30     34.40   37.42    186754.0
 2025 11 12 03 05 00 000  -22.22   -11.48    -1.75  -818.90     31.20     16.90   34.23    165647.0
 2025 11 12 03 06 00 000  -24.10    -8.85    -4.10  -824.00     39.60      8.70   41.45    239346.0
 2025 11 12 03 07 00 000  -25.84    -7.10    -1.00  -823.30     39.40     11.20   42.69    249826.0
 2025 11 12 03 08 00 000  -25.90    -6.29    -2.58  -826.70     31.50     12.50   36.79    201911.0
 2025 11 12 03 09 00 000  -26.65    -7.81    -4.88  -826.70     31.50     12.50   36.79    201911.0
 2025 11 12 03 10 00 000  -28.99    -2.33    -8.04  -832.20     27.40      3.80   34.79    198921.0
 2025 11 12 03 11 00 000  -24.80    -5.05    -6.05  -832.20     27.40      3.80   34.79    198916.0
 2025 11 12 03 12 00 000  -26.40    -2.86    -4.78  -838.60     36.50     22.30   29.18    208072.0
 2025 11 12 03 13 00 000  -25.16     1.40    -6.93  -839.20     37.40     24.10   28.63    208962.0
 2025 11 12 03 14 00 000  -22.82    -1.42    -6.26  -851.30     32.60     30.40   32.71    127629.0
 2025 11 12 03 15 00 000  -25.03    -5.39    -1.99  -851.30     32.60     30.40   32.71    127629.0
 2025 11 12 03 16 00 000  -25.99    -4.44    -2.56  -847.90     29.80     26.60   31.90    148480.0
 2025 11 12 03 17 00 000  -24.30    -2.61    -8.28  -846.40     32.40     21.40   29.48    157190.0
 2025 11 12 03 18 00 000  -26.45    -1.45    -5.48  -841.50     41.00      3.90   21.36    186684.0
 2025 11 12 03 19 00 000  -26.17     1.92    -8.99  -854.60     35.20     18.30   31.27    155591.0
 2025 11 12 03 20 00 000  -25.76     3.65    -8.80  -856.20     35.60     11.50   29.58    190477.0
 2025 11 12 03 21 00 000  -25.61     3.19    -8.12  -865.60     39.10    -35.70   18.19    435364.0
 2025 11 12 03 22 00 000  -25.67     2.04    -6.92  -849.60     40.00     18.60   35.12    181434.0
 2025 11 12 03 23 00 000  -23.49     5.54    -9.34  -856.40     37.60     25.40   32.60    150624.0
 2025 11 12 03 24 00 000  -21.67     6.01   -10.82  -860.30     36.30     27.70   30.87    140556.0
 2025 11 12 03 25 00 000  -21.60     6.31   -12.26  -860.30     36.30     27.70   30.87    140556.0
 2025 11 12 03 26 00 000  -21.54     6.25   -11.70  -857.90     42.60     30.40   28.09    116649.0
 2025 11 12 03 27 00 000  -20.92     5.04   -12.10  -857.90     42.60     30.40   28.09    116649.0
 2025 11 12 03 28 00 000  -21.18     8.98    -5.59  -857.90     42.60     30.40   28.09    116649.0
 2025 11 12 03 29 00 000  -20.81    10.94    -3.30  -859.80     43.30     26.10   26.45    118623.0
 2025 11 12 03 30 00 000  -18.80    12.07    -4.95  -859.80     43.30     26.10   26.45    118623.0
 2025 11 12 03 31 00 000  -19.45    12.39    -4.89  -860.90     40.80     30.00   25.10    125305.0
 2025 11 12 03 32 00 000  -21.40    12.37    -6.72  -860.90     40.80     30.00   25.10    125305.0
 2025 11 12 03 33 00 000  -21.87    10.61    -9.79  -860.90     40.80     30.00   25.10    125305.0
 2025 11 12 03 34 00 000  -22.28    12.32    -9.62  -866.30     41.20     34.60   27.94    128743.0
 2025 11 12 03 35 00 000  -21.66    13.06    -8.69  -866.30     41.20     34.60   27.94    128743.0
 2025 11 12 03 36 00 000  -22.56    11.94    -8.49  -866.30     41.20     34.60   27.94    128743.0
 2025 11 12 03 37 00 000  -22.35    11.74    -8.12  -866.30     41.20     34.60   27.94    128743.0
 2025 11 12 03 38 00 000  -22.94    10.20    -9.13  -870.90     53.30     31.70   20.16    185447.0
 2025 11 12 03 39 00 000  -22.17    11.19    -9.14  -871.70     51.00     32.00   18.91    208337.0
 2025 11 12 03 40 00 000  -22.35    10.36    -9.46  -872.70     48.80     32.40   17.47    230392.0
 2025 11 12 03 41 00 000  -24.90     5.50    -8.65  -869.00     53.90     26.20   15.87    237615.0
 2025 11 12 03 42 00 000  -24.81     3.89    -8.79  -869.00     53.90     26.20   15.87    237615.0
 2025 11 12 03 43 00 000  -25.81     2.29    -7.39  -869.00     53.90     26.20   15.87    237615.0
 2025 11 12 03 44 00 000  -26.30     3.02    -5.73  -860.60     81.60     19.10   14.51    191086.0
 2025 11 12 03 45 00 000  -26.48     5.24    -5.54  -860.60     81.50     19.20   14.52    191218.0
 2025 11 12 03 46 00 000  -25.77    11.95    -4.95  -863.80     40.70     40.90   16.27    234291.0
 2025 11 12 03 47 00 000  -27.06     9.02    -4.15  -863.80     40.70     40.90   16.27    234291.0
 2025 11 12 03 48 00 000  -27.57     8.89    -3.07  -859.60     54.60     37.80   13.38    238526.0
 2025 11 12 03 49 00 000  -28.58     5.96    -1.03  -859.60     54.60     37.80   13.38    238526.0
 2025 11 12 03 50 00 000  -29.09     3.95     1.97  -849.60     55.60     39.70   17.01    204858.0
 2025 11 12 03 51 00 000  -29.98     5.85     1.27  -849.60     55.60     39.70   17.01    204858.0
 2025 11 12 03 52 00 000  -28.96     4.50     6.07  -849.60     55.60     39.70   17.01    204858.0
 2025 11 12 03 53 00 000  -28.88     3.71     5.20  -835.50     41.90     50.00   18.73    142819.0
 2025 11 12 03 54 00 000  -29.25     3.77     3.69  -843.00     46.40     35.50   15.60    197224.0
 2025 11 12 03 55 00 000  -30.01     4.54     1.91  -850.20     50.80     21.70   12.63    249155.0
 2025 11 12 03 56 00 000  -30.87     5.23     2.32  -845.90     80.10     36.80   22.48    126575.0
 2025 11 12 03 57 00 000  -32.88     7.51    -4.14  -848.40     78.30     41.70   20.16    114404.0
 2025 11 12 03 58 00 000  -33.98     8.55    -6.76  -852.00     75.80     48.50   16.90     97299.0
 2025 11 12 03 59 00 000  -34.66     8.99    -8.08  -852.00     75.80     48.50   16.90     97299.0
 2025 11 12 04 00 00 000  -34.92     9.49    -8.81  -852.00     75.80     48.50   16.90     97299.0
 2025 11 12 04 01 00 000  -35.67     9.08    -8.18  -852.00     75.80     48.50   16.90     97299.0
 2025 11 12 04 02 00 000  -36.09     9.55    -8.32  -875.00     76.30     20.70   14.34    118892.0
 2025 11 12 04 03 00 000  -36.37    10.36    -8.30  -875.00     76.30     20.70   14.34    118892.0
 2025 11 12 04 04 00 000  -36.51     9.70    -8.60  -864.60     76.50     15.80   10.71     72805.0
 2025 11 12 04 05 00 000  -37.39     8.59    -8.10  -862.90     84.60     20.60   10.56     74687.0
 2025 11 12 04 06 00 000  -38.10     9.06    -8.41  -857.70    110.10     35.50   10.10     80617.0
 2025 11 12 04 07 00 000  -37.89     9.35    -8.36  -857.70    110.10     35.50   10.10     80617.0
 2025 11 12 04 08 00 000  -38.11     8.00    -7.20  -857.70    110.10     35.50   10.10     80617.0
 2025 11 12 04 09 00 000  -37.40     9.22    -8.95  -863.30     79.30     11.40   10.84     79984.0
 2025 11 12 04 10 00 000  -37.36     9.20    -8.41  -863.30     79.30     11.40   10.84     79984.0
 2025 11 12 04 11 00 000  -37.31     9.36    -8.24  -863.30     79.30     11.40   10.84     79984.0
 2025 11 12 04 12 00 000  -38.27     7.74    -4.94  -858.60    101.20      9.60   11.47     80152.0
 2025 11 12 04 13 00 000  -38.22     8.13    -4.98  -861.50     83.00     12.10   11.07     78080.0
 2025 11 12 04 14 00 000  -38.81     9.36    -6.53  -856.70     96.70     24.30   11.35     80035.0
 2025 11 12 04 15 00 000  -38.34    11.12    -7.71  -854.30    105.00     28.90   11.52     81132.0
 2025 11 12 04 16 00 000  -38.33    11.84    -8.04  -854.30    105.00     28.90   11.52     81132.0
 2025 11 12 04 17 00 000  -38.52    11.31    -7.20  -853.10    113.00     22.30   11.78     79984.0
 2025 11 12 04 18 00 000  -38.46    11.54    -7.52  -853.10    113.00     22.30   11.78     79984.0
 2025 11 12 04 19 00 000  -38.26    12.13    -8.24  -853.10    113.00     22.30   11.78     79984.0
 2025 11 12 04 20 00 000  -38.16    12.61    -8.39  -858.00     81.10      1.40   11.60     79764.0
 2025 11 12 04 21 00 000  -39.75     7.64    -4.18  -858.70     80.30      3.40   11.67     79621.0
 2025 11 12 04 22 00 000  -40.35     5.87    -0.92  -860.90     77.90      9.20   11.85     79213.0
 2025 11 12 04 23 00 000  -40.46     5.65    -0.55  -830.90    108.70     48.00   12.31    116862.0
 2025 11 12 04 24 00 000  -40.55     4.51    -0.12  -830.90    108.70     48.00   12.31    116862.0
 2025 11 12 04 25 00 000  -40.15     3.27    -0.01  -830.90    108.70     48.00   12.31    116862.0
 2025 11 12 04 26 00 000  -39.84     3.07     0.09  -830.90    108.70     48.00   12.31    116862.0
 2025 11 12 04 27 00 000  -39.40     4.36     0.01  -846.20     49.90      8.90    9.83     83902.0
 2025 11 12 04 28 00 000  -39.48     5.69    -1.09  -846.20     49.90      8.90    9.83     83902.0
 2025 11 12 04 29 00 000  -39.76     8.25    -2.98  -846.20     49.90      8.90    9.83     83902.0
 2025 11 12 04 30 00 000  -40.45     8.70    -2.67  -848.30     84.00     27.40   10.62     89490.0
 2025 11 12 04 31 00 000  -40.30     9.14    -4.58  -848.30     84.00     27.40   10.62     89490.0
 2025 11 12 04 32 00 000  -40.34     9.24    -4.15  -848.30     84.00     27.40   10.62     89490.0
 2025 11 12 04 34 00 000  -40.31    10.15    -4.50  -848.30     84.00     27.40   10.62     89490.0
 2025 11 12 04 36 00 000  -40.61     9.26    -5.13  -848.30     84.00     27.40   10.62     89490.0
 2025 11 12 04 37 00 000  -40.43     9.86    -5.50  -848.30     84.00     27.40   10.62     89490.0
 2025 11 12 04 38 00 000  -40.43     9.86    -5.51  -848.30     84.00     27.40   10.62     89490.0
 2025 11 12 04 39 00 000  -40.31     9.94    -5.52  -848.30     84.00     27.40   10.62     89490.0
 2025 11 12 04 40 00 000  -40.31     9.93    -5.53  -848.30     84.00     27.40   10.62     89490.0
 2025 11 12 04 41 00 000  -40.26     9.72    -5.82  -846.90    102.80    -27.40    9.83     98550.0
 2025 11 12 04 42 00 000  -40.42     9.37    -5.74  -846.90    102.80    -27.40    9.83     98550.0
 2025 11 12 04 43 00 000  -40.25     9.42   -10.25  -846.90    102.80    -27.40    9.83     98550.0
 2025 11 12 04 44 00 000  -40.66     9.51    -9.49  -846.90    102.80    -27.40    9.83     98550.0
 2025 11 12 04 45 00 000  -40.95    10.26    -9.50  -848.30    105.30    -36.30   10.73     74537.0
 2025 11 12 04 46 00 000  -40.74    12.28    -8.91  -848.20    105.50    -35.30   10.74     74723.0
 2025 11 12 04 47 00 000  -40.90    12.90    -8.15  -847.50    106.90    -30.10   10.82     75729.0
 2025 11 12 04 48 00 000  -40.89    13.50    -7.03  -846.90    107.30    -29.80    9.99     86746.0
 2025 11 12 04 49 00 000  -40.59    13.56    -6.86  -846.80    107.30    -29.80    9.88     88145.0
 2025 11 12 04 50 00 000  -41.00    11.86    -6.20  -846.60    105.30    -29.00    9.65     87882.0
 2025 11 12 04 51 00 000  -41.08    11.19    -6.27  -846.50    104.90    -28.80    9.60     87822.0
 2025 11 12 04 52 00 000  -40.87    12.56    -7.08  -846.50    104.90    -28.80    9.60     87822.0
 2025 11 12 04 53 00 000  -40.91    13.07    -6.80  -846.50    104.90    -28.80    9.60     87822.0
 2025 11 12 04 54 00 000  -41.12    11.87    -6.02  -846.50    104.90    -28.80    9.60     87822.0
 2025 11 12 04 55 00 000  -41.17    12.67    -6.31  -846.00    105.70    -30.10   10.16     81442.0
 2025 11 12 04 56 00 000  -41.14    14.11    -7.26  -844.90    108.10    -28.40   10.27     82664.0
 2025 11 12 04 57 00 000  -41.09    14.78    -7.00  -838.80    120.50    -19.60   10.88     89118.0
 2025 11 12 04 58 00 000  -40.90    15.22    -7.37  -838.80    120.50    -19.60   10.88     89118.0
 2025 11 12 04 59 00 000  -40.92    15.08    -7.81  -832.50    142.90    -14.10   10.54     86582.0
 2025 11 12 05 00 00 000  -41.03    14.79    -7.51  -832.50    142.80    -14.10   10.53     86619.0
 2025 11 12 05 01 00 000  -41.28    14.43    -7.45  -834.50    138.30    -11.20    9.75     89596.0
 2025 11 12 05 02 00 000  -40.96    14.77    -8.57  -834.30    130.50     -7.90    9.51     94798.0
 2025 11 12 05 03 00 000  -40.88    14.44    -9.15  -833.60    108.30      1.20    8.89    109484.0
 2025 11 12 05 04 00 000  -41.17    14.38    -8.02  -843.40    110.20    -27.20    9.88     89457.0
 2025 11 12 05 05 00 000  -41.34    13.94    -7.67  -844.90    110.90    -28.40    9.50     90457.0
 2025 11 12 05 08 00 000  -40.46    14.74    -9.86  -845.20    111.10    -27.80    9.29     91738.0
 2025 11 12 05 09 00 000  -40.84    14.31    -8.83  -845.20    111.10    -27.80    9.29     91738.0
 2025 11 12 05 10 00 000  -41.80    13.61    -6.71  -845.20    111.10    -27.80    9.29     91738.0
 2025 11 12 05 11 00 000  -40.97    13.15    -7.50  -845.20    111.10    -27.80    9.29     91738.0
 2025 11 12 05 12 00 000  -41.16    13.35    -7.91  -845.20    111.10    -27.80    9.29     91738.0
 2025 11 12 05 13 00 000  -40.79    13.86   -10.28  -845.20    111.10    -27.80    9.29     91738.0
 2025 11 12 05 14 00 000  -41.00    13.72    -7.43  -845.20    111.10    -27.80    9.29     91738.0
 2025 11 12 05 15 00 000  -41.02    14.11    -7.70  -845.20    111.10    -27.80    9.29     91738.0
 2025 11 12 05 16 00 000  -41.26    14.62    -8.55  -845.20    111.10    -27.80    9.29     91738.0
 2025 11 12 05 17 00 000  -41.34    14.44    -7.92  -838.40    129.60    -25.40    8.55    121426.0
 2025 11 12 05 18 00 000  -41.53    14.38    -7.45  -838.40    129.60    -25.40    8.55    121426.0
 2025 11 12 05 19 00 000  -41.35    14.69    -7.20  -838.10    129.50    -21.90    8.56    119113.0
 2025 11 12 05 20 00 000  -41.42    14.57    -7.22  -838.10    129.50    -21.70    8.56    118999.0
 2025 11 12 05 21 00 000  -41.57    14.57    -7.24  -844.70     95.40     -7.80    8.98    162712.0
 2025 11 12 05 22 00 000  -41.51    14.68    -7.85  -844.70    104.40    -22.70    8.83    138252.0
 2025 11 12 05 23 00 000  -41.37    15.03    -7.98  -844.70    112.00    -35.30    8.71    117608.0
 2025 11 12 05 24 00 000  -41.29    14.94    -7.45  -832.30    106.80    -33.00    8.23    154963.0
 2025 11 12 05 25 00 000  -40.80    16.08    -7.43  -835.90    119.30    -28.10    8.35    139787.0
 2025 11 12 05 26 00 000  -40.66    14.72    -7.50  -839.50    131.90    -23.20    8.48    124481.0
 2025 11 12 05 27 00 000  -40.99    14.32    -7.31  -846.20    109.40     -7.40    9.25    122207.0
 2025 11 12 05 28 00 000  -41.19    14.42    -7.00  -849.10    107.80    -18.70    9.38    129121.0
 2025 11 12 05 29 00 000  -41.06    14.50    -7.81  -851.60    109.00    -23.50    9.36    130816.0
 2025 11 12 05 30 00 000  -41.30    16.07    -8.08  -848.10    110.90      0.30   10.10    124179.0
 2025 11 12 05 31 00 000  -41.75    16.17    -7.62  -847.30    111.10      6.00   10.29    122427.0
 2025 11 12 05 32 00 000  -41.36    17.66    -7.07  -853.70    106.20     14.30   11.50    106531.0
 2025 11 12 05 33 00 000  -41.49    17.76    -6.84  -849.10    115.90     17.30   11.62    103544.0
 2025 11 12 05 34 00 000  -41.55    17.72    -6.37  -850.60    115.00     27.40   12.41     77579.0
 2025 11 12 05 35 00 000  -41.71    17.75    -6.24  -852.20    112.20     34.30   12.50     77516.0
 2025 11 12 05 36 00 000  -42.02    17.33    -6.37  -852.10    112.20     34.70   12.43     80513.0
 2025 11 12 05 37 00 000  -42.03    17.25    -6.20  -853.50    111.90     35.40   13.31     61074.0
 2025 11 12 05 38 00 000  -41.63    17.95    -5.84  -853.50    111.90     35.40   13.31     61065.0
 2025 11 12 05 39 00 000  -42.09    17.01    -5.66  -853.20    110.90     33.70   12.33     80955.0
 2025 11 12 05 40 00 000  -42.76    15.45    -6.06  -853.20    110.90     33.70   12.33     80955.0
 2025 11 12 05 41 00 000  -42.85    15.11    -6.36  -852.50    110.40     34.50   11.68     84426.0
 2025 11 12 05 42 00 000  -42.63    16.22    -4.70  -852.50    110.40     34.50   11.66     84534.0
 2025 11 12 05 43 00 000  -42.68    16.02    -5.05  -848.20    136.10     56.90   11.27     87224.0
 2025 11 12 05 44 00 000  -43.19    14.97    -6.22  -848.10    130.80     54.60   10.99     81285.0
 2025 11 12 05 45 00 000  -43.15    14.49    -7.89  -847.90    116.50     48.20   10.25     65207.0
 2025 11 12 05 46 00 000  -43.58    13.56    -8.18  -844.50    116.20     48.20    9.31     84040.0
 2025 11 12 05 47 00 000  -43.48    14.49    -5.94  -844.30    116.20     48.20    9.24     85351.0
 2025 11 12 05 48 00 000  -43.20    14.29    -6.08  -844.50    115.90     48.50    9.48     90142.0
 2025 11 12 05 49 00 000  -43.24    14.78    -5.02  -844.70    115.60     48.90    9.75     95401.0
 2025 11 12 05 50 00 000  -43.79    10.58    -8.96  -844.70    115.60     48.90    9.75     95401.0
 2025 11 12 05 51 00 000  -43.87     8.12   -11.49  -846.60    113.60     42.70   10.14     73943.0
 2025 11 12 05 52 00 000  -44.02     9.76   -10.07  -846.60    113.60     42.70   10.14     73943.0
 2025 11 12 05 53 00 000  -44.11    10.59    -8.21  -846.60    113.60     42.70   10.14     73943.0
 2025 11 12 05 54 00 000  -44.13    11.40    -6.58  -846.60    113.60     42.70   10.14     73943.0
 2025 11 12 05 55 00 000  -44.13    11.39    -6.59  -846.60    113.60     42.70   10.14     73943.0
 2025 11 12 05 56 00 000  -43.72     9.03   -10.62  -819.10    104.60     41.20   20.78    123659.0
 2025 11 12 05 57 00 000  -43.26    11.33   -10.86  -819.10    104.60     41.70   20.82    123914.0
 2025 11 12 05 58 00 000  -43.33    11.48   -10.11  -819.20    104.90     48.10   21.20    126915.0
 2025 11 12 05 59 00 000  -42.79    13.44    -9.41  -839.60    134.80     28.30   11.91     87787.0
 2025 11 12 06 00 00 000  -42.29    16.18    -6.42  -841.20    137.10     26.80   11.21     84806.0
 2025 11 12 06 01 00 000  -41.49    18.23    -5.82  -819.90    110.00     39.80   22.11    132623.0
 2025 11 12 06 02 00 000  -37.17    25.83    -4.39  -819.90    110.00     39.80   22.11    132623.0
 2025 11 12 06 03 00 000  -37.03    26.63    -4.12  -819.90    110.00     39.80   22.11    132623.0
 2025 11 12 06 04 00 000  -36.62    26.93    -4.83  -807.60    116.50     46.50   19.63    165738.0
 2025 11 12 06 05 00 000  -37.07    26.63    -7.25  -807.60    116.50     46.50   19.63    165738.0
 2025 11 12 06 06 00 000  -36.74    27.19    -6.30  -809.70     96.00     29.90   14.65    170394.0
 2025 11 12 06 07 00 000  -36.46    27.15    -8.62  -810.60     96.50     30.10   14.50    165664.0
 2025 11 12 06 08 00 000  -35.83    28.19    -8.35  -824.40    103.40     33.00   12.23     94166.0
 2025 11 12 06 09 00 000  -35.24    29.07    -8.12  -826.20    102.00     34.50   11.03     84665.0
 2025 11 12 06 11 00 000  -35.01    29.12    -7.82  -826.20    101.40     34.80   10.82     84942.0
 2025 11 12 06 12 00 000  -34.73    30.27    -1.95  -823.30    107.30     45.90   19.14    126963.0
 2025 11 12 06 13 00 000  -34.86    29.83    -4.04  -823.30    107.30     45.90   19.14    126963.0
 2025 11 12 06 15 00 000  -35.49    28.90    -4.02  -823.30    107.30     45.90   19.14    126963.0
 2025 11 12 06 16 00 000  -32.93    29.93    -2.20  -823.80     96.50     36.30    9.53     87086.0
 2025 11 12 06 17 00 000  -30.51    31.37    -2.55  -824.10     95.40     35.60    9.56     87000.0
 2025 11 12 06 18 00 000  -31.31    30.27    -1.66  -828.90     76.20     24.70    9.80     89637.0
 2025 11 12 06 19 00 000  -35.59    21.64    -4.92  -831.80     65.00     26.90    8.82    113853.0
 2025 11 12 06 20 00 000  -34.42    24.30    -2.14  -802.10    121.80     34.50   14.47    115557.0
 2025 11 12 06 21 00 000  -31.55    29.39    -1.95  -822.80     98.10     28.20   10.11     88681.0
 2025 11 12 06 22 00 000  -30.34    28.46     0.67  -826.50    105.40     17.50    8.79     94244.0
 2025 11 12 06 23 00 000  -25.50    34.99     4.07  -822.60    140.60     62.70   10.18     76934.0
 2025 11 12 06 24 00 000  -40.51    15.34    -6.05  -822.60    140.60     62.70   10.18     76934.0
 2025 11 12 06 25 00 000  -40.65    15.03    -6.28  -822.60    140.60     62.70   10.18     76934.0
 2025 11 12 06 26 00 000  -40.65    15.02    -6.29  -822.60    140.60     62.70   10.18     76934.0
 2025 11 12 06 27 00 000  -40.51    15.47    -6.25  -822.60    140.60     62.70   10.18     76934.0
 2025 11 12 06 28 00 000  -39.98    16.79    -4.85  -833.50    111.10     77.10    6.19     52757.0
 2025 11 12 06 29 00 000  -40.06    16.56    -5.03  -833.50    111.10     77.10    6.19     52757.0
 2025 11 12 06 30 00 000  -39.99    16.57    -4.95  -834.60    108.50     38.10    7.15     47801.0
 2025 11 12 06 31 00 000  -39.79    16.86    -4.74  -833.90    108.90     49.90    7.02     48055.0
 2025 11 12 06 32 00 000  -39.40    17.93    -3.13  -832.30    109.90     78.00    6.71     48660.0
 2025 11 12 06 33 00 000  -39.25    18.04    -3.50  -834.40    112.50     79.80    6.62     47297.0
 2025 11 12 06 35 00 000  -39.11    18.14    -3.31  -834.40    112.50     79.80    6.62     47297.0
 2025 11 12 06 36 00 000  -37.65    19.75    -1.12  -809.60     65.80     68.40    7.54     54559.0
 2025 11 12 06 37 00 000  -38.05    19.44    -1.86  -809.60     65.80     68.40    7.54     54559.0
 2025 11 12 06 38 00 000  -37.98    19.25    -1.58  -809.60     65.80     68.40    7.54     54559.0
 2025 11 12 06 39 00 000  -38.45    18.53    -2.16  -809.60     65.80     68.40    7.54     54559.0
 2025 11 12 06 40 00 000  -38.57    18.39    -2.25  -809.60     65.80     68.40    7.54     54559.0
 2025 11 12 06 41 00 000  -38.89    17.51    -2.27  -809.60     65.80     68.40    7.54     54559.0
 2025 11 12 06 42 00 000  -38.63    18.33    -2.50  -832.00    110.80     79.40    7.33     49107.0
 2025 11 12 06 43 00 000  -38.18    19.30    -1.53  -828.30    123.10     74.20    7.08     47743.0
 2025 11 12 06 44 00 000  -38.55    18.97    -2.22  -821.40    145.30     64.50    6.69     45578.0
 2025 11 12 06 45 00 000  -38.40    18.55    -1.27  -817.30    152.20     58.40    7.05     47466.0
 2025 11 12 06 46 00 000  -38.34    18.72    -1.37  -817.30    152.20     58.40    7.05     47466.0
 2025 11 12 06 47 00 000  -38.36    18.69    -1.49  -817.30    152.20     58.40    7.05     47466.0
 2025 11 12 06 48 00 000  -38.20    19.06    -1.37  -817.30    152.20     58.40    7.05     47466.0
 2025 11 12 06 49 00 000  -38.30    18.97    -1.36  -817.30    152.20     58.40    7.05     47466.0
 2025 11 12 06 50 00 000  -38.39    18.75    -1.60  -817.30    152.20     58.40    7.05     47466.0
 2025 11 12 06 51 00 000  -38.35    18.78    -1.19  -817.30    152.20     58.40    7.05     47466.0
 2025 11 12 06 52 00 000  -38.41    18.66    -1.35  -817.30    152.20     58.40    7.05     47466.0
 2025 11 12 06 53 00 000  -38.48    18.56    -1.30  -817.30    152.20     58.40    7.05     47466.0
 2025 11 12 06 54 00 000  -38.51    18.69    -0.45  -817.30    152.20     58.40    7.05     47466.0
 2025 11 12 06 55 00 000  -38.44    18.80    -0.84  -817.30    152.20     58.40    7.05     47466.0
 2025 11 12 06 56 00 000  -38.57    18.58    -0.96  -818.90    140.90     67.90    6.88     46153.0
 2025 11 12 06 57 00 000  -38.69    18.55    -0.91  -818.90    140.90     67.90    6.88     46153.0
 2025 11 12 06 58 00 000  -38.88    18.78    -0.21  -811.60     95.80     79.30    6.99     55728.0
 2025 11 12 06 59 00 000  -39.00    18.61    -0.18  -811.60     95.80     79.30    6.99     55728.0
 2025 11 12 07 00 00 000  -38.91    18.84    -0.01  -809.70    141.50    101.60    6.27     54676.0
 2025 11 12 07 01 00 000  -38.95    18.63    -0.40  -811.00    116.50     88.90    6.90     53433.0
 2025 11 12 07 02 00 000  -38.87    18.74    -0.49  -811.60    103.50     82.40    7.40     52547.0
 2025 11 12 07 03 00 000  -39.08    18.63    -0.36  -809.80    139.50    100.60    7.19     53187.0
 2025 11 12 07 04 00 000  -38.78    19.17    -0.53  -809.80    139.50    100.60    7.19     53187.0
 2025 11 12 07 05 00 000  -39.33    18.24    -0.57  -809.00    140.10    100.00    6.46     54595.0
 2025 11 12 07 07 00 000  -39.55    18.36     0.23  -809.00    140.10    100.00    6.46     54595.0
 2025 11 12 07 09 00 000  -39.45    18.66     0.44  -809.00    140.10    100.00    6.46     54595.0
 2025 11 12 07 11 00 000  -39.28    19.07     0.89  -809.00    140.10    100.00    6.46     54595.0
 2025 11 12 07 12 00 000  -39.28    19.07     0.88  -809.00    140.10    100.00    6.46     54595.0
 2025 11 12 07 14 00 000  -39.10    19.37     0.86  -808.40    140.90    104.90    7.33     50951.0
 2025 11 12 07 15 00 000  -39.00    19.59     1.14  -808.40    140.90    104.90    7.33     50951.0
 2025 11 12 07 16 00 000  -38.83    19.92     1.99  -808.40    140.90    104.90    7.33     50951.0
 2025 11 12 07 17 00 000  -38.88    19.80     2.92  -807.60    137.00    105.80    7.40     48522.0
 2025 11 12 07 18 00 000  -38.75    19.61     3.28  -807.60    137.00    105.80    7.40     48522.0
 2025 11 12 07 19 00 000  -38.57    19.52     3.55  -807.60    137.00    105.80    7.40     48522.0
 2025 11 12 07 20 00 000  -38.65    19.45     2.73  -807.60    137.00    105.80    7.40     48522.0
 2025 11 12 07 21 00 000  -38.89    19.14     3.01  -807.60    137.00    105.80    7.40     48522.0
 2025 11 12 07 22 00 000  -38.73    19.77     2.04  -779.90     71.20     79.80   31.66     82646.0
 2025 11 12 07 23 00 000  -38.72    19.87     1.75  -798.30    112.20     95.10   16.36     59142.0
 2025 11 12 07 24 00 000  -38.41    20.17     1.93  -810.20    138.60    104.90    6.78     44039.0
 2025 11 12 07 25 00 000  -38.61    19.96     1.58  -810.20    138.60    104.90    6.78     44039.0
 2025 11 12 07 26 00 000  -38.52    18.73     4.37  -810.10    139.60    106.10    6.59     47500.0
 2025 11 12 07 27 00 000  -38.06    21.06     2.21  -796.10    107.40    103.50   12.85     70014.0
 2025 11 12 07 28 00 000  -37.97    20.73     2.02  -781.20     88.80     87.40   24.16     78643.0
 2025 11 12 07 29 00 000  -38.17    20.20     3.91  -802.10    139.90     84.20   10.05     55490.0
 2025 11 12 07 30 00 000  -36.30    20.57     6.81  -801.40    142.20     80.00   10.04     56612.0
 2025 11 12 07 31 00 000  -36.67    19.01    10.83  -801.40    142.20     80.00   10.04     56612.0
 2025 11 12 07 32 00 000  -36.87    19.99     8.05  -801.40    142.20     80.00   10.04     56612.0
 2025 11 12 07 33 00 000  -37.11    19.91     6.84  -780.10     84.70    106.80   16.66     98892.0
 2025 11 12 07 34 00 000  -35.19    16.64    17.59  -780.10     84.70    106.80   16.66     98892.0
 2025 11 12 07 35 00 000  -37.28    17.80     8.88  -785.70    103.60    104.80   17.37     91834.0
 2025 11 12 07 36 00 000  -38.35    19.52     3.17  -796.00    138.50    101.20   18.71     78757.0
 2025 11 12 07 37 00 000  -38.83    17.39     6.57  -796.00    138.50    101.20   18.71     78757.0
 2025 11 12 07 38 00 000  -38.74    18.08     6.35  -803.70    145.40     68.50    8.65     42936.0
 2025 11 12 07 39 00 000  -38.40    18.41     7.28  -803.70    144.80     68.80    8.53     43754.0
 2025 11 12 07 40 00 000  -38.60    15.63    -4.11  -809.10    136.40     57.40    8.18     52037.0
 2025 11 12 07 41 00 000  -37.18    18.77    -2.64  -819.80    104.70     58.00    9.56    146792.0
 2025 11 12 07 42 00 000  -37.17    17.56    -4.40  -805.00     90.70    120.60    8.87    234559.0
 2025 11 12 07 43 00 000  -36.40    19.94    -5.35  -805.00     90.70    120.60    8.87    234559.0
 2025 11 12 07 44 00 000  -35.86    20.43    -9.23  -807.40    110.00    101.90    8.25    189654.0
 2025 11 12 07 45 00 000  -35.32    20.97    -7.71  -813.50    131.60     85.90    7.08    142841.0
 2025 11 12 07 46 00 000  -27.25    21.93   -24.48  -802.20    162.60     14.60   13.52    108074.0
 2025 11 12 07 47 00 000  -31.14    21.86   -19.53  -800.60    173.50     -2.20   15.72    148039.0
 2025 11 12 07 48 00 000  -32.17    23.16   -17.88  -803.30    176.60      5.80   16.22    176287.0
 2025 11 12 07 49 00 000  -33.14    20.66   -16.68  -811.70    140.90    108.80    7.07    181021.0
 2025 11 12 07 50 00 000  -32.81    22.62   -16.18  -811.70    140.90    108.80    7.07    181021.0
 2025 11 12 07 51 00 000  -33.92    20.96   -15.04  -811.70    140.90    108.80    7.07    181021.0
 2025 11 12 07 53 00 000  -33.61    23.93   -12.56  -811.70    140.90    108.80    7.07    181021.0
 2025 11 12 07 54 00 000  -32.58    24.58   -13.06  -811.70    140.90    108.80    7.07    181021.0
 2025 11 12 07 55 00 000  -32.24    22.56   -15.55  -811.70    140.90    108.80    7.07    181021.0
 2025 11 12 07 56 00 000  -30.54    23.96   -19.17  -811.70    140.90    108.80    7.07    181021.0
 2025 11 12 07 57 00 000  -32.17    24.52   -17.99  -788.80    192.90     38.70    6.02    100760.0
 2025 11 12 07 58 00 000  -28.96    23.04   -22.44  -788.80    192.90     38.70    6.02    100760.0
 2025 11 12 08 01 00 000  -27.98    22.10   -24.15  -788.80    192.90     38.70    6.02    100760.0
 2025 11 12 08 03 00 000  -30.77    19.42   -22.02  -824.30    160.50     12.10   12.97    129301.0
 2025 11 12 08 04 00 000  -29.26    17.76   -26.77  -824.80    159.90     14.00   12.43    119412.0
 2025 11 12 08 05 00 000  -29.48    17.18   -26.27  -834.90    156.10     25.40   10.61    101534.0
 2025 11 12 08 06 00 000  -29.60    15.22   -26.42  -825.90    147.70     28.20    9.64    120586.0
 2025 11 12 08 07 00 000  -32.72    14.68   -21.22  -819.20    141.90     11.10    9.45    114478.0
 2025 11 12 08 08 00 000  -31.23    14.17   -24.73  -823.40    137.90     -8.30   10.73    115579.0
 2025 11 12 08 09 00 000  -30.85    15.69   -25.73  -810.40    157.10     -8.50   10.06    111992.0
 2025 11 12 08 10 00 000  -32.01    12.61   -24.49  -813.10    160.30    -23.60    9.86    111177.0
 2025 11 12 08 11 00 000  -32.39    14.14   -23.07  -813.10    160.30    -23.60    9.86    111177.0
 2025 11 12 08 12 00 000  -32.60    12.85   -23.62  -813.10    160.30    -23.60    9.86    111177.0
 2025 11 12 08 13 00 000  -32.17    13.54   -23.75  -813.10    160.30    -23.60    9.86    111177.0
 2025 11 12 08 14 00 000  -32.05    12.52   -24.05  -831.90    130.50      3.10   13.94     90236.0
 2025 11 12 08 15 00 000  -32.16    12.45   -23.29  -837.40    121.60     -5.00   14.57    101611.0
 2025 11 12 08 16 00 000  -32.67    12.16   -22.91  -839.40    116.40    -13.90   15.21    109147.0
 2025 11 12 08 17 00 000  -32.01    11.18   -24.32  -827.60    127.80    -11.80   14.29    101697.0
 2025 11 12 08 18 00 000  -32.16    10.24   -23.79  -828.30    120.70     -7.20   12.21    123304.0
 2025 11 12 08 19 00 000  -32.07     9.55   -24.28  -828.30    120.70     -7.20   12.21    123304.0
 2025 11 12 08 20 00 000  -31.54    10.11   -24.59  -836.50    115.10     -8.40   11.15     77063.0
 2025 11 12 08 21 00 000  -31.54    10.10   -24.59  -836.50    115.10     -8.40   11.15     77063.0
 2025 11 12 08 22 00 000  -30.54    12.74   -24.66  -836.50    115.10     -8.40   11.15     77063.0
 2025 11 12 08 23 00 000  -30.04    12.35   -25.32  -836.50    115.10     -8.40   11.15     77063.0
 2025 11 12 08 24 00 000  -31.49    12.15   -20.27  -833.10    100.10    -11.20   16.73     59765.0
 2025 11 12 08 25 00 000  -30.88    11.51   -21.89  -833.10    100.10    -11.20   16.73     59785.0
 2025 11 12 08 26 00 000  -30.04    10.69   -23.57  -840.40    110.90    -10.10   17.31    108095.0
 2025 11 12 08 27 00 000  -31.67     9.81   -18.23  -831.60     82.70     18.80   13.78    101429.0
 2025 11 12 08 28 00 000  -33.62     9.62   -11.00  -833.80     61.30     57.20   11.93     87418.0
 2025 11 12 08 29 00 000  -34.48     8.52    -9.86  -847.80     -4.40    178.70    5.76     65350.0
 2025 11 12 08 30 00 000  -33.72     9.85   -12.89  -839.20    119.20     -5.90   16.53    116781.0
 2025 11 12 08 31 00 000  -32.27     9.95   -16.63  -826.10    103.30    -16.60   12.50     99349.0
 2025 11 12 08 32 00 000  -31.55    11.76   -18.54  -827.80     93.10     -7.50   15.42     71362.0
 2025 11 12 08 33 00 000  -31.25    12.24   -19.85  -830.60     70.90     13.00   10.91     68783.0
 2025 11 12 08 34 00 000  -32.25    11.40   -19.23  -818.50     98.70    -14.40   10.46     76659.0
 2025 11 12 08 35 00 000  -30.92    10.12   -22.80  -814.30     99.50    -17.30    8.91     67168.0
 2025 11 12 08 36 00 000  -31.63     8.73   -20.41  -841.30     66.30    168.00    3.94     78713.0
 2025 11 12 08 37 00 000  -31.04    11.24   -16.22  -841.30     66.30    168.00    3.94     78713.0
 2025 11 12 08 38 00 000  -31.01    10.91   -17.48  -838.80     74.50    151.70    4.02     79939.0
 2025 11 12 08 39 00 000  -31.59    10.81   -18.25  -821.80    130.60     40.00    4.54     88334.0
 2025 11 12 08 40 00 000  -30.76    10.57   -19.64  -802.40     96.40    -46.50   12.40    123049.0
 2025 11 12 08 41 00 000  -32.59    11.61   -16.03  -800.20     92.60    -56.10   13.29    126907.0
 2025 11 12 08 42 00 000  -32.23    10.94   -18.04  -800.20     92.60    -56.10   13.29    126907.0
 2025 11 12 08 43 00 000  -33.75    11.27   -17.21  -802.20     89.00    -16.50    7.83     70189.0
 2025 11 12 08 44 00 000  -33.40     8.92   -18.74  -800.10     90.20    -14.70    8.77     73588.0
 2025 11 12 08 45 00 000  -30.57    11.68   -20.81  -811.50     78.20     71.80    4.95    105135.0
 2025 11 12 08 46 00 000  -32.35    16.36   -12.81  -809.40     70.50      7.80    5.24     86845.0
 2025 11 12 08 47 00 000  -30.53    23.44   -13.70  -809.40     70.50      7.80    5.24     86845.0
 2025 11 12 08 48 00 000  -33.12    17.78   -13.47  -809.40     70.50      7.80    5.24     86845.0
 2025 11 12 08 49 00 000  -33.90    18.54    -9.93  -829.20     92.60    136.80    4.16    104870.0
 2025 11 12 08 50 00 000  -33.92    16.28   -15.10  -826.00    100.10    119.40    4.72    105862.0
 2025 11 12 08 51 00 000  -33.62    19.91    -6.27  -807.40    132.90     56.10    4.53     75559.0
 2025 11 12 08 52 00 000  -32.10    21.45    -7.27  -807.40    132.90     56.10    4.53     75559.0
 2025 11 12 08 53 00 000  -32.31    22.05    -9.93  -810.30    139.30    127.30    4.02    125498.0
 2025 11 12 08 54 00 000  -32.70    22.67    -8.70  -804.20    157.30    117.40    4.43    107617.0
 2025 11 12 08 55 00 000  -30.95    24.40   -11.47  -792.90    190.20     99.40    5.21     74962.0
 2025 11 12 08 56 00 000  -32.59    22.73    -8.36  -826.60    102.10    154.90    3.28     96752.0
 2025 11 12 08 57 00 000  -31.71    23.09   -10.93  -826.60    102.10    154.90    3.28     96752.0
 2025 11 12 08 58 00 000  -32.95    21.53   -10.81  -788.40    193.00     68.40    5.30     98158.0
 2025 11 12 08 59 00 000  -31.48    23.65   -10.82  -755.20    171.70     93.80    5.24     90613.0
 2025 11 12 09 00 00 000  -33.65    20.37    -5.97  -741.10    160.90    106.40    5.18     87270.0
 2025 11 12 09 01 00 000  -32.72    19.43   -13.21  -741.10    160.90    106.40    5.18     87270.0
 2025 11 12 09 02 00 000  -30.14    24.29     1.95  -734.50    172.40    124.60    5.82     67653.0
 2025 11 12 09 03 00 000  -29.60    18.49     3.26  -734.50    172.40    124.60    5.82     67653.0
 2025 11 12 09 04 00 000  -29.11    25.02   -10.69  -734.50    172.40    124.60    5.82     67653.0
 2025 11 12 09 05 00 000  -30.98    22.12   -14.11  -800.20    165.90     82.30    5.40    155269.0
 2025 11 12 09 06 00 000  -28.06    28.72   -10.54  -800.20    165.90     82.30    5.40    155269.0
 2025 11 12 09 07 00 000  -30.40    23.98   -16.02  -800.20    165.90     82.30    5.40    155269.0
 2025 11 12 09 08 00 000  -25.40    31.37    -9.67  -800.20    165.90     82.30    5.40    155269.0
 2025 11 12 09 09 00 000  -33.07    15.41   -20.96  -800.20    165.90     82.30    5.40    155269.0
 2025 11 12 09 10 00 000  -26.79    28.40   -12.56  -800.20    165.90     82.30    5.40    155269.0
 2025 11 12 09 11 00 000  -28.21    27.97   -10.04  -800.20    165.90     82.30    5.40    155269.0
 2025 11 12 09 12 00 000  -26.94    27.37   -10.33  -743.20    171.80    168.60    6.68     91286.0
 2025 11 12 09 13 00 000  -25.14    31.02   -10.10  -746.90    165.10    122.40    5.00     79232.0
 2025 11 12 09 14 00 000  -25.46    30.97    -9.77  -735.70    184.40    126.90    5.12     79114.0
 2025 11 12 09 17 00 000  -31.27    22.48   -18.36  -735.70    184.40    126.90    5.12     79114.0
 2025 11 12 09 18 00 000  -30.47    23.72   -18.31  -735.70    184.40    126.90    5.12     79114.0
 2025 11 12 09 19 00 000  -30.47    23.72   -18.32  -735.70    184.40    126.90    5.12     79114.0
 2025 11 12 09 20 00 000  -28.98    20.23   -23.48  -735.70    184.40    126.90    5.12     79114.0
 2025 11 12 09 21 00 000  -31.35    20.93   -19.43  -735.70    184.40    126.90    5.12     79114.0
 2025 11 12 09 22 00 000  -29.39    20.97   -22.68  -736.30    173.70      4.80    3.55     59727.0
 2025 11 12 09 23 00 000  -29.70    23.57   -19.67  -736.30    173.70      4.80    3.55     59727.0
 2025 11 12 09 24 00 000  -31.76    17.62   -22.16  -736.30    173.70      4.80    3.55     59727.0
 2025 11 12 09 25 00 000  -28.96    19.40   -24.28  -730.60    185.10     11.00    4.15     83049.0
 2025 11 12 09 26 00 000  -28.63    29.22     4.24  -730.60    185.10     11.00    4.15     83049.0
 2025 11 12 09 27 00 000  -27.71    21.17    -8.35  -730.60    185.10     11.00    4.15     83049.0
 2025 11 12 09 28 00 000  -31.74    10.47   -26.69  -730.60    185.10     11.00    4.15     83049.0
 2025 11 12 09 29 00 000  -31.81     9.41   -27.10  -730.60    185.10     11.00    4.15     83049.0
 2025 11 12 09 30 00 000  -32.01     8.76   -26.72  -730.60    185.10     11.00    4.15     83049.0
 2025 11 12 09 31 00 000  -31.68    10.04   -26.93  -730.60    185.10     11.00    4.15     83049.0
 2025 11 12 09 32 00 000  -33.04     8.95   -24.87  -730.60    185.10     11.00    4.15     83049.0
 2025 11 12 09 33 00 000  -31.45     7.96   -25.59  -730.60    185.10     11.00    4.15     83049.0
 2025 11 12 09 34 00 000  -28.85     6.40   -23.59  -730.60    185.10     11.00    4.15     83049.0
 2025 11 12 09 35 00 000  -26.59     5.86   -21.92  -730.60    185.10     11.00    4.15     83049.0
 2025 11 12 09 36 00 000  -29.82     8.22   -25.66  -730.60    185.10     11.00    4.15     83049.0
 2025 11 12 09 37 00 000  -31.25     8.44   -27.00  -730.60    185.10     11.00    4.15     83049.0
 2025 11 12 09 38 00 000  -31.77     9.01   -26.70  -730.60    185.10     11.00    4.15     83049.0
 2025 11 12 09 39 00 000  -32.06     9.85   -26.80  -730.60    185.10     11.00    4.15     83049.0
 2025 11 12 09 40 00 000  -30.18     9.06   -25.45  -730.60    185.10     11.00    4.15     83049.0
 2025 11 12 09 41 00 000  -28.47     8.35   -24.12  -730.60    185.10     11.00    4.15     83049.0
 2025 11 12 09 42 00 000  -29.94     6.02   -24.05  -730.60    185.10     11.00    4.15     83049.0
 2025 11 12 09 43 00 000  -29.23     9.71   -22.03  -730.60    185.10     11.00    4.15     83049.0
 2025 11 12 09 44 00 000  -31.62     5.70   -27.12  -730.60    185.10     11.00    4.15     83049.0
 2025 11 12 09 45 00 000  -33.86     6.62   -24.94  -730.60    185.10     11.00    4.15     83049.0
 2025 11 12 09 46 00 000  -33.39     9.05   -25.16  -730.60    185.10     11.00    4.15     83049.0
 2025 11 12 09 47 00 000  -32.81     9.23   -26.33  -744.30     91.30     14.20    4.24     66645.0
 2025 11 12 09 48 00 000  -32.64     9.51   -26.40  -744.30     91.30     14.20    4.24     66645.0
 2025 11 12 09 49 00 000  -34.02    11.55   -24.34  -772.40     66.90     11.90    3.84     85033.0
 2025 11 12 09 50 00 000  -33.84    11.20   -24.60  -772.40     66.90     11.90    3.84     85033.0
 2025 11 12 09 51 00 000  -33.91     9.95   -25.11  -756.40     93.20    -25.30    4.38     61184.0
 2025 11 12 09 52 00 000  -35.67     9.15   -23.35  -766.00     88.40     -2.30    4.18     62019.0
 2025 11 12 09 53 00 000  -35.30     9.25   -23.85  -771.90     85.50     11.90    4.06     62534.0
 2025 11 12 09 54 00 000  -35.79     8.59   -23.39  -771.90     85.50     11.90    4.06     62534.0
 2025 11 12 09 55 00 000  -34.84    11.15   -23.76  -771.90     85.50     11.90    4.06     62534.0
 2025 11 12 09 56 00 000  -34.37    13.17   -23.51  -771.90     85.50     11.90    4.06     62534.0
 2025 11 12 09 57 00 000  -34.86    11.85   -23.38  -771.90     85.50     11.90    4.06     62534.0
 2025 11 12 09 58 00 000  -35.90    12.97   -21.48  -770.60     97.40      4.50    4.05     56522.0
 2025 11 12 09 59 00 000  -36.01    13.13   -21.15  -772.40     95.70      1.20    3.60     59479.0
 2025 11 12 10 00 00 000  -35.14    11.62   -23.17  -774.20     94.10     -2.10    3.16     62418.0
 2025 11 12 10 01 00 000  -35.29    11.89   -22.94  -774.20     94.10     -2.10    3.16     62418.0
 2025 11 12 10 02 00 000  -36.03    13.19   -21.39  -774.20     94.10     -2.10    3.16     62418.0
 2025 11 12 10 03 00 000  -35.88    13.92   -21.11  -774.20     94.10     -2.10    3.16     62418.0
 2025 11 12 10 04 00 000  -35.77    11.69   -22.27  -774.20     94.10     -2.10    3.16     62418.0
 2025 11 12 10 05 00 000  -35.79    11.17   -22.31  -758.90    115.30    -33.40    3.08     71261.0
 2025 11 12 10 06 00 000  -35.83    11.04   -22.32  -758.90    115.30    -33.40    3.08     71261.0
 2025 11 12 10 07 00 000  -35.67    11.87   -22.18  -758.90    115.30    -33.40    3.08     71261.0
 2025 11 12 10 08 00 000  -32.90    13.55   -17.30  -686.50      3.20     22.30   26.42    177007.0
 2025 11 12 10 09 00 000  -30.94    14.40   -14.15  -687.40     10.00     27.90   23.80    475159.0
 2025 11 12 10 10 00 000  -32.24    12.53   -14.64  -687.90     16.90     32.20   22.20    736732.0
 2025 11 12 10 11 00 000  -32.27    11.82   -16.28  -693.80     22.50      9.40   28.55    169107.0
 2025 11 12 10 12 00 000  -31.45    13.68   -12.38  -753.50     88.70    -36.20    4.49     58462.0
 2025 11 12 10 13 00 000  -32.03    13.49   -14.26  -700.60     12.70      5.10   14.74    479173.0
 2025 11 12 10 14 00 000  -32.90    13.54   -15.62  -715.30     20.30      7.30   13.14    435341.0
 2025 11 12 10 15 00 000  -33.82    13.51   -16.67  -773.70     78.50    -12.90    3.79    118060.0
 2025 11 12 10 16 00 000  -34.12    13.59   -17.52  -739.70     46.70    -16.20   12.42     85788.0
 2025 11 12 10 17 00 000  -33.92    14.44   -14.91  -745.10     57.20    -18.60   10.19     82274.0
 2025 11 12 10 18 00 000  -33.46    10.78   -14.37  -712.80     38.20     -8.70   18.38    229001.0
 2025 11 12 10 19 00 000  -35.07    13.94   -17.26  -743.70     42.20    -24.00   10.09    185238.0
 2025 11 12 10 20 00 000  -34.17    14.14   -12.45  -737.80     48.60    -17.40   12.91    106113.0
 2025 11 12 10 21 00 000  -32.12    13.44   -11.66  -737.80     48.60    -17.40   12.91    106113.0
 2025 11 12 10 22 00 000  -34.07    14.84   -14.24  -772.90    119.30     -9.90    2.52     50286.0
 2025 11 12 10 23 00 000  -33.26    15.03   -12.00  -758.30     99.20    -17.50    5.12     76778.0
 2025 11 12 10 24 00 000  -31.12    14.32   -11.37  -704.70     34.30    -12.30   16.15    236052.0
 2025 11 12 10 25 00 000  -31.27    14.31   -11.72  -684.00     14.30      8.90   21.16    333450.0
 2025 11 12 10 26 00 000  -31.52    14.57   -11.88  -684.00     14.30      8.90   21.16    333450.0
 2025 11 12 10 27 00 000  -31.15    14.79   -12.05  -726.90     83.90    -18.70   10.97    114113.0
 2025 11 12 10 28 00 000  -30.48    13.65   -12.09  -726.90     83.90    -18.70   10.97    114113.0
 2025 11 12 10 29 00 000  -30.03    13.42   -12.32  -720.30     88.90    -31.60   16.90     99628.0
 2025 11 12 10 30 00 000  -29.55    14.00   -11.98  -719.50     87.30    -31.10   16.99    111689.0
 2025 11 12 10 31 00 000  -27.71    14.63   -11.77  -677.70      7.70     -6.30   21.66    725410.0
 2025 11 12 10 32 00 000  -29.62    13.83   -11.05  -683.30     31.00      9.00   23.44    371821.0
 2025 11 12 10 33 00 000  -27.64    14.32   -12.45  -708.50     68.00    -19.50   20.12    456349.0
 2025 11 12 10 34 00 000  -26.90    15.01   -12.68  -718.90     82.10    -33.00   18.55    520680.0
 2025 11 12 10 35 00 000  -26.81    13.35   -10.95  -669.70     13.70     17.80   37.96    139276.0
 2025 11 12 10 36 00 000  -27.08    12.46   -10.59  -669.70     13.70     17.80   37.96    139276.0
 2025 11 12 10 37 00 000  -27.05    12.28   -11.07  -666.70     17.00      0.00   25.58    104741.0
 2025 11 12 10 38 00 000  -27.60    11.83   -10.50  -667.70     15.80      5.20   27.07    121603.0
 2025 11 12 10 39 00 000  -26.43    13.83   -10.57  -670.70     12.40     21.50   33.93    168090.0
 2025 11 12 10 40 00 000  -26.43    13.83   -10.57  -670.70     12.40     21.50   33.93    168090.0
 2025 11 12 10 41 00 000  -26.05    14.30   -10.74  -670.70     12.40     21.50   33.93    168090.0
 2025 11 12 10 43 00 000  -26.30    13.97   -11.01  -670.70     12.40     21.50   33.93    168090.0
 2025 11 12 10 44 00 000  -26.39    13.82   -11.62  -670.70     12.40     21.50   33.93    168090.0
 2025 11 12 10 45 00 000  -25.11    15.26    -9.76  -678.10     50.10     -1.70   34.85    173037.0
 2025 11 12 10 46 00 000  -24.95    14.52   -10.06  -673.60     31.50     -3.30   32.51    125058.0
 2025 11 12 10 47 00 000  -25.02    13.91   -10.50  -669.60     15.00     -4.80   30.44     82467.0
 2025 11 12 10 48 00 000  -25.48    12.66   -11.24  -669.60     15.00     -4.80   30.44     82467.0
 2025 11 12 10 49 00 000  -24.93    13.09   -11.27  -672.80     11.70     -9.50   28.28     84173.0
 2025 11 12 10 50 00 000  -24.03    12.90   -11.31  -672.80     11.70     -9.50   28.28     84173.0
 2025 11 12 10 51 00 000  -22.29    14.12   -11.22  -672.80     11.70     -9.50   28.28     84173.0
 2025 11 12 10 52 00 000  -22.18    14.53   -11.04  -672.80     11.70     -9.50   28.28     84173.0
 2025 11 12 10 53 00 000  -22.18    14.94   -10.51  -672.80     11.70     -9.50   28.28     84173.0
 2025 11 12 10 54 00 000  -21.53    16.06    -9.80  -672.80     11.70     -9.50   28.28     84173.0
 2025 11 12 10 55 00 000  -23.25    15.48   -10.32  -694.40     26.60     -3.00   17.75    107639.0
 2025 11 12 10 56 00 000  -23.86    13.05   -11.11  -688.50     22.30     -9.60   23.36    100688.0
 2025 11 12 10 58 00 000  -22.26    18.21    -5.45  -687.80     18.50     -2.00   24.87    139895.0
 2025 11 12 10 59 00 000  -21.49    19.31    -6.35  -679.10      4.70     -3.10   28.03    119042.0
 2025 11 12 11 00 00 000  -20.82    19.47    -7.03  -674.40     -2.80     -3.70   29.74    107792.0
 2025 11 12 11 01 00 000  -17.04    17.34    -6.11  -661.60     -0.10     -0.30   33.12    138986.0
 2025 11 12 11 02 00 000  -13.58    14.36    -5.48  -656.60     19.60      9.90   27.57    493020.0
 2025 11 12 11 03 00 000  -10.99    14.20    -4.64  -666.90     29.30     -4.00   25.10    378490.0
 2025 11 12 11 04 00 000   -7.27    15.96    -3.48  -666.90     29.30     -4.00   25.10    378490.0
 2025 11 12 11 05 00 000   -6.80    15.40    -3.43  -651.20     41.00     -5.50   26.68    599808.0
 2025 11 12 11 06 00 000  -10.00    16.71    -5.97  -649.80     41.20     -3.70   26.87    556913.0
 2025 11 12 11 07 00 000   -5.66    13.79    -3.62  -640.00     30.90      8.30   26.91    229712.0
 2025 11 12 11 08 00 000    7.40     8.87     0.85  -642.00      2.90     15.30   30.77    522048.0
 2025 11 12 11 09 00 000   -2.30    10.01    -3.68  -647.50     13.90      2.80   33.36    644106.0
 2025 11 12 11 10 00 000    4.07     9.63    -1.33  -647.90      4.90    -16.50   38.99    639653.0
 2025 11 12 11 11 00 000    3.80    10.10    -2.04  -644.60     -7.50    -24.20   48.37    809164.0
 2025 11 12 11 12 00 000    8.34    10.07     0.95  -646.80    -10.70    -30.60   42.29    531157.0
 2025 11 12 11 13 00 000    7.72    24.77    -2.45  -646.80    -10.70    -30.60   42.29    531157.0
 2025 11 12 11 14 00 000    4.79    25.75    -3.45  -646.80    -10.70    -30.60   42.29    531157.0
 2025 11 12 11 15 00 000    6.03    23.92    -2.93  -625.70    -76.80      3.00   14.20    508405.0
 2025 11 12 11 16 00 000    8.50    22.32    -0.80  -625.70    -76.80      3.00   14.20    508405.0
 2025 11 12 11 17 00 000    9.35    20.86     0.63  -625.70    -76.80      3.00   14.20    508405.0
 2025 11 12 11 18 00 000   15.68    18.75     3.99  -629.20    -56.40     -8.70   21.07    591763.0
 2025 11 12 11 19 00 000    8.03    19.78     2.66  -626.10    -51.60     -8.60   21.62    582353.0
 2025 11 12 11 20 00 000   21.75    16.13     5.16  -633.90    -73.40    -31.20   18.24    664831.0
 2025 11 12 11 22 00 000   22.88    16.26     8.86  -653.60   -119.70    -67.30   11.62    818304.0
 2025 11 12 11 23 00 000   19.98    17.38     6.73  -653.60   -119.70    -67.30   11.62    818304.0
 2025 11 12 11 24 00 000   21.18    15.51     8.27  -653.60   -119.70    -67.30   11.62    818304.0
 2025 11 12 11 25 00 000   24.91    14.53    11.73  -641.00     55.00     20.80   20.32    333990.0
 2025 11 12 11 26 00 000   22.73    14.68     9.86  -639.20     47.70     24.80   22.82    402381.0
 2025 11 12 11 27 00 000   22.98    11.02    12.57  -637.20     39.70     29.10   25.54    476844.0
 2025 11 12 11 31 00 000   31.86    15.84    13.93  -637.20     39.70     29.10   25.54    476844.0
 2025 11 12 11 32 00 000   31.59    15.91    14.29  -748.60    -16.00    -28.10    4.55     70722.0
 2025 11 12 11 33 00 000   31.28    15.47    15.22  -748.60    -16.00    -28.10    4.55     70722.0
 2025 11 12 11 34 00 000   32.35    12.69    15.73  -748.60    -16.00    -28.10    4.55     70722.0
 2025 11 12 11 35 00 000   30.99    12.91    14.68  -734.00     61.60      0.10   23.87     74324.0
 2025 11 12 11 36 00 000   27.36    12.58    12.67  -734.00     61.60      0.10   23.87     74324.0
 2025 11 12 11 37 00 000   27.97    13.10    12.32  -688.00    -16.20    -58.10   21.68    295655.0
 2025 11 12 11 38 00 000   29.53    18.67    14.98  -715.10    -18.60    -50.20   11.63    161479.0
 2025 11 12 11 39 00 000   29.96    18.22    14.45  -735.90    -20.40    -44.10    4.14     58591.0
 2025 11 12 11 41 00 000   29.74    18.83    14.24  -735.90    -20.40    -44.10    4.14     58591.0
 2025 11 12 11 43 00 000   30.23    17.99    14.59  -735.90    -20.40    -44.10    4.14     58591.0
 2025 11 12 11 44 00 000   33.29    12.20    13.49  -748.80     10.20    -10.50    3.46     39748.0
 2025 11 12 11 45 00 000   33.19    12.49    13.38  -753.60     12.70     -6.30    4.10     40869.0
 2025 11 12 11 46 00 000   34.03    11.43    12.27  -754.30      7.10     -1.10    4.40     40510.0
 2025 11 12 11 47 00 000   34.04    11.59    11.90  -752.40     -5.90      7.20    4.16     35340.0
 2025 11 12 11 48 00 000   34.77    10.05    11.09  -754.00     -4.40     13.10    4.46     34369.0
 2025 11 12 11 49 00 000   34.94     9.61    10.80  -757.10     -5.00     24.70    4.70     33661.0
 2025 11 12 11 50 00 000   34.87     9.18    10.95  -753.00     -2.10     12.60    4.90     33014.0
 2025 11 12 11 51 00 000   35.29     7.96     9.97  -753.00     -2.10     12.60    4.90     33014.0
 2025 11 12 11 52 00 000   35.39     7.64    10.04  -753.00     -2.10     12.60    4.90     33014.0
 2025 11 12 11 53 00 000   35.36     7.66    10.24  -756.80     16.80     18.20    4.21     41308.0
 2025 11 12 11 54 00 000   35.68     6.50     9.95  -756.80     17.00     18.30    4.20     41246.0
 2025 11 12 11 55 00 000   35.68     5.55    10.70  -758.50     25.20     21.90    3.95     38819.0
 2025 11 12 11 56 00 000   35.49     5.14    11.41  -765.60     42.10     43.00    3.00     39524.0
 2025 11 12 11 57 00 000   35.13     6.20    12.07  -761.80     52.20     35.50    3.50     39807.0
 2025 11 12 11 58 00 000   35.17     6.19    11.95  -758.30     52.50     29.60    4.55     37929.0
 2025 11 12 11 59 00 000   35.45     5.11    10.64  -768.40     39.20     47.20    2.86     44714.0
 2025 11 12 12 00 00 000   35.00     5.56    11.60  -768.50     33.40     41.70    2.50     49016.0
 2025 11 12 12 01 00 000   34.43     8.09    11.23  -761.10     24.20     21.60    3.10     43085.0
 2025 11 12 12 02 00 000   34.44     8.64    10.62  -763.20     -2.20     29.00    2.94     39830.0
 2025 11 12 12 03 00 000   34.56     7.23    11.00  -763.20     -3.80     29.50    2.96     39320.0
 2025 11 12 12 04 00 000   34.30     7.01    11.36  -764.10      3.20     32.30    2.91     37069.0
 2025 11 12 12 05 00 000   33.84     8.95    11.30  -757.60     -2.90     31.50    3.30     38714.0
 2025 11 12 12 06 00 000   33.53     9.60    11.71  -753.90     -6.30     31.00    3.51     39649.0
 2025 11 12 12 07 00 000   33.78     8.91    11.39  -753.90     -6.30     31.00    3.51     39649.0
 2025 11 12 12 08 00 000   34.33     7.17    11.03  -753.90     -6.30     31.00    3.51     39649.0
 2025 11 12 12 09 00 000   34.23     7.45    11.14  -753.90     -6.30     31.00    3.51     39649.0
 2025 11 12 12 10 00 000   32.88     6.57    10.39  -751.10     26.40     37.20    3.80     38446.0
 2025 11 12 12 11 00 000   32.05     6.63     9.76  -760.80     36.40     37.50    3.34     43581.0
 2025 11 12 12 12 00 000   30.40     7.93    10.43  -782.90     89.00     62.30    2.03     62099.0
 2025 11 12 12 13 00 000   30.38     6.87     8.78  -764.50     53.10     48.50    2.78     48067.0
 2025 11 12 12 14 00 000   30.63     6.94     9.25  -782.50     64.80     80.20    2.64     52684.0
 2025 11 12 12 15 00 000   30.83     6.06     8.79  -769.30     50.70     53.20    2.54     47774.0
 2025 11 12 12 16 00 000   31.59     5.88     9.57  -759.90     44.90     35.20    3.20     42471.0
 2025 11 12 12 17 00 000   31.27     4.94     8.37  -774.10     89.30    120.40    2.70     52741.0
 2025 11 12 12 18 00 000   31.40     3.95     6.76  -779.80    103.30    148.20    2.24     55233.0
 2025 11 12 12 19 00 000   29.82     3.32     5.00  -758.40     52.40     38.50    2.84     40025.0
 2025 11 12 12 20 00 000   32.24     4.13     8.52  -780.90     87.50     79.00    2.17     54144.0
 2025 11 12 12 21 00 000   32.69     3.61     8.45  -787.80     98.90     69.50    1.99     48534.0
 2025 11 12 12 22 00 000   32.24     3.77     8.27  -791.70    100.30     85.50    1.98     44632.0
 2025 11 12 12 23 00 000   31.48     5.31     7.22  -789.00    115.70     78.90    1.83     51590.0
 2025 11 12 12 24 00 000   31.94     5.32     6.45  -798.60     93.30     94.90    1.89     54451.0
 2025 11 12 12 25 00 000   31.89     5.59     8.64  -796.70     95.30     80.50    1.96     55005.0
 2025 11 12 12 26 00 000   25.73     7.58    10.99  -789.30     86.40     55.50    1.84     58557.0
 2025 11 12 12 27 00 000   24.86     9.96    11.57  -749.50     76.90    -10.70    2.72     57667.0
 2025 11 12 12 28 00 000   24.70     8.47    12.54  -749.40     76.90    -10.90    2.72     57729.0
 2025 11 12 12 29 00 000   25.59     7.47    11.09  -749.40     76.90    -10.90    2.72     57729.0
 2025 11 12 12 30 00 000   25.94     7.70    10.84  -782.60    131.50     40.20    1.24     43844.0
 2025 11 12 12 31 00 000   26.30     6.39    10.80  -783.00    145.20     63.70    1.44     55548.0
 2025 11 12 12 32 00 000   26.50     2.89    10.07  -783.20    152.90     76.90    1.56     62118.0
 2025 11 12 12 33 00 000   24.07    10.78     9.81  -783.20    152.90     76.90    1.56     62118.0
 2025 11 12 12 34 00 000   23.68    12.05     9.77  -783.20    152.90     76.90    1.56     62118.0
 2025 11 12 12 35 00 000   26.51     8.07     7.29  -783.20    152.90     76.90    1.56     62118.0
 2025 11 12 12 36 00 000   25.77     8.75     9.54  -783.20    152.90     76.90    1.56     62118.0
 2025 11 12 12 37 00 000   24.99    10.95    10.03  -783.20    152.90     76.90    1.56     62118.0
 2025 11 12 12 38 00 000   25.07     9.86    11.17  -783.20    152.90     76.90    1.56     62118.0
 2025 11 12 12 39 00 000   25.61     7.74    10.92  -783.20    152.90     76.90    1.56     62118.0
 2025 11 12 12 40 00 000   25.70     8.34    10.60  -783.20    152.90     76.90    1.56     62118.0
 2025 11 12 12 41 00 000   25.25     8.98    10.46  -734.10    104.10     28.10    1.85     46053.0
 2025 11 12 12 42 00 000   25.56     8.93     9.50  -734.10    104.10     28.10    1.85     46053.0
 2025 11 12 12 43 00 000   25.54     9.68     9.28  -734.10    104.10     28.10    1.85     46053.0
 2025 11 12 12 44 00 000   25.78     9.57     8.96  -734.10    104.10     28.10    1.85     46053.0
 2025 11 12 12 45 00 000   26.42     8.44     8.04  -755.40     90.20     39.20    2.58     40396.0
 2025 11 12 12 46 00 000   24.95    10.02    10.33  -745.10     78.60      8.60    2.74     41380.0
 2025 11 12 12 47 00 000   24.66    10.87     9.56  -732.20     64.00    -29.60    2.95     42611.0
 2025 11 12 12 48 00 000   24.44    12.93     6.78  -732.20     64.00    -29.60    2.95     42611.0
 2025 11 12 12 49 00 000   24.34    12.65     7.73  -732.20     64.00    -29.60    2.95     42611.0
 2025 11 12 12 50 00 000   24.38    12.08     7.89  -732.20     64.00    -29.60    2.95     42611.0
 2025 11 12 12 51 00 000   24.43    12.21     8.19  -732.20     64.00    -29.60    2.95     42611.0
 2025 11 12 12 52 00 000   23.80    13.03     9.31  -732.20     64.00    -29.60    2.95     42611.0
 2025 11 12 12 53 00 000   23.94    12.29     9.87  -732.20     64.00    -29.60    2.95     42611.0
 2025 11 12 12 54 00 000   22.68    13.03    11.07  -732.20     64.00    -29.60    2.95     42611.0
 2025 11 12 12 55 00 000   23.11    12.84     9.86  -732.20     64.00    -29.60    2.95     42611.0
 2025 11 12 12 56 00 000   23.37    11.38    11.09  -732.20     64.00    -29.60    2.95     42611.0
 2025 11 12 12 57 00 000   24.81    10.28     8.45  -720.90     59.70    -11.00    3.44     48249.0
 2025 11 12 12 58 00 000   26.46     8.68     5.43  -720.90     59.70    -11.00    3.44     48249.0
 2025 11 12 12 59 00 000   26.22     9.30     5.52  -720.90     59.70    -11.00    3.44     48249.0
 2025 11 12 13 00 00 000   25.83     9.42     5.80  -720.90     59.70    -11.00    3.44     48249.0
 2025 11 12 13 01 00 000   26.09     8.86     6.77  -720.90     59.70    -11.00    3.44     48249.0
 2025 11 12 13 02 00 000   26.07     8.89     5.38  -720.90     59.70    -11.00    3.44     48249.0
 2025 11 12 13 03 00 000   25.44     7.91     9.34  -720.90     59.70    -11.00    3.44     48249.0
 2025 11 12 13 04 00 000   24.15     7.96    12.12  -720.90     59.70    -11.00    3.44     48249.0
 2025 11 12 13 05 00 000   23.98     8.47    12.03  -720.90     59.70    -11.00    3.44     48249.0
 2025 11 12 13 06 00 000   24.07    10.76    10.45  -720.90     59.70    -11.00    3.44     48249.0
 2025 11 12 13 07 00 000   26.89     7.05     3.76  -720.90     59.70    -11.00    3.44     48249.0
 2025 11 12 13 08 00 000   26.35     7.19     2.30  -720.90     59.70    -11.00    3.44     48249.0
 2025 11 12 13 09 00 000   26.76     8.53     4.13  -720.90     59.70    -11.00    3.44     48249.0
 2025 11 12 13 10 00 000   26.26     9.85     5.47  -720.90     59.70    -11.00    3.44     48249.0
 2025 11 12 13 11 00 000   25.56     9.80     7.93  -720.90     59.70    -11.00    3.44     48249.0
 2025 11 12 13 12 00 000   24.70     9.29    10.43  -720.90     59.70    -11.00    3.44     48249.0
 2025 11 12 13 13 00 000   23.68    11.37     9.90  -739.70     77.30    -23.30    1.41     33156.0
 2025 11 12 13 14 00 000   23.85     9.96    10.92  -739.70     77.30    -23.30    1.41     33156.0
 2025 11 12 13 15 00 000   23.06    10.72    12.05  -739.70     77.30    -23.30    1.41     33156.0
 2025 11 12 13 16 00 000   22.83    14.63     6.11  -739.70     77.30    -23.30    1.41     33156.0
 2025 11 12 13 17 00 000   23.81    12.09     8.88  -735.40     36.30     -7.90    1.45     40772.0
 2025 11 12 13 18 00 000   23.44    12.91     8.66  -735.40     36.30     -7.90    1.45     40772.0
 2025 11 12 13 19 00 000   22.04    14.42     9.32  -735.40     36.30     -7.90    1.45     40772.0
 2025 11 12 13 20 00 000   23.09    12.30    10.02  -735.40     36.30     -7.90    1.45     40772.0
 2025 11 12 13 21 00 000   23.42    12.34     8.55  -735.40     36.30     -7.90    1.45     40772.0
 2025 11 12 13 22 00 000   22.83    13.71     7.39  -735.40     36.30     -7.90    1.45     40772.0
 2025 11 12 13 23 00 000   21.97    14.94     8.07  -735.40     36.30     -7.90    1.45     40772.0
 2025 11 12 13 24 00 000   23.58    12.44     9.49  -735.40     36.30     -7.90    1.45     40772.0
 2025 11 12 13 25 00 000   22.23    13.11    11.40  -735.40     36.30     -7.90    1.45     40772.0
 2025 11 12 13 26 00 000   21.64    13.90    11.12  -735.40     36.30     -7.90    1.45     40772.0
 2025 11 12 13 27 00 000   19.08    16.56    12.37  -735.40     36.30     -7.90    1.45     40772.0
 2025 11 12 13 28 00 000   18.79    16.40    13.05  -680.60     21.10    -45.90    2.08     26200.0
 2025 11 12 13 29 00 000   16.89    17.91    13.01  -680.60     21.10    -45.90    2.08     26200.0
 2025 11 12 13 30 00 000   17.34    17.35    12.86  -680.60     21.10    -45.90    2.08     26200.0
 2025 11 12 13 31 00 000   23.63    12.87     6.69  -732.60     82.20     15.90    2.31     28673.0
 2025 11 12 13 32 00 000   21.07    15.45     9.23  -732.60     82.20     15.90    2.31     28673.0
 2025 11 12 13 33 00 000   22.59    13.33     8.41  -732.60     82.20     15.90    2.31     28673.0
 2025 11 12 13 34 00 000   23.06    13.16     9.00  -732.60     82.20     15.90    2.31     28673.0
 2025 11 12 13 35 00 000   23.74    11.35     9.28  -745.20     85.60     45.70    2.13     48488.0
 2025 11 12 13 36 00 000   24.25     9.13     9.23  -745.20     85.60     45.70    2.13     48488.0
 2025 11 12 13 37 00 000   21.98    13.05    10.76  -745.20     85.60     45.70    2.13     48488.0
 2025 11 12 13 38 00 000   23.02    11.85    10.10  -745.20     85.60     45.70    2.13     48488.0
 2025 11 12 13 39 00 000   24.14    10.60     9.00  -745.20     85.60     45.70    2.13     48488.0
 2025 11 12 13 40 00 000   24.62    10.06     8.40  -770.70     68.90     58.30    1.29     58479.0
 2025 11 12 13 41 00 000   22.66    11.86    11.72  -770.70     68.90     58.30    1.29     58479.0
 2025 11 12 13 42 00 000   23.61    11.11    10.07  -770.70     68.90     58.30    1.29     58479.0
 2025 11 12 13 43 00 000   23.92    11.02     9.46  -762.40     65.80     31.40    1.65     40961.0
 2025 11 12 13 44 00 000   24.44    10.47     8.55  -762.40     65.80     31.40    1.65     40961.0
 2025 11 12 13 45 00 000   25.41     8.84     7.56  -762.40     65.80     31.40    1.65     40961.0
 2025 11 12 13 46 00 000   25.71     8.39     6.64  -777.80     77.20     78.70    1.68     39371.0
 2025 11 12 13 47 00 000   26.60     5.93     5.23  -777.80     77.20     78.70    1.68     39371.0
 2025 11 12 13 48 00 000   27.15     3.81     4.35  -776.00    107.00    118.70    1.50     36049.0
 2025 11 12 13 49 00 000   27.48     2.60     3.07  -776.00    107.00    118.70    1.50     36049.0
 2025 11 12 13 50 00 000   27.64     1.66     1.96  -776.00    107.00    118.70    1.50     36049.0
 2025 11 12 13 51 00 000   27.10     3.01     3.78  -776.00    107.00    118.70    1.50     36049.0
 2025 11 12 13 52 00 000   26.44     4.69     5.74  -776.00    107.00    118.70    1.50     36049.0
 2025 11 12 13 53 00 000   26.26     4.90     6.54  -773.00    108.50     87.90    1.88     41276.0
 2025 11 12 13 54 00 000   26.01     5.14     6.92  -773.00    108.50     87.90    1.88     41276.0
 2025 11 12 13 55 00 000   26.31     4.04     6.33  -773.00    108.50     87.90    1.88     41276.0
 2025 11 12 13 56 00 000   26.34     3.16     7.12  -773.00    108.50     87.90    1.88     41276.0
 2025 11 12 13 57 00 000   25.96     4.49     8.09  -773.00    108.50     87.90    1.88     41276.0
 2025 11 12 13 58 00 000   25.55     6.50     7.82  -757.60     99.60     35.60    1.45     34587.0
 2025 11 12 13 59 00 000   25.20     7.82     7.17  -757.60     99.60     35.60    1.45     34587.0
 2025 11 12 14 00 00 000   25.21     8.20     6.82  -757.60     99.60     35.60    1.45     34587.0
 2025 11 12 14 01 00 000   25.24     8.26     6.37  -754.20     54.50     54.70    1.62     36226.0
 2025 11 12 14 02 00 000   24.96     7.69     7.71  -754.20     54.50     54.70    1.62     36226.0
 2025 11 12 14 03 00 000   25.27     7.20     7.29  -754.20     54.50     54.70    1.62     36226.0
 2025 11 12 14 04 00 000   25.31     7.23     6.17  -754.20     54.50     54.70    1.62     36226.0
 2025 11 12 14 05 00 000   25.61     6.08     6.81  -754.20     54.50     54.70    1.62     36226.0
 2025 11 12 14 06 00 000   24.94     7.53     7.48  -754.20     54.50     54.70    1.62     36226.0
 2025 11 12 14 07 00 000   25.17     6.92     6.66  -753.80    121.90      5.30    1.73     58028.0
 2025 11 12 14 08 00 000   24.97     5.67     8.27  -753.80    121.90      5.30    1.73     58028.0
 2025 11 12 14 09 00 000   25.14     6.27     8.35  -759.00    105.80     32.80    1.34     38209.0
 2025 11 12 14 10 00 000   25.35     6.28     7.71  -759.70    103.70     36.50    1.29     35578.0
 2025 11 12 14 11 00 000   25.29     6.60     6.55  -759.70    103.70     36.50    1.29     35578.0
 2025 11 12 14 12 00 000   25.16     6.28     7.73  -754.80     97.00     32.00    1.56     39773.0
 2025 11 12 14 13 00 000   25.33     3.93     7.66  -759.90    108.50     43.30    1.44     43178.0
 2025 11 12 14 15 00 000   24.65     2.89    10.11  -780.30    154.40     88.50    0.98     56798.0
 2025 11 12 14 18 00 000   24.77     2.21     9.78  -780.30    154.40     88.50    0.98     56798.0
 2025 11 12 14 20 00 000   24.23     2.88    10.72  -780.30    154.40     88.50    0.98     56798.0
 2025 11 12 14 21 00 000   24.23     2.87    10.72  -780.30    154.40     88.50    0.98     56798.0
 2025 11 12 14 24 00 000   24.05     2.70    11.27  -780.30    154.40     88.50    0.98     56798.0
 2025 11 12 14 26 00 000   24.29     4.80    10.49  -751.70    214.60     -2.80    1.30     39340.0
 2025 11 12 14 27 00 000   24.29     4.79    10.49  -751.70    214.60     -2.80    1.30     39340.0
 2025 11 12 14 28 00 000   23.87     3.94    11.18  -751.70    214.60     -2.80    1.30     39340.0
 2025 11 12 14 29 00 000   23.55     8.76     8.40  -751.70    214.60     -2.80    1.30     39340.0
 2025 11 12 14 30 00 000   22.56    10.00     9.99  -732.10     57.90     10.20    1.75     35431.0
 2025 11 12 14 31 00 000   22.87     9.90     9.51  -732.10     57.90     10.20    1.75     35431.0
 2025 11 12 14 32 00 000   23.21     8.39     9.63  -732.10     57.90     10.20    1.75     35431.0
 2025 11 12 14 33 00 000   22.89    10.63     8.17  -732.10     57.90     10.20    1.75     35431.0
 2025 11 12 14 34 00 000   23.44     7.26    10.60  -732.10     57.90     10.20    1.75     35431.0
 2025 11 12 14 35 00 000   23.52     7.83     9.82  -735.30    129.40    -43.70    0.96     40053.0
 2025 11 12 14 36 00 000   22.22    12.01     7.88  -735.30    129.40    -43.70    0.96     40053.0
 2025 11 12 14 39 00 000   21.77    11.73     8.83  -735.30    129.40    -43.70    0.96     40053.0
 2025 11 12 14 42 00 000   21.24    13.37     8.53  -735.30    129.40    -43.70    0.96     40053.0
 2025 11 12 14 45 00 000   20.57    13.51     9.80  -735.30    129.40    -43.70    0.96     40053.0
 2025 11 12 14 46 00 000   20.57    13.50     9.80  -735.30    129.40    -43.70    0.96     40053.0
 2025 11 12 14 47 00 000   20.81    13.28     9.49  -698.10     22.60    -73.00    1.44     32032.0
 2025 11 12 14 48 00 000   21.26    11.23    10.30  -698.10     22.50    -72.90    1.44     32042.0
 2025 11 12 14 49 00 000   20.15    12.55     8.91  -675.70     -5.40    -27.10    1.46     36463.0
 2025 11 12 14 50 00 000   19.50    13.42     9.34  -695.90     59.80    -41.30    1.77     31916.0
 2025 11 12 14 51 00 000   19.74    13.71     8.72  -695.90     59.80    -41.30    1.77     31916.0
 2025 11 12 14 52 00 000   20.06    12.73     8.89  -698.90     55.70    -27.40    1.56     34472.0
 2025 11 12 14 53 00 000   20.26    12.26     8.56  -695.70     41.00    -33.00    1.88     37089.0
 2025 11 12 14 54 00 000   19.32    13.57     8.52  -692.40     25.50    -38.90    2.21     39841.0
 2025 11 12 14 55 00 000   18.85    13.31     6.89  -668.00     -5.80    -46.90    2.21     50333.0
 2025 11 12 14 56 00 000   18.58    13.39     7.13  -683.60     -3.90    -47.80    2.89     66799.0
 2025 11 12 14 57 00 000   19.73     8.09     7.14  -698.30     19.00    -41.10    1.76     39085.0
 2025 11 12 14 58 00 000   19.34     9.66     6.73  -689.50     13.40    -43.00    2.26     46522.0
 2025 11 12 14 59 00 000   17.68    10.12     5.89  -686.40      4.90    -28.00    2.70     54864.0
 2025 11 12 15 00 00 000   17.38     9.70     5.06  -687.60     15.80    -35.50    2.77     49405.0
 2025 11 12 15 01 00 000   17.03    10.32     5.80  -676.20    -24.10    -61.90    2.95     64132.0
 2025 11 12 15 02 00 000   17.25     8.77     5.40  -682.60      2.90    -29.50    2.68     66687.0
 2025 11 12 15 03 00 000   16.67     9.01     6.28  -638.30    -39.30    -58.20    4.50    179739.0
 2025 11 12 15 04 00 000   16.27     9.67     6.97  -657.70     -5.30    -52.20    3.53    123357.0
 2025 11 12 15 05 00 000   16.63     9.25     7.19  -663.90      0.70    -44.40    3.34    107860.0
 2025 11 12 15 06 00 000   18.60     6.83     6.02  -682.20     23.30    -44.30    2.47     46086.0
 2025 11 12 15 07 00 000   18.23     6.24     6.90  -682.20     23.30    -44.30    2.47     46086.0
 2025 11 12 15 08 00 000   19.22     5.07     5.79  -687.10     30.40    -38.00    2.10     43938.0
 2025 11 12 15 09 00 000   19.29     4.17     7.60  -687.90     38.50    -43.40    1.94     41686.0
 2025 11 12 15 10 00 000   19.07     5.89     5.48  -688.40     52.70    -55.20    1.71     37782.0
 2025 11 12 15 11 00 000   16.90    10.26     5.82  -688.40     52.70    -55.20    1.71     37782.0
 2025 11 12 15 12 00 000   16.71     9.75     6.85  -660.50    -28.00    -24.20    1.86     37600.0
 2025 11 12 15 13 00 000   18.62     8.16     4.62  -684.00     -2.30     -8.40    1.99     34982.0
 2025 11 12 15 14 00 000   18.41     7.72     5.24  -696.70     11.70     -0.10    2.05     33894.0
 2025 11 12 15 15 00 000   16.76     9.36     7.13  -653.30    -19.40    -50.50    2.25     71761.0
 2025 11 12 15 16 00 000   16.04    10.00     7.71  -669.20     -2.10    -44.70    1.79     55819.0
 2025 11 12 15 17 00 000   17.83     7.86     6.36  -654.10    -19.30    -55.30    1.79     39638.0
 2025 11 12 15 18 00 000   17.33     8.27     5.51  -680.50     12.10    -49.00    2.17     38703.0
 2025 11 12 15 19 00 000   17.70     7.29     4.60  -687.00      6.50    -16.40    1.99     41551.0
 2025 11 12 15 20 00 000   18.00     6.12     3.66  -688.70      8.30    -12.10    2.01     40751.0
 2025 11 12 15 21 00 000   17.70     6.44     3.86  -676.50      0.70    -31.50    1.33     65406.0
 2025 11 12 15 22 00 000   17.60     6.87     3.58  -676.50      0.70    -31.50    1.33     65406.0
 2025 11 12 15 23 00 000   15.41     6.37     3.33  -676.50      0.70    -31.50    1.33     65406.0
 2025 11 12 15 24 00 000   16.11     6.64     3.65  -623.70     -1.40    -17.40    3.40    194021.0
 2025 11 12 15 25 00 000   15.93     5.61     3.21  -623.70     -1.40    -17.40    3.40    194021.0
 2025 11 12 15 26 00 000   15.59     5.85     3.46  -623.70     -1.40    -17.40    3.40    194021.0
 2025 11 12 15 27 00 000   15.18     6.58     3.53  -623.70     -1.40    -17.40    3.40    194021.0
 2025 11 12 15 28 00 000   16.18     6.94     4.85  -623.70     -1.40    -17.40    3.40    194021.0
 2025 11 12 15 29 00 000   15.43     6.76     5.37  -621.30    -33.70    -52.90    1.86    210958.0
 2025 11 12 15 30 00 000   15.04     6.78     5.18  -621.30    -33.70    -52.90    1.86    210958.0
 2025 11 12 15 31 00 000   14.14     7.01     4.60  -621.30    -33.70    -52.90    1.86    210958.0
 2025 11 12 15 32 00 000   14.26     7.01     4.68  -621.30    -33.70    -52.90    1.86    210958.0
 2025 11 12 15 33 00 000   14.05     6.43     4.16  -548.30      8.20     -3.90    4.25    274785.0
 2025 11 12 15 34 00 000   12.93     6.65     4.77  -564.90    -15.10    -20.50    3.73    295678.0
 2025 11 12 15 35 00 000   12.51     6.93     4.98  -510.40     41.80     34.30    5.59    252897.0
 2025 11 12 15 36 00 000   12.00     7.01     6.15  -507.30     53.00     41.60    4.96    225083.0
 2025 11 12 15 37 00 000    9.60     9.37     5.15  -519.00     58.00     31.80    6.23    261683.0
 2025 11 12 15 38 00 000   10.52     6.24     4.60  -524.60     58.60     26.40    6.88    281895.0
 2025 11 12 15 39 00 000    8.30     9.93     4.02  -525.60     53.10     27.40    7.36    286041.0
 2025 11 12 15 40 00 000    8.33     8.76     4.36  -529.90     29.30     32.00    9.41    304036.0
 2025 11 12 15 41 00 000    7.33     9.62     4.35  -529.90     29.30     32.00    9.41    304036.0
 2025 11 12 15 42 00 000    6.85     9.66     5.28  -529.90     29.30     32.00    9.41    304036.0
 2025 11 12 15 43 00 000    5.61     9.11     5.24  -525.00      8.90     26.00    9.26    334619.0
 2025 11 12 15 44 00 000    5.37     6.51     5.51  -525.00      8.90     26.00    9.26    334619.0
 2025 11 12 15 45 00 000    3.91     5.86     4.65  -525.00      8.90     26.00    9.26    334619.0
 2025 11 12 15 46 00 000    3.78     7.52     5.37  -523.40     12.00     11.50   12.21    369405.0
 2025 11 12 15 47 00 000    5.18     7.55     5.22  -523.40     12.00     11.50   12.21    369405.0
 2025 11 12 15 49 00 000    6.78     3.74     4.67  -523.40     12.00     11.50   12.21    369405.0
 2025 11 12 15 52 00 000    6.10     4.79     4.95  -523.40     12.00     11.50   12.21    369405.0
 2025 11 12 15 55 00 000    5.69     5.26     6.01  -523.40     12.00     11.50   12.21    369405.0
 2025 11 12 15 59 00 000    5.62     5.71     4.75  -523.40     12.00     11.50   12.21    369405.0
 2025 11 12 16 04 00 000    5.69     5.96     5.31  -539.00     15.30     43.50   12.44    495072.0
 2025 11 12 16 09 00 000    1.74     8.76     4.73  -539.00     15.30     43.50   12.44    495072.0
 2025 11 12 16 10 00 000    1.74     8.76     4.74  -539.00     15.30     43.50   12.44    495072.0
 2025 11 12 16 16 00 000    5.41     5.54     5.66  -539.00     15.30     43.50   12.44    495072.0
 2025 11 12 16 20 00 000    1.76    10.44     4.73  -539.00     15.30     43.50   12.44    495072.0
 2025 11 12 16 24 00 000    5.54     6.33     6.58  -533.90     -5.10     38.90   11.85    475781.0
 2025 11 12 16 25 00 000    2.35    10.96     5.55  -533.90     -5.10     38.90   11.85    475781.0
 2025 11 12 16 28 00 000    1.60    12.74     4.60  -543.00     -1.70     26.60   10.80    451839.0
 2025 11 12 16 29 00 000    1.59    10.79     3.70  -543.00     -1.70     26.60   10.80    451839.0
 2025 11 12 16 30 00 000    3.80     9.40     6.36  -543.70     -2.50     28.70   12.47    374807.0
 2025 11 12 16 31 00 000    3.27     9.60     6.01  -550.00      4.90     25.70   11.89    374091.0
 2025 11 12 16 32 00 000    0.88    11.35     4.87  -542.50      2.30     26.60   12.22    508034.0
 2025 11 12 16 33 00 000    3.48    10.75     6.24  -536.10      2.80     34.60   12.15    371700.0
 2025 11 12 16 34 00 000    3.75     9.57     4.95  -525.00     11.00     42.40   12.72    469026.0
 2025 11 12 16 35 00 000    1.49    12.20     2.83  -525.00     11.00     42.40   12.72    469026.0
 2025 11 12 16 36 00 000    3.14     9.48     4.87  -525.00     11.00     42.40   12.72    469026.0
 2025 11 12 16 37 00 000   -9.40    12.17    -6.70  -606.20     52.20    -11.70    6.51    294505.0
 2025 11 12 16 38 00 000   -6.90    11.43    -4.16  -607.60     57.60     -8.90    5.82    285248.0
 2025 11 12 16 39 00 000   -0.18    10.89     1.12  -609.40     64.70     -5.20    4.93    273046.0
 2025 11 12 16 40 00 000   -2.38    11.71     0.25  -609.40     64.70     -5.20    4.93    273046.0
 2025 11 12 16 41 00 000   -5.65    11.83    -2.01  -600.40     60.20     -0.70    5.68    163971.0
 2025 11 12 16 42 00 000   -6.50    10.30    -4.39  -570.40     21.10      7.10    9.35    306315.0
 2025 11 12 16 43 00 000   -9.61    11.57    -6.96  -570.40     21.10      7.10    9.35    306315.0
 2025 11 12 16 44 00 000   -6.86    12.60    -1.34  -618.10     92.10     13.10    4.34     47297.0
 2025 11 12 16 45 00 000  -11.05    13.66    -5.71  -618.10     92.10     13.10    4.34     47297.0
 2025 11 12 16 46 00 000   -6.12    16.41    -3.94  -618.10     92.10     13.10    4.34     47297.0
 2025 11 12 16 47 00 000   -3.61    11.32    -2.05  -607.80     79.30     -5.10    3.90     47703.0
 2025 11 12 16 48 00 000   -7.64    15.53    -4.51  -607.80     79.30     -5.10    3.90     47703.0
 2025 11 12 16 49 00 000   -7.20    14.99    -5.72  -607.80     79.30     -5.10    3.90     47703.0
 2025 11 12 16 50 00 000    1.75    12.92     7.01  -580.60     20.10      2.40   14.92     84670.0
 2025 11 12 16 51 00 000   -1.75    12.90     3.69  -575.30     30.00      2.00   13.48    109608.0
 2025 11 12 16 52 00 000   -0.83    12.92     4.58  -575.40     77.30      2.20    9.08    144860.0
 2025 11 12 16 53 00 000    1.23    12.96     5.24  -572.70     64.90      2.00   10.62    124983.0
 2025 11 12 16 54 00 000    2.65    11.82     6.81  -569.10     16.70     10.90   15.31     80440.0
 2025 11 12 16 55 00 000    3.24    12.92     4.25  -569.60      9.00     21.20   15.85     83882.0
 2025 11 12 16 56 00 000    1.84    13.83     3.33  -570.50     24.40     -2.60   14.30     86790.0
 2025 11 12 16 57 00 000   -0.36    14.29     6.15  -578.50     33.70     -1.30   12.01     65012.0
 2025 11 12 16 58 00 000   -0.65    14.71     4.98  -582.30     38.40      0.40   10.54     50077.0
 2025 11 12 16 59 00 000    1.04    15.32     5.32  -582.30     38.40      0.40   10.54     50077.0
 2025 11 12 17 00 00 000    2.29    15.34     6.61  -570.30     18.20     -7.40   11.44     42038.0
 2025 11 12 17 01 00 000    5.91    13.66     9.22  -570.30     18.20     -7.40   11.44     42038.0
 2025 11 12 17 02 00 000    6.19    13.68     9.24  -570.30     18.20     -7.40   11.44     42038.0
 2025 11 12 17 03 00 000    6.38    12.41    10.62  -570.30     18.20     -7.40   11.44     42038.0
 2025 11 12 17 04 00 000    0.83    14.82     6.39  -575.60     12.20     -6.20   11.24     58818.0
 2025 11 12 17 05 00 000    5.08    12.16    11.72  -575.60     12.20     -6.20   11.24     58818.0
 2025 11 12 17 06 00 000    5.94    11.88    11.56  -575.60     12.20     -6.20   11.24     58818.0
 2025 11 12 17 07 00 000    5.32    11.85    12.39  -575.60     12.20     -6.20   11.24     58818.0
 2025 11 12 17 08 00 000    5.63    11.47    12.78  -575.60     12.20     -6.20   11.24     58818.0
 2025 11 12 17 09 00 000    6.72    10.28    13.34  -576.60     10.60     -8.40    7.15     60375.0
 2025 11 12 17 10 00 000    5.26    12.39    11.43  -576.60     10.50     -8.10    7.32     59677.0
 2025 11 12 17 11 00 000    4.62    14.30     8.99  -576.30      9.00     -3.10    9.68     49178.0
 2025 11 12 17 12 00 000    4.76    14.04     9.99  -577.50     16.60     -4.00    6.35     45443.0
 2025 11 12 17 13 00 000    5.98    11.72    11.59  -574.60     15.20      2.80    6.49     44843.0
 2025 11 12 17 14 00 000    6.80    10.55    12.29  -574.60     15.20      2.80    6.49     44843.0
 2025 11 12 17 15 00 000    7.95    10.53    11.78  -589.90     12.80    -18.60    5.90     51162.0
 2025 11 12 17 16 00 000    7.71    11.27    11.57  -589.90     12.80    -18.60    5.90     51162.0
 2025 11 12 17 17 00 000    7.52    11.44    11.53  -591.80     14.20    -23.40    6.63     43194.0
 2025 11 12 17 18 00 000    7.47    11.67    11.31  -591.80     14.20    -23.40    6.63     43194.0
 2025 11 12 17 19 00 000    7.20    11.52    11.42  -591.80     14.20    -23.40    6.63     43194.0
 2025 11 12 17 20 00 000    6.86    11.62    11.43  -591.80     14.20    -23.40    6.63     43194.0
 2025 11 12 17 21 00 000    6.73    11.79    11.30  -588.00     16.40    -19.10    5.71     39063.0
 2025 11 12 17 22 00 000    6.72    11.79    11.32  -588.00     16.40    -19.10    5.71     39063.0
 2025 11 12 17 23 00 000    6.82    12.03    11.05  -588.80     14.10    -19.80    5.61     55398.0
 2025 11 12 17 24 00 000    6.93    12.07    10.88  -589.50     14.70    -19.10    5.59     54753.0
 2025 11 12 17 25 00 000    5.73    13.33     9.85  -592.90     17.50    -15.30    5.50     51445.0
 2025 11 12 17 26 00 000    7.70     9.22    12.61  -590.20    -11.40    -19.00    7.86     67720.0
 2025 11 12 17 27 00 000    8.42    10.38    11.03  -590.20    -11.70    -19.00    7.89     67896.0
 2025 11 12 17 28 00 000    7.05     9.72    12.75  -590.20    -11.70    -19.00    7.89     67896.0
 2025 11 12 17 29 00 000    6.34    10.41    12.63  -590.20    -11.70    -19.00    7.89     67896.0
 2025 11 12 17 30 00 000    5.71    11.29    12.19  -590.20    -11.70    -19.00    7.89     67896.0
 2025 11 12 17 31 00 000    5.87    12.07    11.35  -590.20    -11.70    -19.00    7.89     67896.0
 2025 11 12 17 32 00 000    5.56    12.75    10.58  -590.20    -11.70    -19.00    7.89     67896.0
 2025 11 12 17 33 00 000    5.27    12.88    10.51  -590.20    -11.70    -19.00    7.89     67896.0
 2025 11 12 17 34 00 000    5.08    13.00    10.30  -590.20    -11.70    -19.00    7.89     67896.0
 2025 11 12 17 35 00 000    4.81    12.93    10.39  -590.20    -11.70    -19.00    7.89     67896.0
 2025 11 12 17 36 00 000    4.81    13.05    10.37  -593.40      1.10    -32.40    2.76     39773.0
 2025 11 12 17 37 00 000    4.64    13.13    10.25  -593.40      1.10    -32.40    2.76     39773.0
 2025 11 12 17 38 00 000    4.53    13.25    10.24  -593.40      1.10    -32.40    2.76     39773.0
 2025 11 12 17 39 00 000    4.39    13.12    10.12  -593.40      1.10    -32.40    2.76     39773.0
 2025 11 12 17 40 00 000    4.42    13.35     9.81  -604.50     12.40    -21.80    2.40     42968.0
 2025 11 12 17 41 00 000    3.25    13.77     9.19  -604.50     12.40    -21.80    2.40     42968.0
 2025 11 12 17 42 00 000    3.75    13.57     9.34  -594.00      5.90    -23.50    3.13     43611.0
 2025 11 12 17 43 00 000    1.42    14.52     8.13  -593.00      9.60    -20.00    3.37     44120.0
 2025 11 12 17 44 00 000    1.48    14.29     8.27  -583.80      0.00    -27.00    5.56     47737.0
 2025 11 12 17 45 00 000    2.11    13.37     8.90  -583.80      0.00    -27.00    5.56     47737.0
 2025 11 12 17 46 00 000    4.33     9.92    12.02  -585.10    -16.60    -35.30    6.27     54814.0
 2025 11 12 17 47 00 000    4.17    11.73    10.42  -586.50    -17.60    -36.80    6.06     52531.0
 2025 11 12 17 48 00 000    4.47    11.48    10.84  -594.10    -23.00    -44.40    4.94     40584.0
 2025 11 12 17 49 00 000    4.45    11.08    11.16  -590.30    -25.40    -40.30    5.67     54992.0
 2025 11 12 17 50 00 000    4.63    10.93    11.21  -590.80    -12.40    -37.60    5.05     44916.0
 2025 11 12 17 51 00 000    4.56    11.65    10.12  -589.10    -12.40    -37.80    4.95     39856.0
 2025 11 12 17 52 00 000    4.33    11.90     9.95  -588.50      2.90    -26.60    5.23     46555.0
 2025 11 12 17 53 00 000    4.21    12.11     9.86  -588.50      2.90    -26.60    5.23     46555.0
 2025 11 12 17 54 00 000    3.66    12.76     9.85  -583.40    -10.10    -18.70    4.96     40490.0
 2025 11 12 17 55 00 000    3.84    12.41    10.12  -583.00     -9.90    -17.90    4.85     41114.0
 2025 11 12 17 56 00 000    2.54    13.92     6.96  -578.60     -7.80     -9.70    3.77     47771.0
 2025 11 12 17 57 00 000    2.27    14.69     5.71  -572.20    -10.00     -0.10    4.36     52833.0
 2025 11 12 17 58 00 000    2.79    13.85     7.57  -569.40    -10.90      4.00    4.61     54996.0
 2025 11 12 17 59 00 000    4.13    11.92     9.37  -572.00    -11.60     -5.50    5.56     47565.0
 2025 11 12 18 00 00 000    4.30    10.12    11.55  -572.00    -11.60     -5.60    5.57     47500.0
 2025 11 12 18 01 00 000    4.51    11.00    10.41  -572.80    -10.40     -9.50    5.52     46720.0
 2025 11 12 18 02 00 000    2.97    11.69     9.94  -579.40     -0.60    -41.20    5.13     40459.0
 2025 11 12 18 04 00 000    2.62    13.71     7.88  -590.20     13.40    -36.00    5.72     38411.0
 2025 11 12 18 05 00 000    2.25    14.61     6.85  -588.60      9.80    -35.30    4.69     32707.0
 2025 11 12 18 06 00 000    2.21    14.70     6.82  -587.90      8.20    -35.00    4.24     30167.0
 2025 11 12 18 07 00 000    2.02    14.73     6.56  -587.90      8.20    -35.00    4.24     30167.0
 2025 11 12 18 08 00 000    2.48    14.49     7.04  -586.00      8.20    -30.80    3.26     20283.0
 2025 11 12 18 09 00 000    2.28    14.52     6.97  -582.70      5.60    -30.10    3.38     21388.0
 2025 11 12 18 10 00 000    2.12    14.85     6.67  -583.70      4.60    -25.90    3.33     21547.0
 2025 11 12 18 11 00 000    2.20    14.85     6.72  -585.70      5.50    -27.90    3.10     21703.0
 2025 11 12 18 12 00 000    2.46    14.66     6.94  -585.70      5.50    -27.90    3.10     21703.0
 2025 11 12 18 13 00 000    2.42    14.37     7.46  -587.40     10.10    -30.00    3.21     23432.0
 2025 11 12 18 14 00 000    2.44    13.63     8.42  -587.40     10.10    -30.00    3.21     23432.0
 2025 11 12 18 15 00 000    2.28    13.16     9.09  -587.40     10.10    -30.00    3.21     23432.0
 2025 11 12 18 16 00 000    2.25    13.23     8.78  -584.30     -5.60    -11.80    4.33     50951.0
 2025 11 12 18 17 00 000    2.12    13.27     8.85  -584.30     -5.60    -11.80    4.33     50951.0
 2025 11 12 18 18 00 000    1.50    13.66     8.44  -584.30     -5.60    -11.80    4.33     50942.0
 2025 11 12 18 19 00 000    1.94    13.77     7.97  -587.00    -10.20    -21.50    4.16     38542.0
 2025 11 12 18 20 00 000    1.45    14.06     7.70  -587.00    -10.20    -21.50    4.16     38542.0
 2025 11 12 18 21 00 000    2.19    13.94     7.41  -587.00    -10.20    -21.50    4.16     38542.0
 2025 11 12 18 22 00 000    3.01    12.99     8.80  -577.40     -0.40     -7.60    4.51     32760.0
 2025 11 12 18 23 00 000    3.58    12.48    10.03  -577.40     -0.40     -7.60    4.51     32760.0
 2025 11 12 18 24 00 000    3.17    12.69     9.73  -577.40     -0.40     -7.60    4.51     32760.0
 2025 11 12 18 25 00 000    3.02    12.85     9.55  -582.00    -10.40    -19.60    3.69     23838.0
 2025 11 12 18 26 00 000    2.32    13.40     8.79  -582.00    -10.40    -19.60    3.69     23838.0
 2025 11 12 18 27 00 000    2.96    12.97     9.31  -582.00    -10.40    -19.60    3.69     23838.0
 2025 11 12 18 28 00 000    3.23    12.66     9.34  -582.00    -10.40    -19.60    3.69     23838.0
 2025 11 12 18 29 00 000    2.93    12.80     9.00  -588.30      5.90    -21.60    3.99     43844.0
 2025 11 12 18 30 00 000    2.95    12.54     9.27  -588.30      5.90    -21.60    3.99     43844.0
 2025 11 12 18 31 00 000    2.89    12.27     9.78  -588.30      5.90    -21.60    3.99     43844.0
 2025 11 12 18 32 00 000    3.29    12.36     9.35  -588.30      5.90    -21.60    3.99     43844.0
 2025 11 12 18 33 00 000    3.25    12.36     9.54  -588.30      5.90    -21.60    3.99     43844.0
 2025 11 12 18 34 00 000    0.65    14.15     7.53  -588.30      5.90    -21.60    3.99     43844.0
 2025 11 12 18 35 00 000    1.70    13.55     8.04  -582.20     -4.40    -19.90    3.65     48867.0
 2025 11 12 18 36 00 000    1.70    13.30     8.16  -579.50     -4.70    -18.00    3.61     54787.0
 2025 11 12 18 37 00 000    1.49    13.99     7.31  -579.50     -4.70    -18.00    3.61     54787.0
 2025 11 12 18 38 00 000    1.04    13.89     7.60  -579.50     -4.70    -18.00    3.61     54787.0
 2025 11 12 18 39 00 000    2.91    12.76     9.04  -579.50     -4.70    -18.00    3.61     54787.0
 2025 11 12 18 40 00 000    3.46    12.70     9.17  -591.40      7.20    -26.70    4.04     78539.0
 2025 11 12 18 41 00 000    3.52    12.69     9.21  -591.40      7.20    -26.70    4.04     78539.0
 2025 11 12 18 42 00 000    2.89    13.26     8.49  -591.40      7.20    -26.70    4.04     78539.0
 2025 11 12 18 43 00 000    2.78    13.20     8.74  -590.30     15.10    -35.60    3.78     53546.0
 2025 11 12 18 44 00 000    2.76    13.29     8.67  -590.30     15.10    -35.60    3.78     53546.0
 2025 11 12 18 45 00 000    2.91    13.35     8.40  -590.30     15.10    -35.60    3.78     53546.0
 2025 11 12 18 46 00 000    2.84    12.84     8.84  -590.30     15.10    -35.60    3.78     53546.0
 2025 11 12 18 47 00 000    3.42    12.96     9.18  -590.30     15.10    -35.60    3.78     53546.0
 2025 11 12 18 48 00 000    3.36    13.19     9.14  -580.50      8.60    -12.10    3.99     65805.0
 2025 11 12 18 49 00 000    2.64    13.50     8.58  -583.90     16.70    -23.00    4.39     57002.0
 2025 11 12 18 50 00 000    3.14    13.23     8.75  -584.30     18.70    -26.10    4.90     64175.0
 2025 11 12 18 51 00 000    3.85    13.39     9.35  -583.10     14.70    -17.40    4.74     66996.0
 2025 11 12 18 53 00 000    3.97    13.49     9.27  -583.30     11.50     -4.40    3.86     50077.0
 2025 11 12 18 55 00 000    4.18    13.53     9.15  -583.30     11.50     -4.40    3.86     50077.0
 2025 11 12 18 56 00 000    4.47    13.23     9.41  -583.30     11.50     -4.40    3.86     50077.0
 2025 11 12 18 57 00 000    4.69    12.84     9.71  -585.90     18.00    -13.80    3.85     46925.0
 2025 11 12 18 58 00 000    4.53    12.75     9.82  -585.90     18.00    -13.80    3.85     46925.0
 2025 11 12 18 59 00 000    4.35    13.19     9.38  -585.90     18.00    -13.80    3.85     46925.0
 2025 11 12 19 00 00 000    4.58    12.69     9.64  -585.90     18.00    -13.80    3.85     46925.0
 2025 11 12 19 01 00 000    3.59    12.76     9.72  -585.90     18.00    -13.80    3.85     46925.0
 2025 11 12 19 02 00 000    3.03    13.37     9.10  -585.90     18.00    -13.80    3.85     46925.0
 2025 11 12 19 03 00 000    1.67    14.03     8.10  -593.60     24.60    -16.10    3.69     70020.0
 2025 11 12 19 04 00 000    2.72    13.54     8.79  -593.60     24.60    -16.10    3.69     70020.0
 2025 11 12 19 05 00 000    3.43    12.63     9.76  -579.20      2.10    -11.40    3.04     41435.0
 2025 11 12 19 06 00 000    3.12    12.81     9.54  -579.20      2.10    -11.40    3.04     41435.0
 2025 11 12 19 07 00 000    3.06    13.07     9.39  -580.20      7.80    -15.30    2.96     41625.0
 2025 11 12 19 08 00 000    2.82    12.99     9.77  -580.20      7.80    -15.30    2.96     41625.0
 2025 11 12 19 09 00 000    2.83    12.71    10.15  -580.20      7.80    -15.30    2.96     41625.0
 2025 11 12 19 10 00 000    2.16    13.77     9.32  -580.20      7.80    -15.30    2.96     41625.0
 2025 11 12 19 11 00 000    0.92    14.56     8.57  -606.30     16.30    -26.70    3.81     30932.0
 2025 11 12 19 12 00 000    0.42    14.74     8.15  -597.30     17.60    -25.20    3.93     35241.0
 2025 11 12 19 13 00 000    2.04    14.70     8.93  -609.50     17.50    -30.90    3.96     30553.0
 2025 11 12 19 14 00 000    1.20    14.65     8.88  -617.80     12.30    -27.30    3.77     28805.0
 2025 11 12 19 15 00 000    1.70    14.35     9.42  -617.80     12.30    -27.30    3.77     28805.0
 2025 11 12 19 16 00 000    1.50    14.39     9.48  -617.80     12.30    -27.30    3.77     28805.0
 2025 11 12 19 17 00 000    3.31    14.41     9.25  -608.80     10.70    -31.60    4.07     43259.0
 2025 11 12 19 18 00 000    3.38    14.30     9.54  -608.80     10.70    -31.60    4.07     43259.0
 2025 11 12 19 19 00 000    1.64    14.46     9.64  -605.60     12.10    -34.70    4.03     27818.0
 2025 11 12 19 20 00 000    1.37    14.89     9.24  -604.10      9.10    -30.90    4.11     29108.0
 2025 11 12 19 21 00 000    1.61    15.13     8.95  -606.20      9.90    -20.30    4.15     32166.0
 2025 11 12 19 22 00 000    1.74    15.27     8.68  -606.40      4.30    -19.40    4.13     35788.0
 2025 11 12 19 23 00 000    1.38    15.11     9.22  -604.70     -2.80    -21.40    4.13     38298.0
 2025 11 12 19 24 00 000    1.38    15.04     8.56  -599.70      6.20    -13.00    4.14     45189.0
 2025 11 12 19 25 00 000    3.63    23.22    12.26  -675.80    -14.80     30.10    5.80    181120.0
 2025 11 12 19 26 00 000    4.33    22.10    13.61  -763.40    -37.80     79.50    7.72    336548.0
 2025 11 12 19 27 00 000    5.07    20.16    12.45  -605.20     16.80    -12.30    4.30     44203.0
 2025 11 12 19 28 00 000    5.49    24.07    15.06  -743.10      5.10     26.20    6.05    155510.0
 2025 11 12 19 29 00 000    7.30    27.75    18.73  -762.60     18.90     16.60    5.72    158904.0
 2025 11 12 19 30 00 000    5.73    26.41    17.07  -802.50     16.20     28.40    6.45    232180.0
 2025 11 12 19 31 00 000    4.27    26.44    15.59  -754.20     -0.10     32.30    6.11    210899.0
 2025 11 12 19 32 00 000    3.62    25.55    14.97  -760.40    -25.80     62.80    6.04    200156.0
 2025 11 12 19 33 00 000    2.21    23.54    12.71  -813.10    -26.70    100.50    7.42    231060.0
 2025 11 12 19 34 00 000    3.17    21.26    15.73  -627.70     10.00     -6.70    3.74     92732.0
 2025 11 12 19 35 00 000    5.70    21.73    19.76  -744.10    -11.20     49.20    5.56    270173.0
 2025 11 12 19 36 00 000    3.19    17.52    14.24  -725.20     -0.10     40.70    4.98    280010.0
 2025 11 12 19 37 00 000    2.03    17.60    13.21  -779.90     -7.30     68.90    5.56    389716.0
 2025 11 12 19 38 00 000    3.62    22.01    20.08  -808.00     34.10     34.50    4.84    211601.0
 2025 11 12 19 39 00 000    2.72    19.70    14.41  -775.10     27.00     20.10    6.06    160770.0
 2025 11 12 19 40 00 000    3.86    18.58    13.51  -674.90     17.40     -5.30    5.52     79645.0
 2025 11 12 19 41 00 000    3.08    18.36    12.91  -728.30     10.90     14.80    6.81    122251.0
 2025 11 12 19 42 00 000    3.42    19.20    14.59  -678.90     11.00      4.50    5.41     91250.0
 2025 11 12 19 43 00 000    2.65    17.66    14.88  -599.10      5.30     -7.30    3.72     46590.0
 2025 11 12 19 44 00 000    3.28    18.11    20.03  -597.30      5.60     -5.80    3.77     48162.0
 2025 11 12 19 45 00 000    4.62    19.43    31.73  -597.30      5.60     -5.80    3.77     48162.0
 2025 11 12 19 46 00 000    6.60    23.84    28.03  -863.60     94.70     25.70    7.04    269319.0
 2025 11 12 19 47 00 000    9.64    27.14    24.73  -865.80     91.80     25.10    6.89    263078.0
 2025 11 12 19 48 00 000    6.19    27.18    25.33  -895.50     52.60     16.80    4.89    179173.0
 2025 11 12 19 49 00 000    9.71    25.62    25.45  -895.50     52.60     16.80    4.89    179173.0
 2025 11 12 19 50 00 000    5.40    26.97    24.19  -907.70     68.90     20.10    4.48    232412.0
 2025 11 12 19 51 00 000   11.96    21.57    26.95  -907.70     68.90     20.10    4.48    232412.0
 2025 11 12 19 52 00 000   15.88    17.29    27.80  -857.10     57.60     64.50    8.01    189322.0
 2025 11 12 19 53 00 000   14.40    17.61    27.71  -857.10     57.60     64.50    8.01    189322.0
 2025 11 12 19 54 00 000   10.51    21.43    27.68  -881.60     51.30     38.20    6.26    183212.0
 2025 11 12 19 55 00 000    8.90    20.39    28.47  -881.60     51.30     38.20    6.26    183212.0
 2025 11 12 19 56 00 000   10.37    18.39    29.62  -881.60     51.30     38.20    6.26    183212.0
 2025 11 12 19 57 00 000   12.52    15.54    30.62  -881.60     51.30     38.20    6.26    183212.0
 2025 11 12 19 58 00 000    9.52    20.80    27.16  -882.50     77.60     54.80    4.89    206834.0
 2025 11 12 19 59 00 000    0.79    30.19    19.54  -884.90     78.30     52.10    4.81    207094.0
 2025 11 12 20 00 00 000   -0.69    30.95    18.88  -914.40     87.10     18.90    3.91    210315.0
 2025 11 12 20 01 00 000   -1.83    31.98    17.99  -914.40     87.10     18.90    3.91    210315.0
 2025 11 12 20 03 00 000    4.34    28.45    20.97  -914.40     87.10     18.90    3.91    210315.0
 2025 11 12 20 04 00 000    6.13    24.83    23.39  -841.10     25.60     51.30    5.06    330135.0
 2025 11 12 20 05 00 000    1.18    20.31     8.38  -840.50     24.50     51.30    5.29    328896.0
 2025 11 12 20 06 00 000  -15.21    17.76   -13.43  -799.80    -48.70     50.80   21.36    243226.0
 2025 11 12 20 07 00 000  -16.57    17.70   -13.33  -794.50    -49.70     59.90   24.88    172916.0
 2025 11 12 20 08 00 000  -16.96    18.94   -14.11  -791.10    -50.10     65.80   27.15    126963.0
 2025 11 12 20 09 00 000  -20.00    16.75   -13.77  -782.80    -39.90     71.20   26.23     85961.0
 2025 11 12 20 10 00 000  -21.47    17.20   -11.60  -782.60    -40.10     71.20   26.25     86544.0
 2025 11 12 20 11 00 000  -23.34    15.82   -11.55  -776.10    -48.30     70.40   27.04    109021.0
 2025 11 12 20 12 00 000  -22.95    20.59    -8.47  -779.70    -53.70     64.70   19.64    109715.0
 2025 11 12 20 13 00 000  -14.78    22.14     2.79  -780.70    -55.10     63.20   17.71    109896.0
 2025 11 12 20 14 00 000    3.80    16.20    16.28  -780.70    -55.10     63.20   17.71    109896.0
 2025 11 12 20 15 00 000    4.13    16.08    16.79  -780.70    -55.10     63.20   17.71    109896.0
 2025 11 12 20 16 00 000   13.16     5.96    23.59  -780.70    -55.10     63.20   17.71    109896.0
 2025 11 12 20 17 00 000   16.38     2.27    22.50  -770.50    -34.50     76.20   17.31    161772.0
 2025 11 12 20 18 00 000   16.21     1.60    20.63  -770.50    -34.50     76.20   17.31    161772.0
 2025 11 12 20 19 00 000   17.06    -1.57    20.51  -771.00    -45.30     83.00   16.36    161844.0
 2025 11 12 20 20 00 000   16.77    -1.28    20.16  -771.30    -57.30     95.90   14.57    157810.0
 2025 11 12 20 21 00 000   17.56    -2.93    20.31  -767.00     -2.20    111.80   12.36    117957.0
 2025 11 12 20 22 00 000   19.13    -0.61    20.02  -766.90     -1.30    112.10   12.32    117288.0
 2025 11 12 20 23 00 000   17.69     1.99    19.33  -766.90     -1.30    112.10   12.32    117288.0
 2025 11 12 20 24 00 000   17.93     2.62    19.43  -768.50     -6.20     89.10   15.92    147104.0
 2025 11 12 20 25 00 000   18.09     0.95    19.15  -768.50     -6.20     89.10   15.92    147104.0
 2025 11 12 20 26 00 000   16.81     1.44    19.12  -772.20    -10.20     82.20   15.51    168920.0
 2025 11 12 20 27 00 000   17.54     0.77    19.26  -764.30     -5.00     76.40   13.66    305223.0
 2025 11 12 20 28 00 000   18.17     1.66    20.12  -756.60      0.70     71.00   11.73    447562.0
 2025 11 12 20 29 00 000   15.72     1.55    19.70  -756.60      0.70     71.00   11.73    447562.0
 2025 11 12 20 30 00 000   16.79     1.72    19.12  -774.80      3.40     68.80   14.91     85169.0
 2025 11 12 20 31 00 000   18.05     2.45    18.59  -763.30     17.80     86.40   13.68    213661.0
 2025 11 12 20 32 00 000   17.69     1.91    18.67  -754.20     29.00    100.20   12.71    314324.0
 2025 11 12 20 33 00 000   19.30     3.32    15.43  -755.40     49.20     56.20   12.80    137944.0
 2025 11 12 20 34 00 000   18.56     2.28    16.31  -758.80     11.10     65.40   13.33    239600.0
 2025 11 12 20 35 00 000   17.86     3.30    16.82  -750.60     -0.80     69.60   12.47    294177.0
 2025 11 12 20 36 00 000   19.44     4.77    15.84  -763.20     36.70     65.00   11.97    157594.0
 2025 11 12 20 37 00 000   18.05     5.02    17.44  -768.60     31.80     62.30   13.82     92970.0
 2025 11 12 20 38 00 000   18.39     6.40    16.87  -768.90     11.20     59.70   16.96    145875.0
 2025 11 12 20 39 00 000   18.12     6.20    16.93  -776.00     47.10     59.40   14.51    201730.0
 2025 11 12 20 40 00 000   18.67    -0.96    15.17  -757.60     -7.30     77.20   18.16    125217.0
 2025 11 12 20 41 00 000   17.28     1.82    16.39  -763.90     -4.80     74.80   18.05    129032.0
 2025 11 12 20 42 00 000   18.83    -0.14    16.96  -769.90     -9.50     63.20   17.91    108000.0
 2025 11 12 20 43 00 000   17.95    -1.76    19.15  -767.50    -16.90     60.20   17.11    134679.0
 2025 11 12 20 44 00 000   19.80    -2.21    17.59  -769.30    -24.10     61.60   18.12    208213.0
 2025 11 12 20 45 00 000   20.64    -4.71    16.08  -764.30    -18.20     55.60   20.65     98737.0
 2025 11 12 20 46 00 000   21.70    -4.36    13.95  -773.90    -20.50     80.30   18.99    115155.0
 2025 11 12 20 47 00 000   20.26    -2.05    15.68  -772.50    -22.50     31.40   24.97    163071.0
 2025 11 12 20 48 00 000   19.12    -0.43    16.31  -772.30    -22.80     24.10   25.86    170009.0
 2025 11 12 20 49 00 000   19.87    -0.22    15.95  -768.00     -9.80     69.90   17.96    150242.0
 2025 11 12 20 50 00 000   21.23    -1.01    15.79  -769.80    -13.40     64.50   15.07    186532.0
 2025 11 12 20 51 00 000   15.30     2.10    18.72  -771.80    -17.60     58.20   11.77    228306.0
 2025 11 12 20 52 00 000   15.55     2.88    17.91  -771.80    -17.60     58.20   11.77    228306.0
 2025 11 12 20 53 00 000   16.09     1.85    18.14  -771.80    -17.60     58.20   11.77    228306.0
 2025 11 12 20 54 00 000   16.17     1.95    18.24  -771.80    -17.60     58.20   11.77    228306.0
 2025 11 12 20 55 00 000   16.17     1.94    18.24  -771.80    -17.60     58.20   11.77    228306.0
 2025 11 12 20 56 00 000   15.63     1.13    18.68  -771.80    -17.60     58.20   11.77    228306.0
 2025 11 12 20 57 00 000   14.83     1.70    19.33  -750.60     -2.50     72.70   12.28    253258.0
 2025 11 12 20 58 00 000   15.51     1.37    18.80  -750.60     -2.50     72.70   12.28    253258.0
 2025 11 12 20 59 00 000   15.51     1.37    18.80  -750.60     -2.50     72.70   12.28    253258.0
 2025 11 12 21 00 00 000   15.71     0.87    18.77  -750.60     -2.50     72.70   12.28    253258.0
 2025 11 12 21 01 00 000   15.28     0.49    19.15  -750.60     -2.50     72.70   12.28    253258.0
 2025 11 12 21 03 00 000   15.15     0.69    19.27  -750.60     -2.50     72.70   12.28    253258.0
 2025 11 12 21 04 00 000   15.47    -0.09    18.97  -750.60     -2.50     72.70   12.28    253258.0
 2025 11 12 21 05 00 000   16.10     0.61    18.53  -750.60     -2.50     72.70   12.28    253258.0
 2025 11 12 21 06 00 000   16.10     0.60    18.53  -750.60     -2.50     72.70   12.28    253258.0
 2025 11 12 21 07 00 000   16.65     0.38    18.16  -752.00    -17.90     71.60   11.86    242187.0
 2025 11 12 21 08 00 000   17.51     0.89    17.40  -752.00    -17.90     71.60   11.86    242187.0
 2025 11 12 21 09 00 000   17.51     0.89    17.40  -752.00    -17.90     71.60   11.86    242187.0
 2025 11 12 21 10 00 000   17.22     1.04    17.67  -752.00    -17.90     71.60   11.86    242187.0
 2025 11 12 21 12 00 000   17.21     0.74    17.78  -752.00    -17.90     71.60   11.86    242187.0
 2025 11 12 21 13 00 000   17.53    -0.12    17.46  -752.00    -17.90     71.60   11.86    242187.0
 2025 11 12 21 15 00 000   17.80     0.22    16.84  -752.00    -17.90     71.60   11.86    242187.0
 2025 11 12 21 17 00 000   16.27    -1.42    17.93  -738.50    -13.10     58.90   12.56    329242.0
 2025 11 12 21 18 00 000   16.68    -0.81    17.45  -738.50    -13.10     58.90   12.56    329242.0
 2025 11 12 21 20 00 000   17.02    -0.71    17.14  -738.50    -13.10     58.90   12.56    329242.0
 2025 11 12 21 21 00 000   16.73    -1.34    17.44  -738.50    -13.10     58.90   12.56    329242.0
 2025 11 12 21 22 00 000   17.47     0.36    15.51  -734.50    -65.20     44.60   11.17    135872.0
 2025 11 12 21 23 00 000   17.36     0.90    15.52  -734.50    -65.20     44.60   11.17    135872.0
 2025 11 12 21 24 00 000   17.25     2.30    15.24  -734.50    -65.20     44.60   11.17    135872.0
 2025 11 12 21 25 00 000   16.76     0.24    14.84  -733.90    -39.50     65.50   10.03    153802.0
 2025 11 12 21 26 00 000   16.44     0.21    15.43  -731.50    -33.40     63.70    9.90    165820.0
 2025 11 12 21 27 00 000   16.69     2.39    14.76  -726.10    -29.70     64.30    9.80    200748.0
 2025 11 12 21 28 00 000   16.29     2.20    14.79  -735.40    -14.90     65.00   11.18    349049.0
 2025 11 12 21 29 00 000   15.27    -2.41    13.85  -736.70    -10.90     64.20   11.34    369594.0
 2025 11 12 21 30 00 000   14.45    -4.13    14.28  -736.70    -10.90     64.20   11.34    369594.0
 2025 11 12 21 31 00 000   15.01    -4.60    12.85  -736.70    -10.90     64.20   11.34    369594.0
 2025 11 12 21 32 00 000   14.93    -0.30    13.34  -744.10    -67.10     43.50   12.88    275245.0
 2025 11 12 21 33 00 000   13.25     6.67    13.22  -744.30    -52.40     37.30   12.11    279883.0
 2025 11 12 21 34 00 000   12.85     7.84    12.49  -740.40    -26.20     28.00   10.92    294604.0
 2025 11 12 21 35 00 000   14.50     4.60    13.58  -739.10    -41.10     40.90   12.35    274463.0
 2025 11 12 21 36 00 000   13.00     7.42    11.76  -746.30    -39.70     38.00   12.36    160881.0
 2025 11 12 21 37 00 000   12.44     7.30    12.69  -747.90    -35.00     37.40   13.02     99707.0
 2025 11 12 21 38 00 000   14.28     2.28    12.21  -744.10    -29.60     44.70   13.68    101414.0
 2025 11 12 21 39 00 000   12.76     0.74    12.06  -724.40    -12.40     37.40   11.39    299677.0
 2025 11 12 21 40 00 000   13.79    -1.50    13.44  -734.40    -36.20     32.50   12.95    238629.0
 2025 11 12 21 41 00 000   13.85    -2.95    11.98  -741.40    -50.10     31.60   14.21    187366.0
 2025 11 12 21 42 00 000   13.75    -0.50    10.38  -737.60    -47.50     51.00   12.84    131891.0
 2025 11 12 21 43 00 000   12.22    -6.12    13.19  -742.20    -37.90     49.60   10.86    236031.0
 2025 11 12 21 44 00 000   14.84    -1.08    16.01  -740.80     -5.60     53.70   10.96    340633.0
 2025 11 12 21 45 00 000   14.39    -1.70    15.91  -753.20     23.30     56.90   10.97    309198.0
 2025 11 12 21 46 00 000   14.74    -1.51    14.90  -754.70     26.00     57.50   10.98    306184.0
 2025 11 12 21 47 00 000   15.11    -0.64    13.50  -733.50    -11.20     18.00   12.96    201911.0
 2025 11 12 21 48 00 000   15.20    -0.07    14.24  -741.40     -9.40     43.50   12.02    306135.0
 2025 11 12 21 49 00 000   15.29     0.32    12.89  -745.10     -8.50     55.40   11.59    354802.0
 2025 11 12 21 50 00 000   15.02     1.41    13.11  -745.10     -8.50     55.40   11.59    354802.0
 2025 11 12 21 51 00 000   14.33    -2.24    10.94  -726.50     47.70      3.70   13.17    219279.0
 2025 11 12 21 52 00 000   14.97    -2.43    10.93  -728.10     37.50     25.60   10.54    339178.0
 2025 11 12 21 53 00 000   13.37    -9.66    10.37  -729.30     29.60     42.60    8.52    432292.0
 2025 11 12 21 54 00 000   11.60   -13.09     8.38  -729.30     29.60     42.60    8.52    432292.0
 2025 11 12 21 55 00 000   15.02    -3.34    10.34  -730.20     21.00      5.60   11.12    214185.0
 2025 11 12 21 56 00 000   16.48    -7.26    10.63  -730.20     21.00      5.60   11.12    214185.0
 2025 11 12 21 57 00 000   15.65    -8.45    11.43  -756.70    -41.80      7.10    4.34    794556.0
 2025 11 12 21 58 00 000   15.01   -10.24    10.60  -756.50    -41.50      8.00    4.32    780017.0
 2025 11 12 21 59 00 000   14.97   -11.83     9.52  -754.20    -36.50     21.80    4.02    564547.0
 2025 11 12 22 00 00 000   15.60    -9.39    10.41  -747.00    -30.00     20.80    7.84    261971.0
 2025 11 12 22 01 00 000   16.08    -6.30    11.44  -746.40    -29.50     20.60    8.16    239058.0
 2025 11 12 22 02 00 000   16.22    -6.55    11.37  -746.40    -29.50     20.60    8.16    239058.0
 2025 11 12 23 18 00 000   12.27   -18.23     5.43  -746.40    -29.50     20.60    8.16    239058.0
 2025 11 12 23 19 00 000   11.51   -18.06     5.76  -746.40    -29.50     20.60    8.16    239058.0
 2025 11 12 23 20 00 000   12.34   -17.45     4.60  -911.00    -16.30    -72.80    3.97   2770658.0
 2025 11 12 23 21 00 000   13.88   -16.92     0.02  -911.00    -16.30    -72.80    3.97   2770658.0
 2025 11 12 23 22 00 000   12.59   -15.31     6.42  -911.00    -16.30    -72.80    3.97   2770658.0
 2025 11 12 23 23 00 000   10.15   -16.67    -4.50  -911.00    -16.30    -72.80    3.97   2770658.0
 2025 11 12 23 24 00 000   11.53   -16.33     6.52  -871.70     -4.30     15.30    4.20   2833152.0
 2025 11 12 23 25 00 000   11.78   -15.88     8.73  -871.70     -4.30     15.30    4.20   2833152.0
 2025 11 12 23 26 00 000   11.90   -16.95     8.22  -871.70     -4.30     15.30    4.20   2833152.0
 2025 11 12 23 27 00 000   12.49   -17.19     6.03  -856.10    283.30   -122.40    2.61   2108842.0
 2025 11 12 23 28 00 000   12.68   -17.06     5.67  -848.30    152.10    -79.80    3.01   2188577.0
 2025 11 12 23 29 00 000   11.97   -16.61     7.88  -834.60    -78.80     -4.90    3.71   2328914.0
 2025 11 12 23 30 00 000   12.41   -17.15     4.74  -880.20    257.70    -48.40    3.03   1675767.0
 2025 11 12 23 31 00 000   12.18   -16.97     7.12  -880.80    262.10    -49.00    3.02   1667138.0
 2025 11 12 23 32 00 000   14.55   -15.91     6.43  -860.90    391.20    -57.80    2.59   1695207.0
 2025 11 12 23 33 00 000   14.73   -16.08     4.92  -859.30    401.30    -58.50    2.55   1697403.0
 2025 11 12 23 34 00 000   12.75   -15.22     8.75  -819.90   -103.10      0.00    4.80   2726813.0
 2025 11 12 23 35 00 000   11.78   -14.74    10.21  -823.30    -88.80      0.80    4.69   2565814.0
 2025 11 12 23 36 00 000    9.45   -11.75    13.75  -845.90    -22.50      4.00    4.20   1635356.0
 2025 11 12 23 37 00 000   11.02   -15.54    10.39  -835.20    -14.40     14.10    4.38   1106269.0
 2025 11 12 23 38 00 000   12.16   -17.35     7.82  -832.40    -15.10     15.30    4.41   1094460.0
 2025 11 12 23 39 00 000   11.82   -16.69     8.92  -792.60    -90.80     -4.70    3.76   1034680.0
 2025 11 12 23 40 00 000   11.57   -17.03     7.89  -789.70   -111.70     -1.40    3.90   1071610.0
 2025 11 12 23 41 00 000   11.51   -17.36     7.85  -786.80   -133.00      2.00    4.05   1109156.0
 2025 11 12 23 42 00 000   11.89   -17.83     6.72  -792.80    -96.60    -23.30    4.67    897532.0
 2025 11 12 23 43 00 000   12.37   -17.83     6.97  -792.80    -96.60    -23.30    4.67    897532.0
 2025 11 12 23 44 00 000    2.23   -14.80   -11.16  -782.70   -101.30    -49.10    7.53    276143.0
 2025 11 12 23 45 00 000   -2.53   -11.44   -11.57  -818.60    -74.00    -74.80    7.21    234592.0
 2025 11 12 23 46 00 000   11.59   -13.01    13.33  -843.20    -54.20    -69.70    6.40    355750.0
 2025 11 12 23 47 00 000   13.17   -17.44     7.44  -805.30    -80.80      2.00    5.60    693960.0
 2025 11 12 23 48 00 000   12.48   -18.34     7.41  -849.20   -106.50   -117.30    3.27   1703415.0
 2025 11 12 23 49 00 000   11.39   -19.82     4.77  -848.40   -106.50   -116.80    3.32   1682647.0
 2025 11 12 23 50 00 000   11.47   -20.03     4.08  -840.90   -106.80   -112.30    3.78   1495536.0
 2025 11 12 23 51 00 000   11.95   -19.14     6.87  -839.40   -117.20   -128.70    3.33   1580434.0
 2025 11 12 23 52 00 000   13.31   -17.72     8.11  -839.20   -118.20   -130.20    3.28   1589359.0
 2025 11 12 23 53 00 000   12.51   -16.28     9.84  -815.40    -95.50    -64.70    3.10   1470441.0
 2025 11 12 23 54 00 000    8.94   -20.11     1.15  -822.70   -113.10    -72.70    4.01   1219661.0
 2025 11 12 23 55 00 000    7.68   -20.86    -2.62  -826.90   -123.20    -77.30    4.53   1076631.0
 2025 11 12 23 56 00 000    9.17   -18.68     8.35  -829.60   -109.30   -111.80    5.00    945312.0
 2025 11 12 23 57 00 000    9.63   -19.55     9.66  -833.50   -111.90   -116.60    4.03   1398727.0
 2025 11 12 23 58 00 000    9.42   -19.12     8.43  -845.10    -99.60   -119.10    3.21   1744417.0
 2025 11 12 23 59 00 000    7.56   -20.08     4.32  -867.90    -59.10   -118.30    3.58   1578042.0
 2025 11 13 00 00 00 000    6.03   -20.45    -4.03  -870.40    -55.20   -133.60    4.57   1585791.0
 2025 11 13 00 01 00 000    7.20   -20.28    -1.45  -852.30    -39.60   -111.40    5.42   1299350.0
 2025 11 13 00 02 00 000    5.09   -20.00    -7.32  -852.30    -39.40   -111.40    5.42   1299083.0
 2025 11 13 00 03 00 000    2.06   -15.95   -14.31  -877.20     14.20   -128.70    4.89   1468260.0
 2025 11 13 00 04 00 000    2.15   -16.33   -14.10  -886.70      5.70   -153.10    5.21    769208.0
 2025 11 13 00 05 00 000    4.43   -16.11   -13.95  -889.00      3.40   -159.20    5.29    591404.0
 2025 11 13 00 06 00 000    4.07   -14.49   -15.35  -865.70     -2.60   -145.00    6.27    767406.0
 2025 11 13 00 07 00 000    2.55   -11.81   -17.53  -867.60      5.30   -139.40    6.39    668950.0
 2025 11 13 00 08 00 000    2.02   -11.28   -17.85  -868.60      9.60   -136.30    6.46    614719.0
 2025 11 13 00 09 00 000    1.58   -11.64   -16.73  -865.80      7.00   -176.80    6.38    791785.0
 2025 11 13 00 10 00 000    1.52   -12.71   -15.35  -865.00      4.80   -175.30    6.39    786430.0
 2025 11 13 00 11 00 000    3.80   -11.37   -12.83  -857.20    -16.40   -160.50    6.45    734714.0
 2025 11 13 00 12 00 000    3.69   -14.75    -8.74  -876.80    -39.20   -115.60    6.29    911706.0
 2025 11 13 00 13 00 000    7.57   -11.62   -12.52  -878.90    -41.60   -110.90    6.27    930248.0
 2025 11 13 00 14 00 000    6.77   -14.90    -7.81  -866.10    -28.60   -147.50    7.71   1189190.0
 2025 11 13 00 15 00 000    6.54   -16.39    -5.83  -871.10    -33.70   -139.50    7.29   1124503.0
 2025 11 13 00 16 00 000    6.82   -17.11    -2.36  -875.00    -28.40   -122.10    6.52    980172.0
 2025 11 13 00 17 00 000    5.67   -16.74    -1.92  -880.40    -38.60   -120.00    6.09    935949.0
 2025 11 13 00 18 00 000    4.42   -15.62    -3.65  -880.40    -38.60   -120.00    6.09    935949.0
 2025 11 13 00 19 00 000    3.58   -17.35     2.70  -880.40    -38.60   -120.00    6.09    935949.0
 2025 11 13 00 20 00 000    5.31   -14.96     2.30  -868.40    -72.00   -101.00    5.97   1019306.0
 2025 11 13 00 21 00 000    5.50   -15.33     5.83  -868.40    -72.00   -101.00    5.97   1019306.0
 2025 11 13 00 22 00 000    4.46   -16.31     5.40  -873.50    -29.10    -69.90    6.41   1009905.0
 2025 11 13 00 23 00 000    4.85   -19.96    -3.22  -873.50    -29.10    -69.90    6.41   1009905.0
 2025 11 13 00 24 00 000    3.66   -19.83    -6.66  -896.40      2.10   -127.20    5.76    554900.0
 2025 11 13 00 25 00 000    1.51   -17.27    -9.75  -896.40      2.10   -127.20    5.76    554900.0
 2025 11 13 00 26 00 000    0.33   -16.85   -11.25  -889.30    -23.20   -124.40    7.03    580670.0
 2025 11 13 00 27 00 000    5.08   -19.43    -3.88  -899.80     -7.10   -141.10    6.47    827714.0
 2025 11 13 00 28 00 000    6.74   -19.70     2.54  -915.60     20.10   -164.60    5.44   1151618.0
 2025 11 13 00 29 00 000    7.35   -19.91    -1.65  -928.10     29.80   -191.40    5.96    936259.0
 2025 11 13 00 30 00 000    6.67   -19.99    -4.65  -928.10     29.80   -191.40    5.96    936259.0
 2025 11 13 00 31 00 000    7.26   -18.43    -7.00  -928.10     29.80   -191.40    5.96    936259.0
 2025 11 13 00 32 00 000    7.06   -18.79     1.24  -928.10     29.80   -191.40    5.96    936259.0
 2025 11 13 00 33 00 000    5.13   -19.70    -6.29  -928.10     29.80   -191.40    5.96    936259.0
 2025 11 13 00 34 00 000    2.13   -18.91   -12.15  -928.10     29.80   -191.40    5.96    936259.0
 2025 11 13 00 35 00 000    2.05   -19.23   -14.34  -928.10     29.80   -191.40    5.96    936259.0
 2025 11 13 00 36 00 000    1.98   -19.13   -14.14  -878.60     34.50    -87.70    4.38    745420.0
 2025 11 13 00 37 00 000    1.89   -19.04   -15.13  -883.10     37.90    -91.40    4.28    728398.0
 2025 11 13 00 38 00 000    1.79   -17.81   -17.08  -904.10     53.90   -108.00    3.81    648931.0
 2025 11 13 00 39 00 000    0.70   -16.67   -18.11  -909.00     65.30   -100.30    3.71    625873.0
 2025 11 13 00 40 00 000    1.49   -17.43   -16.07  -909.00     65.40   -100.20    3.71    625745.0
 2025 11 13 00 41 00 000    1.27   -16.55   -17.41  -894.40     45.50    -95.80    3.82    550851.0
 2025 11 13 00 42 00 000   -4.09   -12.80   -14.33  -920.90     41.10    -91.60    3.97    539980.0
 2025 11 13 00 43 00 000   -4.34   -12.67   -13.92  -949.90     39.80    -88.90    4.12    513333.0
 2025 11 13 00 44 00 000   -4.49   -13.32   -13.95  -945.00     44.70    -88.20    3.71    487182.0
 2025 11 13 00 45 00 000   -3.42   -14.52   -13.99  -941.10     18.50    -92.00    4.02    655627.0
 2025 11 13 00 46 00 000   -3.97   -13.20   -14.07  -919.40     14.80   -104.60    6.21    541195.0
 2025 11 13 00 47 00 000   -2.81    -8.54   -17.24  -938.90     23.30    -93.50    4.93    493446.0
 2025 11 13 00 48 00 000   -2.86    -9.49   -15.04  -959.90     31.70    -84.40    3.81    466872.0
 2025 11 13 00 49 00 000   -3.62    -9.18   -13.75  -973.60     32.50    -99.80    4.85    631924.0
 2025 11 13 00 50 00 000   -4.63   -10.07   -14.08  -967.10      8.10   -110.60    4.60    698654.0
 2025 11 13 00 51 00 000   -3.34   -12.60   -14.02  -921.80     28.20   -113.20    5.53    876787.0
 2025 11 13 00 52 00 000   -3.61   -10.87   -13.98  -971.00     48.40    -92.40    5.12    581706.0
 2025 11 13 00 53 00 000   -4.03   -10.57   -14.57  -957.80     45.90    -92.20    5.13    653564.0
 2025 11 13 00 54 00 000   -2.44   -13.57   -14.47  -909.80     38.00    -92.90    5.13    925726.0
 2025 11 13 00 55 00 000   -3.25   -12.18   -13.66  -975.60     57.20    -94.80    4.61    650204.0
 2025 11 13 00 56 00 000   -3.16    -9.90   -15.39  -988.00     60.80    -95.20    4.51    598484.0
 2025 11 13 00 57 00 000   -2.78    -9.28   -16.31  -979.20     26.90   -100.50    3.88    519478.0
 2025 11 13 00 58 00 000   -1.84   -11.93   -16.13  -935.10     25.50   -104.30    4.49    670629.0
 2025 11 13 00 59 00 000   -3.51   -10.08   -15.39  -957.80     32.40    -87.90    4.55    547994.0
 2025 11 13 01 00 00 000   -3.57    -7.00   -16.00  -970.00     34.40    -83.00    4.48    494197.0
 2025 11 13 01 01 00 000   -3.87    -6.40   -16.07  -970.00     34.40    -83.00    4.48    494197.0
 2025 11 13 01 02 00 000   -4.79    -6.38   -15.81  -970.00     34.40    -83.00    4.48    494197.0
 2025 11 13 01 03 00 000   -4.45    -6.56   -15.79  -971.10     58.60    -90.40    4.71    467341.0
 2025 11 13 01 04 00 000   -5.01    -7.84   -15.04  -971.10     58.60    -90.40    4.71    467341.0
 2025 11 13 01 05 00 000   -5.33    -8.22   -14.97  -963.10     52.60    -62.40    4.41    517206.0
 2025 11 13 01 06 00 000   -5.18    -7.06   -15.26  -963.10     52.60    -62.40    4.41    517206.0
 2025 11 13 01 07 00 000   -4.95    -6.52   -15.37  -963.10     52.60    -62.40    4.41    517206.0
 2025 11 13 01 08 00 000   -4.54    -6.46   -15.34  -963.10     52.60    -62.40    4.41    517206.0
 2025 11 13 01 09 00 000   -4.58    -6.49   -15.34  -983.10     75.70    -90.70    4.28    623286.0
 2025 11 13 01 10 00 000   -5.25    -6.39   -14.96  -983.10     75.70    -90.70    4.28    623286.0
 2025 11 13 01 11 00 000   -5.13    -6.72   -14.87  -983.10     75.70    -90.70    4.28    623286.0
 2025 11 13 01 12 00 000   -4.99    -7.21   -14.55  -983.20     89.30   -102.80    5.04    538110.0
 2025 11 13 01 13 00 000   -4.54    -7.71   -14.22  -983.20     89.30   -102.80    5.04    538110.0
 2025 11 13 01 14 00 000   -4.71    -7.44   -14.15  -992.20     68.90    -96.20    4.45    529833.0
 2025 11 13 01 15 00 000   -5.36    -7.66   -13.89  -994.70     63.30    -94.40    4.29    527549.0
 2025 11 13 01 16 00 000   -4.66    -7.41   -14.07  -994.70     63.30    -94.40    4.29    527549.0
 2025 11 13 01 17 00 000   -4.34    -7.40   -14.21  -994.70     63.30    -94.40    4.29    527549.0
 2025 11 13 01 18 00 000   -5.12    -6.22   -14.60  -994.70     63.30    -94.40    4.29    527549.0
 2025 11 13 01 19 00 000   -4.66    -5.50   -15.05  -994.70     63.30    -94.40    4.29    527549.0
 2025 11 13 01 20 00 000   -3.96    -5.59   -14.66  -994.70     63.30    -94.40    4.29    527549.0
 2025 11 13 01 21 00 000   -5.41    -4.14   -14.12  -994.70     63.30    -94.40    4.29    527549.0
 2025 11 13 01 22 00 000   -6.52    -3.18   -13.50  -994.70     63.30    -94.40    4.29    527549.0
 2025 11 13 01 23 00 000   -1.48    -7.29   -12.87  -992.90     83.10    -96.40    4.89    712221.0
 2025 11 13 01 24 00 000   -3.71    -6.29   -13.24  -992.90     83.10    -96.40    4.89    712221.0
 2025 11 13 01 25 00 000   -4.39    -5.95   -13.19  -992.90     83.10    -96.40    4.89    712221.0
 2025 11 13 01 26 00 000   -4.61    -7.05   -12.54  -992.90     83.10    -96.40    4.89    712221.0
 2025 11 13 01 27 00 000   -4.08    -6.95   -12.75  -992.90     83.10    -96.40    4.89    712221.0
 2025 11 13 01 28 00 000   -2.81    -6.86   -13.06  -992.90     83.10    -96.40    4.89    712221.0
 2025 11 13 01 29 00 000   -2.19    -7.89   -12.41  -972.80     44.50   -101.50    4.05    734714.0
 2025 11 13 01 30 00 000   -2.83    -5.64   -12.91  -972.80     44.50   -101.50    4.05    734714.0
 2025 11 13 01 31 00 000   -3.32    -6.26   -12.52  -972.80     44.50   -101.50    4.05    734714.0
 2025 11 13 01 32 00 000   -3.18    -6.51   -12.37  -959.90     28.30    -89.80    5.10    722763.0
 2025 11 13 01 33 00 000   -2.90    -6.95   -11.93  -959.90     28.30    -89.80    5.10    722763.0
 2025 11 13 01 34 00 000   -3.56    -7.76   -11.59  -959.90     28.30    -89.80    5.10    722763.0
 2025 11 13 01 35 00 000   -3.65    -7.02   -11.69  -959.90     28.30    -89.80    5.10    722763.0
 2025 11 13 01 36 00 000   -4.10    -7.74   -11.03  -959.90     28.30    -89.80    5.10    722763.0
 2025 11 13 01 37 00 000   -4.61    -8.16   -10.88  -959.90     28.30    -89.80    5.10    722763.0
 2025 11 13 01 38 00 000   -4.99    -8.27   -10.55  -964.60     26.30    -96.10    5.34    802898.0
 2025 11 13 01 39 00 000   -3.44    -8.36   -11.40  -964.60     26.30    -96.10    5.34    802898.0
 2025 11 13 01 40 00 000   -2.30    -8.44   -11.93  -964.60     26.30    -96.10    5.34    802898.0
 2025 11 13 01 41 00 000   -2.05    -7.91   -12.13  -964.60     26.30    -96.10    5.34    802898.0
 2025 11 13 01 42 00 000   -3.23    -7.90   -11.94  -964.60     26.30    -96.10    5.34    802898.0
 2025 11 13 01 43 00 000   -3.09    -7.95   -11.75  -964.60     26.30    -96.10    5.34    802898.0
 2025 11 13 01 44 00 000   -2.57    -8.00   -11.83  -964.60     26.30    -96.10    5.34    802898.0
 2025 11 13 01 45 00 000   -2.56    -7.81   -11.80  -964.60     26.30    -96.10    5.34    802898.0
 2025 11 13 01 46 00 000   -3.43    -7.45   -11.71  -964.60     26.30    -96.10    5.34    802898.0
 2025 11 13 01 47 00 000   -4.16    -7.06   -11.66  -948.50     26.30   -112.40    5.83    809883.0
 2025 11 13 01 48 00 000   -4.70    -5.40   -12.20  -948.50     26.30   -112.40    5.83    809883.0
 2025 11 13 01 49 00 000   -5.08    -6.68   -11.47  -948.50     26.30   -112.40    5.83    809883.0
 2025 11 13 01 50 00 000   -4.73    -6.12   -11.96  -948.50     26.30   -112.40    5.83    809883.0
 2025 11 13 01 51 00 000   -4.21    -6.42   -12.09  -948.50     26.30   -112.40    5.83    809883.0
 2025 11 13 01 52 00 000   -3.01    -7.60   -11.83  -948.50     26.30   -112.40    5.83    809883.0
 2025 11 13 01 53 00 000   -2.49    -8.77   -11.23  -944.10     32.20   -105.00    4.92    688786.0
 2025 11 13 01 54 00 000   -2.39    -8.42   -11.60  -944.10     32.20   -105.00    4.92    688786.0
 2025 11 13 01 55 00 000   -1.98    -7.90   -12.15  -944.10     32.20   -105.00    4.92    688786.0
 2025 11 13 01 56 00 000   -2.37    -7.67   -12.08  -944.10     32.20   -105.00    4.92    688786.0
 2025 11 13 01 57 00 000   -3.56    -7.95   -11.69  -944.10     32.20   -105.00    4.92    688786.0
 2025 11 13 01 58 00 000   -3.10    -8.03   -11.80  -944.10     32.20   -105.00    4.92    688786.0
 2025 11 13 01 59 00 000   -3.07    -7.76   -11.90  -944.10     32.20   -105.00    4.92    688786.0
 2025 11 13 02 00 00 000   -3.41    -7.91   -11.87  -940.80     38.30   -121.80    4.98    784879.0
 2025 11 13 02 01 00 000   -5.36    -7.38   -11.14  -940.80     38.30   -121.80    4.98    784879.0
 2025 11 13 02 02 00 000   -5.72    -7.17   -11.07  -946.00     16.50   -117.90    5.30    857522.0
 2025 11 13 02 03 00 000   -5.14    -7.37   -11.30  -946.00     16.30   -117.90    5.30    858181.0
 2025 11 13 02 04 00 000   -6.11    -6.91   -11.51  -946.00     16.30   -117.90    5.30    858181.0
 2025 11 13 02 05 00 000   -6.49    -6.63   -11.07  -946.00     16.30   -117.90    5.30    858181.0
 2025 11 13 02 06 00 000   -5.48    -6.98   -11.32  -946.00     16.30   -117.90    5.30    858181.0
 2025 11 13 02 07 00 000    0.57    -8.10   -11.53  -927.60     20.30   -106.70    5.40    663206.0
 2025 11 13 02 08 00 000    0.06    -8.40   -11.17  -927.60     20.30   -106.70    5.40    663206.0
 2025 11 13 02 09 00 000   -1.63    -7.78   -11.83  -934.20     26.90    -90.00    5.09    653844.0
 2025 11 13 02 10 00 000    0.12    -8.15   -11.62  -927.70     23.60    -96.00    5.01    657394.0
 2025 11 13 02 11 00 000    0.42    -7.73   -11.90  -938.00     31.00   -108.60    5.10    712042.0
 2025 11 13 02 12 00 000    1.52    -8.48    -9.76  -939.50     32.70   -108.30    5.15    744824.0
 2025 11 13 02 13 00 000    6.26    -7.51    -6.97  -894.90    -50.50      7.80    5.29    802898.0
 2025 11 13 02 14 00 000    9.70    -8.24    -3.30  -901.70    -36.40    -18.60    5.06    621148.0
 2025 11 13 02 15 00 000   11.31    -7.15    -1.92  -910.90    -17.10    -54.60    4.76    373767.0
 2025 11 13 02 16 00 000   10.33    -8.18    -2.92  -910.90    -17.10    -54.60    4.76    373767.0
 2025 11 13 02 17 00 000   11.57    -7.08    -1.68  -910.90    -17.10    -54.60    4.76    373767.0
 2025 11 13 02 18 00 000    9.10    -8.83    -4.85  -893.00      6.80    -71.40    5.00    618166.0
 2025 11 13 02 19 00 000    4.28    -8.26    -8.43  -894.70      7.00    -67.50    5.07    623882.0
 2025 11 13 02 20 00 000    3.16    -8.60    -9.06  -912.20     31.00    -95.10    5.51    498385.0
 2025 11 13 02 21 00 000    4.98    -8.48    -7.74  -901.60     15.90    -80.60    5.50    646764.0
 2025 11 13 02 22 00 000    4.44    -9.43    -7.27  -903.00     16.50    -77.70    5.30    583373.0
 2025 11 13 02 23 00 000    0.97   -10.18   -11.40  -921.40     36.70   -108.60    5.39    458462.0
 2025 11 13 02 24 00 000    3.85    -9.87    -7.79  -905.90     56.60    -80.80    5.03    533936.0
 2025 11 13 02 25 00 000   -0.25   -10.63   -11.67  -919.60     45.00    -85.60    5.16    560925.0
 2025 11 13 02 26 00 000    3.80   -10.62    -5.14  -912.00     -5.00    -93.40    6.29    641997.0
 2025 11 13 02 27 00 000    1.79   -11.61    -2.16  -911.60     -5.20    -91.60    6.30    641016.0
 2025 11 13 02 28 00 000    2.01   -10.25     3.83  -908.50      8.10    -37.70    5.85    569161.0
 2025 11 13 02 29 00 000    2.93    -7.99     5.55  -907.70     19.80    -38.90    5.67    517563.0
 2025 11 13 02 30 00 000    3.65    -5.94     4.58  -912.90     30.40    -36.30    6.39    630814.0
 2025 11 13 02 31 00 000    6.88    -5.32     1.84  -910.30     36.70    -16.60    5.76    538940.0
 2025 11 13 02 32 00 000    6.49    -6.89    -1.39  -908.20     19.40    -38.60    5.43    495940.0
 2025 11 13 02 33 00 000    8.49    -6.84    -3.56  -892.40     24.30    -55.20    5.07    406586.0
 2025 11 13 02 34 00 000    7.53    -7.09    -2.87  -889.70     32.20    -50.30    5.11    402744.0
 2025 11 13 02 35 00 000    8.37    -5.01    -2.17  -916.70      8.80   -129.30    6.06    475995.0
 2025 11 13 02 36 00 000    8.87    -4.26    -0.70  -916.70      8.80   -129.30    6.06    475995.0
 2025 11 13 02 37 00 000    7.80    -3.40    -0.51  -885.00     69.30     -9.20    4.98    422023.0
 2025 11 13 02 38 00 000    4.48    -3.29     0.60  -905.20     56.30    -29.70    6.01    499923.0
 2025 11 13 02 39 00 000    3.45    -1.12     1.85  -917.00     30.90    -86.50    5.93    518228.0
 2025 11 13 02 40 00 000   -0.87    -4.19    -2.06  -917.00     30.90    -86.50    5.93    518228.0
 2025 11 13 02 41 00 000    6.51    -2.77     0.69  -917.00     30.90    -86.50    5.93    518228.0
 2025 11 13 02 42 00 000    2.23    -6.79    -3.40  -916.10     12.10    -94.50    5.39    570332.0
 2025 11 13 02 43 00 000    4.06    -4.54    -1.09  -906.20     32.40    -82.30    5.84    539754.0
 2025 11 13 02 44 00 000    0.86    -2.96    -1.13  -868.40     44.90   -106.60    5.51    505157.0
 2025 11 13 02 45 00 000    1.29     5.10     2.25  -927.60     58.50    -85.20    6.34    546074.0
 2025 11 13 02 46 00 000   -0.31     5.26     0.94  -914.40     54.50    -85.40    6.12    526661.0
 2025 11 13 02 47 00 000    2.53     0.79    -2.43  -931.40     92.40    -63.60    7.47    560288.0
 2025 11 13 02 48 00 000   -2.07     4.50    -5.03  -933.80    112.60    -66.90    7.45    554586.0
 2025 11 13 02 49 00 000    2.49     1.10    -0.52  -928.10     98.60    -69.20    7.29    582170.0
 2025 11 13 02 50 00 000   -7.16     9.23    -8.77  -880.00     43.30   -102.10    5.78    584202.0
 2025 11 13 02 51 00 000   -6.36     8.64   -11.00  -918.90     78.20    -69.80    6.37    325449.0
 2025 11 13 02 52 00 000   -6.84    10.44    -9.05  -919.30     71.70    -74.20    7.33    408717.0
 2025 11 13 02 53 00 000   -6.72    11.07    -7.62  -917.90     54.60    -73.00    7.08    355161.0
 2025 11 13 02 54 00 000   -5.34    10.40    -5.75  -919.10     56.50    -76.60    7.07    348621.0
 2025 11 13 02 55 00 000   -5.18    12.99    -3.43  -917.20    136.60   -100.00    7.83    428857.0
 2025 11 13 02 56 00 000   -5.30    15.70    -1.92  -930.70    110.10    -92.10    6.53    324171.0
 2025 11 13 02 57 00 000   -4.91    16.80    -2.04  -936.60     91.90    -88.80    6.36    282549.0
 2025 11 13 02 58 00 000   -5.10    16.68    -2.48  -937.10     87.70    -88.60    6.51    280823.0
 2025 11 13 02 59 00 000   -5.64    17.13    -2.99  -925.30    100.10    -97.10    5.36    284296.0
 2025 11 13 03 00 00 000   -6.08    17.10    -3.07  -925.30    100.10    -97.10    5.36    284296.0
 2025 11 13 03 01 00 000   -6.21    17.06    -3.23  -924.00     94.60    -88.20    4.98    248386.0
 2025 11 13 03 02 00 000   -5.97    17.65    -3.22  -922.70     94.10    -86.70    4.82    239610.0
 2025 11 13 03 03 00 000   -5.74    16.97    -4.47  -921.10     94.10    -86.10    4.59    232273.0
 2025 11 13 03 04 00 000   -4.91    18.27    -0.58  -929.40     87.20    -86.60    5.21    216334.0
 2025 11 13 03 05 00 000   -4.16    14.56    -1.60  -943.40     93.50    -81.40    6.39    250214.0
 2025 11 13 03 06 00 000   -3.83    13.76    -1.69  -959.20    100.70    -97.50    8.12    385677.0
 2025 11 13 03 07 00 000   -3.72    13.59    -2.36  -959.50     98.10   -107.20    8.35    389883.0
 2025 11 13 03 08 00 000   -3.67    13.13    -3.07  -953.40     93.50   -107.40    7.70    319408.0
 2025 11 13 03 09 00 000   -3.33    13.27    -3.02  -953.40     93.50   -107.40    7.70    319463.0
 2025 11 13 03 10 00 000   -3.75    14.03    -2.64  -944.30    105.50   -108.50    6.93    318048.0
 2025 11 13 03 11 00 000   -3.39    14.03    -1.24  -944.80    103.90   -108.40    6.86    303756.0
 2025 11 13 03 12 00 000   -6.57    17.00    -2.42  -944.80    103.90   -108.40    6.86    303756.0
 2025 11 13 03 13 00 000   -7.17    17.42    -0.01  -937.90     88.40   -101.90    3.76    191222.0
 2025 11 13 03 14 00 000   -7.14    17.48     1.26  -937.90     88.50   -101.80    3.76    190526.0
 2025 11 13 03 15 00 000   -6.74    17.62     2.16  -940.60     97.10    -93.60    3.46    133758.0
 2025 11 13 03 16 00 000   -6.79    17.46     2.74  -940.60     97.10    -93.60    3.46    133758.0
 2025 11 13 03 18 00 000   -6.59    17.41     2.86  -940.80     96.10    -88.00    3.50    137078.0
 2025 11 13 03 19 00 000   -5.79    16.99     3.88  -934.40     93.50    -70.10    4.10    147796.0
 2025 11 13 03 20 00 000   -5.45    16.85     4.43  -927.60     90.70    -50.80    4.75    159341.0
 2025 11 13 03 21 00 000   -5.69    16.52     4.48  -930.90     91.00    -44.00    4.24    176353.0
 2025 11 13 03 22 00 000   -5.63    16.36     4.61  -930.90     91.00    -44.00    4.24    176353.0
 2025 11 13 03 23 00 000   -5.67    16.26     4.71  -930.90     91.00    -44.00    4.24    176353.0
 2025 11 13 03 24 00 000   -5.81    15.84     5.53  -933.90     90.00    -37.70    4.58    165542.0
 2025 11 13 03 25 00 000   -5.61    15.79     5.76  -934.00     90.20    -37.90    4.59    165635.0
 2025 11 13 03 26 00 000   -5.52    15.58     6.38  -929.90     88.90    -27.00    5.12    161585.0
 2025 11 13 03 27 00 000   -4.89    15.61     6.06  -929.90     88.90    -27.00    5.12    161585.0
 2025 11 13 03 28 00 000   -4.80    15.88     4.89  -929.90     88.90    -27.00    5.12    161585.0
 2025 11 13 03 29 00 000   -5.25    15.52     5.95  -930.80     82.80    -33.30    5.29    155208.0
 2025 11 13 03 30 00 000   -5.12    15.42     6.32  -930.80     82.80    -33.30    5.29    155208.0
 2025 11 13 03 31 00 000   -4.47    15.87     6.35  -925.80     80.90    -29.10    4.67    142605.0
 2025 11 13 03 32 00 000   -4.20    15.34     6.84  -925.80     80.90    -29.10    4.67    142605.0
 2025 11 13 03 33 00 000   -3.79    15.06     6.91  -925.80     80.90    -29.10    4.67    142605.0
 2025 11 13 03 34 00 000   -3.85    15.02     5.86  -914.40     93.90    -43.10    4.65    166690.0
 2025 11 13 03 35 00 000   -5.47     9.70    -2.85  -920.60     92.00    -35.00    5.44    225947.0
 2025 11 13 03 36 00 000    1.30     0.17    -8.65  -933.00     88.10    -18.80    7.03    343207.0
 2025 11 13 03 37 00 000    3.12    -3.05   -10.20  -933.00     88.10    -18.80    7.03    343207.0
 2025 11 13 03 38 00 000   -1.58    -2.66   -12.71  -892.40     76.20    -22.80    9.88    502250.0
 2025 11 13 03 39 00 000   -7.46     6.81   -11.45  -918.00     84.00    -35.90    9.37    348848.0
 2025 11 13 03 40 00 000   -6.94     9.53    -9.46  -934.40     89.00    -44.20    9.03    250448.0
 2025 11 13 03 42 00 000   -8.26    11.37    -5.85  -940.00     96.30    -28.60    8.94    203031.0
 2025 11 13 03 43 00 000   -8.53    12.21    -4.15  -940.00     96.30    -28.50    8.94    202841.0
 2025 11 13 03 44 00 000   -8.91    12.21    -4.30  -941.80     97.80    -20.90    8.68    189382.0
 2025 11 13 03 45 00 000   -8.89    12.74    -4.94  -938.80     95.40    -19.70    7.90    185645.0
 2025 11 13 03 46 00 000   -8.73    12.96    -4.76  -936.80     93.80    -19.70    7.45    184747.0
 2025 11 13 03 47 00 000   -9.17    12.83    -4.84  -934.10     93.80    -15.30    7.01    175439.0
 2025 11 13 03 48 00 000   -9.22    13.02    -4.37  -934.10     93.80    -15.30    7.01    175439.0
 2025 11 13 03 49 00 000   -8.93    13.08    -4.94  -936.30     93.80     -7.40    7.81    195995.0
 2025 11 13 03 50 00 000   -8.79    12.38    -6.22  -936.30     94.20     -7.90    7.80    194436.0
 2025 11 13 03 51 00 000   -8.99    11.39    -7.72  -934.80     98.50    -16.40    7.34    168600.0
 2025 11 13 03 52 00 000   -8.65    10.31    -9.87  -937.40     82.20    -22.90    8.60    241495.0
 2025 11 13 03 53 00 000   -7.85     7.86   -12.85  -937.80     79.80    -23.90    8.79    252232.0
 2025 11 13 03 54 00 000   -6.85     6.70   -14.18  -938.30     93.20    -24.70    7.59    196840.0
 2025 11 13 03 55 00 000   -4.67     5.14   -15.85  -938.30     93.20    -24.70    7.59    196840.0
 2025 11 13 03 56 00 000   -4.77     4.59   -15.97  -920.50     84.10    -40.00    6.09    192380.0
 2025 11 13 03 57 00 000   -6.06     5.08   -15.18  -922.80     81.90    -41.50    6.47    188965.0
 2025 11 13 03 58 00 000   -6.96     6.16   -14.16  -928.20     76.90    -45.00    7.36    181112.0
 2025 11 13 03 59 00 000   -5.65     3.85   -15.75  -927.30     81.90    -53.10    6.77    194707.0
 2025 11 13 04 00 00 000   -2.95     1.21   -16.48  -927.30     81.90    -53.10    6.77    194707.0
 2025 11 13 04 01 00 000   -2.06    -0.03   -16.66  -927.30     81.90    -53.10    6.77    194707.0
 2025 11 13 04 02 00 000   -2.16    -0.60   -16.24  -926.70     65.70    -55.20    7.83    187095.0
 2025 11 13 04 03 00 000   -2.92     0.14   -15.89  -917.30     55.60    -60.40    9.08    190025.0
 2025 11 13 04 04 00 000   -0.30    -2.10   -15.71  -912.30     50.80    -63.80   10.44    167777.0
 2025 11 13 04 05 00 000   -1.19    -0.78   -16.14  -910.90     49.80    -65.30   11.34    144138.0
 2025 11 13 04 06 00 000   -4.33     3.40   -15.64  -915.60     61.60    -64.10    8.39    140562.0
 2025 11 13 04 07 00 000   -5.68     4.79   -15.04  -915.00     60.40    -64.30    8.60    138742.0
 2025 11 13 04 08 00 000   -7.89     8.81   -10.94  -926.00     71.50    -54.70   10.94    135993.0
 2025 11 13 04 09 00 000   -7.92     9.15   -10.82  -926.00     66.00    -61.50   10.38    127224.0
 2025 11 13 04 10 00 000   -8.31    10.34    -9.31  -926.30     63.60    -63.90   10.15    116046.0
 2025 11 13 04 11 00 000   -8.00    10.08    -9.74  -926.50     66.70    -59.60   10.49    115801.0
 2025 11 13 04 12 00 000   -7.99    12.04    -4.13  -928.60     61.70    -42.20    8.68     98629.0
 2025 11 13 04 13 00 000   -6.55    13.90     3.86  -928.80     61.20    -40.50    8.50     96945.0
 2025 11 13 04 14 00 000   -4.27    13.02     7.93  -902.60     37.60     -6.10    9.14     81473.0
 2025 11 13 04 15 00 000   -4.86    12.77    10.46  -900.50     35.70     -3.30    9.19     80204.0
 2025 11 13 04 16 00 000   -6.29    13.17    10.45  -896.40     32.80     -5.10    4.68     68221.0
 2025 11 13 04 17 00 000   -6.20    12.96    10.65  -896.40     32.60     -5.20    4.71     67708.0
 2025 11 13 04 18 00 000   -6.30    14.14     9.21  -895.60     28.70     -6.40    5.46     58479.0
 2025 11 13 04 19 00 000   -6.58    13.93     9.12  -891.60     25.80     -8.50    5.97     65799.0
 2025 11 13 04 20 00 000   -6.42    14.26     8.84  -890.10     24.80     -9.20    6.16     68424.0
 2025 11 13 04 21 00 000   -6.15    14.21     8.97  -886.80     21.80     -3.20    6.82     68832.0
 2025 11 13 04 22 00 000   -5.90    14.85     7.97  -889.30     20.10     -4.70    6.72     71295.0
 2025 11 13 04 23 00 000   -6.20    14.09     9.01  -892.30     17.90     -6.50    6.58     74324.0
 2025 11 13 04 24 00 000   -6.62    13.67     9.31  -893.50     19.60      5.20    5.08     84192.0
 2025 11 13 04 25 00 000   -6.78    14.48     7.53  -891.20     20.20     -0.40    5.85     78147.0
 2025 11 13 04 26 00 000   -6.77    14.84     6.63  -889.60     21.90     -4.90    6.49     71364.0
 2025 11 13 04 27 00 000   -7.11    14.80     6.23  -892.10     24.30     -0.70    6.36     70032.0
 2025 11 13 04 28 00 000   -7.33    14.64     6.19  -900.90     30.50     13.80    6.27     67937.0
 2025 11 13 04 29 00 000   -7.20    14.42     6.45  -903.00     50.40      6.20    7.96     49584.0
 2025 11 13 04 30 00 000   -7.37    14.33     6.46  -900.00     45.80      7.80    8.21     52931.0
 2025 11 13 04 31 00 000   -6.40    14.31     7.02  -891.80     33.00     12.00    8.87     62107.0
 2025 11 13 04 32 00 000   -6.32    14.06     7.51  -889.70     35.50     -1.50    7.27     71037.0
 2025 11 13 04 33 00 000   -6.79    14.55     6.12  -890.30     35.40      3.20    8.09     64171.0
 2025 11 13 04 34 00 000   -5.95    14.60     6.59  -891.60     35.00     11.30    9.49     52353.0
 2025 11 13 04 35 00 000   -5.73    14.67     6.42  -893.60     32.10      4.00    8.55     52010.0
 2025 11 13 04 36 00 000   -6.61    14.83     4.75  -894.70     32.90      3.80    8.50     54577.0
 2025 11 13 04 37 00 000   -6.14    14.44     5.87  -899.10     36.30      2.90    8.29     65049.0
 2025 11 13 04 38 00 000   -6.15    14.42     5.83  -899.10     36.30      2.90    8.29     65049.0
 2025 11 13 04 39 00 000   -6.75    14.55     4.73  -905.40     34.70     -1.30    7.08     79325.0
 2025 11 13 04 40 00 000   -7.22    13.86     6.14  -905.40     34.70     -1.30    7.08     79325.0
 2025 11 13 04 41 00 000   -7.61    13.63     6.89  -903.40     52.20     -9.10    7.01     57318.0
 2025 11 13 04 42 00 000   -7.81    13.88     6.39  -903.40     52.20     -9.10    7.01     57318.0
 2025 11 13 04 43 00 000   -7.37    14.52     5.34  -903.40     52.20     -9.10    7.01     57318.0
 2025 11 13 04 44 00 000   -7.22    14.72     4.93  -903.70     34.50     -3.10    6.88     53295.0
 2025 11 13 04 45 00 000   -6.39    15.25     4.04  -903.70     34.50     -3.10    6.88     53295.0
 2025 11 13 04 46 00 000   -6.02    15.53     3.17  -902.50     33.50      9.70    6.23     55435.0
 2025 11 13 04 47 00 000   -6.47    15.28     2.60  -902.50     33.50      9.70    6.23     55435.0
 2025 11 13 04 48 00 000   -7.52    14.84     1.25  -906.30     38.10      3.70    6.49     55535.0
 2025 11 13 04 49 00 000   -7.54    14.56     2.55  -906.60     38.50      3.20    6.51     55544.0
 2025 11 13 04 50 00 000   -7.69    14.35     2.86  -904.20     35.20      8.00    6.30     55093.0
 2025 11 13 04 51 00 000   -7.74    14.37     2.11  -904.10     35.00      8.20    6.29     55069.0
 2025 11 13 04 52 00 000   -7.56    14.49     1.44  -904.10     35.00      8.20    6.29     55069.0
 2025 11 13 04 53 00 000   -7.44    14.47     1.20  -906.30     52.90      1.60    6.82     53907.0
 2025 11 13 04 54 00 000   -7.63    14.09     1.67  -906.60     51.80      0.40    7.00     53146.0
 2025 11 13 04 55 00 000   -9.03    13.23    -0.83  -908.20     45.70     -6.10    7.99     49038.0
 2025 11 13 04 56 00 000  -10.45    11.68    -3.45  -908.20     45.70     -6.10    7.99     49038.0
 2025 11 13 04 57 00 000  -10.47    11.34    -3.84  -907.60     53.20     -4.50    8.96     44137.0
 2025 11 13 04 58 00 000   -9.48    12.47    -2.68  -907.60     53.20     -4.50    8.96     44137.0
 2025 11 13 04 59 00 000   -9.87    12.06    -2.89  -897.40     38.20    -13.90   10.45     43098.0
 2025 11 13 05 00 00 000   -9.78    12.00    -2.92  -897.50     38.30    -13.90   10.42     43441.0
 2025 11 13 05 01 00 000   -9.55    12.13    -2.51  -901.70     41.60    -13.50    9.30     58705.0
 2025 11 13 05 02 00 000   -9.74    11.98    -2.54  -899.10     38.90    -12.30    9.89     50008.0
 2025 11 13 05 03 00 000   -9.72    12.01    -2.28  -897.50     37.30    -11.60   10.24     44705.0
 2025 11 13 05 04 00 000  -10.29    11.50    -2.65  -905.60     52.70     -5.80    7.55     46622.0
 2025 11 13 05 05 00 000  -10.69    10.88    -3.30  -911.50     40.20    -18.40    7.38     44562.0
 2025 11 13 05 06 00 000  -10.26    11.20    -3.28  -912.90     37.20    -21.40    7.33     44110.0
 2025 11 13 05 07 00 000  -10.26    11.19    -3.32  -912.50     39.50    -25.30    6.49     47669.0
 2025 11 13 05 08 00 000  -10.51    10.91    -3.35  -912.50     39.50    -25.30    6.49     47669.0
 2025 11 13 05 09 00 000  -10.38    11.13    -3.21  -906.00     39.80    -42.20    6.69     42711.0
 2025 11 13 05 10 00 000  -10.18    11.52    -2.70  -906.00     39.80    -42.20    6.69     42711.0
 2025 11 13 05 11 00 000  -10.24    11.52    -2.48  -903.80     37.10    -42.30    7.92     34732.0
 2025 11 13 05 12 00 000  -10.47    10.79    -3.39  -902.90     37.20    -39.70    8.19     35072.0
 2025 11 13 05 13 00 000  -10.55     9.54    -5.55  -897.60     37.60    -24.70    9.72     37030.0
 2025 11 13 05 14 00 000  -10.43     9.79    -5.21  -897.60     37.60    -24.70    9.72     37030.0
 2025 11 13 05 16 00 000  -10.34    10.10    -4.93  -897.60     37.60    -24.70    9.72     37030.0
 2025 11 13 05 17 00 000  -10.54     8.85    -6.62  -897.60     37.60    -24.70    9.72     37030.0
 2025 11 13 05 18 00 000  -10.82     8.33    -6.51  -897.60     37.60    -24.70    9.72     37030.0
 2025 11 13 05 19 00 000  -10.95     7.81    -6.64  -891.10     44.50    -16.50    8.15     37120.0
 2025 11 13 05 20 00 000  -10.74     8.03    -5.95  -891.10     44.50    -16.50    8.15     37120.0
 2025 11 13 05 21 00 000  -10.09     9.73    -4.17  -892.30     38.50    -22.10    8.95     37798.0
 2025 11 13 05 22 00 000  -11.20     7.40    -6.04  -892.40     38.10    -22.50    9.00     37843.0
 2025 11 13 05 23 00 000  -10.97     7.66    -5.87  -889.90     46.60    -13.20    8.96     37450.0
 2025 11 13 05 24 00 000  -10.92     7.71    -5.86  -889.90     46.60    -13.20    8.96     37450.0
 2025 11 13 05 25 00 000  -10.61     8.06    -5.67  -889.90     46.60    -13.20    8.96     37450.0
 2025 11 13 05 26 00 000  -10.51     7.99    -5.73  -889.90     46.60    -13.20    8.96     37450.0
 2025 11 13 05 27 00 000  -10.61     7.61    -5.89  -889.90     46.60    -13.20    8.96     37450.0
 2025 11 13 05 28 00 000  -10.37     8.21    -5.38  -889.90     46.60    -13.20    8.96     37450.0
 2025 11 13 05 29 00 000   -9.98     8.94    -4.63  -888.50     40.80     -6.70    7.09     36702.0
 2025 11 13 05 30 00 000   -9.60     9.91    -2.88  -888.50     42.40     -8.20    7.00     37287.0
 2025 11 13 05 31 00 000   -9.64     9.94    -2.40  -888.90     44.30    -11.30    6.81     38120.0
 2025 11 13 05 32 00 000   -9.49    10.00    -2.56  -891.30     39.80    -14.60    6.64     37090.0
 2025 11 13 05 33 00 000   -9.37     9.48    -4.40  -891.30     39.80    -14.60    6.64     37131.0
 2025 11 13 05 34 00 000   -9.39     9.12    -5.39  -890.00     50.20    -16.90    5.17     55581.0
 2025 11 13 05 35 00 000   -9.42     9.24    -5.02  -889.90     46.60    -13.30    5.25     43311.0
 2025 11 13 05 36 00 000   -9.08     9.89    -4.08  -889.60     44.30    -11.70    5.05     40927.0
 2025 11 13 05 37 00 000   -7.85    11.48    -1.90  -889.40     36.60    -15.80    4.36     40445.0
 2025 11 13 05 38 00 000   -8.60    10.54    -3.43  -889.80     27.60    -22.80    3.75     37390.0
 2025 11 13 05 39 00 000   -8.20    11.05    -2.58  -884.60     33.30     -7.60    4.01     33525.0
 2025 11 13 05 40 00 000   -7.27    11.87    -1.06  -885.90     32.60    -11.40    4.03     33786.0
 2025 11 13 05 41 00 000   -7.98    11.11    -2.51  -891.50     29.70    -27.80    4.09     34906.0
 2025 11 13 05 42 00 000   -7.87    11.28    -1.69  -891.30     31.40    -24.30    4.27     33584.0
 2025 11 13 05 43 00 000   -7.59    11.43    -1.09  -891.30     31.50    -24.10    4.28     33496.0
 2025 11 13 05 44 00 000   -7.95    11.18    -1.25  -899.40     32.30    -57.50    4.20     30956.0
 2025 11 13 05 45 00 000   -8.13    10.72    -2.81  -898.20     32.00    -52.90    4.20     31359.0
 2025 11 13 05 46 00 000   -7.92    10.86    -2.64  -890.00     30.10    -20.30    4.17     34244.0
 2025 11 13 05 47 00 000   -7.81    10.92    -2.46  -890.70     28.60    -24.30    4.75     32996.0
 2025 11 13 05 48 00 000   -8.34    10.23    -3.13  -891.00     28.30    -25.60    4.87     32704.0
 2025 11 13 05 49 00 000   -8.35    10.20    -3.19  -891.00     28.30    -25.60    4.87     32704.0
 2025 11 13 05 50 00 000   -8.42    10.14    -2.97  -890.60     28.10    -23.50    5.36     30655.0
 2025 11 13 05 51 00 000   -8.57     9.94    -2.91  -890.60     28.10    -23.50    5.36     30655.0
 2025 11 13 05 52 00 000   -8.39    10.09    -2.87  -890.60     28.10    -23.50    5.36     30655.0
 2025 11 13 05 53 00 000   -8.29    10.17    -2.74  -890.60     28.10    -23.50    5.36     30655.0
 2025 11 13 05 54 00 000   -8.33    10.13    -2.64  -890.60     27.10    -21.90    6.12     31258.0
 2025 11 13 05 55 00 000   -6.40    11.61    -1.98  -890.60     27.10    -21.90    6.12     31258.0
 2025 11 13 05 56 00 000   -6.52    11.43    -2.17  -890.10     26.50    -25.00    4.79     31755.0
 2025 11 13 05 57 00 000   -7.36    10.85    -1.98  -890.10     26.50    -25.00    4.79     31753.0
 2025 11 13 05 58 00 000   -7.47    10.83    -1.20  -889.80     28.30    -26.10    6.02     30574.0
 2025 11 13 05 59 00 000   -8.02    10.20    -2.34  -888.20     28.40    -22.20    4.82     32303.0
 2025 11 13 06 00 00 000   -8.28     9.96    -2.85  -888.50     28.50    -19.60    4.06     31514.0
 2025 11 13 06 01 00 000   -8.71     9.42    -3.21  -890.10     27.60    -17.90    3.74     29701.0
 2025 11 13 06 02 00 000   -8.48     9.65    -3.07  -890.70     24.40    -16.70    3.83     30574.0
 2025 11 13 06 03 00 000   -8.20     9.92    -2.86  -888.90     28.00    -13.20    3.20     32739.0
 2025 11 13 06 04 00 000   -8.52     9.53    -3.25  -888.90     28.00    -13.20    3.19     32760.0
 2025 11 13 06 05 00 000   -8.34     9.69    -3.31  -885.90     29.60    -26.80    2.64     43065.0
 2025 11 13 06 06 00 000   -8.29     9.72    -3.26  -885.90     29.60    -26.60    2.64     42917.0
 2025 11 13 06 07 00 000   -8.57     9.13    -4.07  -887.60     32.40    -13.50    2.33     31112.0
 2025 11 13 06 08 00 000   -8.44     9.19    -4.20  -887.90     31.10    -13.30    2.23     30809.0
 2025 11 13 06 09 00 000   -8.22     9.35    -4.18  -888.10     29.90    -13.50    2.15     30901.0
 2025 11 13 06 10 00 000   -8.61     8.66    -4.71  -888.10     29.90    -13.50    2.15     30901.0
 2025 11 13 06 11 00 000   -8.50     8.79    -4.76  -880.20     25.40    -42.50    2.58     26808.0
 2025 11 13 06 12 00 000   -8.45     8.79    -4.82  -881.00     25.40    -39.80    2.57     27187.0
 2025 11 13 06 13 00 000   -8.20     9.05    -4.72  -887.30     25.70    -19.10    2.54     30079.0
 2025 11 13 06 14 00 000   -8.57     8.61    -4.90  -884.50     25.80    -31.30    2.76     28295.0
 2025 11 13 06 15 00 000   -8.51     8.56    -5.05  -880.70     25.90    -46.90    3.00     26049.0
 2025 11 13 06 16 00 000   -8.18     8.76    -5.13  -882.20     25.60    -35.60    3.09     26152.0
 2025 11 13 06 17 00 000   -7.11    10.11    -4.32  -887.40     24.40    -21.60    2.40     30234.0
 2025 11 13 06 18 00 000   -7.55     9.69    -4.58  -888.70     26.20    -14.80    2.17     30482.0
 2025 11 13 06 19 00 000   -7.63     9.47    -4.83  -888.60     26.60    -14.20    2.17     30275.0
 2025 11 13 06 20 00 000   -8.01     8.91    -5.16  -881.60     20.00    -30.80    3.40     41340.0
 2025 11 13 06 21 00 000   -8.13     8.58    -5.40  -881.70     20.70    -30.50    3.47     40022.0
 2025 11 13 06 22 00 000   -8.21     8.24    -5.65  -882.40     28.50    -27.40    4.23     24467.0
 2025 11 13 06 23 00 000   -7.93     8.51    -5.48  -882.40     28.50    -27.40    4.23     24467.0
 2025 11 13 06 24 00 000   -7.98     8.26    -5.69  -875.50     29.20    -52.10    5.39     24127.0
 2025 11 13 06 25 00 000   -7.85     8.39    -5.79  -876.60     29.60    -48.80    5.67     24006.0
 2025 11 13 06 26 00 000   -7.79     8.33    -5.67  -881.10     31.40    -35.30    6.83     23503.0
 2025 11 13 06 27 00 000   -7.88     8.21    -5.63  -880.20     28.10    -35.50    5.45     23966.0
 2025 11 13 06 28 00 000   -7.80     8.20    -5.52  -880.20     28.00    -35.50    5.40     23983.0
 2025 11 13 06 29 00 000   -7.63     8.01    -5.90  -863.40     29.90    -13.40    5.81     26503.0
 2025 11 13 06 30 00 000   -7.55     6.50    -7.19  -866.70     16.80    -20.40    6.18     25457.0
 2025 11 13 06 31 00 000   -7.91     3.26    -8.84  -872.10     -4.40    -31.80    6.77     23755.0
 2025 11 13 06 32 00 000   -7.94     3.94    -8.56  -866.80     -5.20    -26.90    9.40     31810.0
 2025 11 13 06 33 00 000   -7.79     7.58    -4.62  -866.80     -5.20    -26.90    9.40     31810.0
 2025 11 13 06 34 00 000   -7.63     9.89    -2.25  -885.20     36.60    -19.50    3.29     38389.0
 2025 11 13 06 35 00 000   -7.82     9.73    -2.23  -885.20     36.60    -19.50    3.29     38389.0
 2025 11 13 06 36 00 000   -8.28     8.53    -4.63  -885.20     36.60    -19.50    3.29     38389.0
 2025 11 13 06 37 00 000   -8.27     8.57    -4.51  -885.20     36.60    -19.50    3.29     38389.0
 2025 11 13 06 38 00 000   -8.33     8.29    -4.87  -885.20     36.60    -19.50    3.29     38389.0
 2025 11 13 06 39 00 000   -8.34     7.84    -5.50  -885.20     36.60    -19.50    3.29     38389.0
 2025 11 13 06 40 00 000   -7.53     9.82    -2.88  -874.10     20.80    -43.60    2.46     32255.0
 2025 11 13 06 41 00 000   -7.77     9.44    -3.32  -873.90     20.20    -43.20    2.51     32255.0
 2025 11 13 06 42 00 000   -8.06     8.99    -3.77  -872.30     14.80    -39.50    2.95     32256.0
 2025 11 13 06 43 00 000   -8.30     8.40    -4.45  -869.90      6.90    -27.20    3.51     32798.0
 2025 11 13 06 44 00 000   -8.61     8.08    -4.40  -869.70      6.20    -26.10    3.56     32845.0
 2025 11 13 06 45 00 000   -8.56     8.04    -4.55  -862.70     24.10    -13.30    3.75     30574.0
 2025 11 13 06 46 00 000   -8.63     8.04    -4.34  -862.80     24.40    -13.50    3.72     30513.0
 2025 11 13 06 47 00 000   -8.25     8.24    -4.58  -863.30     27.20    -15.40    3.41     29924.0
 2025 11 13 06 48 00 000   -8.22     8.31    -4.46  -862.40     22.90    -13.80    3.96     29462.0
 2025 11 13 06 49 00 000   -8.19     8.35    -4.50  -862.20     21.70    -13.30    4.11     29335.0
 2025 11 13 06 50 00 000   -8.50     7.95    -4.79  -861.90     31.60    -11.80    2.86     28175.0
 2025 11 13 06 51 00 000   -8.45     7.75    -4.97  -861.90     31.60    -11.80    2.86     28175.0
 2025 11 13 06 52 00 000   -8.37     7.85    -4.80  -864.50     28.40    -13.10    3.89     31380.0
 2025 11 13 06 53 00 000   -8.39     8.00    -4.52  -864.50     28.40    -13.10    3.90     31395.0
 2025 11 13 06 54 00 000   -8.44     8.17    -4.00  -864.50     28.40    -13.10    3.90     31395.0
 2025 11 13 06 55 00 000   -8.16     8.31    -4.48  -861.80     19.50    -31.80    4.18     42262.0
 2025 11 13 06 56 00 000   -8.34     7.98    -4.42  -861.70     19.90    -31.00    4.19     41785.0
 2025 11 13 06 57 00 000   -8.22     8.43    -3.76  -860.90     23.90    -22.90    4.29     36878.0
 2025 11 13 06 58 00 000   -7.94     8.91    -2.96  -861.80     27.30    -29.60    4.86     36756.0
 2025 11 13 06 59 00 000   -7.95     8.77    -3.32  -862.40     27.70    -29.70    4.66     35482.0
 2025 11 13 07 00 00 000   -8.31     7.76    -4.61  -863.50     23.90    -19.10    2.88     30254.0
 2025 11 13 07 01 00 000   -8.25     7.84    -4.60  -854.90     15.30    -23.10    3.44     46093.0
 2025 11 13 07 02 00 000   -7.80     8.42    -4.08  -854.80     15.20    -23.10    3.45     46220.0
 2025 11 13 07 03 00 000   -7.17     9.21    -3.53  -866.90     19.90    -34.50    6.17     44925.0
 2025 11 13 07 04 00 000   -7.17     9.14    -3.62  -866.90     19.90    -34.50    6.15     44899.0
 2025 11 13 07 05 00 000   -7.35     8.66    -4.11  -864.80     21.40    -36.60    4.70     42775.0
 2025 11 13 07 06 00 000   -7.38     8.71    -4.14  -861.10     17.80    -31.80    4.10     45597.0
 2025 11 13 07 07 00 000   -7.18     9.28    -3.40  -859.70     16.50    -30.00    3.88     46656.0
 2025 11 13 07 08 00 000   -6.85     9.72    -2.77  -876.30     29.50    -45.90    2.86     33099.0
 2025 11 13 07 09 00 000   -6.97     9.61    -2.85  -874.50     25.80    -48.00    3.12     36678.0
 2025 11 13 07 10 00 000   -6.94     9.66    -2.82  -873.50     23.10    -49.50    3.39     41174.0
 2025 11 13 07 11 00 000   -6.80     9.93    -2.63  -882.10     35.70    -41.60    3.65     50740.0
 2025 11 13 07 12 00 000   -6.77     9.97    -2.56  -878.20     35.00    -51.80    2.49     34278.0
 2025 11 13 07 13 00 000   -6.78     9.72    -2.97  -877.70     34.90    -53.00    2.40     32375.0
 2025 11 13 07 14 00 000   -6.80     9.59    -3.24  -878.70     35.20    -51.10    4.74     31368.0
 2025 11 13 07 15 00 000   -6.81     9.62    -3.14  -878.40     36.00    -51.50    4.68     30403.0
 2025 11 13 07 16 00 000   -6.68     9.83    -2.94  -878.10     36.80    -51.80    4.56     29752.0
 2025 11 13 07 17 00 000   -6.58     9.88    -3.04  -877.40     37.60    -51.80    3.84     30746.0
 2025 11 13 07 18 00 000   -6.70     9.95    -2.50  -877.90     35.50    -53.60    3.93     29920.0
 2025 11 13 07 19 00 000   -6.51    10.13    -2.57  -877.30     36.70    -51.80    2.95     30093.0
 2025 11 13 07 20 00 000   -6.59    10.11    -2.67  -877.20     36.80    -51.60    2.87     30113.0
 2025 11 13 07 21 00 000   -6.58    10.09    -2.81  -877.00     37.10    -54.60    2.54     29442.0
 2025 11 13 07 22 00 000   -6.59    10.10    -2.81  -877.00     37.10    -54.60    2.54     29442.0
 2025 11 13 07 23 00 000   -6.65    10.08    -2.83  -878.30     35.80    -55.00    2.24     31506.0
 2025 11 13 07 24 00 000   -6.69     9.98    -3.03  -878.30     35.80    -55.00    2.24     31506.0
 2025 11 13 07 25 00 000   -6.72     9.86    -3.28  -878.20     35.80    -52.40    2.52     29736.0
 2025 11 13 07 26 00 000   -6.77     9.81    -3.38  -878.20     35.80    -52.40    2.52     29736.0
 2025 11 13 07 27 00 000   -6.86     9.87    -3.12  -881.70     35.20    -47.60    2.25     46321.0
 2025 11 13 07 28 00 000   -6.83     9.88    -3.19  -881.70     35.20    -47.60    2.25     46321.0
 2025 11 13 07 29 00 000   -6.90     9.78    -3.35  -881.70     35.20    -47.60    2.25     46321.0
 2025 11 13 07 30 00 000   -6.98     9.71    -3.40  -881.70     35.20    -47.60    2.25     46321.0
 2025 11 13 07 31 00 000   -7.07     9.75    -3.16  -879.90     18.40    -55.60    2.21     30710.0
 2025 11 13 07 32 00 000   -7.08     9.75    -3.16  -879.90     18.40    -55.60    2.21     30710.0
 2025 11 13 07 33 00 000   -7.13     9.73    -3.20  -876.70     33.90    -61.20    1.32     32817.0
 2025 11 13 07 34 00 000   -7.02     9.79    -3.32  -876.70     33.90    -61.20    1.32     32817.0
 2025 11 13 07 35 00 000   -7.12     9.73    -3.31  -877.80     34.50    -64.60    1.13     34372.0
 2025 11 13 07 36 00 000   -7.15     9.69    -3.27  -877.80     35.80    -62.40    1.43     33407.0
 2025 11 13 07 37 00 000   -7.21     9.64    -3.29  -877.70     36.60    -60.90    1.61     32788.0
 2025 11 13 07 38 00 000   -7.29     9.47    -3.62  -878.50     34.90    -57.60    1.44     32929.0
 2025 11 13 07 39 00 000   -7.25     9.51    -3.43  -879.70     34.10    -58.90    1.41     34204.0
 2025 11 13 07 40 00 000   -5.89    10.60    -2.15  -883.00     32.10    -62.30    1.30     37661.0
 2025 11 13 07 41 00 000   -4.06    11.69    -0.33  -836.40     40.10     -9.10    1.24     36569.0
 2025 11 13 07 42 00 000   -4.32    11.73     0.15  -836.40     39.50     -4.20    1.21     35413.0
 2025 11 13 07 43 00 000   -4.04    11.81     0.50  -844.90     38.80     12.60    0.68     45936.0
 2025 11 13 07 44 00 000   -4.00    11.81     0.52  -845.10     38.80     12.80    0.67     46146.0
 2025 11 13 07 45 00 000   -3.07    12.06     0.96  -841.30     39.70      5.10    1.02     35402.0
 2025 11 13 07 46 00 000   -3.04    12.02     1.30  -841.10     39.30      3.70    1.02     35237.0
 2025 11 13 07 47 00 000   -2.68    12.00     1.86  -840.10     37.00     -4.70    0.99     34270.0
 2025 11 13 07 48 00 000   -4.64    11.55    -0.71  -838.60     34.30    -11.40    0.65     32276.0
 2025 11 13 07 49 00 000   -4.65    11.51    -0.97  -837.50     43.30      8.50    0.57     35997.0
 2025 11 13 07 50 00 000   -5.05    11.28    -1.26  -834.20     39.80     23.00    0.52     46891.0
 2025 11 13 07 51 00 000   -5.24    11.18    -1.52  -830.90     32.80     37.40    0.44     46522.0
 2025 11 13 07 52 00 000   -5.26    11.17    -1.45  -829.20     30.30     49.80    0.38     40772.0
 2025 11 13 07 53 00 000   -5.28    11.17    -1.39  -829.00     26.90     46.20    0.46     36582.0
 2025 11 13 07 54 00 000   -5.41    11.08    -1.64  -829.00     26.90     46.20    0.46     36582.0
 2025 11 13 07 55 00 000   -5.41    11.09    -1.56  -837.60     32.00     -1.50    0.51     38055.0
 2025 11 13 07 56 00 000   -4.93    11.32    -1.08  -838.40     35.30      0.10    0.55     40450.0
 2025 11 13 07 57 00 000   -4.87    11.41    -0.75  -840.40     42.90      5.80    0.60     46911.0
 2025 11 13 07 58 00 000   -4.97    11.35    -0.73  -839.20     31.70     23.80    0.30     49590.0
 2025 11 13 07 59 00 000   -4.96    11.37    -0.90  -838.60     33.10     14.90    0.36     45356.0
 2025 11 13 08 00 00 000   -5.03    11.34    -0.69  -837.20     36.50     -6.40    0.52     35197.0
 2025 11 13 08 01 00 000   -5.03    11.33    -0.85  -836.20     35.10     -5.10    0.50     32675.0
 2025 11 13 08 02 00 000   -5.07    11.30    -1.02  -835.80     34.40     -4.50    0.49     31533.0
 2025 11 13 08 03 00 000   -5.02    11.31    -1.00  -833.50     33.20      1.00    0.53     30384.0
 2025 11 13 08 04 00 000   -4.86    11.41    -0.57  -835.20     24.60      0.90    0.47     34704.0
 2025 11 13 08 05 00 000   -4.87    11.39    -0.52  -837.10     15.20      0.70    0.39     39433.0
 2025 11 13 08 06 00 000   -4.85    11.40    -0.46  -838.60     19.60      0.30    0.50     38573.0
 2025 11 13 08 07 00 000   -4.87    11.37    -0.85  -838.60     19.60      0.30    0.50     38573.0
 2025 11 13 08 08 00 000   -4.77    11.41    -0.80  -835.00     33.80     -1.80    0.43     32620.0
 2025 11 13 08 09 00 000   -4.87    11.34    -1.11  -830.70     23.70     10.50    0.43     32940.0
 2025 11 13 08 10 00 000   -5.06    11.21    -1.30  -830.80     26.90     22.70    0.49     39814.0
 2025 11 13 08 11 00 000   -5.47    10.91    -1.83  -835.90     40.90     16.30    0.53     43909.0
 2025 11 13 08 12 00 000   -5.44    10.88    -1.73  -819.10     40.20     12.80    0.48     45620.0
 2025 11 13 08 13 00 000   -5.25    10.97    -1.38  -820.60     40.10     11.20    0.49     45865.0
 2025 11 13 08 14 00 000   -5.24    10.84    -1.38  -843.20     38.30    -12.00    0.68     49452.0
 2025 11 13 08 15 00 000   -5.35    10.74    -1.42  -843.20     38.30    -12.00    0.68     49452.0
 2025 11 13 08 16 00 000   -5.38    10.75    -1.30  -843.20     38.30    -12.00    0.68     49452.0
 2025 11 13 08 17 00 000   -5.42    10.83    -0.76  -846.20     72.20    -32.60    0.64     57393.0
 2025 11 13 08 18 00 000   -5.13    10.91     1.02  -846.20     72.20    -32.60    0.64     57393.0
 2025 11 13 08 19 00 000   -5.24    10.98     0.22  -849.70     73.90    -27.00    0.46     56097.0
 2025 11 13 08 20 00 000   -5.20    10.97    -1.18  -851.00     63.10    -34.40    0.49     53256.0
 2025 11 13 08 21 00 000   -5.31    10.88    -0.70  -853.80     39.70    -50.40    0.58     47094.0
 2025 11 13 08 22 00 000   -5.28    10.91    -0.43  -859.70     47.60    -38.80    0.71     58066.0
 2025 11 13 08 23 00 000   -5.44    10.80    -0.01  -859.70     47.60    -38.80    0.71     58066.0
 2025 11 13 08 24 00 000   -5.32    10.83    -0.07  -859.70     47.60    -38.80    0.71     58066.0
 2025 11 13 08 25 00 000   -5.01    11.02    -0.18  -847.70     72.30    -40.00    0.74     51338.0
 2025 11 13 08 26 00 000   -5.31    10.91    -0.78  -847.70     72.30    -40.00    0.74     51317.0
 2025 11 13 08 27 00 000   -5.19    10.92     0.07  -851.50     52.10    -36.40    0.53     43690.0
 2025 11 13 08 28 00 000   -4.74    11.13     0.23  -856.70     37.90    -28.20    0.47     42835.0
 2025 11 13 08 29 00 000   -4.78    11.10     0.28  -856.70     37.90    -28.20    0.47     42835.0
 2025 11 13 08 30 00 000   -4.63    11.17     0.18  -856.70     37.90    -28.20    0.47     42835.0
 2025 11 13 08 31 00 000   -4.75    11.18    -0.07  -855.00     31.60    -42.30    0.55     34558.0
 2025 11 13 08 32 00 000   -4.69    11.17     0.05  -856.30     30.30    -37.70    0.55     35027.0
 2025 11 13 08 33 00 000   -4.42    11.31    -0.00  -863.90     19.30    -18.80    0.50     37553.0
 2025 11 13 08 34 00 000   -4.42    11.33     0.06  -871.40     -7.20    -38.30    0.51     38801.0
 2025 11 13 08 35 00 000   -3.85    11.54    -0.17  -871.50     -7.50    -38.50    0.51     38817.0
 2025 11 13 08 36 00 000   -4.32    11.35     0.21  -874.60     32.60    -54.90    0.54     37480.0
 2025 11 13 08 37 00 000   -4.34    11.34     0.43  -874.80     32.40    -54.70    0.54     37480.0
 2025 11 13 08 38 00 000   -4.05    11.43     0.45  -880.90     27.10    -49.20    0.58     37480.0
 2025 11 13 08 39 00 000   -4.35    11.35     0.72  -880.90     27.10    -49.20    0.58     37480.0
 2025 11 13 08 40 00 000   -3.59    11.56     1.09  -876.00     28.60    -63.70    0.55     38450.0
 2025 11 13 08 41 00 000   -3.92    11.44     0.98  -876.00     28.60    -63.70    0.55     38450.0
 2025 11 13 08 42 00 000   -5.08    11.01     0.44  -862.80     31.70    -23.10    0.38     38298.0
 2025 11 13 08 43 00 000   -4.92    11.18     0.50  -862.80     31.70    -23.10    0.38     38298.0
 2025 11 13 08 44 00 000   -4.79    11.34     0.62  -858.40     34.40    -29.40    0.52     34385.0
 2025 11 13 08 45 00 000   -5.01    11.23     0.43  -858.70     34.90    -28.50    0.53     34851.0
 2025 11 13 08 46 00 000   -4.82    11.26     0.58  -866.00     49.10     -2.90    0.70     47500.0
 2025 11 13 08 47 00 000   -4.83    11.26     0.56  -866.00     49.10     -2.90    0.70     47500.0
 2025 11 13 08 48 00 000   -4.82    11.27     0.78  -858.40     33.90     -5.40    0.46     60834.0
 2025 11 13 08 49 00 000   -4.89    11.29     0.70  -858.40     33.90     -5.40    0.46     60834.0
 2025 11 13 08 50 00 000   -4.69    11.37     0.86  -859.90     46.10    -27.10    0.67     43778.0
 2025 11 13 08 51 00 000   -4.33    11.39     1.76  -859.90     46.10    -27.10    0.67     43778.0
 2025 11 13 08 52 00 000   -4.05    11.53     1.78  -836.50     35.80     -5.60    0.62     29656.0
 2025 11 13 08 53 00 000   -3.90    11.56     1.83  -838.80     46.40    -13.20    0.61     29665.0
 2025 11 13 08 54 00 000   -4.37    11.44     1.55  -841.10     56.20    -19.40    0.62     32259.0
 2025 11 13 08 55 00 000   -4.38    11.45     1.73  -840.60     37.10    -12.20    0.58     38447.0
 2025 11 13 08 56 00 000   -4.37    11.41     2.05  -840.40     36.00    -21.30    0.47     32189.0
 2025 11 13 08 57 00 000   -4.35    11.39     2.20  -844.70     71.50    -29.50    0.49     33191.0
 2025 11 13 08 58 00 000   -4.25    11.36     2.30  -843.70     54.90    -12.40    0.47     36076.0
 2025 11 13 08 59 00 000   -4.12    11.29     2.59  -844.60     35.70    -13.00    0.45     44299.0
 2025 11 13 09 00 00 000   -4.05    11.42     1.98  -846.30     34.60    -28.70    0.57     40887.0
 2025 11 13 09 01 00 000   -3.95    11.53     1.61  -844.70     72.50    -37.20    0.54     36285.0
 2025 11 13 09 02 00 000   -3.94    11.41     2.12  -844.70     72.50    -37.20    0.54     36285.0
 2025 11 13 09 03 00 000   -3.90    11.39     2.37  -853.60     44.80    -51.10    0.62     34356.0
 2025 11 13 09 04 00 000   -3.79    11.45     2.42  -853.60     44.80    -51.10    0.62     34356.0
 2025 11 13 09 05 00 000   -3.73    11.46     2.53  -841.20     33.50    -11.20    0.56     35607.0
 2025 11 13 09 06 00 000   -3.91    11.50     1.93  -841.20     33.50    -11.20    0.56     35607.0
 2025 11 13 09 07 00 000   -3.83    11.61     1.08  -840.30     28.40    -13.50    0.64     33605.0
 2025 11 13 09 08 00 000   -3.80    11.62     0.83  -842.90     31.20    -26.10    0.63     32198.0
 2025 11 13 09 09 00 000   -3.74    11.60     1.39  -849.80     40.50    -56.10    0.59     29683.0
 2025 11 13 09 10 00 000   -3.62    11.60     1.46  -848.00     -5.30    -33.10    0.69     30923.0
 2025 11 13 09 11 00 000   -3.77    11.65     0.95  -848.00     -5.50    -33.00    0.69     30928.0
 2025 11 13 09 12 00 000   -3.85    11.64     0.84  -853.80      5.30    -54.50    0.63     34303.0
 2025 11 13 09 13 00 000   -4.11    11.49     1.24  -854.20      6.00    -55.90    0.62     34529.0
 2025 11 13 09 14 00 000   -4.08    11.54     1.30  -854.20      6.00    -55.90    0.62     34529.0
 2025 11 13 09 15 00 000   -3.98    11.55     0.79  -852.10     34.30    -34.70    0.64     44007.0
 2025 11 13 09 16 00 000   -4.11    11.49     1.07  -852.10     34.30    -34.70    0.64     44007.0
 2025 11 13 09 17 00 000   -3.82    11.63     1.26  -863.40     30.70    -12.60    0.66     32367.0
 2025 11 13 09 18 00 000   -3.44    11.74     1.27  -863.40     30.70    -12.60    0.66     32367.0
 2025 11 13 09 19 00 000   -3.63    11.63     1.37  -854.30     33.90    -42.00    0.71     31230.0
 2025 11 13 09 20 00 000   -3.73    11.64     1.38  -854.30     33.90    -42.00    0.71     31230.0
 2025 11 13 09 21 00 000   -3.57    11.64     1.50  -854.30     33.90    -42.00    0.71     31230.0
 2025 11 13 09 22 00 000   -3.80    11.60     1.45  -851.00     32.50    -51.50    0.71     29149.0
 2025 11 13 09 23 00 000   -3.82    11.62     1.35  -851.00     32.50    -51.50    0.71     29149.0
 2025 11 13 09 24 00 000   -3.68    11.65     1.37  -851.00     32.50    -51.50    0.71     29149.0
 2025 11 13 09 25 00 000   -3.48    11.66     1.56  -850.40     30.10    -57.30    0.66     30194.0
 2025 11 13 09 26 00 000   -3.73    11.64     1.34  -850.40     30.10    -57.30    0.66     30194.0
 2025 11 13 09 27 00 000   -3.72    11.59     1.28  -850.40     30.10    -57.30    0.66     30194.0
 2025 11 13 09 28 00 000   -3.78    11.60     1.18  -849.60     27.30    -52.40    0.61     32088.0
 2025 11 13 09 29 00 000   -3.70    11.63     1.26  -849.60     27.30    -52.40    0.61     32088.0
 2025 11 13 09 30 00 000   -3.81    11.58     1.33  -849.60     27.30    -52.40    0.61     32088.0
 2025 11 13 09 31 00 000   -3.78    11.57     1.38  -854.00     30.40    -37.90    0.64     31010.0
 2025 11 13 09 32 00 000   -3.78    11.59     1.61  -854.00     30.40    -37.90    0.64     31010.0
 2025 11 13 09 33 00 000   -3.78    11.60     1.52  -854.00     30.40    -37.90    0.64     31010.0
 2025 11 13 09 34 00 000   -3.73    11.62     1.39  -842.40     29.90      2.00    0.67     29709.0
 2025 11 13 09 35 00 000   -3.66    11.61     1.36  -842.40     29.90      2.00    0.67     29709.0
 2025 11 13 09 36 00 000   -3.64    11.58     1.47  -842.40     29.90      2.00    0.67     29709.0
 2025 11 13 09 37 00 000   -3.74    11.58     1.42  -840.50     11.20    -18.00    0.84     29332.0
 2025 11 13 09 38 00 000   -3.67    11.59     1.44  -838.60     24.80    -14.40    0.83     28561.0
 2025 11 13 09 39 00 000   -4.01    11.47     1.17  -842.10     14.30    -24.40    0.84     28740.0
 2025 11 13 09 40 00 000   -3.94    11.45     1.22  -842.50     12.20    -26.70    0.84     29154.0
 2025 11 13 09 41 00 000   -3.89    11.50     1.24  -837.40     29.50    -15.00    0.91     28529.0
 2025 11 13 09 42 00 000   -3.65    11.54     1.30  -837.30     21.70    -11.20    0.95     28390.0
 2025 11 13 09 43 00 000   -3.85    11.45     1.38  -840.70     27.70     -2.90    0.73     31691.0
 2025 11 13 09 44 00 000   -4.14    11.36     1.49  -843.00     26.70     -0.00    0.79     29472.0
 2025 11 13 09 45 00 000   -4.01    11.40     1.01  -844.80     21.70    -19.50    0.82     30372.0
 2025 11 13 09 46 00 000   -4.23    11.34     0.62  -850.60     15.30    -33.30    0.84     30685.0
 2025 11 13 09 47 00 000   -4.32    11.36     0.60  -854.40      7.30    -53.40    0.88     30574.0
 2025 11 13 09 48 00 000   -4.23    11.29     0.74  -854.40      7.30    -53.40    0.88     30574.0
 2025 11 13 09 49 00 000   -4.23    11.27     0.83  -850.20     30.50    -56.80    0.91     28990.0
 2025 11 13 09 50 00 000   -4.44    11.12     1.35  -850.30     30.70    -56.30    0.90     28231.0
 2025 11 13 09 51 00 000   -4.58    11.02     1.42  -850.40     30.90    -55.50    0.89     27089.0
 2025 11 13 09 52 00 000   -4.41    11.20     1.52  -850.00     32.30    -55.70    0.89     28549.0
 2025 11 13 09 53 00 000   -4.34    11.17     1.63  -850.00     32.30    -55.70    0.89     28568.0
 2025 11 13 09 54 00 000   -4.17    11.15     1.71  -850.00     32.30    -55.70    0.89     28568.0
 2025 11 13 09 55 00 000   -4.13    11.17     1.89  -838.30     35.60    -17.90    0.79     29309.0
 2025 11 13 09 56 00 000   -4.25    11.08     1.95  -838.30     35.50    -17.70    0.79     29333.0
 2025 11 13 09 57 00 000   -4.11    11.19     1.29  -842.20     27.30      0.30    0.57     31313.0
 2025 11 13 09 58 00 000   -4.17    11.20     1.35  -842.20     27.30      0.30    0.57     31313.0
 2025 11 13 09 59 00 000   -4.19    11.17     1.25  -837.80     31.00    -16.20    0.77     31368.0
 2025 11 13 10 00 00 000   -4.19    11.16     1.41  -837.80     31.00    -16.20    0.77     31368.0
 2025 11 13 10 01 00 000   -4.12    11.15     1.39  -837.80     31.00    -16.20    0.77     31368.0
 2025 11 13 10 02 00 000   -4.12    11.20     1.42  -838.60     31.80    -11.80    0.79     32116.0
 2025 11 13 10 03 00 000   -3.95    11.13     1.56  -838.60     31.80    -11.80    0.79     32116.0
 2025 11 13 10 04 00 000   -4.04    11.14     1.57  -838.60     31.80    -11.80    0.79     32116.0
 2025 11 13 10 05 00 000   -4.22    11.15     1.48  -838.30     29.00    -13.00    0.80     29309.0
 2025 11 13 10 06 00 000   -4.12    11.15     1.47  -838.30     29.00    -13.00    0.80     29309.0
 2025 11 13 10 07 00 000   -4.05    11.18     1.60  -838.30     29.00    -13.00    0.80     29309.0
 2025 11 13 10 08 00 000   -4.01    11.14     1.72  -838.30     29.00    -13.00    0.80     29309.0
 2025 11 13 10 09 00 000   -4.02    11.22     1.70  -838.60     33.50    -14.60    1.03     27655.0
 2025 11 13 10 10 00 000   -4.07    11.12     1.69  -838.60     33.50    -14.60    1.03     27655.0
 2025 11 13 10 11 00 000   -4.04    11.08     1.72  -838.60     33.50    -14.60    1.03     27655.0
 2025 11 13 10 12 00 000   -4.07    11.10     1.72  -838.60     33.50    -14.60    1.03     27655.0
 2025 11 13 10 13 00 000   -4.14    11.08     1.57  -838.60     33.50    -14.60    1.03     27655.0
 2025 11 13 10 14 00 000   -4.21    11.14     1.58  -844.50     33.60    -18.70    0.58     35256.0
 2025 11 13 10 15 00 000   -4.34    11.06     1.50  -844.50     33.60    -18.70    0.58     35256.0
 2025 11 13 10 16 00 000   -4.43    11.01     1.35  -844.50     33.60    -18.70    0.58     35256.0
 2025 11 13 10 17 00 000   -4.28    11.07     1.48  -844.50     33.60    -18.70    0.58     35256.0
 2025 11 13 10 18 00 000   -4.12    11.07     1.59  -838.80     31.80    -14.20    0.80     29016.0
 2025 11 13 10 19 00 000   -3.94    11.15     1.76  -838.80     31.80    -14.20    0.80     29016.0
 2025 11 13 10 20 00 000   -3.71    11.23     1.87  -838.80     31.80    -14.20    0.80     29016.0
 2025 11 13 10 21 00 000   -3.71    11.23     1.87  -838.80     31.80    -14.20    0.80     29016.0
 2025 11 13 10 22 00 000   -4.19    11.10     1.60  -838.80     31.80    -14.20    0.80     29016.0
 2025 11 13 10 23 00 000   -4.21    11.13     1.55  -838.80     31.80    -14.20    0.80     29016.0
 2025 11 13 10 25 00 000   -4.21    11.04     1.62  -838.80     31.80    -14.20    0.80     29016.0
 2025 11 13 10 26 00 000   -4.06    11.08     1.69  -842.20     68.60    -32.60    0.96     31644.0
 2025 11 13 10 27 00 000   -4.14    11.07     1.67  -842.20     68.60    -32.60    0.96     31644.0
 2025 11 13 10 28 00 000   -3.98    11.08     1.72  -842.20     68.60    -32.60    0.96     31644.0
 2025 11 13 10 29 00 000   -3.68    11.12     1.93  -841.60     35.90      1.30    0.82     28620.0
 2025 11 13 10 30 00 000   -3.64    11.15     1.95  -842.00     33.70      2.60    0.76     28983.0
 2025 11 13 10 31 00 000   -3.58    11.18     1.92  -842.70     30.00      4.70    0.65     29605.0
 2025 11 13 10 32 00 000   -3.72    11.13     1.82  -842.70     30.00      4.70    0.65     29605.0
 2025 11 13 10 33 00 000   -3.94    11.09     1.65  -838.10     14.20    -10.30    0.88     27474.0
 2025 11 13 10 34 00 000   -3.94    11.06     1.85  -838.10     14.20    -10.30    0.88     27474.0
 2025 11 13 10 35 00 000   -3.75    11.11     1.79  -838.10     14.20    -10.30    0.88     27474.0
 2025 11 13 10 37 00 000   -3.32    11.20     2.11  -838.10     14.20    -10.30    0.88     27474.0
 2025 11 13 10 38 00 000   -3.25    11.24     2.10  -833.40      9.60    -27.30    0.68     30683.0
 2025 11 13 10 39 00 000   -3.53    11.16     1.85  -833.40      9.60    -27.30    0.68     30683.0
 2025 11 13 10 40 00 000   -4.12    10.91     1.70  -837.60     23.00    -12.70    0.72     30469.0
 2025 11 13 10 41 00 000   -3.93    10.95     1.74  -840.30     31.40     -3.10    0.68     30753.0
 2025 11 13 10 42 00 000   -3.83    10.99     1.83  -839.00     32.50     -7.40    0.74     28683.0
 2025 11 13 10 43 00 000   -3.72    10.98     1.97  -837.80     30.40    -14.50    0.92     27572.0
 2025 11 13 10 44 00 000   -3.80    10.99     1.84  -833.70     16.90    -28.50    0.90     25818.0
 2025 11 13 10 45 00 000   -3.47    11.08     1.86  -837.90     24.30    -15.20    0.74     28200.0
 2025 11 13 10 46 00 000   -3.64    11.01     2.01  -843.70     50.50      1.90    0.72     30674.0
 2025 11 13 10 47 00 000   -3.47    11.04     2.03  -843.80     51.60      2.10    0.73     30683.0
 2025 11 13 10 48 00 000   -2.91    10.99     2.54  -841.10     29.90     -1.60    0.40     35373.0
 2025 11 13 10 49 00 000   -3.30    10.95     2.25  -841.10     29.90     -1.60    0.40     35373.0
 2025 11 13 10 50 00 000   -3.25    10.99     2.18  -845.60     41.10    -38.50    0.63     34967.0
 2025 11 13 10 51 00 000   -3.01    11.00     2.29  -848.20     39.00    -43.60    0.61     33933.0
 2025 11 13 10 52 00 000   -2.28    10.87     3.08  -850.60     31.80    -58.50    0.55     32088.0
 2025 11 13 10 53 00 000   -2.75    10.89     2.59  -849.80     29.30    -56.00    0.48     32129.0
 2025 11 13 10 54 00 000   -2.79    10.84     2.78  -843.60     62.10    -39.40    0.52     31812.0
 2025 11 13 10 55 00 000   -2.50    10.87     2.89  -842.00     64.40    -35.20    0.52     32293.0
 2025 11 13 10 56 00 000   -2.39    10.82     3.03  -838.10     47.60    -25.20    0.42     35597.0
 2025 11 13 10 57 00 000   -2.16    10.89     2.97  -837.70     28.10    -17.50    0.47     32768.0
 2025 11 13 10 58 00 000   -2.48    10.94     2.51  -839.80     29.90    -20.30    0.43     34960.0
 2025 11 13 10 59 00 000   -2.59    10.96     2.22  -846.20     35.90    -28.90    0.31     41720.0
 2025 11 13 11 00 00 000   -2.33    10.90     2.56  -839.60     48.90    -27.70    0.45     40432.0
 2025 11 13 11 01 00 000   -1.45    10.55     4.16  -838.70     49.10    -26.90    0.46     40128.0
 2025 11 13 11 02 00 000   -1.65    10.89     3.28  -833.10     16.00     -6.10    0.34     35022.0
 2025 11 13 11 03 00 000   -1.71    10.88     3.17  -832.30     12.80    -18.20    0.38     33691.0
 2025 11 13 11 04 00 000   -1.76    10.92     2.91  -831.10      7.90    -39.00    0.46     31476.0
 2025 11 13 11 05 00 000   -1.95    10.87     2.97  -836.20     28.10    -18.50    0.35     35217.0
 2025 11 13 11 06 00 000   -2.00    10.82     3.08  -852.70     27.20    -41.60    0.41     33799.0
 2025 11 13 11 07 00 000   -2.04    10.90     2.80  -848.60     28.10    -36.20    0.42     34127.0
 2025 11 13 11 08 00 000   -1.86    10.82     3.13  -837.70     30.10    -21.50    0.42     35052.0
 2025 11 13 11 09 00 000   -1.85    10.82     3.16  -840.80     31.30     -6.30    0.33     37622.0
 2025 11 13 11 10 00 000   -1.68    10.81     3.20  -840.90     31.30     -5.90    0.33     37692.0
 2025 11 13 11 11 00 000   -1.64    10.89     3.03  -836.70     32.70    -11.30    0.36     37812.0
 2025 11 13 11 12 00 000   -1.91    10.75     3.30  -842.60     29.00    -18.20    0.32     39304.0
 2025 11 13 11 13 00 000   -1.78    10.80     3.31  -855.20     20.80    -32.70    0.27     42127.0
 2025 11 13 11 14 00 000   -1.84    10.78     3.17  -857.90     11.60    -31.60    0.42     34090.0
 2025 11 13 11 15 00 000   -1.37    10.83     3.13  -857.90     11.50    -31.60    0.42     33982.0
 2025 11 13 11 16 00 000   -1.64    10.82     3.08  -850.10     25.70    -53.80    0.38     37390.0
 2025 11 13 11 17 00 000   -1.28    10.81     3.21  -850.10     25.70    -53.80    0.38     37389.0
 2025 11 13 11 18 00 000   -1.19    10.76     3.39  -837.10     28.00     -9.10    0.42     35732.0
 2025 11 13 11 19 00 000   -0.85    10.91     3.11  -837.10     28.20     -9.90    0.42     35782.0
 2025 11 13 11 20 00 000   -1.20    10.89     3.03  -839.40     23.20    -19.90    0.39     35745.0
 2025 11 13 11 21 00 000   -1.84    10.72     3.11  -846.60     -6.90    -31.60    0.38     33502.0
 2025 11 13 11 22 00 000   -1.90    10.75     3.25  -848.70     -6.10    -32.90    0.37     34641.0
 2025 11 13 11 23 00 000   -1.43    10.78     3.10  -848.70     -5.90    -32.90    0.37     34703.0
 2025 11 13 11 24 00 000   -0.92    10.84     3.13  -848.20     -6.40    -32.30    0.40     33042.0
 2025 11 13 11 25 00 000   -0.80    10.94     3.13  -848.20     -6.40    -32.30    0.40     33042.0
 2025 11 13 11 26 00 000   -0.94    10.86     3.19  -848.20     -6.40    -32.30    0.40     33042.0
 2025 11 13 11 27 00 000   -0.78    10.79     3.30  -832.00      7.60    -31.70    0.48     31671.0
 2025 11 13 11 28 00 000   -0.86    10.85     3.16  -831.30      6.90    -31.20    0.48     31596.0
 2025 11 13 11 29 00 000   -1.07    10.80     3.07  -821.80     -2.50    -24.10    0.43     30519.0
 2025 11 13 11 30 00 000   -0.98    10.78     3.21  -821.80     -2.50    -24.10    0.43     30519.0
 2025 11 13 11 31 00 000   -1.02    10.78     3.30  -821.80     -2.50    -24.10    0.43     30519.0
 2025 11 13 11 32 00 000   -0.92    10.74     3.31  -821.80     -2.50    -24.10    0.43     30519.0
 2025 11 13 11 33 00 000   -0.97    10.81     3.07  -829.30     21.00    -40.10    0.49     28778.0
 2025 11 13 11 34 00 000   -0.88    10.86     3.02  -824.50     21.80    -30.30    0.47     29088.0
 2025 11 13 11 35 00 000   -1.01    10.83     2.99  -816.00     28.60    -20.20    0.42     30121.0
 2025 11 13 11 36 00 000   -0.96    10.79     3.10  -819.10     29.40    -39.80    0.43     31547.0
 2025 11 13 11 37 00 000   -1.15    10.84     2.90  -827.30      6.90    -45.20    0.38     33432.0
 2025 11 13 11 38 00 000   -1.13    10.83     2.84  -827.30      6.90    -45.20    0.38     33432.0
 2025 11 13 11 39 00 000   -1.04    10.83     2.84  -826.20     32.10    -55.10    0.37     33527.0
 2025 11 13 11 40 00 000   -1.08    10.81     2.98  -842.50     19.30    -50.10    0.38     35282.0
 2025 11 13 11 41 00 000   -1.58    10.76     2.57  -854.30     10.10    -46.50    0.40     36553.0
 2025 11 13 11 42 00 000   -1.41    10.87     2.37  -854.30     10.10    -46.50    0.40     36553.0
 2025 11 13 11 43 00 000   -1.45    10.91     2.04  -854.30     10.10    -46.50    0.40     36553.0
 2025 11 13 11 44 00 000   -1.29    10.96     2.00  -878.30     14.80    -57.70    0.37     40053.0
 2025 11 13 11 45 00 000   -1.25    10.83     2.52  -878.30     14.80    -57.70    0.37     40053.0
 2025 11 13 11 46 00 000   -1.02    10.85     2.52  -878.30     14.80    -57.70    0.37     40053.0
 2025 11 13 11 47 00 000   -0.67    10.84     2.74  -878.30     14.80    -57.70    0.37     40053.0
 2025 11 13 11 48 00 000   -0.82    10.89     2.58  -878.30     14.80    -57.70    0.37     40053.0
 2025 11 13 11 49 00 000   -0.62    10.86     2.52  -878.30     14.80    -57.70    0.37     40053.0
 2025 11 13 11 50 00 000   -0.39    10.92     2.46  -878.30     14.80    -57.70    0.37     40053.0
 2025 11 13 11 51 00 000   -0.42    10.90     2.40  -877.50     31.40    -62.20    0.36     38971.0
 2025 11 13 11 52 00 000   -0.53    10.89     2.54  -877.50     31.40    -62.20    0.36     38971.0
 2025 11 13 11 53 00 000   -0.52    10.84     2.66  -877.50     31.40    -62.20    0.36     38971.0
 2025 11 13 11 54 00 000   -0.53    10.80     2.72  -877.30     33.20    -62.40    0.47     37782.0
 2025 11 13 11 55 00 000   -1.18    10.74     2.75  -877.30     33.20    -62.40    0.47     37782.0
 2025 11 13 11 56 00 000   -1.47    10.74     2.73  -877.30     33.20    -62.40    0.47     37782.0
 2025 11 13 11 57 00 000   -1.99    10.61     2.68  -877.30     33.20    -62.40    0.47     37782.0
 2025 11 13 11 58 00 000   -1.88    10.64     2.65  -877.50     35.20    -68.40    0.44     38603.0
 2025 11 13 11 59 00 000    0.96    10.44     3.20  -861.00     31.80    -45.90    0.51     34800.0
 2025 11 13 12 00 00 000    0.80    10.43     3.24  -834.40     27.20    -24.80    0.63     29374.0
 2025 11 13 12 01 00 000    0.80    10.38     3.39  -838.60     23.80    -11.60    0.50     36033.0
 2025 11 13 12 02 00 000    0.81    10.41     3.44  -829.00     37.90    -40.80    0.55     31182.0
 2025 11 13 12 03 00 000    0.76    10.43     3.37  -844.20     45.80    -53.90    0.55     31363.0
 2025 11 13 12 04 00 000    0.68    10.40     3.50  -846.00     37.80    -45.00    0.52     33136.0
 2025 11 13 12 05 00 000    0.79    10.47     3.26  -824.50     12.90    -26.30    0.43     31003.0
 2025 11 13 12 06 00 000    0.95    10.42     3.40  -836.30     13.40    -27.50    0.39     31579.0
 2025 11 13 12 07 00 000    0.94    10.31     3.51  -851.90     33.70    -41.30    0.37     34580.0
 2025 11 13 12 08 00 000    0.55    10.45     3.09  -840.10     30.60    -26.70    0.36     36830.0
 2025 11 13 12 09 00 000    0.80    10.47     3.16  -838.70     32.20    -16.30    0.37     34339.0
 2025 11 13 12 10 00 000    0.68    10.44     3.32  -838.40     31.70    -17.30    0.41     33402.0
 2025 11 13 12 11 00 000    0.95    10.41     3.32  -836.90     30.70    -15.00    0.36     34547.0
 2025 11 13 12 12 00 000    0.59    10.42     3.30  -825.60      5.40    -31.90    0.33     36609.0
 2025 11 13 12 13 00 000    0.62    10.44     3.23  -839.80     13.90    -30.50    0.38     36654.0
 2025 11 13 12 14 00 000    0.38    10.41     3.31  -859.20     16.50    -30.90    0.42     35708.0
 2025 11 13 12 15 00 000    0.31    10.46     3.18  -854.20     21.40    -39.10    0.47     34319.0
 2025 11 13 12 16 00 000   -0.56    10.61     2.86  -878.60     28.80    -53.60    0.45     38495.0
 2025 11 13 12 17 00 000   -0.43    10.59     2.87  -885.10     71.70    -91.20    0.38     39835.0
 2025 11 13 12 18 00 000   -0.01    10.47     3.21  -872.80     61.10    -82.50    0.39     38045.0
 2025 11 13 12 19 00 000    0.02    10.58     3.03  -860.60     48.60    -47.60    0.45     34416.0
 2025 11 13 12 20 00 000   -0.40    10.45     3.15  -869.50     48.20    -39.20    0.46     36060.0
 2025 11 13 12 21 00 000   -0.40    10.48     3.15  -844.60     13.10    -44.40    0.39     39897.0
 2025 11 13 12 22 00 000   -0.25    10.43     3.20  -868.10     30.10    -58.60    0.32     46595.0
 2025 11 13 12 23 00 000   -0.06    10.47     3.24  -880.20     52.80    -71.60    0.51     34616.0
 2025 11 13 12 24 00 000   -0.16    10.49     3.17  -866.90     39.90    -59.20    0.47     33453.0
 2025 11 13 12 25 00 000    0.18    10.34     3.47  -840.10     11.10    -40.80    0.40     32280.0
 2025 11 13 12 26 00 000    0.25    10.34     3.44  -840.10     11.10    -40.80    0.40     32280.0
 2025 11 13 12 27 00 000    0.20    10.32     3.51  -840.10     11.10    -40.80    0.40     32280.0
 2025 11 13 12 28 00 000    0.21    10.35     3.43  -821.70     -6.80    -33.10    0.43     31423.0
 2025 11 13 12 29 00 000    0.34    10.33     3.47  -821.70     -6.80    -33.10    0.43     31423.0
 2025 11 13 12 30 00 000    0.60    10.39     3.23  -821.70     -6.80    -33.10    0.43     31423.0
 2025 11 13 12 31 00 000    0.61    10.31     3.47  -818.90     14.40    -20.10    0.40     31506.0
 2025 11 13 12 32 00 000    0.39    10.31     3.47  -818.90     14.40    -20.10    0.40     31506.0
 2025 11 13 12 33 00 000    0.34    10.32     3.52  -818.90     14.40    -20.10    0.40     31506.0
 2025 11 13 12 34 00 000    0.33    10.34     3.44  -830.60     46.00    -27.90    0.40     30492.0
 2025 11 13 12 35 00 000    0.33    10.29     3.52  -830.60     46.00    -27.90    0.40     30492.0
 2025 11 13 12 36 00 000    0.10    10.29     3.55  -830.60     46.00    -27.90    0.40     30492.0
 2025 11 13 12 37 00 000    0.59    10.31     3.42  -822.80     50.00    -51.60    0.36     31755.0
 2025 11 13 12 38 00 000    0.61    10.31     3.50  -822.80     50.00    -51.60    0.36     31755.0
 2025 11 13 12 39 00 000    1.02    10.28     3.44  -822.80     50.00    -51.60    0.36     31755.0
 2025 11 13 12 40 00 000    1.34    10.22     3.45  -822.80     50.00    -51.60    0.36     31755.0
 2025 11 13 12 41 00 000    1.40    10.23     3.46  -822.80     50.00    -51.60    0.36     31755.0
 2025 11 13 12 42 00 000    1.26    10.26     3.44  -822.80     50.00    -51.60    0.36     31755.0
 2025 11 13 12 43 00 000    1.05    10.23     3.54  -822.80     50.00    -51.60    0.36     31755.0
 2025 11 13 12 44 00 000    0.95    10.24     3.58  -830.50     33.90    -39.30    0.50     27758.0
 2025 11 13 12 45 00 000    0.86    10.25     3.57  -830.50     33.90    -39.30    0.50     27758.0
 2025 11 13 12 46 00 000    0.88    10.25     3.60  -830.50     33.90    -39.30    0.50     27758.0
 2025 11 13 12 47 00 000    0.77    10.27     3.46  -830.50     33.90    -39.30    0.50     27758.0
 2025 11 13 12 48 00 000    0.83    10.26     3.51  -821.60     -7.10    -27.60    0.47     28515.0
 2025 11 13 12 49 00 000    0.98    10.27     3.44  -821.60     -7.10    -27.60    0.47     28515.0
 2025 11 13 12 50 00 000    0.87    10.24     3.53  -821.60     -7.10    -27.60    0.47     28515.0
 2025 11 13 12 51 00 000    0.85    10.25     3.49  -820.30      0.90    -29.70    0.47     33156.0
 2025 11 13 12 52 00 000    0.86    10.26     3.47  -820.30      0.90    -29.70    0.47     33156.0
 2025 11 13 12 53 00 000    0.75    10.24     3.56  -820.30      0.90    -29.70    0.47     33156.0
 2025 11 13 12 54 00 000    0.85    10.20     3.62  -812.60     27.20    -10.80    0.40     31120.0
 2025 11 13 12 55 00 000    1.10    10.17     3.70  -812.60     27.20    -10.80    0.40     31120.0
 2025 11 13 12 56 00 000    0.89    10.18     3.60  -812.60     27.20    -10.80    0.40     31120.0
 2025 11 13 12 57 00 000    0.97    10.17     3.61  -812.00     35.30    -12.10    0.45     32339.0
 2025 11 13 12 58 00 000    1.22    10.03     3.97  -812.00     35.30    -12.10    0.45     32339.0
 2025 11 13 12 59 00 000    0.83    10.17     3.78  -812.00     35.30    -12.10    0.45     32339.0
 2025 11 13 13 00 00 000    0.55    10.15     3.77  -815.50     24.30     -1.00    0.42     32676.0
 2025 11 13 13 01 00 000    0.59    10.08     4.00  -815.50     24.30     -1.00    0.42     32676.0
 2025 11 13 13 02 00 000    0.39    10.12     4.03  -815.50     24.30     -1.00    0.42     32676.0
 2025 11 13 13 03 00 000    0.27    10.11     4.05  -813.00     25.90    -14.40    0.49     30901.0
 2025 11 13 13 04 00 000    0.36    10.07     3.97  -813.00     25.90    -14.40    0.49     30901.0
 2025 11 13 13 05 00 000    0.72    10.03     4.20  -813.00     25.90    -14.40    0.49     30901.0
 2025 11 13 13 06 00 000    0.65     9.99     4.19  -812.20     22.60     -8.10    0.55     30411.0
 2025 11 13 13 07 00 000    0.35    10.11     3.95  -812.20     22.60     -8.10    0.55     30411.0
 2025 11 13 13 08 00 000    0.43    10.14     3.83  -811.40     30.30     -8.10    0.51     26604.0
 2025 11 13 13 09 00 000    1.00    10.11     3.90  -811.40     30.30     -8.10    0.51     26604.0
 2025 11 13 13 10 00 000    1.11    10.07     3.94  -811.40     30.30     -8.10    0.51     26604.0
 2025 11 13 13 11 00 000    0.48    10.22     3.66  -811.40     30.30     -8.10    0.51     26604.0
 2025 11 13 13 12 00 000    0.48    10.30     3.45  -800.00     21.90    -39.50    0.49     39587.0
 2025 11 13 13 13 00 000    1.10    10.07     3.94  -800.00     21.90    -39.50    0.49     39587.0
 2025 11 13 13 14 00 000    1.03     9.98     4.18  -800.80     -7.40    -23.20    0.55     26326.0
 2025 11 13 13 15 00 000    0.94    10.10     3.95  -800.80     -7.40    -23.20    0.55     26326.0
 2025 11 13 13 16 00 000    1.28     9.99     4.05  -805.10     13.00    -22.70    0.54     27233.0
 2025 11 13 13 17 00 000    1.37    10.05     3.96  -808.40     28.40    -22.40    0.53     27914.0
 2025 11 13 13 18 00 000    1.37    10.05     3.97  -808.40     28.40    -22.40    0.53     27914.0
 2025 11 13 13 19 00 000    1.31    10.07     3.89  -808.40     28.40    -22.40    0.53     27914.0
 2025 11 13 13 20 00 000    1.14    10.13     3.86  -808.40     28.40    -22.40    0.53     27914.0
 2025 11 13 13 21 00 000    0.82    10.06     4.06  -808.40     28.40    -22.40    0.53     27914.0
 2025 11 13 13 22 00 000    1.00    10.08     3.93  -798.60     -7.30    -21.90    0.48     25351.0
 2025 11 13 13 23 00 000    1.32    10.11     3.86  -798.60     -7.30    -21.90    0.48     25351.0
 2025 11 13 13 24 00 000    1.35    10.05     3.98  -792.90     21.40      0.50    0.56     24564.0
 2025 11 13 13 25 00 000    1.23    10.04     3.94  -792.90     21.40      0.50    0.56     24564.0
 2025 11 13 13 26 00 000    1.01    10.07     3.93  -792.90     21.40      0.50    0.56     24564.0
 2025 11 13 13 27 00 000    1.09    10.09     3.84  -792.90     21.40      0.50    0.56     24564.0
 2025 11 13 13 28 00 000    1.24    10.07     3.81  -792.90     21.40      0.50    0.56     24564.0
 2025 11 13 13 29 00 000    1.43    10.12     3.68  -799.30    -12.80    -33.00    0.50     25301.0
 2025 11 13 13 30 00 000    1.63    10.10     3.69  -799.30    -12.80    -33.00    0.50     25301.0
 2025 11 13 13 31 00 000    1.62    10.11     3.66  -799.30    -12.80    -33.00    0.50     25301.0
 2025 11 13 13 32 00 000    1.51    10.02     3.86  -789.10     28.20    -12.70    0.49     26452.0
 2025 11 13 13 33 00 000    1.46    10.02     3.93  -789.10     28.20    -12.70    0.49     26452.0
 2025 11 13 13 34 00 000    1.46    10.07     3.84  -788.20     22.70    -10.10    0.48     24370.0
 2025 11 13 13 35 00 000    1.54    10.03     3.82  -788.20     22.70    -10.10    0.48     24370.0
 2025 11 13 13 36 00 000    1.69     9.99     3.88  -788.20     22.70    -10.10    0.48     24370.0
 2025 11 13 13 37 00 000    1.58    10.00     3.89  -793.30     24.10     -6.70    0.34     31921.0
 2025 11 13 13 38 00 000    1.70     9.94     3.94  -793.30     24.10     -6.70    0.34     31921.0
 2025 11 13 13 39 00 000    1.44     9.98     3.95  -809.20      6.30    -25.60    0.57     30547.0
 2025 11 13 13 40 00 000    1.20    10.06     3.86  -809.20      6.30    -25.60    0.57     30547.0
 2025 11 13 13 41 00 000    1.26    10.09     3.83  -809.20      6.30    -25.60    0.57     30547.0
 2025 11 13 13 42 00 000    1.25    10.05     3.82  -787.90     27.60    -12.20    0.47     29656.0
 2025 11 13 13 43 00 000    1.34    10.00     3.95  -787.90     27.60    -12.20    0.47     29656.0
 2025 11 13 13 44 00 000    1.43    10.00     3.95  -788.70     27.50     -8.10    0.43     24931.0
 2025 11 13 13 45 00 000    1.43    10.02     3.95  -788.70     27.50     -8.10    0.43     24931.0
 2025 11 13 13 46 00 000    1.42     9.97     4.02  -789.40     22.70     -5.30    0.47     25899.0
 2025 11 13 13 47 00 000    2.03     7.56     5.15  -789.40     22.70     -5.20    0.47     25888.0
 2025 11 13 13 48 00 000    1.20     9.87     4.29  -792.00     23.40      7.40    0.49     24981.0
 2025 11 13 13 49 00 000    2.72     3.04     7.37  -792.00     23.40      7.40    0.49     24981.0
 2025 11 13 13 50 00 000    3.01     2.16     7.64  -762.50     23.30     -6.80   27.52     17662.0
 2025 11 13 13 51 00 000    1.75     7.91     5.09  -768.80     24.10     -9.00   21.07     20065.0
 2025 11 13 13 52 00 000    2.93     2.81     7.30  -787.40     29.50    -12.00    0.66     27739.0
 2025 11 13 13 53 00 000    2.87     4.32     6.71  -787.40     29.50    -12.00    0.66     27739.0
 2025 11 13 13 54 00 000    2.48     5.33     6.24  -781.20      7.60    -34.60    0.50     23910.0
 2025 11 13 13 55 00 000    2.35     6.00     5.97  -770.00     16.10    -19.10   17.04     19843.0
 2025 11 13 13 56 00 000    2.02     8.35     4.57  -773.90     22.70    -11.20   15.72     22494.0
 2025 11 13 13 57 00 000    2.25     6.79     5.29  -779.10     11.90     -0.70    0.81     28544.0
 2025 11 13 13 58 00 000    1.98     8.60     4.55  -777.90     28.20    -26.60    0.49     22761.0
 2025 11 13 13 59 00 000    2.98     6.46     4.95  -779.40     39.50    -38.80    0.52     22936.0
 2025 11 13 14 00 00 000    3.96     6.57     4.42  -786.10      8.30    -19.70    0.43     26833.0
 2025 11 13 14 01 00 000    3.60     6.31     4.47  -786.10      8.30    -19.70    0.43     26833.0
 2025 11 13 14 02 00 000    3.03     5.04     4.88  -772.10     -3.80    -20.40   36.78     18317.0
 2025 11 13 14 03 00 000    1.05     7.65     3.99  -771.10      9.60    -20.90   27.93     19348.0
 2025 11 13 14 04 00 000    0.62     7.52     3.80  -767.10     39.30    -17.50    3.63     22626.0
 2025 11 13 14 05 00 000    1.46     7.21     3.74  -764.50     29.70     -9.40    1.44     23501.0
 2025 11 13 14 06 00 000    2.89     4.87     4.52  -765.60     22.40     -8.30    1.42     22770.0
 2025 11 13 14 07 00 000    1.23     7.82     3.03  -768.40      4.70    -15.80   20.18     20691.0
 2025 11 13 14 08 00 000    1.19     7.74     3.26  -767.20      6.30    -16.70   14.53     21143.0
 2025 11 13 14 09 00 000    1.75     6.35     4.10  -764.90     18.40    -10.20    9.90     18703.0
 2025 11 13 14 10 00 000    3.59     3.35     5.76  -764.90     21.70     -6.30    4.37     17570.0
 2025 11 13 14 11 00 000    2.08     5.65     4.24  -762.90      7.50    -17.00    5.54     29020.0
 2025 11 13 14 12 00 000    4.18     3.38     5.98  -760.70      9.50     -4.60   14.96     37112.0
 2025 11 13 14 13 00 000    5.69     0.68     6.97  -767.30     -7.70    -20.60   23.74     22779.0
 2025 11 13 14 14 00 000    6.16    -0.84     6.48  -764.50     10.60     -3.80   19.62     31607.0
 2025 11 13 14 15 00 000    5.86    -0.49     7.67  -765.90     20.50      2.40   20.14     35644.0
 2025 11 13 14 16 00 000    5.71    -1.14     8.15  -765.50     12.50    -10.60   22.26     20568.0
 2025 11 13 14 17 00 000    5.95    -1.41     8.08  -769.00     -7.40    -23.60   21.51     17155.0
 2025 11 13 14 18 00 000    4.73    -4.90     7.66  -763.20     13.40     -7.00   18.07     19309.0
 2025 11 13 14 19 00 000    3.30    -1.33     9.13  -763.20     13.40     -7.00   18.07     19309.0
 2025 11 13 14 20 00 000    3.30    -1.34     9.13  -763.20     13.40     -7.00   18.07     19309.0
 2025 11 13 14 22 00 000    3.39    -1.11     9.11  -763.20     13.40     -7.00   18.07     19309.0
 2025 11 13 14 24 00 000    3.52    -1.45     8.99  -763.20     13.40     -7.00   18.07     19309.0
 2025 11 13 14 25 00 000    3.52    -1.46     8.99  -763.20     13.40     -7.00   18.07     19309.0
 2025 11 13 14 26 00 000    3.46    -1.04     9.08  -762.70     20.10     -9.00   23.36     17279.0
 2025 11 13 14 27 00 000    3.46    -1.05     9.08  -762.70     20.10     -9.00   23.36     17279.0
 2025 11 13 14 28 00 000    3.50    -1.41     8.95  -762.70     20.10     -9.00   23.36     17279.0
 2025 11 13 14 30 00 000    3.65    -1.39     8.95  -762.70     20.10     -9.00   23.36     17279.0
 2025 11 13 14 31 00 000    3.65    -1.53     8.92  -762.70     20.10     -9.00   23.36     17279.0
 2025 11 13 14 32 00 000    3.65    -1.54     8.92  -762.70     20.10     -9.00   23.36     17279.0
 2025 11 13 14 33 00 000    3.56    -1.26     8.96  -762.70     20.10     -9.00   23.36     17279.0
 2025 11 13 14 34 00 000    3.46    -0.87     8.95  -763.30     22.60    -11.20   24.68     16873.0
 2025 11 13 14 35 00 000    3.69    -0.66     8.89  -763.30     22.60    -11.20   24.68     16873.0
 2025 11 13 14 36 00 000    3.87    -0.26     8.77  -763.30     22.60    -11.20   24.68     16873.0
 2025 11 13 14 37 00 000    3.66    -0.49     8.85  -763.30     22.60    -11.20   24.68     16873.0
 2025 11 13 14 38 00 000    3.60    -0.88     8.81  -763.30     22.60    -11.20   24.68     16873.0
 2025 11 13 14 39 00 000    3.06    -2.04     8.74  -763.30     18.40    -11.60   24.27     16611.0
 2025 11 13 14 40 00 000    2.78    -2.04     8.68  -763.30     18.60    -11.50   24.00     16589.0
 2025 11 13 14 41 00 000    3.07    -1.21     8.31  -763.10     22.20    -11.10   21.44     16818.0
 2025 11 13 14 42 00 000    3.65     0.62     8.03  -763.40     23.10    -11.90   22.02     17656.0
 2025 11 13 14 44 00 000    3.93     1.65     7.74  -763.10     22.40    -11.80   21.55     17567.0
 2025 11 13 14 45 00 000    3.78     1.55     7.85  -766.10     24.40    -14.20   19.47     19342.0
 2025 11 13 14 46 00 000    3.81     0.39     8.19  -766.00     24.40    -14.10   19.37     19279.0
 2025 11 13 14 47 00 000    3.80    -0.18     8.22  -762.80     24.00     -8.90   15.72     17096.0
 2025 11 13 14 49 00 000    3.79     0.41     8.20  -762.80     24.00     -8.90   15.72     17096.0
 2025 11 13 14 50 00 000    3.73     0.47     8.23  -762.60     23.10     -9.50   15.49     16691.0
 2025 11 13 14 51 00 000    3.71     1.20     8.18  -762.60     23.10     -9.50   15.49     16691.0
 2025 11 13 14 52 00 000    3.85     0.52     8.23  -762.60     23.10     -9.50   15.49     16691.0
 2025 11 13 14 53 00 000    3.77     0.23     8.33  -762.40     24.10     -8.90   13.93     16431.0
 2025 11 13 14 54 00 000    4.12    -0.27     8.08  -762.40     24.10     -8.90   13.93     16431.0
 2025 11 13 14 55 00 000    3.75    -0.19     8.13  -756.90     16.40    -23.60   18.74     22226.0
 2025 11 13 14 56 00 000    3.73    -0.83     7.97  -757.70     18.20    -21.50   18.05     21099.0
 2025 11 13 14 57 00 000    3.72    -0.80     7.93  -761.10     25.50    -12.40   15.05     16491.0
 2025 11 13 14 58 00 000    3.80    -0.16     7.46  -761.40     21.70    -12.20   18.67     16871.0
 2025 11 13 14 59 00 000    3.99     0.58     7.25  -761.30     22.80    -11.80   18.59     16736.0
 2025 11 13 15 00 00 000    2.46     3.64     5.00  -761.20     23.40    -11.50   11.64     27592.0
 2025 11 13 15 01 00 000    1.81     4.04     2.68  -761.20     23.10    -11.50   10.01     30302.0
 2025 11 13 15 02 00 000    2.77     5.71     3.89  -761.20     23.10    -11.50   10.01     30302.0
 2025 11 13 15 03 00 000    4.10     3.66     5.36  -761.20     23.10    -11.50   10.01     30302.0
 2025 11 13 15 04 00 000    4.10     3.69     5.41  -761.20     23.10    -11.50   10.01     30302.0
 2025 11 13 15 05 00 000    3.83     4.86     4.58  -761.20     23.10    -11.50   10.01     30302.0
 2025 11 13 15 06 00 000    3.66     4.62     4.86  -761.40     28.70     -9.00   13.56     30140.0
 2025 11 13 15 07 00 000    4.07     3.80     5.49  -761.40     28.70     -9.00   13.56     30140.0
 2025 11 13 15 08 00 000    4.25     3.61     5.67  -761.40     28.70     -9.00   13.56     30140.0
 2025 11 13 15 09 00 000    4.34     3.39     6.05  -759.60     27.20     -5.40   15.46     29176.0
 2025 11 13 15 10 00 000    4.03     3.50     6.24  -759.60     27.20     -5.40   15.46     29176.0
 2025 11 13 15 11 00 000    3.51     3.39     6.45  -759.60     27.20     -5.40   15.46     29176.0
 2025 11 13 15 12 00 000    3.47     3.29     6.50  -759.60     27.20     -5.40   15.46     29176.0
 2025 11 13 15 13 00 000    3.85     2.94     6.95  -762.70     26.60     -6.70   10.78     20886.0
 2025 11 13 15 14 00 000    3.71     3.05     6.86  -762.70     26.60     -6.70   10.78     20886.0
 2025 11 13 15 15 00 000    3.69     2.83     7.00  -762.70     26.60     -6.70   10.78     20886.0
 2025 11 13 15 16 00 000    4.04     2.43     6.85  -759.20     26.80    -23.90   13.02     31313.0
 2025 11 13 15 17 00 000    3.70     2.57     6.84  -759.20     26.80    -23.90   13.02     31313.0
 2025 11 13 15 18 00 000    1.26     6.35     3.85  -759.20     26.80    -23.90   13.02     31313.0
 2025 11 13 15 19 00 000    1.42     7.42     2.88  -759.20     26.80    -23.90   13.02     31313.0
 2025 11 13 15 20 00 000    0.13     7.90     1.37  -774.20     51.30    -27.20    8.95     28020.0
 2025 11 13 15 21 00 000    0.97     7.32     2.82  -778.20     46.70    -20.70    8.87     33257.0
 2025 11 13 15 22 00 000    1.56     6.14     3.53  -770.90     48.50    -41.10   11.61     38695.0
 2025 11 13 15 23 00 000    2.09     6.86     4.85  -766.90     31.60    -26.80    8.27     27857.0
 2025 11 13 15 25 00 000    1.30     8.18     3.74  -758.40     44.10     -3.70    7.10     21021.0
 2025 11 13 15 26 00 000    1.29     8.11     3.93  -758.40     44.10     -3.70    7.10     21021.0
 2025 11 13 15 27 00 000    1.23     8.05     4.10  -756.50     48.40      2.90    5.28     20128.0
 2025 11 13 15 28 00 000    1.42     8.00     4.04  -756.50     48.40      2.90    5.28     20128.0
 2025 11 13 15 29 00 000    1.04     8.36     3.65  -758.70     39.00     -4.40    6.02     30601.0
 2025 11 13 15 30 00 000    1.45     8.64     1.85  -758.70     39.00     -4.40    6.03     30556.0
 2025 11 13 15 31 00 000    1.80     8.78     0.65  -757.50     37.70     -8.00    7.50     23649.0
 2025 11 13 15 32 00 000    1.46     8.66     0.34  -758.00     37.80     -9.10    7.35     23925.0
 2025 11 13 15 33 00 000    0.47     8.73    -0.66  -758.60     38.00    -10.30    7.15     24297.0
 2025 11 13 15 34 00 000    1.45     7.57    -0.21  -763.10     18.70    -21.20    6.91     24538.0
 2025 11 13 15 35 00 000    2.86    -4.60     3.40  -764.40     10.20    -28.70    6.61     65337.0
 2025 11 13 15 36 00 000    1.78    -5.74     3.10  -765.80      0.60    -37.10    6.26    112125.0
 2025 11 13 15 37 00 000    0.51    -6.57     1.87  -767.50     -2.00    -27.70    6.52    114155.0
 2025 11 13 15 38 00 000    0.25    -6.94     1.04  -767.30     -1.80    -27.40    6.50    113753.0
 2025 11 13 15 39 00 000   -0.33    -4.84    -0.24  -761.80      4.50    -22.60    5.94    102994.0
 2025 11 13 15 40 00 000   -0.31    -3.61    -0.08  -761.80      4.50    -22.60    5.94    102994.0
 2025 11 13 15 41 00 000   -0.51    -3.46     0.27  -763.20      6.20    -19.60   10.00    121751.0
 2025 11 13 15 42 00 000   -0.68    -3.70     0.72  -763.20      6.20    -19.60   10.00    121751.0
 2025 11 13 15 43 00 000    0.07    -3.27     2.12  -765.50      6.40    -26.10    9.29    139049.0
 2025 11 13 15 44 00 000    0.60    -3.29     2.61  -766.50      6.50    -28.80    8.99    146330.0
 2025 11 13 15 45 00 000    2.08    -0.78     3.56  -766.50      6.50    -28.80    8.99    146330.0
 2025 11 13 15 46 00 000    2.37    -0.04     3.55  -767.40     -4.20    -21.70    9.37     92919.0
 2025 11 13 15 47 00 000    3.14    -1.38     5.18  -767.40     -4.20    -21.70    9.37     92919.0
 2025 11 13 15 48 00 000    2.94    -1.11     4.85  -767.30      6.50    -27.60    7.14     99137.0
 2025 11 13 15 49 00 000    2.67    -0.22     4.84  -767.30      6.50    -27.60    7.14     99137.0
 2025 11 13 15 50 00 000    1.86     1.10     3.91  -767.30      6.50    -27.60    7.14     99137.0
 2025 11 13 15 51 00 000    2.74     1.22     5.01  -768.00     -1.00    -23.00    7.86    109793.0
 2025 11 13 15 52 00 000   -0.71     3.87    -1.32  -766.90     -0.30    -26.80    8.84    113124.0
 2025 11 13 15 53 00 000   -0.07     4.41    -0.13  -764.40      3.50    -31.50    9.12    116607.0
 2025 11 13 15 54 00 000    2.60     3.40     4.33  -765.30      5.30    -33.40    7.95    106658.0
 2025 11 13 15 55 00 000    1.79     3.86     3.09  -766.30     13.60    -32.00    5.72     90704.0
 2025 11 13 15 56 00 000    2.72     4.23     3.76  -765.40     12.70    -29.60    5.68     92987.0
 2025 11 13 15 57 00 000    3.73     4.65     4.12  -757.80     14.50    -24.60    5.03     77505.0
 2025 11 13 15 58 00 000    2.73     5.25     1.29  -758.60     14.70    -29.80    5.32     86612.0
 2025 11 13 15 59 00 000    2.25     5.25     1.37  -758.80     -3.00    -23.10    5.54    112316.0
 2025 11 13 16 00 00 000    3.86     4.87     1.79  -753.50     13.00    -30.50    4.05     76290.0
 2025 11 13 16 01 00 000    3.53     5.81     2.12  -751.90     22.30    -34.90    3.46     53149.0
 2025 11 13 16 02 00 000    3.35     5.37     3.30  -755.60     23.40    -12.00    3.92     46064.0
 2025 11 13 16 03 00 000    3.31     5.20     3.79  -755.50      6.00    -10.60    4.82     94154.0
 2025 11 13 16 04 00 000    4.15     4.83     4.19  -753.60      8.60    -13.10    4.60     75064.0
 2025 11 13 16 05 00 000    4.23     4.54     4.85  -751.40     22.70    -32.00    3.98     39921.0
 2025 11 13 16 06 00 000    3.58     5.52     3.82  -765.50     10.70    -29.20    6.41     86536.0
 2025 11 13 16 07 00 000    3.11     5.58     3.63  -757.70      5.00    -17.90    5.76     71315.0
 2025 11 13 16 08 00 000    4.39     3.43     4.73  -749.10     15.10    -22.70    4.70     50190.0
 2025 11 13 16 09 00 000    4.54     3.88     4.82  -746.50     27.20    -32.00    4.13     41322.0
 2025 11 13 16 10 00 000    3.88     3.53     4.82  -761.50     -1.20    -15.30    6.48    103194.0
 2025 11 13 16 11 00 000    3.96     3.04     5.18  -761.10      7.70    -27.10    6.70    114062.0
 2025 11 13 16 12 00 000    4.22     2.76     5.33  -759.80      3.20    -23.10    6.43    114865.0
 2025 11 13 16 13 00 000    3.46     4.19     4.25  -760.80     12.80    -21.80    5.20     85099.0
 2025 11 13 16 14 00 000    3.56     3.88     4.98  -763.20     10.30    -24.30    6.38     85897.0
 2025 11 13 16 15 00 000    6.44     3.12     5.52  -764.50      9.10    -25.30    5.83     80765.0
 2025 11 13 16 16 00 000    6.47     2.95     5.64  -752.50     18.30    -33.20    4.21     58969.0
 2025 11 13 16 17 00 000    6.64     2.96     5.40  -752.50     18.30    -33.20    4.21     58969.0
 2025 11 13 16 18 00 000    6.78     2.84     5.33  -752.50     18.30    -33.20    4.21     58969.0
 2025 11 13 16 19 00 000    6.46     3.39     5.45  -752.50     18.30    -33.20    4.21     58969.0
 2025 11 13 16 20 00 000    6.21     3.65     5.43  -747.00     24.90    -35.60    4.30     43130.0
 2025 11 13 16 21 00 000    6.30     3.42     5.60  -747.00     24.90    -35.60    4.30     43130.0
 2025 11 13 16 22 00 000    6.07     3.81     5.81  -747.00     24.90    -35.60    4.30     43130.0
 2025 11 13 16 23 00 000    6.12     3.72     5.96  -750.30     21.80    -33.50    3.77     34616.0
 2025 11 13 16 24 00 000    6.21     3.69     5.89  -750.30     21.80    -33.50    3.77     34616.0
 2025 11 13 16 25 00 000    6.21     3.79     5.86  -750.30     21.80    -33.50    3.77     34616.0
 2025 11 13 16 26 00 000    6.25     3.79     5.84  -750.30     21.80    -33.50    3.77     34616.0
 2025 11 13 16 27 00 000    6.24     3.70     5.90  -750.30     21.80    -33.50    3.77     34616.0
 2025 11 13 16 28 00 000    6.24     3.62     5.96  -750.30     21.80    -33.50    3.77     34616.0
 2025 11 13 16 29 00 000    6.24     3.53     6.03  -749.20     19.40    -36.00    4.12     33127.0
 2025 11 13 16 30 00 000    6.62     3.11     5.77  -749.20     19.40    -36.00    4.12     33127.0
 2025 11 13 16 31 00 000    6.74     2.94     5.67  -749.20     19.40    -36.00    4.12     33127.0
 2025 11 13 16 32 00 000    6.61     3.01     5.68  -749.20     19.40    -36.00    4.12     33127.0
 2025 11 13 16 33 00 000    6.70     2.92     5.61  -749.20     19.40    -36.00    4.12     33127.0
 2025 11 13 16 34 00 000    6.69     2.86     5.69  -751.40     19.40    -36.00    3.92     37000.0
 2025 11 13 16 35 00 000    6.41     3.23     5.81  -751.40     19.40    -36.00    3.92     37000.0
 2025 11 13 16 36 00 000    6.36     3.27     5.87  -751.40     19.40    -36.00    3.92     37000.0
 2025 11 13 16 37 00 000    6.47     3.21     5.83  -751.40     19.40    -36.00    3.92     37000.0
 2025 11 13 16 38 00 000    6.47     3.18     5.82  -751.40     19.40    -36.00    3.92     37000.0
 2025 11 13 16 39 00 000    6.61     3.10     5.75  -751.40     19.40    -36.00    3.92     37000.0
 2025 11 13 16 40 00 000    6.42     3.17     5.95  -748.80     21.00    -37.40    4.40     33440.0
 2025 11 13 16 41 00 000    6.27     3.39     5.98  -748.80     21.00    -37.40    4.40     33440.0
 2025 11 13 16 42 00 000    6.39     3.27     5.95  -748.80     21.00    -37.40    4.40     33440.0
 2025 11 13 16 43 00 000    6.69     2.94     5.79  -748.80     21.00    -37.40    4.40     33440.0
 2025 11 13 16 44 00 000    6.74     2.74     5.83  -748.80     21.00    -37.40    4.40     33440.0
 2025 11 13 16 45 00 000    6.59     2.90     5.80  -753.20     19.40    -30.90    4.68     43648.0
 2025 11 13 16 46 00 000    6.54     2.88     5.83  -753.20     19.40    -30.90    4.68     43648.0
 2025 11 13 16 47 00 000    6.50     2.88     5.83  -753.20     19.40    -30.90    4.68     43648.0
 2025 11 13 16 48 00 000    6.52     2.78     5.85  -753.20     19.40    -30.90    4.68     43648.0
 2025 11 13 16 49 00 000    6.50     2.83     5.89  -753.20     19.40    -30.90    4.68     43648.0
 2025 11 13 16 50 00 000    6.50     2.81     5.83  -753.20     19.40    -30.90    4.68     43648.0
 2025 11 13 16 51 00 000    6.53     2.75     5.82  -755.20     17.00    -39.90    4.87     45355.0
 2025 11 13 16 52 00 000    6.53     2.75     5.82  -755.20     17.00    -39.90    4.87     45355.0
 2025 11 13 16 53 00 000    6.57     2.70     5.77  -755.20     17.00    -39.90    4.87     45355.0
 2025 11 13 16 55 00 000    6.56     2.71     5.76  -755.20     17.00    -39.90    4.87     45355.0
 2025 11 13 16 56 00 000    6.56     2.70     5.76  -755.20     17.00    -39.90    4.87     45355.0
 2025 11 13 16 57 00 000    6.46     2.73     5.86  -755.80     17.00    -38.90    4.81     43746.0
 2025 11 13 16 58 00 000    6.41     2.54     5.99  -755.80     17.00    -38.90    4.81     43746.0
 2025 11 13 16 59 00 000    6.15     2.60     6.10  -755.90     16.60    -39.30    4.93     43148.0
 2025 11 13 17 00 00 000    5.83     2.32     6.23  -755.70     15.00    -38.60    5.38     55300.0
 2025 11 13 17 01 00 000    7.46    -1.38     5.41  -752.00     18.40    -33.30    4.23     53218.0
 2025 11 13 17 02 00 000    7.35    -1.45     5.85  -757.60     23.90    -25.60    3.34     39694.0
 2025 11 13 17 03 00 000    7.04    -0.97     5.88  -760.00     20.50    -23.20    3.65     39121.0
 2025 11 13 17 04 00 000    6.65    -2.36     5.53  -749.10     31.90    -32.60    4.38     44623.0
 2025 11 13 17 05 00 000    5.77    -2.86     5.16  -745.60     45.50    -25.40    3.11     42299.0
 2025 11 13 17 06 00 000    6.34     1.77     6.48  -745.60     45.50    -25.40    3.11     42299.0
 2025 11 13 17 07 00 000    6.44     1.68     6.47  -751.40     20.00    -32.80    2.86     49799.0
 2025 11 13 17 08 00 000    6.52     1.66     6.43  -751.40     20.00    -32.80    2.86     49799.0
 2025 11 13 17 09 00 000    5.03    -6.59     4.93  -742.90     38.80    -34.70    3.58     46959.0
 2025 11 13 17 10 00 000    5.73    -6.13     5.04  -743.20     38.60    -34.90    3.56     46778.0
 2025 11 13 17 11 00 000    5.89    -6.02     5.31  -753.00     33.00    -40.90    2.79     41397.0
 2025 11 13 17 12 00 000    5.82    -7.17     3.83  -758.00     29.60    -44.00    2.36     37517.0
 2025 11 13 17 13 00 000    5.70    -7.23     3.82  -758.60     29.20    -44.30    2.32     37060.0
 2025 11 13 17 14 00 000    5.68    -7.35     3.41  -757.40     32.10    -47.70    2.53     52401.0
 2025 11 13 17 15 00 000    5.82    -7.36     3.18  -757.40     32.10    -47.70    2.53     52401.0
 2025 11 13 17 16 00 000    5.76    -7.02     3.91  -759.90     30.20    -46.30    2.19     44708.0
 2025 11 13 17 17 00 000    5.98    -6.01     5.06  -760.60     29.60    -45.90    2.09     42422.0
 2025 11 13 17 18 00 000    5.97    -6.14     4.93  -760.60     29.60    -45.90    2.09     42422.0
 2025 11 13 17 19 00 000    6.06    -6.20     4.76  -760.60     29.60    -45.90    2.09     42422.0
 2025 11 13 17 20 00 000    6.12    -6.43     4.48  -758.50     30.70    -44.00    2.50     37541.0
 2025 11 13 17 21 00 000    6.01    -6.93     3.74  -758.50     30.70    -44.00    2.50     37541.0
 2025 11 13 17 22 00 000    5.90    -6.96     3.75  -761.80     30.70    -34.80    2.50     41152.0
 2025 11 13 17 23 00 000    5.99    -6.51     4.33  -762.80     30.70    -32.10    2.50     42230.0
 2025 11 13 17 24 00 000    6.08    -6.36     4.30  -758.50     28.60    -47.90    2.39     37964.0
 2025 11 13 17 25 00 000    6.13    -6.06     4.60  -757.60     27.80    -46.30    2.47     36300.0
 2025 11 13 17 26 00 000    6.20    -6.10     4.50  -756.60     26.90    -44.70    2.54     34616.0
 2025 11 13 17 27 00 000    6.09    -6.48     4.07  -758.00     23.50    -46.30    2.63     33925.0
 2025 11 13 17 28 00 000    5.97    -6.47     4.23  -758.00     23.50    -46.30    2.63     33933.0
 2025 11 13 17 29 00 000    5.84    -6.44     4.42  -763.50     23.90    -25.50    2.06     38511.0
 2025 11 13 17 30 00 000    5.87    -6.42     4.37  -764.50     23.60    -24.10    2.02     37077.0
 2025 11 13 17 31 00 000    5.96    -6.64     3.91  -765.10     23.40    -23.10    2.01     36108.0
 2025 11 13 17 32 00 000    5.91    -6.75     3.74  -762.70     23.80    -28.60    1.99     36078.0
 2025 11 13 17 33 00 000    6.09    -6.61     3.69  -762.70     23.80    -28.60    1.99     36078.0
 2025 11 13 17 34 00 000    5.84    -6.39     4.33  -760.60     21.70    -41.70    2.20     47568.0
 2025 11 13 17 35 00 000    5.66    -6.24     4.69  -760.20     21.30    -42.10    2.23     45514.0
 2025 11 13 17 36 00 000    5.66    -6.25     4.62  -757.00     18.30    -44.90    2.45     30032.0
 2025 11 13 17 37 00 000    5.68    -6.40     4.25  -755.00     15.40    -45.50    2.59     30448.0
 2025 11 13 17 38 00 000    5.59    -6.63     3.88  -759.80     15.60    -29.30    2.52     34734.0
 2025 11 13 17 39 00 000    5.81    -6.48     3.81  -762.00     15.80    -22.10    2.48     36612.0
 2025 11 13 17 40 00 000    5.79    -6.51     3.66  -757.30     20.50    -43.80    2.93     32116.0
 2025 11 13 17 41 00 000    5.19    -7.01     3.39  -757.30     20.50    -43.80    2.93     32116.0
 2025 11 13 17 42 00 000    5.42    -6.76     3.63  -751.50     21.90    -40.90    3.03     34212.0
 2025 11 13 17 43 00 000    5.48    -6.36     4.20  -753.60     20.60    -42.40    2.96     34747.0
 2025 11 13 17 44 00 000    5.53    -6.31     4.16  -756.40     18.70    -44.50    2.88     35490.0
 2025 11 13 17 45 00 000    5.23    -6.43     4.33  -754.40     20.40    -42.20    2.91     34385.0
 2025 11 13 17 46 00 000    6.12    -6.29     3.18  -754.40     20.40    -42.20    2.91     34385.0
 2025 11 13 17 47 00 000    6.28    -6.16     3.28  -754.40     20.40    -42.20    2.91     34385.0
 2025 11 13 17 48 00 000    6.23    -6.28     3.16  -754.40     18.30    -43.80    3.05     28673.0
 2025 11 13 17 49 00 000    6.08    -6.42     3.17  -754.40     18.30    -43.80    3.05     28673.0
 2025 11 13 17 50 00 000    5.75    -6.70     3.21  -754.40     18.30    -43.80    3.05     28673.0
 2025 11 13 17 51 00 000    5.61    -6.92     2.92  -755.50     22.10    -44.60    2.92     29978.0
 2025 11 13 17 52 00 000    5.39    -7.05     3.02  -755.50     22.10    -44.60    2.92     29978.0
 2025 11 13 17 53 00 000    5.54    -6.95     2.95  -754.30     21.30    -45.60    2.87     30221.0
 2025 11 13 17 54 00 000    5.41    -7.08     2.89  -754.30     21.30    -45.60    2.87     30221.0
 2025 11 13 17 55 00 000    5.10    -7.40     2.27  -754.30     21.30    -45.60    2.87     30221.0
 2025 11 13 17 56 00 000    4.88    -7.68     1.75  -754.30     21.30    -45.60    2.87     30221.0
 2025 11 13 17 57 00 000    5.05    -7.47     2.14  -750.90     21.60    -45.60    2.39     40584.0
 2025 11 13 17 58 00 000    5.07    -7.43     1.92  -751.70     21.20    -42.90    2.34     43388.0
 2025 11 13 17 59 00 000    5.24    -7.35     1.75  -748.50     11.30    -33.80    2.24     42385.0
 2025 11 13 18 00 00 000    5.10    -7.52     1.52  -746.10     12.10    -30.80    2.25     46519.0
 2025 11 13 18 01 00 000    5.08    -7.46     1.64  -744.60     19.20    -32.30    2.25     51618.0
 2025 11 13 18 02 00 000    5.53    -7.22     1.23  -746.10     26.60    -40.90    2.13     47001.0
 2025 11 13 18 03 00 000    5.29    -7.37     1.29  -742.90     19.90    -22.80    2.34     48420.0
 2025 11 13 18 04 00 000    5.46    -7.21     1.38  -742.90     19.90    -22.80    2.34     48420.0
 2025 11 13 18 05 00 000    4.64    -7.62     2.02  -745.50     22.30    -31.10    2.21     60289.0
 2025 11 13 18 06 00 000    4.16    -7.75     2.33  -745.20     20.90    -32.50    2.22     59346.0
 2025 11 13 18 07 00 000    3.71    -7.69     2.85  -740.70     11.40    -29.80    2.40     41498.0
 2025 11 13 18 08 00 000    3.76    -7.68     2.68  -740.70     11.40    -29.80    2.40     41498.0
 2025 11 13 18 09 00 000    3.53    -7.79     2.67  -740.70     11.40    -29.80    2.40     41498.0
 2025 11 13 18 10 00 000    3.39    -7.89     2.46  -739.40     15.40    -38.40    2.57     53187.0
 2025 11 13 18 11 00 000    3.65    -7.93     1.86  -739.40     15.40    -38.40    2.57     53187.0
 2025 11 13 18 12 00 000    3.84    -7.64     2.36  -738.90     17.80    -28.20    2.55     49625.0
 2025 11 13 18 13 00 000    4.18    -7.50     1.84  -739.70     17.20    -27.30    2.60     48734.0
 2025 11 13 18 14 00 000    4.44    -6.94     2.64  -743.30     14.40    -23.10    2.80     44727.0
 2025 11 13 18 15 00 000    4.90    -6.93     2.19  -743.10     13.80    -26.80    2.93     44071.0
 2025 11 13 18 16 00 000    5.00    -6.71     2.67  -743.10     13.50    -27.30    2.94     43857.0
 2025 11 13 18 17 00 000    4.90    -6.66     2.67  -742.80     10.40    -31.30    2.91     41784.0
 2025 11 13 18 18 00 000    4.87    -6.64     2.39  -741.10     11.40    -30.70    3.33     44941.0
 2025 11 13 18 19 00 000    4.94    -6.78     2.04  -739.20     12.50    -30.00    3.80     48385.0
 2025 11 13 18 20 00 000    4.80    -6.93     1.81  -739.50     14.80    -27.20    3.36     46617.0
 2025 11 13 18 21 00 000    4.72    -7.05     1.60  -739.50     15.20    -26.70    3.30     46321.0
 2025 11 13 18 22 00 000    5.04    -6.75     1.68  -745.10     18.70    -30.20    2.99     59765.0
 2025 11 13 18 23 00 000    5.03    -6.70     1.79  -745.10     18.70    -30.20    2.99     59765.0
 2025 11 13 18 24 00 000    5.50    -6.09     2.21  -739.20     15.40    -29.10    3.18     46624.0
 2025 11 13 18 25 00 000    5.15    -6.51     1.47  -738.20     14.80    -28.90    3.21     44268.0
 2025 11 13 18 26 00 000    4.71    -6.96     0.48  -740.00      9.60    -23.00    3.66     41625.0
 2025 11 13 18 27 00 000    4.74    -6.73     0.05  -742.60     13.80    -23.70    3.31     52994.0
 2025 11 13 18 28 00 000    3.92    -7.04    -1.31  -748.90     23.60    -25.40    2.49     79852.0
 2025 11 13 18 29 00 000    3.49    -7.06    -2.24  -747.70     22.20    -27.70    2.39     79703.0
 2025 11 13 18 30 00 000    3.52    -6.98    -2.02  -743.20     17.00    -36.20    2.03     79150.0
 2025 11 13 18 31 00 000    3.66    -7.10    -0.06  -743.00     17.00    -35.80    2.12     77788.0
 2025 11 13 18 32 00 000    3.03    -7.17    -1.21  -742.30     17.00    -33.70    2.54     71095.0
 2025 11 13 18 33 00 000    2.48    -7.20    -1.82  -743.00      6.00    -27.30    2.61     78150.0
 2025 11 13 18 34 00 000    2.13    -7.39    -0.46  -743.10      4.60    -26.50    2.62     79019.0
 2025 11 13 18 35 00 000    3.52    -7.12    -0.25  -743.00     16.00    -31.40    2.19     63628.0
 2025 11 13 18 36 00 000    3.71    -6.80    -1.45  -743.00     16.00    -31.40    2.19     63628.0
 2025 11 13 18 37 00 000    3.00    -7.22    -0.58  -743.00     16.00    -31.40    2.19     63628.0
 2025 11 13 18 38 00 000    2.51    -7.24    -1.28  -737.10     13.70    -42.10    3.16     47976.0
 2025 11 13 18 39 00 000    2.89    -6.85    -2.03  -737.10     13.70    -42.10    3.16     47978.0
 2025 11 13 18 40 00 000    3.42    -6.69    -1.96  -740.20      6.70    -25.30    3.71     52006.0
 2025 11 13 18 41 00 000    3.06    -7.02    -1.70  -739.90      7.40    -25.90    3.68     50699.0
 2025 11 13 18 42 00 000    2.30    -7.09    -2.44  -739.90      7.40    -25.90    3.68     50699.0
 2025 11 13 18 43 00 000    3.46    -6.74    -0.48  -731.10      7.90    -27.70    3.33     36305.0
 2025 11 13 18 44 00 000    4.28    -6.90     0.03  -732.00      0.50    -21.80    1.98     42637.0
 2025 11 13 18 45 00 000    4.16    -6.98    -0.06  -732.70     -6.10    -16.70    0.83     48214.0
 2025 11 13 18 46 00 000    4.21    -6.88     0.32  -738.80     12.30    -38.50    0.90     43616.0
 2025 11 13 18 47 00 000    5.35    -5.82     1.20  -738.80     12.30    -38.50    0.90     43616.0
 2025 11 13 18 48 00 000    5.00    -6.10     1.05  -738.40     22.80    -22.10    1.07     63369.0
 2025 11 13 18 49 00 000    5.03    -5.91     1.60  -737.50     46.50     15.30    1.51    108316.0
 2025 11 13 18 50 00 000    5.54    -5.30     2.02  -734.40     26.30      4.80    2.14     84611.0
 2025 11 13 18 51 00 000    5.51    -5.23     2.18  -731.10     33.40      7.80    2.41     75782.0
 2025 11 13 18 52 00 000    4.93    -5.79     1.75  -730.50     31.40      9.60    2.37     71219.0
 2025 11 13 18 53 00 000    4.57    -6.25     1.51  -729.80     19.90     13.00    1.56     64128.0
 2025 11 13 18 54 00 000    4.42    -6.26     1.58  -721.00     44.00     24.40    1.05     55390.0
 2025 11 13 18 55 00 000    4.45    -6.16     1.69  -738.30     32.00      7.80    1.77     74749.0
 2025 11 13 18 56 00 000    4.33    -6.03     2.01  -741.20     36.10     10.10    1.82     76125.0
 2025 11 13 18 57 00 000    4.68    -5.99     1.25  -746.70     44.60     15.40    1.90     79251.0
 2025 11 13 18 58 00 000    4.05    -6.33     1.86  -735.40     54.50     36.00    1.83     92872.0
 2025 11 13 18 59 00 000    3.65    -6.47     2.11  -735.40     54.50     36.00    1.83     92872.0
 2025 11 13 19 00 00 000    3.74    -6.57     1.53  -747.70     52.30      0.30    1.67     88793.0
 2025 11 13 19 01 00 000    4.28    -6.25     1.39  -747.70     52.30      0.30    1.67     88793.0
 2025 11 13 19 02 00 000    4.83    -5.77     1.73  -747.70     52.30      0.30    1.67     88793.0
 2025 11 13 19 03 00 000    4.48    -6.10     1.53  -747.70     52.30      0.30    1.67     88793.0
 2025 11 13 19 04 00 000    4.24    -6.33     0.81  -747.70     52.30      0.30    1.67     88793.0
 2025 11 13 19 05 00 000    4.29    -6.37     0.32  -723.70     23.20    -18.00    0.76     57467.0
 2025 11 13 19 06 00 000    4.18    -6.36    -0.22  -723.70     23.20    -18.00    0.76     57467.0
 2025 11 13 19 07 00 000    3.52    -6.62    -0.39  -737.40     13.20    -35.50    1.25     62349.0
 2025 11 13 19 08 00 000    1.28    -7.21    -2.40  -758.80      3.70    -67.00    1.14     79754.0
 2025 11 13 19 09 00 000    2.39    -7.11    -1.92  -772.40     -1.60    -87.70    0.96     92115.0
 2025 11 13 19 10 00 000    3.50    -6.99    -0.89  -772.40     -1.60    -87.70    0.96     92115.0
 2025 11 13 19 11 00 000    3.73    -6.90    -0.56  -746.40     -5.00    -66.30    0.80     47094.0
 2025 11 13 19 12 00 000    3.97    -6.81    -0.20  -746.40     -5.00    -66.30    0.80     47094.0
 2025 11 13 19 13 00 000    4.06    -6.70     0.00  -746.40     -5.00    -66.30    0.80     47094.0
 2025 11 13 19 14 00 000    4.31    -6.52     0.24  -727.90      5.10    -50.60    0.62     75731.0
 2025 11 13 19 15 00 000    4.24    -6.39     0.77  -727.10      7.40    -44.80    0.63     71659.0
 2025 11 13 19 16 00 000    4.36    -6.36     0.05  -727.70      3.10    -24.90    0.59     54404.0
 2025 11 13 19 17 00 000    4.14    -6.51    -0.67  -731.90    -11.30    -30.20    0.54     54611.0
 2025 11 13 19 18 00 000    3.95    -6.59    -0.03  -738.60     -8.30    -71.80    0.53     74834.0
 2025 11 13 19 19 00 000    4.09    -6.51     0.10  -738.60     -8.30    -71.80    0.53     74834.0
 2025 11 13 19 20 00 000    4.17    -6.46     0.15  -726.90     -8.80    -62.60    0.64     44314.0
 2025 11 13 19 21 00 000    4.31    -6.26     0.54  -728.50    -13.30    -60.70    0.65     51572.0
 2025 11 13 19 22 00 000    4.20    -6.26     0.83  -733.60    -25.20    -54.20    0.69     68099.0
 2025 11 13 19 23 00 000    4.29    -6.18     0.76  -723.50    -13.90    -65.00    0.72     36791.0
 2025 11 13 19 24 00 000    4.22    -6.14     1.55  -722.70    -16.20    -64.30    0.67     36310.0
 2025 11 13 19 25 00 000    3.96    -6.35     1.46  -721.20    -20.60    -62.90    0.59     35402.0
 2025 11 13 19 26 00 000    3.85    -6.52     0.97  -721.20    -20.60    -62.90    0.59     35402.0
 2025 11 13 19 27 00 000    4.10    -6.39     0.85  -720.10    -21.10    -63.90    0.64     35490.0
 2025 11 13 19 28 00 000    4.07    -6.32     1.58  -721.60    -22.00    -59.20    0.64     36285.0
 2025 11 13 19 29 00 000    3.58    -6.65     1.10  -728.00    -25.70    -39.70    0.58     39556.0
 2025 11 13 19 30 00 000    3.36    -6.73     1.25  -727.30    -29.80    -57.80    0.64     35278.0
 2025 11 13 19 31 00 000    3.15    -6.73     1.68  -730.50    -35.10    -54.30    0.63     35649.0
 2025 11 13 19 32 00 000    3.62    -6.53     1.43  -734.10    -34.10    -28.00    0.64     30956.0
 2025 11 13 19 33 00 000    5.03    -5.77     0.13  -734.10    -34.10    -28.00    0.64     30956.0
 2025 11 13 19 34 00 000    3.94    -6.42     0.91  -721.80    -24.90    -66.40    0.71     33728.0
 2025 11 13 19 35 00 000    3.20    -6.62     1.86  -722.50    -24.70    -65.90    0.70     34397.0
 2025 11 13 19 36 00 000    2.33    -6.88     2.33  -742.00    -20.90    -45.40    0.57     50405.0
 2025 11 13 19 37 00 000    2.73    -6.53     2.85  -742.10    -20.90    -45.30    0.57     50495.0
 2025 11 13 19 38 00 000    2.85    -5.56     4.04  -737.40    -21.20     -6.50    0.62     32760.0
 2025 11 13 19 39 00 000    3.65    -5.50     3.60  -737.40    -21.20     -6.50    0.62     32760.0
 2025 11 13 19 40 00 000    3.60    -5.87     3.13  -737.40    -21.20     -6.50    0.62     32760.0
 2025 11 13 19 41 00 000    3.39    -5.80     3.42  -724.80     -0.70    -12.50    0.57     33127.0
 2025 11 13 19 42 00 000    3.06    -5.96     3.28  -727.80     -4.50    -18.10    0.58     40068.0
 2025 11 13 19 43 00 000    3.11    -6.32     2.44  -733.70    -17.60    -28.40    0.61     49768.0
 2025 11 13 19 44 00 000    3.08    -6.37     2.21  -732.90    -30.90    -24.50    0.64     37235.0
 2025 11 13 19 45 00 000    2.61    -6.47     2.51  -752.80    -18.10    -18.70    0.64     37843.0
 2025 11 13 19 46 00 000    3.41    -6.26     2.04  -752.80    -18.10    -18.70    0.64     37843.0
 2025 11 13 19 47 00 000    3.79    -6.14     1.88  -731.10    -25.70    -29.10    0.59     35081.0
 2025 11 13 19 48 00 000    3.98    -6.15     1.44  -731.10    -25.70    -29.10    0.59     35081.0
 2025 11 13 19 49 00 000    3.69    -6.24     1.66  -730.60    -15.70    -27.80    0.52     37903.0
 2025 11 13 19 50 00 000    3.80    -6.13     1.82  -730.60    -15.70    -27.80    0.52     37903.0
 2025 11 13 19 51 00 000    4.11    -6.05     1.53  -726.70    -14.40    -32.40    0.59     34223.0
 2025 11 13 19 52 00 000    4.10    -6.06     1.45  -725.80    -14.10    -33.50    0.61     33383.0
 2025 11 13 19 53 00 000    3.13    -5.88     2.91  -739.80    -18.30      1.50    0.61     34725.0
 2025 11 13 19 54 00 000    3.13    -5.87     3.13  -744.10    -19.60     12.30    0.61     35139.0
 2025 11 13 19 55 00 000    3.43    -6.15     2.31  -730.90    -21.80    -18.90    0.52     36767.0
 2025 11 13 19 56 00 000    3.58    -6.14     1.96  -730.50    -21.90    -19.90    0.52     36821.0
 2025 11 13 19 57 00 000    3.89    -6.02     1.65  -730.50    -21.90    -19.90    0.52     36821.0
 2025 11 13 19 58 00 000    3.41    -6.12     2.34  -725.10     -8.10    -17.80    0.49     35164.0
 2025 11 13 19 59 00 000    3.23    -6.17     2.50  -730.20    -23.30    -14.10    0.55     32519.0
 2025 11 13 20 00 00 000    3.37    -6.07     2.52  -732.30    -29.60    -12.50    0.58     31423.0
 2025 11 13 20 01 00 000    3.89    -5.81     2.32  -732.30    -29.60    -12.50    0.58     31423.0
 2025 11 13 20 02 00 000    4.25    -5.65     2.17  -721.30    -22.40    -22.20    0.48     38542.0
 2025 11 13 20 03 00 000    4.81    -5.40     1.40  -721.30    -22.40    -22.20    0.48     38542.0
 2025 11 13 20 04 00 000    4.41    -5.57     1.89  -707.50    -23.90    -19.60    0.64     32423.0
 2025 11 13 20 05 00 000    4.50    -5.53     1.73  -707.50    -23.90    -19.60    0.64     32423.0
 2025 11 13 20 06 00 000    4.55    -5.46     1.74  -705.20    -17.50    -27.60    0.45     37210.0
 2025 11 13 20 07 00 000    4.18    -5.59     2.25  -707.20    -25.30    -26.50    0.52     35124.0
 2025 11 13 20 08 00 000    4.12    -5.70     1.94  -710.10    -37.10    -24.90    0.62     31977.0
 2025 11 13 20 09 00 000    4.44    -5.75     1.26  -713.90     -1.90    -48.60    0.59     28805.0
 2025 11 13 20 10 00 000    4.15    -5.75     2.04  -713.90     -1.90    -48.60    0.59     28806.0
 2025 11 13 20 11 00 000    4.19    -4.74     3.42  -714.20    -13.60    -49.00    0.55     30183.0
 2025 11 13 20 12 00 000    4.41    -5.34     2.45  -713.10    -23.40    -43.30    0.63     29570.0
 2025 11 13 20 13 00 000    4.44    -5.42     2.24  -711.70    -35.50    -35.60    0.72     28568.0
 2025 11 13 20 14 00 000    4.38    -5.42     2.38  -711.70    -35.50    -35.60    0.72     28568.0
 2025 11 13 20 15 00 000    4.42    -5.44     2.30  -711.70    -35.50    -35.60    0.72     28568.0
 2025 11 13 20 16 00 000    4.39    -5.44     2.36  -706.70    -18.20    -25.20    0.74     26225.0
 2025 11 13 20 17 00 000    4.43    -5.39     2.44  -706.70    -18.20    -25.20    0.74     26225.0
 2025 11 13 20 18 00 000    4.45    -5.26     2.60  -706.70    -18.20    -25.20    0.74     26225.0
 2025 11 13 20 19 00 000    4.39    -5.29     2.65  -712.50    -20.20     -3.20    0.63     35901.0
 2025 11 13 20 20 00 000    4.64    -5.13     2.58  -711.90    -20.30     -4.60    0.63     35417.0
 2025 11 13 20 21 00 000    4.69    -5.14     2.50  -704.70    -21.10    -23.30    0.66     29096.0
 2025 11 13 20 22 00 000    4.46    -5.28     2.62  -704.70    -21.10    -23.30    0.66     29096.0
 2025 11 13 20 23 00 000    4.52    -5.33     2.28  -704.70    -21.10    -23.30    0.66     29096.0
 2025 11 13 20 24 00 000    4.77    -5.15     2.11  -707.60    -24.10    -17.80    0.47     32968.0
 2025 11 13 20 25 00 000    4.87    -5.19     1.78  -708.80    -22.20    -16.00    0.47     32570.0
 2025 11 13 20 26 00 000    4.61    -5.22     2.27  -704.60    -21.60    -30.10    0.57     28463.0
 2025 11 13 20 27 00 000    4.26    -5.51     2.19  -708.80    -14.80    -33.60    0.56     32250.0
 2025 11 13 20 28 00 000    4.22    -5.55     2.23  -713.00     -8.00    -37.20    0.55     36078.0
 2025 11 13 20 29 00 000    4.28    -5.25     2.55  -726.60    -13.60     -7.60    0.44     33440.0
 2025 11 13 20 30 00 000    4.34    -5.21     2.62  -726.60    -13.60     -7.60    0.44     33440.0
 2025 11 13 20 31 00 000    4.12    -5.21     2.94  -708.40     -5.40    -11.50    0.50     31134.0
 2025 11 13 20 32 00 000    3.77    -5.16     3.41  -716.40    -10.10    -11.40    0.47     30180.0
 2025 11 13 20 33 00 000    4.03    -5.04     3.43  -717.20    -19.30     -0.50    0.58     30138.0
 2025 11 13 20 34 00 000    4.17    -5.16     3.16  -717.50    -16.30     -3.60    0.54     30632.0
 2025 11 13 20 35 00 000    4.39    -5.02     3.03  -711.00    -15.90    -13.60    0.65     27892.0
 2025 11 13 20 36 00 000    4.24    -5.11     2.97  -705.50    -21.90    -19.60    0.74     25918.0
 2025 11 13 20 37 00 000    4.12    -5.21     2.94  -706.70    -23.80    -24.10    0.70     27712.0
 2025 11 13 20 38 00 000    4.15    -5.02     3.13  -711.40    -22.60    -11.30    0.61     27377.0
 2025 11 13 20 39 00 000    4.22    -4.73     3.42  -715.10    -23.60      6.30    0.55     28767.0
 2025 11 13 20 40 00 000    4.59    -4.35     3.46  -715.40    -23.90      8.40    0.54     29069.0
 2025 11 13 20 41 00 000    4.97    -4.03     3.36  -715.40    -23.90      8.40    0.54     29069.0
 2025 11 13 20 42 00 000    4.85    -4.43     3.07  -704.20    -26.60    -21.60    0.59     28384.0
 2025 11 13 20 43 00 000    4.77    -4.41     3.21  -704.20    -26.60    -21.60    0.59     28384.0
 2025 11 13 20 44 00 000    5.00    -3.68     3.67  -704.20    -26.60    -21.60    0.59     28384.0
 2025 11 13 20 45 00 000    4.40    -3.80     3.87  -721.50    -38.30    -40.00    0.41     36940.0
 2025 11 13 20 46 00 000    4.27    -4.78     3.16  -721.50    -38.30    -40.00    0.41     36940.0
 2025 11 13 20 47 00 000    3.86    -5.72     2.16  -716.00    -45.90    -43.30    0.47     33781.0
 2025 11 13 20 48 00 000    3.88    -5.66     2.20  -712.10    -51.30    -45.60    0.50     31506.0
 2025 11 13 20 49 00 000    3.89    -5.53     2.46  -712.10    -51.30    -45.60    0.50     31506.0
 2025 11 13 20 50 00 000    3.93    -5.59     2.35  -711.80    -14.40    -44.70    0.50     29602.0
 2025 11 13 20 51 00 000    4.01    -5.42     2.52  -711.80    -14.40    -44.70    0.50     29602.0
 2025 11 13 20 52 00 000    4.00    -5.40     2.61  -711.70    -14.80    -39.60    0.51     30125.0
 2025 11 13 20 53 00 000    4.11    -5.35     2.48  -711.40    -15.90    -35.80    0.51     30437.0
 2025 11 13 20 54 00 000    4.38    -5.15     2.45  -704.90    -32.80    -25.60    0.49     29817.0
 2025 11 13 20 55 00 000    4.28    -5.12     2.64  -704.90    -32.80    -25.60    0.49     29817.0
 2025 11 13 20 56 00 000    4.44    -5.14     2.31  -705.00    -19.60    -21.60    0.48     32228.0
 2025 11 13 20 57 00 000    4.17    -5.46     2.07  -705.00    -19.60    -21.60    0.48     32228.0
 2025 11 13 20 58 00 000    3.99    -5.11     3.08  -705.00    -19.60    -21.60    0.48     32228.0
 2025 11 13 20 59 00 000    4.00    -5.14     2.98  -712.30    -31.20     -0.60    0.42     36523.0
 2025 11 13 21 00 00 000    3.79    -5.01     3.38  -712.30    -31.20     -0.60    0.42     36523.0
 2025 11 13 21 01 00 000    3.82    -5.03     3.33  -712.30    -31.20     -0.60    0.42     36523.0
 2025 11 13 21 02 00 000    3.98    -5.21     2.82  -712.30    -31.20     -0.60    0.42     36523.0
 2025 11 13 21 03 00 000    4.35    -4.91     2.87  -703.80    -21.30    -18.90    0.45     35110.0
 2025 11 13 21 04 00 000    4.32    -5.16     2.45  -703.80    -21.30    -18.90    0.45     35110.0
 2025 11 13 21 05 00 000    4.48    -5.08     2.17  -696.90    -21.30    -42.60    0.41     35655.0
 2025 11 13 21 06 00 000    4.32    -5.19     2.24  -694.00    -23.30    -53.60    0.39     35612.0
 2025 11 13 21 07 00 000    4.29    -5.19     2.25  -703.90    -32.90    -23.80    0.43     33482.0
 2025 11 13 21 08 00 000    4.35    -5.08     2.39  -704.50    -33.50    -22.00    0.43     33354.0
 2025 11 13 21 09 00 000    4.41    -5.14     2.17  -704.50    -33.50    -22.00    0.43     33354.0
 2025 11 13 21 10 00 000    4.93    -5.12     0.54  -689.40    -23.20    -80.40    0.35     32144.0
 2025 11 13 21 11 00 000    5.12    -4.89     0.64  -689.40    -23.20    -80.40    0.35     32144.0
 2025 11 13 21 12 00 000    4.51    -5.42     0.61  -698.70    -33.30    -97.70    0.39     30869.0
 2025 11 13 21 13 00 000    4.58    -5.20     1.18  -702.50    -37.40   -104.60    0.41     30356.0
 2025 11 13 21 14 00 000    4.63    -5.08     1.58  -686.70      5.20    -46.30    0.47     31022.0
 2025 11 13 21 15 00 000    3.94    -5.49     2.10  -695.00    -24.90    -58.40    0.47     35289.0
 2025 11 13 21 16 00 000    3.88    -5.52     2.12  -698.30    -36.80    -63.20    0.48     36970.0
 2025 11 13 21 17 00 000    4.29    -5.35     1.76  -699.10    -27.50    -59.30    0.43     33896.0
 2025 11 13 21 18 00 000    4.49    -5.20     1.67  -702.30    -24.30    -38.60    0.46     34457.0
 2025 11 13 21 19 00 000    4.69    -5.08     1.48  -703.90    -22.80    -28.40    0.47     34732.0
 2025 11 13 21 20 00 000    4.58    -5.23     1.33  -703.90    -22.80    -28.40    0.47     34732.0
 2025 11 13 21 21 00 000    4.57    -5.27     1.09  -694.50    -28.30    -66.90    0.47     33099.0
 2025 11 13 21 22 00 000    4.66    -5.22     1.01  -694.40    -28.20    -67.10    0.47     33032.0
 2025 11 13 21 23 00 000    4.70    -5.16     1.01  -693.20    -26.80    -69.30    0.49     32088.0
 2025 11 13 21 24 00 000    4.68    -5.21     1.00  -692.70    -24.30    -68.20    0.49     33661.0
 2025 11 13 21 25 00 000    4.54    -5.25     1.35  -692.20    -21.40    -66.90    0.49     35548.0
 2025 11 13 21 26 00 000    4.63    -4.91     1.86  -690.20    -10.10    -48.80    0.47     45360.0
 2025 11 13 21 27 00 000    4.79    -4.41     2.61  -690.70     -5.50    -38.20    0.47     44661.0
 2025 11 13 21 28 00 000    4.91    -3.90     3.26  -693.60      4.70     -9.00    0.47     34065.0
 2025 11 13 21 30 00 000    4.86    -4.09     3.14  -692.40      3.90    -11.40    0.46     34983.0
 2025 11 13 21 31 00 000    4.80    -4.26     3.02  -692.40      3.90    -11.40    0.46     34983.0
 2025 11 13 21 32 00 000    5.01    -3.62     3.51  -692.00      6.80     -4.00    0.48     32507.0
 2025 11 13 21 33 00 000    5.08    -3.60     3.42  -692.00      6.80     -4.00    0.48     32507.0
 2025 11 13 21 34 00 000    5.16    -3.61     3.27  -682.00     -5.90    -20.40    0.49     32788.0
 2025 11 13 21 35 00 000    5.26    -3.51     3.15  -682.00     -5.90    -20.40    0.49     32788.0
 2025 11 13 21 36 00 000    5.15    -3.70     3.05  -682.90     -9.00    -17.10    0.53     33103.0
 2025 11 13 21 37 00 000    5.13    -3.79     2.93  -683.30    -10.30    -15.60    0.55     33241.0
 2025 11 13 21 38 00 000    4.60    -4.06     3.40  -697.20     -0.10    -10.20    0.52     34931.0
 2025 11 13 21 39 00 000    4.36    -4.40     3.27  -700.30     -6.90    -11.80    0.53     33692.0
 2025 11 13 21 40 00 000    4.71    -4.18     3.06  -704.70    -16.40    -13.90    0.54     31956.0
 2025 11 13 21 41 00 000    4.01    -4.22     3.93  -722.00      7.30      3.20    0.44     28673.0
 2025 11 13 21 42 00 000    4.08    -4.14     3.87  -713.70     -5.10     -7.60    0.47     31447.0
 2025 11 13 21 43 00 000    4.63    -4.64     2.40  -718.30     -5.50     -2.40    0.46     31861.0
 2025 11 13 21 44 00 000    4.67    -4.92     1.98  -725.00      0.50      5.90    0.44     30683.0
 2025 11 13 21 45 00 000    4.65    -4.89     2.00  -692.90    -23.20    -42.50    0.45     51903.0
 2025 11 13 21 46 00 000    4.13    -3.92     4.02  -692.90    -23.20    -42.50    0.45     51903.0
 2025 11 13 21 47 00 000    4.02    -3.78     4.31  -712.20    -16.30     14.80    0.48     36642.0
 2025 11 13 21 48 00 000    4.03    -3.94     4.13  -712.20    -16.30     14.80    0.48     36642.0
 2025 11 13 21 49 00 000    4.04    -3.85     4.21  -712.20    -16.30     14.80    0.48     36642.0
 2025 11 13 21 50 00 000    4.29    -3.68     4.07  -698.60      8.60      1.00    0.66     36702.0
 2025 11 13 21 51 00 000    3.89    -3.09     4.86  -698.60      8.60      1.00    0.66     36702.0
 2025 11 13 21 52 00 000    3.54    -2.12     5.61  -698.60      8.60      1.00    0.66     36702.0
 2025 11 13 21 53 00 000    3.58    -2.67     5.12  -698.60      8.60      1.00    0.66     36702.0
 2025 11 13 21 54 00 000    2.92    -2.19     5.84  -698.60      8.60      1.00    0.66     36702.0
 2025 11 13 21 55 00 000    4.97    -3.96     2.77  -698.60      8.60      1.00    0.66     36702.0
 2025 11 13 21 56 00 000    4.92    -3.85     3.01  -698.20     -0.30     -2.30    0.52     31450.0
 2025 11 13 21 57 00 000    5.10    -3.74     2.89  -698.20     -0.30     -2.30    0.52     31450.0
 2025 11 13 21 58 00 000    4.71    -2.68     4.09  -690.60     -1.70      8.80    0.65     34212.0
 2025 11 13 21 59 00 000    4.69    -3.46     3.51  -691.50     -2.60      6.90    0.64     33641.0
 2025 11 13 22 00 00 000    4.93    -3.56     3.20  -691.70     -9.40     -2.60    0.59     31598.0
 2025 11 13 22 01 00 000    4.81    -3.55     3.37  -684.30    -12.20    -12.30    0.57     33373.0
 2025 11 13 22 02 00 000    4.28    -4.14     3.07  -695.60    -25.50    -21.60    0.52     36512.0
 2025 11 13 22 03 00 000    4.75    -3.23     3.50  -706.00    -26.90    -27.30    0.50     39979.0
 2025 11 13 22 04 00 000    4.52    -3.46     3.54  -692.60      4.90    -16.10    0.58     37900.0
 2025 11 13 22 05 00 000    4.31    -3.81     3.34  -714.70    -45.00    -37.40    0.41     53945.0
 2025 11 13 22 06 00 000    4.72    -3.37     3.63  -698.50     -6.00    -10.90    0.53     37904.0
 2025 11 13 22 07 00 000    4.53    -3.40     3.72  -693.30      6.60     -2.40    0.57     33495.0
 2025 11 13 22 08 00 000    4.05    -4.28     3.15  -702.80    -22.90    -17.90    0.50     39243.0
 2025 11 13 22 09 00 000    3.80    -4.58     3.11  -709.80    -39.60    -25.40    0.44     46803.0
 2025 11 13 22 10 00 000    4.08    -3.96     3.35  -717.90    -33.20    -39.50    0.56     45687.0
 2025 11 13 22 11 00 000    3.34    -5.03     3.17  -717.90    -33.20    -39.50    0.56     45687.0
 2025 11 13 22 12 00 000    3.45    -4.99     3.11  -710.10    -42.10    -23.20    0.45     49619.0
 2025 11 13 22 13 00 000    3.26    -5.46     2.40  -710.00    -42.20    -23.00    0.45     49660.0
 2025 11 13 22 14 00 000    3.06    -5.76     1.93  -710.00    -42.20    -23.00    0.45     49660.0
 2025 11 13 22 15 00 000    3.11    -5.72     2.01  -715.20    -47.30    -51.70    0.42     37873.0
 2025 11 13 22 16 00 000    3.27    -5.46     2.44  -715.10    -47.20    -51.40    0.42     37813.0
 2025 11 13 22 17 00 000    3.66    -5.21     2.34  -706.80    -42.70    -33.00    0.40     33840.0
 2025 11 13 22 18 00 000    4.08    -3.86     3.76  -706.40    -42.50    -32.10    0.40     33639.0
 2025 11 13 22 19 00 000    3.99    -4.17     3.54  -687.90    -22.90    -14.30    0.72     32283.0
 2025 11 13 22 20 00 000    4.22    -3.96     3.51  -687.90    -22.90    -14.30    0.72     32283.0
 2025 11 13 22 21 00 000    3.77    -4.59     3.29  -687.90    -22.90    -14.30    0.72     32283.0
 2025 11 13 22 22 00 000    3.92    -4.33     3.41  -704.40    -29.90     -8.00    0.55     50740.0
 2025 11 13 22 23 00 000    4.01    -3.75     3.88  -703.00    -23.40     -6.30    0.56     41147.0
 2025 11 13 22 24 00 000    4.44    -3.42     3.76  -701.30    -15.40     -4.20    0.58     29442.0
 2025 11 13 22 25 00 000    3.89    -3.73     4.02  -701.30    -15.40     -4.20    0.58     29442.0
 2025 11 13 22 26 00 000    4.19    -3.65     3.74  -682.40     -3.60     -5.60    0.64     33475.0
 2025 11 13 22 27 00 000    4.16    -3.40     4.04  -688.00    -13.20      1.90    0.68     31167.0
 2025 11 13 22 28 00 000    3.81    -3.20     4.49  -694.90    -17.30     13.00    0.78     30824.0
 2025 11 13 22 29 00 000    3.73    -3.26     4.54  -696.70    -15.70     16.40    0.82     31588.0
 2025 11 13 22 30 00 000    4.53    -3.86     3.25  -696.70    -15.70     16.40    0.82     31588.0
 2025 11 13 22 31 00 000    4.74    -4.06     2.64  -696.70    -15.70     16.40    0.82     31588.0
 2025 11 13 22 32 00 000    4.75    -4.37     2.03  -696.70    -15.70     16.40    0.82     31588.0
 2025 11 13 22 33 00 000    4.96    -3.49     2.79  -683.60    -29.10    -42.00    0.56     32817.0
 2025 11 13 22 34 00 000    5.01    -3.47     2.84  -683.60    -29.10    -42.00    0.56     32817.0
 2025 11 13 22 35 00 000    5.30    -3.26     2.60  -675.10    -10.60    -25.60    0.51     34270.0
 2025 11 13 22 36 00 000    5.48    -3.11     2.48  -675.10    -10.60    -25.60    0.51     34270.0
 2025 11 13 22 37 00 000    5.29    -3.05     2.85  -675.10    -10.60    -25.60    0.51     34270.0
 2025 11 13 22 38 00 000    5.30    -2.31     3.30  -671.90     18.10     -7.50    0.45     30819.0
 2025 11 13 22 39 00 000    5.29    -2.67     3.18  -671.90     18.10     -7.50    0.45     30819.0
 2025 11 13 22 40 00 000    5.16    -3.62     2.39  -674.20     -2.30    -19.10    0.49     32433.0
 2025 11 13 22 41 00 000    5.00    -3.54     2.76  -675.80    -16.50    -27.10    0.53     33553.0
 2025 11 13 22 42 00 000    4.93    -3.53     2.89  -675.80    -16.50    -27.10    0.53     33553.0
 2025 11 13 22 43 00 000    5.07    -3.50     2.67  -675.80    -16.50    -27.10    0.53     33553.0
 2025 11 13 22 44 00 000    5.65    -2.92     2.19  -665.50      0.70    -36.90    0.54     42036.0
 2025 11 13 22 45 00 000    5.54    -2.75     2.73  -667.60      3.20    -27.20    0.53     38343.0
 2025 11 13 22 46 00 000    5.65    -2.76     2.50  -669.50      5.50    -18.40    0.52     35014.0
 2025 11 13 22 47 00 000    5.48    -2.68     2.90  -663.50     10.30    -33.70    0.57     30140.0
 2025 11 13 22 48 00 000    5.12    -2.83     3.08  -668.20      6.80    -25.20    0.64     35390.0
 2025 11 13 22 49 00 000    4.77    -2.34     3.99  -670.20      5.40    -21.10    0.68     37462.0
 2025 11 13 22 50 00 000    4.53    -3.08     3.77  -671.80     12.70     -8.90    0.62     27888.0
 2025 11 13 22 51 00 000    4.72    -3.26     3.35  -673.10      9.20     -7.00    0.62     29280.0
 2025 11 13 22 52 00 000    4.66    -3.56     3.21  -674.10      6.00     -7.10    0.62     29879.0
 2025 11 13 22 53 00 000    5.13    -2.57     3.24  -681.40    -21.80    -21.50    0.64     30005.0
 2025 11 13 22 54 00 000    4.77    -2.92     3.56  -680.40    -17.70    -18.50    0.64     30052.0
 2025 11 13 22 55 00 000    4.66    -3.13     3.47  -678.60    -10.20    -12.80    0.66     30140.0
 2025 11 13 22 56 00 000    4.86    -2.43     3.70  -678.60    -10.20    -12.80    0.66     30140.0
 2025 11 13 22 57 00 000    4.97    -2.30     3.75  -673.00     15.40     -2.90    0.69     28831.0
 2025 11 13 22 58 00 000    4.70    -3.09     3.48  -673.00     15.40     -2.90    0.69     28831.0
 2025 11 13 22 59 00 000    4.71    -2.86     3.57  -673.00     15.40     -2.90    0.69     28831.0
 2025 11 13 23 00 00 000    5.22    -1.91     3.63  -668.80     24.00     -5.80    0.65     44034.0
 2025 11 13 23 01 00 000    5.30    -2.20     3.40  -670.60     16.50     -2.70    0.66     33760.0
 2025 11 13 23 02 00 000    5.38    -2.19     3.26  -671.60     12.00     -0.80    0.66     27629.0
 2025 11 13 23 03 00 000    5.61    -1.98     2.87  -670.80     17.90     -2.50    0.67     25974.0
 2025 11 13 23 04 00 000    5.52    -2.12     2.88  -670.80     17.80     -2.60    0.67     26110.0
 2025 11 13 23 05 00 000    5.19    -2.25     3.27  -670.80     15.40     -4.80    0.71     28805.0
 2025 11 13 23 06 00 000    4.82    -3.02     3.16  -670.80     15.40     -4.80    0.71     28805.0
 2025 11 13 23 07 00 000    4.88    -3.31     2.78  -670.80     15.40     -4.80    0.71     28805.0
 2025 11 13 23 08 00 000    4.86    -3.26     2.91  -669.50      6.50     -9.50    0.70     34587.0
 2025 11 13 23 09 00 000    4.71    -3.06     3.33  -669.50      6.50     -9.50    0.70     34587.0
 2025 11 13 23 10 00 000    4.83    -3.18     2.93  -673.20      7.60     -5.10    0.76     32326.0
 2025 11 13 23 11 00 000    4.86    -3.42     2.72  -673.40      7.70     -4.90    0.76     32200.0
 2025 11 13 23 12 00 000    4.85    -2.98     3.23  -671.80      5.90    -10.20    0.71     34443.0
 2025 11 13 23 13 00 000    4.95    -2.69     3.24  -672.30      8.00     -3.40    0.72     32216.0
 2025 11 13 23 14 00 000    4.76    -3.15     3.17  -673.20     11.20      7.10    0.74     28752.0
 2025 11 13 23 15 00 000    4.83    -3.37     2.89  -673.20     11.20      7.10    0.74     28752.0
 2025 11 13 23 16 00 000    5.03    -3.14     2.87  -673.20     11.20      7.10    0.74     28752.0
 2025 11 13 23 17 00 000    5.20    -3.15     2.57  -673.20     11.20      7.10    0.74     28752.0
 2025 11 13 23 18 00 000    5.39    -3.04     2.26  -663.40      4.10    -28.40    0.64     44432.0
 2025 11 13 23 19 00 000    5.39    -3.33     1.82  -663.40      4.10    -28.40    0.64     44432.0
 2025 11 13 23 20 00 000    5.02    -3.56     2.34  -668.60      6.00    -21.30    0.63     34731.0
 2025 11 13 23 21 00 000    4.43    -3.62     3.12  -665.70      6.90    -30.70    0.63     35081.0
 2025 11 13 23 22 00 000    4.78    -3.27     2.98  -673.20    -16.30    -33.80    0.84     40427.0
 2025 11 13 23 23 00 000    5.51    -2.98     2.03  -673.20    -16.30    -33.80    0.84     40427.0
 2025 11 13 23 24 00 000    5.89    -2.67     1.37  -673.20    -16.30    -33.80    0.84     40427.0
 2025 11 13 23 25 00 000    5.40    -3.13     2.26  -673.50     -8.30    -17.30    0.63     28253.0
 2025 11 13 23 26 00 000    5.54    -3.00     2.07  -665.00      3.10    -31.60    0.69     28079.0
 2025 11 13 23 27 00 000    5.26    -2.97     2.78  -665.20      7.00    -25.40    0.71     29934.0
 2025 11 13 23 28 00 000    5.27    -2.73     2.99  -670.30      4.90     -9.70    0.70     32200.0
 2025 11 13 23 29 00 000    5.29    -2.93     2.71  -670.80      5.60    -13.80    0.61     31755.0
 2025 11 13 23 30 00 000    5.17    -3.09     2.71  -670.80      5.60    -13.80    0.61     31755.0
 2025 11 13 23 31 00 000    5.17    -3.06     2.69  -673.10      8.60    -12.40    0.64     30121.0
 2025 11 13 23 32 00 000    5.44    -2.81     2.52  -673.20      8.70    -12.30    0.64     30059.0
 2025 11 13 23 33 00 000    5.35    -2.83     2.67  -673.20      8.70    -12.30    0.64     30059.0
 2025 11 13 23 34 00 000    4.81    -3.35     2.98  -671.00      1.70    -14.40    0.64     37687.0
 2025 11 13 23 35 00 000    4.58    -3.99     2.68  -672.70      1.60     -7.40    0.71     32402.0
 2025 11 13 23 36 00 000    4.65    -3.25     3.29  -672.70      1.60     -7.40    0.71     32402.0
 2025 11 13 23 37 00 000    4.91    -2.46     3.61  -669.50      7.00    -10.70    0.71     32703.0
 2025 11 13 23 38 00 000    4.73    -2.43     3.70  -670.00     17.50     -1.90    0.77     33190.0
 2025 11 13 23 39 00 000    4.82    -1.63     4.02  -669.50     22.10      2.60    0.76     35310.0
 2025 11 13 23 40 00 000    4.77    -1.60     4.13  -672.70     20.40      3.50    0.72     33691.0
 2025 11 13 23 41 00 000    4.27    -2.06     4.38  -685.30     -6.90     14.00    0.72     37030.0
 2025 11 13 23 42 00 000    4.62    -1.97     4.04  -682.60     -6.80      3.70    0.69     40787.0
 2025 11 13 23 43 00 000    5.25    -0.59     3.80  -674.40      2.80    -14.30    0.64     45487.0
 2025 11 13 23 44 00 000    5.05    -0.93     3.96  -674.40      2.80    -14.30    0.64     45487.0
 2025 11 13 23 45 00 000    4.84    -0.75     4.22  -674.40      2.80    -14.30    0.64     45487.0
 2025 11 13 23 46 00 000    4.32    -0.72     4.68  -674.00     13.70      5.90    0.72     32798.0
 2025 11 13 23 47 00 000    3.92    -1.08     4.83  -684.20     13.10     11.00    0.74     34727.0
 2025 11 13 23 48 00 000    4.46    -1.43     4.28  -688.50     12.80     13.20    0.76     35548.0
 2025 11 13 23 49 00 000    4.08    -1.36     4.58  -688.50     12.80     13.20    0.76     35548.0
 2025 11 13 23 50 00 000    4.34    -2.04     4.14  -688.50     12.80     13.20    0.76     35548.0
 2025 11 13 23 51 00 000    4.38    -2.39     3.88  -688.50     12.80     13.20    0.76     35548.0
 2025 11 13 23 52 00 000    4.80    -1.28     3.84  -674.20      3.60     -3.70    0.78     30329.0
 2025 11 13 23 53 00 000    4.69    -1.92     3.67  -674.20      3.60     -3.70    0.78     30329.0
 2025 11 13 23 54 00 000    4.78    -1.35     3.79  -675.60      0.30     -5.50    0.77     29532.0
 2025 11 13 23 55 00 000    4.48    -3.28     2.78  -680.30    -11.40    -11.60    0.74     26757.0
 2025 11 13 23 56 00 000    4.08    -3.94     2.61  -682.10    -15.60    -24.70    0.72     31164.0
 2025 11 13 23 57 00 000    4.19    -3.70     2.86  -677.20     -5.00    -20.00    0.77     34109.0
 2025 11 13 23 58 00 000    4.22    -3.34     3.21  -667.70     15.90     -7.10    0.89     38055.0
 2025 11 13 23 59 00 000    4.38    -2.86     3.42  -676.50     -1.90     -8.20    0.78     37000.0
 2025 11 14 00 00 00 000    4.42    -2.67     3.53  -676.40     -2.20     -8.30    0.78     37476.0
 2025 11 14 00 01 00 000    4.68    -2.54     3.22  -673.80    -11.00     -8.30    0.78     51060.0
 2025 11 14 00 02 00 000    4.61    -2.49     3.28  -670.70     -9.10      4.20    0.80     39573.0
 2025 11 14 00 03 00 000    4.37    -2.58     3.51  -670.80     -7.50      2.50    0.80     37804.0
 2025 11 14 00 04 00 000    4.16    -2.52     3.75  -671.60     -6.30     -1.90    0.81     38420.0
 2025 11 14 00 05 00 000    4.41    -2.38     3.54  -671.10    -10.20      2.70    0.84     41926.0
 2025 11 14 00 06 00 000    4.30    -1.91     3.92  -671.30    -10.50      4.00    0.85     42480.0
 2025 11 14 00 07 00 000    4.22    -2.41     3.77  -672.70     -9.00      7.10    0.86     42262.0
 2025 11 14 00 08 00 000    4.16    -2.52     3.71  -672.70     -9.00      7.10    0.86     42262.0
 2025 11 14 00 09 00 000    4.43    -2.05     3.69  -672.70     -9.00      7.10    0.86     42262.0
 2025 11 14 00 10 00 000    4.78    -1.96     3.33  -672.70     -9.00      7.10    0.86     42262.0
 2025 11 14 00 11 00 000    5.37    -1.53     2.67  -652.80     16.30     -8.70    0.82     29415.0
 2025 11 14 00 12 00 000    4.52    -2.77     3.09  -661.60     -3.90    -11.70    0.80     35344.0
 2025 11 14 00 13 00 000    4.69    -2.41     3.18  -667.10    -16.90    -14.60    0.80     40825.0
 2025 11 14 00 14 00 000    4.54    -3.12     2.82  -653.70     13.30    -14.60    0.82     39248.0
 2025 11 14 00 15 00 000    4.69    -2.77     2.94  -667.40    -35.40    -28.10    0.85     41807.0
 2025 11 14 00 16 00 000    4.64    -3.31     2.49  -667.60    -36.20    -28.30    0.85     41847.0
 2025 11 14 00 17 00 000    4.51    -3.55     2.40  -669.40    -20.90    -23.60    0.70     52472.0
 2025 11 14 00 18 00 000    4.53    -3.54     2.36  -669.40    -20.90    -23.60    0.70     52472.0
 2025 11 14 00 19 00 000    4.68    -3.25     2.40  -665.20    -20.00    -25.90    0.70     40460.0
 2025 11 14 00 20 00 000    4.62    -3.00     2.78  -663.40    -19.60    -26.90    0.70     35373.0
 2025 11 14 00 21 00 000    4.36    -2.93     3.25  -666.00    -19.40    -18.30    0.73     37942.0
 2025 11 14 00 22 00 000    4.14    -2.81     3.59  -671.30    -19.00     -0.90    0.77     43098.0
 2025 11 14 00 23 00 000    4.12    -2.11     3.81  -671.20    -18.00     -0.70    0.77     43623.0
 2025 11 14 00 24 00 000    4.42    -2.24     3.46  -669.30     15.60      5.00    0.77     60489.0
 2025 11 14 00 25 00 000    4.49    -2.29     3.38  -668.50      6.00      0.40    0.76     54482.0
 2025 11 14 00 26 00 000    4.42    -2.15     3.64  -667.70    -11.80     -8.20    0.73     38736.0
 2025 11 14 00 27 00 000    4.48    -2.17     3.58  -671.20      2.90      0.70    0.69     36225.0
 2025 11 14 00 28 00 000    4.72    -2.22     3.23  -670.70      2.00     14.00    0.74     38695.0
 2025 11 14 00 29 00 000    4.39    -0.41     4.10  -674.80     15.30     21.20    0.77     37511.0
 2025 11 14 00 30 00 000    4.36    -0.92     4.17  -680.40     31.70     29.80    0.83     36823.0
 2025 11 14 00 31 00 000    4.37    -0.89     4.21  -676.30      8.80     16.70    0.85     44592.0
 2025 11 14 00 33 00 000    4.46    -3.31     2.48  -675.70      5.20     14.60    0.86     45820.0
 2025 11 14 00 34 00 000    5.14    -1.70     2.60  -675.70      5.20     14.60    0.86     45820.0
 2025 11 14 00 35 00 000    5.57     0.06     1.56  -675.70      5.20     14.60    0.86     45820.0
 2025 11 14 00 36 00 000    5.02     0.28     2.49  -675.70      5.20     14.60    0.86     45820.0
 2025 11 14 00 37 00 000    5.19    -0.97     1.71  -675.70      5.20     14.60    0.86     45820.0
 2025 11 14 00 38 00 000    5.23    -2.56     1.34  -660.70    -27.50    -36.70    0.83     42550.0
 2025 11 14 00 39 00 000    4.72    -3.50     1.73  -660.70    -27.50    -36.70    0.83     42550.0
 2025 11 14 00 40 00 000    4.46    -2.76     2.90  -660.70    -27.50    -36.70    0.83     42550.0
 2025 11 14 00 41 00 000    4.30    -2.34     3.40  -672.90     -2.10     13.50    0.87     48044.0
 2025 11 14 00 42 00 000    4.27    -1.79     3.98  -672.90     -2.10     13.50    0.87     48044.0
 2025 11 14 00 43 00 000    4.09    -1.09     4.27  -672.90     -2.10     13.50    0.87     48044.0
 2025 11 14 00 44 00 000    3.62    -1.26     4.71  -651.20      1.80    -39.10    0.82     27784.0
 2025 11 14 00 45 00 000    4.45    -1.24     3.37  -651.20      1.80    -39.10    0.82     27784.0
 2025 11 14 00 46 00 000    4.29    -2.23     3.49  -651.20      1.80    -39.10    0.82     27784.0
 2025 11 14 00 47 00 000    3.37    -0.91     4.97  -651.20      1.80    -39.10    0.82     27784.0
 2025 11 14 00 48 00 000    3.37    -0.91     4.97  -651.20      1.80    -39.10    0.82     27784.0
 2025 11 14 00 49 00 000    4.64    -1.51     3.25  -651.20      1.80    -39.10    0.82     27784.0
 2025 11 14 00 50 00 000    3.21    -0.36     5.11  -651.20      1.80    -39.10    0.82     27784.0
 2025 11 14 00 51 00 000    3.04     0.42     5.26  -651.20      1.80    -39.10    0.82     27784.0
 2025 11 14 00 52 00 000    5.16    -2.26     2.39  -656.20     -9.50    -28.00    0.76     32817.0
 2025 11 14 00 53 00 000    5.10    -1.36     3.00  -657.00     -4.50    -21.90    0.75     34762.0
 2025 11 14 00 55 00 000    4.49     0.35     4.23  -661.10     20.20      8.10    0.69     44366.0
 2025 11 14 00 57 00 000    4.23    -0.34     4.49  -661.10     20.20      8.10    0.69     44366.0
 2025 11 14 00 58 00 000    4.80     0.43     3.76  -661.10     20.20      8.10    0.69     44366.0
 2025 11 14 00 59 00 000    4.80     0.43     3.76  -661.10     20.20      8.10    0.69     44366.0
 2025 11 14 01 00 00 000    5.00     1.62     3.25  -661.10     20.20      8.10    0.69     44366.0
 2025 11 14 01 01 00 000    5.00     1.62     3.25  -661.10     20.20      8.10    0.69     44366.0
 2025 11 14 01 03 00 000    5.20     1.31     3.08  -661.10     20.20      8.10    0.69     44366.0
 2025 11 14 01 05 00 000    5.23     1.29     3.09  -661.10     20.20      8.10    0.69     44366.0
 2025 11 14 01 06 00 000    5.66    -1.00     2.07  -654.70     58.00    -12.20    0.82     40084.0
 2025 11 14 01 07 00 000    5.78    -1.84     1.35  -654.70     58.00    -12.20    0.82     40084.0
 2025 11 14 01 08 00 000    5.44    -2.06     1.30  -654.70     58.00    -12.20    0.82     40084.0
 2025 11 14 01 09 00 000    5.79     0.18     2.22  -654.70     58.00    -12.20    0.82     40084.0
 2025 11 14 01 10 00 000    5.62     1.05     2.52  -654.70     58.00    -12.20    0.82     40084.0
 2025 11 14 01 11 00 000    5.65     1.18     2.43  -654.70     58.00    -12.20    0.82     40084.0
 2025 11 14 01 12 00 000    5.76     1.09     2.15  -654.70     58.00    -12.20    0.82     40084.0
 2025 11 14 01 13 00 000    5.80     0.76     2.16  -654.70     58.00    -12.20    0.82     40084.0
 2025 11 14 01 14 00 000    5.89     0.58     2.15  -654.70     58.00    -12.20    0.82     40084.0
 2025 11 14 01 15 00 000    5.96     0.57     1.88  -654.70     58.00    -12.20    0.82     40084.0
 2025 11 14 01 16 00 000    6.08     0.58     1.67  -654.70     58.00    -12.20    0.82     40084.0
 2025 11 14 01 17 00 000    6.08     0.31     1.69  -654.70     58.00    -12.20    0.82     40084.0
 2025 11 14 01 18 00 000    5.96     0.66     1.89  -642.90     32.50    -35.60    0.84     35842.0
 2025 11 14 01 19 00 000    5.96     0.60     1.89  -642.90     32.50    -35.60    0.84     35842.0
 2025 11 14 01 20 00 000    6.16    -0.24     1.38  -642.90     32.50    -35.60    0.84     35842.0
 2025 11 14 01 21 00 000    6.13     0.26     1.41  -642.90     32.50    -35.60    0.84     35842.0
 2025 11 14 01 22 00 000    6.21    -0.05     1.27  -641.40     24.90    -42.60    0.89     31478.0
 2025 11 14 01 23 00 000    6.25    -0.36     1.14  -641.40     24.90    -42.60    0.89     31478.0
 2025 11 14 01 24 00 000    6.24    -0.80     1.00  -641.40     24.90    -42.60    0.89     31478.0
 2025 11 14 01 25 00 000    6.23    -0.79     0.99  -641.40     24.90    -42.60    0.89     31478.0
 2025 11 14 01 26 00 000    6.20    -0.93     0.87  -641.40     24.90    -42.60    0.89     31478.0
 2025 11 14 01 27 00 000    6.22    -0.80     0.83  -641.40     24.90    -42.60    0.89     31478.0
 2025 11 14 01 28 00 000    6.26    -0.75     0.65  -641.40     24.90    -42.60    0.89     31478.0
 2025 11 14 01 29 00 000    6.21    -0.93     0.68  -641.40     24.90    -42.60    0.89     31478.0
 2025 11 14 01 30 00 000    6.17    -1.19     0.66  -643.10     14.70    -47.20    0.90     34212.0
 2025 11 14 01 31 00 000    6.06    -1.47     0.86  -643.10     14.70    -47.20    0.90     34212.0
 2025 11 14 01 32 00 000    5.98    -1.91     0.60  -643.50      9.00    -51.00    0.81     35884.0
 2025 11 14 01 33 00 000    5.56    -2.41     1.59  -643.80      5.60    -53.30    0.75     36881.0
 2025 11 14 01 34 00 000    5.71    -2.60     0.33  -643.80      5.60    -53.30    0.75     36881.0
 2025 11 14 01 35 00 000    5.68    -2.62    -0.11  -643.80      5.60    -53.30    0.75     36881.0
 2025 11 14 01 36 00 000    5.73    -1.78     0.62  -643.80      5.60    -53.30    0.75     36881.0
 2025 11 14 01 37 00 000    5.36    -0.49     3.03  -650.70     23.30    -13.60    0.83     27345.0
 2025 11 14 01 38 00 000    5.64    -1.00     2.25  -650.70     23.30    -13.60    0.83     27345.0
 2025 11 14 01 39 00 000    5.32    -0.98     2.89  -650.70     23.30    -13.60    0.83     27345.0
 2025 11 14 01 40 00 000    5.53    -1.43     2.39  -646.00      6.10    -26.10    0.80     47229.0
 2025 11 14 01 41 00 000    5.52    -1.37     2.45  -646.00      6.10    -26.10    0.80     47229.0
 2025 11 14 01 42 00 000    5.52    -1.37     2.46  -646.00      6.10    -26.10    0.80     47229.0
 2025 11 14 01 43 00 000    5.63    -1.24     2.30  -646.00      6.10    -26.10    0.80     47229.0
 2025 11 14 01 45 00 000    5.78    -1.13     2.00  -646.00      6.10    -26.10    0.80     47229.0
 2025 11 14 01 46 00 000    5.79    -1.31     1.76  -646.00      6.10    -26.10    0.80     47229.0
 2025 11 14 01 47 00 000    5.03    -2.47     2.52  -651.10     -4.40    -28.50    0.77     33190.0
 2025 11 14 01 48 00 000    5.49    -1.64     2.20  -647.00      3.90    -32.10    0.83     32678.0
 2025 11 14 01 49 00 000    5.50    -1.26     2.48  -644.50     12.40    -30.60    0.89     33250.0
 2025 11 14 01 50 00 000    5.55    -1.36     2.24  -647.80     15.00    -19.20    0.87     35297.0
 2025 11 14 01 51 00 000    5.63    -1.65     1.86  -643.00     14.60    -33.60    0.81     32099.0
 2025 11 14 01 52 00 000    5.61    -1.50     2.06  -643.00     12.40    -34.70    0.81     32962.0
 2025 11 14 01 53 00 000    5.61    -1.12     2.14  -642.40      8.20    -36.40    0.84     34097.0
 2025 11 14 01 54 00 000    5.98    -0.61     1.49  -642.40      8.20    -36.40    0.84     34097.0
 2025 11 14 01 55 00 000    5.90    -1.00     1.52  -642.40      8.20    -36.40    0.84     34097.0
 2025 11 14 01 56 00 000    5.89    -1.07     1.51  -642.40      8.20    -36.40    0.84     34097.0
 2025 11 14 01 57 00 000    5.77    -1.08     1.93  -642.40      8.20    -36.40    0.84     34097.0
 2025 11 14 01 58 00 000    5.70    -0.43     2.59  -635.30      8.70    -18.20    0.87     37380.0
 2025 11 14 01 59 00 000    5.73    -0.81     2.03  -636.30     11.50    -23.00    0.85     33209.0
 2025 11 14 02 00 00 000    5.79    -0.07     2.20  -632.80     17.00    -13.10    0.89     27692.0
 2025 11 14 02 01 00 000    5.86    -0.08     1.98  -633.80     19.90    -17.00    0.95     28850.0
 2025 11 14 02 02 00 000    5.93    -0.06     1.73  -630.80     33.80    -33.10    0.89     29497.0
 2025 11 14 02 03 00 000    5.90    -0.13     1.67  -626.20     36.40    -29.50    0.91     28459.0
 2025 11 14 02 04 00 000    5.76    -0.96     1.67  -630.50     34.00    -37.50    0.89     29583.0
 2025 11 14 02 05 00 000    5.84    -0.56     1.49  -634.40     17.20    -35.50    0.87     29147.0
 2025 11 14 02 06 00 000    5.85     0.03     1.97  -637.80      8.50    -39.90    0.84     30000.0
 2025 11 14 02 07 00 000    5.90     0.08     1.77  -627.10     25.00    -30.60    0.98     30337.0
 2025 11 14 02 08 00 000    5.68    -0.00     2.14  -631.70     26.20    -19.90    0.93     31568.0
 2025 11 14 02 09 00 000    5.60    -0.47     2.23  -641.10     20.10     -8.50    0.84     32220.0
 2025 11 14 02 10 00 000    5.65    -0.65     2.14  -629.90     21.90    -28.70    0.92     28931.0
 2025 11 14 02 11 00 000    5.68    -0.40     2.03  -639.10     19.60    -21.20    0.87     31542.0
 2025 11 14 02 12 00 000    5.49    -0.76     2.37  -634.90     20.70    -25.60    0.84     34856.0
 2025 11 14 02 13 00 000    5.39    -1.05     2.58  -642.80     10.30    -15.10    0.86     35025.0
 2025 11 14 02 14 00 000    5.79    -0.83     1.90  -636.20     12.50    -22.40    0.96     32202.0
 2025 11 14 02 15 00 000    5.68    -0.53     2.21  -639.80     18.60    -17.20    0.85     31829.0
 2025 11 14 02 16 00 000    5.83    -0.25     1.99  -628.90     18.10    -26.50    0.87     28076.0
 2025 11 14 02 17 00 000    5.80    -0.23     2.04  -621.90     32.20    -24.20    0.92     26975.0
 2025 11 14 02 18 00 000    5.80    -0.44     2.15  -623.00     26.70    -29.80    0.95     29800.0
 2025 11 14 02 19 00 000    5.79    -0.39     1.92  -633.60      8.90    -28.60    0.87     31945.0
 2025 11 14 02 20 00 000    5.80    -0.46     1.99  -638.10     11.60    -15.90    0.86     28086.0
 2025 11 14 02 21 00 000    5.79    -0.86     2.23  -629.80     33.60    -24.80    0.88     29082.0
 2025 11 14 02 22 00 000    5.41    -0.88     2.57  -630.30     15.10    -24.60    0.86     28823.0
 2025 11 14 02 23 00 000    5.26    -1.27     2.85  -640.10     11.20    -23.40    0.87     32545.0
 2025 11 14 02 24 00 000    4.99    -1.14     3.59  -640.70     -1.40    -15.20    0.93     28824.0
 2025 11 14 02 25 00 000    5.51    -1.42     2.50  -647.40     -9.70     10.00    1.08     25032.0
 2025 11 14 02 26 00 000    5.34    -1.63     2.62  -641.70     -6.60    -21.30    0.91     29747.0
 2025 11 14 02 27 00 000    5.43    -2.22     1.92  -644.30    -28.70    -40.80    0.86     28936.0
 2025 11 14 02 28 00 000    5.47    -2.19     1.85  -643.60    -27.50    -39.40    0.87     29416.0
 2025 11 14 02 29 00 000    5.48    -2.11     1.93  -638.60     -9.50    -31.40    0.89     33197.0
 2025 11 14 02 30 00 000    5.50    -1.67     1.91  -634.20     -7.20    -42.80    0.87     32522.0
 2025 11 14 02 31 00 000    5.09    -2.10     2.35  -630.30     -6.30    -52.50    0.88     30194.0
 2025 11 14 02 32 00 000    5.32    -2.20     1.85  -633.90    -15.70    -61.10    0.90     27658.0
 2025 11 14 02 33 00 000    4.95    -2.01     2.69  -632.60     -4.20    -31.20    0.97     28251.0
 2025 11 14 02 34 00 000    4.91    -1.73     2.85  -632.10     -7.70    -46.70    0.93     27440.0
 2025 11 14 02 35 00 000    4.86    -1.42     3.22  -648.20    -14.30      6.60    1.19     23799.0
 2025 11 14 02 36 00 000    4.33    -2.10     3.35  -648.20    -14.30      6.80    1.19     23790.0
 2025 11 14 02 37 00 000    6.09    -0.67    -0.56  -648.20    -14.30      6.80    1.19     23790.0
 2025 11 14 02 38 00 000    6.11    -0.64    -0.72  -648.20    -14.30      6.80    1.19     23790.0
 2025 11 14 02 39 00 000    5.66    -1.19     0.12  -648.20    -14.30      6.80    1.19     23790.0
 2025 11 14 02 40 00 000    5.96    -0.14    -0.21  -625.70     43.80    -71.50    0.81     44399.0
 2025 11 14 02 41 00 000    5.78    -0.28    -0.73  -627.60     34.80    -79.00    0.83     38306.0
 2025 11 14 02 42 00 000    5.68    -0.59    -0.33  -630.20     24.70    -90.60    0.84     29323.0
 2025 11 14 02 43 00 000    3.92    -1.59     4.91  -629.90     29.10    -90.80    0.83     29683.0
 2025 11 14 02 44 00 000    3.92    -1.59     4.91  -629.90     29.10    -90.80    0.83     29683.0
 2025 11 14 02 45 00 000    3.99    -1.64     4.81  -629.90     29.10    -90.80    0.83     29683.0
 2025 11 14 02 46 00 000    3.97    -1.89     4.72  -648.80    -13.20      6.20    1.09     25376.0
 2025 11 14 02 47 00 000    4.14    -1.88     4.57  -648.80    -13.20      6.20    1.09     25376.0
 2025 11 14 02 48 00 000    4.13    -2.10     4.51  -648.80    -13.20      6.20    1.09     25376.0
 2025 11 14 02 49 00 000    4.11    -2.01     4.54  -648.80    -13.20      6.20    1.09     25376.0
 2025 11 14 02 50 00 000    4.21    -1.93     4.51  -648.80    -13.20      6.20    1.09     25376.0
 2025 11 14 02 51 00 000    4.11    -1.75     4.65  -648.80    -13.20      6.20    1.09     25376.0
 2025 11 14 02 52 00 000    4.30    -2.30     4.25  -648.30    -15.90     23.30    0.89     27758.0
 2025 11 14 02 53 00 000    4.58    -2.29     3.95  -648.30    -15.90     23.30    0.89     27758.0
 2025 11 14 02 54 00 000    3.97    -2.14     4.63  -648.30    -15.90     23.30    0.89     27758.0
 2025 11 14 02 55 00 000    4.04    -2.25     4.52  -648.30    -15.90     23.30    0.89     27758.0
 2025 11 14 02 56 00 000    4.09    -2.31     4.45  -648.30    -15.90     23.30    0.89     27758.0
 2025 11 14 02 57 00 000    3.88    -2.26     4.65  -648.30    -15.90     23.30    0.89     27758.0
 2025 11 14 02 58 00 000    4.17    -2.38     4.35  -648.30    -15.90     23.30    0.89     27758.0
 2025 11 14 02 59 00 000    4.05    -2.30     4.46  -647.50    -20.00      8.80    1.07     29495.0
 2025 11 14 03 00 00 000    3.78    -2.11     4.73  -647.50    -20.00      8.80    1.07     29495.0
 2025 11 14 03 01 00 000    3.49    -2.17     4.89  -647.50    -20.00      8.80    1.07     29495.0
 2025 11 14 03 02 00 000    3.32    -2.17     5.02  -647.50    -20.00      8.80    1.07     29495.0
 2025 11 14 03 03 00 000    3.44    -1.83     5.17  -647.50    -20.00      8.80    1.07     29495.0
 2025 11 14 03 04 00 000    3.75    -2.31     4.75  -647.50    -20.00      8.80    1.07     29495.0
 2025 11 14 03 05 00 000    3.82    -2.32     4.66  -649.90    -20.10     11.30    1.13     25524.0
 2025 11 14 03 06 00 000    4.04    -2.13     4.57  -649.90    -20.10     11.30    1.13     25524.0
 2025 11 14 03 07 00 000    4.26    -2.80     4.06  -649.90    -20.10     11.30    1.13     25524.0
 2025 11 14 03 08 00 000    4.00    -2.78     4.36  -649.90    -20.10     11.30    1.13     25524.0
 2025 11 14 03 09 00 000    4.14    -2.77     4.26  -649.90    -20.10     11.30    1.13     25524.0
 2025 11 14 03 10 00 000    4.26    -2.65     4.22  -647.50    -21.90      8.80    1.03     24638.0
 2025 11 14 03 11 00 000    4.14    -2.61     4.31  -647.50    -21.90      8.80    1.03     24638.0
 2025 11 14 03 12 00 000    4.07    -2.56     4.37  -647.50    -21.90      8.80    1.03     24638.0
 2025 11 14 03 13 00 000    4.03    -2.29     4.52  -647.50    -21.90      8.80    1.03     24638.0
 2025 11 14 03 14 00 000    4.22    -1.45     4.67  -647.50    -21.90      8.80    1.03     24638.0
 2025 11 14 03 15 00 000    4.18     0.15     4.96  -650.00     -8.10      7.70    1.29     25500.0
 2025 11 14 03 16 00 000    4.29    -0.85     4.72  -650.00     -8.10      7.70    1.29     25500.0
 2025 11 14 03 17 00 000    4.16    -1.05     4.81  -650.00     -8.10      7.70    1.29     25500.0
 2025 11 14 03 18 00 000    4.29    -1.54     4.66  -650.00     -8.10      7.70    1.29     25500.0
 2025 11 14 03 19 00 000    3.96    -1.68     4.94  -650.00     -8.10      7.70    1.29     25500.0
 2025 11 14 03 20 00 000    4.04    -1.86     4.72  -650.00     -8.10      7.70    1.29     25500.0
 2025 11 14 03 21 00 000    4.87    -2.93     3.12  -635.80    -17.30     -1.10    1.09     36553.0
 2025 11 14 03 22 00 000    4.01    -2.37     4.59  -635.80    -17.30     -1.10    1.09     36553.0
 2025 11 14 03 23 00 000    3.95    -2.62     4.53  -646.40    -25.80      9.30    1.08     29152.0
 2025 11 14 03 24 00 000    4.31    -2.76     4.08  -653.00    -31.10     15.70    1.07     24589.0
 2025 11 14 03 25 00 000    4.46    -2.74     3.98  -653.00    -31.10     15.70    1.07     24589.0
 2025 11 14 03 26 00 000    4.70    -2.90     3.58  -653.00    -31.10     15.70    1.07     24589.0
 2025 11 14 03 27 00 000    4.58    -2.81     3.76  -653.00    -31.10     15.70    1.07     24589.0
 2025 11 14 03 28 00 000    4.68    -2.64     3.74  -653.00    -31.10     15.70    1.07     24589.0
 2025 11 14 03 29 00 000    4.47    -2.71     3.95  -638.70    -18.20    -14.40    0.95     24956.0
 2025 11 14 03 30 00 000    4.50    -2.35     3.98  -638.00    -12.00      2.50    1.09     26080.0
 2025 11 14 03 31 00 000    4.47     0.10     4.76  -637.50     -8.20     13.00    1.18     26782.0
 2025 11 14 03 32 00 000    4.62    -0.26     4.54  -646.20     18.90     17.20    1.06     24735.0
 2025 11 14 03 33 00 000    5.02    -1.36     3.83  -646.20     18.90     17.20    1.06     24735.0
 2025 11 14 03 34 00 000    4.92    -1.40     4.00  -646.20     18.90     17.20    1.06     24735.0
 2025 11 14 03 35 00 000    4.89    -0.76     4.18  -633.10      6.60     15.00    1.18     27037.0
 2025 11 14 03 36 00 000    4.92    -0.61     4.19  -633.10      6.60     15.00    1.18     27036.0
 2025 11 14 03 37 00 000    4.78    -0.59     4.33  -632.10     11.60      2.20    1.10     23479.0
 2025 11 14 03 38 00 000    4.74    -0.61     4.35  -632.10     11.60      2.20    1.10     23479.0
 2025 11 14 03 39 00 000    4.78    -0.32     4.33  -632.10     11.60      2.20    1.10     23479.0
 2025 11 14 03 40 00 000    5.02     0.05     4.04  -632.10     13.00     12.30    1.08     23289.0
 2025 11 14 03 41 00 000    4.87     0.05     4.21  -632.10     13.40     12.60    1.07     23727.0
 2025 11 14 03 42 00 000    4.73    -0.47     4.28  -632.70     16.80     14.80    1.12     25637.0
 2025 11 14 03 43 00 000    4.66     0.19     4.30  -633.00     17.40     15.00    1.23     24692.0
 2025 11 14 03 45 00 000    4.74     0.62     4.21  -631.80     24.60     13.90    1.06     26859.0
 2025 11 14 03 46 00 000    4.56    -0.79     4.20  -633.60     13.00     11.90    1.07     27251.0
 2025 11 14 03 47 00 000    4.50    -2.01     4.08  -634.70     -4.70      5.70    1.18     24813.0
 2025 11 14 03 49 00 000    4.64    -1.87     4.01  -632.90     -3.70      2.80    1.27     21840.0
 2025 11 14 03 50 00 000    4.63    -1.84     4.02  -632.90     -3.70      2.80    1.27     21840.0
 2025 11 14 03 51 00 000    4.52    -2.02     4.03  -632.90     -3.70      2.80    1.27     21840.0
 2025 11 14 03 52 00 000    4.48    -1.87     4.14  -631.50    -17.40     11.20    1.42     21247.0
 2025 11 14 03 53 00 000    4.54    -1.83     4.06  -631.50    -17.40     11.20    1.42     21247.0
 2025 11 14 03 54 00 000    4.44    -1.77     4.23  -631.50    -17.40     11.20    1.42     21247.0
 2025 11 14 03 55 00 000    4.38    -1.74     4.27  -632.20     -0.30      1.90    1.20     22793.0
 2025 11 14 03 56 00 000    4.43    -0.82     4.15  -632.20     -0.30      1.90    1.20     22793.0
 2025 11 14 03 57 00 000    4.27    -1.27     4.47  -637.60    -16.60     24.90    1.22     22934.0
 2025 11 14 03 58 00 000    4.21    -1.43     4.55  -637.50    -11.50     23.80    1.31     22435.0
 2025 11 14 03 59 00 000    4.29    -1.55     4.51  -639.50      3.30     26.30    1.38     22867.0
 2025 11 14 04 00 00 000    4.10    -1.93     4.48  -641.30     -9.20     25.40    1.42     22349.0
 2025 11 14 04 01 00 000    4.20    -1.33     4.55  -641.80    -26.80     23.10    1.43     21840.0
 2025 11 14 04 02 00 000    4.05    -1.47     4.60  -639.90    -17.40     23.80    1.26     22501.0
 2025 11 14 04 03 00 000    4.39    -0.92     4.50  -637.00     -2.20     21.30    1.37     25604.0
 2025 11 14 04 04 00 000    4.42    -1.16     4.45  -636.30     -3.90     24.60    1.36     23127.0
 2025 11 14 04 05 00 000    4.23    -2.08     4.42  -636.30    -12.10     25.30    1.26     21819.0
 2025 11 14 04 06 00 000    3.89    -2.02     4.76  -638.10    -17.20     26.90    1.24     23100.0
 2025 11 14 04 07 00 000    3.88    -2.06     4.79  -638.10    -17.20     26.90    1.24     23100.0
 2025 11 14 04 08 00 000    3.78    -1.99     4.89  -636.30     -5.30     16.00    1.17     20680.0
 2025 11 14 04 09 00 000    3.84    -1.96     4.86  -636.00     -3.50     14.30    1.17     20305.0
 2025 11 14 04 10 00 000    3.87    -1.84     4.87  -636.00     -3.50     14.30    1.17     20305.0
 2025 11 14 04 11 00 000    4.12    -1.89     4.65  -628.60    -14.40     17.10    1.17     21383.0
 2025 11 14 04 12 00 000    4.03    -1.90     4.73  -628.60    -14.40     17.10    1.17     21383.0
 2025 11 14 04 13 00 000    4.10    -1.90     4.65  -627.40    -15.10     18.20    0.97     26782.0
 2025 11 14 04 14 00 000    4.27    -1.84     4.54  -627.40    -15.10     18.20    0.97     26782.0
 2025 11 14 04 15 00 000    4.65    -1.99     4.06  -627.40    -15.10     18.20    0.97     26782.0
 2025 11 14 04 16 00 000    4.42    -1.87     4.35  -625.40    -14.50      0.40    1.19     24031.0
 2025 11 14 04 17 00 000    4.41    -1.87     4.38  -625.40    -14.50      0.40    1.19     24031.0
 2025 11 14 04 18 00 000    4.34    -1.81     4.48  -626.20    -15.70      3.10    1.19     22564.0
 2025 11 14 04 19 00 000    4.00    -2.11     4.67  -627.30     -7.90      6.60    1.22     21806.0
 2025 11 14 04 20 00 000    3.96    -2.22     4.65  -629.70      8.60     13.90    1.27     20305.0
 2025 11 14 04 21 00 000    3.91    -2.03     4.72  -628.90     11.30     14.80    1.34     22164.0
 2025 11 14 04 22 00 000    4.18    -1.89     4.59  -628.90     11.30     14.80    1.34     22164.0
 2025 11 14 04 23 00 000    3.74    -2.22     4.80  -625.80     -1.50     23.10    1.28     22582.0
 2025 11 14 04 24 00 000    3.66    -2.14     4.89  -625.80     -1.50     23.10    1.28     22582.0
 2025 11 14 04 25 00 000    4.01    -2.11     4.62  -625.80     -1.50     23.10    1.28     22582.0
 2025 11 14 04 26 00 000    4.21    -1.95     4.54  -628.60    -16.60      1.10    1.17     21726.0
 2025 11 14 04 27 00 000    4.02    -2.23     4.57  -629.90    -11.40      7.90    1.18     21464.0
 2025 11 14 04 28 00 000    4.02    -2.34     4.54  -632.30     -2.40     19.70    1.20     21006.0
 2025 11 14 04 29 00 000    4.21    -2.27     4.40  -632.30     -2.40     19.70    1.20     21006.0
 2025 11 14 04 30 00 000    4.13    -2.42     4.42  -632.30     -2.40     19.70    1.20     21006.0
 2025 11 14 04 31 00 000    4.03    -2.53     4.44  -627.60    -22.90      0.60    1.09     21565.0
 2025 11 14 04 32 00 000    4.33    -2.16     4.34  -626.30    -20.50      7.30    1.00     23237.0
 2025 11 14 04 33 00 000    4.42    -2.40     4.14  -624.40    -17.00     17.20    0.85     25724.0
 2025 11 14 04 34 00 000    4.36    -2.38     4.18  -624.40    -17.00     17.20    0.85     25724.0
 2025 11 14 04 35 00 000    4.28    -2.49     4.17  -626.80    -25.10      0.30    1.21     21956.0
 2025 11 14 04 36 00 000    4.29    -2.46     4.20  -626.80    -25.10      0.30    1.21     21956.0
 2025 11 14 04 37 00 000    4.21    -2.55     4.23  -626.40    -14.50     -0.10    1.17     20931.0
 2025 11 14 04 38 00 000    4.25    -2.52     4.20  -626.30    -14.80      0.80    1.17     20969.0
 2025 11 14 04 39 00 000    4.20    -2.60     4.19  -625.70    -16.90      5.90    1.16     21207.0
 2025 11 14 04 40 00 000    4.07    -2.74     4.23  -627.10    -26.70     15.90    1.10     22564.0
 2025 11 14 04 41 00 000    3.95    -2.76     4.33  -627.20    -27.30     16.60    1.10     22653.0
 2025 11 14 04 42 00 000    3.92    -2.84     4.29  -627.20    -27.30     16.60    1.10     22653.0
 2025 11 14 04 44 00 000    3.61    -3.05     4.49  -627.20    -27.30     16.60    1.10     22653.0
 2025 11 14 04 45 00 000    3.73    -3.03     4.37  -627.20    -27.30     16.60    1.10     22653.0
 2025 11 14 04 46 00 000    3.74    -3.02     4.37  -627.20    -27.30     16.60    1.10     22653.0
 2025 11 14 04 47 00 000    3.72    -3.10     4.31  -627.20    -27.30     16.60    1.10     22653.0
 2025 11 14 04 48 00 000    3.76    -3.03     4.35  -627.20    -27.30     16.60    1.10     22653.0
 2025 11 14 04 49 00 000    3.72    -3.00     4.40  -627.20    -27.30     16.60    1.10     22653.0
 2025 11 14 04 50 00 000    3.77    -2.88     4.43  -628.10    -17.10      0.60    1.17     20327.0
 2025 11 14 04 51 00 000    3.73    -3.12     4.31  -628.10    -17.10      0.60    1.17     20327.0
 2025 11 14 04 52 00 000    3.64    -3.34     4.21  -628.10    -17.10      0.60    1.17     20327.0
 2025 11 14 04 53 00 000    4.04    -2.90     4.15  -628.10    -17.10      0.60    1.17     20327.0
 2025 11 14 04 54 00 000    4.02    -2.93     4.15  -627.30    -18.90     -0.80    1.29     21657.0
 2025 11 14 04 55 00 000    4.13    -2.81     4.13  -627.30    -18.90     -0.80    1.29     21657.0
 2025 11 14 04 56 00 000    4.14    -2.80     4.12  -627.30    -18.90     -0.80    1.29     21657.0
 2025 11 14 04 57 00 000    3.67    -3.11     4.30  -627.30    -18.90     -0.80    1.29     21657.0
 2025 11 14 04 58 00 000    3.77    -3.11     4.23  -630.50    -23.20     14.30    0.98     27862.0
 2025 11 14 04 59 00 000    3.77    -3.18     4.15  -630.50    -23.20     14.30    0.98     27862.0
 2025 11 14 05 00 00 000    3.98    -2.18     4.56  -630.50    -23.20     14.30    0.98     27862.0
 2025 11 14 05 01 00 000    4.06    -2.47     4.36  -621.10    -16.00     20.10    1.03     21611.0
 2025 11 14 05 02 00 000    4.07    -2.65     4.22  -621.10    -16.00     20.10    1.03     21611.0
 2025 11 14 05 03 00 000    4.07    -2.64     4.24  -621.10    -16.00     20.10    1.03     21611.0
 2025 11 14 05 04 00 000    3.98    -2.85     4.18  -621.10    -16.00     20.10    1.03     21611.0
 2025 11 14 05 05 00 000    3.93    -2.78     4.22  -626.70    -28.60     -2.00    0.97     23983.0
 2025 11 14 05 06 00 000    3.78    -2.59     4.39  -626.90    -29.10     -0.60    1.00     23753.0
 2025 11 14 05 07 00 000    3.85    -2.40     4.51  -627.70    -28.50     15.20    1.13     23244.0
 2025 11 14 05 08 00 000    3.84    -2.45     4.49  -625.90    -18.20     24.30    0.94     26513.0
 2025 11 14 05 09 00 000    3.85    -2.48     4.46  -628.50    -21.00     -0.30    1.17     23265.0
 2025 11 14 05 10 00 000    3.88    -2.66     4.34  -628.40    -20.80      0.10    1.18     23180.0
 2025 11 14 05 11 00 000    3.80    -2.71     4.37  -627.80    -21.60      3.70    1.26     21830.0
 2025 11 14 05 12 00 000    3.89    -2.38     4.46  -622.00    -17.40     17.20    1.17     21855.0
 2025 11 14 05 13 00 000    3.94    -2.45     4.38  -625.50    -17.30      5.50    1.12     22716.0
 2025 11 14 05 14 00 000    4.03    -2.29     4.34  -627.00    -18.70      0.50    1.11     22938.0
 2025 11 14 05 15 00 000    4.18    -2.19     4.27  -627.00    -18.70      0.50    1.11     22938.0
 2025 11 14 05 16 00 000    4.17    -2.24     4.21  -618.10    -17.10     23.30    0.99     22559.0
 2025 11 14 05 17 00 000    4.19    -2.25     4.17  -618.10    -17.10     23.30    0.99     22559.0
 2025 11 14 05 18 00 000    4.17    -2.07     4.28  -618.10    -17.10     23.30    0.99     22559.0
 2025 11 14 05 19 00 000    4.18    -2.15     4.18  -621.60    -20.50      7.30    1.07     25849.0
 2025 11 14 05 20 00 000    4.43    -2.14     3.92  -621.60    -20.50      7.30    1.07     25849.0
 2025 11 14 05 21 00 000    4.14    -2.00     4.33  -619.60    -15.80     18.70    1.09     23215.0
 2025 11 14 05 22 00 000    4.43    -1.88     4.02  -615.00     -4.50     14.20    1.19     20832.0
 2025 11 14 05 23 00 000    3.88    -2.03     4.57  -617.30      0.80      7.00    1.23     20789.0
 2025 11 14 05 24 00 000    4.03    -1.84     4.49  -631.00     -3.60     19.30    1.14     21726.0
 2025 11 14 05 25 00 000    4.22    -1.63     4.43  -620.00    -11.60     16.90    1.37     22821.0
 2025 11 14 05 26 00 000    4.24    -1.68     4.41  -618.70    -12.30     19.20    1.32     22503.0
 2025 11 14 05 27 00 000    4.23    -1.72     4.38  -617.50    -12.60     24.50    1.20     21657.0
 2025 11 14 05 28 00 000    3.95    -1.80     4.55  -617.50    -12.60     24.50    1.20     21657.0
 2025 11 14 05 29 00 000    3.96    -1.82     4.49  -617.50    -12.60     24.50    1.20     21657.0
 2025 11 14 05 30 00 000    4.76    -0.84     3.77  -610.70     13.00     -4.70    1.11     17300.0
 2025 11 14 05 31 00 000    4.84    -0.85     3.54  -610.70     13.00     -4.70    1.11     17300.0
 2025 11 14 05 32 00 000    4.70    -1.15     3.82  -610.70     13.00     -4.70    1.11     17300.0
 2025 11 14 05 33 00 000    4.80    -1.07     3.88  -614.10      4.40      9.60    1.36     22691.0
 2025 11 14 05 34 00 000    4.09    -1.78     4.42  -616.40     -4.40     16.20    1.27     22250.0
 2025 11 14 05 35 00 000    3.53    -2.27     4.80  -626.70     -8.90     25.20    1.20     27193.0
 2025 11 14 05 36 00 000    3.81    -1.94     4.66  -634.00     -5.40     26.60    1.23     31699.0
 2025 11 14 05 37 00 000    3.95    -1.51     4.68  -634.00     -5.40     26.60    1.23     31699.0
 2025 11 14 05 38 00 000    4.00    -1.59     4.61  -623.10     12.40     15.60    1.21     22433.0
 2025 11 14 05 39 00 000    3.65    -2.16     4.74  -619.60      9.40     11.80    1.28     22670.0
 2025 11 14 05 40 00 000    3.64    -2.10     4.76  -628.00     -9.30      9.80    1.13     21955.0
 2025 11 14 05 41 00 000    3.85    -2.21     4.37  -628.00    -12.40      7.40    1.22     23034.0
 2025 11 14 05 42 00 000    4.12    -1.35     4.40  -623.90    -18.90      9.80    1.35     24613.0
 2025 11 14 05 43 00 000    3.61    -1.99     4.61  -618.50    -12.40     16.90    1.33     24195.0
 2025 11 14 05 44 00 000    3.76    -2.06     4.48  -618.50    -12.40     16.90    1.33     24195.0
 2025 11 14 05 45 00 000    3.62    -1.81     4.52  -620.30    -20.10     18.10    1.07     25178.0
 2025 11 14 05 46 00 000    3.52    -1.55     4.68  -628.20     -3.10     31.40    1.19     23827.0
 2025 11 14 05 47 00 000    3.67    -2.00     4.47  -634.00     -2.60     26.90    1.22     27304.0
 2025 11 14 05 48 00 000    3.81    -2.42     4.36  -629.90    -24.90      4.30    1.08     32732.0
 2025 11 14 05 49 00 000    3.93    -2.11     4.49  -627.30    -13.00     13.80    1.19     25544.0
 2025 11 14 05 50 00 000    4.19    -1.69     4.48  -627.50      4.80     16.90    1.30     22695.0
 2025 11 14 05 51 00 000    4.05    -2.11     4.39  -627.50      4.80     16.90    1.30     22695.0
 2025 11 14 05 52 00 000    4.01    -2.06     4.45  -627.50      4.80     16.90    1.30     22695.0
 2025 11 14 05 53 00 000    3.94    -1.21     4.84  -627.50      4.80     16.90    1.30     22695.0
 2025 11 14 05 54 00 000    3.89    -2.68     4.34  -619.60    -23.40     16.70    0.94     24321.0
 2025 11 14 05 55 00 000    3.77    -2.69     4.43  -619.60    -23.40     16.70    0.94     24321.0
 2025 11 14 05 56 00 000    3.77    -2.69     4.44  -619.60    -23.40     16.70    0.94     24321.0
 2025 11 14 05 57 00 000    3.81    -2.74     4.39  -619.60    -23.40     16.70    0.94     24321.0
 2025 11 14 05 58 00 000    3.81    -2.89     4.28  -619.60    -23.40     16.70    0.94     24321.0
 2025 11 14 06 00 00 000    4.09    -2.75     4.09  -619.60    -23.40     16.70    0.94     24321.0
 2025 11 14 06 01 00 000    4.10    -2.77     4.07  -619.60    -23.40     16.70    0.94     24321.0
 2025 11 14 06 02 00 000    4.13    -2.68     4.10  -619.60    -23.40     16.70    0.94     24321.0
 2025 11 14 06 03 00 000    4.12    -2.72     4.11  -616.30     -8.00     -3.40    1.08     20729.0
 2025 11 14 06 04 00 000    3.97    -2.59     4.28  -618.30    -14.00      6.00    1.06     22272.0
 2025 11 14 06 05 00 000    3.86    -2.48     4.45  -620.70    -21.10     17.10    1.03     24103.0
 2025 11 14 06 06 00 000    3.92    -2.39     4.43  -621.90    -18.80     12.50    1.10     23812.0
 2025 11 14 06 07 00 000    4.12    -1.81     4.47  -621.20    -18.60     13.60    1.10     23571.0
 2025 11 14 06 08 00 000    4.22    -1.71     4.41  -615.00    -16.20     17.30    1.13     21755.0
 2025 11 14 06 09 00 000    4.41    -1.49     4.32  -614.60     -8.90     12.50    0.99     26538.0
 2025 11 14 06 10 00 000    4.57    -1.39     4.22  -611.50      6.20     13.90    1.13     19974.0
 2025 11 14 06 11 00 000    4.54    -1.51     4.23  -610.10      6.30     11.70    1.15     19648.0
 2025 11 14 06 12 00 000    4.41    -1.67     4.30  -609.50      6.30     10.70    1.16     19493.0
 2025 11 14 06 13 00 000    4.32    -1.66     4.37  -609.50      6.30     10.70    1.16     19493.0
 2025 11 14 06 14 00 000    4.22    -1.94     4.36  -609.50      6.30     10.70    1.16     19493.0
 2025 11 14 06 15 00 000    4.16    -2.34     4.22  -609.50      6.30     10.70    1.16     19493.0
 2025 11 14 06 16 00 000    4.15    -2.25     4.27  -609.50      6.30     10.70    1.16     19493.0
 2025 11 14 06 17 00 000    4.38    -2.01     4.13  -619.80    -21.10     18.60    1.11     23265.0
 2025 11 14 06 18 00 000    4.56    -1.86     4.03  -619.80    -21.10     18.60    1.11     23265.0
 2025 11 14 06 19 00 000    4.39    -1.97     4.16  -619.80    -21.10     18.60    1.11     23265.0
 2025 11 14 06 20 00 000    4.24    -2.11     4.25  -619.80    -21.10     18.60    1.11     23265.0
 2025 11 14 06 21 00 000    4.07    -2.24     4.34  -618.10    -20.20     20.40    1.13     24079.0
 2025 11 14 06 22 00 000    4.14    -2.22     4.28  -618.10    -20.20     20.40    1.13     24079.0
 2025 11 14 06 23 00 000    4.07    -2.30     4.32  -618.10    -20.20     20.40    1.13     24079.0
 2025 11 14 06 24 00 000    4.15    -2.23     4.30  -618.10    -20.20     20.40    1.13     24079.0
 2025 11 14 06 25 00 000    4.32    -1.90     4.24  -616.20    -37.10     -2.10    1.09     19886.0
 2025 11 14 06 26 00 000    4.56    -1.12     4.30  -616.20    -37.10     -2.10    1.09     19886.0
 2025 11 14 06 27 00 000    4.70    -0.92     4.17  -616.20    -37.10     -2.10    1.09     19886.0
 2025 11 14 06 28 00 000    4.61    -1.18     4.21  -610.40      4.80      7.60    1.17     22676.0
 2025 11 14 06 29 00 000    4.57    -1.66     4.10  -611.70     -1.40      9.40    1.08     26431.0
 2025 11 14 06 30 00 000    4.20    -2.31     4.13  -613.70     -8.20     10.70    0.98     29426.0
 2025 11 14 06 31 00 000    4.24    -2.28     4.11  -619.50    -16.10      6.30    1.18     22577.0
 2025 11 14 06 32 00 000    4.10    -1.31     4.63  -617.80    -13.90     -3.90    1.14     22020.0
 2025 11 14 06 33 00 000    4.42    -1.13     4.42  -615.90     -8.50     17.60    1.07     21325.0
 2025 11 14 06 34 00 000    4.32    -1.47     4.39  -615.90     -8.30     21.60    1.06     21315.0
 2025 11 14 06 35 00 000    4.16    -1.31     4.63  -615.90     -8.30     21.60    1.06     21315.0
 2025 11 14 06 36 00 000    4.19    -1.52     4.56  -618.10    -14.20     22.10    1.13     22466.0
 2025 11 14 06 37 00 000    4.23    -1.58     4.47  -618.10    -14.20     22.10    1.13     22466.0
 2025 11 14 06 38 00 000    3.95    -2.10     4.51  -618.10    -14.20     22.10    1.13     22466.0
 2025 11 14 06 39 00 000    4.09    -1.97     4.49  -621.80    -17.50     19.50    1.25     22911.0
 2025 11 14 06 40 00 000    3.88    -2.49     4.42  -621.80    -17.50     19.50    1.25     22911.0
 2025 11 14 06 41 00 000    4.02    -2.13     4.45  -621.80    -17.50     19.50    1.25     22911.0
 2025 11 14 06 42 00 000    4.31    -1.61     4.38  -617.30      0.80     20.70    1.20     22676.0
 2025 11 14 06 43 00 000    4.75    -0.96     4.09  -617.30      0.80     20.70    1.20     22676.0
 2025 11 14 06 44 00 000    4.51    -1.07     4.35  -617.30      0.80     20.70    1.20     22676.0
 2025 11 14 06 45 00 000    4.58    -1.24     4.24  -617.30      0.80     20.70    1.20     22676.0
 2025 11 14 06 46 00 000    4.76    -0.98     4.08  -610.70     11.30     11.80    1.17     22326.0
 2025 11 14 06 47 00 000    4.83    -0.99     4.01  -610.70     11.30     11.80    1.17     22326.0
 2025 11 14 06 48 00 000    4.48    -1.83     4.02  -610.70     11.30     11.80    1.17     22326.0
 2025 11 14 06 49 00 000    5.15    -0.83     3.51  -610.70     11.30     11.80    1.17     22326.0
 2025 11 14 06 50 00 000    4.13    -2.37     3.99  -610.70     11.30     11.80    1.17     22326.0
 2025 11 14 06 51 00 000    4.12    -2.70     3.98  -610.70     11.30     11.80    1.17     22326.0
 2025 11 14 06 52 00 000    4.47    -2.09     3.94  -608.50    -15.50      3.20    1.21     22511.0
 2025 11 14 06 53 00 000    4.12    -2.64     3.95  -616.60    -13.00     18.70    1.11     23260.0
 2025 11 14 06 54 00 000    4.70    -2.71     3.20  -619.00    -12.30     23.20    1.08     23479.0
 2025 11 14 06 55 00 000    4.60    -2.68     3.45  -619.00    -12.30     23.20    1.08     23479.0
 2025 11 14 06 56 00 000    4.47    -2.91     3.45  -610.30    -19.70      7.50    1.26     22233.0
 2025 11 14 06 58 00 000    4.29    -2.98     3.47  -610.60    -20.70      6.80    1.26     22214.0
 2025 11 14 06 59 00 000    4.30    -1.97     4.04  -615.60    -38.60     -4.60    1.17     21887.0
 2025 11 14 07 00 00 000    4.26    -1.38     4.29  -615.70    -37.20     -3.30    1.17     21905.0
 2025 11 14 07 01 00 000    4.20    -1.10     4.63  -617.30     -7.00     25.70    1.25     22303.0
 2025 11 14 07 02 00 000    4.18    -0.31     4.74  -617.30     -7.00     25.70    1.25     22303.0
 2025 11 14 07 03 00 000    4.14    -0.19     4.79  -617.30     -7.00     25.70    1.25     22303.0
 2025 11 14 07 04 00 000    4.20    -1.62     4.45  -613.60     13.20     19.70    1.28     23005.0
 2025 11 14 07 05 00 000    4.46    -1.42     4.23  -613.60     13.20     19.70    1.28     23005.0
 2025 11 14 07 06 00 000    4.34    -1.39     4.35  -613.60     13.20     19.70    1.28     23005.0
 2025 11 14 07 07 00 000    4.21    -0.15     4.64  -611.20     17.10     16.60    1.04     20084.0
 2025 11 14 07 08 00 000    4.41    -0.27     4.49  -611.20     17.10     16.60    1.04     20084.0
 2025 11 14 07 09 00 000    4.23    -0.76     4.57  -611.20     17.10     16.60    1.04     20085.0
 2025 11 14 07 10 00 000    4.29    -1.10     4.44  -611.40      9.00     14.10    1.06     22850.0
 2025 11 14 07 11 00 000    4.46    -1.25     4.23  -612.50     -2.40     10.20    0.99     28037.0
 2025 11 14 07 12 00 000    4.37    -1.06     4.36  -614.50     -1.70     25.00    1.44     25400.0
 2025 11 14 07 13 00 000    3.94    -0.50     4.85  -614.60     -1.80     25.00    1.43     25301.0
 2025 11 14 07 14 00 000    3.92    -0.65     4.83  -618.50     -5.00     25.00    1.20     22115.0
 2025 11 14 07 15 00 000    4.03    -0.31     4.78  -618.80     -5.20     25.00    1.18     21887.0
 2025 11 14 07 16 00 000    4.26    -0.25     4.59  -618.80     -5.20     25.00    1.18     21887.0
 2025 11 14 07 17 00 000    4.35    -0.87     4.33  -612.60      9.70     20.80    1.15     22204.0
 2025 11 14 07 18 00 000    4.43    -1.35     4.06  -612.50      9.80     20.60    1.15     22182.0
 2025 11 14 07 19 00 000    4.45    -1.37     4.01  -610.30      7.90     13.30    1.20     22518.0
 2025 11 14 07 20 00 000    4.34    -1.23     4.21  -611.90      0.50     17.80    1.17     23735.0
 2025 11 14 07 21 00 000    4.26    -1.52     4.17  -611.80     -1.00     12.40    1.16     24866.0
 2025 11 14 07 22 00 000    4.31    -1.64     4.12  -612.50     -2.20     11.90    1.13     29985.0
 2025 11 14 07 23 00 000    4.31    -1.41     4.20  -609.30      2.40     10.90    1.14     21373.0
 2025 11 14 07 24 00 000    4.27    -0.91     4.35  -610.20     -2.60     11.60    1.27     23221.0
 2025 11 14 07 25 00 000    4.52    -0.75     4.21  -610.70      9.60     16.20    1.17     25426.0
 2025 11 14 07 26 00 000    4.35    -1.29     4.22  -609.80      9.50     17.40    1.15     24507.0
 2025 11 14 07 27 00 000    4.08    -1.62     4.31  -613.40     -3.30     19.70    1.13     23483.0
 2025 11 14 07 28 00 000    4.17    -1.39     4.27  -611.80     -4.10     14.30    1.00     31611.0
 2025 11 14 07 29 00 000    4.28    -1.49     4.11  -609.70      7.70     15.60    1.10     23083.0
 2025 11 14 07 30 00 000    4.37    -1.41     4.07  -609.60      8.90     16.10    1.11     21909.0
 2025 11 14 07 31 00 000    4.29    -1.50     4.07  -608.80      6.50     17.20    1.12     21190.0
 2025 11 14 07 32 00 000    4.18    -2.02     3.97  -607.30      6.00     16.20    1.13     21132.0
 2025 11 14 07 33 00 000    4.42    -1.42     3.97  -607.90      4.90     14.10    1.06     22256.0
 2025 11 14 07 34 00 000    4.00    -1.72     4.29  -607.90      4.90     14.10    1.06     22256.0
 2025 11 14 07 35 00 000    4.10    -2.88     3.53  -607.90      4.90     14.10    1.06     22256.0
 2025 11 14 07 36 00 000    3.86    -2.70     3.94  -611.90    -17.20     15.30    1.05     23029.0
 2025 11 14 07 37 00 000    3.49    -3.04     4.00  -613.00    -17.20     16.10    1.04     23430.0
 2025 11 14 07 38 00 000    3.83    -2.47     4.09  -617.40    -17.00     19.20    1.02     24962.0
 2025 11 14 07 39 00 000    3.75    -2.62     4.04  -613.10     -4.20     15.50    1.17     21974.0
 2025 11 14 07 40 00 000    3.90    -2.35     4.07  -611.70      4.40     17.90    1.09     21224.0
 2025 11 14 07 41 00 000    3.87    -2.70     3.85  -611.40      6.20     18.40    1.07     21066.0
 2025 11 14 07 42 00 000    3.86    -2.35     4.09  -611.40      6.20     18.40    1.07     21066.0
 2025 11 14 07 43 00 000    3.97    -2.29     4.02  -611.40      6.20     18.40    1.07     21066.0
 2025 11 14 07 44 00 000    3.87    -2.78     3.83  -611.40      6.20     18.40    1.07     21066.0
 2025 11 14 07 45 00 000    3.44    -3.73     3.40  -610.10    -19.20      9.80    1.15     20841.0
 2025 11 14 07 46 00 000    3.65    -3.00     3.90  -610.10    -19.30      7.20    1.12     21123.0
 2025 11 14 07 47 00 000    3.40    -2.89     4.18  -613.10    -25.90     12.40    1.08     22109.0
 2025 11 14 07 48 00 000    3.33    -3.18     4.04  -615.90    -26.30     18.90    1.05     23032.0
 2025 11 14 07 49 00 000    3.48    -3.27     3.86  -615.10    -16.40      2.50    1.12     20845.0
 2025 11 14 07 50 00 000    3.53    -3.01     4.01  -614.70    -11.70      8.90    1.15     20574.0
 2025 11 14 07 51 00 000    3.65    -2.83     4.04  -614.40     -8.50     13.30    1.17     20392.0
 2025 11 14 07 52 00 000    3.54    -2.80     4.12  -614.40     -8.50     13.30    1.17     20392.0
 2025 11 14 07 53 00 000    3.87    -2.60     3.96  -610.10     -2.50     11.20    1.07     21315.0
 2025 11 14 07 54 00 000    3.46    -3.08     4.01  -610.10     -2.50     11.20    1.07     21315.0
 2025 11 14 07 55 00 000    3.37    -3.24     3.94  -610.10     -2.50     11.20    1.07     21315.0
 2025 11 14 07 56 00 000    3.31    -3.13     4.06  -610.10     -2.50     11.20    1.07     21315.0
 2025 11 14 07 57 00 000    3.59    -2.91     3.99  -610.10     -2.50     11.20    1.07     21315.0
 2025 11 14 07 58 00 000    3.47    -3.08     3.97  -618.70    -14.70      9.60    0.96     30655.0
 2025 11 14 07 59 00 000    3.50    -2.95     4.02  -618.70    -14.70      9.60    0.96     30655.0
 2025 11 14 08 00 00 000    3.86    -1.61     4.48  -618.70    -14.70      9.60    0.96     30655.0
 2025 11 14 08 01 00 000    4.34    -1.89     3.95  -607.10    -14.00     13.40    1.11     22466.0
 2025 11 14 08 02 00 000    4.48    -1.95     3.76  -607.10    -14.00     13.40    1.11     22466.0
 2025 11 14 08 03 00 000    4.50    -1.87     3.77  -607.10    -14.00     13.40    1.11     22466.0
 2025 11 14 08 04 00 000    4.25    -2.01     3.95  -607.10    -14.00     13.40    1.11     22466.0
 2025 11 14 08 05 00 000    3.95    -2.12     4.23  -607.30    -14.50      3.50    1.16     21887.0
 2025 11 14 08 06 00 000    4.02    -2.36     4.03  -607.30    -14.50      3.50    1.16     21887.0
 2025 11 14 08 07 00 000    3.86    -1.99     4.34  -608.30      2.90     11.20    1.18     22832.0
 2025 11 14 08 08 00 000    3.84    -1.85     4.43  -611.70     -6.80     17.80    1.13     24235.0
 2025 11 14 08 09 00 000    3.67    -1.84     4.58  -613.80    -13.00     22.00    1.09     25122.0
 2025 11 14 08 10 00 000    3.61    -2.14     4.49  -613.80    -13.00     22.00    1.09     25122.0
 2025 11 14 08 11 00 000    3.67    -2.54     4.21  -610.90      1.10      9.20    1.15     19952.0
 2025 11 14 08 12 00 000    3.72    -1.92     4.53  -610.90      1.10      9.20    1.15     19952.0
 2025 11 14 08 13 00 000    3.79    -1.86     4.54  -610.90      1.10      9.20    1.15     19952.0
 2025 11 14 08 14 00 000    3.93    -1.68     4.48  -610.90      1.10      9.20    1.15     19952.0
 2025 11 14 08 15 00 000    3.96    -1.68     4.42  -610.90      1.10      9.20    1.15     19952.0
 2025 11 14 08 16 00 000    3.14    -2.78     3.70  -610.90      1.10      9.20    1.15     19952.0
 2025 11 14 08 17 00 000    2.44    -5.00     2.50  -623.20    -35.20    -24.60    1.32     18570.0
 2025 11 14 08 18 00 000    2.86    -4.61     2.90  -623.20    -35.20    -24.60    1.32     18570.0
 2025 11 14 08 19 00 000    3.14    -4.04     3.47  -622.60    -30.50     -5.60    1.03     25799.0
 2025 11 14 08 20 00 000    3.26    -4.03     3.38  -621.90    -31.10     -7.20    1.06     24102.0
 2025 11 14 08 21 00 000    3.36    -3.82     3.44  -619.20    -33.30    -13.00    1.19     17712.0
 2025 11 14 08 22 00 000    3.35    -4.00     3.27  -618.80    -31.80    -17.40    1.20     17849.0
 2025 11 14 08 23 00 000    3.65    -3.88     3.16  -618.50    -30.80    -20.40    1.21     17940.0
 2025 11 14 08 24 00 000    3.84    -3.60     3.24  -614.10    -30.00     -9.00    1.29     18771.0
 2025 11 14 08 25 00 000    4.06    -3.48     3.16  -609.20    -29.00      3.90    1.37     19711.0
 2025 11 14 08 26 00 000    3.51    -3.47     3.79  -613.30    -21.50      1.20    1.25     18254.0
 2025 11 14 08 27 00 000    3.64    -3.33     3.79  -614.80    -18.70      0.20    1.20     17712.0
 2025 11 14 08 28 00 000    3.72    -3.31     3.76  -607.90    -25.30      8.30    1.21     19320.0
 2025 11 14 08 29 00 000    3.80    -3.28     3.68  -607.90    -25.30      8.30    1.21     19320.0
 2025 11 14 08 30 00 000    3.87    -2.82     3.91  -608.00    -21.20      7.50    1.31     19255.0
 2025 11 14 08 31 00 000    3.77    -2.70     4.06  -608.00    -21.20      7.50    1.31     19255.0
 2025 11 14 08 32 00 000    3.77    -2.73     4.05  -609.50    -19.00     13.10    1.43     18359.0
 2025 11 14 08 33 00 000    3.89    -2.43     4.14  -609.50    -19.00     13.10    1.43     18359.0
 2025 11 14 08 34 00 000    3.92    -2.34     4.15  -609.50    -19.00     13.10    1.43     18359.0
 2025 11 14 08 35 00 000    3.92    -2.43     4.10  -609.50    -19.00     13.10    1.43     18359.0
 2025 11 14 08 36 00 000    3.97    -2.28     4.11  -608.50    -12.90      5.10    1.17     30384.0
 2025 11 14 08 37 00 000    3.95    -2.36     4.11  -608.20    -15.30      4.40    1.16     28656.0
 2025 11 14 08 38 00 000    4.05    -2.29     4.04  -607.20    -25.10      1.70    1.10     21451.0
 2025 11 14 08 39 00 000    4.22    -1.92     3.97  -607.20    -25.10      1.70    1.10     21451.0
 2025 11 14 08 40 00 000    4.22    -2.04     3.93  -605.30    -12.70      1.80    1.35     21270.0
 2025 11 14 08 41 00 000    4.34    -2.21     3.71  -605.20    -12.90      2.20    1.34     21311.0
 2025 11 14 08 42 00 000    4.25    -2.29     3.74  -600.70    -22.30     17.30    1.06     22904.0
 2025 11 14 08 43 00 000    4.26    -2.19     3.74  -600.70    -22.30     17.40    1.06     22911.0
 2025 11 14 08 44 00 000    4.40    -2.82     3.14  -607.00    -15.40     13.20    1.23     24007.0
 2025 11 14 08 45 00 000    4.39    -2.85     3.14  -607.00    -15.40     13.20    1.23     24007.0
 2025 11 14 08 46 00 000    4.38    -2.48     3.36  -607.00    -15.40     13.20    1.23     24007.0
 2025 11 14 08 47 00 000    4.48    -1.99     3.65  -607.00    -15.40     13.20    1.23     24007.0
 2025 11 14 08 48 00 000    4.34    -2.32     3.59  -601.20    -17.40     -2.50    1.21     22033.0
 2025 11 14 08 49 00 000    4.64    -2.31     3.22  -605.70    -21.00      5.10    1.27     21884.0
 2025 11 14 08 50 00 000    5.23    -1.74     2.73  -609.90    -24.40     12.10    1.32     21749.0
 2025 11 14 08 51 00 000    5.16    -1.90     2.79  -609.90    -24.40     12.10    1.32     21749.0
 2025 11 14 08 52 00 000    4.98    -1.93     3.06  -609.90    -24.40     12.10    1.32     21749.0
 2025 11 14 08 53 00 000    4.80    -1.82     3.38  -595.90     -4.10      3.10    1.14     23370.0
 2025 11 14 08 54 00 000    4.52    -1.92     3.71  -596.60     -7.40      6.50    1.13     23702.0
 2025 11 14 08 55 00 000    4.63    -1.84     3.63  -596.70     -7.60      6.70    1.13     23719.0
 2025 11 14 08 56 00 000    4.70    -2.11     3.45  -596.70     -7.60      6.70    1.13     23719.0
 2025 11 14 08 57 00 000    4.73    -2.19     3.31  -596.70     -7.60      6.70    1.13     23719.0
 2025 11 14 08 58 00 000    4.78    -2.22     3.20  -596.70     -7.60      6.70    1.13     23719.0
 2025 11 14 08 59 00 000    4.80    -2.22     3.14  -596.70     -7.60      6.70    1.13     23719.0
 2025 11 14 09 00 00 000    4.82    -2.17     3.14  -597.60    -15.90     -8.40    1.09     22025.0
 2025 11 14 09 01 00 000    4.77    -2.19     3.22  -597.60    -15.90     -8.40    1.09     22025.0
 2025 11 14 09 02 00 000    4.71    -2.13     3.38  -598.30    -16.30     -5.80    1.09     22094.0
 2025 11 14 09 03 00 000    4.69    -2.09     3.41  -598.30    -16.30     -5.80    1.09     22094.0
 2025 11 14 09 04 00 000    4.79    -2.04     3.29  -598.30    -16.30     -5.80    1.09     22094.0
 2025 11 14 09 05 00 000    4.76    -1.92     3.40  -597.50    -15.30     -9.80    1.14     22094.0
 2025 11 14 09 06 00 000    4.81    -1.96     3.44  -597.00    -16.00     -7.90    1.15     21653.0
 2025 11 14 09 07 00 000    4.76    -2.14     3.45  -592.90    -22.60      9.40    1.20     17649.0
 2025 11 14 09 08 00 000    4.72    -3.00     2.83  -597.00    -21.50     -5.80    1.27     18403.0
 2025 11 14 09 09 00 000    4.70    -3.19     2.68  -599.70    -20.80    -15.60    1.30     18890.0
 2025 11 14 09 10 00 000    4.65    -3.15     2.75  -600.30    -18.60    -14.30    1.31     18815.0
 2025 11 14 09 11 00 000    4.53    -3.19     2.90  -600.70    -17.00    -13.30    1.31     18762.0
 2025 11 14 09 12 00 000    4.65    -3.27     2.62  -600.60    -17.10    -13.30    1.31     18774.0
 2025 11 14 09 13 00 000    4.76    -2.84     2.94  -597.80    -18.10     -6.50    1.28     18855.0
 2025 11 14 09 14 00 000    4.98    -2.53     2.83  -595.70    -16.30      3.60    1.35     18631.0
 2025 11 14 09 15 00 000    5.07    -2.65     2.61  -595.70    -16.30      3.60    1.35     18631.0
 2025 11 14 09 16 00 000    4.92    -2.44     3.11  -595.70    -16.30      3.60    1.35     18631.0
 2025 11 14 09 17 00 000    4.90    -2.59     2.99  -595.70    -16.30      3.60    1.35     18631.0
 2025 11 14 09 18 00 000    4.89    -2.88     2.76  -595.70    -16.30      3.60    1.35     18631.0
 2025 11 14 09 19 00 000    5.15    -2.53     2.61  -595.70    -16.30      3.60    1.35     18631.0
 2025 11 14 09 20 00 000    4.94    -2.94     2.64  -595.70    -16.30      3.60    1.35     18631.0
 2025 11 14 09 21 00 000    4.89    -3.13     2.50  -595.70    -16.30      3.60    1.35     18631.0
 2025 11 14 09 22 00 000    5.00    -3.00     2.51  -595.70    -16.30      3.60    1.35     18631.0
 2025 11 14 09 23 00 000    5.09    -2.89     2.46  -595.70    -16.30      3.60    1.35     18631.0
 2025 11 14 09 24 00 000    5.03    -2.56     2.83  -597.80    -12.20    -12.00    1.40     20205.0
 2025 11 14 09 25 00 000    4.92    -1.40     3.64  -595.70    -15.90     -0.30    1.49     20714.0
 2025 11 14 09 26 00 000    5.02    -1.25     3.43  -593.40    -15.00      9.50    1.56     20318.0
 2025 11 14 09 27 00 000    4.78    -2.35     3.27  -592.70    -12.80     11.10    1.62     20106.0
 2025 11 14 09 28 00 000    4.86    -2.46     3.06  -592.70    -12.80     11.10    1.62     20106.0
 2025 11 14 09 29 00 000    4.90    -2.45     3.01  -596.00    -22.00     -0.00    1.27     23612.0
 2025 11 14 09 30 00 000    4.89    -2.79     2.75  -596.40    -24.40     -1.10    1.24     22386.0
 2025 11 14 09 31 00 000    4.88    -2.81     2.68  -597.80    -31.60     -4.10    1.17     18698.0
 2025 11 14 09 32 00 000    4.90    -2.93     2.54  -593.50    -17.50      0.90    1.53     18422.0
 2025 11 14 09 33 00 000    4.79    -2.95     2.78  -593.50    -17.50      0.90    1.53     18422.0
 2025 11 14 09 34 00 000    4.68    -3.06     2.85  -596.70    -27.00     -7.30    1.46     19043.0
 2025 11 14 09 35 00 000    4.73    -3.07     2.75  -596.80    -21.50     -8.00    1.46     18923.0
 2025 11 14 09 36 00 000    4.77    -3.08     2.70  -596.60    -22.00     -7.70    1.44     18889.0
 2025 11 14 09 37 00 000    4.93    -2.82     2.69  -596.00    -34.60     -5.00    1.32     18933.0
 2025 11 14 09 38 00 000    4.79    -2.95     2.79  -596.80    -34.40     -5.00    1.32     20211.0
 2025 11 14 09 39 00 000    4.75    -3.12     2.66  -598.60    -34.10     -5.10    1.31     23052.0
 2025 11 14 09 40 00 000    4.74    -3.18     2.65  -598.60    -34.10     -5.10    1.31     23052.0
 2025 11 14 09 41 00 000    4.75    -3.15     2.64  -596.40    -35.60     -7.70    1.23     19820.0
 2025 11 14 09 42 00 000    4.80    -3.09     2.63  -596.40    -35.60     -7.70    1.23     19820.0
 2025 11 14 09 43 00 000    4.75    -3.13     2.67  -596.40    -35.60     -7.70    1.23     19820.0
 2025 11 14 09 44 00 000    4.62    -3.20     2.80  -596.90    -23.40     -5.60    1.36     28096.0
 2025 11 14 09 45 00 000    4.69    -3.20     2.67  -596.90    -23.80     -5.50    1.37     27707.0
 2025 11 14 09 46 00 000    4.54    -3.23     2.80  -597.50    -30.70     -4.40    1.44     20964.0
 2025 11 14 09 47 00 000    4.42    -3.26     2.93  -597.50    -31.30     -4.30    1.45     20350.0
 2025 11 14 09 48 00 000    4.75    -3.20     2.60  -597.50    -31.30     -4.30    1.45     20350.0
 2025 11 14 09 49 00 000    4.53    -3.35     2.76  -592.30    -18.10      2.60    1.43     19165.0
 2025 11 14 09 50 00 000    4.48    -3.27     2.73  -596.60    -30.50     -3.30    1.43     19786.0
 2025 11 14 09 51 00 000    4.21    -3.46     2.86  -598.60    -36.50     -6.10    1.43     20084.0
 2025 11 14 09 52 00 000    4.13    -3.48     2.90  -598.60    -36.50     -6.10    1.43     20084.0
 2025 11 14 09 53 00 000    4.24    -3.51     2.73  -601.60    -23.10    -16.90    2.10     17732.0
 2025 11 14 09 54 00 000    4.39    -3.41     2.64  -601.60    -23.10    -16.90    2.10     17732.0
 2025 11 14 09 55 00 000    4.46    -3.35     2.63  -599.50    -21.60    -15.10    1.98     18954.0
 2025 11 14 09 56 00 000    4.43    -3.37     2.76  -599.50    -21.60    -15.10    1.98     18954.0
 2025 11 14 09 57 00 000    4.60    -3.32     2.64  -599.50    -21.60    -15.10    1.98     18954.0
 2025 11 14 09 58 00 000    4.64    -3.27     2.63  -599.50    -21.60    -15.10    1.98     18954.0
 2025 11 14 09 59 00 000    4.64    -3.30     2.65  -596.20     -9.80    -10.60    1.60     18655.0
 2025 11 14 10 00 00 000    4.64    -3.29     2.62  -595.60    -13.60     -7.00    1.59     19014.0
 2025 11 14 10 01 00 000    4.64    -3.39     2.50  -596.10    -28.80     -1.10    1.58     19079.0
 2025 11 14 10 02 00 000    4.70    -3.37     2.42  -598.50    -36.00     -4.80    1.60     18065.0
 2025 11 14 10 03 00 000    4.66    -3.43     2.40  -598.50    -36.00     -4.80    1.60     18065.0
 2025 11 14 10 04 00 000    4.71    -3.40     2.34  -598.50    -36.00     -4.80    1.60     18065.0
 2025 11 14 10 05 00 000    4.79    -3.26     2.37  -594.40    -23.60    -11.70    1.69     22582.0
 2025 11 14 10 06 00 000    4.76    -3.31     2.39  -594.40    -23.60    -11.70    1.69     22582.0
 2025 11 14 10 07 00 000    4.66    -3.33     2.55  -597.50    -38.10     -7.40    1.65     15682.0
 2025 11 14 10 08 00 000    4.71    -3.17     2.66  -596.80    -28.50     -7.80    1.66     15710.0
 2025 11 14 10 09 00 000    4.73    -3.24     2.58  -595.60    -14.60     -8.90    1.69     15865.0
 2025 11 14 10 10 00 000    4.90    -3.07     2.49  -595.70    -39.30    -11.40    1.71     16584.0
 2025 11 14 10 11 00 000    4.79    -3.06     2.74  -595.70    -39.50    -11.40    1.71     16591.0
 2025 11 14 10 12 00 000    4.77    -3.06     2.76  -595.70    -39.50    -11.40    1.71     16591.0
 2025 11 14 10 13 00 000    4.85    -3.04     2.65  -595.70    -39.50    -11.40    1.71     16591.0
 2025 11 14 10 14 00 000    4.87    -2.98     2.68  -595.70    -39.50    -11.40    1.71     16591.0
 2025 11 14 10 15 00 000    4.96    -2.99     2.52  -591.60    -17.10      6.80    1.55     16193.0
 2025 11 14 10 16 00 000    4.83    -2.96     2.77  -591.60    -17.10      6.80    1.55     16193.0
 2025 11 14 10 17 00 000    4.91    -3.05     2.51  -591.70    -19.30      4.80    1.67     16218.0
 2025 11 14 10 18 00 000    4.94    -3.03     2.50  -591.70    -20.50      3.70    1.74     16232.0
 2025 11 14 10 19 00 000    5.01    -2.93     2.48  -591.70    -20.50      3.70    1.74     16232.0
 2025 11 14 10 20 00 000    4.94    -2.92     2.62  -591.00    -17.80      3.60    1.78     16114.0
 2025 11 14 10 21 00 000    4.86    -3.18     2.46  -591.00    -17.80      3.60    1.78     16114.0
 2025 11 14 10 22 00 000    4.88    -3.13     2.48  -592.50    -21.10      0.80    1.70     16631.0
 2025 11 14 10 23 00 000    4.87    -3.26     2.38  -592.50    -21.10      0.80    1.70     16631.0
 2025 11 14 10 24 00 000    4.81    -3.17     2.59  -592.50    -21.10      0.80    1.70     16631.0
 2025 11 14 10 25 00 000    4.93    -3.23     2.34  -592.70    -25.00     -5.70    1.63     23039.0
 2025 11 14 10 26 00 000    4.79    -3.14     2.83  -592.80    -24.90     -3.10    1.62     21655.0
 2025 11 14 10 27 00 000    4.90    -3.11     2.68  -597.50    -28.80      4.90    1.46     22553.0
 2025 11 14 10 28 00 000    5.08    -3.07     2.49  -597.50    -28.80      4.90    1.46     22582.0
 2025 11 14 10 29 00 000    4.34    -2.98     3.56  -597.50    -28.80      4.90    1.46     22582.0
 2025 11 14 10 30 00 000    3.76    -3.20     3.94  -607.10    -25.20     -0.80    1.23     22582.0
 2025 11 14 10 31 00 000    4.21    -2.87     3.78  -607.10    -25.20     -0.80    1.23     22582.0
 2025 11 14 10 32 00 000    4.10    -2.87     3.95  -599.70    -40.00      6.70    1.47     20350.0
 2025 11 14 10 33 00 000    4.20    -2.83     3.79  -599.70    -40.00      6.70    1.47     20350.0
 2025 11 14 10 34 00 000    4.19    -2.87     3.77  -599.70    -40.00      6.70    1.47     20350.0
 2025 11 14 10 35 00 000    4.18    -2.92     3.74  -599.70    -40.00      6.70    1.47     20350.0
 2025 11 14 10 36 00 000    4.15    -2.95     3.75  -599.70    -40.00      6.70    1.47     20350.0
 2025 11 14 10 37 00 000    4.23    -2.80     3.76  -599.70    -40.00      6.70    1.47     20350.0
 2025 11 14 10 38 00 000    4.31    -2.71     3.73  -599.70    -40.00      6.70    1.47     20350.0
 2025 11 14 10 39 00 000    4.31    -2.68     3.75  -599.70    -40.00      6.70    1.47     20350.0
 2025 11 14 10 40 00 000    4.21    -2.77     3.78  -596.70    -15.90      4.30    1.70     16332.0
 2025 11 14 10 41 00 000    4.31    -2.76     3.69  -596.70    -15.90      4.30    1.70     16332.0
 2025 11 14 10 42 00 000    4.45    -2.76     3.45  -596.40    -12.50     -0.40    1.94     15046.0
 2025 11 14 10 43 00 000    4.60    -2.68     3.30  -596.40    -12.50     -0.40    1.94     15046.0
 2025 11 14 10 44 00 000    4.45    -2.61     3.57  -594.30    -20.50      8.90    2.01     15400.0
 2025 11 14 10 45 00 000    4.51    -2.55     3.53  -594.00    -21.60     10.20    2.01     15449.0
 2025 11 14 10 46 00 000    4.57    -2.50     3.46  -594.10    -21.60      6.80    1.99     21863.0
 2025 11 14 10 47 00 000    4.84    -2.07     3.32  -594.10    -21.60      6.40    1.99     22629.0
 2025 11 14 10 48 00 000    4.83    -2.29     3.16  -594.10    -21.60      6.40    1.99     22629.0
 2025 11 14 10 49 00 000    4.89    -2.53     2.94  -591.40    -19.10      6.70    2.29     15469.0
 2025 11 14 10 50 00 000    4.78    -2.73     2.90  -591.40    -19.10      6.70    2.29     15469.0
 2025 11 14 10 51 00 000    4.43    -2.56     3.43  -592.40    -21.50      9.70    2.14     14877.0
 2025 11 14 10 52 00 000    4.39    -2.28     3.54  -588.60     -9.10     34.20    2.14     14532.0
 2025 11 14 10 53 00 000    4.50    -2.61     3.38  -591.70    -19.20     12.80    2.30     15058.0
 2025 11 14 10 54 00 000    4.51    -2.70     3.32  -592.50    -21.90      7.20    2.33     15180.0
 2025 11 14 10 55 00 000    4.52    -2.78     3.25  -593.70    -23.50      8.00    2.26     15334.0
 2025 11 14 10 56 00 000    4.19    -2.72     3.73  -597.30    -33.10     13.60    1.93     17817.0
 2025 11 14 10 57 00 000    4.08    -2.43     3.89  -596.70    -32.10     13.10    1.94     17599.0
 2025 11 14 10 58 00 000    4.45    -2.38     3.57  -592.80    -23.30      8.30    2.07     15748.0
 2025 11 14 10 59 00 000    4.58    -2.63     3.36  -592.80    -25.30      9.00    1.92     16152.0
 2025 11 14 11 00 00 000    4.57    -2.61     3.40  -592.40    -24.40      7.30    1.83     19500.0
 2025 11 14 11 01 00 000    4.45    -2.60     3.55  -593.10    -26.60      9.70    2.00     17434.0
 2025 11 14 11 02 00 000    4.16    -2.46     4.07  -596.30    -17.90     10.00    1.96     16106.0
 2025 11 14 11 03 00 000    3.54    -0.75     4.72  -598.80    -11.90     10.00    1.82     16015.0
 2025 11 14 11 04 00 000    4.15    -1.72     4.23  -598.80    -11.90     10.00    1.82     16015.0
 2025 11 14 11 05 00 000    4.07    -3.03     3.72  -593.30    -32.50     10.30    2.04     15228.0
 2025 11 14 11 06 00 000    3.94    -2.63     4.01  -593.00    -32.40     10.10    2.16     14707.0
 2025 11 14 11 07 00 000    3.78    -1.69     4.59  -595.20    -12.80      7.70    1.88     16140.0
 2025 11 14 11 08 00 000    3.19    -1.55     5.00  -600.90    -20.20     14.50    2.05     16218.0
 2025 11 14 11 09 00 000    3.50    -1.94     4.77  -604.60    -27.00     19.30    2.20     16114.0
 2025 11 14 11 10 00 000    3.59    -2.20     4.65  -604.60    -27.00     19.30    2.20     16114.0
 2025 11 14 11 11 00 000    3.50    -1.44     4.74  -604.60    -27.00     19.30    2.20     16114.0
 2025 11 14 11 12 00 000    3.90    -2.68     4.13  -604.60    -27.00     19.30    2.20     16114.0
 2025 11 14 11 13 00 000    3.54    -2.44     4.54  -604.60    -27.00     19.30    2.20     16114.0
 2025 11 14 11 14 00 000    3.18    -1.26     4.99  -604.60    -27.00     19.30    2.20     16114.0
 2025 11 14 11 15 00 000    3.18    -0.98     5.03  -604.60    -27.00     19.30    2.20     16114.0
 2025 11 14 11 16 00 000    2.99    -2.39     4.95  -604.60    -27.00     19.30    2.20     16114.0
 2025 11 14 11 17 00 000    2.91    -2.14     5.09  -604.60    -27.00     19.30    2.20     16114.0
 2025 11 14 11 18 00 000    3.04    -1.48     5.03  -608.60    -19.30      3.20    2.00     19908.0
 2025 11 14 11 19 00 000    2.90    -1.38     5.19  -608.60    -19.30      3.20    2.00     19908.0
 2025 11 14 11 20 00 000    2.89    -2.10     5.12  -582.70    -15.30     31.60    2.05     15180.0
 2025 11 14 11 21 00 000    2.93    -1.20     5.20  -595.70    -26.40     26.00    2.01     16199.0
 2025 11 14 11 22 00 000    2.55    -0.29     5.51  -607.70    -36.60     20.80    1.99     17137.0
 2025 11 14 11 23 00 000    2.87    -0.70     5.28  -607.70    -36.60     20.80    1.99     17137.0
 2025 11 14 11 24 00 000    2.77    -0.04     5.41  -607.70    -36.60     20.80    1.99     17137.0
 2025 11 14 11 25 00 000    2.64    -0.65     5.41  -607.70    -36.60     20.80    1.99     17137.0
 2025 11 14 11 26 00 000    2.67    -0.08     5.44  -593.70    -32.20     29.70    1.77     17341.0
 2025 11 14 11 27 00 000    2.75    -0.11     5.41  -593.70    -32.20     29.70    1.77     17341.0
 2025 11 14 11 28 00 000    2.77    -0.37     5.35  -589.20    -20.60     31.90    1.92     17184.0
 2025 11 14 11 29 00 000    4.26    -1.91     4.07  -588.60    -18.30     28.80    2.06     16768.0
 2025 11 14 11 30 00 000    4.13    -1.58     4.17  -593.90    -35.50     17.90    2.08     15095.0
 2025 11 14 11 31 00 000    4.29    -2.03     4.05  -590.70    -29.70     11.40    2.11     16619.0
 2025 11 14 11 32 00 000    4.32    -1.75     4.10  -590.50    -28.10      8.60    2.10     17420.0
 2025 11 14 11 33 00 000    4.14    -1.45     4.28  -590.30    -25.70      8.90    2.17     15872.0
 2025 11 14 11 34 00 000    4.34    -1.83     3.98  -589.70    -22.30      9.90    2.09     16487.0
 2025 11 14 11 35 00 000    4.40    -1.65     4.10  -585.60    -19.10     17.50    2.17     16268.0
 2025 11 14 11 36 00 000    4.11    -1.36     4.35  -588.00    -20.90      4.40    2.08     16807.0
 2025 11 14 11 37 00 000    3.73    -1.12     4.69  -593.30    -19.40     16.70    2.10     17109.0
 2025 11 14 11 38 00 000    3.60    -0.64     4.84  -591.90    -23.50     21.20    2.08     18270.0
 2025 11 14 11 39 00 000    3.01     0.07     5.25  -588.40    -17.80     31.60    2.07     14804.0
 2025 11 14 11 40 00 000    2.95     0.02     5.26  -584.70    -11.00     34.40    2.09     14379.0
 2025 11 14 11 41 00 000    3.16     0.22     5.22  -584.70    -11.00     34.40    2.09     14379.0
 2025 11 14 11 42 00 000    2.61    -0.59     5.47  -584.70    -11.00     34.40    2.09     14379.0
 2025 11 14 11 43 00 000    4.16    -1.35     4.50  -584.70    -11.00     34.40    2.09     14379.0
 2025 11 14 11 44 00 000    3.32    -0.59     5.02  -584.70    -11.00     34.40    2.09     14379.0
 2025 11 14 11 45 00 000    4.31    -1.58     4.29  -584.70    -11.00     34.40    2.09     14379.0
 2025 11 14 11 46 00 000    4.23    -1.40     4.50  -590.10    -27.10      2.40    2.22     15840.0
 2025 11 14 11 47 00 000    3.93    -1.04     4.68  -592.70    -27.30     13.70    2.10     18109.0
 2025 11 14 11 48 00 000    4.15    -1.14     4.63  -593.20    -24.20     19.00    1.96     20752.0
 2025 11 14 11 49 00 000    3.52    -0.80     4.98  -593.20    -24.20     19.00    1.96     20752.0
 2025 11 14 11 50 00 000    3.66    -0.70     4.95  -588.00    -35.20     36.00    1.99     15729.0
 2025 11 14 11 51 00 000    3.48    -1.32     4.94  -591.10    -34.20     29.70    2.01     15832.0
 2025 11 14 11 52 00 000    3.32    -1.24     5.05  -592.30    -28.50     17.70    2.10     16001.0
 2025 11 14 11 53 00 000    3.30    -1.19     5.05  -595.30    -40.40     18.30    2.02     15649.0
 2025 11 14 11 54 00 000    3.09    -1.30     5.18  -594.70    -13.70     23.90    1.83     16054.0
 2025 11 14 11 55 00 000    3.09    -0.98     5.26  -594.70    -13.70     23.90    1.83     16055.0
 2025 11 14 11 56 00 000    3.14    -0.78     5.26  -594.80    -37.40     21.60    1.76     16631.0
 2025 11 14 11 57 00 000    2.96    -0.67     5.33  -594.80    -37.40     21.60    1.76     16631.0
 2025 11 14 11 58 00 000    2.98    -0.57     5.32  -594.80    -37.40     21.60    1.76     16631.0
 2025 11 14 11 59 00 000    3.16    -0.41     5.21  -583.00    -17.10     28.50    2.30     14367.0
 2025 11 14 12 00 00 000    3.02    -0.93     5.28  -583.00    -17.10     28.50    2.30     14367.0
 2025 11 14 12 01 00 000    3.16    -0.68     5.25  -588.20    -36.30     37.80    1.86     15156.0
 2025 11 14 12 02 00 000    3.28    -0.84     5.16  -591.80    -27.70     32.60    1.72     16249.0
 2025 11 14 12 03 00 000    3.27    -0.87     5.17  -596.00    -10.90     22.00    1.62     17699.0
 2025 11 14 12 04 00 000    3.35    -0.45     5.03  -595.70    -10.90     20.60    1.67     17608.0
 2025 11 14 12 05 00 000    3.82    -0.95     4.67  -595.70    -10.90     20.60    1.67     17608.0
 2025 11 14 12 06 00 000    4.08    -1.06     4.57  -577.70    -24.40     22.10    2.04     15643.0
 2025 11 14 12 07 00 000    4.01    -0.60     4.63  -580.80    -23.30     21.40    2.02     15367.0
 2025 11 14 12 08 00 000    3.70    -0.22     4.87  -587.90    -22.00     27.00    1.92     16519.0
 2025 11 14 12 09 00 000    3.73     0.02     4.77  -586.10    -25.50     26.30    1.87     15810.0
 2025 11 14 12 10 00 000    3.50     0.11     4.98  -582.80    -16.80     27.30    2.11     14760.0
 2025 11 14 12 11 00 000    3.40     0.10     5.06  -585.00    -18.90     28.10    1.94     18445.0
 2025 11 14 12 12 00 000    3.31     0.14     5.11  -586.60    -21.20     28.40    1.81     20931.0
 2025 11 14 12 13 00 000    3.22    -0.06     5.17  -586.60    -21.20     28.40    1.81     20931.0
 2025 11 14 12 14 00 000    3.42     0.05     5.08  -582.30    -17.20     24.80    1.97     14704.0
 2025 11 14 12 15 00 000    3.18    -0.04     5.19  -582.50    -17.20     25.00    1.97     14748.0
 2025 11 14 12 16 00 000    2.88    -0.03     5.34  -595.30    -20.70     40.30    2.13     18337.0
 2025 11 14 12 17 00 000    2.83    -0.17     5.36  -595.60    -20.80     40.70    2.13     18422.0
 2025 11 14 12 18 00 000    2.82    -0.04     5.34  -595.60    -20.80     40.70    2.13     18422.0
 2025 11 14 12 19 00 000    2.49    -0.03     5.53  -595.60    -20.80     40.70    2.13     18422.0
 2025 11 14 12 20 00 000    2.45    -0.08     5.53  -595.60    -20.80     40.70    2.13     18422.0
 2025 11 14 12 21 00 000    2.43    -0.06     5.55  -595.60    -20.80     40.70    2.13     18422.0
 2025 11 14 12 22 00 000    2.52     0.07     5.53  -595.60    -20.80     40.70    2.13     18422.0
 2025 11 14 12 23 00 000    2.58     0.01     5.50  -595.60    -19.10     34.70    1.78     19930.0
 2025 11 14 12 24 00 000    2.47     0.23     5.55  -595.60    -19.10     34.70    1.78     19930.0
 2025 11 14 12 25 00 000    2.35     0.10     5.59  -595.60    -19.10     34.70    1.78     19930.0
 2025 11 14 12 26 00 000    2.21     0.16     5.64  -595.60    -19.10     34.70    1.78     19930.0
 2025 11 14 12 27 00 000    2.55    -0.17     5.49  -595.60    -19.10     34.70    1.78     19930.0
 2025 11 14 12 28 00 000    2.48     0.10     5.53  -595.60    -19.10     34.70    1.78     19930.0
 2025 11 14 12 29 00 000    2.32     0.27     5.62  -595.60    -19.10     34.70    1.78     19930.0
 2025 11 14 12 30 00 000    2.18     0.34     5.64  -595.60    -19.10     34.70    1.78     19930.0
 2025 11 14 12 31 00 000    2.20     0.34     5.64  -596.60    -18.40     37.70    1.95     26833.0
 2025 11 14 12 32 00 000    2.26     0.27     5.59  -596.60    -18.40     37.70    1.95     26833.0
 2025 11 14 12 33 00 000    2.22     0.42     5.61  -589.60    -15.80     46.50    2.21     16671.0
 2025 11 14 12 34 00 000    2.34     0.34     5.57  -594.00    -14.50     40.00    1.91     17000.0
 2025 11 14 12 35 00 000    2.22     0.26     5.61  -596.40    -13.90     36.30    1.75     17219.0
 2025 11 14 12 36 00 000    2.25     0.29     5.62  -596.80    -15.20     33.50    1.84     17753.0
 2025 11 14 12 37 00 000    2.27     0.38     5.62  -596.90    -15.20     34.00    1.66     18829.0
 2025 11 14 12 38 00 000    2.34     0.11     5.55  -596.90    -15.20     34.10    1.62     19061.0
 2025 11 14 12 39 00 000    2.31     0.41     5.60  -596.90    -15.20     34.10    1.62     19061.0
 2025 11 14 12 40 00 000    2.02     0.78     5.72  -594.00     -5.10     33.90    1.69     19048.0
 2025 11 14 12 41 00 000    1.99     0.79     5.72  -595.00     -5.80     34.20    1.67     18788.0
 2025 11 14 12 42 00 000    1.61     1.32     5.75  -595.80     -6.60     34.50    1.65     18559.0
 2025 11 14 12 43 00 000    1.32     1.27     5.85  -595.80     -6.60     34.50    1.65     18559.0
 2025 11 14 12 44 00 000    1.37     1.45     5.76  -601.30     11.90     44.70    1.35     16832.0
 2025 11 14 12 45 00 000    1.77     1.01     5.81  -601.30     11.90     44.70    1.35     16832.0
 2025 11 14 12 46 00 000    1.81     1.04     5.81  -597.60     -7.40     37.30    1.30     16866.0
 2025 11 14 12 47 00 000    1.71     1.12     5.82  -596.80    -11.60     35.70    1.30     16873.0
 2025 11 14 12 48 00 000    1.75     1.03     5.74  -596.80    -11.60     35.70    1.30     16873.0
 2025 11 14 12 49 00 000    1.48     1.07     5.83  -596.80    -11.60     35.70    1.30     16873.0
 2025 11 14 12 50 00 000    1.72     1.05     5.73  -596.80    -11.60     35.70    1.30     16873.0
 2025 11 14 12 51 00 000    1.76     1.02     5.74  -596.80    -11.60     35.70    1.30     16873.0
 2025 11 14 12 52 00 000    1.85     0.90     5.69  -596.80    -11.60     35.70    1.30     16873.0
 2025 11 14 12 53 00 000    1.60     1.26     5.66  -596.80    -11.60     35.70    1.30     16873.0
 2025 11 14 12 54 00 000    1.27     1.54     5.68  -596.20     -8.10     36.50    1.85     17341.0
 2025 11 14 12 55 00 000    1.27     1.53     5.70  -596.20     -8.10     36.50    1.85     17341.0
 2025 11 14 12 56 00 000    1.20     1.62     5.71  -596.20     -8.10     36.50    1.85     17341.0
 2025 11 14 12 57 00 000    1.24     1.57     5.69  -596.20     -8.10     36.50    1.85     17341.0
 2025 11 14 12 59 00 000    1.27     1.57     5.70  -596.20     -8.10     36.50    1.85     17341.0
 2025 11 14 13 01 00 000    1.37     1.57     5.68  -598.80    -12.20     34.10    1.77     15237.0
 2025 11 14 13 02 00 000    1.37     1.57     5.68  -598.80    -12.20     34.10    1.77     15237.0
 2025 11 14 13 04 00 000    1.40     1.53     5.67  -598.80    -12.20     34.10    1.77     15237.0
 2025 11 14 13 05 00 000    1.40     1.53     5.68  -598.80    -12.20     34.10    1.77     15237.0
 2025 11 14 13 06 00 000    1.44     1.56     5.54  -602.40     -9.30     45.00    1.79     17076.0
 2025 11 14 13 07 00 000    1.31     1.43     5.58  -600.10    -10.70     39.60    1.68     16562.0
 2025 11 14 13 08 00 000    1.16     1.54     5.61  -596.60    -11.40     37.90    1.73     15661.0
 2025 11 14 13 09 00 000    1.11     1.49     5.61  -598.30     -3.60     41.00    1.63     15432.0
 2025 11 14 13 10 00 000    1.84     1.66     5.17  -599.80     -2.10     39.60    1.78     15104.0
 2025 11 14 13 11 00 000    2.35     1.41     4.94  -589.80     -4.30     39.50    1.71     18261.0
 2025 11 14 13 12 00 000    3.51     0.59     4.43  -593.40     -2.60     38.00    1.47     17500.0
 2025 11 14 13 13 00 000    3.06     0.97     4.71  -564.20     13.40     32.70    1.51     15821.0
 2025 11 14 13 14 00 000    2.86     0.80     4.79  -565.00      2.00     30.00    1.65     16166.0
 2025 11 14 13 15 00 000    3.28     0.44     4.64  -582.40     -5.90     32.90    1.65     16787.0
 2025 11 14 13 16 00 000    3.60     0.62     4.41  -587.30      1.90     34.60    1.52     18266.0
 2025 11 14 13 17 00 000    2.56     0.83     5.12  -557.10      6.40     20.40    1.57     25488.0
 2025 11 14 13 18 00 000    3.14     0.21     4.76  -588.10    -12.60     47.50    1.67     17776.0
 2025 11 14 13 19 00 000    3.15     0.28     4.76  -575.50    -11.70     34.70    1.79     17151.0
 2025 11 14 13 20 00 000    3.22     0.23     4.65  -569.30     -5.00     27.00    1.70     17222.0
 2025 11 14 13 21 00 000    3.28     0.02     4.71  -569.50     -4.60     26.20    1.70     17810.0
 2025 11 14 13 22 00 000    4.24    -0.09     4.06  -566.30    -10.10     28.60    1.54     19362.0
 2025 11 14 13 23 00 000    3.44    -0.06     4.57  -561.80    -11.50     23.90    1.53     21957.0
 2025 11 14 13 24 00 000    3.72    -0.03     4.40  -561.00     -3.40     11.90    1.62     22635.0
 2025 11 14 13 25 00 000    3.74    -0.18     4.41  -568.50    -18.80     25.70    1.73     18364.0
 2025 11 14 13 26 00 000    2.94    -0.38     5.00  -572.60    -18.40     35.70    1.64     19896.0
 2025 11 14 13 27 00 000    2.84    -0.42     5.05  -583.00    -21.50     28.40    1.82     15076.0
 2025 11 14 13 28 00 000    2.96    -0.58     4.95  -583.00    -15.70     30.00    1.76     16445.0
 2025 11 14 13 29 00 000    3.16    -0.55     4.81  -580.30    -22.40     29.30    1.75     17404.0
 2025 11 14 13 30 00 000    2.91    -0.90     4.94  -580.90    -23.00     26.20    1.61     17691.0
 2025 11 14 13 31 00 000    2.78    -1.01     5.01  -581.10    -23.00     26.60    1.59     17432.0
 2025 11 14 13 33 00 000    4.61     1.62     3.62  -581.50    -26.20     26.00    1.71     16370.0
 2025 11 14 13 36 00 000    4.60     2.04     3.48  -581.50    -26.20     26.00    1.71     16370.0
 2025 11 14 13 39 00 000    4.27     2.06     3.79  -581.50    -26.20     26.00    1.71     16370.0
 2025 11 14 13 40 00 000    4.27     2.06     3.79  -581.50    -26.20     26.00    1.71     16370.0
 2025 11 14 13 42 00 000    3.77     1.58     4.53  -581.50    -26.20     26.00    1.71     16370.0
 2025 11 14 13 43 00 000    3.77     1.57     4.53  -581.50    -26.20     26.00    1.71     16370.0
 2025 11 14 13 45 00 000    3.82     1.54     4.50  -565.40     19.70     33.40    1.53     19996.0
 2025 11 14 13 46 00 000    3.82     1.53     4.50  -565.40     19.70     33.40    1.53     19996.0
 2025 11 14 13 48 00 000    3.64     1.41     4.75  -565.40     19.70     33.40    1.53     19996.0
 2025 11 14 13 51 00 000    3.61     0.63     4.97  -565.40     19.70     33.40    1.53     19996.0
 2025 11 14 13 54 00 000    3.27    -0.30     5.15  -565.40     19.70     33.40    1.53     19996.0
 2025 11 14 13 56 00 000    3.48    -0.36     4.94  -565.40     19.70     33.40    1.53     19996.0
 2025 11 14 13 58 00 000    3.57     0.72     4.81  -565.40     19.70     33.40    1.53     19996.0
 2025 11 14 13 59 00 000    3.57     0.71     4.81  -565.40     19.70     33.40    1.53     19996.0
 2025 11 14 14 01 00 000    3.62     0.93     4.80  -569.40      9.00     36.50    1.32     20908.0
 2025 11 14 14 03 00 000    3.55     0.71     4.86  -569.40      9.00     36.50    1.32     20908.0
 2025 11 14 14 05 00 000    3.95     0.57     4.58  -569.40      9.00     36.50    1.32     20908.0
 2025 11 14 14 06 00 000    4.01    -0.24     4.58  -569.40      9.00     36.50    1.32     20908.0
 2025 11 14 14 07 00 000    4.01    -0.25     4.58  -569.40      9.00     36.50    1.32     20908.0
 2025 11 14 14 08 00 000    4.02    -0.37     4.64  -569.40      9.00     36.50    1.32     20908.0
 2025 11 14 14 10 00 000    3.49    -0.31     5.04  -569.40      9.00     36.50    1.32     20908.0
 2025 11 14 14 11 00 000    2.99    -0.33     5.31  -569.40      9.00     36.50    1.32     20908.0
 2025 11 14 14 12 00 000    2.99    -0.33     5.31  -569.40      9.00     36.50    1.32     20908.0
 2025 11 14 14 13 00 000    3.01     0.25     5.32  -579.60    -15.40     33.90    1.57     19864.0
 2025 11 14 14 14 00 000    3.68     0.77     4.79  -579.60    -15.40     33.90    1.57     19864.0
 2025 11 14 14 15 00 000    3.68     0.77     4.79  -579.60    -15.40     33.90    1.57     19864.0
 2025 11 14 14 16 00 000    3.58     1.07     4.79  -579.60    -15.40     33.90    1.57     19864.0
 2025 11 14 14 18 00 000    3.49     1.13     4.89  -579.60    -15.40     33.90    1.57     19864.0
 2025 11 14 14 19 00 000    4.17     0.12     4.49  -579.60    -15.40     33.90    1.57     19864.0
 2025 11 14 14 20 00 000    4.86    -0.22     3.73  -579.60    -15.40     33.90    1.57     19864.0
 2025 11 14 14 21 00 000    4.95    -0.66     3.63  -579.60    -15.40     33.90    1.57     19864.0
 2025 11 14 14 22 00 000    4.64    -0.57     4.01  -579.60    -15.40     33.90    1.57     19864.0
 2025 11 14 14 23 00 000    4.37    -1.19     4.16  -579.60    -15.40     33.90    1.57     19864.0
 2025 11 14 14 24 00 000    4.14    -1.46     4.32  -560.30    -13.40     26.50    1.89     23029.0
 2025 11 14 14 25 00 000    3.66    -2.22     4.42  -560.50    -13.80     26.30    1.89     23213.0
 2025 11 14 14 26 00 000    3.87    -2.13     4.32  -570.20    -30.90     19.50    1.71     30956.0
 2025 11 14 14 27 00 000    4.23    -1.67     4.22  -570.20    -30.90     19.50    1.71     30956.0
 2025 11 14 14 28 00 000    4.76    -1.67     3.59  -570.20    -30.90     19.50    1.71     30956.0
 2025 11 14 14 29 00 000    4.42    -1.97     3.86  -570.20    -30.90     19.50    1.71     30956.0
 2025 11 14 14 30 00 000    4.00    -1.98     4.30  -560.10    -33.00     10.10    1.83     22817.0
 2025 11 14 14 31 00 000    3.92    -2.78     3.99  -560.10    -33.00     10.10    1.83     22817.0
 2025 11 14 14 32 00 000    4.08    -2.04     4.25  -560.10    -33.00     10.10    1.83     22817.0
 2025 11 14 14 33 00 000    4.42    -1.85     4.04  -561.70    -26.80     15.90    1.33     18422.0
 2025 11 14 14 34 00 000    4.36    -1.95     4.08  -561.70    -26.80     15.90    1.33     18422.0
 2025 11 14 14 35 00 000    4.46    -1.92     3.97  -561.70    -26.80     15.90    1.33     18422.0
 2025 11 14 14 36 00 000    4.76    -1.95     3.56  -561.70    -26.80     15.90    1.33     18422.0
 2025 11 14 14 37 00 000    4.72    -2.36     3.35  -561.70    -26.80     15.90    1.33     18422.0
 2025 11 14 14 38 00 000    3.98    -3.26     3.54  -561.70    -26.80     15.90    1.33     18422.0
 2025 11 14 14 39 00 000    4.93    -2.05     3.04  -563.90    -40.70    -11.00    1.61     17961.0
 2025 11 14 14 40 00 000    3.15    -1.15     4.68  -573.60    -33.70      1.70    1.64     19055.0
 2025 11 14 14 41 00 000    1.92    -0.78     5.59  -610.60     -4.70     50.40    1.76     23173.0
 2025 11 14 14 42 00 000    1.97    -2.34     4.82  -605.30     15.80     37.30    1.81     22781.0
 2025 11 14 14 43 00 000    2.16    -0.39     5.32  -594.90     -6.50     27.20    1.65     25025.0
 2025 11 14 14 44 00 000    2.86    -1.65     5.12  -585.10    -20.40     28.70    1.70     23359.0
 2025 11 14 14 45 00 000    2.22    -2.99     5.13  -577.80    -38.50     36.10    2.01     21407.0
 2025 11 14 14 46 00 000    2.69    -2.30     5.20  -606.70    -22.40     19.20    2.24     23647.0
 2025 11 14 14 47 00 000    3.06    -2.51     5.03  -606.70    -22.40     19.20    2.24     23647.0
 2025 11 14 14 48 00 000    3.02    -1.82     5.25  -606.70    -22.40     19.20    2.24     23647.0
 2025 11 14 14 49 00 000    3.23    -1.95     5.29  -606.70    -22.40     19.20    2.24     23647.0
 2025 11 14 14 50 00 000    3.04    -2.27     5.35  -589.40    -18.00     34.90    2.67     25252.0
 2025 11 14 14 51 00 000    1.03    -1.33     5.95  -589.40    -18.00     34.90    2.67     25252.0
 2025 11 14 14 52 00 000    0.06    -2.01     6.28  -620.50    -24.90     19.50    1.82     24662.0
 2025 11 14 14 53 00 000    0.66     1.00     6.63  -620.50    -24.90     19.50    1.82     24662.0
 2025 11 14 14 54 00 000    0.71     1.43     6.54  -620.50    -24.90     19.50    1.82     24662.0
 2025 11 14 14 55 00 000    0.77     1.28     6.58  -616.10      1.50     31.00    1.25     26175.0
 2025 11 14 14 56 00 000    0.56     1.40     6.48  -616.10      1.50     31.00    1.25     26175.0
 2025 11 14 14 57 00 000    0.60     1.32     6.41  -616.10      1.50     31.00    1.25     26175.0
 2025 11 14 14 58 00 000    2.04    -0.58     5.57  -616.10      1.50     31.00    1.25     26175.0
 2025 11 14 14 59 00 000    0.32     0.57     6.54  -616.10      1.50     31.00    1.25     26175.0
 2025 11 14 15 00 00 000   -0.12     0.77     6.54  -613.50      0.30     33.60    1.42     27940.0
 2025 11 14 15 01 00 000   -0.46     0.56     6.58  -613.50      0.30     33.60    1.42     27940.0
 2025 11 14 15 02 00 000   -1.04     0.81     6.51  -613.50      0.30     33.60    1.42     27940.0
 2025 11 14 15 03 00 000   -1.30     0.92     6.47  -621.50      7.90     40.10    1.73     21634.0
 2025 11 14 15 04 00 000   -1.81     1.06     6.35  -621.50      7.90     40.10    1.73     21634.0
 2025 11 14 15 05 00 000    0.55    -0.61     5.67  -621.50      7.90     40.10    1.73     21634.0
 2025 11 14 15 06 00 000   -1.45     1.66     6.35  -621.50      7.90     40.10    1.73     21634.0
 2025 11 14 15 07 00 000   -0.38     2.58     6.30  -621.50      7.90     40.10    1.73     21634.0
 2025 11 14 15 08 00 000   -0.33     2.95     6.06  -615.30     20.00     34.40    1.83     27500.0
 2025 11 14 15 09 00 000   -0.93     2.77     6.09  -615.30     20.00     34.40    1.83     27500.0
 2025 11 14 15 10 00 000   -1.45     2.81     5.99  -615.30     20.00     34.40    1.83     27500.0
 2025 11 14 15 11 00 000   -1.77     3.20     5.76  -623.30     15.90     33.00    1.71     25301.0
 2025 11 14 15 12 00 000   -1.78     3.90     5.20  -623.30     15.90     33.00    1.71     25301.0
 2025 11 14 15 13 00 000   -0.88     2.77     5.47  -623.30     15.90     33.00    1.71     25301.0
 2025 11 14 15 14 00 000    2.12     0.05     6.33  -604.10    -14.30     27.10    1.34     24443.0
 2025 11 14 15 15 00 000    2.46     0.10     6.20  -604.10    -14.30     27.10    1.34     24443.0
 2025 11 14 15 16 00 000    2.28     0.22     6.24  -604.10    -14.30     27.10    1.34     24443.0
 2025 11 14 15 17 00 000    2.02     0.45     6.28  -604.10    -14.30     27.10    1.34     24443.0
 2025 11 14 15 18 00 000    1.88     0.67     6.32  -604.10    -14.30     27.10    1.34     24443.0
 2025 11 14 15 19 00 000    1.26     1.75     6.16  -619.50     16.60     44.90    1.68     24882.0
 2025 11 14 15 20 00 000    1.03     2.23     6.00  -619.50     16.60     44.90    1.68     24882.0
 2025 11 14 15 21 00 000    1.37     1.91     6.06  -614.30     18.40     53.40    1.52     27493.0
 2025 11 14 15 22 00 000    1.53     2.09     5.90  -603.40     12.40     55.40    1.74     30377.0
 2025 11 14 15 23 00 000    1.46     1.47     6.23  -604.40     14.90     57.60    1.75     30706.0
 2025 11 14 15 24 00 000    2.21     0.32     5.99  -617.20     20.90     49.30    1.12     30248.0
 2025 11 14 15 25 00 000    3.37    -1.81     4.79  -582.40    -27.80     24.50    1.30     33941.0
 2025 11 14 15 26 00 000    3.85    -2.89     4.06  -577.20    -35.30     18.90    1.30     34687.0
 2025 11 14 15 27 00 000    2.97    -2.40     4.49  -576.80    -44.60      6.80    1.17     30734.0
 2025 11 14 15 28 00 000    3.45    -3.17     3.90  -579.00    -46.30      5.60    1.19     27119.0
 2025 11 14 15 29 00 000    3.14    -3.23     3.47  -589.30    -26.50     19.60    1.56     26051.0
 2025 11 14 15 30 00 000    2.44    -2.62     3.56  -591.00    -25.50     17.50    1.44     28392.0
 2025 11 14 15 31 00 000    3.21    -5.60     1.37  -589.70    -50.00     -2.00    1.41     24007.0
 2025 11 14 15 32 00 000    3.56    -4.20     3.43  -588.30    -37.20      4.50    1.36     32004.0
 2025 11 14 15 33 00 000    3.70    -4.10     3.15  -588.30    -37.60      5.00    1.35     31793.0
 2025 11 14 15 34 00 000    2.99    -5.40     1.67  -588.00    -40.10      8.30    1.30     30329.0
 2025 11 14 15 35 00 000    2.22    -5.92     1.27  -596.90    -49.60    -16.00    1.29     31281.0
 2025 11 14 15 36 00 000    1.86    -6.11     0.66  -600.00    -52.90    -24.50    1.28     31616.0
 2025 11 14 15 37 00 000    2.54    -5.65     1.72  -599.10    -51.50    -23.50    1.29     35987.0
 2025 11 14 15 38 00 000    2.74    -5.38     2.03  -596.40    -47.00    -20.30    1.32     49556.0
 2025 11 14 15 39 00 000    3.14    -5.00     2.39  -592.00    -49.30     -2.10    1.12     42076.0
 2025 11 14 15 40 00 000    3.05    -5.05     2.16  -594.70    -42.80    -17.90    1.23     33614.0
 2025 11 14 15 41 00 000    3.30    -4.78     3.01  -599.60    -35.40    -42.30    1.43     28911.0
 2025 11 14 15 42 00 000    3.13    -5.31     1.92  -588.40    -44.00     -4.20    1.56     30492.0
 2025 11 14 15 43 00 000    3.40    -5.05     2.03  -588.40    -44.00     -4.20    1.56     30492.0
 2025 11 14 15 44 00 000    3.67    -3.97     3.77  -582.30    -40.60      7.70    1.41     35168.0
 2025 11 14 15 45 00 000    3.52    -5.00     2.68  -582.30    -40.60      7.70    1.41     35168.0
 2025 11 14 15 46 00 000    3.66    -4.48     3.33  -583.90    -42.60    -12.90    0.90     22536.0
 2025 11 14 15 47 00 000    3.71    -4.15     3.75  -583.90    -42.60    -12.90    0.90     22536.0
 2025 11 14 15 48 00 000    3.52    -4.43     3.69  -583.70    -41.70    -10.90    0.93     22782.0
 2025 11 14 15 49 00 000    3.47    -4.42     3.79  -583.50    -40.40     -7.70    0.98     23171.0
 2025 11 14 15 50 00 000    3.45    -4.45     3.73  -583.50    -40.40     -7.70    0.98     23171.0
 2025 11 14 15 51 00 000    3.40    -4.44     3.73  -583.50    -40.40     -7.70    0.98     23171.0
 2025 11 14 15 52 00 000    3.37    -4.59     3.56  -588.00    -41.00     -1.30    1.05     25277.0
 2025 11 14 15 53 00 000    3.53    -3.99     3.97  -588.00    -41.00     -1.30    1.05     25277.0
 2025 11 14 15 54 00 000    3.33    -4.09     3.95  -585.30    -44.90      2.80    0.95     29576.0
 2025 11 14 15 55 00 000    3.15    -3.87     4.24  -585.30    -44.90      2.80    0.95     29576.0
 2025 11 14 15 56 00 000    3.26    -4.04     3.97  -575.80    -43.20      8.90    1.06     22194.0
 2025 11 14 15 57 00 000    3.38    -4.20     3.73  -576.50    -45.50      7.10    1.07     21986.0
 2025 11 14 15 58 00 000    3.23    -4.28     3.76  -577.60    -47.40      5.00    1.11     20822.0
 2025 11 14 15 59 00 000    3.37    -4.18     3.71  -581.90    -43.20     -9.60    0.94     20235.0
 2025 11 14 16 00 00 000    3.59    -4.09     3.62  -579.60    -39.90     -1.90    0.98     20308.0
 2025 11 14 16 01 00 000    3.52    -3.94     3.86  -575.80    -41.50      9.10    1.06     21428.0
 2025 11 14 16 02 00 000    3.46    -3.77     4.13  -575.40    -44.50      1.60    1.04     23444.0
 2025 11 14 16 03 00 000    3.53    -3.72     4.08  -574.30    -37.90      1.20    1.01     23600.0
 2025 11 14 16 04 00 000    3.61    -3.65     4.08  -574.70    -44.50     10.10    0.96     22706.0
 2025 11 14 16 05 00 000    3.50    -3.80     4.05  -568.90    -32.30     16.10    0.85     26069.0
 2025 11 14 16 06 00 000    3.46    -3.89     4.04  -575.50    -39.70     11.60    1.02     21849.0
 2025 11 14 16 07 00 000    3.44    -4.15     3.80  -573.90    -37.10     13.70    0.99     24255.0
 2025 11 14 16 08 00 000    3.56    -3.76     4.06  -575.00    -39.10     11.30    0.95     25388.0
 2025 11 14 16 09 00 000    3.64    -3.19     4.37  -575.20    -33.80     11.50    1.00     21088.0
 2025 11 14 16 10 00 000    3.70    -3.33     4.21  -575.20    -33.80     11.50    1.00     21088.0
 2025 11 14 16 11 00 000    3.85    -3.47     3.94  -575.20    -33.80     11.50    1.00     21088.0
 2025 11 14 16 12 00 000    3.86    -3.48     3.88  -575.20    -33.80     11.50    1.00     21088.0
 2025 11 14 16 13 00 000    3.86    -3.48     3.88  -575.20    -33.80     11.50    1.00     21088.0
 2025 11 14 16 14 00 000    3.81    -3.56     3.86  -575.20    -33.80     11.50    1.00     21088.0
 2025 11 14 16 15 00 000    3.81    -3.57     3.84  -575.20    -33.80     11.50    1.00     21088.0
 2025 11 14 16 16 00 000    3.87    -3.42     3.92  -575.20    -33.80     11.50    1.00     21088.0
 2025 11 14 16 17 00 000    3.93    -3.27     3.93  -564.20    -33.50      6.20    0.82     36910.0
 2025 11 14 16 18 00 000    3.67    -3.42     4.07  -564.20    -33.50      6.20    0.82     36910.0
 2025 11 14 16 19 00 000    4.05    -3.04     4.01  -564.20    -33.50      6.20    0.82     36910.0
 2025 11 14 16 20 00 000    4.05    -3.12     3.96  -564.20    -33.50      6.20    0.82     36910.0
 2025 11 14 16 21 00 000    3.87    -3.20     4.06  -564.70    -29.00      5.30    0.88     25227.0
 2025 11 14 16 22 00 000    3.94    -3.31     3.93  -564.70    -29.00      5.30    0.88     25227.0
 2025 11 14 16 23 00 000    4.04    -3.35     3.82  -564.70    -29.00      5.30    0.88     25227.0
 2025 11 14 16 24 00 000    3.90    -3.44     3.86  -564.70    -29.00      5.30    0.88     25227.0
 2025 11 14 16 25 00 000    3.83    -3.41     3.96  -564.70    -29.00      5.30    0.88     25227.0
 2025 11 14 16 26 00 000    3.77    -3.39     4.01  -567.30    -43.80     -7.30    0.62     26024.0
 2025 11 14 16 27 00 000    3.88    -3.32     3.95  -567.30    -43.80     -7.30    0.62     26024.0
 2025 11 14 16 28 00 000    3.92    -3.18     4.01  -567.30    -43.80     -7.30    0.62     26024.0
 2025 11 14 16 29 00 000    3.81    -3.22     4.08  -567.30    -43.80     -7.30    0.62     26024.0
 2025 11 14 16 30 00 000    3.58    -3.31     4.19  -567.30    -43.80     -7.30    0.62     26024.0
 2025 11 14 16 31 00 000    3.41    -3.40     4.25  -569.00    -31.40     16.90    1.03     26833.0
 2025 11 14 16 32 00 000    3.38    -3.30     4.33  -569.00    -31.40     16.90    1.03     26833.0
 2025 11 14 16 33 00 000    3.30    -3.34     4.36  -569.00    -31.40     16.90    1.03     26833.0
 2025 11 14 16 34 00 000    3.23    -3.18     4.53  -569.00    -31.40     16.90    1.03     26833.0
 2025 11 14 16 35 00 000    3.32    -3.25     4.45  -569.00    -31.40     16.90    1.03     26833.0
 2025 11 14 16 36 00 000    3.50    -3.25     4.27  -568.50    -32.50     18.40    0.92     24613.0
 2025 11 14 16 37 00 000    3.71    -3.45     3.94  -568.50    -32.50     18.40    0.92     24613.0
 2025 11 14 16 38 00 000    3.26    -3.11     4.59  -568.50    -32.50     18.40    0.92     24613.0
 2025 11 14 16 39 00 000    3.52    -3.82     3.79  -568.50    -32.50     18.40    0.92     24613.0
 2025 11 14 16 40 00 000    3.63    -3.73     3.74  -572.70    -46.70     14.80    0.90     24589.0
 2025 11 14 16 41 00 000    3.16    -4.13     3.67  -572.70    -46.70     14.80    0.90     24589.0
 2025 11 14 16 42 00 000    3.64    -3.66     3.83  -572.70    -46.70     14.80    0.90     24589.0
 2025 11 14 16 43 00 000    3.69    -3.62     3.84  -572.70    -46.70     14.80    0.90     24589.0
 2025 11 14 16 44 00 000    3.52    -3.75     3.84  -572.70    -46.70     14.80    0.90     24589.0
 2025 11 14 16 45 00 000    3.35    -3.98     3.78  -572.90    -26.90      5.10    1.02     25799.0
 2025 11 14 16 46 00 000    3.61    -3.99     3.46  -570.10    -34.10     -2.40    0.97     24923.0
 2025 11 14 16 47 00 000    3.89    -4.31     2.85  -568.50    -38.20     -7.70    0.95     23926.0
 2025 11 14 16 48 00 000    3.78    -4.32     2.94  -568.50    -36.80    -16.90    0.92     18933.0
 2025 11 14 16 49 00 000    3.78    -4.10     3.19  -568.50    -36.80    -16.90    0.92     18933.0
 2025 11 14 16 50 00 000    3.95    -3.78     3.40  -568.50    -36.80    -16.90    0.92     18933.0
 2025 11 14 16 51 00 000    4.00    -3.79     3.31  -568.50    -36.80    -16.90    0.92     18933.0
 2025 11 14 16 52 00 000    4.05    -3.94     3.06  -565.00    -35.70      2.80    0.74     31838.0
 2025 11 14 16 53 00 000    4.22    -3.84     2.96  -565.00    -35.70      2.80    0.74     31838.0
 2025 11 14 16 54 00 000    4.24    -3.69     3.10  -563.70    -33.10     -4.00    0.82     21451.0
 2025 11 14 16 55 00 000    4.37    -3.40     3.26  -563.70    -33.10     -4.00    0.82     21451.0
 2025 11 14 16 56 00 000    4.51    -4.08     1.95  -564.30    -40.20    -17.90    0.79     25057.0
 2025 11 14 16 57 00 000    4.43    -3.97     2.35  -563.70    -39.30    -18.30    0.80     24938.0
 2025 11 14 16 58 00 000    4.23    -4.04     2.24  -559.70    -27.80    -16.20    1.02     24586.0
 2025 11 14 16 59 00 000    3.31    -4.12     3.48  -573.60    -42.40      1.00    1.09     25948.0
 2025 11 14 17 00 00 000    3.02    -3.97     3.97  -578.70    -42.00     10.50    1.22     22096.0
 2025 11 14 17 01 00 000    3.36    -4.14     3.65  -578.50    -40.90      9.50    1.26     21887.0
 2025 11 14 17 02 00 000    3.05    -4.22     3.62  -578.50    -40.90      9.50    1.26     21887.0
 2025 11 14 17 04 00 000    2.54    -3.92     4.26  -586.40    -36.40      9.90    0.95     34217.0
 2025 11 14 17 05 00 000    2.64    -3.74     4.42  -584.60    -32.60     18.90    1.06     28204.0
 2025 11 14 17 06 00 000    2.40    -3.81     4.48  -584.60    -32.40     18.30    1.06     27305.0
 2025 11 14 17 07 00 000    2.23    -3.86     4.49  -589.80    -37.70      6.10    0.98     31671.0
 2025 11 14 17 08 00 000    1.95    -3.32     5.05  -589.80    -37.70      6.10    0.98     31671.0
 2025 11 14 17 09 00 000    2.03    -3.62     4.82  -596.20    -36.30     14.60    0.85     26884.0
 2025 11 14 17 10 00 000    2.35    -3.55     4.66  -596.20    -36.30     14.60    0.85     26884.0
 2025 11 14 17 11 00 000    2.88    -3.91     3.88  -596.20    -36.30     14.60    0.85     26884.0
 2025 11 14 17 12 00 000    3.38    -3.88     3.46  -571.60    -43.90      5.70    0.93     30411.0
 2025 11 14 17 13 00 000    4.09    -4.01     2.24  -571.60    -43.90      5.70    0.93     30411.0
 2025 11 14 17 14 00 000    4.59    -3.95     1.28  -571.60    -43.90      5.70    0.93     30411.0
 2025 11 14 17 15 00 000    3.40    -3.07     3.99  -578.20    -40.20     11.80    1.10     26884.0
 2025 11 14 17 16 00 000    3.01    -3.39     4.13  -578.20    -40.20     11.80    1.10     26884.0
 2025 11 14 17 17 00 000    2.81    -3.02     4.54  -582.80    -33.50     19.80    1.14     26489.0
 2025 11 14 17 18 00 000    3.22    -3.33     4.01  -578.40    -33.10     17.70    1.09     28454.0
 2025 11 14 17 19 00 000    3.02    -3.25     4.23  -577.20    -33.50     16.70    1.09     28606.0
 2025 11 14 17 20 00 000    2.80    -2.90     4.57  -585.70    -31.70     23.20    1.03     34815.0
 2025 11 14 17 21 00 000    4.04    -3.48     3.11  -584.40    -32.40     21.30    1.04     34341.0
 2025 11 14 17 22 00 000    4.32    -3.74     2.59  -566.60    -33.30    -15.90    0.95     21772.0
 2025 11 14 17 23 00 000    4.32    -3.98     2.26  -566.60    -33.30    -15.90    0.95     21772.0
 2025 11 14 17 24 00 000    4.25    -4.12     2.12  -566.60    -33.30    -15.90    0.95     21772.0
 2025 11 14 17 25 00 000    4.55    -3.91     1.79  -566.60    -33.30    -15.90    0.95     21772.0
 2025 11 14 17 26 00 000    4.48    -3.99     1.58  -563.80    -39.80    -25.10    1.00     26452.0
 2025 11 14 17 27 00 000    4.37    -4.13     1.35  -563.80    -39.80    -25.10    1.00     26452.0
 2025 11 14 17 28 00 000    4.32    -4.09     1.41  -558.80    -19.50    -25.60    1.21     24721.0
 2025 11 14 17 29 00 000    4.41    -4.02     1.54  -559.20    -25.40    -22.90    1.14     26191.0
 2025 11 14 17 30 00 000    4.20    -3.75     2.25  -561.40    -40.60    -18.50    0.96     29016.0
 2025 11 14 17 31 00 000    3.84    -3.25     3.54  -561.40    -40.60    -18.50    0.96     29016.0
 2025 11 14 17 32 00 000    3.88    -3.30     3.42  -566.30    -40.80     -2.10    0.75     24007.0
 2025 11 14 17 33 00 000    3.91    -3.54     2.97  -566.30    -40.80     -2.10    0.75     24007.0
 2025 11 14 17 34 00 000    4.61    -3.51     1.25  -566.30    -40.80     -2.10    0.75     24007.0
 2025 11 14 17 35 00 000    4.64    -3.49     0.74  -562.30    -33.30    -20.60    1.18     25995.0
 2025 11 14 17 36 00 000    4.74    -3.03    -2.18  -562.40    -33.40    -21.00    1.17     25962.0
 2025 11 14 17 37 00 000    4.89    -2.99    -1.87  -562.40    -33.40    -21.00    1.17     25962.0
 2025 11 14 17 38 00 000    5.35    -2.56    -1.02  -562.40    -33.40    -21.00    1.17     25962.0
 2025 11 14 17 39 00 000    5.12    -2.98    -1.29  -562.40    -33.40    -21.00    1.17     25962.0
 2025 11 14 17 40 00 000    5.00    -2.98    -1.53  -549.90    -19.80    -36.70    1.37     23694.0
 2025 11 14 17 41 00 000    4.68    -2.87    -2.26  -549.90    -19.80    -36.70    1.37     23694.0
 2025 11 14 17 42 00 000    4.51    -2.26    -3.39  -549.90    -19.80    -36.70    1.37     23694.0
 2025 11 14 17 43 00 000    5.05    -2.74    -1.93  -549.90    -19.80    -36.70    1.37     23694.0
 2025 11 14 17 44 00 000    5.08    -2.66    -2.06  -549.90    -19.80    -36.70    1.37     23694.0
 2025 11 14 17 45 00 000    5.14    -2.39    -2.34  -549.90    -19.80    -36.70    1.37     23694.0
 2025 11 14 17 46 00 000    4.97    -2.86     0.15  -555.40    -15.70    -48.10    1.37     21315.0
 2025 11 14 17 47 00 000    5.20    -2.80    -1.33  -555.40    -15.70    -48.10    1.37     21315.0
 2025 11 14 17 48 00 000    5.01    -2.94     0.69  -555.40    -15.70    -48.10    1.37     21315.0
 2025 11 14 17 49 00 000    5.33    -2.80    -0.40  -555.40    -15.70    -48.10    1.37     21315.0
 2025 11 14 17 50 00 000    5.27    -2.91    -0.11  -548.00    -22.10    -25.40    1.48     30438.0
 2025 11 14 17 51 00 000    5.16    -3.02     0.76  -548.00    -22.10    -25.40    1.48     30438.0
 2025 11 14 17 52 00 000    4.72    -3.21     1.51  -548.00    -22.10    -25.40    1.48     30438.0
 2025 11 14 17 53 00 000    4.53    -3.31     1.83  -557.50    -30.10    -13.30    1.17     36366.0
 2025 11 14 17 54 00 000    4.71    -3.23     1.47  -553.70    -26.70    -17.50    1.21     35934.0
 2025 11 14 17 55 00 000    3.56    -3.52     3.30  -553.70    -26.70    -17.50    1.21     35934.0
 2025 11 14 17 56 00 000    3.25    -3.51     3.51  -553.70    -26.70    -17.50    1.21     35934.0
 2025 11 14 17 57 00 000    2.86    -3.60     3.77  -553.70    -26.70    -17.50    1.21     35934.0
 2025 11 14 17 58 00 000    2.75    -3.67     3.81  -553.70    -26.70    -17.50    1.21     35934.0
 2025 11 14 17 59 00 000    2.75    -3.67     3.80  -553.70    -26.70    -17.50    1.21     35934.0
 2025 11 14 18 00 00 000    4.47    -3.36     1.48  -553.70    -26.70    -17.50    1.21     35934.0
 2025 11 14 18 01 00 000    5.02    -2.26     2.02  -553.70    -26.70    -17.50    1.21     35934.0
 2025 11 14 18 02 00 000    5.02    -2.26     2.02  -553.70    -26.70    -17.50    1.21     35934.0
 2025 11 14 18 06 00 000    4.43    -2.53     2.89  -553.70    -26.70    -17.50    1.21     35934.0
 2025 11 14 18 07 00 000    4.43    -2.52     2.87  -553.70    -26.70    -17.50    1.21     35934.0
 2025 11 14 18 08 00 000    4.46    -2.51     2.80  -553.70    -26.70    -17.50    1.21     35934.0
 2025 11 14 18 09 00 000    4.68    -2.35     2.64  -554.70    -16.00     10.40    1.20     34151.0
 2025 11 14 18 10 00 000    4.46    -2.36     3.00  -555.40    -20.40     10.70    1.19     35017.0
 2025 11 14 18 11 00 000    5.13    -2.27     1.96  -555.60    -23.30     10.40    1.17     35700.0
 2025 11 14 18 12 00 000    5.10    -2.26     2.07  -555.60    -23.30     10.40    1.17     35700.0
 2025 11 14 18 13 00 000    5.04    -2.27     2.18  -548.70    -23.50     -0.80    1.14     38237.0
 2025 11 14 18 14 00 000    5.09    -2.16     2.21  -548.70    -23.50     -0.80    1.14     38237.0
 2025 11 14 18 16 00 000    5.52    -2.01     1.30  -548.70    -23.50     -0.80    1.14     38237.0
 2025 11 14 18 17 00 000    5.50    -2.00     1.42  -548.70    -23.50     -0.80    1.14     38237.0
 2025 11 14 18 18 00 000    5.55    -1.96     1.31  -548.70    -23.50     -0.80    1.14     38237.0
 2025 11 14 18 19 00 000    5.55    -1.96     1.31  -548.70    -23.50     -0.80    1.14     38237.0
 2025 11 14 18 20 00 000    5.48    -2.16     1.16  -548.70    -23.50     -0.80    1.14     38237.0
 2025 11 14 18 21 00 000    5.56    -1.87     1.37  -541.90     -5.80    -11.20    1.15     34356.0
 2025 11 14 18 22 00 000    5.56    -1.71     1.31  -541.90     -5.80    -11.20    1.15     34356.0
 2025 11 14 18 23 00 000    5.69    -1.42     1.11  -541.90     -5.80    -11.20    1.15     34356.0
 2025 11 14 18 24 00 000    5.71    -1.54     0.78  -541.90     -5.80    -11.20    1.15     34356.0
 2025 11 14 18 25 00 000    5.69    -1.57     0.92  -539.70      1.50    -12.60    1.21     29629.0
 2025 11 14 18 26 00 000    5.64    -1.69     0.95  -539.70      1.50    -12.60    1.21     29629.0
 2025 11 14 18 27 00 000    5.57    -1.70     1.27  -539.70      1.50    -12.60    1.21     29629.0
 2025 11 14 18 28 00 000    5.57    -1.80     1.37  -539.80     -0.50     -3.60    1.13     27140.0
 2025 11 14 18 29 00 000    5.65    -1.71     1.21  -539.80     -0.50     -3.60    1.13     27140.0
 2025 11 14 18 30 00 000    5.54    -2.04     1.07  -539.80     -0.50     -3.60    1.13     27140.0
 2025 11 14 18 31 00 000    5.58    -1.73     1.28  -539.80     -0.50     -3.60    1.13     27140.0
 2025 11 14 18 32 00 000    5.57    -1.60     1.39  -537.80      5.40     -9.50    1.22     28149.0
 2025 11 14 18 33 00 000    5.67    -1.63     1.03  -537.80      5.40     -9.50    1.22     28149.0
 2025 11 14 18 34 00 000    5.69    -1.63     1.04  -537.60      4.70     -9.40    1.21     28591.0
 2025 11 14 18 35 00 000    5.70    -1.47     1.08  -537.00      2.90     -9.10    1.17     29763.0
 2025 11 14 18 36 00 000    5.78    -0.93     1.20  -537.00      2.90     -9.10    1.17     29763.0
 2025 11 14 18 37 00 000    5.85    -0.23     1.10  -537.00      2.90     -9.10    1.17     29763.0
 2025 11 14 18 38 00 000    5.83    -0.63     1.21  -537.00      2.90     -9.10    1.17     29763.0
 2025 11 14 18 39 00 000    5.67    -1.22     1.36  -537.00      2.90     -9.10    1.17     29763.0
 2025 11 14 18 40 00 000    5.72    -1.14     1.35  -538.20      5.10     -1.90    1.19     27758.0
 2025 11 14 18 41 00 000    5.76    -1.09     1.15  -538.10      6.80     -1.60    1.18     28399.0
 2025 11 14 18 42 00 000    5.85    -0.97     0.91  -537.90     13.20     -0.30    1.14     30764.0
 2025 11 14 18 43 00 000    5.83    -1.32     0.51  -534.70      8.60    -22.10    1.21     31126.0
 2025 11 14 18 44 00 000    5.86    -1.20     0.47  -533.90      5.20    -22.20    1.13     36165.0
 2025 11 14 18 45 00 000    5.84    -1.40     0.48  -533.80      5.10    -21.90    1.12     25450.0
 2025 11 14 18 46 00 000    5.81    -1.58     0.63  -533.80      5.10    -21.90    1.12     25450.0
 2025 11 14 18 47 00 000    5.37    -2.02     1.65  -533.80      5.10    -21.90    1.12     25450.0
 2025 11 14 18 48 00 000    5.02    -1.95     2.65  -557.10    -17.20     28.80    0.92     30162.0
 2025 11 14 18 49 00 000    4.94    -1.39     3.14  -553.30    -13.30     32.20    0.95     29982.0
 2025 11 14 18 50 00 000    4.87    -2.07     2.42  -553.00     -0.40     37.20    1.01     33817.0
 2025 11 14 18 51 00 000    4.93    -2.10     1.60  -549.10     -8.10     -6.20    1.10     32294.0
 2025 11 14 18 52 00 000    4.97    -2.52     1.51  -552.50    -22.70    -13.90    1.06     29812.0
 2025 11 14 18 53 00 000    4.95    -2.62     1.46  -540.90     -7.50     -9.60    1.03     29284.0
 2025 11 14 18 54 00 000    5.10    -2.46     1.28  -532.30      4.30    -25.70    1.16     27432.0
 2025 11 14 18 55 00 000    4.71    -3.16     1.09  -532.40      4.00    -24.60    1.17     27934.0
 2025 11 14 18 56 00 000    4.83    -2.66     1.55  -551.50     -6.00     30.60    0.95     33806.0
 2025 11 14 18 57 00 000    4.74    -2.28     2.29  -551.80     -6.20     31.40    0.95     33896.0
 2025 11 14 18 58 00 000    4.74    -2.71     2.63  -556.70    -35.50      3.20    0.99     30872.0
 2025 11 14 18 59 00 000    4.64    -3.60    -0.04  -553.20    -26.70    -10.60    1.03     38688.0
 2025 11 14 19 00 00 000    4.76    -3.33     0.95  -554.00    -25.50    -34.80    1.10     48753.0
 2025 11 14 19 01 00 000    4.56    -2.16     2.96  -550.80    -12.00     -3.30    1.06     46533.0
 2025 11 14 19 02 00 000    5.09    -2.39     1.31  -546.20      2.40     11.90    1.18     32636.0
 2025 11 14 19 03 00 000    5.21    -2.34     1.15  -534.00      4.30    -17.00    1.27     28509.0
 2025 11 14 19 04 00 000    5.42    -2.13     0.79  -534.20    -13.40    -11.20    1.16     27681.0
 2025 11 14 19 05 00 000    5.29    -2.36     1.17  -534.20    -13.40    -11.20    1.16     27681.0
 2025 11 14 19 06 00 000    5.50    -2.11     0.35  -538.70      0.60    -31.20    1.11     32873.0
 2025 11 14 19 07 00 000    5.23    -2.10     1.30  -538.10     -3.40    -20.90    1.14     31893.0
 2025 11 14 19 08 00 000    5.41    -2.09     0.53  -538.80     -6.70     -7.50    1.15     35495.0
 2025 11 14 19 09 00 000    5.13    -2.18     2.00  -540.30     -1.00    -22.30    1.11     42127.0
 2025 11 14 19 10 00 000    5.44    -1.80     1.44  -537.10      0.20     -9.20    1.12     33835.0
 2025 11 14 19 11 00 000    5.31    -2.01     1.70  -551.60    -21.30      8.50    1.02     31881.0
 2025 11 14 19 12 00 000    5.36    -1.89     1.48  -551.60    -19.90      7.50    1.06     34847.0
 2025 11 14 19 13 00 000    5.33    -1.94     1.60  -544.00     -3.30      2.70    1.17     43891.0
 2025 11 14 19 14 00 000    5.31    -1.68     1.93  -542.90     -2.00      9.50    1.20     36855.0
 2025 11 14 19 15 00 000    5.40    -1.52     1.82  -534.20     11.00      0.10    1.26     32799.0
 2025 11 14 19 16 00 000    4.74    -2.93     2.27  -542.70     -0.20      6.00    1.21     47714.0
 2025 11 14 19 17 00 000    4.40    -3.54     2.59  -544.30     -2.20      7.10    1.20     50390.0
 2025 11 14 19 18 00 000    4.54    -2.00     4.25  -544.30     -2.20      7.10    1.20     50390.0
 2025 11 14 19 19 00 000    4.50    -3.01     3.28  -544.30     -2.20      7.10    1.20     50390.0
 2025 11 14 19 20 00 000    4.06    -2.64     4.17  -569.40    -25.10     41.30    1.05     36141.0
 2025 11 14 19 21 00 000    4.19    -2.66     3.90  -567.80    -23.30     36.00    1.06     35161.0
 2025 11 14 19 22 00 000    4.07    -2.71     4.10  -564.00    -19.30     38.20    1.05     32535.0
 2025 11 14 19 23 00 000    4.23    -2.35     4.22  -554.50     -9.40     54.00    1.00     25572.0
 2025 11 14 19 24 00 000    3.83    -2.96     3.88  -562.70    -18.60     27.50    0.99     31157.0
 2025 11 14 19 25 00 000    4.26    -2.62     3.89  -564.40    -16.10     36.50    1.06     32204.0
 2025 11 14 19 26 00 000    4.34    -2.62     3.78  -564.50    -15.10     39.10    1.08     31893.0
 2025 11 14 19 27 00 000    4.44    -2.58     3.80  -554.30    -19.30     44.60    1.06     25774.0
 2025 11 14 19 28 00 000    4.32    -1.90     4.08  -556.40    -15.00     41.60    1.06     28356.0
 2025 11 14 19 29 00 000    4.55    -1.42     3.99  -558.10    -10.70     47.80    1.06     31965.0
 2025 11 14 19 30 00 000    4.28    -1.85     4.11  -550.60    -22.10     30.60    1.02     28918.0
 2025 11 14 19 31 00 000    4.02    -1.93     4.14  -579.60    -24.00     34.70    0.88     36658.0
 2025 11 14 19 32 00 000    3.64    -2.12     4.17  -567.80    -22.30     28.70    1.00     37145.0
 2025 11 14 19 33 00 000    3.52    -2.15     4.31  -584.80     -7.80     42.10    1.07     36257.0
 2025 11 14 19 34 00 000    4.45    -2.35     3.77  -567.50     -7.50     54.60    1.04     32234.0
 2025 11 14 19 35 00 000    3.94    -2.47     4.38  -554.20     -9.30     54.30    1.03     30329.0
 2025 11 14 19 36 00 000    4.13    -2.79     3.78  -569.20    -32.90     46.10    1.22     48591.0
 2025 11 14 19 37 00 000    4.62    -3.15     2.73  -569.10    -31.10     45.70    1.17     42078.0
 2025 11 14 19 38 00 000    4.52    -2.87     3.59  -552.10    -14.10     38.80    1.02     26479.0
 2025 11 14 19 39 00 000    4.39    -2.91     3.58  -554.60    -21.60     25.10    0.99     29647.0
 2025 11 14 19 40 00 000    4.36    -3.17     3.34  -557.30    -30.10     12.20    0.96     33699.0
 2025 11 14 19 41 00 000    4.50    -3.32     3.08  -558.10    -26.80     19.80    0.96     36601.0
 2025 11 14 19 42 00 000    4.36    -3.13     3.31  -554.60    -27.90     12.20    0.97     36877.0
 2025 11 14 19 43 00 000    4.27    -3.23     3.31  -559.80    -23.10     19.80    1.00     36073.0
 2025 11 14 19 44 00 000    4.00    -2.92     4.00  -562.60    -23.80     22.20    1.03     35304.0
 2025 11 14 19 45 00 000    4.06    -3.03     3.87  -561.70    -20.70     32.80    1.06     54878.0
 2025 11 14 19 46 00 000    4.03    -2.76     4.10  -562.20    -19.80     33.30    1.04     52130.0
 2025 11 14 19 47 00 000    3.68    -3.74     3.91  -565.60    -14.50     36.00    0.94     33421.0
 2025 11 14 19 48 00 000    3.81    -3.58     3.94  -568.50    -38.30     32.30    1.03     37465.0
 2025 11 14 19 49 00 000    3.45    -3.73     4.04  -568.60    -39.10     32.20    1.03     37601.0
 2025 11 14 19 50 00 000    3.55    -3.77     3.94  -568.60    -39.10     32.20    1.03     37601.0
 2025 11 14 19 51 00 000    3.47    -4.04     3.72  -568.60    -39.10     32.20    1.03     37601.0
 2025 11 14 19 52 00 000    3.51    -4.26     3.33  -568.60    -48.20     29.80    1.17     34356.0
 2025 11 14 19 53 00 000    3.63    -3.90     3.76  -568.60    -48.20     29.80    1.17     34356.0
 2025 11 14 19 54 00 000    3.73    -3.55     4.00  -568.60    -48.20     29.80    1.17     34356.0
 2025 11 14 19 55 00 000    3.67    -3.50     4.12  -568.60    -48.20     29.80    1.17     34356.0
 2025 11 14 19 56 00 000    3.93    -3.26     4.07  -566.70    -26.20     30.90    0.97     38176.0
 2025 11 14 19 57 00 000    3.67    -3.21     4.35  -566.70    -26.20     30.90    0.97     38176.0
 2025 11 14 19 58 00 000    3.07    -3.38     4.73  -566.70    -26.20     30.90    0.97     38176.0
 2025 11 14 19 59 00 000    4.04    -3.69     3.62  -566.70    -26.20     30.90    0.97     38176.0
 2025 11 14 20 00 00 000    3.96    -3.68     3.74  -564.60      0.60     22.40    1.11     43421.0
 2025 11 14 20 01 00 000    4.31    -3.33     3.63  -564.60      0.60     22.40    1.11     43421.0
 2025 11 14 20 02 00 000    4.30    -2.54     3.75  -562.40    -28.20     11.90    1.06     43811.0
 2025 11 14 20 03 00 000    4.50    -0.56     4.61  -556.80     -0.50     41.20    1.06     40762.0
 2025 11 14 20 04 00 000    4.36    -0.58     4.68  -554.20     12.20     54.60    1.05     39371.0
 2025 11 14 20 05 00 000    3.57     0.17     5.45  -567.00     17.20     56.40    1.06     39094.0
 2025 11 14 20 06 00 000    3.23     0.52     5.42  -567.00     17.20     56.40    1.06     39094.0
 2025 11 14 20 07 00 000    3.63    -3.28     4.40  -570.40    -13.60     42.70    0.97     52428.0
 2025 11 14 20 08 00 000    3.74    -3.29     4.35  -570.90    -18.60     40.50    0.96     54595.0
 2025 11 14 20 09 00 000    3.50    -3.65     4.23  -570.90    -18.60     40.50    0.96     54595.0
 2025 11 14 20 10 00 000    4.19    -1.04     4.54  -570.90    -18.60     40.50    0.96     54595.0
 2025 11 14 20 11 00 000    4.77    -0.96     4.46  -553.00     21.40     51.50    1.04     33925.0
 2025 11 14 20 12 00 000    4.15    -2.45     4.41  -558.00      5.50     43.00    1.05     36639.0
 2025 11 14 20 13 00 000    4.17    -3.47     3.91  -569.00    -29.20     24.70    1.06     42593.0
 2025 11 14 20 14 00 000    4.11    -2.13     4.71  -566.80     -7.80     47.10    1.00     39433.0
 2025 11 14 20 15 00 000    4.19    -2.48     4.56  -565.00     -2.00     47.90    1.03     40847.0
 2025 11 14 20 16 00 000    4.24    -3.62     3.56  -563.00     -7.80     36.90    1.05     41486.0
 2025 11 14 20 17 00 000    4.20    -2.13     4.42  -561.80    -12.80     28.80    1.06     41752.0
 2025 11 14 20 18 00 000    3.98    -3.33     3.93  -561.80    -12.80     28.80    1.06     41752.0
 2025 11 14 20 19 00 000    3.87    -4.43     3.13  -561.80    -12.80     28.80    1.06     41752.0
 2025 11 14 20 20 00 000    3.90    -2.77     3.86  -570.80    -35.50     21.00    0.94     55985.0
 2025 11 14 20 21 00 000    3.78    -3.53     3.79  -570.80    -35.50     21.00    0.94     55985.0
 2025 11 14 20 22 00 000    3.73    -3.48     3.91  -572.60    -32.60     27.80    0.95     47762.0
 2025 11 14 20 23 00 000    3.64    -3.66     3.66  -574.90    -31.10     23.60    0.93     50159.0
 2025 11 14 20 24 00 000    3.85    -3.42     3.65  -579.30    -28.40     14.90    0.88     55325.0
 2025 11 14 20 25 00 000    3.95    -3.69     3.34  -572.60    -34.40      7.10    1.04     80273.0
 2025 11 14 20 26 00 000    3.97    -4.02     3.00  -572.50    -34.50      7.00    1.04     80557.0
 2025 11 14 20 27 00 000    3.39    -1.12     4.96  -572.30     -9.70     41.20    1.06     56463.0
 2025 11 14 20 28 00 000    2.32    -0.17     6.06  -582.00      9.50     58.10    1.05     58957.0
 2025 11 14 20 29 00 000    2.26    -0.66     6.02  -591.10     27.50     74.00    1.03     61334.0
 2025 11 14 20 30 00 000    3.34    -2.32     4.83  -579.20    -27.40     67.10    1.06     54414.0
 2025 11 14 20 31 00 000    3.11    -3.11     4.49  -580.50    -17.50     59.60    0.99     53268.0
 2025 11 14 20 32 00 000    2.66    -3.96     4.29  -589.60     -7.00     32.00    0.84     54260.0
 2025 11 14 20 33 00 000    2.61    -4.07     4.03  -594.80    -28.80     31.00    0.86     46191.0
 2025 11 14 20 34 00 000    3.21    -4.53     3.62  -593.90    -27.60     34.00    0.83     41752.0
 2025 11 14 20 35 00 000    3.80    -4.36     3.24  -583.20    -43.70     32.10    0.89     53907.0
 2025 11 14 20 36 00 000    4.29    -4.22     2.87  -583.20    -43.70     32.10    0.89     53907.0
 2025 11 14 20 37 00 000    3.79    -4.23     3.55  -583.20    -43.70     32.10    0.89     53907.0
 2025 11 14 20 38 00 000    3.94    -4.14     3.45  -583.20    -43.70     32.10    0.89     53907.0
 2025 11 14 20 39 00 000    3.80    -4.42     2.98  -581.40    -43.50     12.00    0.88     40089.0
 2025 11 14 20 40 00 000    3.43    -3.84     3.91  -580.30    -39.00     16.90    1.01     46316.0
 2025 11 14 20 41 00 000    3.36    -3.40     4.26  -592.70    -23.60     55.50    1.31     72094.0
 2025 11 14 20 42 00 000    2.78    -2.59     5.23  -599.90      0.50     57.50    0.96     56169.0
 2025 11 14 20 43 00 000    3.14    -4.04     3.89  -592.70    -20.80     40.00    1.40     55999.0
 2025 11 14 20 44 00 000    3.26    -4.23     3.76  -582.70    -50.30     15.80    2.01     55765.0
 2025 11 14 20 45 00 000    3.08    -5.39     2.07  -579.90    -59.50      0.80    1.79     70763.0
 2025 11 14 20 46 00 000    2.52    -5.37     1.24  -589.90    -56.30     -6.10    1.27     67220.0
 2025 11 14 20 47 00 000    2.99    -3.64     4.49  -600.00    -55.30    -12.60    0.88     64221.0
 2025 11 14 20 48 00 000    2.96    -2.29     5.45  -579.90    -20.80     46.10    1.10     61720.0
 2025 11 14 20 49 00 000    2.97    -2.17     5.51  -579.90    -20.80     46.10    1.10     61720.0
 2025 11 14 20 50 00 000    2.74    -1.64     5.87  -579.90    -20.80     46.10    1.10     61720.0
 2025 11 14 20 52 00 000    3.32    -2.21     5.38  -588.00    -11.70     52.70    1.02     44333.0
 2025 11 14 20 53 00 000    3.33    -2.61     5.12  -588.00    -11.70     52.70    1.02     44333.0
 2025 11 14 20 54 00 000    3.60    -2.47     5.13  -588.00    -11.70     52.70    1.02     44333.0
 2025 11 14 20 55 00 000    3.61    -2.85     4.93  -575.90    -23.80     41.50    0.99     48866.0
 2025 11 14 20 56 00 000    3.46    -2.49     5.22  -575.90    -23.80     41.50    0.99     48866.0
 2025 11 14 20 57 00 000    3.46    -2.54     5.16  -580.00    -15.40     31.90    0.95     42647.0
 2025 11 14 20 58 00 000    3.37    -2.31     5.25  -580.00    -15.40     31.90    0.95     42647.0
 2025 11 14 20 59 00 000    3.80    -2.04     5.08  -580.00    -15.40     31.90    0.95     42647.0
 2025 11 14 21 00 00 000    3.74    -2.36     5.03  -574.40    -21.20     48.60    0.95     45487.0
 2025 11 14 21 01 00 000    3.92    -2.28     4.94  -574.40    -21.20     48.60    0.95     45487.0
 2025 11 14 21 02 00 000    3.84    -2.53     4.85  -574.40    -21.20     48.60    0.95     45487.0
 2025 11 14 21 03 00 000    3.56    -2.58     5.05  -574.40    -21.20     48.60    0.95     45487.0
 2025 11 14 21 04 00 000    3.60    -2.29     5.15  -573.60    -20.10     49.50    0.96     42134.0
 2025 11 14 21 05 00 000    3.63    -2.26     5.09  -573.60    -20.10     49.50    0.96     42134.0
 2025 11 14 21 06 00 000    3.31    -2.52     5.19  -573.60    -20.10     49.50    0.96     42134.0
 2025 11 14 21 07 00 000    3.64    -3.11     4.66  -573.60    -20.10     49.50    0.96     42134.0
 2025 11 14 21 08 00 000    3.75    -2.55     4.90  -573.60    -20.10     49.50    0.96     42134.0
 2025 11 14 21 09 00 000    3.58    -2.89     4.78  -572.70    -29.30     36.40    0.96     50845.0
 2025 11 14 21 10 00 000    3.58    -2.78     4.84  -572.70    -29.30     36.40    0.96     50845.0
 2025 11 14 21 11 00 000    3.72    -2.55     4.86  -572.70    -29.30     36.40    0.96     50845.0
 2025 11 14 21 12 00 000    3.55    -2.73     4.91  -572.70    -29.30     36.40    0.96     50845.0
 2025 11 14 21 13 00 000    3.63    -2.45     4.97  -572.70    -29.30     36.40    0.96     50845.0
 2025 11 14 21 14 00 000    3.97    -2.08     4.92  -572.70    -29.30     36.40    0.96     50845.0
 2025 11 14 21 15 00 000    4.05    -1.96     4.88  -569.20     -7.30     35.20    0.94     40867.0
 2025 11 14 21 16 00 000    4.22    -2.21     4.58  -569.20     -7.30     35.20    0.94     40867.0
 2025 11 14 21 17 00 000    4.39    -2.46     4.27  -569.20     -7.30     35.20    0.94     40867.0
 2025 11 14 21 18 00 000    4.28    -2.81     4.11  -569.20     -7.30     35.20    0.94     40867.0
 2025 11 14 21 19 00 000    4.27    -3.14     3.83  -569.90    -32.50     19.80    1.00     53654.0
 2025 11 14 21 20 00 000    4.25    -3.09     3.95  -569.90    -32.50     19.80    1.00     53654.0
 2025 11 14 21 21 00 000    3.75    -2.96     4.48  -569.90    -32.50     19.80    1.00     53654.0
 2025 11 14 21 22 00 000    2.79    -3.04     5.17  -569.90    -32.50     19.80    1.00     53654.0
 2025 11 14 21 23 00 000    2.45    -2.76     5.51  -569.90    -32.50     19.80    1.00     53654.0
 2025 11 14 21 24 00 000    1.95    -2.85     5.70  -569.90    -32.50     19.80    1.00     53654.0
 2025 11 14 21 25 00 000    1.95    -2.85     5.70  -569.90    -32.50     19.80    1.00     53654.0
 2025 11 14 21 26 00 000    1.63    -2.84     5.80  -569.90    -32.50     19.80    1.00     53654.0
 2025 11 14 21 27 00 000    1.54    -3.28     5.60  -602.20     -3.30     45.40    1.21     61643.0
 2025 11 14 21 28 00 000    4.49    -3.97     3.12  -588.00    -13.00     34.30    1.13     55623.0
 2025 11 14 21 29 00 000    4.48    -4.09     2.99  -559.00    -28.90     12.50    1.00     48185.0
 2025 11 14 21 30 00 000    4.23    -3.99     3.24  -557.50    -30.50     10.50    1.06     50325.0
 2025 11 14 21 31 00 000    4.50    -3.66     3.42  -561.40    -36.10     13.20    0.97     38410.0
 2025 11 14 21 32 00 000    4.64    -3.74     3.24  -557.00    -20.80     17.30    0.98     41994.0
 2025 11 14 21 33 00 000    4.60    -3.74     3.28  -555.70    -17.80     17.40    0.99     45363.0
 2025 11 14 21 34 00 000    4.37    -3.73     3.43  -561.60    -26.80     18.60    1.02     47879.0
 2025 11 14 21 35 00 000    4.19    -3.83     3.46  -565.20    -28.30     21.70    1.01     43988.0
 2025 11 14 21 36 00 000    4.17    -3.76     3.49  -569.00    -43.20     14.50    0.95     41403.0
 2025 11 14 21 37 00 000    4.25    -3.59     3.51  -564.80    -35.40     16.30    0.97     42289.0
 2025 11 14 21 38 00 000    4.20    -3.58     3.57  -559.70    -26.10     18.50    0.99     43343.0
 2025 11 14 21 39 00 000    4.14    -3.55     3.67  -559.70    -26.10     18.50    0.99     43343.0
 2025 11 14 21 40 00 000    4.39    -3.30     3.59  -559.10    -23.30     16.60    0.95     40084.0
 2025 11 14 21 41 00 000    4.16    -3.92     3.17  -561.00    -26.40     19.40    1.03     47720.0
 2025 11 14 21 42 00 000    4.07    -3.91     3.38  -567.50    -29.10     25.70    1.11     55226.0
 2025 11 14 21 43 00 000    4.17    -3.69     3.36  -572.90    -25.90     28.80    1.08     48934.0
 2025 11 14 21 44 00 000    4.16    -3.96     3.17  -572.90    -25.90     28.80    1.08     48934.0
 2025 11 14 21 45 00 000    4.30    -3.60     3.47  -563.80    -40.50     10.70    1.06     60184.0
 2025 11 14 21 46 00 000    4.19    -4.15     3.07  -563.80    -40.50     10.70    1.06     60184.0
 2025 11 14 21 47 00 000    4.24    -3.90     3.31  -567.90    -44.80     14.20    0.89     36404.0
 2025 11 14 21 48 00 000    4.47    -3.76     3.07  -567.90    -44.80     14.20    0.89     36404.0
 2025 11 14 21 49 00 000    4.18    -3.99     3.17  -563.50    -11.20     26.20    0.98     36285.0
 2025 11 14 21 50 00 000    3.91    -3.73     3.67  -563.50    -11.20     26.20    0.98     36285.0
 2025 11 14 21 51 00 000    4.54    -3.58     3.35  -563.50    -11.20     26.20    0.98     36285.0
 2025 11 14 21 52 00 000    4.06    -3.76     3.66  -564.40    -35.60     16.50    0.87     34551.0
 2025 11 14 21 53 00 000    4.19    -3.81     3.68  -578.80    -28.30     26.70    0.90     36902.0
 2025 11 14 21 54 00 000    4.86    -3.77     3.13  -586.00    -24.70     31.80    0.92     38085.0
 2025 11 14 21 55 00 000    3.76    -3.24     4.39  -586.00    -24.70     31.80    0.92     38085.0
 2025 11 14 21 56 00 000    3.74    -3.00     4.50  -586.00    -24.70     31.80    0.92     38085.0
 2025 11 14 21 57 00 000    3.74    -3.00     4.50  -586.00    -24.70     31.80    0.92     38085.0
 2025 11 14 21 58 00 000    4.00    -3.33     4.08  -586.00    -24.70     31.80    0.92     38085.0
 2025 11 14 21 59 00 000    4.34    -4.08     3.13  -568.20    -18.90     31.80    1.04     44961.0
 2025 11 14 22 00 00 000    4.44    -4.63     2.44  -562.50    -36.90     25.70    0.99     45643.0
 2025 11 14 22 01 00 000    4.55    -4.54     2.42  -560.60    -42.40     23.00    0.98     45507.0
 2025 11 14 22 02 00 000    4.41    -4.31     2.69  -557.60    -41.80      8.20    0.91     39094.0
 2025 11 14 22 03 00 000    4.47    -3.90     3.05  -563.30    -42.80      8.30    0.98     45641.0
 2025 11 14 22 04 00 000    3.45    -3.79     4.61  -573.10    -39.90     24.80    1.06     52107.0
 2025 11 14 22 05 00 000    3.54    -3.37     4.55  -580.70    -36.90     40.10    1.11     56465.0
 2025 11 14 22 06 00 000    3.49    -3.39     4.78  -580.70    -36.90     40.10    1.11     56465.0
 2025 11 14 22 07 00 000    3.65    -3.54     4.51  -580.70    -36.90     40.10    1.11     56465.0
 2025 11 14 22 08 00 000    4.05    -3.75     3.78  -574.80    -24.00     43.30    1.04     58931.0
 2025 11 14 22 09 00 000    3.93    -3.46     4.23  -569.40    -37.90     31.20    1.00     50986.0
 2025 11 14 22 10 00 000    4.04    -3.62     3.97  -566.50    -44.30     16.40    0.91     41740.0
 2025 11 14 22 11 00 000    4.19    -4.18     3.43  -571.90    -31.60     26.80    0.93     45153.0
 2025 11 14 22 12 00 000    4.15    -4.31     3.31  -571.90    -31.60     26.80    0.93     45153.0
 2025 11 14 22 13 00 000    4.42    -4.39     2.89  -571.90    -31.60     26.80    0.93     45153.0
 2025 11 14 22 14 00 000    4.22    -4.61     2.84  -571.90    -31.60     26.80    0.93     45153.0
 2025 11 14 22 15 00 000    4.14    -4.35     3.34  -563.70    -33.50     14.60    0.99     42807.0
 2025 11 14 22 16 00 000    4.58    -4.63     2.20  -560.40    -44.00     10.30    0.95     44691.0
 2025 11 14 22 17 00 000    4.56    -4.68     2.18  -558.10    -50.50      6.70    0.93     48986.0
 2025 11 14 22 18 00 000    4.73    -4.73     1.33  -558.70    -46.70      5.60    0.93     56022.0
 2025 11 14 22 19 00 000    4.88    -4.87     0.58  -558.70    -46.70      5.60    0.93     56022.0
 2025 11 14 22 20 00 000    4.66    -4.82     1.57  -558.70    -46.70      5.60    0.93     56022.0
 2025 11 14 22 21 00 000    4.72    -4.86     0.54  -556.30    -45.60      0.60    0.92     40137.0
 2025 11 14 22 22 00 000    4.42    -5.21     0.59  -557.90    -48.80     -9.90    0.91     44358.0
 2025 11 14 22 23 00 000    4.37    -5.24     0.49  -559.70    -52.50    -22.20    0.91     49313.0
 2025 11 14 22 24 00 000    4.61    -4.97     0.49  -554.80    -53.50     -8.00    0.90     43811.0
 2025 11 14 22 25 00 000    4.77    -4.78     0.62  -554.80    -53.50     -8.00    0.90     43811.0
 2025 11 14 22 26 00 000    4.78    -4.63     0.77  -547.80    -53.00      3.70    0.95     50495.0
 2025 11 14 22 27 00 000    4.92    -4.60    -0.08  -547.80    -53.00      3.70    0.95     50495.0
 2025 11 14 22 28 00 000    4.78    -4.73     0.29  -549.40    -47.70    -15.70    0.97     46287.0
 2025 11 14 22 29 00 000    4.70    -4.82     0.39  -551.40    -48.60    -12.10    0.95     44359.0
 2025 11 14 22 30 00 000    4.23    -4.87     1.83  -554.40    -48.00     -2.70    0.88     39396.0
 2025 11 14 22 31 00 000    4.45    -4.84     0.96  -556.30    -48.00      1.70    0.86     40973.0
 2025 11 14 22 32 00 000    4.64    -4.57     1.21  -557.40    -51.30     -3.80    0.93     52187.0
 2025 11 14 22 33 00 000    4.64    -4.47     1.35  -566.50    -60.40    -37.30    0.82     40209.0
 2025 11 14 22 34 00 000    4.60    -4.22     2.21  -558.70    -50.30    -13.80    0.85     37288.0
 2025 11 14 22 35 00 000    4.21    -3.80     3.50  -556.80    -45.00     -0.30    0.89     36787.0
 2025 11 14 22 36 00 000    4.29    -2.69     4.09  -568.20    -36.80     28.50    1.08     42775.0
 2025 11 14 22 37 00 000    4.14    -2.35     4.67  -568.20    -36.80     28.50    1.08     42775.0
 2025 11 14 22 38 00 000    4.18    -2.25     4.75  -568.20    -36.80     28.50    1.08     42775.0
 2025 11 14 22 39 00 000    4.16    -2.65     4.49  -565.70     -9.90     44.40    0.93     37873.0
 2025 11 14 22 40 00 000    4.18    -3.25     4.03  -565.70     -9.90     44.40    0.93     37873.0
 2025 11 14 22 41 00 000    4.30    -3.16     3.96  -565.70     -9.90     44.40    0.93     37873.0
 2025 11 14 22 42 00 000    4.02    -3.16     4.32  -564.00    -30.20     32.90    0.96     43186.0
 2025 11 14 22 43 00 000    3.97    -3.05     4.43  -568.20    -30.60     36.50    0.96     44750.0
 2025 11 14 22 44 00 000    4.16    -3.10     4.25  -566.70    -24.30     36.10    0.98     41810.0
 2025 11 14 22 45 00 000    3.84    -3.44     4.29  -564.20    -23.50     33.50    0.99     43011.0
 2025 11 14 22 46 00 000    4.52    -3.29     3.70  -563.00    -33.80     28.50    0.92     36821.0
 2025 11 14 22 47 00 000    4.51    -3.35     3.64  -560.90    -31.40     27.00    0.88     36869.0
 2025 11 14 22 48 00 000    4.32    -3.73     3.52  -558.40    -30.70     22.60    0.90     38379.0
 2025 11 14 22 49 00 000    4.23    -4.44     2.72  -560.00    -44.00     17.00    0.84     33175.0
 2025 11 14 22 50 00 000    3.61    -5.05     2.58  -560.50    -46.40     16.50    0.83     31838.0
 2025 11 14 22 51 00 000    3.74    -5.06     2.50  -567.90    -55.90     -2.40    1.01     43098.0
 2025 11 14 22 52 00 000    4.10    -4.89     2.27  -567.90    -55.90     -2.40    1.01     43098.0
 2025 11 14 22 53 00 000    4.46    -3.31     3.74  -561.90    -33.90     23.70    0.98     54921.0
 2025 11 14 22 54 00 000    4.04    -3.81     3.63  -561.70    -33.10     24.70    0.98     55361.0
 2025 11 14 22 55 00 000    3.89    -4.03     3.51  -564.50    -31.60     32.70    1.03     43848.0
 2025 11 14 22 56 00 000    3.94    -3.51     4.06  -564.50    -31.30     31.40    1.05     43097.0
 2025 11 14 22 57 00 000    4.00    -3.78     3.78  -564.50    -31.30     31.40    1.05     43097.0
 2025 11 14 22 58 00 000    3.99    -3.63     3.89  -566.70    -32.50     27.10    0.97     40427.0
 2025 11 14 22 59 00 000    3.89    -3.36     4.12  -566.70    -32.50     27.10    0.97     40427.0
 2025 11 14 23 00 00 000    3.82    -3.10     4.23  -566.70    -32.50     27.10    0.97     40427.0
 2025 11 14 23 01 00 000    3.49    -2.56     4.73  -566.70    -32.50     27.10    0.97     40427.0
 2025 11 14 23 02 00 000    3.62    -2.44     4.65  -570.30    -13.70     39.70    0.83     60489.0
 2025 11 14 23 03 00 000    3.96    -2.93     4.24  -570.30    -13.70     39.70    0.83     60489.0
 2025 11 14 23 04 00 000    4.14    -3.09     4.08  -570.30    -13.70     39.70    0.83     60489.0
 2025 11 14 23 05 00 000    4.09    -3.27     3.98  -570.30    -13.70     39.70    0.83     60489.0
 2025 11 14 23 06 00 000    3.93    -3.63     3.73  -570.30    -13.70     39.70    0.83     60489.0
 2025 11 14 23 07 00 000    3.81    -3.02     4.33  -572.20    -32.50     32.20    0.95     56502.0
 2025 11 14 23 08 00 000    4.08    -2.67     4.33  -572.20    -32.50     32.20    0.95     56502.0
 2025 11 14 23 09 00 000    4.09    -2.96     4.01  -572.20    -32.50     32.20    0.95     56502.0
 2025 11 14 23 10 00 000    4.09    -2.96     4.01  -572.20    -32.50     32.20    0.95     56502.0
 2025 11 14 23 11 00 000    4.26    -2.74     4.12  -572.20    -32.50     32.20    0.95     56502.0
 2025 11 14 23 12 00 000    4.31    -2.61     4.20  -572.20    -32.50     32.20    0.95     56502.0
 2025 11 14 23 13 00 000    4.30    -2.54     4.29  -572.20    -32.50     32.20    0.95     56502.0
 2025 11 14 23 14 00 000    4.30    -2.54     4.29  -572.20    -32.50     32.20    0.95     56502.0
 2025 11 14 23 15 00 000    4.27    -2.68     4.14  -572.20    -32.50     32.20    0.95     56502.0
 2025 11 14 23 16 00 000    4.05    -3.20     4.05  -562.90     -7.80     35.40    0.76     50007.0
 2025 11 14 23 17 00 000    4.45    -2.34     4.18  -562.50    -12.10     35.30    0.80     49301.0
 2025 11 14 23 18 00 000    4.58    -2.51     3.95  -561.20    -22.10     33.80    0.89     49743.0
 2025 11 14 23 19 00 000    4.52    -4.15     2.10  -558.20    -38.10     14.10    0.96     65418.0
 2025 11 14 23 20 00 000    4.51    -4.07     2.20  -561.70    -47.00     -8.00    0.93     54530.0
 2025 11 14 23 21 00 000    4.61    -3.55     2.81  -561.70    -47.00     -8.00    0.93     54530.0
 2025 11 14 23 22 00 000    5.00    -3.70     2.33  -554.80    -32.90      2.20    0.89     46858.0
 2025 11 14 23 23 00 000    4.80    -3.59     2.57  -554.80    -32.90      2.20    0.89     46858.0
 2025 11 14 23 24 00 000    4.90    -3.98     1.87  -553.30    -39.40     13.60    0.98     53762.0
 2025 11 14 23 25 00 000    4.93    -3.95     1.77  -553.30    -39.40     13.60    0.98     53762.0
 2025 11 14 23 26 00 000    4.76    -4.65     0.35  -553.20    -48.30    -14.40    0.95     65425.0
 2025 11 14 23 27 00 000    3.61    -3.84     3.74  -552.70    -46.50    -11.40    0.92     63698.0
 2025 11 14 23 28 00 000    2.90    -3.78     4.58  -594.60    -42.60     40.00    1.06     74282.0
 2025 11 14 23 29 00 000    3.01    -3.98     4.19  -588.20    -43.70     36.20    1.09     73617.0
 2025 11 14 23 30 00 000    3.78    -3.80     3.42  -570.70    -46.40     14.50    1.00     61009.0
 2025 11 14 23 31 00 000    3.19    -3.29     4.45  -583.00    -40.00     30.50    1.00     59299.0
 2025 11 14 23 32 00 000    4.05    -4.79     1.79  -567.40    -32.90     43.60    0.89     48319.0
 2025 11 14 23 33 00 000    4.22    -4.36     2.82  -564.90    -34.00     42.50    0.88     47602.0
 2025 11 14 23 34 00 000    4.20    -4.54     2.64  -559.70    -51.60     15.50    0.99     57318.0
 2025 11 14 23 35 00 000    4.01    -4.67     2.70  -559.70    -51.60     15.50    0.99     57318.0
 2025 11 14 23 36 00 000    3.86    -4.76     2.68  -563.00    -41.30      8.40    1.21     63628.0
 2025 11 14 23 37 00 000    3.66    -4.95     2.33  -563.00    -41.40      8.40    1.21     63615.0
 2025 11 14 23 38 00 000    3.75    -5.32     1.47  -574.20    -67.30      4.70    1.08     60144.0
 2025 11 14 23 39 00 000    3.63    -5.31     1.84  -574.00    -67.30     -0.80    1.10     56045.0
 2025 11 14 23 40 00 000    3.82    -5.43     0.79  -573.60    -66.90     -8.60    1.13     50356.0
 2025 11 14 23 41 00 000    3.51    -5.70     0.53  -576.80    -71.40    -10.00    0.99     62055.0
 2025 11 14 23 42 00 000    3.71    -5.58     0.02  -576.90    -71.60    -10.00    0.98     62456.0
 2025 11 14 23 43 00 000    3.92    -5.43    -0.50  -576.90    -71.60    -10.00    0.98     62456.0
 2025 11 14 23 44 00 000    4.34    -5.06    -1.06  -555.70    -45.60    -49.00    0.99     40992.0
 2025 11 14 23 45 00 000    3.90    -5.42    -0.87  -555.70    -45.60    -49.00    0.99     40992.0
 2025 11 14 23 46 00 000    3.56    -5.67    -0.64  -565.50    -57.20    -39.40    1.10     58613.0
 2025 11 14 23 47 00 000    3.75    -5.42    -1.08  -569.90    -62.30    -35.10    1.16     66445.0
 2025 11 14 23 48 00 000    3.57    -5.50    -1.29  -569.90    -62.30    -35.10    1.16     66445.0
 2025 11 14 23 49 00 000    3.46    -5.54    -1.49  -569.90    -62.30    -35.10    1.16     66445.0
 2025 11 14 23 50 00 000    3.43    -5.52    -1.67  -569.90    -62.30    -35.10    1.16     66445.0
 2025 11 14 23 51 00 000    3.73    -5.44    -1.09  -569.90    -62.30    -35.10    1.16     66445.0
 2025 11 14 23 52 00 000    4.16    -5.21    -0.78  -558.90    -58.70    -46.20    0.98     51302.0
 2025 11 14 23 53 00 000    3.59    -5.33    -1.51  -558.90    -58.70    -46.20    0.98     51302.0
 2025 11 14 23 54 00 000    4.09    -5.09    -0.89  -558.90    -58.70    -46.20    0.98     51314.0
 2025 11 14 23 55 00 000    4.64    -2.89     3.32  -557.00    -48.20     -1.30    1.06     76503.0
 2025 11 14 23 56 00 000    5.23    -3.43     1.42  -557.00    -48.20     -1.30    1.06     76503.0
 2025 11 14 23 57 00 000    5.31    -3.68     0.89  -557.00    -48.20     -1.30    1.06     76503.0
 2025 11 14 23 58 00 000    5.20    -3.87     0.88  -557.00    -48.20     -1.30    1.06     76503.0
 2025 11 14 23 59 00 000    4.85    -4.54     0.31  -553.90    -46.20    -22.70    0.95     40240.0
 2025 11 15 00 00 00 000    4.58    -4.68     0.76  -553.90    -46.20    -22.70    0.95     40240.0
 2025 11 15 00 01 00 000    5.00    -4.11     1.09  -551.10    -42.60    -16.00    0.99     46792.0
 2025 11 15 00 02 00 000    4.55    -4.68     0.24  -543.50    -32.90      2.40    1.13     64732.0
 2025 11 15 00 03 00 000    4.88    -4.61    -0.42  -545.10    -44.30    -16.90    0.98     49802.0
 2025 11 15 00 04 00 000    4.73    -4.61    -1.16  -546.30    -52.20    -30.80    0.88     39230.0
 2025 11 15 00 05 00 000    4.86    -4.46    -1.30  -545.60    -38.50    -38.40    0.81     42405.0
 2025 11 15 00 08 00 000    4.29    -4.01    -3.07  -545.60    -37.70    -38.80    0.81     42582.0
 2025 11 15 00 09 00 000    3.67    -3.39    -4.34  -570.10    -27.60    -71.70    0.91     65645.0
 2025 11 15 00 10 00 000    4.12    -3.79    -3.33  -570.10    -27.60    -71.70    0.91     65645.0
 2025 11 15 00 11 00 000    4.65    -4.07    -1.99  -570.00    -27.70    -71.50    0.91     65666.0
 2025 11 15 00 12 00 000    4.72    -4.40    -1.11  -551.30    -40.20    -42.60    1.06     69118.0
 2025 11 15 00 13 00 000    4.54    -4.59    -1.73  -553.90    -42.20    -45.10    1.05     60506.0
 2025 11 15 00 14 00 000    4.77    -4.44    -1.59  -556.20    -44.00    -47.20    1.05     53044.0
 2025 11 15 00 15 00 000    5.31    -3.86    -0.99  -556.20    -44.00    -47.20    1.05     53044.0
 2025 11 15 00 16 00 000    5.17    -4.10    -1.17  -556.20    -44.00    -47.20    1.05     53044.0
 2025 11 15 00 17 00 000    5.38    -4.03    -0.75  -556.20    -44.00    -47.20    1.05     53044.0
 2025 11 15 00 18 00 000    5.47    -3.90    -0.83  -540.30    -48.80    -33.90    0.95     42679.0
 2025 11 15 00 19 00 000    5.32    -4.14    -0.58  -540.60    -48.20    -32.80    0.95     43400.0
 2025 11 15 00 20 00 000    5.31    -4.18     0.02  -543.10    -43.40    -21.20    0.99     49197.0
 2025 11 15 00 21 00 000    5.40    -4.05     0.05  -541.40    -46.80     -6.70    0.91     38190.0
 2025 11 15 00 22 00 000    5.39    -4.08     0.13  -541.20    -47.10     -5.30    0.90     37090.0
 2025 11 15 00 23 00 000    5.39    -4.01     0.12  -541.20    -47.10     -5.30    0.90     37090.0
 2025 11 15 00 24 00 000    5.22    -3.96     0.93  -537.80    -46.20      3.70    1.03     52507.0
 2025 11 15 00 25 00 000    5.43    -3.75     0.13  -538.00    -46.20      3.10    1.03     52396.0
 2025 11 15 00 26 00 000    5.16    -3.90    -0.92  -552.50    -38.80    -29.30    1.06     57952.0
 2025 11 15 00 27 00 000    5.19    -3.77    -0.04  -538.80    -30.30    -10.60    0.97     46876.0
 2025 11 15 00 28 00 000    5.09    -3.90     0.63  -540.00    -37.80     14.10    1.01     60000.0
 2025 11 15 00 29 00 000    4.55    -4.10     2.35  -550.90    -54.00     17.80    1.06     76050.0
 2025 11 15 00 30 00 000    4.70    -4.26     1.50  -552.00    -55.50     17.50    1.06     75929.0
 2025 11 15 00 31 00 000    5.07    -4.01     1.59  -555.00    -57.70     22.40    1.06     79439.0
 2025 11 15 00 32 00 000    5.06    -4.11     0.70  -555.00    -57.70     22.40    1.06     79457.0
 2025 11 15 00 33 00 000    5.06    -3.98     1.59  -555.00    -57.70     22.40    1.06     79457.0
 2025 11 15 00 34 00 000    5.08    -4.01     1.58  -543.80    -47.50      8.80    0.95     62301.0
 2025 11 15 00 35 00 000    4.94    -4.11     1.37  -543.80    -47.60      8.90    0.95     61886.0
 2025 11 15 00 36 00 000    5.30    -3.64     1.74  -543.80    -49.60     13.80    0.89     47195.0
 2025 11 15 00 37 00 000    5.14    -3.74     1.91  -543.80    -49.60     13.80    0.89     47195.0
 2025 11 15 00 38 00 000    3.45    -1.95     5.30  -543.80    -49.60     13.80    0.89     47195.0
 2025 11 15 00 39 00 000    5.14    -3.97     1.35  -543.80    -49.60     13.80    0.89     47195.0
 2025 11 15 00 40 00 000    4.58    -2.58     3.03  -543.80    -49.60     13.80    0.89     47195.0
 2025 11 15 00 41 00 000    4.34    -3.25     3.94  -575.20    -29.60     34.30    1.14     46059.0
 2025 11 15 00 42 00 000    3.34    -2.35     4.74  -573.80    -25.40     32.00    1.15     47723.0
 2025 11 15 00 43 00 000    4.43    -2.70     3.33  -583.90     -7.60     38.80    1.17     53907.0
 2025 11 15 00 44 00 000    3.79    -2.62     4.55  -572.50      6.20     32.10    1.13     43162.0
 2025 11 15 00 45 00 000    3.77    -2.76     4.86  -566.50    -19.40     34.40    1.17     51000.0
 2025 11 15 00 46 00 000    3.78    -3.08     4.58  -561.80    -19.30     31.00    1.11     64277.0
 2025 11 15 00 47 00 000    3.24    -2.56     5.24  -560.60    -28.10     25.30    1.03     51392.0
 2025 11 15 00 48 00 000    3.24    -2.64     5.25  -579.70    -24.10     42.80    1.28     61273.0
 2025 11 15 00 49 00 000    3.27    -2.77     5.26  -574.20    -26.50     34.40    1.13     48868.0
 2025 11 15 00 50 00 000    3.04    -2.33     5.61  -574.00    -28.30     30.30    1.10     46017.0
 2025 11 15 00 51 00 000    3.18    -1.87     5.71  -574.00     -2.80     41.00    1.19     52294.0
 2025 11 15 00 52 00 000    2.55    -0.35     6.27  -574.00     -2.80     41.00    1.19     52294.0
 2025 11 15 00 53 00 000    3.21    -1.09     5.84  -574.00     -2.80     41.00    1.19     52294.0
 2025 11 15 00 55 00 000    3.44    -1.25     5.63  -574.00     -2.80     41.00    1.19     52294.0
 2025 11 15 00 56 00 000    3.49    -1.31     5.50  -570.20    -26.60     40.90    1.22     67734.0
 2025 11 15 00 57 00 000    3.49    -1.20     5.54  -572.00     -6.10     47.20    1.26     66628.0
 2025 11 15 00 58 00 000    3.26    -1.79     5.68  -572.70     26.40     55.00    1.33     61191.0
 2025 11 15 00 59 00 000    4.33    -1.77     4.75  -572.70     26.40     55.00    1.33     61191.0
 2025 11 15 01 00 00 000    3.56    -1.90     5.19  -572.70     26.40     55.00    1.33     61191.0
 2025 11 15 01 01 00 000    4.09    -2.44     4.57  -572.70     26.40     55.00    1.33     61191.0
 2025 11 15 01 02 00 000    4.70    -3.65     3.07  -563.20    -33.10     15.90    1.21     65088.0
 2025 11 15 01 03 00 000    4.76    -3.81     2.90  -563.20    -33.10     15.90    1.21     65088.0
 2025 11 15 01 04 00 000    4.55    -3.89     3.13  -563.20    -33.10     15.90    1.21     65088.0
 2025 11 15 01 05 00 000    4.36    -4.26     2.95  -557.80    -37.40      8.50    1.25     64139.0
 2025 11 15 01 06 00 000    4.75    -3.63     2.65  -557.80    -36.40      9.30    1.26     64378.0
 2025 11 15 01 07 00 000    4.75    -3.96     2.49  -558.90    -11.90     28.90    1.54     69939.0
 2025 11 15 01 08 00 000    4.85    -4.15     2.07  -558.40    -36.80      7.60    1.27     63297.0
 2025 11 15 01 09 00 000    4.87    -4.09     2.12  -558.20    -37.90      4.30    1.22     62608.0
 2025 11 15 01 10 00 000    4.88    -4.13     2.03  -557.10    -33.10      5.30    1.21     59309.0
 2025 11 15 01 11 00 000    4.97    -4.17     1.81  -557.10    -33.10      5.30    1.21     59309.0
 2025 11 15 01 12 00 000    4.99    -4.10     2.06  -557.10    -33.10      5.30    1.21     59309.0
 2025 11 15 01 14 00 000    4.35    -2.45     3.69  -555.00    -28.10      3.10    1.33     71593.0
 2025 11 15 01 15 00 000    5.13    -4.05     1.86  -555.00    -28.10      3.10    1.33     71593.0
 2025 11 15 01 16 00 000    4.28    -2.27     3.36  -555.00    -28.10      3.10    1.33     71593.0
 2025 11 15 01 17 00 000    3.12    -0.23     5.03  -555.00    -28.10      3.10    1.33     71593.0
 2025 11 15 01 18 00 000    4.90    -2.56     2.38  -590.50      6.30     38.40    2.35    142957.0
 2025 11 15 01 19 00 000    4.47    -3.17     2.60  -589.10     -1.40     29.20    2.36    151516.0
 2025 11 15 01 20 00 000    2.54    -1.28     4.61  -587.10    -12.30     16.20    2.38    163529.0
 2025 11 15 01 21 00 000    2.00    -0.53     5.28  -625.80     29.20     31.60    2.27    171552.0
 2025 11 15 01 22 00 000    1.84    -0.86     5.24  -625.80     29.20     31.60    2.27    171552.0
 2025 11 15 01 23 00 000    1.50    -1.04     5.33  -621.90      6.50     25.50    2.18    185253.0
 2025 11 15 01 24 00 000    1.72    -0.27     5.40  -623.30      9.50     28.90    2.18    180881.0
 2025 11 15 01 25 00 000    2.19    -0.05     5.15  -627.40     18.30     31.30    2.12    158672.0
 2025 11 15 01 26 00 000    1.88    -0.00     5.24  -622.70     22.20     41.60    2.38    203350.0
 2025 11 15 01 27 00 000    2.49    -0.41     5.04  -611.60      9.90     35.70    2.34    186882.0
 2025 11 15 01 28 00 000    1.08    -0.24     5.42  -608.00      4.10     24.50    2.38    190557.0
 2025 11 15 01 29 00 000    1.81    -0.69     5.19  -630.50     22.40     31.20    2.06    162232.0
 2025 11 15 01 30 00 000    2.06    -0.81     5.11  -618.80     10.40     25.50    2.15    191056.0
 2025 11 15 01 31 00 000    1.60    -0.85     5.18  -597.40      0.40     22.50    2.32    197633.0
 2025 11 15 01 32 00 000    1.95    -1.03     5.11  -629.80      6.70     27.30    2.04    166062.0
 2025 11 15 01 33 00 000    2.20    -0.84     5.16  -617.80     12.80     31.60    2.19    187268.0
 2025 11 15 01 34 00 000    1.77    -0.82     5.11  -615.80     13.70     32.20    2.22    190610.0
 2025 11 15 01 35 00 000    1.75    -1.98     4.65  -615.80     13.70     32.20    2.22    190610.0
 2025 11 15 01 36 00 000    1.31    -0.01     5.48  -624.30     10.60     23.00    2.44    209531.0
 2025 11 15 01 37 00 000    1.29     0.50     5.41  -619.50     21.90     24.70    2.45    211693.0
 2025 11 15 01 38 00 000    1.47     0.28     5.47  -616.60     28.90     25.70    2.46    213035.0
 2025 11 15 01 39 00 000    1.51     0.20     5.42  -616.60     28.90     25.70    2.46    213035.0
 2025 11 15 01 40 00 000    1.45     0.12     5.41  -623.10     21.60     30.80    2.34    198778.0
 2025 11 15 01 41 00 000    1.53    -0.11     5.36  -623.10     21.60     30.80    2.34    198778.0
 2025 11 15 01 42 00 000    1.85    -0.45     5.23  -623.10     21.60     30.80    2.34    198778.0
 2025 11 15 01 43 00 000    2.24    -1.21     4.98  -623.10     21.60     30.80    2.34    198778.0
 2025 11 15 01 44 00 000    2.15    -1.23     5.00  -613.30      6.60     26.10    2.38    209673.0
 2025 11 15 01 45 00 000    1.99    -0.94     5.06  -613.30      6.60     26.10    2.38    209673.0
 2025 11 15 01 46 00 000    2.76    -1.33     4.56  -613.30      6.60     26.10    2.38    209673.0
 2025 11 15 01 47 00 000    2.96    -0.95     4.64  -613.30      6.60     26.10    2.38    209673.0
 2025 11 15 01 48 00 000    2.43    -1.58     4.75  -613.30      6.60     26.10    2.38    209673.0
 2025 11 15 01 49 00 000    2.60    -1.48     4.72  -610.80      6.70     21.60    2.22    170329.0
 2025 11 15 01 50 00 000    2.79    -1.60     4.59  -610.80      6.70     21.60    2.22    170329.0
 2025 11 15 01 51 00 000    2.63    -1.70     4.62  -610.80      6.70     21.60    2.22    170329.0
 2025 11 15 01 52 00 000    2.51    -2.21     4.42  -610.80      6.70     21.60    2.22    170329.0
 2025 11 15 01 53 00 000    2.90    -1.80     4.34  -610.80      6.70     21.60    2.22    170329.0
 2025 11 15 01 54 00 000    3.81    -1.16     3.84  -610.80      6.70     21.60    2.22    170329.0
 2025 11 15 01 55 00 000    3.59    -0.44     4.20  -610.80      6.70     21.60    2.22    170329.0
 2025 11 15 01 56 00 000    3.58     0.04     4.25  -610.80      6.70     21.60    2.22    170329.0
 2025 11 15 01 57 00 000    3.38    -0.46     4.40  -610.80      6.70     21.60    2.22    170329.0
 2025 11 15 01 58 00 000    2.78    -0.45     4.77  -610.80      6.70     21.60    2.22    170329.0
 2025 11 15 01 59 00 000    2.81    -0.48     4.80  -610.80      6.70     21.60    2.22    170329.0
 2025 11 15 02 00 00 000    3.12    -0.36     4.61  -607.20     17.60     20.30    2.62    233388.0
 2025 11 15 02 01 00 000    2.87    -0.66     4.70  -607.60     17.60     21.80    2.58    223989.0
 2025 11 15 02 02 00 000    3.35    -0.74     4.40  -608.40     16.50     25.70    2.47    178103.0
 2025 11 15 02 03 00 000    3.59    -0.49     4.26  -606.30     13.60     20.50    2.53    157341.0
 2025 11 15 02 04 00 000    3.70    -1.06     4.07  -606.30     13.60     20.50    2.53    157341.0
 2025 11 15 02 05 00 000    3.92    -1.46     3.59  -606.30     13.60     20.50    2.53    157341.0
 2025 11 15 02 06 00 000    3.70    -1.56     3.60  -594.00      5.50     12.00    2.85    253102.0
 2025 11 15 02 07 00 000    3.02    -1.80     3.84  -594.00      5.50     12.00    2.85    253102.0
 2025 11 15 02 08 00 000    3.44    -2.87     2.41  -594.00      5.50     12.00    2.85    253102.0
 2025 11 15 02 09 00 000    3.01    -1.86     3.55  -594.00      5.50     12.00    2.85    253102.0
 2025 11 15 02 10 00 000    2.80    -1.82     4.02  -594.00      5.50     12.00    2.85    253102.0
 2025 11 15 02 11 00 000    3.19    -2.86     0.88  -597.00    -18.20     -2.80    2.49    208883.0
 2025 11 15 02 12 00 000   -0.96     1.35     5.37  -595.10    -14.70     -7.10    2.61    208165.0
 2025 11 15 02 13 00 000   -0.79     1.21     5.43  -651.30     41.00     34.20    2.45    220112.0
 2025 11 15 02 14 00 000   -1.85     2.30     4.81  -655.80     43.10     26.60    2.52    228194.0
 2025 11 15 02 15 00 000   -1.72     1.01     5.30  -657.60     47.20     18.70    2.31    182877.0
 2025 11 15 02 16 00 000   -0.59     1.17     5.56  -657.70     48.20     18.80    2.24    170394.0
 2025 11 15 02 17 00 000    0.09     0.99     5.59  -657.70     48.20     18.80    2.24    170394.0
 2025 11 15 02 18 00 000    1.38     0.60     5.02  -634.60     22.80     36.20    2.23    188536.0
 2025 11 15 02 19 00 000   -0.08     0.49     5.63  -633.30     24.40     36.20    2.20    181567.0
 2025 11 15 02 20 00 000    0.34     1.03     4.41  -590.60     33.30     21.40    3.19    124843.0
 2025 11 15 02 21 00 000    1.75     0.34     4.25  -590.50     33.30     21.40    3.19    124755.0
 2025 11 15 02 22 00 000    3.11    -2.81     3.27  -590.50     33.30     21.40    3.19    124755.0
 2025 11 15 02 23 00 000    3.17    -0.96     3.44  -590.50     33.30     21.40    3.19    124755.0
 2025 11 15 02 24 00 000    0.15     0.57     5.54  -590.50     33.30     21.40    3.19    124755.0
 2025 11 15 02 25 00 000    2.69     1.07     4.27  -590.50     33.30     21.40    3.19    124755.0
 2025 11 15 02 26 00 000    0.80    -0.68     5.41  -590.50     33.30     21.40    3.19    124755.0
 2025 11 15 02 27 00 000    3.65     1.00     3.68  -590.50     33.30     21.40    3.19    124755.0
 2025 11 15 02 28 00 000   -0.01    -0.13     5.63  -590.50     33.30     21.40    3.19    124755.0
 2025 11 15 02 29 00 000    2.86    -0.16     4.20  -590.50     33.30     21.40    3.19    124755.0
 2025 11 15 02 30 00 000   -0.12     0.24     5.49  -590.50     33.30     21.40    3.19    124755.0
 2025 11 15 02 31 00 000    3.23     0.12     4.07  -590.50     33.30     21.40    3.19    124755.0
 2025 11 15 02 32 00 000    0.17     0.16     5.22  -592.00     28.50     36.50    2.48    163026.0
 2025 11 15 02 33 00 000    3.03     0.17     4.34  -592.00     28.50     36.50    2.48    163026.0
 2025 11 15 02 34 00 000    1.21    -0.18     5.14  -613.80     28.60     32.50    2.61    185247.0
 2025 11 15 02 35 00 000    1.45     0.21     5.06  -633.40     28.60     28.80    2.72    205280.0
 2025 11 15 02 36 00 000    3.35    -0.40     4.12  -633.40     28.60     28.80    2.72    205280.0
 2025 11 15 02 37 00 000    1.45    -0.38     5.04  -633.40     28.60     28.80    2.72    205280.0
 2025 11 15 02 38 00 000    1.33    -1.53     4.96  -633.40     28.60     28.80    2.72    205280.0
 2025 11 15 02 39 00 000    3.36    -0.71     4.07  -633.40     28.60     28.80    2.72    205280.0
 2025 11 15 02 40 00 000    2.31    -1.30     4.79  -633.40     28.60     28.80    2.72    205280.0
 2025 11 15 02 41 00 000    2.31    -1.25     4.28  -633.40     28.60     28.80    2.72    205280.0
 2025 11 15 02 42 00 000    2.72    -1.65     4.33  -615.20     11.00     32.40    2.23    163466.0
 2025 11 15 02 43 00 000    2.94    -0.20     4.25  -615.20     11.00     32.40    2.23    163466.0
 2025 11 15 02 45 00 000    1.52    -0.24     5.10  -615.20     11.00     32.40    2.23    163466.0
 2025 11 15 02 47 00 000    3.57    -1.06     1.13  -598.90     16.30    -31.70    2.86    159318.0
 2025 11 15 02 48 00 000    4.22    -2.60    -1.19  -601.40     14.00     -7.80    2.81    193626.0
 2025 11 15 02 49 00 000    2.33    -1.09     2.54  -601.40     14.00     -7.80    2.81    193626.0
 2025 11 15 02 50 00 000    4.67    -2.59    -1.03  -601.40     14.00     -7.80    2.81    193626.0
 2025 11 15 02 51 00 000    3.66    -1.52     2.23  -590.80     -0.80    -16.70    2.76    176614.0
 2025 11 15 02 52 00 000    4.48    -2.32     0.77  -588.70      2.40    -23.40    2.80    165135.0
 2025 11 15 02 53 00 000    4.46    -1.84     1.11  -584.60      8.10    -36.40    2.87    143617.0
 2025 11 15 02 54 00 000    2.69    -1.55     3.50  -606.40      2.60      8.10    2.36    174090.0
 2025 11 15 02 55 00 000    2.58    -1.39     3.38  -621.50     13.00     26.70    2.35    181563.0
 2025 11 15 02 56 00 000    3.96    -1.88     1.13  -624.90     15.50     29.80    2.38    186394.0
 2025 11 15 02 57 00 000    4.99    -2.03     1.15  -586.30      2.10     -7.40    2.72    158473.0
 2025 11 15 02 58 00 000    3.93    -0.72     2.41  -580.20     -3.00     -9.00    2.71    119339.0
 2025 11 15 02 59 00 000    5.22    -1.67     0.95  -578.20     -4.60     -9.50    2.71    106773.0
 2025 11 15 03 00 00 000    4.23    -0.93     2.22  -607.60     19.80     25.90    2.37    189660.0
 2025 11 15 03 01 00 000    1.93    -3.71     2.81  -607.40      7.50     11.50    2.52    216274.0
 2025 11 15 03 02 00 000    3.03    -2.40     1.33  -611.30    -11.90    -10.20    2.81    247430.0
 2025 11 15 03 03 00 000    4.68    -1.22     0.76  -578.30     19.30    -18.00    2.79    110348.0
 2025 11 15 03 04 00 000    5.56     0.14     1.03  -576.80     19.00    -12.90    2.58     97616.0
 2025 11 15 03 05 00 000    3.96    -1.57     0.65  -576.80     19.00    -12.90    2.58     97616.0
 2025 11 15 03 06 00 000    4.66    -1.50    -0.28  -576.80     19.00    -12.90    2.58     97616.0
 2025 11 15 03 07 00 000    3.27    -2.67     0.02  -576.80     19.00    -12.90    2.58     97616.0
 2025 11 15 03 08 00 000    5.16    -0.90     0.74  -576.80     19.00    -12.90    2.58     97616.0
 2025 11 15 03 09 00 000    2.47    -4.14    -0.34  -576.80     19.00    -12.90    2.58     97616.0
 2025 11 15 03 10 00 000    5.56    -0.30     0.75  -576.80     19.00    -12.90    2.58     97616.0
 2025 11 15 03 11 00 000    4.54    -1.23     0.49  -576.80     19.00    -12.90    2.58     97616.0
 2025 11 15 03 12 00 000    5.43     0.03     1.35  -596.70     -1.70      1.50    2.72    196358.0
 2025 11 15 03 13 00 000    4.03     2.14     0.56  -596.70     -1.70      1.50    2.72    196358.0
 2025 11 15 03 14 00 000    4.33     0.00     1.63  -596.70     -1.70      1.50    2.72    196358.0
 2025 11 15 03 15 00 000    4.36     2.18     0.93  -596.70     -1.70      1.50    2.72    196358.0
 2025 11 15 03 16 00 000    2.91     0.86     4.40  -596.70     -1.70      1.50    2.72    196358.0
 2025 11 15 03 17 00 000    4.53     1.37     1.04  -596.70     -1.70      1.50    2.72    196358.0
 2025 11 15 03 18 00 000    5.30     1.59     0.06  -581.60     62.10    -21.10    2.62    187903.0
 2025 11 15 03 19 00 000    5.02     1.70     0.47  -579.50     59.20    -15.70    2.72    178235.0
 2025 11 15 03 20 00 000    5.06     1.26     0.98  -578.70     46.10     -2.60    2.96    130290.0
 2025 11 15 03 21 00 000    5.11     1.85     0.64  -583.80     32.80      4.40    3.22    144273.0
 2025 11 15 03 22 00 000    4.88     1.20     1.10  -578.30     61.70     -7.50    3.18    219983.0
 2025 11 15 03 23 00 000    5.01     0.16     0.76  -578.30     61.70     -7.50    3.18    219983.0
 2025 11 15 03 24 00 000    4.95     0.79     1.08  -578.30     61.70     -7.50    3.18    219983.0
 2025 11 15 03 25 00 000    4.85     1.03     2.58  -578.30     61.70     -7.50    3.18    219983.0
 2025 11 15 03 26 00 000    4.20     0.01     2.19  -572.10     63.90      3.30    2.54     92068.0
 2025 11 15 03 27 00 000    4.63     2.15     0.97  -572.10     63.90      3.30    2.54     92068.0
 2025 11 15 03 28 00 000    4.54    -1.25    -0.37  -583.80     -0.50    -23.00    2.67    158085.0
 2025 11 15 03 29 00 000    4.05    -1.00     0.08  -587.50     30.70    -11.60    2.59    181255.0
 2025 11 15 03 30 00 000    4.65    -1.40    -0.71  -574.30     33.70    -13.60    2.72     99003.0
 2025 11 15 03 31 00 000    4.05    -1.68     1.21  -574.00     33.50    -13.70    2.72     97382.0
 2025 11 15 03 32 00 000    3.64    -0.90     2.17  -603.20     14.00      4.50    2.63    195356.0
 2025 11 15 03 33 00 000    4.17    -0.52     1.81  -597.70     16.00     -3.20    2.67    188896.0
 2025 11 15 03 34 00 000    2.93    -1.02     2.82  -582.60     23.90     14.20    2.74    175292.0
 2025 11 15 03 35 00 000    2.07    -0.39     2.79  -624.60     29.50     26.80    3.22    210695.0
 2025 11 15 03 36 00 000    2.83    -0.60     2.54  -630.90     30.70     28.50    3.31    218672.0
 2025 11 15 03 37 00 000    2.69    -0.75     1.95  -630.90     30.70     28.50    3.31    218672.0
 2025 11 15 03 38 00 000    3.33    -0.36     3.32  -630.90     30.70     28.50    3.31    218672.0
 2025 11 15 03 39 00 000    3.63    -1.34     1.41  -620.80     16.90     23.50    2.69    158888.0
 2025 11 15 03 40 00 000    3.11    -0.09     3.13  -599.40     22.60     16.40    2.81    140719.0
 2025 11 15 03 41 00 000    3.12    -1.28     3.06  -590.90     22.20     10.40    3.01    158975.0
 2025 11 15 03 42 00 000    3.15    -2.01     1.78  -594.70    -11.30    -23.40    2.65    191784.0
 2025 11 15 03 43 00 000    2.34     0.16     3.51  -599.00     10.00     -2.80    2.69    193093.0
 2025 11 15 03 44 00 000    0.93     1.15     4.71  -608.30     23.10     27.30    2.69    193642.0
 2025 11 15 03 45 00 000    1.29     1.30     2.09  -615.40     13.40     36.80    2.52    191237.0
 2025 11 15 03 46 00 000    3.53    -0.45     2.20  -623.30     18.40     41.50    2.39    167707.0
 2025 11 15 03 47 00 000    1.11     1.77     2.94  -623.50     25.70     40.00    2.38    165308.0
 2025 11 15 03 48 00 000    1.04     2.50     2.97  -620.70     54.30     29.80    2.36    151641.0
 2025 11 15 03 49 00 000    3.65    -1.06     1.46  -590.10     13.40      5.70    2.75    146713.0
 2025 11 15 03 50 00 000    1.29     0.17     4.48  -604.90     -6.40     39.00    2.44    231644.0
 2025 11 15 03 51 00 000    1.51     0.98     4.52  -621.30     48.10     22.30    2.49    223867.0
 2025 11 15 03 52 00 000    3.24     0.59     2.97  -621.30     48.10     22.30    2.49    223867.0
 2025 11 15 03 53 00 000    2.46    -0.71     2.80  -621.30     48.10     22.30    2.49    223867.0
 2025 11 15 03 54 00 000    1.65    -1.16     3.89  -621.30     48.10     22.30    2.49    223867.0
 2025 11 15 03 55 00 000    4.77    -0.31    -2.53  -621.30     48.10     22.30    2.49    223867.0
 2025 11 15 03 56 00 000    3.44    -1.76     0.49  -587.30      4.90     11.20    2.81    213969.0
 2025 11 15 03 57 00 000    1.98    -2.33     2.25  -587.30      4.90     11.20    2.81    213969.0
 2025 11 15 03 58 00 000    2.39    -2.35     2.87  -606.10     -5.30     24.60    2.52    211962.0
 2025 11 15 03 59 00 000    2.91    -1.99     1.87  -606.10     -5.30     24.60    2.52    211959.0
 2025 11 15 04 00 00 000    2.66    -2.42     3.15  -606.10     -5.30     24.60    2.52    211959.0
 2025 11 15 04 01 00 000    3.36    -2.95    -1.11  -604.80      2.60    -44.10    2.68    219399.0
 2025 11 15 04 02 00 000    3.20    -2.82     0.27  -593.50     11.80    -30.60    2.72    176681.0
 2025 11 15 04 03 00 000    2.75    -2.97     2.53  -584.40     19.20    -19.80    2.76    142402.0
 2025 11 15 04 04 00 000    2.88    -2.74     3.11  -604.90     -4.30     21.80    2.24    164285.0
 2025 11 15 04 05 00 000    3.26    -2.86     2.29  -604.90     -4.30     21.80    2.24    164285.0
 2025 11 15 04 06 00 000    3.00    -2.63     3.05  -604.90    -21.10     30.80    2.61    208109.0
 2025 11 15 04 07 00 000    3.58    -2.77     2.06  -604.90    -21.10     30.80    2.61    208109.0
 2025 11 15 04 08 00 000    3.88    -2.74     0.69  -604.90    -21.10     30.80    2.61    208109.0
 2025 11 15 04 09 00 000    3.95    -3.54     0.61  -588.20     -4.90    -22.20    2.62    160329.0
 2025 11 15 04 10 00 000    4.12    -3.18     0.78  -593.10     13.60      2.80    2.59    181910.0
 2025 11 15 04 11 00 000    3.28    -2.07     2.45  -595.10     21.30     14.70    2.58    192309.0
 2025 11 15 04 12 00 000    3.83    -1.60     1.66  -585.80    -13.40    -21.60    2.71    161522.0
 2025 11 15 04 13 00 000    3.94    -1.46     1.50  -585.80    -13.40    -21.60    2.71    161522.0
 2025 11 15 04 14 00 000    3.59    -2.01     1.85  -585.80    -13.40    -21.60    2.71    161522.0
 2025 11 15 04 15 00 000    4.13    -2.87     0.86  -585.80    -13.40    -21.60    2.71    161522.0
 2025 11 15 04 16 00 000    4.53    -2.54     1.25  -585.80    -13.40    -21.60    2.71    161522.0
 2025 11 15 04 17 00 000    4.53    -2.54     1.25  -585.80    -13.40    -21.60    2.71    161522.0
 2025 11 15 04 18 00 000    5.09    -1.36     0.93  -585.80    -13.40    -21.60    2.71    161522.0
 2025 11 15 04 19 00 000    4.40    -3.00     0.02  -580.90      0.20    -30.70    2.59    132266.0
 2025 11 15 04 20 00 000    4.42    -3.07     0.31  -575.50      1.80     -4.40    2.76    124678.0
 2025 11 15 04 21 00 000    4.51    -3.17    -0.39  -580.10     -2.60    -22.10    2.63    154029.0
 2025 11 15 04 22 00 000    4.53    -3.09     0.02  -582.00     -4.10    -29.70    2.58    163340.0
 2025 11 15 04 23 00 000    4.71    -2.99    -0.29  -582.00     -4.10    -29.70    2.58    163340.0
 2025 11 15 04 24 00 000    4.78    -3.02    -0.34  -582.00     -4.10    -29.70    2.58    163340.0
 2025 11 15 04 25 00 000    4.78    -2.95    -0.46  -583.60      9.70    -29.70    2.32    108918.0
 2025 11 15 04 26 00 000    4.73    -2.56    -0.49  -581.40      2.80    -21.90    2.46    105757.0
 2025 11 15 04 27 00 000    4.86    -2.52    -0.49  -578.80     -5.60    -12.30    2.63    101874.0
 2025 11 15 04 28 00 000    4.79    -2.75    -0.52  -578.80     -5.60    -12.30    2.63    101874.0
 2025 11 15 04 29 00 000    4.83    -2.63    -0.48  -578.80     -5.60    -12.30    2.63    101874.0
 2025 11 15 04 30 00 000    4.71    -2.74    -0.55  -578.80     -5.60    -12.30    2.63    101874.0
 2025 11 15 04 31 00 000    4.65    -2.76    -0.48  -581.10      2.10    -33.20    2.26    134784.0
 2025 11 15 04 32 00 000    4.98    -1.79     0.22  -581.10      2.10    -33.20    2.26    134784.0
 2025 11 15 04 33 00 000    5.12    -0.65     0.98  -581.10      2.10    -33.20    2.26    134784.0
 2025 11 15 04 34 00 000    4.81    -1.84     0.60  -574.60     -6.70    -11.40    2.72     90563.0
 2025 11 15 04 35 00 000    4.97    -1.38     0.78  -573.20     -1.00     -4.50    2.76     96306.0
 2025 11 15 04 36 00 000    5.02    -1.32     0.04  -573.20     -0.80     -4.30    2.76     96414.0
 2025 11 15 04 38 00 000    5.00    -1.53    -0.35  -573.20     -0.80     -4.30    2.76     96414.0
 2025 11 15 04 39 00 000    5.13    -1.11    -0.22  -573.20     -0.80     -4.30    2.76     96414.0
 2025 11 15 04 41 00 000    4.96    -1.69    -0.56  -573.20     -0.80     -4.30    2.76     96414.0
 2025 11 15 04 43 00 000    4.50    -1.05     0.60  -573.20     -0.80     -4.30    2.76     96414.0
 2025 11 15 04 44 00 000    3.30    -1.73     2.75  -581.00     11.50     41.80    2.66    203031.0
 2025 11 15 04 45 00 000    4.49    -2.55    -0.28  -581.00     11.50     41.80    2.66    203031.0
 2025 11 15 04 46 00 000    4.49    -2.23    -0.36  -575.00     13.90    -18.40    2.88    147203.0
 2025 11 15 04 47 00 000    4.98    -1.37    -1.12  -573.00     19.50    -22.70    2.87    190351.0
 2025 11 15 04 48 00 000    4.13    -3.16     0.91  -571.90     23.10    -23.30    2.86    220421.0
 2025 11 15 04 50 00 000    3.99    -3.36    -0.42  -571.90     23.10    -23.30    2.86    220421.0
 2025 11 15 04 51 00 000    3.99    -3.36    -0.42  -571.90     23.10    -23.30    2.86    220421.0
 2025 11 15 04 53 00 000    4.32    -3.02    -0.53  -571.90     23.10    -23.30    2.86    220421.0
 2025 11 15 04 54 00 000    3.95    -1.60     2.04  -571.90     23.10    -23.30    2.86    220421.0
 2025 11 15 04 55 00 000    4.20    -3.07     0.09  -582.50     18.40     13.60    2.36    144507.0
 2025 11 15 04 56 00 000    3.35    -1.16    -0.06  -589.60      6.30    -11.30    2.43    175130.0
 2025 11 15 04 57 00 000    3.32    -0.87     0.04  -602.40      0.90    -14.90    2.54    236663.0
 2025 11 15 04 58 00 000    3.55     0.59     1.04  -598.00      3.70    -41.10    3.07    231101.0
 2025 11 15 04 59 00 000    3.29    -1.44    -0.19  -597.60      3.60    -41.90    3.08    229944.0
 2025 11 15 05 00 00 000    2.51    -2.69    -0.93  -597.60      3.60    -41.90    3.08    229944.0
 2025 11 15 05 01 00 000    2.11    -2.04    -0.46  -629.60      4.40    -55.70    3.42    218381.0
 2025 11 15 05 02 00 000    2.47    -2.55    -1.14  -629.60      4.40    -55.70    3.42    218381.0
 2025 11 15 05 03 00 000    1.52    -3.90    -1.62  -629.60      4.40    -55.70    3.42    218381.0
 2025 11 15 05 04 00 000    3.46    -3.70    -0.69  -629.60      4.40    -55.70    3.42    218381.0
 2025 11 15 05 05 00 000    3.84    -1.51     0.22  -587.20     40.20     29.90    2.90    131549.0
 2025 11 15 05 06 00 000    2.41     0.06     4.51  -587.20     40.20     29.90    2.90    131549.0
 2025 11 15 05 07 00 000    3.05    -1.27     0.86  -587.20     40.20     29.90    2.90    131549.0
 2025 11 15 05 08 00 000    1.70     2.42     3.34  -629.30     45.30     28.40    2.30    179898.0
 2025 11 15 05 09 00 000    2.40    -1.73     2.40  -629.30     45.30     28.40    2.30    179898.0
 2025 11 15 05 10 00 000    3.58    -1.49     0.20  -606.90    -11.20      8.80    1.95    125438.0
 2025 11 15 05 11 00 000    3.81    -2.44    -2.08  -603.10    -20.90      5.50    1.89    116119.0
 2025 11 15 05 12 00 000    3.41    -3.49    -1.02  -603.10    -20.90      5.50    1.89    116119.0
 2025 11 15 05 13 00 000    3.41    -3.49    -1.01  -603.10    -20.90      5.50    1.89    116119.0
 2025 11 15 05 15 00 000    3.58    -3.46    -1.24  -603.10    -20.90      5.50    1.89    116119.0
 2025 11 15 05 18 00 000    3.82    -2.95    -1.89  -603.10    -20.90      5.50    1.89    116119.0
 2025 11 15 05 20 00 000    4.00    -3.66    -0.63  -603.10    -20.90      5.50    1.89    116119.0
 2025 11 15 05 21 00 000    3.78    -3.26    -1.61  -603.10    -20.90      5.50    1.89    116119.0
 2025 11 15 05 23 00 000    3.84    -3.63    -1.23  -603.10    -20.90      5.50    1.89    116119.0
 2025 11 15 05 24 00 000    3.57    -3.02    -2.41  -603.10    -20.90      5.50    1.89    116119.0
 2025 11 15 05 26 00 000    4.05    -2.13     2.65  -586.10      0.90     29.40    2.93    216640.0
 2025 11 15 05 27 00 000    3.82    -3.03    -0.20  -586.80     -0.30     17.00    2.83    204645.0
 2025 11 15 05 28 00 000    3.79    -3.22     0.28  -589.50     -3.40    -31.20    2.39    154400.0
 2025 11 15 05 29 00 000    3.90    -3.04     0.09  -589.30      0.90    -35.10    2.33    138434.0
 2025 11 15 05 30 00 000    3.94    -2.80    -0.10  -586.20     -4.80    -28.50    2.48    156001.0
 2025 11 15 05 31 00 000    3.02    -2.03    -0.68  -599.30     20.00     -8.20    2.36    161209.0
 2025 11 15 05 32 00 000    2.85    -1.69    -0.39  -608.90     34.50     38.90    2.34    164535.0
 2025 11 15 05 33 00 000    2.60    -2.68    -1.44  -590.00     12.80    -49.60    2.74    184413.0
 2025 11 15 05 34 00 000    3.56    -2.45    -0.99  -591.80      4.30    -39.50    2.61    174401.0
 2025 11 15 05 35 00 000    4.26    -2.12    -0.17  -579.30     12.70    -12.10    2.83    141841.0
 2025 11 15 05 36 00 000    4.09    -2.31    -0.53  -575.80     15.50     -3.90    2.71    134618.0
 2025 11 15 05 37 00 000    4.21    -2.20    -0.54  -586.50      4.00    -35.30    2.52    166493.0
 2025 11 15 05 38 00 000    3.61    -3.17    -1.38  -581.30     21.30    -18.00    2.73    138719.0
 2025 11 15 05 39 00 000    3.71    -2.98    -1.69  -583.20     18.80    -34.10    2.65    177917.0
 2025 11 15 05 40 00 000    3.79    -2.96    -1.43  -574.80     22.10    -28.80    2.52    151916.0
 2025 11 15 05 41 00 000    2.50    -3.81    -1.07  -604.50    -10.70    -41.30    2.29    162081.0
 2025 11 15 05 42 00 000    3.03    -3.28    -0.64  -615.90    -14.30    -38.20    2.32    169665.0
 2025 11 15 05 43 00 000    2.46    -3.89    -1.36  -614.50    -11.70    -34.60    2.27    184680.0
 2025 11 15 05 44 00 000    3.30    -3.34    -1.04  -597.50     -7.70    -31.70    2.34    169232.0
 2025 11 15 05 45 00 000    3.36    -3.62    -1.04  -593.30     -3.90    -28.00    2.43    163760.0
 2025 11 15 05 46 00 000    3.59    -3.52    -0.78  -600.00    -19.70    -26.80    2.34    188552.0
 2025 11 15 05 47 00 000    3.49    -3.23    -0.52  -581.70     17.10    -12.50    2.47    128388.0
 2025 11 15 05 48 00 000    3.80    -2.77    -0.31  -590.90      2.40    -28.90    2.63    149752.0
 2025 11 15 05 49 00 000    4.48    -1.85     0.09  -593.70     -3.20    -30.90    2.58    159501.0
 2025 11 15 05 50 00 000    3.08    -4.40    -1.15  -570.70     49.00      3.10    2.65    103094.0
 2025 11 15 05 51 00 000    3.87    -2.73    -0.68  -569.90     55.10      5.50    2.79     99185.0
 2025 11 15 05 52 00 000    4.24    -2.31    -0.38  -569.70     56.20      5.90    2.82     98453.0
 2025 11 15 05 53 00 000    2.75    -4.70    -1.43  -569.70     56.20      5.90    2.82     98453.0
 2025 11 15 05 54 00 000    2.64    -4.81    -0.84  -585.30    -12.20    -32.90    2.12    132113.0
 2025 11 15 05 55 00 000    3.35    -4.38    -0.78  -590.70    -16.70    -35.70    2.16    137515.0
 2025 11 15 05 56 00 000    3.96    -3.99    -0.25  -605.00    -28.60    -43.00    2.24    151893.0
 2025 11 15 05 57 00 000    4.42    -3.33    -0.16  -574.20     -8.10     -5.60    2.52    127395.0
 2025 11 15 05 58 00 000    4.40    -3.40    -0.23  -574.00    -11.50    -13.80    2.42    113634.0
 2025 11 15 05 59 00 000    4.39    -3.36    -0.49  -579.40     -8.10    -30.10    2.30    155462.0
 2025 11 15 06 00 00 000    4.27    -3.46    -0.59  -578.40    -10.50    -21.40    2.36    142604.0
 2025 11 15 06 01 00 000    3.84    -3.63    -1.19  -581.20    -13.90    -18.50    2.33    139525.0
 2025 11 15 06 02 00 000    3.75    -3.53    -1.24  -587.40     -6.20    -30.50    2.23    139637.0
 2025 11 15 06 03 00 000    4.23    -3.06    -1.09  -579.70     -1.30    -24.00    2.52    112781.0
 2025 11 15 06 04 00 000    4.56    -2.61    -0.69  -574.20     -5.00    -12.90    2.60    111951.0
 2025 11 15 06 05 00 000    4.61    -2.55    -0.87  -579.50    -11.70    -17.30    2.33    146869.0
 2025 11 15 06 06 00 000    4.40    -3.09    -0.27  -575.80      1.00    -15.50    2.47    137282.0
 2025 11 15 06 07 00 000    4.70    -2.65    -0.74  -579.60    -16.90    -10.50    2.67    110641.0
 2025 11 15 06 08 00 000    4.77    -2.39    -0.56  -577.80    -21.30     -4.10    2.72     99996.0
 2025 11 15 06 09 00 000    0.85    -4.24     1.30  -575.20    -16.30     -5.20    2.51    112099.0
 2025 11 15 06 10 00 000    1.07    -4.35     1.45  -628.00    -40.40      3.30    2.67    247422.0
 2025 11 15 06 13 00 000    0.66    -4.93     2.18  -628.20    -40.50      3.30    2.67    247808.0
 2025 11 15 06 14 00 000    0.59    -4.97     2.12  -628.20    -40.50      3.30    2.67    247808.0
 2025 11 15 06 15 00 000    0.22    -4.85     2.40  -622.40    -18.70     10.00    2.30    198293.0
 2025 11 15 06 16 00 000    0.46    -4.97     1.87  -620.00    -22.80      6.30    2.32    196400.0
 2025 11 15 06 17 00 000    0.19    -4.84     2.04  -624.50    -32.40      8.50    2.38    199997.0
 2025 11 15 06 18 00 000    0.58    -5.10     1.56  -635.30    -36.40     18.80    2.44    208820.0
 2025 11 15 06 19 00 000    1.28    -4.91     1.55  -618.40    -25.90      0.80    2.39    212174.0
 2025 11 15 06 20 00 000    2.49    -4.39     1.39  -605.20    -29.40     -1.90    2.28    189236.0
 2025 11 15 06 21 00 000    2.92    -3.75     1.42  -592.00    -28.00    -11.00    2.49    206303.0
 2025 11 15 06 22 00 000    2.63    -4.08     1.81  -587.20    -26.90    -15.00    2.60    217147.0
 2025 11 15 06 23 00 000    2.96    -4.12     1.49  -587.20    -26.90    -15.00    2.60    217147.0
 2025 11 15 06 24 00 000    3.25    -4.12     0.97  -587.20    -26.90    -15.00    2.60    217147.0
 2025 11 15 06 25 00 000    3.46    -3.85     1.21  -587.20    -26.90    -15.00    2.60    217147.0
 2025 11 15 06 26 00 000    3.46    -3.85     1.21  -587.20    -26.90    -15.00    2.60    217147.0
 2025 11 15 06 27 00 000    3.54    -3.64     1.41  -587.20    -26.90    -15.00    2.60    217147.0
 2025 11 15 06 29 00 000    3.17    -4.03     1.12  -587.20    -26.90    -15.00    2.60    217147.0
 2025 11 15 06 30 00 000    3.33    -3.80     1.42  -587.20    -26.90    -15.00    2.60    217147.0
 2025 11 15 06 31 00 000    3.80    -3.45     0.73  -584.50    -29.50     12.60    2.31    157855.0
 2025 11 15 06 32 00 000    4.36    -2.86    -0.16  -584.50    -29.50     12.60    2.31    157855.0
 2025 11 15 06 33 00 000    4.30    -3.01    -0.51  -584.50    -29.50     12.60    2.31    157855.0
 2025 11 15 06 34 00 000    4.02    -3.45     0.22  -584.50    -29.50     12.60    2.31    157855.0
 2025 11 15 06 35 00 000    4.00    -3.46     0.34  -581.20    -11.00      5.50    2.40    204084.0
 2025 11 15 06 36 00 000    3.91    -3.57    -0.02  -581.20    -11.00      5.50    2.40    204084.0
 2025 11 15 06 37 00 000    4.19    -3.19     0.32  -581.20    -11.00      5.50    2.40    204084.0
 2025 11 15 06 38 00 000    4.15    -3.09     1.12  -581.20    -11.00      5.50    2.40    204084.0
 2025 11 15 06 39 00 000    4.34    -2.92     0.85  -581.20    -11.00      5.50    2.40    204084.0
 2025 11 15 06 40 00 000    4.35    -2.90     0.84  -575.30    -16.10      4.40    2.47    121589.0
 2025 11 15 06 41 00 000    4.31    -2.94     0.92  -575.30    -16.10      4.40    2.47    121589.0
 2025 11 15 06 42 00 000    4.52    -2.70     0.55  -575.30    -16.10      4.40    2.47    121589.0
 2025 11 15 06 43 00 000    4.26    -3.08    -0.11  -575.30    -16.10      4.40    2.47    121589.0
 2025 11 15 06 44 00 000    4.05    -3.38    -0.28  -575.30    -16.10      4.40    2.47    121589.0
 2025 11 15 06 45 00 000    4.01    -3.45     0.00  -581.10    -21.20    -12.10    2.62    167453.0
 2025 11 15 06 46 00 000    4.28    -3.08    -0.66  -581.10    -21.20    -12.10    2.62    167453.0
 2025 11 15 06 47 00 000    4.14    -3.12    -1.16  -581.10    -21.20    -12.10    2.62    167453.0
 2025 11 15 06 48 00 000    4.10    -2.98    -1.45  -581.10    -21.20    -12.10    2.62    167453.0
 2025 11 15 06 49 00 000    4.35    -2.69    -1.29  -581.10    -21.20    -12.10    2.62    167453.0
 2025 11 15 06 50 00 000    4.54    -2.62     0.68  -581.10    -21.20    -12.10    2.62    167453.0
 2025 11 15 06 51 00 000    4.49    -2.54    -0.77  -581.10    -21.20    -12.10    2.62    167453.0
 2025 11 15 06 52 00 000    4.25    -3.07     0.10  -581.10    -21.20    -12.10    2.62    167453.0
 2025 11 15 06 53 00 000    3.78    -3.63     0.59  -580.00    -20.40     -3.30    2.63    129134.0
 2025 11 15 06 54 00 000    3.44    -3.10     1.36  -580.00    -20.40     -3.30    2.63    129134.0
 2025 11 15 06 55 00 000    3.19    -2.96     1.27  -580.00    -20.40     -3.30    2.63    129134.0
 2025 11 15 06 56 00 000    3.67    -3.13     0.83  -572.60    -11.30     -8.70    2.38    131661.0
 2025 11 15 06 57 00 000    3.99    -2.97     0.23  -572.60    -11.30     -8.70    2.38    131656.0
 2025 11 15 06 58 00 000    4.01    -3.45    -0.35  -576.50    -15.80    -13.80    2.28    127138.0
 2025 11 15 06 59 00 000    4.25    -3.00     0.49  -579.90    -13.70     13.90    2.45    153750.0
 2025 11 15 07 00 00 000    4.21    -3.17     0.04  -575.90    -13.40     -3.60    2.21    124418.0
 2025 11 15 07 01 00 000    4.20    -3.25    -0.54  -575.70    -14.80     -8.50    2.21    122938.0
 2025 11 15 07 02 00 000    4.37    -2.91    -0.72  -569.10     -3.30    -18.60    2.31    113713.0
 2025 11 15 07 03 00 000    4.51    -2.79    -0.60  -571.90     -8.80    -13.60    2.43    130620.0
 2025 11 15 07 04 00 000    4.30    -3.20    -0.10  -571.90     -8.80    -13.60    2.43    130620.0
 2025 11 15 07 05 00 000    4.11    -3.39    -0.34  -571.90    -15.60     -2.00    2.27    130091.0
 2025 11 15 07 06 00 000    4.10    -3.33    -0.12  -574.80    -13.90     -2.70    2.45    126780.0
 2025 11 15 07 07 00 000    4.29    -3.18     0.22  -577.80    -19.60     -4.60    2.24    146747.0
 2025 11 15 07 08 00 000    4.33    -3.16     0.40  -577.80    -19.60     -4.60    2.24    146747.0
 2025 11 15 07 09 00 000    4.49    -2.78     0.72  -577.80    -19.60     -4.60    2.24    146747.0
 2025 11 15 07 10 00 000    4.42    -2.57    -0.53  -564.90     -5.30    -11.70    2.23    101601.0
 2025 11 15 07 11 00 000    4.67    -2.64     0.10  -564.90     -5.30    -11.70    2.23    101601.0
 2025 11 15 07 12 00 000    4.68    -2.08     0.27  -564.90     -5.30    -11.70    2.23    101601.0
 2025 11 15 07 13 00 000    4.77    -1.87    -0.22  -570.30    -10.40     17.00    2.20     98599.0
 2025 11 15 07 14 00 000    4.80    -1.64    -0.73  -570.30    -10.40     17.00    2.20     98599.0
 2025 11 15 07 15 00 000    4.87    -2.09     0.39  -563.20      4.00    -16.50    2.20     87040.0
 2025 11 15 07 16 00 000    4.99    -1.68     0.29  -563.20      4.00    -16.50    2.20     87040.0
 2025 11 15 07 17 00 000    4.98    -1.74     0.38  -563.20      4.00    -16.50    2.20     87040.0
 2025 11 15 07 18 00 000    4.88    -1.48    -0.88  -564.00     39.40    -36.50    2.12     88608.0
 2025 11 15 07 19 00 000    4.99    -1.77    -0.10  -564.10     37.90    -34.90    2.13     89412.0
 2025 11 15 07 20 00 000    4.89    -2.00     0.25  -567.90     -5.10     10.70    2.38    112960.0
 2025 11 15 07 21 00 000    4.89    -2.04     0.21  -567.90     -5.10     10.70    2.38    112960.0
 2025 11 15 07 22 00 000    4.76    -2.00    -0.32  -567.90     -5.10     10.70    2.38    112960.0
 2025 11 15 07 23 00 000    4.95    -1.87     0.07  -571.00     -8.60     13.60    2.49    101552.0
 2025 11 15 07 24 00 000    4.96    -1.92     0.13  -565.50      2.60     -3.00    2.30     91566.0
 2025 11 15 07 25 00 000    4.95    -1.99    -0.29  -561.50     10.90    -15.20    2.17     84218.0
 2025 11 15 07 26 00 000    4.88    -1.50    -1.55  -561.50     10.90    -15.20    2.17     84218.0
 2025 11 15 07 27 00 000    4.89    -2.09     0.05  -561.50     10.90    -15.20    2.17     84218.0
 2025 11 15 07 28 00 000    4.92    -2.04     0.02  -561.50     10.90    -15.20    2.17     84218.0
 2025 11 15 07 29 00 000    4.98    -1.96    -0.53  -561.50     10.90    -15.20    2.17     84218.0
 2025 11 15 07 30 00 000    4.92    -1.55    -0.60  -561.50     10.90    -15.20    2.17     84218.0
 2025 11 15 07 31 00 000    5.04    -1.70     0.16  -563.10      4.10     11.20    1.98     74367.0
 2025 11 15 07 32 00 000    5.02    -1.93     0.17  -563.10      4.10     11.20    1.98     74367.0
 2025 11 15 07 33 00 000    4.95    -1.82    -0.43  -562.80      3.40      4.80    2.23     90742.0
 2025 11 15 07 34 00 000    4.94    -1.62    -0.70  -561.90      2.90      0.80    2.19     85245.0
 2025 11 15 07 35 00 000    5.07    -1.75    -0.11  -561.10      2.70     -1.00    2.10     76159.0
 2025 11 15 07 40 00 000    4.72    -1.46    -1.00  -561.10      2.70     -1.00    2.10     76159.0
 2025 11 15 07 41 00 000    4.03    -2.18     0.00  -574.00    -18.30     13.40    2.39    144077.0
 2025 11 15 07 42 00 000    4.38    -1.55    -1.96  -574.00    -18.30     13.40    2.39    144077.0
 2025 11 15 07 43 00 000    4.29    -1.86    -1.49  -574.00    -18.30     13.40    2.39    144077.0
 2025 11 15 07 44 00 000    3.67    -2.78     0.51  -574.00    -18.30     13.40    2.39    144077.0
 2025 11 15 07 45 00 000    2.60    -3.72     2.33  -574.00    -18.30     13.40    2.39    144077.0
 2025 11 15 07 46 00 000    3.81    -2.57     2.76  -591.30     -4.60     38.80    2.37    164222.0
 2025 11 15 07 48 00 000    3.78    -3.00     2.43  -578.10    -13.10     27.20    2.21    135471.0
 2025 11 15 07 49 00 000    3.88    -3.25     1.84  -578.20    -22.30     13.00    2.44    140229.0
 2025 11 15 07 50 00 000    3.85    -3.42     1.40  -578.30    -30.30      0.60    2.64    144373.0
 2025 11 15 07 51 00 000    3.85    -2.98     2.11  -575.00    -22.80      4.50    2.55    129088.0
 2025 11 15 07 52 00 000    4.22    -2.78    -0.01  -574.40    -17.40     -4.20    2.61    128027.0
 2025 11 15 07 53 00 000    4.37    -2.19     0.71  -573.90    -13.30    -11.10    2.66    127200.0
 2025 11 15 07 54 00 000    4.31    -2.59     1.05  -573.90    -13.30    -11.10    2.66    127200.0
 2025 11 15 07 55 00 000    4.00    -2.73    -1.79  -571.80    -13.30      4.10    2.63    127074.0
 2025 11 15 07 56 00 000    4.64    -1.91    -1.17  -566.60      2.90    -13.10    2.43    108044.0
 2025 11 15 07 57 00 000    4.46    -2.34    -0.10  -561.30     16.20    -23.20    2.22     86987.0
 2025 11 15 07 58 00 000    4.38    -2.23    -0.49  -563.40     -2.20     21.20    2.25     97965.0
 2025 11 15 07 59 00 000    4.76    -2.30    -0.50  -563.40     -2.20     21.20    2.25     97965.0
 2025 11 15 08 00 00 000    4.63    -2.30    -0.75  -559.80     -5.40    -23.90    2.36     95305.0
 2025 11 15 08 01 00 000    4.43    -2.18    -1.11  -560.40     -4.70    -15.70    2.43    104270.0
 2025 11 15 08 02 00 000    4.46    -2.55    -0.71  -561.70     -3.40      0.50    2.56    121887.0
 2025 11 15 08 03 00 000    4.76    -2.13    -0.82  -563.00     11.60    -28.90    2.33     97345.0
 2025 11 15 08 04 00 000    4.63    -2.62    -0.66  -563.00     11.60    -28.90    2.33     97345.0
 2025 11 15 08 05 00 000    4.75    -2.40     0.02  -562.70      9.40    -18.00    2.33     99695.0
 2025 11 15 08 06 00 000    5.00    -1.58     0.78  -561.80      3.70     11.10    2.33    105961.0
 2025 11 15 08 07 00 000    5.01    -1.96     0.12  -560.70      2.80      6.70    2.45    108841.0
 2025 11 15 08 08 00 000    4.56    -2.04    -1.21  -562.00      5.30    -10.50    2.49    110337.0
 2025 11 15 08 09 00 000    4.86    -1.77    -1.07  -567.10      9.10    -36.20    2.58    142047.0
 2025 11 15 08 10 00 000    4.95    -1.42    -1.03  -567.10      9.10    -36.20    2.58    142047.0
 2025 11 15 08 11 00 000    4.64    -1.48    -1.95  -558.30     22.30     -9.50    2.64    130354.0
 2025 11 15 08 12 00 000    4.99    -1.59    -0.53  -557.80     22.10     -8.30    2.59    125514.0
 2025 11 15 08 13 00 000    4.45    -2.72    -1.09  -556.90     22.00     -6.50    2.53    117987.0
 2025 11 15 08 14 00 000    5.07    -1.50    -0.23  -556.90     22.00     -6.50    2.53    117987.0
 2025 11 15 08 15 00 000    4.56    -2.51    -1.08  -562.10      9.70    -21.30    2.22    111864.0
 2025 11 15 08 16 00 000    4.40    -2.77    -1.22  -562.10      9.70    -21.30    2.22    111864.0
 2025 11 15 08 17 00 000    3.92    -2.24    -2.77  -562.10      9.70    -21.30    2.22    111864.0
 2025 11 15 08 18 00 000    3.54    -1.89    -3.65  -562.10      9.70    -21.30    2.22    111864.0
 2025 11 15 08 19 00 000    3.98    -2.51    -2.30  -575.70     37.40    -46.30    2.53    115907.0
 2025 11 15 08 20 00 000    4.15    -2.43    -2.52  -575.70     37.40    -46.30    2.53    115907.0
 2025 11 15 08 21 00 000    3.68    -2.83    -2.94  -576.70     21.60    -45.20    2.56    141192.0
 2025 11 15 08 22 00 000    4.10    -1.29    -3.32  -576.60     22.00    -44.80    2.57    142925.0
 2025 11 15 08 23 00 000    4.08    -0.86    -3.48  -576.60     22.00    -44.80    2.57    142925.0
 2025 11 15 08 24 00 000    3.91    -1.48    -3.47  -576.60     22.00    -44.80    2.57    142925.0
 2025 11 15 08 25 00 000    4.00    -1.90    -3.25  -576.60     22.00    -44.80    2.57    142925.0
 2025 11 15 08 26 00 000    3.95    -2.24    -3.07  -576.60     22.00    -44.80    2.57    142925.0
 2025 11 15 08 27 00 000    4.04    -1.47    -3.30  -574.40     18.60    -45.70    2.46    132736.0
 2025 11 15 08 28 00 000    4.04    -1.47    -3.30  -574.40     18.60    -45.70    2.46    132736.0
 2025 11 15 08 29 00 000    3.88    -1.75    -3.38  -574.40     18.60    -45.70    2.46    132736.0
 2025 11 15 08 30 00 000    4.02    -1.56    -3.34  -574.40     18.60    -45.70    2.46    132736.0
 2025 11 15 08 31 00 000    4.44    -1.39    -2.85  -574.40     18.60    -45.70    2.46    132736.0
 2025 11 15 08 32 00 000    4.46    -2.19    -2.24  -566.20    -14.60    -10.60    2.29     99726.0
 2025 11 15 08 33 00 000    4.39    -2.34    -1.85  -566.90     -9.00    -14.70    2.29    100924.0
 2025 11 15 08 34 00 000    4.21    -2.64    -1.50  -567.10     25.90    -34.40    2.29    101100.0
 2025 11 15 08 35 00 000    4.25    -1.85    -2.65  -554.00      7.60    -15.60    2.62    139876.0
 2025 11 15 08 36 00 000    4.34    -2.05    -2.31  -564.80     13.30    -36.50    2.57    132999.0
 2025 11 15 08 37 00 000    4.12    -1.86    -3.02  -571.90     19.50    -49.50    2.49    122749.0
 2025 11 15 08 38 00 000    3.92    -1.61    -3.26  -572.80     32.20    -46.80    2.37    112458.0
 2025 11 15 08 39 00 000    3.91    -1.92    -2.94  -578.30     25.70    -39.80    2.76    147160.0
 2025 11 15 08 40 00 000    3.52    -1.66    -3.63  -572.90     25.00    -47.00    2.41    131244.0
 2025 11 15 08 41 00 000    3.38    -1.49    -3.55  -582.10     31.80    -39.40    2.45    125305.0
 2025 11 15 08 42 00 000    3.26    -2.71    -1.92  -584.10     25.10    -37.80    2.51    126171.0
 2025 11 15 08 43 00 000    3.62    -2.66    -1.98  -579.40      5.60    -29.60    2.57    125399.0
 2025 11 15 08 44 00 000    3.95    -2.86    -1.43  -567.00     12.30    -28.90    2.36    111114.0
 2025 11 15 08 45 00 000    4.17    -2.55    -1.71  -574.60     -6.60    -35.80    2.21    122570.0
 2025 11 15 08 46 00 000    4.54    -1.65    -1.03  -562.30      8.20    -22.80    2.27    104189.0
 2025 11 15 08 47 00 000    3.17    -3.09    -2.53  -570.60      3.70    -27.60    2.29    114014.0
 2025 11 15 08 48 00 000    3.23    -3.69    -2.23  -574.50     13.60    -45.80    2.50    122609.0
 2025 11 15 08 49 00 000    3.95    -3.35    -1.43  -573.80     -7.80    -41.70    2.44    160876.0
 2025 11 15 08 50 00 000    4.01    -3.37    -1.39  -567.40      5.10    -38.50    2.18    107600.0
 2025 11 15 08 51 00 000    3.96    -3.51    -0.95  -567.40     -1.40    -36.50    2.26    120239.0
 2025 11 15 08 52 00 000    4.20    -2.65    -1.85  -568.80    -11.20    -25.80    2.66    157504.0
 2025 11 15 08 53 00 000    3.99    -3.06    -1.85  -566.10     -3.00    -36.20    2.32    109453.0
 2025 11 15 08 54 00 000    3.56    -3.51    -1.08  -569.50      2.10    -35.90    2.55    123895.0
 2025 11 15 08 55 00 000    3.29    -3.88    -0.40  -571.80     -6.40    -25.30    2.46    130686.0
 2025 11 15 08 56 00 000    4.12    -3.05    -1.12  -576.10    -25.40    -10.30    2.27    134956.0
 2025 11 15 08 57 00 000    4.13    -2.35    -1.98  -567.90     33.50    -43.60    2.29    100365.0
 2025 11 15 08 58 00 000    3.50    -3.98    -0.28  -572.60     -1.70    -24.30    2.41    113956.0
 2025 11 15 08 59 00 000    4.05    -2.58    -1.78  -574.80    -21.00     -8.10    2.36    140345.0
 2025 11 15 09 00 00 000    3.51    -3.27    -0.40  -574.20    -17.40     -7.90    2.31    146211.0
 2025 11 15 09 01 00 000    2.98    -2.88     0.83  -597.40    -14.20     21.00    2.69    195463.0
 2025 11 15 09 02 00 000    2.82    -3.38     1.12  -597.10    -14.50     20.50    2.67    195911.0
 2025 11 15 09 03 00 000    3.36    -3.85    -0.97  -589.00     -9.80     -6.10    2.62    175168.0
 2025 11 15 09 04 00 000    3.40    -3.57    -2.53  -581.80     -2.70    -32.10    2.63    150601.0
 2025 11 15 09 05 00 000    3.55    -3.22    -2.88  -575.40      2.10    -48.70    2.39    140323.0
 2025 11 15 09 06 00 000    3.43    -2.98    -3.26  -575.70      9.20    -50.50    2.28    121608.0
 2025 11 15 09 07 00 000    3.53    -2.80    -3.20  -574.20     13.00    -50.20    2.31    119340.0
 2025 11 15 09 08 00 000    3.21    -3.19    -3.11  -571.40     18.00    -49.10    2.41    121439.0
 2025 11 15 09 09 00 000    3.41    -2.46    -3.61  -576.10     14.80    -52.10    2.31    134238.0
 2025 11 15 09 10 00 000    3.53    -2.59    -3.47  -572.40     31.40    -49.70    2.23    128763.0
 2025 11 15 09 11 00 000    3.49    -2.79    -3.36  -574.50     16.80    -51.20    2.41    125470.0
 2025 11 15 09 12 00 000    3.31    -3.09    -3.27  -574.50     16.80    -51.20    2.41    125470.0
 2025 11 15 09 13 00 000    3.50    -3.19    -2.98  -574.50     16.80    -51.20    2.41    125470.0
 2025 11 15 09 14 00 000    3.44    -3.27    -2.90  -574.50     16.80    -51.20    2.41    125470.0
 2025 11 15 09 15 00 000    3.33    -3.64    -2.65  -574.50     16.80    -51.20    2.41    125470.0
 2025 11 15 09 16 00 000    3.49    -3.30    -2.89  -574.50     16.80    -51.20    2.41    125470.0
 2025 11 15 09 17 00 000    3.39    -3.25    -3.05  -574.50     16.80    -51.20    2.41    125470.0
 2025 11 15 09 18 00 000    3.30    -3.45    -2.84  -575.10      7.10    -48.30    2.37    141666.0
 2025 11 15 09 19 00 000    3.10    -2.96    -3.57  -575.10      7.10    -48.30    2.37    141666.0
 2025 11 15 09 20 00 000    2.88    -3.65    -2.99  -575.10      7.10    -48.30    2.37    141666.0
 2025 11 15 09 21 00 000    2.28    -3.54    -3.65  -585.80      0.30    -46.60    2.11    126963.0
 2025 11 15 09 22 00 000    2.78    -3.55    -3.30  -585.80      0.30    -46.60    2.11    126963.0
 2025 11 15 09 23 00 000    2.85    -3.66    -3.12  -585.80      0.30    -46.60    2.11    126963.0
 2025 11 15 09 24 00 000    2.77    -3.53    -3.26  -585.80      0.30    -46.60    2.11    126963.0
 2025 11 15 09 25 00 000    2.89    -3.54    -3.11  -585.80      0.30    -46.60    2.11    126963.0
 2025 11 15 09 26 00 000    3.20    -3.57    -2.82  -585.80      0.30    -46.60    2.11    126963.0
 2025 11 15 09 27 00 000    2.57    -3.31    -3.64  -585.80      0.30    -46.60    2.11    126963.0
 2025 11 15 09 28 00 000    2.64    -3.15    -3.80  -584.60      5.70    -50.00    2.51    170458.0
 2025 11 15 09 29 00 000    2.64    -3.15    -3.80  -584.60      5.70    -50.00    2.51    170458.0
 2025 11 15 09 30 00 000    2.62    -3.38    -3.61  -584.60      5.70    -50.00    2.51    170458.0
 2025 11 15 09 31 00 000    2.71    -3.54    -3.37  -584.60      5.70    -50.00    2.51    170458.0
 2025 11 15 09 32 00 000    2.54    -3.20    -3.78  -584.60      5.70    -50.00    2.51    170458.0
 2025 11 15 09 33 00 000    2.54    -3.21    -3.78  -584.60      5.70    -50.00    2.51    170458.0
 2025 11 15 09 34 00 000    2.58    -2.89    -4.01  -584.60      5.70    -50.00    2.51    170458.0
 2025 11 15 09 35 00 000    2.71    -3.24    -3.67  -584.60      5.70    -50.00    2.51    170458.0
 2025 11 15 09 37 00 000    2.74    -2.94    -3.91  -584.60      5.70    -50.00    2.51    170458.0
 2025 11 15 09 38 00 000    2.59    -3.48    -3.55  -586.40     10.60    -54.60    2.62    153131.0
 2025 11 15 09 39 00 000    2.59    -3.48    -3.55  -586.40     10.60    -54.60    2.62    153131.0
 2025 11 15 09 40 00 000    2.73    -3.11    -3.75  -586.40     10.60    -54.60    2.62    153131.0
 2025 11 15 09 41 00 000    2.73    -3.11    -3.75  -586.40     10.60    -54.60    2.62    153131.0
 2025 11 15 09 42 00 000    2.78    -3.91    -2.75  -586.40     10.60    -54.60    2.62    153131.0
 2025 11 15 09 43 00 000    2.78    -3.91    -2.75  -586.40     10.60    -54.60    2.62    153131.0
 2025 11 15 09 44 00 000    2.85    -3.54    -3.22  -586.40     10.60    -54.60    2.62    153131.0
 2025 11 15 09 45 00 000    2.85    -3.54    -3.22  -586.40     10.60    -54.60    2.62    153131.0
 2025 11 15 09 47 00 000    3.07    -3.62    -2.95  -586.40     10.60    -54.60    2.62    153131.0
 2025 11 15 09 48 00 000    3.40    -3.43    -2.69  -577.00      1.60    -36.10    2.84    195140.0
 2025 11 15 09 49 00 000    2.98    -3.44    -3.12  -574.70      1.90    -42.30    2.71    181360.0
 2025 11 15 09 50 00 000    2.42    -3.53    -3.41  -588.60      8.80    -52.90    2.58    169976.0
 2025 11 15 09 51 00 000    3.07    -3.52    -2.84  -585.00      8.10    -53.10    2.51    153746.0
 2025 11 15 09 52 00 000    3.91    -3.14    -1.64  -574.90      3.30    -50.50    2.40    126879.0
 2025 11 15 09 53 00 000    3.44    -3.71    -1.90  -566.70     -0.70    -28.30    2.76    147586.0
 2025 11 15 09 54 00 000    3.06    -3.94    -2.24  -578.70      3.80    -44.70    2.88    171682.0
 2025 11 15 09 55 00 000    3.08    -3.88    -2.32  -583.90     -2.20    -41.40    3.14    173360.0
 2025 11 15 09 56 00 000    3.60    -3.22    -2.24  -583.90     -2.20    -41.40    3.14    173360.0
 2025 11 15 09 57 00 000    3.05    -3.85    -2.11  -569.30     -7.30    -28.80    2.74    146874.0
 2025 11 15 09 58 00 000    3.30    -4.19    -1.40  -571.40    -10.00    -35.50    2.62    161230.0
 2025 11 15 09 59 00 000    2.94    -4.29    -1.66  -571.40    -10.00    -35.50    2.62    161230.0
 2025 11 15 10 00 00 000    2.57    -4.26    -2.23  -571.40    -10.00    -35.50    2.62    161230.0
 2025 11 15 10 01 00 000    2.82    -3.93    -2.59  -571.40    -10.00    -35.50    2.62    161230.0
 2025 11 15 10 02 00 000    3.16    -3.98    -2.10  -571.40    -10.00    -35.50    2.62    161230.0
 2025 11 15 10 03 00 000    3.16    -3.98    -2.10  -572.60      1.40    -49.10    2.08    113483.0
 2025 11 15 10 04 00 000    3.79    -3.56    -0.07  -571.70     -3.40    -39.60    2.19    118836.0
 2025 11 15 10 05 00 000    3.85    -3.45    -0.79  -568.10    -21.90     -3.10    2.63    139477.0
 2025 11 15 10 06 00 000    3.52    -3.80    -0.95  -567.30    -26.10      5.10    2.72    144136.0
 2025 11 15 10 07 00 000    3.51    -3.78    -1.44  -578.00      4.50    -54.90    2.42    152220.0
 2025 11 15 10 08 00 000    2.77    -4.20    -2.19  -578.00      4.50    -54.90    2.42    152220.0
 2025 11 15 10 09 00 000    3.42    -3.58    -2.04  -574.70      6.90    -59.80    2.45    155385.0
 2025 11 15 10 10 00 000    3.47    -3.62    -2.03  -573.30      5.80    -56.20    2.31    138178.0
 2025 11 15 10 11 00 000    4.62    -2.85     0.79  -557.20     -4.50     -4.90    2.27    106438.0
 2025 11 15 10 12 00 000    4.70    -2.65     0.94  -556.00     -5.30     -1.00    2.28    105152.0
 2025 11 15 10 13 00 000    4.56    -2.45     1.66  -558.80    -18.10      5.50    2.20     95738.0
 2025 11 15 10 14 00 000    4.53    -2.57     0.90  -559.80    -13.00     -6.70    2.28     93548.0
 2025 11 15 10 15 00 000    4.01    -2.95     0.23  -560.90     -7.00    -20.90    2.35     90981.0
 2025 11 15 10 16 00 000    4.69    -2.09     1.93  -560.90     -7.00    -20.90    2.35     90981.0
 2025 11 15 10 19 00 000    4.27    -1.34     1.90  -559.60     -2.00     34.20    2.32    101601.0
 2025 11 15 10 20 00 000    4.71     0.10     2.29  -559.20     -0.20     35.30    2.33    109852.0
 2025 11 15 10 21 00 000    3.91    -1.95     2.50  -559.80     -0.90     36.40    2.34    113976.0
 2025 11 15 10 22 00 000    4.48    -1.67     2.01  -559.50     -1.80      4.40    2.36    127863.0
 2025 11 15 10 23 00 000    4.17    -2.10     2.29  -560.10     -0.80      7.40    2.38    131572.0
 2025 11 15 10 24 00 000    4.61    -2.10     1.43  -560.10     -0.80      7.40    2.38    131572.0
 2025 11 15 10 25 00 000    4.68    -1.94     2.25  -560.10    -22.90     21.70    2.35    112281.0
 2025 11 15 10 26 00 000    4.74    -2.41     0.91  -559.20    -21.60     12.00    2.23    100602.0
 2025 11 15 10 27 00 000    4.59    -2.56     0.14  -556.50    -17.60    -17.00    1.87     65565.0
 2025 11 15 10 28 00 000    4.68    -2.99    -0.52  -553.50     -0.20    -33.50    2.15     93154.0
 2025 11 15 10 29 00 000    4.98    -0.90     1.90  -553.50     -0.20    -33.50    2.15     93204.0
 2025 11 15 10 30 00 000    4.75    -2.13     0.77  -552.10      7.30     25.00    2.52    108406.0
 2025 11 15 10 31 00 000    4.86    -0.78     1.45  -549.20      8.70     12.90    2.40     95374.0
 2025 11 15 10 32 00 000    4.88    -1.26     1.19  -546.00     10.20     -0.20    2.28     81332.0
 2025 11 15 10 33 00 000    4.92    -2.20     0.34  -550.80     -7.30    -15.90    2.19     93965.0
 2025 11 15 10 34 00 000    4.83    -1.67     1.10  -548.70      0.10     -5.40    2.23     89637.0
 2025 11 15 10 35 00 000    5.06    -1.33     1.57  -552.70     -3.20      5.50    2.32     93127.0
 2025 11 15 10 36 00 000    4.80    -1.04     2.02  -561.00      9.20     35.90    2.25    105052.0
 2025 11 15 10 37 00 000    5.03    -0.81     1.71  -560.90      9.90     35.30    2.26    104512.0
 2025 11 15 10 38 00 000    4.96    -0.85     1.80  -561.10      7.50     24.20    2.48    105003.0
 2025 11 15 10 39 00 000    4.92    -0.93     1.59  -554.40      1.30      5.00    2.42    105262.0
 2025 11 15 10 40 00 000    4.75    -1.23     1.88  -549.30      9.40     -5.10    2.34     93126.0
 2025 11 15 10 41 00 000    4.92    -0.06     1.66  -558.50     11.30     19.30    2.35     98844.0
 2025 11 15 10 42 00 000    4.93    -0.18     1.76  -551.40     26.70     12.80    2.30     88426.0
 2025 11 15 10 43 00 000    5.17    -1.09     0.42  -547.00      8.40     11.00    2.11     73310.0
 2025 11 15 10 44 00 000    5.10     0.28     1.40  -547.00      8.40     11.00    2.11     73310.0
 2025 11 15 10 45 00 000    5.00    -1.62     0.85  -550.30    -10.80     -9.10    2.20     77886.0
 2025 11 15 10 46 00 000    5.05    -1.09     0.81  -550.30    -10.80     -9.10    2.20     77886.0
 2025 11 15 10 47 00 000    4.96    -1.31     1.02  -545.40     30.30     -9.20    2.21     84834.0
 2025 11 15 10 48 00 000    5.07    -1.52     0.50  -547.90     14.70     -1.70    2.14     76596.0
 2025 11 15 10 49 00 000    5.01    -1.74     0.68  -546.50      7.00    -13.90    2.22     77655.0
 2025 11 15 10 50 00 000    5.15    -1.51     0.25  -550.50      0.30     -4.60    2.27     82002.0
 2025 11 15 10 51 00 000    5.01    -1.60     0.51  -547.50     10.90    -13.80    2.34     83604.0
 2025 11 15 10 52 00 000    4.56    -2.31     1.01  -554.20     -9.20     -8.00    2.48    105257.0
 2025 11 15 10 53 00 000    4.78    -1.79     0.69  -556.60     -8.00     -5.80    2.68    131634.0
 2025 11 15 10 54 00 000    4.52    -1.81     2.21  -551.20     -0.20    -10.40    2.45    110211.0
 2025 11 15 10 55 00 000    4.42    -1.67     2.82  -551.20     -0.20    -10.40    2.45    110211.0
 2025 11 15 10 56 00 000    4.57    -1.41     2.75  -551.20     -0.20    -10.40    2.45    110211.0
 2025 11 15 10 57 00 000    4.56    -1.95     2.52  -551.20     -0.20    -10.40    2.45    110211.0
 2025 11 15 10 58 00 000    4.43    -1.35     3.05  -558.00     -0.10     28.60    2.22    111034.0
 2025 11 15 10 59 00 000    4.46    -1.55     2.73  -558.00     -0.10     28.60    2.22    111034.0
 2025 11 15 11 00 00 000    4.31    -1.44     3.22  -558.00     -0.10     28.60    2.22    111034.0
 2025 11 15 11 01 00 000    4.21    -1.41     3.39  -558.00     -0.10     28.60    2.22    111034.0
 2025 11 15 11 02 00 000    3.30    -2.80     3.68  -569.60    -14.80     16.50    2.89    143723.0
 2025 11 15 11 03 00 000    3.21    -2.89     3.70  -569.60    -14.80     16.50    2.89    143723.0
 2025 11 15 11 04 00 000    3.21    -2.89     3.70  -569.60    -14.80     16.50    2.89    143723.0
 2025 11 15 11 05 00 000    3.15    -2.49     3.99  -569.60    -14.80     16.50    2.89    143723.0
 2025 11 15 11 06 00 000    2.56    -2.22     4.59  -569.60    -14.80     16.50    2.89    143723.0
 2025 11 15 11 07 00 000    3.23    -2.14     4.18  -569.60    -14.80     16.50    2.89    143723.0
 2025 11 15 11 08 00 000    3.38    -2.28     3.98  -569.60    -14.80     16.50    2.89    143723.0
 2025 11 15 11 09 00 000    3.28    -2.60     3.80  -569.60    -14.80     16.50    2.89    143723.0
 2025 11 15 11 11 00 000    3.38    -2.47     3.77  -581.00    -19.10     22.60    3.12    168154.0
 2025 11 15 11 13 00 000    3.81    -2.27     3.56  -581.00    -19.10     22.60    3.12    168154.0
 2025 11 15 11 14 00 000    2.73    -4.26     2.12  -584.20    -54.70    -28.10    2.62    152038.0
 2025 11 15 11 15 00 000    3.72    -3.88     1.24  -574.40    -38.70    -27.60    2.48    139399.0
 2025 11 15 11 16 00 000    3.46    -3.95     1.70  -568.10    -28.40    -27.20    2.38    131323.0
 2025 11 15 11 17 00 000    3.90    -3.68     0.90  -568.10    -28.40    -27.20    2.38    131323.0
 2025 11 15 11 18 00 000    4.42    -2.58     1.05  -576.00    -18.00     11.40    2.91    136331.0
 2025 11 15 11 19 00 000    3.78    -3.46     1.37  -576.00    -18.00     11.40    2.91    136331.0
 2025 11 15 11 20 00 000    3.85    -2.98     2.04  -561.40     -5.80    -13.60    2.91    123713.0
 2025 11 15 11 21 00 000    4.41    -2.94     0.47  -562.90    -10.90    -13.10    2.85    127812.0
 2025 11 15 11 22 00 000    4.31    -2.71     0.85  -564.10    -22.30    -16.00    2.65    140599.0
 2025 11 15 11 23 00 000    4.12    -2.79     1.33  -554.50     -3.00    -35.10    2.62    120718.0
 2025 11 15 11 24 00 000    4.65    -2.78     1.04  -572.00    -11.20     27.00    2.43    141061.0
 2025 11 15 11 25 00 000    4.21    -2.85     1.92  -569.10     -7.90     32.30    2.49    130386.0
 2025 11 15 11 26 00 000    4.34    -2.88     1.35  -566.50     -6.00     29.10    2.52    124529.0
 2025 11 15 11 27 00 000    4.27    -2.44     1.40  -566.50     -6.00     29.10    2.52    124529.0
 2025 11 15 11 28 00 000    4.34    -2.06     1.05  -566.50     -6.00     29.10    2.52    124529.0
 2025 11 15 11 29 00 000    4.27    -2.14     1.74  -553.90     -6.00     17.30    2.16     67614.0
 2025 11 15 11 30 00 000    4.35    -2.10     1.57  -552.50     -0.10    -13.20    2.35     89203.0
 2025 11 15 11 31 00 000    4.66    -2.75     0.80  -559.60     -0.80     -6.90    2.34    113252.0
 2025 11 15 11 32 00 000    4.56    -3.09     0.62  -563.00     -3.00      5.70    2.27    116225.0
 2025 11 15 11 33 00 000    4.85    -2.50     1.25  -563.00     -3.00      5.70    2.27    116225.0
 2025 11 15 11 34 00 000    4.60    -2.67     1.34  -548.80     -5.00    -10.30    2.19     79194.0
 2025 11 15 11 35 00 000    4.95    -2.58     0.45  -548.80     -5.00    -10.30    2.19     79194.0
 2025 11 15 11 36 00 000    4.51    -2.60     1.57  -549.50     -1.70    -17.00    2.30     85821.0
 2025 11 15 11 37 00 000    4.75    -2.09     1.91  -549.50     -1.60    -17.20    2.30     86034.0
 2025 11 15 11 38 00 000    4.68    -2.52     1.57  -549.50     -1.60    -17.20    2.30     86034.0
 2025 11 15 11 39 00 000    4.66    -1.96     2.02  -563.20     -7.80     27.20    2.72    160337.0
 2025 11 15 11 40 00 000    4.43    -2.30     1.47  -556.90    -14.90      6.30    2.72    135071.0
 2025 11 15 11 41 00 000    4.35    -2.52     1.77  -552.70    -19.60     -7.50    2.72    118409.0
 2025 11 15 11 42 00 000    5.21    -2.56    -0.08  -552.70    -19.60     -7.50    2.72    118409.0
 2025 11 15 11 43 00 000    5.25    -2.51    -0.16  -552.70    -19.60     -7.50    2.72    118409.0
 2025 11 15 11 44 00 000    5.27    -2.51    -0.23  -550.70     -6.50    -17.20    2.30     76761.0
 2025 11 15 11 45 00 000    5.19    -2.56    -0.20  -550.70     -6.50    -17.20    2.30     76761.0
 2025 11 15 11 46 00 000    5.12    -2.75     0.14  -550.70     -6.50    -17.20    2.30     76761.0
 2025 11 15 11 47 00 000    5.21    -2.57    -0.14  -550.70     -6.50    -17.20    2.30     76761.0
 2025 11 15 11 48 00 000    5.27    -2.43    -0.21  -550.70     -6.50    -17.20    2.30     76761.0
 2025 11 15 11 49 00 000    5.27    -2.38    -0.48  -550.70     -6.50    -17.20    2.30     76761.0
 2025 11 15 11 50 00 000    5.59    -0.56    -1.51  -547.40     12.10    -25.70    2.16     70226.0
 2025 11 15 11 51 00 000    5.42    -1.56    -0.01  -547.40     12.10    -25.70    2.16     70226.0
 2025 11 15 11 52 00 000    5.44    -1.72    -0.16  -547.40     12.10    -25.70    2.16     70226.0
 2025 11 15 11 53 00 000    5.47    -1.03    -1.67  -547.40     12.10    -25.70    2.16     70226.0
 2025 11 15 11 54 00 000    5.42    -0.70    -1.82  -547.40     12.10    -25.70    2.16     70226.0
 2025 11 15 11 55 00 000    5.37    -1.54    -0.91  -547.90      5.60    -22.10    2.30     71927.0
 2025 11 15 11 56 00 000    5.48    -1.44    -1.06  -547.90      5.60    -22.10    2.30     71927.0
 2025 11 15 11 57 00 000    5.36    -1.71    -0.58  -547.90      5.60    -22.10    2.30     71927.0
 2025 11 15 11 58 00 000    5.32    -2.18     0.45  -547.90      5.60    -22.10    2.30     71927.0
 2025 11 15 11 59 00 000    5.32    -2.06     0.77  -547.90      5.60    -22.10    2.30     71927.0
 2025 11 15 12 00 00 000    4.84    -2.55     1.55  -547.90      5.60    -22.10    2.30     71927.0
 2025 11 15 12 01 00 000    4.90    -1.90     0.64  -547.90      5.60    -22.10    2.30     71927.0
 2025 11 15 12 02 00 000    4.57    -2.17     1.58  -553.30     -4.00     -9.60    2.36     88642.0
 2025 11 15 12 03 00 000    5.41    -1.57    -0.68  -555.40    -11.70     -2.00    2.44     97714.0
 2025 11 15 12 04 00 000    5.58    -1.25    -0.47  -555.40    -11.70     -2.00    2.44     97714.0
 2025 11 15 12 05 00 000    5.63    -1.25    -0.28  -555.40    -11.70     -2.00    2.44     97714.0
 2025 11 15 12 06 00 000    5.59    -1.32    -0.10  -555.40    -11.70     -2.00    2.44     97714.0
 2025 11 15 12 07 00 000    5.58    -1.39     0.17  -555.40    -11.70     -2.00    2.44     97714.0
 2025 11 15 12 08 00 000    5.54    -1.53     0.19  -544.80      5.80     -8.70    2.35     77409.0
 2025 11 15 12 09 00 000    5.49    -0.99    -1.08  -544.90      6.90     -9.80    2.35     77540.0
 2025 11 15 12 10 00 000    5.50    -0.60    -1.54  -546.50     23.30    -25.40    2.31     80248.0
 2025 11 15 12 11 00 000    5.47    -0.74    -1.71  -545.30     21.30    -20.50    2.34     81140.0
 2025 11 15 12 12 00 000    5.53    -0.76    -1.51  -545.40     26.10    -27.60    2.34     86995.0
 2025 11 15 12 13 00 000    5.64    -0.91    -1.04  -545.40     26.10    -27.60    2.34     86995.0
 2025 11 15 12 14 00 000    5.67    -0.95    -0.96  -545.40     26.10    -27.60    2.34     86995.0
 2025 11 15 12 15 00 000    5.73    -0.90    -0.86  -545.40     26.10    -27.60    2.34     86995.0
 2025 11 15 12 16 00 000    5.76    -0.84    -0.59  -545.40     26.10    -27.60    2.34     86995.0
 2025 11 15 12 17 00 000    5.64    -0.52    -1.31  -541.70     17.30    -15.50    2.24     74367.0
 2025 11 15 12 18 00 000    5.48    -0.14    -1.94  -541.70     17.30    -15.50    2.24     74367.0
 2025 11 15 12 19 00 000    5.48    -0.43    -1.86  -546.10     31.20    -26.30    2.23     71385.0
 2025 11 15 12 20 00 000    5.51    -1.13    -1.51  -546.10     31.20    -26.30    2.23     71385.0
 2025 11 15 12 21 00 000    5.55    -0.81    -1.51  -546.10     31.20    -26.30    2.23     71385.0
 2025 11 15 12 22 00 000    5.59    -0.58    -1.32  -546.10     31.20    -26.30    2.23     71385.0
 2025 11 15 12 23 00 000    5.60    -0.66    -1.46  -546.10     31.20    -26.30    2.23     71385.0
 2025 11 15 12 24 00 000    5.61    -0.52    -1.43  -546.10     31.20    -26.30    2.23     71385.0
 2025 11 15 12 25 00 000    5.66     0.18    -1.31  -544.00     35.60    -17.90    2.35     79325.0
 2025 11 15 12 26 00 000    5.61     0.30    -1.59  -544.00     35.60    -17.90    2.35     79325.0
 2025 11 15 12 27 00 000    5.66     0.33    -1.27  -544.00     35.60    -17.90    2.35     79325.0
 2025 11 15 12 28 00 000    5.67     0.20    -1.34  -554.80      5.50    -40.30    2.10     90845.0
 2025 11 15 12 29 00 000    5.44    -0.86    -1.54  -554.80      5.50    -40.30    2.10     90845.0
 2025 11 15 12 30 00 000    5.46    -0.63    -1.46  -554.80      5.50    -40.30    2.10     90845.0
 2025 11 15 12 31 00 000    5.54    -0.89    -1.29  -554.80      5.50    -40.30    2.10     90845.0
 2025 11 15 12 32 00 000    5.05    -0.60    -1.95  -554.80      5.50    -40.30    2.10     90845.0
 2025 11 15 12 33 00 000    5.51     0.65    -1.35  -554.80      5.50    -40.30    2.10     90845.0
 2025 11 15 12 34 00 000    5.55     0.65    -1.07  -542.70     46.00    -13.80    2.69    135127.0
 2025 11 15 12 35 00 000    5.78    -0.62     0.12  -542.70     46.00    -13.80    2.69    135127.0
 2025 11 15 12 36 00 000    5.31     1.76    -1.44  -542.70     46.00    -13.80    2.69    135127.0
 2025 11 15 12 37 00 000    5.40    -0.77    -0.46  -542.70     46.00    -13.80    2.69    135127.0
 2025 11 15 12 38 00 000    5.20    -1.67    -1.63  -542.70     46.00    -13.80    2.69    135127.0
 2025 11 15 12 39 00 000    4.19    -3.54     0.71  -542.70     46.00    -13.80    2.69    135127.0
 2025 11 15 12 40 00 000    4.31    -3.33     1.88  -543.90     -1.90    -13.90    2.32    104146.0
 2025 11 15 12 41 00 000    3.52    -4.41     1.22  -543.90     -1.90    -13.90    2.32    104146.0
 2025 11 15 12 42 00 000    3.34    -4.56     0.89  -543.90     -1.90    -13.90    2.32    104146.0
 2025 11 15 12 44 00 000    4.52    -2.10     1.40  -543.90     -1.90    -13.90    2.32    104146.0
 2025 11 15 12 45 00 000    3.96    -4.21     1.29  -543.90     -1.90    -13.90    2.32    104146.0
 2025 11 15 12 46 00 000    3.96    -4.21     1.28  -543.90     -1.90    -13.90    2.32    104146.0
 2025 11 15 12 47 00 000    4.38    -3.60     1.51  -543.90     -1.90    -13.90    2.32    104146.0
 2025 11 15 12 48 00 000    4.78    -2.04     2.55  -543.90     -1.90    -13.90    2.32    104146.0
 2025 11 15 12 49 00 000    4.52    -3.10     1.64  -543.90     -1.90    -13.90    2.32    104146.0
 2025 11 15 12 51 00 000    4.51    -3.02    -0.76  -543.90     -1.90    -13.90    2.32    104146.0
 2025 11 15 12 52 00 000    5.18    -0.88    -1.35  -547.40     17.40    -44.70    2.20     69938.0
 2025 11 15 12 53 00 000    4.69    -2.07    -0.47  -547.40     17.40    -44.70    2.20     69938.0
 2025 11 15 12 54 00 000    5.01    -1.60    -2.52  -546.30     30.00    -54.70    2.25     85194.0
 2025 11 15 12 55 00 000    4.85    -1.18    -1.32  -546.10     34.10    -17.80    2.52    110185.0
 2025 11 15 12 56 00 000    5.17    -0.39    -1.60  -548.70     50.10     14.80    3.00    163291.0
 2025 11 15 12 57 00 000    4.68    -0.85    -1.56  -539.10     14.10    -10.70    2.20     78888.0
 2025 11 15 12 58 00 000    4.86    -0.99     1.18  -539.10     14.10    -10.70    2.20     78888.0
 2025 11 15 12 59 00 000    4.48    -1.59    -2.72  -540.80     46.00    -23.90    2.34     79984.0
 2025 11 15 13 00 00 000    3.84    -0.84     0.57  -540.80     46.00    -24.00    2.34     80080.0
 2025 11 15 13 01 00 000    5.06     1.41    -0.46  -554.20     39.90    -37.00    2.51    121009.0
 2025 11 15 13 02 00 000    4.63     1.26    -0.08  -553.80     53.20      9.80    2.47    126470.0
 2025 11 15 13 03 00 000    4.84     0.85    -0.60  -568.40     38.80     28.00    2.31    121143.0
 2025 11 15 13 04 00 000    4.85     1.80     0.26  -559.40     34.30    -60.80    2.28    102662.0
 2025 11 15 13 05 00 000    4.69     1.58    -0.56  -554.90     50.00     17.00    2.39    107790.0
 2025 11 15 13 06 00 000    5.04     1.94     0.83  -554.40     52.00     27.10    2.40    108508.0
 2025 11 15 13 07 00 000    5.19     0.83    -0.12  -545.20     40.10     12.20    2.33     89932.0
 2025 11 15 13 08 00 000    5.15     1.70     0.45  -546.90     39.50      5.90    2.40    103984.0
 2025 11 15 13 09 00 000    5.08     1.45    -0.27  -546.50     37.50     20.40    2.27     89995.0
 2025 11 15 13 10 00 000    5.45     0.88    -1.00  -554.00     71.50     14.60    2.49    123616.0
 2025 11 15 13 11 00 000    5.42     1.22    -0.58  -554.60     74.20     13.90    2.51    126630.0
 2025 11 15 13 12 00 000    5.30     0.98    -1.10  -545.30     57.60    -37.60    2.36    123058.0
 2025 11 15 13 13 00 000    5.73     0.72     0.24  -544.90     54.20    -22.20    2.36    112549.0
 2025 11 15 13 14 00 000    5.20     0.59    -1.20  -543.80     45.20     18.80    2.35     84621.0
 2025 11 15 13 15 00 000    5.69     1.06    -0.04  -538.30     29.00     -3.00    2.32     71095.0
 2025 11 15 13 16 00 000    5.73     1.02     0.18  -539.40     35.70     -3.10    2.33     71989.0
 2025 11 15 13 17 00 000    5.30     0.13    -1.25  -541.50     44.70      3.40    2.37     64407.0
 2025 11 15 13 18 00 000    5.61     1.17    -0.24  -542.40     45.60     12.20    2.40     52900.0
 2025 11 15 13 19 00 000    5.73     0.90    -0.03  -557.00     23.60    -67.90    2.37    105657.0
 2025 11 15 13 20 00 000    5.47     1.12    -0.40  -553.00     33.30    -26.30    2.19     88295.0
 2025 11 15 13 21 00 000    5.59     1.68    -0.27  -551.00     38.30     -5.10    2.11     79428.0
 2025 11 15 13 22 00 000    5.63     0.89     0.16  -551.00     38.30     -5.10    2.11     79428.0
 2025 11 15 13 23 00 000    4.69    -1.82     0.83  -550.60     -7.60      2.90    2.50    131625.0
 2025 11 15 13 24 00 000    4.95    -1.11     0.76  -543.00     28.30     -1.20    2.48    109566.0
 2025 11 15 13 25 00 000    5.18    -0.00    -0.25  -544.70     19.40     -7.40    2.91    154035.0
 2025 11 15 13 26 00 000    5.06     0.02    -1.40  -552.30     -8.80     -0.80    2.83    143649.0
 2025 11 15 13 27 00 000    4.81    -0.81     1.40  -550.30     10.40     -3.10    2.47    136061.0
 2025 11 15 13 28 00 000    4.65    -1.55     0.72  -551.30     40.10    -24.90    2.44    127835.0
 2025 11 15 13 29 00 000    4.88    -1.14    -1.56  -554.40     35.40    -39.70    2.53    138880.0
 2025 11 15 13 30 00 000    4.64    -2.30    -0.53  -545.10     -7.40     -3.80    2.30     90784.0
 2025 11 15 13 31 00 000    4.90    -1.80    -1.79  -553.60    -17.60    -17.40    2.31    104118.0
 2025 11 15 13 32 00 000    4.92    -1.74    -0.65  -555.80    -13.50     17.80    2.29    135581.0
 2025 11 15 13 33 00 000    4.59    -1.70    -0.08  -551.30     12.50    -47.90    2.46     88087.0
 2025 11 15 13 34 00 000    5.30     0.24    -0.41  -545.00     33.10    -26.80    2.43     84800.0
 2025 11 15 13 35 00 000    5.12    -0.98    -1.03  -546.50     27.70    -33.80    2.45    104848.0
 2025 11 15 13 36 00 000    5.37    -1.41    -0.18  -548.00     15.20    -39.40    2.47    104493.0
 2025 11 15 13 37 00 000    5.00    -2.17    -1.26  -547.90     -7.80     12.70    1.99     84530.0
 2025 11 15 13 38 00 000    4.89    -1.41     0.69  -548.70     -0.20      0.40    2.20     97078.0
 2025 11 15 13 39 00 000    5.06    -1.01    -0.33  -548.30      0.70     -4.50    2.30    104406.0
 2025 11 15 13 40 00 000    5.19    -1.45    -1.18  -540.70      0.40    -35.90    2.81    159227.0
 2025 11 15 13 41 00 000    5.20    -1.11    -0.82  -547.10     10.80    -52.60    2.62    102616.0
 2025 11 15 13 42 00 000    5.01    -0.92     0.09  -542.50     16.90    -39.40    2.51     79781.0
 2025 11 15 13 43 00 000    5.69     0.34     0.83  -537.10      5.50    -34.90    1.87     63361.0
 2025 11 15 13 44 00 000    5.08     0.62     0.16  -549.80     16.00     25.10    2.21     91137.0
 2025 11 15 13 45 00 000    5.41     1.54     0.77  -546.50     22.00     25.50    2.35     89690.0
 2025 11 15 13 46 00 000    5.14     0.24     0.39  -546.80     29.40     33.50    2.56    103725.0
 2025 11 15 13 47 00 000    5.32     1.15     0.19  -552.50     52.80     18.80    2.33    126741.0
 2025 11 15 13 48 00 000    4.84     1.01     0.45  -552.50     52.80     18.80    2.33    126741.0
 2025 11 15 13 49 00 000    4.96     0.80    -1.33  -552.40     47.20    -37.60    2.60    131117.0
 2025 11 15 13 50 00 000    4.71     0.28     0.82  -552.60     49.70    -25.90    2.52    127040.0
 2025 11 15 13 51 00 000    5.01     0.35     0.22  -548.70     22.30    -57.20    2.16     89262.0
 2025 11 15 13 52 00 000    4.34    -0.41     2.57  -543.10     44.90    -32.30    2.13     88839.0
 2025 11 15 13 53 00 000    4.93     0.38     1.07  -538.90     63.80    -10.60    2.11     89769.0
 2025 11 15 13 54 00 000    4.97     2.25     2.56  -546.20     51.50     21.80    2.45    105139.0
 2025 11 15 13 55 00 000    4.55    -0.22     2.71  -546.60     50.90     23.40    2.47    105910.0
 2025 11 15 13 56 00 000    3.85    -0.55     4.60  -575.10     -9.50     38.90    2.35    152827.0
 2025 11 15 13 57 00 000    5.30     0.75     3.68  -575.10     -9.50     38.90    2.35    152827.0
 2025 11 15 13 58 00 000    3.10    -1.33     5.07  -575.10     -9.50     38.90    2.35    152827.0
 2025 11 15 13 59 00 000    4.21    -0.69     1.68  -575.10     -9.50     38.90    2.35    152827.0
 2025 11 15 14 00 00 000    5.26    -0.20     3.70  -575.10     -9.50     38.90    2.35    152827.0
 2025 11 15 14 01 00 000    4.96    -0.89     3.78  -575.10     -9.50     38.90    2.35    152827.0
 2025 11 15 14 02 00 000    4.80    -0.46     4.13  -575.10     -9.50     38.90    2.35    152827.0
 2025 11 15 14 03 00 000    3.70     0.27     4.92  -551.20     -2.00     37.50    2.79    126077.0
 2025 11 15 14 04 00 000    5.20    -0.32     3.65  -551.20     -2.00     37.50    2.79    126077.0
 2025 11 15 14 05 00 000    5.28    -0.29     3.58  -551.20     -2.00     37.50    2.79    126077.0
 2025 11 15 14 06 00 000    4.27    -0.87     2.44  -563.60     -2.60     44.00    2.01    100982.0
 2025 11 15 14 07 00 000    3.74    -0.57     4.93  -575.50     -7.90     44.10    1.96    103990.0
 2025 11 15 14 08 00 000    4.57    -1.28     3.16  -574.60    -26.60     53.10    2.26    147415.0
 2025 11 15 14 09 00 000    4.26    -0.41     4.43  -573.60    -27.20     53.60    2.28    149561.0
 2025 11 15 14 10 00 000    4.52    -2.33     2.84  -551.70    -20.60     12.60    2.89    227364.0
 2025 11 15 14 11 00 000    4.55    -1.99     1.85  -553.20    -14.90     14.50    2.49    160779.0
 2025 11 15 14 12 00 000    3.97    -1.79     3.25  -562.70     -3.50     47.70    2.05    110148.0
 2025 11 15 14 13 00 000    4.53    -2.01     1.48  -559.00    -14.20      5.50    2.27    110356.0
 2025 11 15 14 14 00 000    3.30    -1.70     4.39  -549.50     -2.20    -25.30    2.15     95383.0
 2025 11 15 14 15 00 000    3.26    -0.96     3.79  -566.60     -7.00     40.40    2.07    112087.0
 2025 11 15 14 16 00 000    4.25    -1.67     1.58  -561.80     -5.70     35.00    2.22    115036.0
 2025 11 15 14 17 00 000    4.21    -2.72     2.68  -559.20    -19.90    -20.90    2.21    134678.0
 2025 11 15 14 18 00 000    3.72    -1.79     2.17  -558.20    -24.00    -30.10    2.21    137828.0
 2025 11 15 14 19 00 000    3.63    -1.57     2.89  -604.30    -16.50     48.60    1.94    104397.0
 2025 11 15 14 20 00 000    3.14    -1.95     3.58  -602.90    -16.90     47.40    1.95    105242.0
 2025 11 15 14 21 00 000    2.96    -2.57     4.46  -560.80    -29.70     11.90    2.28    129973.0
 2025 11 15 14 22 00 000    3.04    -2.03     2.27  -582.60    -36.10     31.50    2.31    126908.0
 2025 11 15 14 23 00 000    3.34    -1.39     2.07  -579.60    -32.90     34.30    2.12    124194.0
 2025 11 15 14 24 00 000    3.48    -0.97     0.96  -561.60    -21.00     21.70    2.08    103047.0
 2025 11 15 14 25 00 000    4.64    -1.32    -1.52  -542.30     17.30    -37.70    2.38     99045.0
 2025 11 15 14 26 00 000    5.90    -2.25     0.17  -555.80     35.50    -72.10    2.55    142135.0
 2025 11 15 14 27 00 000    3.34    -0.77    -0.45  -555.80     35.50    -72.10    2.55    142135.0
 2025 11 15 14 28 00 000    4.43    -0.81    -3.17  -555.80     35.50    -72.10    2.55    142135.0
 2025 11 15 14 29 00 000    4.03    -1.19    -3.27  -555.80     35.50    -72.10    2.55    142135.0
 2025 11 15 14 30 00 000    4.86    -0.84    -1.65  -543.80     37.60    -56.10    2.28     99137.0
 2025 11 15 14 31 00 000    5.77    -2.60     0.70  -543.70     35.00    -53.80    2.29     98767.0
 2025 11 15 14 32 00 000    6.04    -1.94    -0.13  -542.00    -18.40     -7.30    2.44     91314.0
 2025 11 15 14 33 00 000    6.21    -1.52    -1.11  -542.00    -18.40     -7.30    2.44     91314.0
 2025 11 15 14 34 00 000    4.35    -2.14     2.39  -542.00    -18.40     -7.30    2.44     91314.0
 2025 11 15 14 35 00 000    6.16    -2.22    -0.39  -542.00    -18.40     -7.30    2.44     91314.0
 2025 11 15 14 36 00 000    1.45    -2.58     5.12  -542.00    -18.40     -7.30    2.44     91314.0
 2025 11 15 14 37 00 000    2.61    -2.06     3.77  -542.00    -18.40     -7.30    2.44     91314.0
 2025 11 15 14 38 00 000    6.27    -2.15    -0.58  -542.00    -18.40     -7.30    2.44     91314.0
 2025 11 15 14 39 00 000    6.13    -2.38    -0.43  -532.90     -3.40    -27.60    2.22     66605.0
 2025 11 15 14 40 00 000    5.04    -3.65    -0.25  -532.90     -3.40    -27.60    2.22     66605.0
 2025 11 15 14 41 00 000    5.18    -3.30    -0.46  -560.20    -36.20    -17.40    1.63     74664.0
 2025 11 15 14 42 00 000    4.42    -4.22     0.15  -559.90    -36.40    -18.00    1.67     77630.0
 2025 11 15 14 43 00 000    3.64    -4.99     0.50  -564.60    -44.60    -22.40    2.14    130294.0
 2025 11 15 14 44 00 000    4.51    -4.34    -0.04  -554.10    -41.50    -14.90    2.17    127711.0
 2025 11 15 14 45 00 000    5.07    -3.60    -0.40  -547.60    -34.40    -29.90    2.28    128194.0
 2025 11 15 14 46 00 000    4.55    -4.10    -0.31  -555.30    -42.60    -27.10    2.47    182354.0
 2025 11 15 14 47 00 000    4.49    -4.18    -0.34  -558.50    -46.00    -25.60    2.53    204014.0
 2025 11 15 14 48 00 000    4.75    -3.83    -0.45  -559.70    -42.80    -21.40    2.87    182271.0
 2025 11 15 14 49 00 000    5.14    -3.23    -1.05  -549.10    -23.80    -28.20    2.87    175362.0
 2025 11 15 14 50 00 000    4.16    -4.12    -0.18  -537.30     -8.90    -27.30    2.53    120318.0
 2025 11 15 14 51 00 000    3.59    -4.66     1.08  -572.10    -41.50    -26.30    2.35    174333.0
 2025 11 15 14 52 00 000    3.84    -4.54     0.88  -572.10    -41.50    -26.30    2.35    174333.0
 2025 11 15 14 53 00 000    3.96    -4.52     0.39  -565.50    -42.20      0.10    2.34    152280.0
 2025 11 15 14 54 00 000    5.36    -3.12    -0.55  -565.50    -42.20      0.10    2.34    152280.0
 2025 11 15 14 55 00 000    4.94    -3.62     0.15  -535.30    -22.10    -22.20    2.13     77912.0
 2025 11 15 14 56 00 000    5.15    -3.41     0.71  -541.10    -24.60    -16.60    2.20     97002.0
 2025 11 15 14 57 00 000    5.01    -2.89     0.11  -548.30    -29.40     -9.60    2.26    115475.0
 2025 11 15 14 58 00 000    4.14    -3.88     0.58  -552.20    -11.30    -24.90    2.33    112275.0
 2025 11 15 14 59 00 000    4.52    -3.16     1.40  -554.70    -24.90     -5.70    2.19    104057.0
 2025 11 15 15 00 00 000    5.25    -3.21    -0.35  -555.60    -32.60      7.30    2.30    115226.0
 2025 11 15 15 01 00 000    5.21    -3.10     0.03  -542.20    -22.80    -18.10    2.51    119644.0
 2025 11 15 15 02 00 000    4.94    -3.65     0.70  -542.20    -22.80    -18.10    2.51    119644.0
 2025 11 15 15 03 00 000    5.06    -3.53     0.17  -542.20    -22.80    -18.10    2.51    119644.0
 2025 11 15 15 04 00 000    5.05    -3.21    -0.81  -542.30    -13.90    -40.60    2.07     68954.0
 2025 11 15 15 05 00 000    4.80    -3.72    -0.38  -542.30    -13.90    -40.60    2.07     68954.0
 2025 11 15 15 06 00 000    5.04    -3.18    -0.65  -550.20    -40.20     -4.30    2.41    164073.0
 2025 11 15 15 07 00 000    5.47    -1.96    -1.59  -550.30    -40.50     -3.80    2.41    165295.0
 2025 11 15 15 08 00 000    4.81    -3.94    -0.09  -550.30    -40.50     -3.80    2.41    165295.0
 2025 11 15 15 09 00 000    4.72    -3.99    -0.27  -550.30    -40.50     -3.80    2.41    165295.0
 2025 11 15 15 10 00 000    4.72    -3.99    -0.27  -550.30    -40.50     -3.80    2.41    165295.0
 2025 11 15 15 11 00 000    5.40    -1.73    -2.56  -550.30    -40.50     -3.80    2.41    165295.0
 2025 11 15 15 12 00 000    5.50    -1.71    -2.35  -535.50     23.50    -52.30    2.20     73563.0
 2025 11 15 15 13 00 000    5.56    -1.66    -2.26  -535.50     23.50    -52.30    2.20     73563.0
 2025 11 15 15 14 00 000    5.46    -1.65    -2.31  -535.90     23.60    -52.10    2.24     77219.0
 2025 11 15 15 15 00 000    5.24    -1.70    -2.12  -538.10     23.40    -50.50    2.47     97733.0
 2025 11 15 15 16 00 000    5.20    -1.35    -0.96  -544.30      3.90    -19.40    3.07    141290.0
 2025 11 15 15 17 00 000    4.98     1.44    -2.02  -544.40     19.60    -12.50    3.22    111171.0
 2025 11 15 15 18 00 000    4.85     0.87    -2.69  -549.90     34.20    -31.60    3.30    147368.0
 2025 11 15 15 19 00 000    5.69     0.21    -0.38  -545.70     51.80    -43.10    2.43    119542.0
 2025 11 15 15 20 00 000    5.68     0.77     1.11  -545.70     51.80    -43.10    2.43    119536.0
 2025 11 15 15 21 00 000    5.63     0.60    -0.32  -545.70     51.80    -43.10    2.43    119536.0
 2025 11 15 15 22 00 000    5.50     0.86     1.34  -545.70     51.80    -43.10    2.43    119536.0
 2025 11 15 15 23 00 000    5.09     0.76     0.20  -535.40     61.70     -3.10    3.09    156006.0
 2025 11 15 15 24 00 000    5.48     1.35    -0.81  -535.40     61.70     -3.10    3.09    156006.0
 2025 11 15 15 25 00 000    5.52     1.00    -0.92  -535.40     61.70     -3.10    3.09    156006.0
 2025 11 15 15 26 00 000    5.22     1.08    -2.06  -535.40     61.70     -3.10    3.09    156006.0
 2025 11 15 15 27 00 000    5.59     0.25    -1.46  -535.40     61.70     -3.10    3.09    156006.0
 2025 11 15 15 28 00 000    5.67     0.03    -2.11  -541.30     49.30    -16.70    3.15    168970.0
 2025 11 15 15 29 00 000    5.77     0.04    -0.88  -538.10     45.50    -26.40    2.91    156875.0
 2025 11 15 15 30 00 000    5.65     0.29     0.73  -533.50     37.60    -41.50    2.42    101392.0
 2025 11 15 15 31 00 000    4.98     1.13     0.38  -553.70     28.50     49.30    4.04    263858.0
 2025 11 15 15 32 00 000    5.15     0.52     1.40  -553.70     28.50     49.30    4.04    263858.0
 2025 11 15 15 33 00 000    5.00     0.37     1.12  -553.70     28.50     49.30    4.04    263858.0
 2025 11 15 15 34 00 000    5.07     0.90     0.94  -567.40     42.60     20.90    2.38    166309.0
 2025 11 15 15 35 00 000    4.36     2.70     1.46  -567.40     42.60     20.90    2.38    166309.0
 2025 11 15 15 36 00 000    5.40     0.26    -0.20  -544.70     38.20     25.50    3.28     85534.0
 2025 11 15 15 37 00 000    5.17     0.26     0.67  -544.70     38.20     25.50    3.28     85442.0
 2025 11 15 15 38 00 000    5.10    -0.70     1.97  -544.70     38.20     25.50    3.28     85442.0
 2025 11 15 15 39 00 000    4.91    -0.31     1.16  -544.70     38.20     25.50    3.28     85442.0
 2025 11 15 15 40 00 000    4.59    -0.86     2.91  -536.80     22.00     43.30    2.49    119482.0
 2025 11 15 15 41 00 000    4.65    -0.44     2.13  -538.70     20.40     39.00    2.52    121325.0
 2025 11 15 15 42 00 000    4.56    -0.36     2.91  -554.60      5.60      4.00    2.83    136425.0
 2025 11 15 15 43 00 000    5.13     0.29     2.31  -554.80      4.80      4.90    2.84    136123.0
 2025 11 15 15 44 00 000    5.09    -0.04     1.06  -554.80      4.80      4.90    2.84    136123.0
 2025 11 15 15 45 00 000    5.44     0.71     0.68  -547.30     33.70     23.20    2.86    182547.0
 2025 11 15 15 46 00 000    5.01     0.02     0.65  -544.50     32.00     21.50    2.76    165000.0
 2025 11 15 15 47 00 000    5.23    -0.83     0.81  -530.40     23.60     12.90    2.30     75909.0
 2025 11 15 15 48 00 000    5.62     0.15     0.29  -529.50     23.00     12.30    2.27     70103.0
 2025 11 15 15 49 00 000    5.28    -1.04    -0.35  -529.50     23.00     12.30    2.27     70103.0
 2025 11 15 15 50 00 000    5.63    -0.12    -0.86  -547.70     51.40     24.10    2.71    216350.0
 2025 11 15 15 51 00 000    5.18     0.32     1.16  -547.40     51.00     22.60    2.72    216152.0
 2025 11 15 15 52 00 000    5.23     0.61    -0.68  -538.30     37.30    -18.70    3.07    198877.0
 2025 11 15 15 53 00 000    5.68    -0.28    -1.25  -551.20     10.60      1.20    3.27    118207.0
 2025 11 15 15 54 00 000    5.63     0.13    -0.61  -547.90      7.30    -16.00    3.05    150467.0
 2025 11 15 15 55 00 000    5.73     0.19     0.03  -542.80     16.60     -4.70    3.14     91873.0
 2025 11 15 15 56 00 000    5.55     0.96     0.62  -538.90     22.80     -2.60    2.74     98933.0
 2025 11 15 15 57 00 000    5.47    -1.33     0.35  -543.70    -15.10    -17.20    2.66    120511.0
 2025 11 15 15 58 00 000    5.41    -1.24     0.15  -540.80      6.60     -1.40    3.02     94177.0
 2025 11 15 15 59 00 000    5.00    -0.47     1.70  -548.90     23.80     43.00    2.91    128051.0
 2025 11 15 16 00 00 000    4.53     0.04     2.27  -536.20     22.30     13.10    2.60     95350.0
 2025 11 15 16 01 00 000    4.26    -0.68     2.44  -546.30     -7.80     -6.10    2.58    145546.0
 2025 11 15 16 02 00 000    4.60     1.43     2.13  -558.50     27.00     16.00    2.81    210775.0
 2025 11 15 16 03 00 000    4.54     0.93     2.70  -535.00     85.60      0.50    2.96    240464.0
 2025 11 15 16 04 00 000    4.70    -0.28     2.62  -550.30     13.70     38.50    2.73    136487.0
 2025 11 15 16 05 00 000    4.44     0.04     3.44  -546.30     16.90     27.70    2.80    123043.0
 2025 11 15 16 06 00 000    4.24    -0.64     3.05  -528.70     58.20    -12.40    2.76    145249.0
 2025 11 15 16 07 00 000    4.51    -1.07     2.32  -554.00    -11.20     18.40    2.79    192411.0
 2025 11 15 16 08 00 000    4.62    -0.77     2.27  -556.00    -11.10     21.90    2.75    181246.0
 2025 11 15 16 09 00 000    4.05    -1.53     2.55  -556.00    -11.10     21.90    2.75    181246.0
 2025 11 15 16 10 00 000    4.40    -1.21     2.50  -572.70    -35.20     24.70    2.63    155189.0
 2025 11 15 16 11 00 000    4.87    -1.52     1.67  -548.10    -15.80      2.30    2.39     94287.0
 2025 11 15 16 12 00 000    5.03    -1.84     1.58  -578.40    -17.90     28.60    2.52    124733.0
 2025 11 15 16 13 00 000    4.95    -2.20     1.50  -543.30      0.10      3.50    2.84    127653.0
 2025 11 15 16 14 00 000    5.22    -0.97     1.49  -539.40     18.40      1.60    2.94     93883.0
 2025 11 15 16 15 00 000    5.19    -1.67     0.93  -537.00     16.50     -0.60    2.81    104266.0
 2025 11 15 16 16 00 000    3.63    -2.90     2.54  -545.10     -2.30      2.30    2.71    124955.0
 2025 11 15 16 17 00 000    5.81    -0.68    -0.14  -552.30     -5.70      7.60    2.76    150253.0
 2025 11 15 16 18 00 000    5.31    -1.58     1.57  -552.30     -5.70      7.60    2.76    150253.0
 2025 11 15 16 19 00 000    6.21     0.58    -0.50  -552.30     -5.70      7.60    2.76    150253.0
 2025 11 15 16 20 00 000    5.68    -0.57     0.90  -552.30     -5.70      7.60    2.76    150253.0
 2025 11 15 16 21 00 000    5.91    -0.91    -0.20  -552.30     -5.70      7.60    2.76    150253.0
 2025 11 15 16 22 00 000    5.47    -0.77     1.60  -529.30     29.00    -14.00    2.60     99088.0
 2025 11 15 16 23 00 000    6.17    -0.42    -0.90  -529.30     29.00    -14.00    2.60     99088.0
 2025 11 15 16 24 00 000    5.54    -0.50     0.88  -529.30     29.00    -14.00    2.60     99088.0
 2025 11 15 16 25 00 000    5.98    -0.03    -1.54  -529.30     29.00    -14.00    2.60     99088.0
 2025 11 15 16 26 00 000    5.56    -0.02     0.65  -529.30     29.00    -14.00    2.60     99088.0
 2025 11 15 16 27 00 000    5.76    -0.17     0.89  -529.30     29.00    -14.00    2.60     99088.0
 2025 11 15 16 28 00 000    5.56    -0.21     1.17  -529.30     29.00    -14.00    2.60     99088.0
 2025 11 15 16 29 00 000    5.98    -0.88    -1.57  -529.30     29.00    -14.00    2.60     99088.0
 2025 11 15 16 30 00 000    5.77    -0.00     0.22  -532.20     17.30    -37.20    2.28    116272.0
 2025 11 15 16 31 00 000    5.81    -1.03    -0.54  -533.60     35.10    -18.70    2.62    142446.0
 2025 11 15 16 32 00 000    5.91    -0.58    -1.82  -534.50     47.20     -6.10    2.85    160212.0
 2025 11 15 16 33 00 000    5.81    -1.04    -2.06  -534.50     47.20     -6.10    2.85    160212.0
 2025 11 15 16 34 00 000    5.85    -1.47    -1.53  -534.50     47.20     -6.10    2.85    160212.0
 2025 11 15 16 35 00 000    5.98    -0.97    -1.52  -534.50     47.20     -6.10    2.85    160212.0
 2025 11 15 16 36 00 000    5.88    -1.50    -1.54  -534.50     47.20     -6.10    2.85    160212.0
 2025 11 15 16 37 00 000    5.46    -1.10    -1.58  -537.30     19.20    -27.10    2.65     95738.0
 2025 11 15 16 38 00 000    5.69    -1.23    -1.34  -537.30     19.20    -27.10    2.65     95738.0
 2025 11 15 16 39 00 000    5.52    -0.85    -1.74  -537.30     19.20    -27.10    2.65     95738.0
 2025 11 15 16 40 00 000    5.57    -0.78    -1.61  -537.30     19.20    -27.10    2.65     95738.0
 2025 11 15 16 41 00 000    5.41    -0.60    -1.54  -537.30     19.20    -27.10    2.65     95738.0
 2025 11 15 16 42 00 000    5.54    -0.06    -2.23  -537.30     19.20    -27.10    2.65     95738.0
 2025 11 15 16 43 00 000    5.76     0.09    -1.37  -537.30     19.20    -27.10    2.65     95738.0
 2025 11 15 16 44 00 000    5.64    -0.54    -1.29  -537.30     19.20    -27.10    2.65     95738.0
 2025 11 15 16 45 00 000    5.63    -0.14    -1.67  -537.30     19.20    -27.10    2.65     95738.0
 2025 11 15 16 46 00 000    5.59    -0.11    -2.03  -528.10    -26.90    -25.40    2.83     90704.0
 2025 11 15 16 47 00 000    5.63    -0.74    -1.53  -528.10    -26.90    -25.40    2.83     90704.0
 2025 11 15 16 48 00 000    5.86    -0.20    -1.39  -539.20      2.00    -26.90    3.27    152728.0
 2025 11 15 16 49 00 000    5.75    -0.71    -0.99  -544.10     14.80    -27.60    3.47    180294.0
 2025 11 15 16 50 00 000    5.85    -0.97    -0.56  -543.50     14.10    -25.10    3.41    171841.0
 2025 11 15 16 51 00 000    5.85    -0.59    -0.88  -538.30      8.00     -2.70    2.93     94634.0
 2025 11 15 16 52 00 000    5.88    -0.28    -0.02  -537.90      8.20     -7.20    2.87     96152.0
 2025 11 15 16 53 00 000    5.78    -0.21    -0.47  -536.80      9.10    -19.20    2.72     99787.0
 2025 11 15 16 54 00 000    5.83    -0.32    -0.53  -537.60     10.80     -1.20    3.22     90032.0
 2025 11 15 16 55 00 000    5.86    -0.19    -0.09  -537.70     11.00      0.70    3.28     88979.0
 2025 11 15 16 56 00 000    5.85    -0.22    -0.57  -537.50     11.50      1.00    3.06     91738.0
 2025 11 15 16 57 00 000    5.84     0.05    -0.79  -537.60     13.00     -0.10    3.03    103434.0
 2025 11 15 16 58 00 000    5.80     0.29    -1.11  -538.20     20.00     -5.50    2.91    158907.0
 2025 11 15 16 59 00 000    5.68    -0.97    -1.33  -538.20     20.00     -5.50    2.91    158907.0
 2025 11 15 17 00 00 000    5.75    -1.24    -0.29  -536.30     18.40     -4.30    2.81    102539.0
 2025 11 15 17 01 00 000    5.63     0.18    -1.53  -537.20     18.50    -11.60    2.83    110577.0
 2025 11 15 17 02 00 000    4.61    -2.93    -0.31  -540.30     24.50    -12.60    2.96    154004.0
 2025 11 15 17 03 00 000    4.50    -3.11    -0.41  -540.70     25.60    -11.60    2.98    160586.0
 2025 11 15 17 04 00 000    4.90    -2.88    -0.36  -540.70     25.60    -11.60    2.98    160586.0
 2025 11 15 17 05 00 000    4.68    -1.86    -2.73  -552.40     14.60    -49.20    2.84    130479.0
 2025 11 15 17 06 00 000    5.08    -1.35    -2.47  -549.40     15.30    -43.10    2.84    124034.0
 2025 11 15 17 07 00 000    5.28    -1.23    -2.09  -536.60     18.30    -17.00    2.82     96457.0
 2025 11 15 17 08 00 000    5.42    -0.65    -2.07  -538.30     18.70    -23.10    2.72    201979.0
 2025 11 15 17 09 00 000    5.33    -1.17    -1.85  -539.80     24.90    -25.00    2.79    196108.0
 2025 11 15 17 10 00 000    4.93    -1.49    -1.88  -542.50     37.70    -28.40    2.95    178357.0
 2025 11 15 17 11 00 000    5.58    -1.48    -1.47  -542.50     37.70    -28.40    2.95    178357.0
 2025 11 15 17 12 00 000    5.73    -1.28    -1.14  -542.50     37.70    -28.40    2.95    178357.0
 2025 11 15 17 13 00 000    5.68    -1.53    -1.25  -536.70      6.40    -38.60    2.40     75773.0
 2025 11 15 17 14 00 000    5.83    -0.78    -0.77  -536.70      6.40    -38.60    2.40     75773.0
 2025 11 15 17 15 00 000    5.84    -0.90    -0.63  -536.70      6.40    -38.60    2.40     75773.0
 2025 11 15 17 16 00 000    5.87    -0.64    -0.41  -536.40      8.10    -12.50    2.74     86903.0
 2025 11 15 17 17 00 000    5.85    -0.55    -0.37  -536.40      8.10    -12.50    2.74     86903.0
 2025 11 15 17 18 00 000    5.62    -1.33    -0.51  -536.90     11.90     -3.40    2.98     89490.0
 2025 11 15 17 19 00 000    5.77    -1.44    -0.01  -536.90     11.90     -3.40    2.98     89490.0
 2025 11 15 17 20 00 000    5.64    -1.87    -0.74  -537.30     -7.10    -21.30    2.57     81734.0
 2025 11 15 17 21 00 000    5.57    -1.88    -1.09  -537.40    -12.80    -26.70    2.45     79413.0
 2025 11 15 17 22 00 000    5.76    -1.33    -0.77  -540.70     13.20    -15.60    3.03    120182.0
 2025 11 15 17 23 00 000    5.61    -1.55    -0.58  -544.50      2.90     -4.40    2.85    164049.0
 2025 11 15 17 24 00 000    5.68    -1.00    -1.49  -547.40     -2.20      1.30    2.73    190952.0
 2025 11 15 17 25 00 000    5.74    -1.44    -1.34  -542.20     16.10    -23.40    3.07    114252.0
 2025 11 15 17 26 00 000    5.71    -1.59    -1.34  -541.30      6.90    -33.50    2.71    100045.0
 2025 11 15 17 27 00 000    5.70    -0.97    -1.51  -539.10      6.50    -40.00    2.41     75902.0
 2025 11 15 17 28 00 000    5.80    -0.13    -1.57  -538.70     11.30    -38.40    2.42     75616.0
 2025 11 15 17 29 00 000    5.80     0.04    -1.35  -536.50     34.20    -30.90    2.46     74240.0
 2025 11 15 17 30 00 000    5.62    -0.54    -1.53  -536.50     34.20    -30.90    2.46     74240.0
 2025 11 15 17 31 00 000    5.33    -1.34    -0.92  -545.20    -17.00    -13.60    2.94    161085.0
 2025 11 15 17 32 00 000    4.63    -0.64    -3.29  -545.20    -17.00    -13.60    2.94    161085.0
 2025 11 15 17 33 00 000    4.74     1.24    -3.00  -545.20    -17.00    -13.60    2.94    161085.0
 2025 11 15 17 34 00 000    5.11    -1.22    -1.90  -545.20    -17.00    -13.60    2.94    161085.0
 2025 11 15 17 35 00 000    4.58     2.26    -2.55  -545.20    -17.00    -13.60    2.94    161085.0
 2025 11 15 17 36 00 000    3.79     3.93    -2.10  -568.80     64.70    -13.70    2.89    201911.0
 2025 11 15 17 37 00 000    4.65     0.64    -2.01  -568.80     64.70    -13.70    2.89    201911.0
 2025 11 15 17 38 00 000    4.46     0.44    -3.47  -557.00     48.30    -25.50    2.92    170788.0
 2025 11 15 17 39 00 000    4.95     0.68    -3.59  -554.90     40.50    -40.50    2.79    148100.0
 2025 11 15 17 40 00 000    4.99     0.09    -3.20  -552.30     28.80    -57.90    2.70    129535.0
 2025 11 15 17 41 00 000    5.05    -0.32    -2.69  -552.20     27.80    -57.80    2.72    132850.0
 2025 11 15 17 42 00 000    5.24     1.40    -2.91  -545.60     48.20    -36.90    2.83    151674.0
 2025 11 15 17 43 00 000    4.89    -0.67    -2.86  -545.60     48.20    -36.90    2.83    151674.0
 2025 11 15 17 44 00 000    4.99     1.51    -2.36  -545.60     48.20    -36.90    2.83    151674.0
 2025 11 15 17 45 00 000    4.85     0.81    -2.65  -551.20     48.80    -21.80    3.25    164717.0
 2025 11 15 17 46 00 000    5.25    -1.61    -1.69  -548.70     40.50    -19.80    3.22    152151.0
 2025 11 15 17 47 00 000    5.24    -0.04    -3.07  -543.50     22.00    -24.00    2.95    132256.0
 2025 11 15 17 48 00 000    5.21    -0.30    -3.18  -544.60     25.90    -41.90    2.68    112590.0
 2025 11 15 17 50 00 000    5.14    -0.23    -3.37  -547.30     25.60    -46.50    2.71     98501.0
 2025 11 15 17 51 00 000    5.11    -0.11    -3.33  -547.30     25.60    -46.50    2.71     98501.0
 2025 11 15 17 52 00 000    5.16     0.06    -3.30  -544.90     27.20    -46.10    2.71    108406.0
 2025 11 15 17 53 00 000    5.11     0.09    -3.35  -544.90     27.20    -46.10    2.71    108406.0
 2025 11 15 17 54 00 000    5.13     0.16    -3.18  -547.30     21.60    -53.00    2.79    118818.0
 2025 11 15 17 55 00 000    5.07    -0.01    -3.19  -548.00     19.80    -55.20    2.81    122077.0
 2025 11 15 17 56 00 000    5.10     0.03    -3.16  -544.80     27.00    -43.60    2.80    118838.0
 2025 11 15 17 57 00 000    5.13    -0.08    -3.06  -544.80     27.00    -43.60    2.80    118838.0
 2025 11 15 17 58 00 000    5.49     0.17    -2.54  -544.80     27.00    -43.60    2.80    118838.0
 2025 11 15 17 59 00 000    5.55    -0.05    -2.52  -536.90     30.10    -40.60    2.38     80778.0
 2025 11 15 18 00 00 000    5.51     0.24    -2.53  -536.90     30.10    -40.60    2.38     80778.0
 2025 11 15 18 01 00 000    5.40    -0.32    -2.76  -536.90     30.10    -40.60    2.38     80778.0
 2025 11 15 18 02 00 000    5.38     0.15    -2.44  -543.60     31.40    -20.50    3.33    199055.0
 2025 11 15 18 03 00 000    5.37    -0.20    -2.70  -543.60     31.40    -20.50    3.33    199055.0
 2025 11 15 18 04 00 000    4.98    -1.47    -2.52  -545.40     19.60    -24.90    3.36    174718.0
 2025 11 15 18 05 00 000    5.07    -1.76    -2.37  -547.80      4.70    -30.50    3.42    143782.0
 2025 11 15 18 06 00 000    5.11    -0.72    -2.80  -547.80      4.70    -30.50    3.42    143782.0
 2025 11 15 18 07 00 000    5.01    -0.98    -2.92  -547.40     17.10    -21.00    3.27    193815.0
 2025 11 15 18 08 00 000    4.92    -0.25    -3.03  -547.40     17.10    -21.00    3.27    193815.0
 2025 11 15 18 09 00 000    5.39    -0.36    -2.34  -547.40     17.10    -21.00    3.27    193815.0
 2025 11 15 18 10 00 000    4.90    -1.13    -2.72  -546.60     15.30    -15.50    3.33    194913.0
 2025 11 15 18 11 00 000    4.43    -1.34    -3.57  -555.50     14.10    -17.70    2.93    187391.0
 2025 11 15 18 12 00 000    5.21    -0.39    -2.80  -561.80     13.20    -19.20    2.66    182082.0
 2025 11 15 18 13 00 000    5.11    -0.54    -2.96  -561.80     13.20    -19.20    2.66    182082.0
 2025 11 15 18 14 00 000    5.30     0.34    -2.52  -555.80     25.20    -24.30    2.86    148009.0
 2025 11 15 18 15 00 000    5.06     0.67    -2.53  -560.70     26.90    -27.40    2.81    136072.0
 2025 11 15 18 16 00 000    5.13     0.15    -2.56  -541.00     21.70    -24.30    2.99    162346.0
 2025 11 15 18 17 00 000    5.24     0.00    -2.48  -539.90     21.60    -31.00    2.69    125253.0
 2025 11 15 18 18 00 000    5.08     0.14    -2.64  -542.70     34.80    -23.70    3.02    139471.0
 2025 11 15 18 19 00 000    5.33     0.16    -2.35  -543.50     37.70    -20.90    3.15    149501.0
 2025 11 15 18 20 00 000    5.31     0.98    -1.98  -534.20     24.30    -30.50    2.36     70144.0
 2025 11 15 18 21 00 000    5.29     1.25    -1.96  -534.20     24.30    -30.50    2.36     70144.0
 2025 11 15 18 22 00 000    5.39     1.11    -1.58  -534.20     24.30    -30.50    2.36     70144.0
 2025 11 15 18 23 00 000    5.45     1.01    -1.46  -547.60     32.30    -23.20    3.10    155679.0
 2025 11 15 18 24 00 000    5.68     0.11    -1.60  -541.00     23.60    -21.30    2.93    119975.0
 2025 11 15 18 25 00 000    5.53     0.35    -1.98  -533.90     25.00    -29.10    2.51     66265.0
 2025 11 15 18 26 00 000    5.52     0.73    -1.67  -537.10     45.00    -42.50    2.12     64940.0
 2025 11 15 18 27 00 000    5.26    -0.12    -2.52  -541.60     14.10    -44.60    2.65    106107.0
 2025 11 15 18 28 00 000    5.27     0.47    -2.47  -546.20     27.20    -26.70    3.01    134534.0
 2025 11 15 18 29 00 000    5.44     0.29    -2.26  -542.90     24.90    -31.70    2.86    118328.0
 2025 11 15 18 30 00 000    5.24     1.58    -1.69  -537.50     15.70    -45.80    2.53     89025.0
 2025 11 15 18 31 00 000    5.15     2.09    -1.50  -558.80     50.50     -5.80    2.94    150473.0
 2025 11 15 18 32 00 000    5.07     2.14    -0.80  -551.50     47.60    -16.00    3.10    143648.0
 2025 11 15 18 33 00 000    4.84     1.37    -1.09  -545.50     44.10     20.70    3.41    220124.0
 2025 11 15 18 34 00 000    4.94     1.29    -1.10  -547.30     33.30    -20.00    3.27    154283.0
 2025 11 15 18 35 00 000    4.69     1.80    -1.43  -552.00     36.10    -10.90    3.09    170141.0
 2025 11 15 18 36 00 000    4.58     1.91    -1.65  -555.80     45.60     -4.90    2.92    175020.0
 2025 11 15 18 37 00 000    4.77     0.84    -2.75  -552.10     40.20    -13.10    3.10    180054.0
 2025 11 15 18 38 00 000    4.84     1.10    -2.56  -551.10     22.60    -37.70    3.18    140748.0
 2025 11 15 18 39 00 000    4.60     1.63    -2.62  -549.90     41.90    -30.60    3.11    165836.0
 2025 11 15 18 40 00 000    5.03     1.47    -2.14  -549.20     38.40    -19.30    3.26    143546.0
 2025 11 15 18 41 00 000    4.71     1.17    -2.76  -566.70     44.60    -21.20    2.80    144624.0
 2025 11 15 18 42 00 000    4.71     1.23    -2.53  -560.10     46.30    -25.40    2.89    161998.0
 2025 11 15 18 43 00 000    4.95     1.03    -2.24  -547.60     36.70    -35.20    3.20    174041.0
 2025 11 15 18 44 00 000    5.14     0.92    -2.19  -547.80     37.00    -29.80    3.45    213157.0
 2025 11 15 18 45 00 000    5.04     1.28    -1.90  -542.70     39.70    -18.80    3.18    149856.0
 2025 11 15 18 46 00 000    4.76     1.57    -2.13  -544.00     38.70    -24.20    3.12    144780.0
 2025 11 15 18 47 00 000    4.85     1.43    -2.45  -550.00     41.30    -32.90    3.36    208158.0
 2025 11 15 18 48 00 000    5.10     1.41    -2.18  -546.10     50.60     -5.30    3.79    265193.0
 2025 11 15 18 49 00 000    5.10     0.98    -1.94  -549.30     39.80    -34.90    3.27    144883.0
 2025 11 15 18 50 00 000    4.63    -0.21    -2.88  -548.90     36.10    -14.90    3.27    170535.0
 2025 11 15 18 51 00 000    4.65     0.59    -3.32  -557.40     21.00    -38.30    3.14    156732.0
 2025 11 15 18 52 00 000    4.61     0.22    -3.09  -559.30     17.00    -35.70    3.02    149130.0
 2025 11 15 18 53 00 000    5.76     1.01    -0.43  -537.80     45.70     -7.80    2.62    113839.0
 2025 11 15 18 54 00 000    5.67     1.27    -0.31  -533.70     51.90     -0.70    2.55    111760.0
 2025 11 15 18 55 00 000    5.72     1.09    -0.53  -534.70     46.70      7.60    3.31     99775.0
 2025 11 15 18 56 00 000    5.77     0.63    -1.17  -534.70     46.70      7.60    3.31     99775.0
 2025 11 15 18 57 00 000    5.75     1.23    -0.98  -535.50     43.80     -4.70    2.91    104598.0
 2025 11 15 18 58 00 000    5.63     1.60    -1.09  -535.50     43.80     -4.70    2.91    104598.0
 2025 11 15 18 59 00 000    5.62     1.47    -1.20  -535.50     43.80     -4.70    2.91    104598.0
 2025 11 15 19 00 00 000    4.77     2.79    -1.57  -549.70     37.10    -21.80    3.27    217292.0
 2025 11 15 19 01 00 000    5.08     1.79    -2.33  -549.70     37.10    -21.80    3.27    217292.0
 2025 11 15 19 02 00 000    4.91     1.44    -2.25  -547.00     31.60     -9.80    2.87    164663.0
 2025 11 15 19 03 00 000    5.33     0.44    -2.37  -547.00     31.60     -9.80    2.87    164663.0
 2025 11 15 19 04 00 000    5.59     0.23    -1.79  -539.20     21.80    -40.30    2.55     79107.0
 2025 11 15 19 05 00 000    5.70    -0.36    -0.89  -539.20     21.80    -40.30    2.55     79107.0
 2025 11 15 19 06 00 000    5.48     1.09    -1.33  -539.20     21.80    -40.30    2.55     79107.0
 2025 11 15 19 07 00 000    5.36     1.15    -1.76  -545.30     44.00     14.00    3.33    213107.0
 2025 11 15 19 08 00 000    5.38    -0.43    -1.23  -545.30     44.00     14.00    3.33    213107.0
 2025 11 15 19 09 00 000    5.29    -2.07    -0.32  -549.20     -0.10    -12.00    3.91    108611.0
 2025 11 15 19 10 00 000    5.52    -0.52    -1.54  -549.20     -0.10    -12.00    3.91    108611.0
 2025 11 15 19 11 00 000    5.23    -2.25    -1.27  -549.20     -0.10    -12.00    3.91    108611.0
 2025 11 15 19 12 00 000    5.35    -2.09    -1.12  -542.70     -2.60    -19.50    3.56    135528.0
 2025 11 15 19 13 00 000    5.46    -2.07    -1.11  -542.70     -2.60    -19.50    3.56    135528.0
 2025 11 15 19 14 00 000    5.74    -1.28    -1.15  -534.80     17.90    -14.70    3.19     85806.0
 2025 11 15 19 15 00 000    5.81    -0.55    -1.24  -534.80     17.90    -14.70    3.19     85806.0
 2025 11 15 19 16 00 000    5.80    -0.14    -1.24  -536.00     39.80     -9.20    3.87    260512.0
 2025 11 15 19 17 00 000    5.84     0.57    -1.26  -536.00     39.80     -9.20    3.87    260512.0
 2025 11 15 19 18 00 000    5.64     1.62    -1.18  -536.00     39.80     -9.20    3.87    260512.0
 2025 11 15 19 19 00 000    5.51     1.95    -0.92  -541.40     55.00     -4.00    3.68    228901.0
 2025 11 15 19 20 00 000    5.42     2.14    -0.82  -541.40     55.00     -4.00    3.68    228901.0
 2025 11 15 19 21 00 000    5.36     2.11    -0.90  -541.40     55.00     -4.00    3.68    228901.0
 2025 11 15 19 22 00 000    5.18     2.25    -1.34  -541.40     55.00     -4.00    3.68    228901.0
 2025 11 15 19 23 00 000    4.63     2.82    -1.98  -552.60     56.80    -17.50    3.38    176222.0
 2025 11 15 19 24 00 000    3.56     4.45    -1.06  -552.60     56.80    -17.50    3.38    176222.0
 2025 11 15 19 25 00 000    3.25     4.56    -0.84  -557.80     63.90     -5.40    3.17    158875.0
 2025 11 15 19 26 00 000    3.80     4.16    -0.72  -567.60     77.10     17.40    2.79    126298.0
 2025 11 15 19 27 00 000    3.68     1.45    -2.51  -567.60     77.10     17.40    2.79    126298.0
 2025 11 15 19 28 00 000    4.73    -0.43    -3.03  -556.50     60.00     -9.80    2.66    103444.0
 2025 11 15 19 29 00 000    5.55     0.31    -1.91  -556.50     60.00     -9.80    2.66    103444.0
 2025 11 15 19 30 00 000    5.15    -0.66    -2.16  -553.50      4.30    -30.10    2.90    112715.0
 2025 11 15 19 31 00 000    5.57    -0.60    -1.79  -539.00     24.60    -24.40    2.64     83560.0
 2025 11 15 19 32 00 000    5.53    -0.11    -1.62  -539.00     24.60    -24.40    2.64     83560.0
 2025 11 15 19 33 00 000    5.39    -0.56    -1.75  -532.90     33.10     -9.00    3.29    131436.0
 2025 11 15 19 34 00 000    5.84     0.11    -1.04  -532.90     33.10     -9.00    3.29    131436.0
 2025 11 15 19 35 00 000    5.33    -0.51    -2.04  -532.90     31.50    -21.60    2.53     78103.0
 2025 11 15 19 36 00 000    5.21    -0.38    -2.22  -532.90     31.50    -21.60    2.53     78103.0
 2025 11 15 19 37 00 000    5.46    -0.18    -2.04  -539.00     33.10    -19.70    2.75     89072.0
 2025 11 15 19 38 00 000    5.78    -0.33    -1.76  -539.00     33.10    -19.70    2.75     89072.0
 2025 11 15 19 39 00 000    5.33    -0.66    -2.07  -555.50     14.00    -34.90    3.37    187881.0
 2025 11 15 19 40 00 000    5.27    -0.25    -1.83  -547.00     19.90    -18.40    3.42    155177.0
 2025 11 15 19 41 00 000    5.17     0.30    -2.15  -544.00     22.00    -12.60    3.44    143664.0
 2025 11 15 19 42 00 000    5.30     0.24    -0.41  -539.60     29.80     14.40    2.81    109484.0
 2025 11 15 19 43 00 000    5.46     2.34    -0.09  -539.60     29.80     14.40    2.81    109484.0
 2025 11 15 19 44 00 000    4.87     3.19    -0.63  -539.60     29.80     14.40    2.81    109484.0
 2025 11 15 19 45 00 000    4.95     2.80    -1.13  -561.40     57.60     -2.40    2.84    128081.0
 2025 11 15 19 46 00 000    5.21     2.33    -1.43  -554.90     47.30     -7.10    2.87    120805.0
 2025 11 15 19 47 00 000    5.55     1.88    -1.41  -541.70     35.70     -5.00    2.79    101498.0
 2025 11 15 19 48 00 000    5.44     1.84    -1.35  -542.00     38.90    -12.10    2.87    130129.0
 2025 11 15 19 49 00 000    5.26     1.01    -1.87  -550.90     42.20    -19.20    3.08    176225.0
 2025 11 15 19 50 00 000    5.87     1.41    -1.21  -556.00     41.20    -18.10    2.95    180172.0
 2025 11 15 19 51 00 000    5.89     0.93    -1.15  -535.80     31.90    -22.10    3.37    202121.0
 2025 11 15 19 52 00 000    5.12     0.94    -2.11  -535.30     22.70      2.80    3.26    117339.0
 2025 11 15 19 53 00 000    5.58     1.78    -1.08  -535.10     19.40     11.70    3.22     87132.0
 2025 11 15 19 54 00 000    5.33     0.54    -1.85  -535.10     19.40     11.70    3.22     87132.0
 2025 11 15 19 55 00 000    5.33     1.08    -1.92  -535.10     19.40     11.70    3.22     87132.0
 2025 11 15 19 56 00 000    5.22     0.41    -2.10  -535.10     19.40     11.70    3.22     87132.0
 2025 11 15 19 57 00 000    5.60     1.09    -1.61  -545.20     35.70    -16.30    3.01    125856.0
 2025 11 15 19 58 00 000    5.15     0.35    -1.46  -546.40     34.30    -21.90    3.04    129866.0
 2025 11 15 19 59 00 000    5.98     0.76     0.58  -553.00     26.80    -51.90    3.22    151376.0
 2025 11 15 20 00 00 000    5.87     1.34     0.85  -553.10     26.70    -52.10    3.22    151553.0
 2025 11 15 20 01 00 000    5.75     0.89     0.13  -553.10     26.70    -52.10    3.22    151553.0
 2025 11 15 20 02 00 000    5.42     1.25    -0.25  -553.10     26.70    -52.10    3.22    151553.0
 2025 11 15 20 03 00 000    5.04     1.16    -1.23  -553.10     26.70    -52.10    3.22    151553.0
 2025 11 15 20 04 00 000    5.42     2.26     1.40  -553.10     26.70    -52.10    3.22    151553.0
 2025 11 15 20 05 00 000    4.66     1.28    -1.14  -553.10     26.70    -52.10    3.22    151553.0
 2025 11 15 20 06 00 000    5.03     2.25     2.09  -553.10     26.70    -52.10    3.22    151553.0
 2025 11 15 20 07 00 000    5.57     0.27    -1.60  -553.10     26.70    -52.10    3.22    151553.0
 2025 11 15 20 08 00 000    5.20    -0.18    -2.74  -553.10     26.70    -52.10    3.22    151553.0
 2025 11 15 20 09 00 000    5.98     0.16    -1.13  -553.10     26.70    -52.10    3.22    151553.0
 2025 11 15 20 10 00 000    5.05     0.29    -2.59  -553.10     26.70    -52.10    3.22    151553.0
 2025 11 15 20 11 00 000    6.00     0.32    -0.93  -553.10     26.70    -52.10    3.22    151553.0
 2025 11 15 20 12 00 000    5.91     0.09    -1.32  -553.10     26.70    -52.10    3.22    151553.0
 2025 11 15 20 13 00 000    4.03    -0.13    -3.43  -553.10     26.70    -52.10    3.22    151553.0
 2025 11 15 20 14 00 000    5.85    -0.13    -1.39  -553.10     26.70    -52.10    3.22    151553.0
 2025 11 15 20 15 00 000    4.88    -0.67    -3.19  -553.10     26.70    -52.10    3.22    151553.0
 2025 11 15 20 16 00 000    5.68    -1.11    -2.08  -553.10     26.70    -52.10    3.22    151553.0
 2025 11 15 20 17 00 000    5.67    -1.17    -2.00  -553.10     26.70    -52.10    3.22    151553.0
 2025 11 15 20 18 00 000    4.77    -0.50    -3.25  -555.50     24.80    -60.30    3.28    155655.0
 2025 11 15 20 19 00 000    5.68    -1.19    -1.89  -543.00     12.50    -42.80    2.84    101524.0
 2025 11 15 20 20 00 000    4.51     0.04    -3.27  -537.70      7.30    -35.40    2.66     78495.0
 2025 11 15 20 21 00 000    5.61    -1.34    -1.80  -537.70      7.30    -35.40    2.66     78495.0
 2025 11 15 20 22 00 000    5.79    -0.62    -1.59  -537.70      7.30    -35.40    2.66     78495.0
 2025 11 15 20 23 00 000    4.71    -0.34    -3.06  -537.70      7.30    -35.40    2.66     78495.0
 2025 11 15 20 24 00 000    5.47    -1.73    -1.72  -537.70      7.30    -35.40    2.66     78495.0
 2025 11 15 20 25 00 000    5.29    -1.32    -2.36  -537.70      7.30    -35.40    2.66     78495.0
 2025 11 15 20 26 00 000    5.26    -0.48    -2.38  -537.70      7.30    -35.40    2.66     78495.0
 2025 11 15 20 27 00 000    5.63    -0.44    -2.06  -537.70      7.30    -35.40    2.66     78495.0
 2025 11 15 20 28 00 000    5.52    -0.91    -2.30  -537.70      7.30    -35.40    2.66     78495.0
 2025 11 15 20 29 00 000    4.91    -1.54    -3.08  -537.70      7.30    -35.40    2.66     78495.0
 2025 11 15 20 30 00 000    4.88    -1.18    -3.21  -537.70      7.30    -35.40    2.66     78495.0
 2025 11 15 20 31 00 000    4.62    -1.59    -3.46  -537.70      7.30    -35.40    2.66     78495.0
 2025 11 15 20 32 00 000    4.32    -1.36    -3.95  -547.50      5.40    -39.10    2.94    140265.0
 2025 11 15 20 33 00 000    4.39    -1.31    -3.86  -547.50      5.40    -39.10    2.94    140265.0
 2025 11 15 20 34 00 000    4.24    -2.08    -3.64  -547.50      5.40    -39.10    2.94    140265.0
 2025 11 15 20 35 00 000    4.37    -2.26    -3.45  -547.50      5.40    -39.10    2.94    140265.0
 2025 11 15 20 36 00 000    4.65    -1.54    -3.45  -547.50      5.40    -39.10    2.94    140265.0
 2025 11 15 20 37 00 000    4.89    -0.07    -3.37  -547.50      5.40    -39.10    2.94    140265.0
 2025 11 15 20 38 00 000    5.37    -0.17    -2.64  -545.70     27.20    -39.80    2.99    143075.0
 2025 11 15 20 39 00 000    5.70     0.83    -1.82  -545.70     27.20    -39.80    2.99    143075.0
 2025 11 15 20 40 00 000    5.78     0.97    -1.73  -545.70     27.20    -39.80    2.99    143075.0
 2025 11 15 20 41 00 000    5.84     0.67    -1.73  -545.70     27.20    -39.80    2.99    143075.0
 2025 11 15 20 42 00 000    5.72     0.78    -2.07  -545.70     27.20    -39.80    2.99    143075.0
 2025 11 15 20 43 00 000    5.72    -0.06    -2.24  -532.90     32.80    -27.60    2.59     88747.0
 2025 11 15 20 44 00 000    5.55    -0.07    -2.55  -532.90     32.80    -27.60    2.59     88747.0
 2025 11 15 20 45 00 000    5.65     0.41    -2.21  -532.90     32.80    -27.60    2.59     88747.0
 2025 11 15 20 46 00 000    5.66     0.06    -2.37  -532.90     32.80    -27.60    2.59     88747.0
 2025 11 15 20 47 00 000    5.74     0.20    -2.08  -534.60     35.90    -34.20    2.63     85578.0
 2025 11 15 20 48 00 000    5.68     0.01    -2.48  -534.60     35.90    -34.20    2.63     85578.0
 2025 11 15 20 49 00 000    5.82     0.17    -2.13  -534.60     35.90    -34.20    2.63     85578.0
 2025 11 15 20 51 00 000    5.88    -0.01    -1.78  -534.60     35.90    -34.20    2.63     85578.0
 2025 11 15 20 52 00 000    5.93    -0.23    -1.64  -534.60     35.90    -34.20    2.63     85578.0
 2025 11 15 20 53 00 000    5.78    -0.27    -1.99  -534.60     35.90    -34.20    2.63     85578.0
 2025 11 15 20 54 00 000    5.78    -0.27    -1.99  -534.60     35.90    -34.20    2.63     85578.0
 2025 11 15 20 55 00 000    6.01     0.04    -1.26  -534.60     35.90    -34.20    2.63     85578.0
 2025 11 15 20 56 00 000    5.81    -0.08    -1.78  -534.20     31.20     -1.00    3.34    126907.0
 2025 11 15 20 57 00 000    5.47    -1.11    -2.31  -534.20     31.20     -1.00    3.34    126907.0
 2025 11 15 20 58 00 000    5.50    -1.05    -2.13  -534.20     31.20     -1.00    3.34    126907.0
 2025 11 15 21 10 00 000    4.57    -2.87    -2.79  -534.20     31.20     -1.00    3.34    126907.0
 2025 11 15 21 11 00 000    4.68    -3.00    -2.47  -550.00    -12.80    -37.40    3.24    153558.0
 2025 11 15 21 12 00 000    4.70    -2.69    -2.57  -550.00    -12.80    -37.40    3.24    153558.0
 2025 11 15 21 13 00 000    5.15    -1.10    -2.87  -543.00     18.90    -21.20    2.91    125967.0
 2025 11 15 21 14 00 000    4.88    -2.53    -2.61  -543.00     18.90    -21.20    2.91    125967.0
 2025 11 15 21 15 00 000    5.05    -1.67    -2.84  -545.10     10.60    -22.50    3.12    177849.0
 2025 11 15 21 16 00 000    5.13    -1.15    -3.00  -546.40      5.60    -23.20    3.25    208677.0
 2025 11 15 21 18 00 000    3.02    -5.08     0.97  -546.40      5.60    -23.20    3.25    208677.0
 2025 11 15 21 19 00 000    4.18     0.05    -2.98  -546.40      5.60    -23.20    3.25    208677.0
 2025 11 15 21 20 00 000    4.36    -2.33    -2.08  -546.40      5.60    -23.20    3.25    208677.0
 2025 11 15 21 21 00 000    4.32    -3.24    -2.52  -546.40      5.60    -23.20    3.25    208677.0
 2025 11 15 21 22 00 000    4.32    -3.24    -2.52  -546.40      5.60    -23.20    3.25    208677.0
 2025 11 15 21 23 00 000    3.88    -4.62     0.15  -546.40      5.60    -23.20    3.25    208677.0
 2025 11 15 21 24 00 000    3.96    -4.56     0.43  -562.10    -39.70      2.10    2.79    156806.0
 2025 11 15 21 25 00 000    3.62    -4.77     0.14  -552.30    -24.50      4.40    2.87    151526.0
 2025 11 15 21 26 00 000    4.07    -4.42    -0.14  -539.00     -3.80      7.60    2.98    144373.0
 2025 11 15 21 27 00 000    4.22    -4.25    -0.36  -546.00    -57.10     36.20    3.42    300274.0
 2025 11 15 21 28 00 000    4.73    -3.71    -0.35  -546.00    -57.10     36.20    3.42    300274.0
 2025 11 15 21 29 00 000    4.28    -1.61    -2.87  -556.50    -19.40     -2.30    2.91    228159.0
 2025 11 15 21 30 00 000    4.30    -2.32    -2.62  -555.00     -5.90    -16.00    2.90    196217.0
 2025 11 15 21 31 00 000    4.86    -1.56    -2.63  -549.80      1.10    -26.70    3.12    167913.0
 2025 11 15 21 32 00 000    4.53    -2.44    -2.99  -547.10      7.70    -27.80    3.41    188123.0
 2025 11 15 21 33 00 000    4.81     0.79    -3.55  -544.30     -7.20    -10.30    3.70    255272.0
 2025 11 15 21 34 00 000    4.86     0.38    -3.52  -544.30     -7.20    -10.30    3.70    255272.0
 2025 11 15 21 35 00 000    4.85    -1.72    -2.62  -545.50      5.90    -30.40    2.93    131041.0
 2025 11 15 21 36 00 000    4.67    -0.31    -3.35  -545.50      5.90    -30.40    2.93    131041.0
 2025 11 15 21 37 00 000    4.01     1.54    -3.95  -563.20     26.60    -35.70    2.94    204152.0
 2025 11 15 21 38 00 000    3.77     0.70    -3.55  -558.50     19.80    -31.50    2.97    183588.0
 2025 11 15 21 39 00 000    4.56    -0.45    -3.22  -548.10      7.50    -20.50    2.96    129474.0
 2025 11 15 21 40 00 000    4.73    -0.69    -3.06  -548.10      7.50    -20.50    2.96    129474.0
 2025 11 15 21 41 00 000    4.85    -0.46    -3.02  -545.70     21.40    -36.40    3.44    173166.0
 2025 11 15 21 42 00 000    5.34    -1.42    -1.42  -545.70     21.40    -36.40    3.44    173166.0
 2025 11 15 21 43 00 000    5.58    -1.73    -1.09  -545.70     21.40    -36.40    3.44    173166.0
 2025 11 15 21 44 00 000    5.82    -0.24    -1.04  -545.70     21.40    -36.40    3.44    173166.0
 2025 11 15 21 45 00 000    5.77     0.55    -1.44  -532.70     36.90    -33.80    2.53     85214.0
 2025 11 15 21 46 00 000    4.89     0.49    -2.53  -538.20     31.60    -31.20    2.93    115879.0
 2025 11 15 21 47 00 000    1.84    -4.40     0.54  -555.00     13.20    -25.20    3.26    143463.0
 2025 11 15 21 48 00 000    3.02    -3.37    -0.22  -568.20    -20.40     -6.60    3.40    151048.0
 2025 11 15 21 49 00 000    3.77    -2.44    -0.26  -539.10    -14.60    -15.30    2.95    145069.0
 2025 11 15 21 50 00 000    4.17    -2.84    -1.03  -540.90    -22.00    -19.60    2.71    145023.0
 2025 11 15 21 51 00 000    3.03    -3.89    -0.63  -540.90    -22.00    -19.60    2.71    145023.0
 2025 11 15 21 52 00 000    3.83    -2.95    -0.54  -540.90    -22.00    -19.60    2.71    145023.0
 2025 11 15 21 53 00 000    4.02    -2.73    -0.66  -540.90    -22.00    -19.60    2.71    145023.0
 2025 11 15 21 54 00 000    3.97    -0.18    -3.23  -568.40    -30.80     -6.50    2.71    130789.0
 2025 11 15 21 55 00 000    4.51     1.04    -2.11  -537.70      2.30     13.00    2.91     88181.0
 2025 11 15 21 56 00 000    3.31     2.26    -4.48  -528.10     12.70     19.10    2.96     74834.0
 2025 11 15 21 57 00 000    4.14     0.49    -3.95  -528.10     12.70     19.10    2.96     74834.0
 2025 11 15 21 58 00 000    4.70    -0.20    -3.58  -528.10     12.70     19.10    2.96     74834.0
 2025 11 15 21 59 00 000    5.18    -0.12    -2.84  -547.20     18.60    -44.30    3.17    140614.0
 2025 11 15 22 00 00 000    5.58     0.32    -1.91  -547.20     18.60    -44.30    3.17    140614.0
 2025 11 15 22 01 00 000    3.14    -4.71     0.89  -564.00    -37.90     -1.70    2.71    159839.0
 2025 11 15 22 02 00 000    2.49    -5.33     1.88  -566.10    -25.60      0.20    2.87    167465.0
 2025 11 15 22 03 00 000    3.24    -4.82     2.03  -565.80    -19.00      4.90    2.95    173135.0
 2025 11 15 22 04 00 000    3.93    -4.58     1.25  -558.00    -32.90     16.40    2.78    170265.0
 2025 11 15 22 05 00 000    3.67    -4.68    -0.67  -558.00    -32.90     16.40    2.78    170265.0
 2025 11 15 22 06 00 000    3.40    -4.30     2.78  -558.50    -23.10     20.10    2.81    160150.0
 2025 11 15 22 07 00 000    3.82    -4.46     1.41  -558.50    -23.10     20.10    2.81    160150.0
 2025 11 15 22 08 00 000    2.75    -4.54    -1.24  -576.10    -16.30    -26.80    2.98    207517.0
 2025 11 15 22 09 00 000    1.69    -5.42    -0.52  -572.00    -27.60    -14.80    2.88    183348.0
 2025 11 15 22 10 00 000    0.71    -5.43    -0.57  -586.30    -34.60      2.50    2.87    172574.0
 2025 11 15 22 11 00 000    1.23    -4.18    -3.71  -589.60    -21.40    -35.50    2.64    165106.0
 2025 11 15 22 12 00 000    1.52    -5.53    -0.79  -589.60    -21.40    -35.50    2.64    165106.0
 2025 11 15 22 13 00 000    1.31    -5.47     1.12  -589.60    -21.40    -35.50    2.64    165106.0
 2025 11 15 22 14 00 000    2.71    -5.03     2.05  -567.40    -27.90      8.00    3.12    231214.0
 2025 11 15 22 15 00 000    2.83    -3.73     0.90  -567.30    -17.70    -11.80    3.12    196282.0
 2025 11 15 22 16 00 000    2.66    -4.69     0.49  -567.20    -14.20    -18.50    3.11    184372.0
 2025 11 15 22 17 00 000    2.18    -5.48     0.23  -577.70    -19.20      0.60    2.80    157592.0
 2025 11 15 22 18 00 000    2.40    -4.90    -2.07  -579.40    -23.40     -1.20    2.76    160194.0
 2025 11 15 22 19 00 000    2.72    -4.42    -3.18  -577.50    -15.20    -32.70    2.99    166347.0
 2025 11 15 22 20 00 000    2.67    -4.01    -3.69  -576.70    -11.10    -41.10    3.04    168346.0
 2025 11 15 22 21 00 000    3.18    -1.93    -4.52  -575.60     -2.40    -51.60    3.01    173232.0
 2025 11 15 22 22 00 000    3.01    -3.52    -3.69  -568.90     14.10    -46.70    3.02    163442.0
 2025 11 15 22 23 00 000    4.54     0.25    -0.68  -568.50     16.60    -45.60    3.03    161585.0
 2025 11 15 22 24 00 000    3.26     0.34    -5.05  -568.50     16.60    -45.60    3.03    161585.0
 2025 11 15 22 25 00 000    4.59     0.17     0.83  -568.50     16.60    -45.60    3.03    161585.0
 2025 11 15 22 26 00 000    4.96     0.51     2.08  -568.50     16.60    -45.60    3.03    161585.0
 2025 11 15 22 27 00 000    5.26     0.12     3.28  -568.50     16.60    -45.60    3.03    161585.0
 2025 11 15 22 28 00 000    4.63     0.32    -0.29  -541.30     19.90     57.90    3.08    139624.0
 2025 11 15 22 29 00 000    5.02     1.41     3.31  -541.30     19.90     57.90    3.08    139624.0
 2025 11 15 22 30 00 000    4.93     1.29     0.63  -541.30     19.90     57.90    3.08    139624.0
 2025 11 15 22 32 00 000    4.74    -0.08     0.85  -537.60     20.70     56.00    2.91    124920.0
 2025 11 15 22 33 00 000    5.54    -0.32     3.10  -537.60     20.70     56.00    2.91    124920.0
 2025 11 15 22 34 00 000    4.89    -0.92     3.07  -537.60     20.70     56.00    2.91    124920.0
 2025 11 15 22 35 00 000    4.66    -0.03     0.75  -537.60     20.70     56.00    2.91    124920.0
 2025 11 15 22 36 00 000    5.23    -1.75     3.20  -537.60     20.70     56.00    2.91    124920.0
 2025 11 15 22 37 00 000    3.52    -3.13     0.06  -569.60      2.90    -39.30    3.37    173205.0
 2025 11 15 22 38 00 000    4.46    -2.60    -1.79  -570.20     -1.10    -37.80    3.47    162849.0
 2025 11 15 22 39 00 000    4.48    -2.96    -0.49  -571.00     -5.90    -35.90    3.58    150718.0
 2025 11 15 22 40 00 000    4.45    -3.19    -0.25  -568.60    -13.00    -28.90    4.06    128798.0
 2025 11 15 22 41 00 000    4.45    -2.40     0.06  -558.60     -2.80     13.50    3.35    131362.0
 2025 11 15 22 42 00 000    4.61    -0.77     1.10  -555.00      3.40     23.70    3.00    126587.0
 2025 11 15 22 43 00 000    4.87    -0.81     1.35  -555.20     24.50     51.50    2.95    136212.0
 2025 11 15 22 44 00 000    4.94     0.18     2.60  -554.30     29.80     57.90    2.97    139508.0
 2025 11 15 22 45 00 000    4.57    -1.10     1.22  -554.30     29.80     57.90    2.97    139508.0
 2025 11 15 22 46 00 000    4.98    -0.28     2.58  -550.40     23.50    -23.20    3.06    168792.0
 2025 11 15 22 47 00 000    4.70    -1.09     1.74  -550.40     23.50    -23.20    3.06    168792.0
 2025 11 15 22 48 00 000    4.80    -0.65     2.84  -551.10     29.20     55.60    2.98    125959.0
 2025 11 15 22 49 00 000    4.46    -0.69     2.70  -553.10     27.60     58.60    3.09    133641.0
 2025 11 15 22 50 00 000    4.51    -0.84     2.58  -555.60     26.30     65.50    3.16    143723.0
 2025 11 15 22 51 00 000    4.69    -0.84     2.89  -555.60     26.30     65.50    3.16    143723.0
 2025 11 15 22 52 00 000    4.47    -0.43     3.28  -549.30     25.90     49.50    2.99    125195.0
 2025 11 15 22 53 00 000    4.87     0.97     2.71  -549.30     25.90     49.50    2.99    125195.0
 2025 11 15 22 54 00 000    4.77    -0.60     1.56  -556.80     -3.70      9.70    2.75    101820.0
 2025 11 15 22 55 00 000    4.72     1.36     3.34  -553.30     14.70     22.30    2.95    137234.0
 2025 11 15 22 56 00 000    4.15    -0.29     1.76  -547.60     46.60     34.00    3.14    172399.0
 2025 11 15 22 57 00 000    4.64     0.16     2.57  -551.90     44.10     56.10    3.14    153924.0
 2025 11 15 22 58 00 000    4.36     0.16     4.01  -568.80     -4.60     71.40    3.05    203241.0
 2025 11 15 22 59 00 000    4.55     0.67     1.07  -561.30     12.20     53.90    3.10    169289.0
 2025 11 15 23 00 00 000    4.37    -0.02     3.84  -555.40     20.20    -24.90    2.99    163556.0
 2025 11 15 23 01 00 000    4.69    -0.40     2.60  -554.40     20.70    -49.60    2.94    166055.0
 2025 11 15 23 02 00 000    4.00    -0.58     4.54  -554.40     20.70    -49.60    2.94    166055.0
 2025 11 15 23 03 00 000    4.77     0.51     3.75  -562.60     15.10     43.80    3.22    215339.0
 2025 11 15 23 04 00 000    4.57    -0.02     3.96  -557.40     20.80     44.10    3.10    198651.0
 2025 11 15 23 05 00 000    4.32    -0.72     1.11  -543.10     42.30     44.50    2.70    149366.0
 2025 11 15 23 06 00 000    4.78    -1.70     2.23  -552.50     38.50     42.80    2.81    175044.0
 2025 11 15 23 07 00 000    4.59    -0.21     3.42  -554.30    -15.40     21.60    3.10    131034.0
 2025 11 15 23 08 00 000    4.47     0.33     3.84  -556.60     20.90     45.50    3.14    165467.0
 2025 11 15 23 09 00 000    5.01    -2.78     1.66  -551.70     22.80     53.80    3.16    161801.0
 2025 11 15 23 10 00 000    3.75    -3.93     0.58  -563.90    -29.40      8.40    2.90    108248.0
 2025 11 15 23 11 00 000    4.52    -2.65     2.32  -558.50    -27.10     17.90    2.92    115600.0
 2025 11 15 23 12 00 000    4.53    -1.91     2.48  -550.40     19.80     50.50    3.28    130729.0
 2025 11 15 23 13 00 000    5.24    -1.51     2.32  -549.70     21.60     38.60    3.09    125937.0
 2025 11 15 23 14 00 000    5.37    -2.13     1.42  -554.50     -7.60     21.60    2.99    139256.0
 2025 11 15 23 15 00 000    5.28    -2.12     0.87  -552.40    -14.60     10.70    2.77    100941.0
 2025 11 15 23 16 00 000    4.85    -2.55     0.82  -549.10     -0.40      2.70    2.80     80574.0
 2025 11 15 23 17 00 000    5.52    -2.16     0.79  -542.40     14.80     31.00    3.11    145199.0
 2025 11 15 23 18 00 000    5.56    -0.99     1.19  -544.30      5.90     19.20    3.09    142953.0
 2025 11 15 23 19 00 000    5.85    -2.20    -0.18  -544.80     -0.70     -4.60    2.86    115703.0
 2025 11 15 23 20 00 000    6.06    -1.32     0.39  -544.80     -3.40     -4.20    2.72    103309.0
 2025 11 15 23 21 00 000    6.13    -1.52     0.74  -544.80     -3.40     -4.20    2.72    103309.0
 2025 11 15 23 22 00 000    5.61    -1.71     0.66  -534.40     14.40      7.30    3.22     90985.0
 2025 11 15 23 23 00 000    5.85    -2.18    -0.61  -534.40     14.40      7.30    3.22     90985.0
 2025 11 15 23 24 00 000    6.04    -1.15     0.88  -535.90     15.30      5.80    3.22    141198.0
 2025 11 15 23 25 00 000    5.77     0.07     1.87  -535.80     16.50      6.20    3.22    141958.0
 2025 11 15 23 26 00 000    6.17     0.42     0.89  -533.00     39.70     13.60    3.19    157299.0
 2025 11 15 23 27 00 000    6.30     0.38    -0.05  -532.60     40.40     13.70    3.19    154301.0
 2025 11 15 23 28 00 000    6.21    -0.03     0.81  -528.00     47.90     21.40    2.99     87969.0
 2025 11 15 23 29 00 000    6.11    -0.62     0.70  -537.30     26.30     40.30    2.73     81198.0
 2025 11 15 23 30 00 000    5.97    -1.47     0.68  -540.00     20.10     45.80    2.66     79238.0
 2025 11 15 23 31 00 000    6.11    -1.25     0.24  -540.00     20.10     45.80    2.66     79238.0
 2025 11 15 23 32 00 000    5.93    -1.87     0.02  -540.00     20.10     45.80    2.66     79238.0
 2025 11 15 23 33 00 000    5.62    -2.85    -0.10  -540.20     -5.60      3.10    3.12    101750.0
 2025 11 15 23 34 00 000    5.56    -0.46     1.68  -542.90      3.60     17.40    3.60     90029.0
 2025 11 15 23 35 00 000    5.75     0.83     2.70  -545.30     15.30     35.40    4.07     76577.0
 2025 11 15 23 36 00 000    5.86    -0.07     2.42  -533.40     28.90     52.80    2.34     82021.0
 2025 11 15 23 37 00 000    5.79     1.03     2.19  -533.40     28.90     52.80    2.34     82021.0
 2025 11 15 23 38 00 000    5.72     0.49     2.61  -541.70     18.90     37.60    3.25    167389.0
 2025 11 15 23 39 00 000    5.88     0.18     2.31  -546.60     28.00     39.90    3.30    132712.0
 2025 11 15 23 40 00 000    5.78     1.03     2.51  -547.30     41.70     36.40    3.32    106271.0
 2025 11 15 23 41 00 000    5.88     0.13     2.48  -536.80     40.40     25.90    3.23    148420.0
 2025 11 15 23 42 00 000    6.11    -0.32     1.71  -549.80     31.30     42.50    2.63     89164.0
 2025 11 15 23 43 00 000    6.11    -0.56     1.34  -540.10     28.70     37.70    2.70     82398.0
 2025 11 15 23 44 00 000    6.07    -0.32     1.64  -525.90     24.90     30.90    2.80     72914.0
 2025 11 15 23 45 00 000    5.71     0.26     2.14  -529.50     29.30     47.70    2.63    118999.0
 2025 11 15 23 46 00 000    6.22    -0.21     1.10  -529.50     29.30     47.70    2.63    118999.0
 2025 11 15 23 47 00 000    6.24    -0.80     0.73  -529.50     29.30     47.70    2.63    118999.0
 2025 11 15 23 48 00 000    5.98    -0.73     1.72  -531.90     23.50     13.80    3.13     87362.0
 2025 11 15 23 49 00 000    5.87     0.56     1.71  -531.90     23.50     13.80    3.13     87362.0
 2025 11 15 23 50 00 000    5.92     0.29     1.29  -533.80      8.10      6.90    3.44    107741.0
 2025 11 15 23 51 00 000    6.13     0.86     0.24  -533.90     11.20      7.50    3.43    106527.0
 2025 11 15 23 52 00 000    6.11     1.09    -0.21  -535.10     36.20     12.50    3.34     96733.0
 2025 11 15 23 53 00 000    6.08     1.54    -0.06  -535.20     38.00     12.90    3.33     96027.0
 2025 11 15 23 54 00 000    6.08     1.45    -0.33  -535.20     38.00     12.90    3.33     96027.0
 2025 11 15 23 55 00 000    5.84     0.99    -0.22  -535.20     38.00     12.90    3.33     96027.0
 2025 11 15 23 56 00 000    6.25     0.44    -1.18  -535.20     38.00     12.90    3.33     96027.0
 2025 11 15 23 57 00 000    6.31     1.00    -0.55  -527.40     52.50     15.30    3.09     99628.0
 2025 11 15 23 58 00 000    6.33     0.79    -0.45  -527.40     52.50     15.30    3.09     99628.0
 2025 11 15 23 59 00 000    6.38     0.54    -0.38  -527.40     52.50     15.30    3.09     99628.0
