File created by python code using write_sme_file

Data downloaded from OMNIWeb and written in SME format

============================================================
<year>  <month>  <day>  <hour>  <min>  <sec>  <SME (nT)>  <SML (nT)>  <SMU (nT)>
2023  04  21  00  00  00    40.00   -26.00    14.00
2023  04  21  00  01  00    40.00   -25.00    15.00
2023  04  21  00  02  00    41.00   -26.00    15.00
2023  04  21  00  03  00    42.00   -27.00    15.00
2023  04  21  00  04  00    41.00   -26.00    15.00
2023  04  21  00  05  00    41.00   -26.00    15.00
2023  04  21  00  06  00    38.00   -24.00    14.00
2023  04  21  00  07  00    37.00   -23.00    14.00
2023  04  21  00  08  00    36.00   -23.00    13.00
2023  04  21  00  09  00    35.00   -23.00    12.00
2023  04  21  00  10  00    35.00   -23.00    12.00
2023  04  21  00  11  00    34.00   -23.00    11.00
2023  04  21  00  12  00    33.00   -22.00    11.00
2023  04  21  00  13  00    34.00   -23.00    11.00
2023  04  21  00  14  00    36.00   -24.00    12.00
2023  04  21  00  15  00    35.00   -24.00    11.00
2023  04  21  00  16  00    33.00   -23.00    10.00
2023  04  21  00  17  00    32.00   -22.00    10.00
2023  04  21  00  18  00    31.00   -22.00     9.00
2023  04  21  00  19  00    32.00   -23.00     9.00
2023  04  21  00  20  00    34.00   -24.00    10.00
2023  04  21  00  21  00    36.00   -25.00    11.00
2023  04  21  00  22  00    36.00   -24.00    12.00
2023  04  21  00  23  00    36.00   -23.00    13.00
2023  04  21  00  24  00    36.00   -23.00    13.00
2023  04  21  00  25  00    36.00   -23.00    13.00
2023  04  21  00  26  00    36.00   -23.00    13.00
2023  04  21  00  27  00    36.00   -23.00    13.00
2023  04  21  00  28  00    35.00   -22.00    13.00
2023  04  21  00  29  00    36.00   -23.00    13.00
2023  04  21  00  30  00    35.00   -23.00    12.00
2023  04  21  00  31  00    37.00   -23.00    14.00
2023  04  21  00  32  00    36.00   -22.00    14.00
2023  04  21  00  33  00    35.00   -21.00    14.00
2023  04  21  00  34  00    35.00   -20.00    15.00
2023  04  21  00  35  00    33.00   -19.00    14.00
2023  04  21  00  36  00    32.00   -18.00    14.00
2023  04  21  00  37  00    32.00   -19.00    13.00
2023  04  21  00  38  00    32.00   -19.00    13.00
2023  04  21  00  39  00    33.00   -20.00    13.00
2023  04  21  00  40  00    33.00   -20.00    13.00
2023  04  21  00  41  00    33.00   -20.00    13.00
2023  04  21  00  42  00    33.00   -20.00    13.00
2023  04  21  00  43  00    32.00   -19.00    13.00
2023  04  21  00  44  00    31.00   -18.00    13.00
2023  04  21  00  45  00    31.00   -18.00    13.00
2023  04  21  00  46  00    29.00   -17.00    12.00
2023  04  21  00  47  00    29.00   -16.00    13.00
2023  04  21  00  48  00    29.00   -15.00    14.00
2023  04  21  00  49  00    27.00   -13.00    14.00
2023  04  21  00  50  00    28.00   -13.00    15.00
2023  04  21  00  51  00    29.00   -13.00    16.00
2023  04  21  00  52  00    30.00   -14.00    16.00
2023  04  21  00  53  00    32.00   -15.00    17.00
2023  04  21  00  54  00    30.00   -14.00    16.00
2023  04  21  00  55  00    28.00   -12.00    16.00
2023  04  21  00  56  00    28.00   -13.00    15.00
2023  04  21  00  57  00    29.00   -14.00    15.00
2023  04  21  00  58  00    29.00   -14.00    15.00
2023  04  21  00  59  00    30.00   -14.00    16.00
2023  04  21  01  00  00    31.00   -15.00    16.00
2023  04  21  01  01  00    34.00   -17.00    17.00
2023  04  21  01  02  00    38.00   -20.00    18.00
2023  04  21  01  03  00    42.00   -22.00    20.00
2023  04  21  01  04  00    39.00   -22.00    17.00
2023  04  21  01  05  00    34.00   -18.00    16.00
2023  04  21  01  06  00    29.00   -13.00    16.00
2023  04  21  01  07  00    26.00   -12.00    14.00
2023  04  21  01  08  00    25.00   -13.00    12.00
2023  04  21  01  09  00    29.00   -16.00    13.00
2023  04  21  01  10  00    31.00   -17.00    14.00
2023  04  21  01  11  00    34.00   -20.00    14.00
2023  04  21  01  12  00    35.00   -21.00    14.00
2023  04  21  01  13  00    35.00   -20.00    15.00
2023  04  21  01  14  00    39.00   -22.00    17.00
2023  04  21  01  15  00    43.00   -26.00    17.00
2023  04  21  01  16  00    45.00   -29.00    16.00
2023  04  21  01  17  00    43.00   -27.00    16.00
2023  04  21  01  18  00    40.00   -24.00    16.00
2023  04  21  01  19  00    36.00   -21.00    15.00
2023  04  21  01  20  00    33.00   -18.00    15.00
2023  04  21  01  21  00    30.00   -16.00    14.00
2023  04  21  01  22  00    31.00   -17.00    14.00
2023  04  21  01  23  00    30.00   -16.00    14.00
2023  04  21  01  24  00    31.00   -16.00    15.00
2023  04  21  01  25  00    30.00   -15.00    15.00
2023  04  21  01  26  00    31.00   -16.00    15.00
2023  04  21  01  27  00    32.00   -16.00    16.00
2023  04  21  01  28  00    30.00   -15.00    15.00
2023  04  21  01  29  00    28.00   -14.00    14.00
2023  04  21  01  30  00    29.00   -15.00    14.00
2023  04  21  01  31  00    30.00   -16.00    14.00
2023  04  21  01  32  00    30.00   -16.00    14.00
2023  04  21  01  33  00    28.00   -15.00    13.00
2023  04  21  01  34  00    26.00   -13.00    13.00
2023  04  21  01  35  00    27.00   -14.00    13.00
2023  04  21  01  36  00    27.00   -13.00    14.00
2023  04  21  01  37  00    27.00   -14.00    13.00
2023  04  21  01  38  00    29.00   -15.00    14.00
2023  04  21  01  39  00    26.00   -13.00    13.00
2023  04  21  01  40  00    24.00   -12.00    12.00
2023  04  21  01  41  00    23.00   -11.00    12.00
2023  04  21  01  42  00    24.00   -12.00    12.00
2023  04  21  01  43  00    24.00   -12.00    12.00
2023  04  21  01  44  00    26.00   -13.00    13.00
2023  04  21  01  45  00    25.00   -13.00    12.00
2023  04  21  01  46  00    26.00   -13.00    13.00
2023  04  21  01  47  00    28.00   -15.00    13.00
2023  04  21  01  48  00    27.00   -13.00    14.00
2023  04  21  01  49  00    28.00   -14.00    14.00
2023  04  21  01  50  00    30.00   -15.00    15.00
2023  04  21  01  51  00    29.00   -14.00    15.00
2023  04  21  01  52  00    26.00   -12.00    14.00
2023  04  21  01  53  00    26.00   -12.00    14.00
2023  04  21  01  54  00    26.00   -12.00    14.00
2023  04  21  01  55  00    25.00   -11.00    14.00
2023  04  21  01  56  00    26.00   -12.00    14.00
2023  04  21  01  57  00    26.00   -12.00    14.00
2023  04  21  01  58  00    26.00   -12.00    14.00
2023  04  21  01  59  00    27.00   -13.00    14.00
2023  04  21  02  00  00    26.00   -12.00    14.00
2023  04  21  02  01  00    27.00   -12.00    15.00
2023  04  21  02  02  00    27.00   -12.00    15.00
2023  04  21  02  03  00    27.00   -12.00    15.00
2023  04  21  02  04  00    28.00   -11.00    17.00
2023  04  21  02  05  00    33.00   -15.00    18.00
2023  04  21  02  06  00    34.00   -17.00    17.00
2023  04  21  02  07  00    33.00   -17.00    16.00
2023  04  21  02  08  00    31.00   -15.00    16.00
2023  04  21  02  09  00    31.00   -14.00    17.00
2023  04  21  02  10  00    30.00   -13.00    17.00
2023  04  21  02  11  00    28.00   -13.00    15.00
2023  04  21  02  12  00    26.00   -13.00    13.00
2023  04  21  02  13  00    27.00   -13.00    14.00
2023  04  21  02  14  00    29.00   -16.00    13.00
2023  04  21  02  15  00    28.00   -15.00    13.00
2023  04  21  02  16  00    27.00   -13.00    14.00
2023  04  21  02  17  00    23.00   -10.00    13.00
2023  04  21  02  18  00    21.00   -10.00    11.00
2023  04  21  02  19  00    23.00   -13.00    10.00
2023  04  21  02  20  00    23.00   -13.00    10.00
2023  04  21  02  21  00    25.00   -14.00    11.00
2023  04  21  02  22  00    26.00   -14.00    12.00
2023  04  21  02  23  00    28.00   -15.00    13.00
2023  04  21  02  24  00    32.00   -17.00    15.00
2023  04  21  02  25  00    33.00   -17.00    16.00
2023  04  21  02  26  00    34.00   -18.00    16.00
2023  04  21  02  27  00    29.00   -14.00    15.00
2023  04  21  02  28  00    27.00    -4.00    23.00
2023  04  21  02  29  00    63.00   -28.00    35.00
2023  04  21  02  30  00    77.00   -43.00    34.00
2023  04  21  02  31  00    81.00   -36.00    45.00
2023  04  21  02  32  00    98.00   -35.00    63.00
2023  04  21  02  33  00   105.00   -36.00    69.00
2023  04  21  02  34  00    95.00   -34.00    61.00
2023  04  21  02  35  00    94.00   -20.00    74.00
2023  04  21  02  36  00    80.00    -7.00    73.00
2023  04  21  02  37  00    75.00    -7.00    68.00
2023  04  21  02  38  00    77.00   -13.00    64.00
2023  04  21  02  39  00    78.00   -19.00    59.00
2023  04  21  02  40  00    79.00   -21.00    58.00
2023  04  21  02  41  00    84.00   -23.00    61.00
2023  04  21  02  42  00    79.00   -20.00    59.00
2023  04  21  02  43  00    83.00   -24.00    59.00
2023  04  21  02  44  00    96.00   -29.00    67.00
2023  04  21  02  45  00    98.00   -26.00    72.00
2023  04  21  02  46  00    94.00   -19.00    75.00
2023  04  21  02  47  00    90.00   -13.00    77.00
2023  04  21  02  48  00    92.00   -15.00    77.00
2023  04  21  02  49  00    93.00   -15.00    78.00
2023  04  21  02  50  00    87.00   -17.00    70.00
2023  04  21  02  51  00    83.00   -20.00    63.00
2023  04  21  02  52  00    80.00   -23.00    57.00
2023  04  21  02  53  00    73.00   -21.00    52.00
2023  04  21  02  54  00    65.00   -18.00    47.00
2023  04  21  02  55  00    63.00   -15.00    48.00
2023  04  21  02  56  00    70.00   -19.00    51.00
2023  04  21  02  57  00    75.00   -22.00    53.00
2023  04  21  02  58  00    76.00   -25.00    51.00
2023  04  21  02  59  00    67.00   -22.00    45.00
2023  04  21  03  00  00    64.00   -19.00    45.00
2023  04  21  03  01  00    68.00   -21.00    47.00
2023  04  21  03  02  00    77.00   -24.00    53.00
2023  04  21  03  03  00    82.00   -29.00    53.00
2023  04  21  03  04  00    84.00   -25.00    59.00
2023  04  21  03  05  00    92.00   -26.00    66.00
2023  04  21  03  06  00    91.00   -26.00    65.00
2023  04  21  03  07  00    77.00   -21.00    56.00
2023  04  21  03  08  00    70.00   -13.00    57.00
2023  04  21  03  09  00    77.00   -14.00    63.00
2023  04  21  03  10  00    76.00   -17.00    59.00
2023  04  21  03  11  00    79.00   -23.00    56.00
2023  04  21  03  12  00    86.00   -29.00    57.00
2023  04  21  03  13  00    87.00   -30.00    57.00
2023  04  21  03  14  00    81.00   -26.00    55.00
2023  04  21  03  15  00    66.00   -18.00    48.00
2023  04  21  03  16  00    57.00   -16.00    41.00
2023  04  21  03  17  00    50.00   -16.00    34.00
2023  04  21  03  18  00    44.00   -16.00    28.00
2023  04  21  03  19  00    41.00   -15.00    26.00
2023  04  21  03  20  00    40.00   -15.00    25.00
2023  04  21  03  21  00    36.00   -14.00    22.00
2023  04  21  03  22  00    36.00   -14.00    22.00
2023  04  21  03  23  00    36.00   -14.00    22.00
2023  04  21  03  24  00    35.00   -14.00    21.00
2023  04  21  03  25  00    37.00   -15.00    22.00
2023  04  21  03  26  00    40.00   -16.00    24.00
2023  04  21  03  27  00    40.00   -16.00    24.00
2023  04  21  03  28  00    39.00   -16.00    23.00
2023  04  21  03  29  00    40.00   -16.00    24.00
2023  04  21  03  30  00    40.00   -16.00    24.00
2023  04  21  03  31  00    43.00   -18.00    25.00
2023  04  21  03  32  00    44.00   -17.00    27.00
2023  04  21  03  33  00    44.00   -17.00    27.00
2023  04  21  03  34  00    45.00   -17.00    28.00
2023  04  21  03  35  00    48.00   -18.00    30.00
2023  04  21  03  36  00    49.00   -19.00    30.00
2023  04  21  03  37  00    49.00   -20.00    29.00
2023  04  21  03  38  00    50.00   -23.00    27.00
2023  04  21  03  39  00    53.00   -25.00    28.00
2023  04  21  03  40  00    53.00   -26.00    27.00
2023  04  21  03  41  00    51.00   -26.00    25.00
2023  04  21  03  42  00    50.00   -27.00    23.00
2023  04  21  03  43  00    48.00   -27.00    21.00
2023  04  21  03  44  00    45.00   -26.00    19.00
2023  04  21  03  45  00    41.00   -25.00    16.00
2023  04  21  03  46  00    41.00   -25.00    16.00
2023  04  21  03  47  00    40.00   -25.00    15.00
2023  04  21  03  48  00    41.00   -27.00    14.00
2023  04  21  03  49  00    43.00   -29.00    14.00
2023  04  21  03  50  00    43.00   -29.00    14.00
2023  04  21  03  51  00    43.00   -28.00    15.00
2023  04  21  03  52  00    42.00   -27.00    15.00
2023  04  21  03  53  00    39.00   -25.00    14.00
2023  04  21  03  54  00    42.00   -25.00    17.00
2023  04  21  03  55  00    39.00   -24.00    15.00
2023  04  21  03  56  00    40.00   -24.00    16.00
2023  04  21  03  57  00    40.00   -23.00    17.00
2023  04  21  03  58  00    38.00   -22.00    16.00
2023  04  21  03  59  00    36.00   -20.00    16.00
2023  04  21  04  00  00    34.00   -19.00    15.00
2023  04  21  04  01  00    34.00   -19.00    15.00
2023  04  21  04  02  00    35.00   -19.00    16.00
2023  04  21  04  03  00    36.00   -20.00    16.00
2023  04  21  04  04  00    35.00   -20.00    15.00
2023  04  21  04  05  00    35.00   -20.00    15.00
2023  04  21  04  06  00    33.00   -20.00    13.00
2023  04  21  04  07  00    32.00   -19.00    13.00
2023  04  21  04  08  00    33.00   -19.00    14.00
2023  04  21  04  09  00    33.00   -20.00    13.00
2023  04  21  04  10  00    32.00   -20.00    12.00
2023  04  21  04  11  00    32.00   -20.00    12.00
2023  04  21  04  12  00    33.00   -20.00    13.00
2023  04  21  04  13  00    34.00   -20.00    14.00
2023  04  21  04  14  00    35.00   -20.00    15.00
2023  04  21  04  15  00    35.00   -20.00    15.00
2023  04  21  04  16  00    33.00   -19.00    14.00
2023  04  21  04  17  00    32.00   -19.00    13.00
2023  04  21  04  18  00    32.00   -19.00    13.00
2023  04  21  04  19  00    32.00   -19.00    13.00
2023  04  21  04  20  00    32.00   -18.00    14.00
2023  04  21  04  21  00    32.00   -18.00    14.00
2023  04  21  04  22  00    30.00   -17.00    13.00
2023  04  21  04  23  00    28.00   -15.00    13.00
2023  04  21  04  24  00    28.00   -15.00    13.00
2023  04  21  04  25  00    28.00   -15.00    13.00
2023  04  21  04  26  00    31.00   -17.00    14.00
2023  04  21  04  27  00    31.00   -17.00    14.00
2023  04  21  04  28  00    31.00   -17.00    14.00
2023  04  21  04  29  00    31.00   -17.00    14.00
2023  04  21  04  30  00    31.00   -17.00    14.00
2023  04  21  04  31  00    31.00   -17.00    14.00
2023  04  21  04  32  00    30.00   -17.00    13.00
2023  04  21  04  33  00    33.00   -19.00    14.00
2023  04  21  04  34  00    37.00   -21.00    16.00
2023  04  21  04  35  00    44.00   -23.00    21.00
2023  04  21  04  36  00    41.00   -23.00    18.00
2023  04  21  04  37  00    38.00   -22.00    16.00
2023  04  21  04  38  00    31.00   -17.00    14.00
2023  04  21  04  39  00    29.00   -15.00    14.00
2023  04  21  04  40  00    27.00   -14.00    13.00
2023  04  21  04  41  00    28.00   -14.00    14.00
2023  04  21  04  42  00    30.00   -14.00    16.00
2023  04  21  04  43  00    31.00   -14.00    17.00
2023  04  21  04  44  00    31.00   -15.00    16.00
2023  04  21  04  45  00    30.00   -14.00    16.00
2023  04  21  04  46  00    29.00   -12.00    17.00
2023  04  21  04  47  00    29.00   -12.00    17.00
2023  04  21  04  48  00    26.00   -10.00    16.00
2023  04  21  04  49  00    23.00    -7.00    16.00
2023  04  21  04  50  00    19.00    -3.00    16.00
2023  04  21  04  51  00    20.00    -4.00    16.00
2023  04  21  04  52  00    24.00    -7.00    17.00
2023  04  21  04  53  00    25.00    -8.00    17.00
2023  04  21  04  54  00    24.00    -9.00    15.00
2023  04  21  04  55  00    22.00    -8.00    14.00
2023  04  21  04  56  00    23.00   -10.00    13.00
2023  04  21  04  57  00    24.00   -11.00    13.00
2023  04  21  04  58  00    27.00   -13.00    14.00
2023  04  21  04  59  00    26.00   -13.00    13.00
2023  04  21  05  00  00    24.00   -12.00    12.00
2023  04  21  05  01  00    29.00   -16.00    13.00
2023  04  21  05  02  00    39.00   -22.00    17.00
2023  04  21  05  03  00    38.00   -20.00    18.00
2023  04  21  05  04  00    34.00   -21.00    13.00
2023  04  21  05  05  00    30.00   -18.00    12.00
2023  04  21  05  06  00    30.00   -18.00    12.00
2023  04  21  05  07  00    27.00   -17.00    10.00
2023  04  21  05  08  00    28.00   -18.00    10.00
2023  04  21  05  09  00    29.00   -15.00    14.00
2023  04  21  05  10  00    27.00   -15.00    12.00
2023  04  21  05  11  00    27.00   -18.00     9.00
2023  04  21  05  12  00    30.00   -21.00     9.00
2023  04  21  05  13  00    28.00   -20.00     8.00
2023  04  21  05  14  00    28.00   -16.00    12.00
2023  04  21  05  15  00    28.00   -16.00    12.00
2023  04  21  05  16  00    26.00   -17.00     9.00
2023  04  21  05  17  00    27.00   -18.00     9.00
2023  04  21  05  18  00    26.00   -18.00     8.00
2023  04  21  05  19  00    27.00   -18.00     9.00
2023  04  21  05  20  00    29.00   -19.00    10.00
2023  04  21  05  21  00    33.00   -22.00    11.00
2023  04  21  05  22  00    33.00   -23.00    10.00
2023  04  21  05  23  00    33.00   -24.00     9.00
2023  04  21  05  24  00    31.00   -23.00     8.00
2023  04  21  05  25  00    28.00   -20.00     8.00
2023  04  21  05  26  00    26.00   -18.00     8.00
2023  04  21  05  27  00    25.00   -17.00     8.00
2023  04  21  05  28  00    28.00   -20.00     8.00
2023  04  21  05  29  00    32.00   -22.00    10.00
2023  04  21  05  30  00    36.00   -25.00    11.00
2023  04  21  05  31  00    33.00   -23.00    10.00
2023  04  21  05  32  00    32.00   -22.00    10.00
2023  04  21  05  33  00    31.00   -21.00    10.00
2023  04  21  05  34  00    31.00   -20.00    11.00
2023  04  21  05  35  00    31.00   -21.00    10.00
2023  04  21  05  36  00    33.00   -23.00    10.00
2023  04  21  05  37  00    36.00   -26.00    10.00
2023  04  21  05  38  00    37.00   -27.00    10.00
2023  04  21  05  39  00    36.00   -26.00    10.00
2023  04  21  05  40  00    34.00   -25.00     9.00
2023  04  21  05  41  00    31.00   -22.00     9.00
2023  04  21  05  42  00    30.00   -20.00    10.00
2023  04  21  05  43  00    29.00   -19.00    10.00
2023  04  21  05  44  00    31.00   -20.00    11.00
2023  04  21  05  45  00    32.00   -22.00    10.00
2023  04  21  05  46  00    36.00   -26.00    10.00
2023  04  21  05  47  00    38.00   -27.00    11.00
2023  04  21  05  48  00    34.00   -24.00    10.00
2023  04  21  05  49  00    29.00   -19.00    10.00
2023  04  21  05  50  00    25.00   -16.00     9.00
2023  04  21  05  51  00    24.00   -14.00    10.00
2023  04  21  05  52  00    24.00   -15.00     9.00
2023  04  21  05  53  00    26.00   -19.00     7.00
2023  04  21  05  54  00    28.00   -20.00     8.00
2023  04  21  05  55  00    28.00   -19.00     9.00
2023  04  21  05  56  00    29.00   -19.00    10.00
2023  04  21  05  57  00    31.00   -20.00    11.00
2023  04  21  05  58  00    29.00   -18.00    11.00
2023  04  21  05  59  00    26.00   -16.00    10.00
2023  04  21  06  00  00    28.00   -17.00    11.00
2023  04  21  06  01  00    28.00   -17.00    11.00
2023  04  21  06  02  00    25.00   -14.00    11.00
2023  04  21  06  03  00    23.00   -13.00    10.00
2023  04  21  06  04  00    24.00   -14.00    10.00
2023  04  21  06  05  00    27.00   -16.00    11.00
2023  04  21  06  06  00    32.00   -18.00    14.00
2023  04  21  06  07  00    30.00   -15.00    15.00
2023  04  21  06  08  00    29.00   -14.00    15.00
2023  04  21  06  09  00    27.00   -12.00    15.00
2023  04  21  06  10  00    28.00   -13.00    15.00
2023  04  21  06  11  00    32.00   -15.00    17.00
2023  04  21  06  12  00    37.00   -16.00    21.00
2023  04  21  06  13  00    41.00   -17.00    24.00
2023  04  21  06  14  00    39.00   -15.00    24.00
2023  04  21  06  15  00    38.00   -12.00    26.00
2023  04  21  06  16  00    40.00   -12.00    28.00
2023  04  21  06  17  00    43.00   -11.00    32.00
2023  04  21  06  18  00    46.00   -12.00    34.00
2023  04  21  06  19  00    45.00   -13.00    32.00
2023  04  21  06  20  00    43.00   -13.00    30.00
2023  04  21  06  21  00    43.00   -14.00    29.00
2023  04  21  06  22  00    43.00   -14.00    29.00
2023  04  21  06  23  00    45.00   -13.00    32.00
2023  04  21  06  24  00    44.00   -11.00    33.00
2023  04  21  06  25  00    46.00   -11.00    35.00
2023  04  21  06  26  00    47.00   -10.00    37.00
2023  04  21  06  27  00    47.00    -9.00    38.00
2023  04  21  06  28  00    47.00    -8.00    39.00
2023  04  21  06  29  00    48.00    -9.00    39.00
2023  04  21  06  30  00    51.00   -10.00    41.00
2023  04  21  06  31  00    53.00   -11.00    42.00
2023  04  21  06  32  00    53.00   -11.00    42.00
2023  04  21  06  33  00    51.00    -9.00    42.00
2023  04  21  06  34  00    51.00    -8.00    43.00
2023  04  21  06  35  00    53.00    -9.00    44.00
2023  04  21  06  36  00    56.00   -11.00    45.00
2023  04  21  06  37  00    60.00   -13.00    47.00
2023  04  21  06  38  00    64.00   -15.00    49.00
2023  04  21  06  39  00    68.00   -15.00    53.00
2023  04  21  06  40  00    69.00   -14.00    55.00
2023  04  21  06  41  00    71.00   -15.00    56.00
2023  04  21  06  42  00    72.00   -15.00    57.00
2023  04  21  06  43  00    70.00   -14.00    56.00
2023  04  21  06  44  00    69.00   -14.00    55.00
2023  04  21  06  45  00    71.00   -15.00    56.00
2023  04  21  06  46  00    73.00   -15.00    58.00
2023  04  21  06  47  00    75.00   -16.00    59.00
2023  04  21  06  48  00    79.00   -17.00    62.00
2023  04  21  06  49  00    80.00   -15.00    65.00
2023  04  21  06  50  00    79.00   -14.00    65.00
2023  04  21  06  51  00    77.00   -12.00    65.00
2023  04  21  06  52  00    77.00   -11.00    66.00
2023  04  21  06  53  00    81.00   -13.00    68.00
2023  04  21  06  54  00    88.00   -17.00    71.00
2023  04  21  06  55  00    90.00   -19.00    71.00
2023  04  21  06  56  00    89.00   -18.00    71.00
2023  04  21  06  57  00    91.00   -19.00    72.00
2023  04  21  06  58  00    96.00   -23.00    73.00
2023  04  21  06  59  00    91.00   -21.00    70.00
2023  04  21  07  00  00    87.00   -21.00    66.00
2023  04  21  07  01  00    82.00   -18.00    64.00
2023  04  21  07  02  00    82.00   -19.00    63.00
2023  04  21  07  03  00    84.00   -21.00    63.00
2023  04  21  07  04  00    83.00   -22.00    61.00
2023  04  21  07  05  00    85.00   -23.00    62.00
2023  04  21  07  06  00    88.00   -23.00    65.00
2023  04  21  07  07  00    89.00   -22.00    67.00
2023  04  21  07  08  00    85.00   -18.00    67.00
2023  04  21  07  09  00    82.00   -15.00    67.00
2023  04  21  07  10  00    80.00   -13.00    67.00
2023  04  21  07  11  00    83.00   -16.00    67.00
2023  04  21  07  12  00    88.00   -23.00    65.00
2023  04  21  07  13  00    83.00   -20.00    63.00
2023  04  21  07  14  00    83.00   -21.00    62.00
2023  04  21  07  15  00   103.00   -38.00    65.00
2023  04  21  07  16  00   104.00   -34.00    70.00
2023  04  21  07  17  00   113.00   -39.00    74.00
2023  04  21  07  18  00   113.00   -39.00    74.00
2023  04  21  07  19  00   105.00   -34.00    71.00
2023  04  21  07  20  00   104.00   -32.00    72.00
2023  04  21  07  21  00   104.00   -31.00    73.00
2023  04  21  07  22  00   105.00   -31.00    74.00
2023  04  21  07  23  00   110.00   -36.00    74.00
2023  04  21  07  24  00   107.00   -33.00    74.00
2023  04  21  07  25  00   104.00   -29.00    75.00
2023  04  21  07  26  00    99.00   -24.00    75.00
2023  04  21  07  27  00    94.00   -20.00    74.00
2023  04  21  07  28  00    93.00   -21.00    72.00
2023  04  21  07  29  00    93.00   -21.00    72.00
2023  04  21  07  30  00   105.00   -29.00    76.00
2023  04  21  07  31  00   108.00   -30.00    78.00
2023  04  21  07  32  00   102.00   -26.00    76.00
2023  04  21  07  33  00    98.00   -22.00    76.00
2023  04  21  07  34  00    99.00   -24.00    75.00
2023  04  21  07  35  00   101.00   -27.00    74.00
2023  04  21  07  36  00   100.00   -27.00    73.00
2023  04  21  07  37  00   101.00   -30.00    71.00
2023  04  21  07  38  00   100.00   -32.00    68.00
2023  04  21  07  39  00    97.00   -31.00    66.00
2023  04  21  07  40  00   102.00   -35.00    67.00
2023  04  21  07  41  00   105.00   -38.00    67.00
2023  04  21  07  42  00   106.00   -41.00    65.00
2023  04  21  07  43  00   102.00   -40.00    62.00
2023  04  21  07  44  00    98.00   -35.00    63.00
2023  04  21  07  45  00    90.00   -27.00    63.00
2023  04  21  07  46  00    85.00   -23.00    62.00
2023  04  21  07  47  00    84.00   -25.00    59.00
2023  04  21  07  48  00    88.00   -32.00    56.00
2023  04  21  07  49  00    86.00   -33.00    53.00
2023  04  21  07  50  00    86.00   -35.00    51.00
2023  04  21  07  51  00    88.00   -38.00    50.00
2023  04  21  07  54  00    87.00   -37.00    50.00
2023  04  21  07  55  00    83.00   -35.00    48.00
2023  04  21  07  56  00    80.00   -31.00    49.00
2023  04  21  07  57  00    81.00   -31.00    50.00
2023  04  21  07  58  00    83.00   -33.00    50.00
2023  04  21  07  59  00    80.00   -30.00    50.00
2023  04  21  08  00  00    84.00   -29.00    55.00
2023  04  21  08  01  00    90.00   -30.00    60.00
2023  04  21  08  02  00    96.00   -36.00    60.00
2023  04  21  08  03  00   115.00   -52.00    63.00
2023  04  21  08  04  00   131.00   -67.00    64.00
2023  04  21  08  05  00   137.00   -73.00    64.00
2023  04  21  08  06  00   132.00   -68.00    64.00
2023  04  21  08  07  00   120.00   -57.00    63.00
2023  04  21  08  08  00   111.00   -48.00    63.00
2023  04  21  08  10  00   147.00   -86.00    61.00
2023  04  21  08  11  00   155.00   -94.00    61.00
2023  04  21  08  12  00   140.00   -78.00    62.00
2023  04  21  08  13  00   126.00   -63.00    63.00
2023  04  21  08  14  00   122.00   -57.00    65.00
2023  04  21  08  15  00   117.00   -52.00    65.00
2023  04  21  08  16  00   114.00   -47.00    67.00
2023  04  21  08  17  00   110.00   -39.00    71.00
2023  04  21  08  18  00   102.00   -32.00    70.00
2023  04  21  08  19  00   106.00   -32.00    74.00
2023  04  21  08  20  00   111.00   -35.00    76.00
2023  04  21  08  21  00   119.00   -40.00    79.00
2023  04  21  08  22  00   119.00   -41.00    78.00
2023  04  21  08  23  00   107.00   -32.00    75.00
2023  04  21  08  24  00   106.00   -30.00    76.00
2023  04  21  08  25  00   109.00   -32.00    77.00
2023  04  21  08  26  00   113.00   -33.00    80.00
2023  04  21  08  27  00   123.00   -33.00    90.00
2023  04  21  08  28  00   127.00   -35.00    92.00
2023  04  21  08  29  00   136.00   -40.00    96.00
2023  04  21  08  30  00   143.00   -41.00   102.00
2023  04  21  08  31  00   143.00   -41.00   102.00
2023  04  21  08  32  00   148.00   -44.00   104.00
2023  04  21  08  33  00   151.00   -49.00   102.00
2023  04  21  08  34  00   148.00   -49.00    99.00
2023  04  21  08  35  00   144.00   -49.00    95.00
2023  04  21  08  36  00   152.00   -61.00    91.00
2023  04  21  08  37  00   161.00   -72.00    89.00
2023  04  21  08  38  00   143.00   -54.00    89.00
2023  04  21  08  39  00   147.00   -53.00    94.00
2023  04  21  08  40  00   148.00   -51.00    97.00
2023  04  21  08  41  00   145.00   -44.00   101.00
2023  04  21  08  42  00   145.00   -44.00   101.00
2023  04  21  08  43  00   159.00   -57.00   102.00
2023  04  21  08  44  00   160.00   -57.00   103.00
2023  04  21  08  45  00   155.00   -51.00   104.00
2023  04  21  08  46  00   149.00   -48.00   101.00
2023  04  21  08  47  00   150.00   -51.00    99.00
2023  04  21  08  48  00   146.00   -51.00    95.00
2023  04  21  08  49  00   169.00   -73.00    96.00
2023  04  21  08  50  00   172.00   -73.00    99.00
2023  04  21  08  51  00   164.00   -65.00    99.00
2023  04  21  08  52  00   153.00   -51.00   102.00
2023  04  21  08  53  00   154.00   -49.00   105.00
2023  04  21  08  54  00   160.00   -52.00   108.00
2023  04  21  08  55  00   161.00   -51.00   110.00
2023  04  21  08  56  00   162.00   -49.00   113.00
2023  04  21  08  57  00   164.00   -47.00   117.00
2023  04  21  08  58  00   158.00   -40.00   118.00
2023  04  21  08  59  00   161.00   -43.00   118.00
2023  04  21  09  00  00   168.00   -49.00   119.00
2023  04  21  09  01  00   179.00   -59.00   120.00
2023  04  21  09  02  00   189.00   -69.00   120.00
2023  04  21  09  03  00   191.00   -73.00   118.00
2023  04  21  09  04  00   193.00   -75.00   118.00
2023  04  21  09  05  00   191.00   -72.00   119.00
2023  04  21  09  06  00   188.00   -68.00   120.00
2023  04  21  09  07  00   205.00   -73.00   132.00
2023  04  21  09  08  00   206.00   -76.00   130.00
2023  04  21  09  09  00   194.00   -73.00   121.00
2023  04  21  09  10  00   186.00   -68.00   118.00
2023  04  21  09  11  00   179.00   -61.00   118.00
2023  04  21  09  12  00   165.00   -52.00   113.00
2023  04  21  09  13  00   156.00   -46.00   110.00
2023  04  21  09  14  00   160.00   -50.00   110.00
2023  04  21  09  15  00   159.00   -50.00   109.00
2023  04  21  09  16  00   156.00   -46.00   110.00
2023  04  21  09  17  00   154.00   -43.00   111.00
2023  04  21  09  18  00   149.00   -38.00   111.00
2023  04  21  09  19  00   155.00   -39.00   116.00
2023  04  21  09  20  00   150.00   -42.00   108.00
2023  04  21  09  21  00   150.00   -45.00   105.00
2023  04  21  09  22  00   144.00   -43.00   101.00
2023  04  21  09  23  00   139.00   -40.00    99.00
2023  04  21  09  24  00   135.00   -42.00    93.00
2023  04  21  09  25  00   130.00   -41.00    89.00
2023  04  21  09  26  00   134.00   -47.00    87.00
2023  04  21  09  27  00   132.00   -46.00    86.00
2023  04  21  09  28  00   131.00   -46.00    85.00
2023  04  21  09  29  00   129.00   -46.00    83.00
2023  04  21  09  30  00   132.00   -52.00    80.00
2023  04  21  09  31  00   130.00   -51.00    79.00
2023  04  21  09  32  00   127.00   -50.00    77.00
2023  04  21  09  33  00   136.00   -60.00    76.00
2023  04  21  09  34  00   155.00   -80.00    75.00
2023  04  21  09  35  00   145.00   -72.00    73.00
2023  04  21  09  36  00   135.00   -61.00    74.00
2023  04  21  09  37  00   131.00   -58.00    73.00
2023  04  21  09  38  00   125.00   -52.00    73.00
2023  04  21  09  39  00   123.00   -51.00    72.00
2023  04  21  09  40  00   120.00   -48.00    72.00
2023  04  21  09  41  00   121.00   -47.00    74.00
2023  04  21  09  42  00   122.00   -47.00    75.00
2023  04  21  09  43  00   123.00   -46.00    77.00
2023  04  21  09  44  00   133.00   -54.00    79.00
2023  04  21  09  45  00   135.00   -56.00    79.00
2023  04  21  09  46  00   127.00   -48.00    79.00
2023  04  21  09  47  00   123.00   -43.00    80.00
2023  04  21  09  48  00   121.00   -40.00    81.00
2023  04  21  09  49  00   122.00   -37.00    85.00
2023  04  21  09  50  00   122.00   -34.00    88.00
2023  04  21  09  51  00   121.00   -28.00    93.00
2023  04  21  09  52  00   125.00   -27.00    98.00
2023  04  21  09  53  00   134.00   -31.00   103.00
2023  04  21  09  54  00   142.00   -35.00   107.00
2023  04  21  09  55  00   141.00   -31.00   110.00
2023  04  21  09  56  00   137.00   -25.00   112.00
2023  04  21  09  57  00   144.00   -29.00   115.00
2023  04  21  09  58  00   146.00   -29.00   117.00
2023  04  21  09  59  00   147.00   -28.00   119.00
2023  04  21  10  00  00   151.00   -31.00   120.00
2023  04  21  10  01  00   154.00   -33.00   121.00
2023  04  21  10  02  00   153.00   -33.00   120.00
2023  04  21  10  03  00   148.00   -30.00   118.00
2023  04  21  10  04  00   152.00   -29.00   123.00
2023  04  21  10  05  00   153.00   -29.00   124.00
2023  04  21  10  06  00   152.00   -29.00   123.00
2023  04  21  10  07  00   155.00   -28.00   127.00
2023  04  21  10  08  00   165.00   -37.00   128.00
2023  04  21  10  09  00   179.00   -47.00   132.00
2023  04  21  10  10  00   186.00   -54.00   132.00
2023  04  21  10  11  00   188.00   -55.00   133.00
2023  04  21  10  12  00   193.00   -57.00   136.00
2023  04  21  10  13  00   197.00   -60.00   137.00
2023  04  21  10  14  00   226.00   -87.00   139.00
2023  04  21  10  15  00   288.00  -147.00   141.00
2023  04  21  10  16  00   252.00  -100.00   152.00
2023  04  21  10  17  00   275.00  -101.00   174.00
2023  04  21  10  18  00   298.00  -122.00   176.00
2023  04  21  10  19  00   279.00   -99.00   180.00
2023  04  21  10  20  00   263.00   -78.00   185.00
2023  04  21  10  21  00   281.00   -91.00   190.00
2023  04  21  10  22  00   340.00  -150.00   190.00
2023  04  21  10  23  00   393.00  -201.00   192.00
2023  04  21  10  24  00   418.00  -214.00   204.00
2023  04  21  10  25  00   469.00  -260.00   209.00
2023  04  21  10  26  00   441.00  -230.00   211.00
2023  04  21  10  27  00   501.00  -290.00   211.00
2023  04  21  10  28  00   521.00  -308.00   213.00
2023  04  21  10  29  00   549.00  -326.00   223.00
2023  04  21  10  30  00   566.00  -338.00   228.00
2023  04  21  10  31  00   598.00  -374.00   224.00
2023  04  21  10  32  00   593.00  -372.00   221.00
2023  04  21  10  33  00   593.00  -376.00   217.00
2023  04  21  10  34  00   586.00  -374.00   212.00
2023  04  21  10  35  00   593.00  -381.00   212.00
2023  04  21  10  36  00   591.00  -371.00   220.00
2023  04  21  10  37  00   594.00  -365.00   229.00
2023  04  21  10  38  00   612.00  -380.00   232.00
2023  04  21  10  39  00   613.00  -377.00   236.00
2023  04  21  10  40  00   580.00  -354.00   226.00
2023  04  21  10  41  00   559.00  -337.00   222.00
2023  04  21  10  42  00   553.00  -330.00   223.00
2023  04  21  10  43  00   530.00  -311.00   219.00
2023  04  21  10  44  00   501.00  -285.00   216.00
2023  04  21  10  45  00   532.00  -300.00   232.00
2023  04  21  10  46  00   530.00  -288.00   242.00
2023  04  21  10  47  00   540.00  -300.00   240.00
2023  04  21  10  48  00   530.00  -297.00   233.00
2023  04  21  10  49  00   519.00  -298.00   221.00
2023  04  21  10  50  00   486.00  -273.00   213.00
2023  04  21  10  51  00   451.00  -252.00   199.00
2023  04  21  10  52  00   420.00  -236.00   184.00
2023  04  21  10  53  00   407.00  -232.00   175.00
2023  04  21  10  54  00   388.00  -223.00   165.00
2023  04  21  10  55  00   369.00  -217.00   152.00
2023  04  21  10  56  00   338.00  -190.00   148.00
2023  04  21  10  57  00   328.00  -182.00   146.00
2023  04  21  10  58  00   319.00  -177.00   142.00
2023  04  21  10  59  00   293.00  -156.00   137.00
2023  04  21  11  00  00   274.00  -141.00   133.00
2023  04  21  11  01  00   258.00  -129.00   129.00
2023  04  21  11  02  00   250.00  -130.00   120.00
2023  04  21  11  03  00   238.00  -121.00   117.00
2023  04  21  11  04  00   225.00  -109.00   116.00
2023  04  21  11  05  00   213.00  -101.00   112.00
2023  04  21  11  06  00   217.00  -108.00   109.00
2023  04  21  11  07  00   213.00  -105.00   108.00
2023  04  21  11  08  00   217.00  -107.00   110.00
2023  04  21  11  09  00   230.00  -107.00   123.00
2023  04  21  11  10  00   224.00  -100.00   124.00
2023  04  21  11  11  00   217.00   -97.00   120.00
2023  04  21  11  12  00   219.00  -101.00   118.00
2023  04  21  11  13  00   219.00  -101.00   118.00
2023  04  21  11  14  00   217.00   -98.00   119.00
2023  04  21  11  15  00   196.00   -80.00   116.00
2023  04  21  11  16  00   185.00   -76.00   109.00
2023  04  21  11  17  00   188.00   -82.00   106.00
2023  04  21  11  18  00   177.00   -74.00   103.00
2023  04  21  11  19  00   159.00   -59.00   100.00
2023  04  21  11  20  00   144.00   -42.00   102.00
2023  04  21  11  21  00   147.00   -43.00   104.00
2023  04  21  11  22  00   151.00   -50.00   101.00
2023  04  21  11  23  00   155.00   -56.00    99.00
2023  04  21  11  24  00   164.00   -62.00   102.00
2023  04  21  11  25  00   162.00   -60.00   102.00
2023  04  21  11  26  00   190.00   -90.00   100.00
2023  04  21  11  27  00   195.00   -96.00    99.00
2023  04  21  11  28  00   171.00   -73.00    98.00
2023  04  21  11  29  00   182.00   -84.00    98.00
2023  04  21  11  30  00   178.00   -82.00    96.00
2023  04  21  11  31  00   163.00   -68.00    95.00
2023  04  21  11  32  00   143.00   -50.00    93.00
2023  04  21  11  33  00   144.00   -54.00    90.00
2023  04  21  11  34  00   151.00   -57.00    94.00
2023  04  21  11  35  00   153.00   -55.00    98.00
2023  04  21  11  36  00   146.00   -53.00    93.00
2023  04  21  11  37  00   143.00   -53.00    90.00
2023  04  21  11  38  00   144.00   -53.00    91.00
2023  04  21  11  39  00   136.00   -46.00    90.00
2023  04  21  11  40  00   129.00   -43.00    86.00
2023  04  21  11  41  00   120.00   -38.00    82.00
2023  04  21  11  42  00   114.00   -36.00    78.00
2023  04  21  11  43  00   110.00   -40.00    70.00
2023  04  21  11  44  00   110.00   -44.00    66.00
2023  04  21  11  45  00    98.00   -35.00    63.00
2023  04  21  11  46  00    90.00   -26.00    64.00
2023  04  21  11  47  00    98.00   -32.00    66.00
2023  04  21  11  48  00   103.00   -36.00    67.00
2023  04  21  11  49  00    99.00   -33.00    66.00
2023  04  21  11  50  00    96.00   -30.00    66.00
2023  04  21  11  51  00    95.00   -28.00    67.00
2023  04  21  11  52  00    96.00   -26.00    70.00
2023  04  21  11  53  00   101.00   -28.00    73.00
2023  04  21  11  54  00    98.00   -27.00    71.00
2023  04  21  11  55  00    91.00   -24.00    67.00
2023  04  21  11  56  00    91.00   -26.00    65.00
2023  04  21  11  57  00    91.00   -27.00    64.00
2023  04  21  11  58  00    89.00   -28.00    61.00
2023  04  21  11  59  00    86.00   -27.00    59.00
2023  04  21  12  00  00    80.00   -24.00    56.00
2023  04  21  12  01  00    75.00   -22.00    53.00
2023  04  21  12  02  00    68.00   -16.00    52.00
2023  04  21  12  03  00    69.00   -19.00    50.00
2023  04  21  12  04  00    71.00   -23.00    48.00
2023  04  21  12  05  00    73.00   -26.00    47.00
2023  04  21  12  06  00    76.00   -30.00    46.00
2023  04  21  12  07  00    78.00   -35.00    43.00
2023  04  21  12  08  00    79.00   -39.00    40.00
2023  04  21  12  09  00    65.00   -27.00    38.00
2023  04  21  12  10  00    67.00   -26.00    41.00
2023  04  21  12  11  00    70.00   -27.00    43.00
2023  04  21  12  12  00    69.00   -27.00    42.00
2023  04  21  12  13  00    72.00   -30.00    42.00
2023  04  21  12  14  00    74.00   -32.00    42.00
2023  04  21  12  15  00    73.00   -33.00    40.00
2023  04  21  12  16  00    70.00   -32.00    38.00
2023  04  21  12  17  00    68.00   -30.00    38.00
2023  04  21  12  18  00    63.00   -25.00    38.00
2023  04  21  12  19  00    61.00   -23.00    38.00
2023  04  21  12  20  00    63.00   -26.00    37.00
2023  04  21  12  21  00    61.00   -27.00    34.00
2023  04  21  12  22  00    51.00   -19.00    32.00
2023  04  21  12  23  00    53.00   -21.00    32.00
2023  04  21  12  24  00    54.00   -23.00    31.00
2023  04  21  12  25  00    50.00   -21.00    29.00
2023  04  21  12  26  00    48.00   -20.00    28.00
2023  04  21  12  27  00    47.00   -18.00    29.00
2023  04  21  12  28  00    47.00   -18.00    29.00
2023  04  21  12  29  00    49.00   -19.00    30.00
2023  04  21  12  30  00    50.00   -21.00    29.00
2023  04  21  12  31  00    49.00   -20.00    29.00
2023  04  21  12  32  00    50.00   -20.00    30.00
2023  04  21  12  33  00    55.00   -25.00    30.00
2023  04  21  12  34  00    61.00   -30.00    31.00
2023  04  21  12  35  00    63.00   -33.00    30.00
2023  04  21  12  36  00    60.00   -32.00    28.00
2023  04  21  12  37  00    57.00   -30.00    27.00
2023  04  21  12  38  00    50.00   -23.00    27.00
2023  04  21  12  39  00    50.00   -25.00    25.00
2023  04  21  12  40  00    48.00   -23.00    25.00
2023  04  21  12  41  00    48.00   -24.00    24.00
2023  04  21  12  42  00    49.00   -25.00    24.00
2023  04  21  12  43  00    51.00   -27.00    24.00
2023  04  21  12  44  00    53.00   -29.00    24.00
2023  04  21  12  45  00    55.00   -31.00    24.00
2023  04  21  12  46  00    54.00   -31.00    23.00
2023  04  21  12  47  00    50.00   -28.00    22.00
2023  04  21  12  48  00    49.00   -26.00    23.00
2023  04  21  12  49  00    50.00   -27.00    23.00
2023  04  21  12  50  00    51.00   -28.00    23.00
2023  04  21  12  51  00    52.00   -29.00    23.00
2023  04  21  12  52  00    53.00   -30.00    23.00
2023  04  21  12  53  00    52.00   -30.00    22.00
2023  04  21  12  54  00    51.00   -31.00    20.00
2023  04  21  12  55  00    49.00   -29.00    20.00
2023  04  21  12  56  00    49.00   -28.00    21.00
2023  04  21  12  57  00    50.00   -28.00    22.00
2023  04  21  12  58  00    51.00   -29.00    22.00
2023  04  21  12  59  00    51.00   -30.00    21.00
2023  04  21  13  00  00    51.00   -30.00    21.00
2023  04  21  13  01  00    52.00   -31.00    21.00
2023  04  21  13  02  00    54.00   -33.00    21.00
2023  04  21  13  03  00    56.00   -33.00    23.00
2023  04  21  13  04  00    55.00   -31.00    24.00
2023  04  21  13  05  00    55.00   -31.00    24.00
2023  04  21  13  06  00    55.00   -30.00    25.00
2023  04  21  13  07  00    54.00   -29.00    25.00
2023  04  21  13  08  00    55.00   -29.00    26.00
2023  04  21  13  09  00    54.00   -30.00    24.00
2023  04  21  13  10  00    53.00   -31.00    22.00
2023  04  21  13  11  00    52.00   -30.00    22.00
2023  04  21  13  12  00    52.00   -30.00    22.00
2023  04  21  13  13  00    54.00   -31.00    23.00
2023  04  21  13  14  00    50.00   -29.00    21.00
2023  04  21  13  15  00    50.00   -30.00    20.00
2023  04  21  13  16  00    48.00   -31.00    17.00
2023  04  21  13  17  00    49.00   -32.00    17.00
2023  04  21  13  18  00    48.00   -32.00    16.00
2023  04  21  13  19  00    48.00   -32.00    16.00
2023  04  21  13  20  00    48.00   -32.00    16.00
2023  04  21  13  21  00    48.00   -32.00    16.00
2023  04  21  13  22  00    48.00   -31.00    17.00
2023  04  21  13  23  00    49.00   -31.00    18.00
2023  04  21  13  24  00    48.00   -30.00    18.00
2023  04  21  13  25  00    47.00   -29.00    18.00
2023  04  21  13  26  00    47.00   -29.00    18.00
2023  04  21  13  27  00    48.00   -31.00    17.00
2023  04  21  13  28  00    48.00   -32.00    16.00
2023  04  21  13  29  00    46.00   -31.00    15.00
2023  04  21  13  30  00    45.00   -31.00    14.00
2023  04  21  13  31  00    44.00   -31.00    13.00
2023  04  21  13  32  00    47.00   -32.00    15.00
2023  04  21  13  33  00    48.00   -32.00    16.00
2023  04  21  13  34  00    48.00   -32.00    16.00
2023  04  21  13  35  00    47.00   -32.00    15.00
2023  04  21  13  36  00    45.00   -31.00    14.00
2023  04  21  13  37  00    46.00   -31.00    15.00
2023  04  21  13  38  00    48.00   -33.00    15.00
2023  04  21  13  39  00    51.00   -34.00    17.00
2023  04  21  13  40  00    51.00   -34.00    17.00
2023  04  21  13  41  00    48.00   -31.00    17.00
2023  04  21  13  42  00    49.00   -31.00    18.00
2023  04  21  13  43  00    50.00   -32.00    18.00
2023  04  21  13  44  00    50.00   -32.00    18.00
2023  04  21  13  45  00    51.00   -34.00    17.00
2023  04  21  13  46  00    52.00   -34.00    18.00
2023  04  21  13  47  00    53.00   -35.00    18.00
2023  04  21  13  48  00    52.00   -35.00    17.00
2023  04  21  13  49  00    53.00   -34.00    19.00
2023  04  21  13  50  00    54.00   -33.00    21.00
2023  04  21  13  51  00    57.00   -34.00    23.00
2023  04  21  13  52  00    60.00   -36.00    24.00
2023  04  21  13  53  00    59.00   -36.00    23.00
2023  04  21  13  54  00    58.00   -36.00    22.00
2023  04  21  13  55  00    56.00   -36.00    20.00
2023  04  21  13  56  00    56.00   -35.00    21.00
2023  04  21  13  57  00    57.00   -35.00    22.00
2023  04  21  13  58  00    57.00   -34.00    23.00
2023  04  21  13  59  00    57.00   -33.00    24.00
2023  04  21  14  00  00    58.00   -34.00    24.00
2023  04  21  14  01  00    60.00   -35.00    25.00
2023  04  21  14  02  00    59.00   -34.00    25.00
2023  04  21  14  03  00    60.00   -34.00    26.00
2023  04  21  14  04  00    60.00   -34.00    26.00
2023  04  21  14  05  00    61.00   -35.00    26.00
2023  04  21  14  06  00    59.00   -33.00    26.00
2023  04  21  14  07  00    59.00   -33.00    26.00
2023  04  21  14  08  00    62.00   -35.00    27.00
2023  04  21  14  09  00    63.00   -37.00    26.00
2023  04  21  14  10  00    61.00   -36.00    25.00
2023  04  21  14  11  00    58.00   -33.00    25.00
2023  04  21  14  12  00    58.00   -33.00    25.00
2023  04  21  14  13  00    60.00   -35.00    25.00
2023  04  21  14  14  00    61.00   -36.00    25.00
2023  04  21  14  15  00    59.00   -35.00    24.00
2023  04  21  14  16  00    58.00   -34.00    24.00
2023  04  21  14  17  00    57.00   -33.00    24.00
2023  04  21  14  18  00    55.00   -31.00    24.00
2023  04  21  14  19  00    55.00   -31.00    24.00
2023  04  21  14  20  00    56.00   -31.00    25.00
2023  04  21  14  21  00    56.00   -31.00    25.00
2023  04  21  14  22  00    58.00   -32.00    26.00
2023  04  21  14  23  00    55.00   -29.00    26.00
2023  04  21  14  24  00    53.00   -28.00    25.00
2023  04  21  14  25  00    58.00   -33.00    25.00
2023  04  21  14  26  00    62.00   -37.00    25.00
2023  04  21  14  27  00    64.00   -40.00    24.00
2023  04  21  14  28  00    61.00   -38.00    23.00
2023  04  21  14  29  00    60.00   -37.00    23.00
2023  04  21  14  30  00    61.00   -39.00    22.00
2023  04  21  14  31  00    65.00   -44.00    21.00
2023  04  21  14  32  00    71.00   -50.00    21.00
2023  04  21  14  33  00    74.00   -54.00    20.00
2023  04  21  14  34  00    77.00   -57.00    20.00
2023  04  21  14  35  00    75.00   -54.00    21.00
2023  04  21  14  36  00    70.00   -49.00    21.00
2023  04  21  14  37  00    66.00   -44.00    22.00
2023  04  21  14  38  00    61.00   -38.00    23.00
2023  04  21  14  39  00    60.00   -36.00    24.00
2023  04  21  14  40  00    62.00   -38.00    24.00
2023  04  21  14  41  00    64.00   -41.00    23.00
2023  04  21  14  42  00    65.00   -41.00    24.00
2023  04  21  14  43  00    70.00   -43.00    27.00
2023  04  21  14  44  00    74.00   -44.00    30.00
2023  04  21  14  45  00    79.00   -46.00    33.00
2023  04  21  14  46  00    82.00   -47.00    35.00
2023  04  21  14  47  00    83.00   -47.00    36.00
2023  04  21  14  48  00    87.00   -48.00    39.00
2023  04  21  14  49  00    91.00   -51.00    40.00
2023  04  21  14  50  00    93.00   -52.00    41.00
2023  04  21  14  51  00    92.00   -50.00    42.00
2023  04  21  14  52  00    93.00   -51.00    42.00
2023  04  21  14  53  00    94.00   -51.00    43.00
2023  04  21  14  54  00    96.00   -52.00    44.00
2023  04  21  14  55  00    99.00   -53.00    46.00
2023  04  21  14  56  00   104.00   -56.00    48.00
2023  04  21  14  57  00   108.00   -58.00    50.00
2023  04  21  14  58  00   111.00   -59.00    52.00
2023  04  21  14  59  00   114.00   -60.00    54.00
2023  04  21  15  00  00   122.00   -63.00    59.00
2023  04  21  15  01  00   128.00   -65.00    63.00
2023  04  21  15  02  00   134.00   -66.00    68.00
2023  04  21  15  03  00   134.00   -65.00    69.00
2023  04  21  15  04  00   139.00   -67.00    72.00
2023  04  21  15  05  00   142.00   -67.00    75.00
2023  04  21  15  06  00   143.00   -65.00    78.00
2023  04  21  15  07  00   141.00   -63.00    78.00
2023  04  21  15  08  00   140.00   -64.00    76.00
2023  04  21  15  09  00   144.00   -68.00    76.00
2023  04  21  15  10  00   155.00   -74.00    81.00
2023  04  21  15  11  00   158.00   -73.00    85.00
2023  04  21  15  12  00   152.00   -68.00    84.00
2023  04  21  15  13  00   149.00   -67.00    82.00
2023  04  21  15  14  00   151.00   -66.00    85.00
2023  04  21  15  15  00   146.00   -63.00    83.00
2023  04  21  15  16  00   153.00   -71.00    82.00
2023  04  21  15  17  00   163.00   -78.00    85.00
2023  04  21  15  18  00   168.00   -81.00    87.00
2023  04  21  15  19  00   169.00   -78.00    91.00
2023  04  21  15  20  00   169.00   -78.00    91.00
2023  04  21  15  21  00   163.00   -74.00    89.00
2023  04  21  15  22  00   167.00   -78.00    89.00
2023  04  21  15  23  00   167.00   -81.00    86.00
2023  04  21  15  24  00   175.00   -90.00    85.00
2023  04  21  15  25  00   209.00  -119.00    90.00
2023  04  21  15  26  00   207.00  -110.00    97.00
2023  04  21  15  27  00   237.00  -136.00   101.00
2023  04  21  15  28  00   238.00  -132.00   106.00
2023  04  21  15  29  00   269.00  -155.00   114.00
2023  04  21  15  30  00   239.00  -126.00   113.00
2023  04  21  15  31  00   220.00  -113.00   107.00
2023  04  21  15  32  00   201.00   -99.00   102.00
2023  04  21  15  33  00   204.00  -103.00   101.00
2023  04  21  15  34  00   205.00  -106.00    99.00
2023  04  21  15  35  00   212.00  -109.00   103.00
2023  04  21  15  36  00   224.00  -117.00   107.00
2023  04  21  15  37  00   232.00  -122.00   110.00
2023  04  21  15  38  00   236.00  -125.00   111.00
2023  04  21  15  39  00   245.00  -136.00   109.00
2023  04  21  15  40  00   252.00  -146.00   106.00
2023  04  21  15  41  00   252.00  -150.00   102.00
2023  04  21  15  42  00   251.00  -150.00   101.00
2023  04  21  15  43  00   254.00  -153.00   101.00
2023  04  21  15  44  00   257.00  -157.00   100.00
2023  04  21  15  45  00   268.00  -168.00   100.00
2023  04  21  15  46  00   270.00  -167.00   103.00
2023  04  21  15  47  00   279.00  -174.00   105.00
2023  04  21  15  48  00   280.00  -179.00   101.00
2023  04  21  15  49  00   265.00  -166.00    99.00
2023  04  21  15  50  00   278.00  -176.00   102.00
2023  04  21  15  51  00   282.00  -179.00   103.00
2023  04  21  15  52  00   274.00  -170.00   104.00
2023  04  21  15  53  00   271.00  -168.00   103.00
2023  04  21  15  54  00   266.00  -164.00   102.00
2023  04  21  15  55  00   267.00  -165.00   102.00
2023  04  21  15  56  00   276.00  -172.00   104.00
2023  04  21  15  57  00   271.00  -165.00   106.00
2023  04  21  15  58  00   279.00  -165.00   114.00
2023  04  21  15  59  00   287.00  -173.00   114.00
2023  04  21  16  00  00   288.00  -173.00   115.00
2023  04  21  16  01  00   274.00  -161.00   113.00
2023  04  21  16  02  00   283.00  -169.00   114.00
2023  04  21  16  03  00   283.00  -162.00   121.00
2023  04  21  16  04  00   284.00  -158.00   126.00
2023  04  21  16  05  00   285.00  -152.00   133.00
2023  04  21  16  06  00   288.00  -147.00   141.00
2023  04  21  16  07  00   286.00  -143.00   143.00
2023  04  21  16  09  00   264.00  -135.00   129.00
2023  04  21  16  11  00   254.00  -129.00   125.00
2023  04  21  16  13  00   441.00  -293.00   148.00
2023  04  21  16  14  00   511.00  -356.00   155.00
2023  04  21  16  36  00   485.00  -296.00   189.00
2023  04  21  16  37  00   506.00  -311.00   195.00
2023  04  21  16  38  00   513.00  -313.00   200.00
2023  04  21  16  39  00   538.00  -344.00   194.00
2023  04  21  16  40  00   513.00  -329.00   184.00
2023  04  21  16  41  00   556.00  -378.00   178.00
2023  04  21  16  42  00   564.00  -380.00   184.00
2023  04  21  16  43  00   560.00  -369.00   191.00
2023  04  21  16  44  00   561.00  -367.00   194.00
2023  04  21  16  45  00   570.00  -374.00   196.00
2023  04  21  16  46  00   558.00  -367.00   191.00
2023  04  21  16  47  00   542.00  -358.00   184.00
2023  04  21  16  48  00   576.00  -396.00   180.00
2023  04  21  16  49  00   612.00  -432.00   180.00
2023  04  21  16  50  00   619.00  -441.00   178.00
2023  04  21  16  51  00   632.00  -454.00   178.00
2023  04  21  16  52  00   651.00  -475.00   176.00
2023  04  21  16  53  00   680.00  -506.00   174.00
2023  04  21  16  54  00   686.00  -511.00   175.00
2023  04  21  16  55  00   669.00  -493.00   176.00
2023  04  21  16  56  00   624.00  -451.00   173.00
2023  04  21  16  57  00   614.00  -449.00   165.00
2023  04  21  16  58  00   673.00  -510.00   163.00
2023  04  21  16  59  00   714.00  -558.00   156.00
2023  04  21  17  00  00   765.00  -609.00   156.00
2023  04  21  17  01  00   786.00  -634.00   152.00
2023  04  21  17  02  00   788.00  -639.00   149.00
2023  04  21  17  03  00   828.00  -679.00   149.00
2023  04  21  17  04  00   822.00  -673.00   149.00
2023  04  21  17  05  00   740.00  -593.00   147.00
2023  04  21  17  06  00   693.00  -547.00   146.00
2023  04  21  17  07  00   711.00  -566.00   145.00
2023  04  21  17  08  00   740.00  -599.00   141.00
2023  04  21  17  09  00   717.00  -582.00   135.00
2023  04  21  17  10  00   731.00  -596.00   135.00
2023  04  21  17  11  00   768.00  -635.00   133.00
2023  04  21  17  12  00   798.00  -667.00   131.00
2023  04  21  17  13  00   779.00  -652.00   127.00
2023  04  21  17  14  00   724.00  -599.00   125.00
2023  04  21  17  15  00   661.00  -536.00   125.00
2023  04  21  17  16  00   628.00  -503.00   125.00
2023  04  21  17  17  00   651.00  -529.00   122.00
2023  04  21  17  18  00   725.00  -605.00   120.00
2023  04  21  17  19  00   777.00  -658.00   119.00
2023  04  21  17  20  00   753.00  -634.00   119.00
2023  04  21  17  21  00   688.00  -573.00   115.00
2023  04  21  17  22  00   645.00  -535.00   110.00
2023  04  21  17  23  00   630.00  -523.00   107.00
2023  04  21  17  24  00   630.00  -524.00   106.00
2023  04  21  17  25  00   624.00  -518.00   106.00
2023  04  21  17  26  00   614.00  -506.00   108.00
2023  04  21  17  27  00   597.00  -486.00   111.00
2023  04  21  17  28  00   598.00  -483.00   115.00
2023  04  21  17  29  00   576.00  -459.00   117.00
2023  04  21  17  30  00   561.00  -437.00   124.00
2023  04  21  17  31  00   542.00  -424.00   118.00
2023  04  21  17  32  00   521.00  -411.00   110.00
2023  04  21  17  33  00   525.00  -414.00   111.00
2023  04  21  17  34  00   537.00  -424.00   113.00
2023  04  21  17  35  00   539.00  -427.00   112.00
2023  04  21  17  36  00   528.00  -418.00   110.00
2023  04  21  17  37  00   518.00  -412.00   106.00
2023  04  21  17  38  00   501.00  -397.00   104.00
2023  04  21  17  39  00   471.00  -371.00   100.00
2023  04  21  17  40  00   461.00  -361.00   100.00
2023  04  21  17  41  00   444.00  -343.00   101.00
2023  04  21  17  43  00   397.00  -295.00   102.00
2023  04  21  17  44  00   385.00  -283.00   102.00
2023  04  21  17  45  00   400.00  -287.00   113.00
2023  04  21  17  46  00   418.00  -296.00   122.00
2023  04  21  17  47  00   441.00  -318.00   123.00
2023  04  21  17  48  00   438.00  -323.00   115.00
2023  04  21  17  49  00   462.00  -345.00   117.00
2023  04  21  17  50  00   495.00  -370.00   125.00
2023  04  21  17  51  00   499.00  -375.00   124.00
2023  04  21  17  52  00   474.00  -356.00   118.00
2023  04  21  17  53  00   444.00  -332.00   112.00
2023  04  21  17  54  00   438.00  -326.00   112.00
2023  04  21  17  55  00   397.00  -280.00   117.00
2023  04  21  17  56  00   355.00  -235.00   120.00
2023  04  21  17  57  00   344.00  -216.00   128.00
2023  04  21  17  58  00   326.00  -186.00   140.00
2023  04  21  17  59  00   311.00  -163.00   148.00
2023  04  21  18  00  00   319.00  -168.00   151.00
2023  04  21  18  01  00   340.00  -193.00   147.00
2023  04  21  18  02  00   352.00  -207.00   145.00
2023  04  21  18  03  00   354.00  -209.00   145.00
2023  04  21  18  04  00   346.00  -200.00   146.00
2023  04  21  18  05  00   350.00  -209.00   141.00
2023  04  21  18  06  00   346.00  -213.00   133.00
2023  04  21  18  07  00   352.00  -221.00   131.00
2023  04  21  18  08  00   368.00  -237.00   131.00
2023  04  21  18  09  00   378.00  -246.00   132.00
2023  04  21  18  10  00   352.00  -220.00   132.00
2023  04  21  18  11  00   336.00  -204.00   132.00
2023  04  21  18  12  00   307.00  -174.00   133.00
2023  04  21  18  13  00   278.00  -146.00   132.00
2023  04  21  18  14  00   272.00  -142.00   130.00
2023  04  21  18  15  00   281.00  -148.00   133.00
2023  04  21  18  16  00   283.00  -145.00   138.00
2023  04  21  18  17  00   290.00  -148.00   142.00
2023  04  21  18  18  00   327.00  -184.00   143.00
2023  04  21  18  19  00   351.00  -207.00   144.00
2023  04  21  18  20  00   389.00  -242.00   147.00
2023  04  21  18  21  00   424.00  -276.00   148.00
2023  04  21  18  22  00   447.00  -297.00   150.00
2023  04  21  18  23  00   449.00  -300.00   149.00
2023  04  21  18  24  00   483.00  -333.00   150.00
2023  04  21  18  25  00   502.00  -352.00   150.00
2023  04  21  18  26  00   509.00  -360.00   149.00
2023  04  21  18  27  00   502.00  -352.00   150.00
2023  04  21  18  28  00   501.00  -348.00   153.00
2023  04  21  18  29  00   506.00  -352.00   154.00
2023  04  21  18  30  00   506.00  -352.00   154.00
2023  04  21  18  31  00   503.00  -350.00   153.00
2023  04  21  18  32  00   514.00  -363.00   151.00
2023  04  21  18  33  00   520.00  -370.00   150.00
2023  04  21  18  34  00   519.00  -369.00   150.00
2023  04  21  18  35  00   532.00  -383.00   149.00
2023  04  21  18  36  00   537.00  -388.00   149.00
2023  04  21  18  37  00   551.00  -400.00   151.00
2023  04  21  18  38  00   560.00  -407.00   153.00
2023  04  21  18  39  00   560.00  -406.00   154.00
2023  04  21  18  40  00   539.00  -382.00   157.00
2023  04  21  18  41  00   513.00  -353.00   160.00
2023  04  21  18  42  00   501.00  -339.00   162.00
2023  04  21  18  43  00   519.00  -357.00   162.00
2023  04  21  18  44  00   537.00  -375.00   162.00
2023  04  21  18  45  00   537.00  -372.00   165.00
2023  04  21  18  46  00   522.00  -356.00   166.00
2023  04  21  18  47  00   505.00  -335.00   170.00
2023  04  21  18  48  00   491.00  -318.00   173.00
2023  04  21  18  49  00   469.00  -293.00   176.00
2023  04  21  18  50  00   465.00  -287.00   178.00
2023  04  21  18  51  00   472.00  -293.00   179.00
2023  04  21  18  52  00   467.00  -285.00   182.00
2023  04  21  18  53  00   473.00  -289.00   184.00
2023  04  21  18  54  00   485.00  -297.00   188.00
2023  04  21  18  55  00   499.00  -304.00   195.00
2023  04  21  18  56  00   491.00  -291.00   200.00
2023  04  21  18  57  00   480.00  -273.00   207.00
2023  04  21  18  58  00   479.00  -263.00   216.00
2023  04  21  18  59  00   521.00  -282.00   239.00
2023  04  21  19  00  00   544.00  -285.00   259.00
2023  04  21  19  01  00   556.00  -285.00   271.00
2023  04  21  19  02  00   562.00  -281.00   281.00
2023  04  21  19  03  00   563.00  -271.00   292.00
2023  04  21  19  04  00   567.00  -265.00   302.00
2023  04  21  19  05  00   570.00  -258.00   312.00
2023  04  21  19  06  00   549.00  -240.00   309.00
2023  04  21  19  07  00   527.00  -221.00   306.00
2023  04  21  19  08  00   527.00  -205.00   322.00
2023  04  21  19  09  00   525.00  -213.00   312.00
2023  04  21  19  10  00   565.00  -252.00   313.00
2023  04  21  19  11  00   578.00  -260.00   318.00
2023  04  21  19  12  00   579.00  -259.00   320.00
2023  04  21  19  13  00   599.00  -269.00   330.00
2023  04  21  19  14  00   585.00  -261.00   324.00
2023  04  21  19  15  00   568.00  -243.00   325.00
2023  04  21  19  16  00   531.00  -203.00   328.00
2023  04  21  19  17  00   525.00  -197.00   328.00
2023  04  21  19  18  00   523.00  -200.00   323.00
2023  04  21  19  19  00   524.00  -207.00   317.00
2023  04  21  19  20  00   528.00  -212.00   316.00
2023  04  21  19  21  00   532.00  -206.00   326.00
2023  04  21  19  22  00   534.00  -207.00   327.00
2023  04  21  19  23  00   551.00  -220.00   331.00
2023  04  21  19  24  00   582.00  -243.00   339.00
2023  04  21  19  25  00   823.00  -478.00   345.00
2023  04  21  19  26  00   826.00  -481.00   345.00
2023  04  21  19  27  00   798.00  -453.00   345.00
2023  04  21  19  28  00   764.00  -431.00   333.00
2023  04  21  19  29  00   728.00  -414.00   314.00
2023  04  21  19  30  00   705.00  -387.00   318.00
2023  04  21  19  31  00   690.00  -378.00   312.00
2023  04  21  19  32  00   653.00  -349.00   304.00
2023  04  21  19  33  00   643.00  -359.00   284.00
2023  04  21  19  34  00   646.00  -371.00   275.00
2023  04  21  19  35  00   646.00  -368.00   278.00
2023  04  21  19  36  00   616.00  -340.00   276.00
2023  04  21  19  37  00   588.00  -325.00   263.00
2023  04  21  19  38  00   576.00  -315.00   261.00
2023  04  21  19  39  00   548.00  -290.00   258.00
2023  04  21  19  40  00   585.00  -331.00   254.00
2023  04  21  19  41  00   619.00  -367.00   252.00
2023  04  21  19  42  00   646.00  -392.00   254.00
2023  04  21  19  43  00   665.00  -407.00   258.00
2023  04  21  19  44  00   677.00  -411.00   266.00
2023  04  21  19  45  00   658.00  -391.00   267.00
2023  04  21  19  46  00   646.00  -384.00   262.00
2023  04  21  19  47  00   642.00  -381.00   261.00
2023  04  21  19  48  00   640.00  -377.00   263.00
2023  04  21  19  49  00   639.00  -378.00   261.00
2023  04  21  19  50  00   629.00  -367.00   262.00
2023  04  21  19  51  00   625.00  -364.00   261.00
2023  04  21  19  52  00   621.00  -365.00   256.00
2023  04  21  19  53  00   617.00  -365.00   252.00
2023  04  21  19  54  00   614.00  -361.00   253.00
2023  04  21  19  55  00   613.00  -355.00   258.00
2023  04  21  19  56  00   597.00  -340.00   257.00
2023  04  21  19  57  00   588.00  -331.00   257.00
2023  04  21  19  58  00   584.00  -332.00   252.00
2023  04  21  19  59  00   587.00  -338.00   249.00
2023  04  21  20  00  00   568.00  -319.00   249.00
2023  04  21  20  01  00   546.00  -300.00   246.00
2023  04  21  20  02  00   539.00  -298.00   241.00
2023  04  21  20  03  00   522.00  -286.00   236.00
2023  04  21  20  04  00   516.00  -283.00   233.00
2023  04  21  20  05  00   513.00  -288.00   225.00
2023  04  21  20  06  00   520.00  -300.00   220.00
2023  04  21  20  07  00   512.00  -293.00   219.00
2023  04  21  20  08  00   509.00  -292.00   217.00
2023  04  21  20  09  00   507.00  -294.00   213.00
2023  04  21  20  10  00   508.00  -293.00   215.00
2023  04  21  20  11  00   515.00  -296.00   219.00
2023  04  21  20  12  00   528.00  -306.00   222.00
2023  04  21  20  13  00   538.00  -309.00   229.00
2023  04  21  20  14  00   539.00  -306.00   233.00
2023  04  21  20  15  00   544.00  -307.00   237.00
2023  04  21  20  16  00   549.00  -311.00   238.00
2023  04  21  20  17  00   547.00  -313.00   234.00
2023  04  21  20  18  00   540.00  -314.00   226.00
2023  04  21  20  19  00   541.00  -320.00   221.00
2023  04  21  20  20  00   533.00  -315.00   218.00
2023  04  21  20  21  00   534.00  -315.00   219.00
2023  04  21  20  22  00   533.00  -314.00   219.00
2023  04  21  20  23  00   532.00  -316.00   216.00
2023  04  21  20  24  00   525.00  -313.00   212.00
2023  04  21  20  25  00   524.00  -312.00   212.00
2023  04  21  20  26  00   520.00  -307.00   213.00
2023  04  21  20  27  00   514.00  -301.00   213.00
2023  04  21  20  28  00   504.00  -291.00   213.00
2023  04  21  20  29  00   497.00  -283.00   214.00
2023  04  21  20  30  00   492.00  -278.00   214.00
2023  04  21  20  31  00   491.00  -276.00   215.00
2023  04  21  20  32  00   489.00  -276.00   213.00
2023  04  21  20  33  00   498.00  -286.00   212.00
2023  04  21  20  34  00   491.00  -286.00   205.00
2023  04  21  20  35  00   484.00  -283.00   201.00
2023  04  21  20  36  00   477.00  -279.00   198.00
2023  04  21  20  37  00   478.00  -281.00   197.00
2023  04  21  20  38  00   492.00  -292.00   200.00
2023  04  21  20  39  00   485.00  -288.00   197.00
2023  04  21  20  40  00   469.00  -276.00   193.00
2023  04  21  20  41  00   467.00  -273.00   194.00
2023  04  21  20  42  00   466.00  -271.00   195.00
2023  04  21  20  43  00   463.00  -266.00   197.00
2023  04  21  20  44  00   456.00  -259.00   197.00
2023  04  21  20  45  00   439.00  -246.00   193.00
2023  04  21  20  46  00   437.00  -246.00   191.00
2023  04  21  20  47  00   443.00  -251.00   192.00
2023  04  21  20  48  00   444.00  -255.00   189.00
2023  04  21  20  49  00   441.00  -253.00   188.00
2023  04  21  20  50  00   427.00  -243.00   184.00
2023  04  21  20  51  00   422.00  -239.00   183.00
2023  04  21  20  52  00   434.00  -251.00   183.00
2023  04  21  20  53  00   441.00  -258.00   183.00
2023  04  21  20  54  00   447.00  -263.00   184.00
2023  04  21  20  55  00   440.00  -253.00   187.00
2023  04  21  20  56  00   429.00  -241.00   188.00
2023  04  21  20  57  00   426.00  -240.00   186.00
2023  04  21  20  58  00   429.00  -240.00   189.00
2023  04  21  20  59  00   433.00  -241.00   192.00
2023  04  21  21  00  00   434.00  -243.00   191.00
2023  04  21  21  02  00   443.00  -253.00   190.00
2023  04  21  21  03  00   447.00  -259.00   188.00
2023  04  21  21  04  00   449.00  -262.00   187.00
2023  04  21  21  05  00   456.00  -268.00   188.00
2023  04  21  21  06  00   461.00  -275.00   186.00
2023  04  21  21  07  00   463.00  -279.00   184.00
2023  04  21  21  08  00   466.00  -281.00   185.00
2023  04  21  21  09  00   457.00  -271.00   186.00
2023  04  21  21  10  00   457.00  -271.00   186.00
2023  04  21  21  11  00   460.00  -273.00   187.00
2023  04  21  21  13  00   464.00  -277.00   187.00
2023  04  21  21  14  00   473.00  -281.00   192.00
2023  04  21  21  15  00   480.00  -283.00   197.00
2023  04  21  21  16  00   477.00  -276.00   201.00
2023  04  21  21  17  00   473.00  -272.00   201.00
2023  04  21  21  18  00   471.00  -271.00   200.00
2023  04  21  21  22  00   471.00  -272.00   199.00
2023  04  21  21  24  00   490.00  -286.00   204.00
2023  04  21  21  25  00   505.00  -299.00   206.00
2023  04  21  21  26  00   514.00  -309.00   205.00
2023  04  21  21  27  00   519.00  -315.00   204.00
2023  04  21  21  28  00   528.00  -323.00   205.00
2023  04  21  21  29  00   535.00  -328.00   207.00
2023  04  21  21  30  00   545.00  -333.00   212.00
2023  04  21  21  31  00   546.00  -332.00   214.00
2023  04  21  21  32  00   537.00  -324.00   213.00
2023  04  21  21  33  00   531.00  -317.00   214.00
2023  04  21  21  34  00   533.00  -313.00   220.00
2023  04  21  21  35  00   536.00  -311.00   225.00
2023  04  21  21  36  00   535.00  -309.00   226.00
2023  04  21  21  37  00   530.00  -303.00   227.00
2023  04  21  21  38  00   525.00  -299.00   226.00
2023  04  21  21  39  00   523.00  -299.00   224.00
2023  04  21  21  40  00   524.00  -303.00   221.00
2023  04  21  21  41  00   528.00  -308.00   220.00
2023  04  21  21  42  00   530.00  -309.00   221.00
2023  04  21  21  43  00   526.00  -307.00   219.00
2023  04  21  21  44  00   521.00  -303.00   218.00
2023  04  21  21  45  00   537.00  -315.00   222.00
2023  04  21  21  46  00   535.00  -315.00   220.00
2023  04  21  21  47  00   524.00  -306.00   218.00
2023  04  21  21  48  00   496.00  -278.00   218.00
2023  04  21  21  49  00   467.00  -250.00   217.00
2023  04  21  21  50  00   450.00  -232.00   218.00
2023  04  21  21  51  00   447.00  -229.00   218.00
2023  04  21  21  52  00   454.00  -235.00   219.00
2023  04  21  21  53  00   452.00  -231.00   221.00
2023  04  21  21  54  00   440.00  -214.00   226.00
2023  04  21  21  55  00   437.00  -209.00   228.00
2023  04  21  21  56  00   442.00  -215.00   227.00
2023  04  21  21  57  00   448.00  -222.00   226.00
2023  04  21  21  58  00   454.00  -226.00   228.00
2023  04  21  21  59  00   456.00  -230.00   226.00
2023  04  21  22  00  00   463.00  -237.00   226.00
2023  04  21  22  01  00   458.00  -232.00   226.00
2023  04  21  22  02  00   444.00  -220.00   224.00
2023  04  21  22  03  00   439.00  -210.00   229.00
2023  04  21  22  04  00   437.00  -207.00   230.00
2023  04  21  22  05  00   422.00  -197.00   225.00
2023  04  21  22  06  00   451.00  -229.00   222.00
2023  04  21  22  07  00   487.00  -262.00   225.00
2023  04  21  22  08  00   534.00  -309.00   225.00
2023  04  21  22  09  00   514.00  -288.00   226.00
2023  04  21  22  10  00   514.00  -285.00   229.00
2023  04  21  22  11  00   522.00  -294.00   228.00
2023  04  21  22  12  00   539.00  -308.00   231.00
2023  04  21  22  13  00   557.00  -322.00   235.00
2023  04  21  22  14  00   548.00  -312.00   236.00
2023  04  21  22  15  00   545.00  -311.00   234.00
2023  04  21  22  16  00   570.00  -330.00   240.00
2023  04  21  22  17  00   533.00  -292.00   241.00
2023  04  21  22  18  00   505.00  -264.00   241.00
2023  04  21  22  19  00   480.00  -240.00   240.00
2023  04  21  22  20  00   478.00  -236.00   242.00
2023  04  21  22  21  00   496.00  -249.00   247.00
2023  04  21  22  22  00   506.00  -261.00   245.00
2023  04  21  22  23  00   531.00  -289.00   242.00
2023  04  21  22  24  00   618.00  -371.00   247.00
2023  04  21  22  25  00   641.00  -391.00   250.00
2023  04  21  22  26  00   633.00  -378.00   255.00
2023  04  21  22  27  00   597.00  -336.00   261.00
2023  04  21  22  28  00   636.00  -372.00   264.00
2023  04  21  22  29  00   664.00  -397.00   267.00
2023  04  21  22  30  00   672.00  -404.00   268.00
2023  04  21  22  31  00   666.00  -402.00   264.00
2023  04  21  22  32  00   691.00  -435.00   256.00
2023  04  21  22  33  00   670.00  -418.00   252.00
2023  04  21  22  34  00   636.00  -384.00   252.00
2023  04  21  22  35  00   674.00  -420.00   254.00
2023  04  21  22  36  00   754.00  -495.00   259.00
2023  04  21  22  37  00   784.00  -519.00   265.00
2023  04  21  22  38  00   774.00  -505.00   269.00
2023  04  21  22  39  00   743.00  -478.00   265.00
2023  04  21  22  40  00   725.00  -463.00   262.00
2023  04  21  22  41  00   723.00  -460.00   263.00
2023  04  21  22  42  00   731.00  -468.00   263.00
2023  04  21  22  43  00   734.00  -471.00   263.00
2023  04  21  22  45  00   764.00  -506.00   258.00
2023  04  21  22  46  00   758.00  -502.00   256.00
2023  04  21  22  48  00   780.00  -534.00   246.00
2023  04  21  22  50  00   836.00  -593.00   243.00
2023  04  21  22  51  00   815.00  -578.00   237.00
2023  04  21  22  53  00   778.00  -548.00   230.00
2023  04  21  22  56  00   861.00  -642.00   219.00
2023  04  21  22  57  00   852.00  -630.00   222.00
2023  04  21  22  58  00   827.00  -607.00   220.00
2023  04  21  22  59  00   734.00  -520.00   214.00
2023  04  21  23  00  00   631.00  -427.00   204.00
2023  04  21  23  01  00   634.00  -437.00   197.00
2023  04  21  23  02  00   636.00  -438.00   198.00
2023  04  21  23  03  00   638.00  -436.00   202.00
2023  04  21  23  04  00   626.00  -425.00   201.00
2023  04  21  23  05  00   598.00  -402.00   196.00
2023  04  21  23  06  00   599.00  -407.00   192.00
2023  04  21  23  07  00   605.00  -416.00   189.00
2023  04  21  23  08  00   578.00  -393.00   185.00
2023  04  21  23  09  00   556.00  -377.00   179.00
2023  04  21  23  10  00   541.00  -367.00   174.00
2023  04  21  23  11  00   530.00  -359.00   171.00
2023  04  21  23  12  00   541.00  -371.00   170.00
2023  04  21  23  13  00   550.00  -380.00   170.00
2023  04  21  23  14  00   551.00  -382.00   169.00
2023  04  21  23  15  00   551.00  -382.00   169.00
2023  04  21  23  16  00   531.00  -365.00   166.00
2023  04  21  23  17  00   511.00  -342.00   169.00
2023  04  21  23  18  00   512.00  -346.00   166.00
2023  04  21  23  19  00   514.00  -353.00   161.00
2023  04  21  23  20  00   506.00  -350.00   156.00
2023  04  21  23  21  00   502.00  -355.00   147.00
2023  04  21  23  22  00   496.00  -357.00   139.00
2023  04  21  23  23  00   473.00  -338.00   135.00
2023  04  21  23  24  00   455.00  -322.00   133.00
2023  04  21  23  25  00   432.00  -303.00   129.00
2023  04  21  23  27  00   389.00  -264.00   125.00
2023  04  21  23  28  00   393.00  -266.00   127.00
2023  04  21  23  29  00   395.00  -266.00   129.00
2023  04  21  23  30  00   406.00  -273.00   133.00
2023  04  21  23  31  00   427.00  -288.00   139.00
2023  04  21  23  32  00   420.00  -276.00   144.00
2023  04  21  23  33  00   419.00  -275.00   144.00
2023  04  21  23  34  00   417.00  -276.00   141.00
2023  04  21  23  35  00   417.00  -275.00   142.00
2023  04  21  23  36  00   426.00  -280.00   146.00
2023  04  21  23  37  00   431.00  -282.00   149.00
2023  04  21  23  38  00   426.00  -276.00   150.00
2023  04  21  23  39  00   429.00  -277.00   152.00
2023  04  21  23  40  00   432.00  -279.00   153.00
2023  04  21  23  41  00   431.00  -278.00   153.00
2023  04  21  23  42  00   431.00  -278.00   153.00
2023  04  21  23  43  00   421.00  -270.00   151.00
2023  04  21  23  44  00   420.00  -266.00   154.00
2023  04  21  23  45  00   420.00  -267.00   153.00
2023  04  21  23  46  00   416.00  -256.00   160.00
2023  04  21  23  47  00   409.00  -241.00   168.00
2023  04  21  23  48  00   402.00  -235.00   167.00
2023  04  21  23  49  00   398.00  -234.00   164.00
2023  04  21  23  50  00   394.00  -235.00   159.00
2023  04  21  23  51  00   387.00  -226.00   161.00
2023  04  21  23  52  00   385.00  -217.00   168.00
2023  04  21  23  53  00   398.00  -222.00   176.00
2023  04  21  23  54  00   396.00  -217.00   179.00
2023  04  21  23  55  00   393.00  -215.00   178.00
2023  04  21  23  56  00   400.00  -219.00   181.00
2023  04  21  23  57  00   402.00  -226.00   176.00
2023  04  21  23  58  00   405.00  -234.00   171.00
2023  04  21  23  59  00   418.00  -242.00   176.00
2023  04  22  00  00  00   440.00  -259.00   181.00
2023  04  22  00  01  00   466.00  -284.00   182.00
2023  04  22  00  02  00   480.00  -297.00   183.00
2023  04  22  00  03  00   488.00  -300.00   188.00
2023  04  22  00  04  00   476.00  -291.00   185.00
2023  04  22  00  05  00   468.00  -281.00   187.00
2023  04  22  00  06  00   469.00  -277.00   192.00
2023  04  22  00  07  00   468.00  -274.00   194.00
2023  04  22  00  08  00   461.00  -268.00   193.00
2023  04  22  00  09  00   452.00  -261.00   191.00
2023  04  22  00  10  00   461.00  -272.00   189.00
2023  04  22  00  11  00   465.00  -276.00   189.00
2023  04  22  00  12  00   467.00  -278.00   189.00
2023  04  22  00  13  00   466.00  -270.00   196.00
2023  04  22  00  14  00   458.00  -256.00   202.00
2023  04  22  00  15  00   457.00  -253.00   204.00
2023  04  22  00  16  00   456.00  -255.00   201.00
2023  04  22  00  17  00   457.00  -259.00   198.00
2023  04  22  00  18  00   456.00  -258.00   198.00
2023  04  22  00  19  00   432.00  -238.00   194.00
2023  04  22  00  20  00   423.00  -232.00   191.00
2023  04  22  00  21  00   440.00  -244.00   196.00
2023  04  22  00  22  00   440.00  -242.00   198.00
2023  04  22  00  23  00   438.00  -239.00   199.00
2023  04  22  00  24  00   448.00  -255.00   193.00
2023  04  22  00  25  00   425.00  -242.00   183.00
2023  04  22  00  26  00   446.00  -256.00   190.00
2023  04  22  00  27  00   454.00  -266.00   188.00
2023  04  22  00  31  00   472.00  -276.00   196.00
2023  04  22  00  32  00   491.00  -294.00   197.00
2023  04  22  00  33  00   505.00  -307.00   198.00
2023  04  22  00  34  00   525.00  -324.00   201.00
2023  04  22  00  35  00   510.00  -309.00   201.00
2023  04  22  00  36  00   514.00  -309.00   205.00
2023  04  22  00  37  00   514.00  -309.00   205.00
2023  04  22  00  38  00   514.00  -308.00   206.00
2023  04  22  00  39  00   534.00  -324.00   210.00
2023  04  22  00  40  00   548.00  -336.00   212.00
2023  04  22  00  41  00   524.00  -318.00   206.00
2023  04  22  00  42  00   479.00  -280.00   199.00
2023  04  22  00  43  00   481.00  -285.00   196.00
2023  04  22  00  44  00   480.00  -288.00   192.00
2023  04  22  00  45  00   472.00  -279.00   193.00
2023  04  22  00  46  00   466.00  -271.00   195.00
2023  04  22  00  47  00   457.00  -259.00   198.00
2023  04  22  00  48  00   445.00  -247.00   198.00
2023  04  22  00  49  00   436.00  -240.00   196.00
2023  04  22  00  50  00   440.00  -244.00   196.00
2023  04  22  00  51  00   466.00  -273.00   193.00
2023  04  22  00  52  00   520.00  -323.00   197.00
2023  04  22  00  53  00   546.00  -352.00   194.00
2023  04  22  00  54  00   545.00  -351.00   194.00
2023  04  22  00  55  00   517.00  -327.00   190.00
2023  04  22  00  56  00   473.00  -295.00   178.00
2023  04  22  00  57  00   456.00  -285.00   171.00
2023  04  22  00  58  00   458.00  -288.00   170.00
2023  04  22  00  59  00   451.00  -286.00   165.00
2023  04  22  01  00  00   432.00  -270.00   162.00
2023  04  22  01  01  00   406.00  -240.00   166.00
2023  04  22  01  02  00   388.00  -220.00   168.00
2023  04  22  01  03  00   377.00  -209.00   168.00
2023  04  22  01  04  00   374.00  -207.00   167.00
2023  04  22  01  05  00   362.00  -200.00   162.00
2023  04  22  01  06  00   351.00  -191.00   160.00
2023  04  22  01  07  00   341.00  -187.00   154.00
2023  04  22  01  08  00   352.00  -202.00   150.00
2023  04  22  01  09  00   354.00  -205.00   149.00
2023  04  22  01  10  00   349.00  -203.00   146.00
2023  04  22  01  11  00   318.00  -176.00   142.00
2023  04  22  01  12  00   293.00  -159.00   134.00
2023  04  22  01  13  00   295.00  -169.00   126.00
2023  04  22  01  14  00   296.00  -177.00   119.00
2023  04  22  01  15  00   276.00  -157.00   119.00
2023  04  22  01  16  00   284.00  -166.00   118.00
2023  04  22  01  17  00   296.00  -179.00   117.00
2023  04  22  01  18  00   289.00  -173.00   116.00
2023  04  22  01  19  00   294.00  -181.00   113.00
2023  04  22  01  20  00   289.00  -181.00   108.00
2023  04  22  01  21  00   273.00  -165.00   108.00
2023  04  22  01  22  00   255.00  -148.00   107.00
2023  04  22  01  23  00   253.00  -148.00   105.00
2023  04  22  01  24  00   263.00  -154.00   109.00
2023  04  22  01  25  00   274.00  -161.00   113.00
2023  04  22  01  26  00   282.00  -169.00   113.00
2023  04  22  01  27  00   290.00  -173.00   117.00
2023  04  22  01  28  00   285.00  -169.00   116.00
2023  04  22  01  29  00   278.00  -165.00   113.00
2023  04  22  01  30  00   271.00  -161.00   110.00
2023  04  22  01  31  00   268.00  -160.00   108.00
2023  04  22  01  32  00   268.00  -154.00   114.00
2023  04  22  01  33  00   262.00  -146.00   116.00
2023  04  22  01  34  00   265.00  -143.00   122.00
2023  04  22  01  35  00   265.00  -140.00   125.00
2023  04  22  01  36  00   264.00  -137.00   127.00
2023  04  22  01  37  00   270.00  -141.00   129.00
2023  04  22  01  38  00   276.00  -150.00   126.00
2023  04  22  01  39  00   281.00  -157.00   124.00
2023  04  22  01  40  00   290.00  -165.00   125.00
2023  04  22  01  41  00   298.00  -168.00   130.00
2023  04  22  01  42  00   301.00  -167.00   134.00
2023  04  22  01  43  00   293.00  -160.00   133.00
2023  04  22  01  44  00   281.00  -152.00   129.00
2023  04  22  01  45  00   272.00  -146.00   126.00
2023  04  22  01  46  00   263.00  -142.00   121.00
2023  04  22  01  47  00   249.00  -132.00   117.00
2023  04  22  01  48  00   234.00  -123.00   111.00
2023  04  22  01  49  00   225.00  -115.00   110.00
2023  04  22  01  50  00   217.00  -106.00   111.00
2023  04  22  01  51  00   216.00  -101.00   115.00
2023  04  22  01  52  00   217.00   -97.00   120.00
2023  04  22  01  53  00   221.00   -96.00   125.00
2023  04  22  01  54  00   219.00   -94.00   125.00
2023  04  22  01  55  00   225.00   -96.00   129.00
2023  04  22  01  56  00   229.00   -99.00   130.00
2023  04  22  01  57  00   230.00  -102.00   128.00
2023  04  22  01  58  00   227.00   -97.00   130.00
2023  04  22  01  59  00   230.00  -100.00   130.00
2023  04  22  02  00  00   235.00  -101.00   134.00
2023  04  22  02  01  00   238.00  -104.00   134.00
2023  04  22  02  02  00   240.00  -111.00   129.00
2023  04  22  02  03  00   246.00  -112.00   134.00
2023  04  22  02  04  00   252.00  -116.00   136.00
2023  04  22  02  05  00   260.00  -125.00   135.00
2023  04  22  02  06  00   266.00  -129.00   137.00
2023  04  22  02  07  00   264.00  -130.00   134.00
2023  04  22  02  08  00   262.00  -130.00   132.00
2023  04  22  02  09  00   265.00  -129.00   136.00
2023  04  22  02  10  00   270.00  -125.00   145.00
2023  04  22  02  11  00   277.00  -126.00   151.00
2023  04  22  02  12  00   281.00  -126.00   155.00
2023  04  22  02  13  00   276.00  -122.00   154.00
2023  04  22  02  14  00   266.00  -117.00   149.00
2023  04  22  02  15  00   261.00  -117.00   144.00
2023  04  22  02  16  00   258.00  -115.00   143.00
2023  04  22  02  17  00   261.00  -115.00   146.00
2023  04  22  02  18  00   264.00  -110.00   154.00
2023  04  22  02  19  00   263.00  -106.00   157.00
2023  04  22  02  20  00   265.00  -102.00   163.00
2023  04  22  02  21  00   265.00   -98.00   167.00
2023  04  22  02  22  00   263.00   -92.00   171.00
2023  04  22  02  23  00   257.00   -88.00   169.00
2023  04  22  02  24  00   250.00   -88.00   162.00
2023  04  22  02  25  00   249.00   -87.00   162.00
2023  04  22  02  26  00   253.00   -88.00   165.00
2023  04  22  02  27  00   255.00   -85.00   170.00
2023  04  22  02  28  00   260.00   -82.00   178.00
2023  04  22  02  29  00   255.00   -77.00   178.00
2023  04  22  02  30  00   262.00   -90.00   172.00
2023  04  22  02  31  00   262.00   -98.00   164.00
2023  04  22  02  32  00   259.00   -96.00   163.00
2023  04  22  02  33  00   252.00   -96.00   156.00
2023  04  22  02  34  00   250.00   -98.00   152.00
2023  04  22  02  35  00   260.00  -106.00   154.00
2023  04  22  02  36  00   272.00  -111.00   161.00
2023  04  22  02  37  00   282.00  -115.00   167.00
2023  04  22  02  38  00   288.00  -119.00   169.00
2023  04  22  02  39  00   290.00  -121.00   169.00
2023  04  22  02  40  00   288.00  -122.00   166.00
2023  04  22  02  41  00   287.00  -123.00   164.00
2023  04  22  02  42  00   283.00  -126.00   157.00
2023  04  22  02  43  00   272.00  -123.00   149.00
2023  04  22  02  44  00   265.00  -116.00   149.00
2023  04  22  02  45  00   260.00  -108.00   152.00
2023  04  22  02  46  00   254.00   -93.00   161.00
2023  04  22  02  47  00   251.00   -85.00   166.00
2023  04  22  02  48  00   239.00   -77.00   162.00
2023  04  22  02  49  00   237.00   -72.00   165.00
2023  04  22  02  50  00   236.00   -67.00   169.00
2023  04  22  02  51  00   235.00   -65.00   170.00
2023  04  22  02  52  00   223.00   -61.00   162.00
2023  04  22  02  53  00   218.00   -56.00   162.00
2023  04  22  02  54  00   214.00   -52.00   162.00
2023  04  22  02  55  00   213.00   -52.00   161.00
2023  04  22  02  57  00   192.00   -46.00   146.00
2023  04  22  02  58  00   184.00   -44.00   140.00
2023  04  22  02  59  00   175.00   -39.00   136.00
2023  04  22  03  00  00   163.00   -33.00   130.00
2023  04  22  03  01  00   161.00   -32.00   129.00
2023  04  22  03  02  00   168.00   -36.00   132.00
2023  04  22  03  03  00   175.00   -41.00   134.00
2023  04  22  03  04  00   186.00   -51.00   135.00
2023  04  22  03  05  00   195.00   -60.00   135.00
2023  04  22  03  06  00   195.00   -60.00   135.00
2023  04  22  03  07  00   188.00   -56.00   132.00
2023  04  22  03  08  00   175.00   -48.00   127.00
2023  04  22  03  09  00   161.00   -41.00   120.00
2023  04  22  03  10  00   149.00   -34.00   115.00
2023  04  22  03  11  00   138.00   -25.00   113.00
2023  04  22  03  12  00   128.00   -15.00   113.00
2023  04  22  03  13  00   122.00   -13.00   109.00
2023  04  22  03  14  00   121.00   -14.00   107.00
2023  04  22  03  15  00   120.00   -14.00   106.00
2023  04  22  03  16  00   121.00   -16.00   105.00
2023  04  22  03  17  00   124.00   -18.00   106.00
2023  04  22  03  18  00   125.00   -18.00   107.00
2023  04  22  03  19  00   119.00   -17.00   102.00
2023  04  22  03  20  00   115.00   -21.00    94.00
2023  04  22  03  21  00   118.00   -32.00    86.00
2023  04  22  03  22  00    99.00   -20.00    79.00
2023  04  22  03  23  00    97.00   -23.00    74.00
2023  04  22  03  24  00   106.00   -37.00    69.00
2023  04  22  03  25  00    95.00   -30.00    65.00
2023  04  22  03  26  00   106.00   -45.00    61.00
2023  04  22  03  27  00   113.00   -58.00    55.00
2023  04  22  03  28  00   139.00   -89.00    50.00
2023  04  22  03  29  00   120.00   -68.00    52.00
2023  04  22  03  30  00   140.00   -86.00    54.00
2023  04  22  03  31  00   130.00   -76.00    54.00
2023  04  22  03  32  00   126.00   -75.00    51.00
2023  04  22  03  33  00   123.00   -70.00    53.00
2023  04  22  03  34  00   116.00   -60.00    56.00
2023  04  22  03  35  00   114.00   -52.00    62.00
2023  04  22  03  36  00   107.00   -44.00    63.00
2023  04  22  03  37  00    95.00   -39.00    56.00
2023  04  22  03  38  00    90.00   -37.00    53.00
2023  04  22  03  39  00    84.00   -29.00    55.00
2023  04  22  03  40  00   104.00   -49.00    55.00
2023  04  22  03  41  00   109.00   -53.00    56.00
2023  04  22  03  42  00   109.00   -55.00    54.00
2023  04  22  03  43  00    97.00   -45.00    52.00
2023  04  22  03  44  00    88.00   -37.00    51.00
2023  04  22  03  45  00    89.00   -39.00    50.00
2023  04  22  03  46  00    83.00   -36.00    47.00
2023  04  22  03  47  00    80.00   -32.00    48.00
2023  04  22  03  48  00    82.00   -30.00    52.00
2023  04  22  03  49  00    79.00   -25.00    54.00
2023  04  22  03  50  00    89.00   -32.00    57.00
2023  04  22  03  51  00   104.00   -44.00    60.00
2023  04  22  03  52  00   105.00   -40.00    65.00
2023  04  22  03  53  00   119.00   -50.00    69.00
2023  04  22  03  54  00   123.00   -50.00    73.00
2023  04  22  03  55  00   127.00   -49.00    78.00
2023  04  22  03  56  00   128.00   -43.00    85.00
2023  04  22  03  57  00   136.00   -46.00    90.00
2023  04  22  03  58  00   143.00   -48.00    95.00
2023  04  22  03  59  00   144.00   -48.00    96.00
2023  04  22  04  00  00   148.00   -51.00    97.00
2023  04  22  04  01  00   148.00   -53.00    95.00
2023  04  22  04  02  00   148.00   -56.00    92.00
2023  04  22  04  03  00   155.00   -61.00    94.00
2023  04  22  04  04  00   159.00   -63.00    96.00
2023  04  22  04  05  00   164.00   -67.00    97.00
2023  04  22  04  06  00   163.00   -66.00    97.00
2023  04  22  04  07  00   159.00   -61.00    98.00
2023  04  22  04  08  00   157.00   -59.00    98.00
2023  04  22  04  09  00   154.00   -58.00    96.00
2023  04  22  04  10  00   158.00   -61.00    97.00
2023  04  22  04  11  00   165.00   -68.00    97.00
2023  04  22  04  12  00   163.00   -65.00    98.00
2023  04  22  04  13  00   170.00   -72.00    98.00
2023  04  22  04  14  00   179.00   -80.00    99.00
2023  04  22  04  15  00   172.00   -73.00    99.00
2023  04  22  04  16  00   172.00   -71.00   101.00
2023  04  22  04  19  00   162.00   -65.00    97.00
2023  04  22  04  20  00   164.00   -68.00    96.00
2023  04  22  04  21  00   165.00   -67.00    98.00
2023  04  22  04  22  00   171.00   -67.00   104.00
2023  04  22  04  23  00   183.00   -70.00   113.00
2023  04  22  04  24  00   209.00   -87.00   122.00
2023  04  22  04  25  00   221.00   -90.00   131.00
2023  04  22  04  26  00   220.00   -91.00   129.00
2023  04  22  04  27  00   200.00   -78.00   122.00
2023  04  22  04  28  00   195.00   -70.00   125.00
2023  04  22  04  29  00   201.00   -72.00   129.00
2023  04  22  04  30  00   214.00   -82.00   132.00
2023  04  22  04  31  00   229.00   -91.00   138.00
2023  04  22  04  32  00   232.00   -91.00   141.00
2023  04  22  04  33  00   250.00  -101.00   149.00
2023  04  22  04  34  00   284.00  -124.00   160.00
2023  04  22  04  35  00   307.00  -143.00   164.00
2023  04  22  04  36  00   283.00  -123.00   160.00
2023  04  22  04  37  00   299.00  -142.00   157.00
2023  04  22  04  38  00   278.00  -118.00   160.00
2023  04  22  04  39  00   294.00  -124.00   170.00
2023  04  22  04  40  00   284.00  -108.00   176.00
2023  04  22  04  41  00   281.00  -107.00   174.00
2023  04  22  04  42  00   296.00  -119.00   177.00
2023  04  22  04  43  00   301.00  -118.00   183.00
2023  04  22  04  44  00   289.00  -108.00   181.00
2023  04  22  04  45  00   281.00  -101.00   180.00
2023  04  22  04  46  00   286.00  -103.00   183.00
2023  04  22  04  47  00   305.00  -119.00   186.00
2023  04  22  04  48  00   361.00  -178.00   183.00
2023  04  22  04  49  00   361.00  -172.00   189.00
2023  04  22  04  50  00   407.00  -214.00   193.00
2023  04  22  04  51  00   389.00  -201.00   188.00
2023  04  22  04  52  00   362.00  -187.00   175.00
2023  04  22  04  53  00   384.00  -217.00   167.00
2023  04  22  04  54  00   382.00  -220.00   162.00
2023  04  22  04  55  00   406.00  -241.00   165.00
2023  04  22  04  56  00   372.00  -204.00   168.00
2023  04  22  04  57  00   343.00  -177.00   166.00
2023  04  22  04  58  00   355.00  -192.00   163.00
2023  04  22  04  59  00   384.00  -224.00   160.00
2023  04  22  05  00  00   382.00  -222.00   160.00
2023  04  22  05  01  00   406.00  -241.00   165.00
2023  04  22  05  02  00   393.00  -237.00   156.00
2023  04  22  05  03  00   438.00  -282.00   156.00
2023  04  22  05  04  00   432.00  -290.00   142.00
2023  04  22  05  05  00   441.00  -308.00   133.00
2023  04  22  05  06  00   410.00  -279.00   131.00
2023  04  22  05  07  00   400.00  -261.00   139.00
2023  04  22  05  08  00   399.00  -249.00   150.00
2023  04  22  05  09  00   442.00  -288.00   154.00
2023  04  22  05  10  00   499.00  -343.00   156.00
2023  04  22  05  11  00   524.00  -361.00   163.00
2023  04  22  05  12  00   571.00  -409.00   162.00
2023  04  22  05  13  00   575.00  -411.00   164.00
2023  04  22  05  14  00   570.00  -395.00   175.00
2023  04  22  05  15  00   553.00  -390.00   163.00
2023  04  22  05  16  00   526.00  -376.00   150.00
2023  04  22  05  17  00   564.00  -405.00   159.00
2023  04  22  05  18  00   553.00  -390.00   163.00
2023  04  22  05  19  00   543.00  -388.00   155.00
2023  04  22  05  20  00   523.00  -381.00   142.00
2023  04  22  05  21  00   509.00  -371.00   138.00
2023  04  22  05  22  00   504.00  -366.00   138.00
2023  04  22  05  23  00   514.00  -385.00   129.00
2023  04  22  05  24  00   515.00  -405.00   110.00
2023  04  22  05  25  00   505.00  -404.00   101.00
2023  04  22  05  26  00   528.00  -422.00   106.00
2023  04  22  05  27  00   516.00  -409.00   107.00
2023  04  22  05  28  00   505.00  -403.00   102.00
2023  04  22  05  29  00   490.00  -389.00   101.00
2023  04  22  05  30  00   468.00  -376.00    92.00
2023  04  22  05  31  00   467.00  -370.00    97.00
2023  04  22  05  32  00   471.00  -373.00    98.00
2023  04  22  05  33  00   476.00  -365.00   111.00
2023  04  22  05  34  00   498.00  -345.00   153.00
2023  04  22  05  35  00   511.00  -329.00   182.00
2023  04  22  05  36  00   474.00  -314.00   160.00
2023  04  22  05  37  00   459.00  -314.00   145.00
2023  04  22  05  38  00   468.00  -320.00   148.00
2023  04  22  05  39  00   501.00  -344.00   157.00
2023  04  22  05  40  00   502.00  -347.00   155.00
2023  04  22  05  41  00   476.00  -331.00   145.00
2023  04  22  05  42  00   453.00  -320.00   133.00
2023  04  22  05  43  00   454.00  -311.00   143.00
2023  04  22  05  44  00   447.00  -299.00   148.00
2023  04  22  05  45  00   435.00  -283.00   152.00
2023  04  22  05  46  00   437.00  -280.00   157.00
2023  04  22  05  47  00   427.00  -267.00   160.00
2023  04  22  05  48  00   421.00  -263.00   158.00
2023  04  22  05  49  00   393.00  -250.00   143.00
2023  04  22  05  50  00   378.00  -250.00   128.00
2023  04  22  05  51  00   371.00  -248.00   123.00
2023  04  22  05  52  00   372.00  -249.00   123.00
2023  04  22  05  53  00   366.00  -245.00   121.00
2023  04  22  05  55  00   327.00  -233.00    94.00
2023  04  22  05  56  00   308.00  -218.00    90.00
2023  04  22  05  57  00   297.00  -204.00    93.00
2023  04  22  05  58  00   279.00  -189.00    90.00
2023  04  22  05  59  00   273.00  -187.00    86.00
2023  04  22  06  00  00   253.00  -165.00    88.00
2023  04  22  06  01  00   247.00  -151.00    96.00
2023  04  22  06  02  00   249.00  -150.00    99.00
2023  04  22  06  03  00   247.00  -150.00    97.00
2023  04  22  06  04  00   247.00  -155.00    92.00
2023  04  22  06  05  00   243.00  -145.00    98.00
2023  04  22  06  06  00   240.00  -141.00    99.00
2023  04  22  06  07  00   241.00  -147.00    94.00
2023  04  22  06  08  00   240.00  -144.00    96.00
2023  04  22  06  09  00   239.00  -144.00    95.00
2023  04  22  06  10  00   246.00  -147.00    99.00
2023  04  22  06  11  00   239.00  -144.00    95.00
2023  04  22  06  12  00   228.00  -136.00    92.00
2023  04  22  06  13  00   212.00  -124.00    88.00
2023  04  22  06  14  00   202.00  -118.00    84.00
2023  04  22  06  15  00   197.00  -114.00    83.00
2023  04  22  06  16  00   194.00  -110.00    84.00
2023  04  22  06  17  00   193.00  -105.00    88.00
2023  04  22  06  18  00   188.00  -101.00    87.00
2023  04  22  06  19  00   181.00   -94.00    87.00
2023  04  22  06  20  00   174.00   -83.00    91.00
2023  04  22  06  21  00   162.00   -72.00    90.00
2023  04  22  06  22  00   157.00   -64.00    93.00
2023  04  22  06  23  00   156.00   -61.00    95.00
2023  04  22  06  24  00   170.00   -71.00    99.00
2023  04  22  06  25  00   171.00   -71.00   100.00
2023  04  22  06  26  00   169.00   -66.00   103.00
2023  04  22  06  27  00   161.00   -61.00   100.00
2023  04  22  06  29  00   132.00   -48.00    84.00
2023  04  22  06  30  00   125.00   -45.00    80.00
2023  04  22  06  31  00   134.00   -55.00    79.00
2023  04  22  06  32  00   131.00   -51.00    80.00
2023  04  22  06  33  00   126.00   -44.00    82.00
2023  04  22  06  34  00   130.00   -41.00    89.00
2023  04  22  06  35  00   131.00   -41.00    90.00
2023  04  22  06  36  00   130.00   -39.00    91.00
2023  04  22  06  37  00   129.00   -38.00    91.00
2023  04  22  06  38  00   127.00   -40.00    87.00
2023  04  22  06  39  00   126.00   -43.00    83.00
2023  04  22  06  40  00   123.00   -44.00    79.00
2023  04  22  06  41  00   118.00   -43.00    75.00
2023  04  22  06  42  00   112.00   -40.00    72.00
2023  04  22  06  43  00   108.00   -37.00    71.00
2023  04  22  06  44  00   110.00   -38.00    72.00
2023  04  22  06  45  00   109.00   -36.00    73.00
2023  04  22  06  46  00   109.00   -33.00    76.00
2023  04  22  06  47  00   109.00   -31.00    78.00
2023  04  22  06  48  00   103.00   -27.00    76.00
2023  04  22  06  49  00   102.00   -29.00    73.00
2023  04  22  06  50  00   103.00   -31.00    72.00
2023  04  22  06  51  00   100.00   -31.00    69.00
2023  04  22  06  52  00    96.00   -27.00    69.00
2023  04  22  06  53  00    91.00   -22.00    69.00
2023  04  22  06  54  00    91.00   -20.00    71.00
2023  04  22  06  55  00    92.00   -19.00    73.00
2023  04  22  06  56  00    87.00   -16.00    71.00
2023  04  22  06  57  00    80.00   -17.00    63.00
2023  04  22  06  58  00    75.00   -21.00    54.00
2023  04  22  06  59  00    72.00   -25.00    47.00
2023  04  22  07  00  00    69.00   -26.00    43.00
2023  04  22  07  01  00    70.00   -27.00    43.00
2023  04  22  07  02  00    73.00   -28.00    45.00
2023  04  22  07  03  00    80.00   -32.00    48.00
2023  04  22  07  04  00    81.00   -30.00    51.00
2023  04  22  07  05  00    76.00   -28.00    48.00
2023  04  22  07  06  00    73.00   -28.00    45.00
2023  04  22  07  07  00    73.00   -29.00    44.00
2023  04  22  07  08  00    73.00   -29.00    44.00
2023  04  22  07  09  00    76.00   -29.00    47.00
2023  04  22  07  10  00    75.00   -28.00    47.00
2023  04  22  07  11  00    73.00   -25.00    48.00
2023  04  22  07  12  00    74.00   -26.00    48.00
2023  04  22  07  13  00    74.00   -26.00    48.00
2023  04  22  07  14  00    79.00   -27.00    52.00
2023  04  22  07  15  00    85.00   -29.00    56.00
2023  04  22  07  16  00    86.00   -28.00    58.00
2023  04  22  07  17  00    88.00   -28.00    60.00
2023  04  22  07  18  00    91.00   -29.00    62.00
2023  04  22  07  19  00    92.00   -29.00    63.00
2023  04  22  07  20  00    91.00   -30.00    61.00
2023  04  22  07  21  00    86.00   -28.00    58.00
2023  04  22  07  22  00    83.00   -28.00    55.00
2023  04  22  07  23  00    83.00   -28.00    55.00
2023  04  22  07  24  00    84.00   -29.00    55.00
2023  04  22  07  25  00    87.00   -31.00    56.00
2023  04  22  07  26  00    96.00   -35.00    61.00
2023  04  22  07  27  00   101.00   -38.00    63.00
2023  04  22  07  28  00   100.00   -37.00    63.00
2023  04  22  07  29  00    94.00   -32.00    62.00
2023  04  22  07  30  00    94.00   -32.00    62.00
2023  04  22  07  31  00    98.00   -34.00    64.00
2023  04  22  07  32  00   103.00   -37.00    66.00
2023  04  22  07  33  00   103.00   -38.00    65.00
2023  04  22  07  34  00    99.00   -38.00    61.00
2023  04  22  07  35  00    95.00   -38.00    57.00
2023  04  22  07  36  00    90.00   -36.00    54.00
2023  04  22  07  37  00    88.00   -37.00    51.00
2023  04  22  07  38  00    90.00   -41.00    49.00
2023  04  22  07  39  00    84.00   -40.00    44.00
2023  04  22  07  40  00    81.00   -42.00    39.00
2023  04  22  07  41  00    76.00   -42.00    34.00
2023  04  22  07  42  00    72.00   -40.00    32.00
2023  04  22  07  43  00    67.00   -37.00    30.00
2023  04  22  07  44  00    62.00   -34.00    28.00
2023  04  22  07  45  00    59.00   -33.00    26.00
2023  04  22  07  46  00    57.00   -32.00    25.00
2023  04  22  07  47  00    58.00   -34.00    24.00
2023  04  22  07  48  00    58.00   -36.00    22.00
2023  04  22  07  49  00    63.00   -42.00    21.00
2023  04  22  07  50  00    64.00   -42.00    22.00
2023  04  22  07  51  00    55.00   -35.00    20.00
2023  04  22  07  52  00    52.00   -35.00    17.00
2023  04  22  07  53  00    54.00   -37.00    17.00
2023  04  22  07  54  00    56.00   -37.00    19.00
2023  04  22  07  55  00    55.00   -35.00    20.00
2023  04  22  07  56  00    52.00   -33.00    19.00
2023  04  22  07  57  00    53.00   -33.00    20.00
2023  04  22  07  58  00    51.00   -30.00    21.00
2023  04  22  07  59  00    60.00   -39.00    21.00
2023  04  22  08  00  00    57.00   -34.00    23.00
2023  04  22  08  01  00    54.00   -30.00    24.00
2023  04  22  08  02  00    56.00   -31.00    25.00
2023  04  22  08  03  00    53.00   -27.00    26.00
2023  04  22  08  04  00    53.00   -25.00    28.00
2023  04  22  08  05  00    56.00   -24.00    32.00
2023  04  22  08  06  00    59.00   -25.00    34.00
2023  04  22  08  07  00    59.00   -23.00    36.00
2023  04  22  08  08  00    60.00   -23.00    37.00
2023  04  22  08  09  00    62.00   -23.00    39.00
2023  04  22  08  10  00    61.00   -21.00    40.00
2023  04  22  08  11  00    59.00   -19.00    40.00
2023  04  22  08  12  00    60.00   -20.00    40.00
2023  04  22  08  13  00    59.00   -20.00    39.00
2023  04  22  08  14  00    60.00   -22.00    38.00
2023  04  22  08  15  00    67.00   -29.00    38.00
2023  04  22  08  16  00    85.00   -48.00    37.00
2023  04  22  08  17  00    85.00   -49.00    36.00
2023  04  22  08  18  00    85.00   -51.00    34.00
2023  04  22  08  19  00    75.00   -43.00    32.00
2023  04  22  08  20  00    71.00   -40.00    31.00
2023  04  22  08  21  00    80.00   -50.00    30.00
2023  04  22  08  22  00    82.00   -53.00    29.00
2023  04  22  08  23  00    81.00   -53.00    28.00
2023  04  22  08  24  00    74.00   -48.00    26.00
2023  04  22  08  27  00    70.00   -42.00    28.00
2023  04  22  08  28  00    77.00   -46.00    31.00
2023  04  22  08  29  00    77.00   -45.00    32.00
2023  04  22  08  30  00    74.00   -40.00    34.00
2023  04  22  08  31  00    81.00   -43.00    38.00
2023  04  22  08  32  00    83.00   -45.00    38.00
2023  04  22  08  33  00    84.00   -46.00    38.00
2023  04  22  08  34  00    82.00   -47.00    35.00
2023  04  22  08  35  00    78.00   -48.00    30.00
2023  04  22  08  36  00    73.00   -49.00    24.00
2023  04  22  08  37  00    69.00   -49.00    20.00
2023  04  22  08  38  00    69.00   -49.00    20.00
2023  04  22  08  39  00    67.00   -48.00    19.00
2023  04  22  08  40  00    65.00   -47.00    18.00
2023  04  22  08  41  00    65.00   -46.00    19.00
2023  04  22  08  42  00    72.00   -46.00    26.00
2023  04  22  08  43  00    72.00   -47.00    25.00
2023  04  22  08  44  00    70.00   -49.00    21.00
2023  04  22  08  45  00    71.00   -50.00    21.00
2023  04  22  08  46  00    69.00   -49.00    20.00
2023  04  22  08  47  00    67.00   -48.00    19.00
2023  04  22  08  48  00    62.00   -46.00    16.00
2023  04  22  08  49  00    59.00   -45.00    14.00
2023  04  22  08  50  00    59.00   -46.00    13.00
2023  04  22  08  51  00    58.00   -47.00    11.00
2023  04  22  08  52  00    58.00   -48.00    10.00
2023  04  22  08  53  00    57.00   -47.00    10.00
2023  04  22  08  54  00    57.00   -46.00    11.00
2023  04  22  08  55  00    54.00   -43.00    11.00
2023  04  22  08  56  00    52.00   -42.00    10.00
2023  04  22  08  57  00    55.00   -43.00    12.00
2023  04  22  08  58  00    59.00   -46.00    13.00
2023  04  22  08  59  00    61.00   -48.00    13.00
2023  04  22  09  00  00    61.00   -47.00    14.00
2023  04  22  09  01  00    61.00   -46.00    15.00
2023  04  22  09  02  00    59.00   -43.00    16.00
2023  04  22  09  03  00    59.00   -43.00    16.00
2023  04  22  09  04  00    62.00   -44.00    18.00
2023  04  22  09  05  00    63.00   -44.00    19.00
2023  04  22  09  06  00    60.00   -42.00    18.00
2023  04  22  09  07  00    58.00   -41.00    17.00
2023  04  22  09  08  00    55.00   -39.00    16.00
2023  04  22  09  09  00    57.00   -38.00    19.00
2023  04  22  09  10  00    57.00   -37.00    20.00
2023  04  22  09  11  00    58.00   -36.00    22.00
2023  04  22  09  12  00    58.00   -35.00    23.00
2023  04  22  09  13  00    59.00   -35.00    24.00
2023  04  22  09  14  00    61.00   -35.00    26.00
2023  04  22  09  15  00    60.00   -34.00    26.00
2023  04  22  09  16  00    57.00   -34.00    23.00
2023  04  22  09  17  00    56.00   -34.00    22.00
2023  04  22  09  18  00    58.00   -35.00    23.00
2023  04  22  09  19  00    57.00   -35.00    22.00
2023  04  22  09  20  00    56.00   -35.00    21.00
2023  04  22  09  21  00    55.00   -36.00    19.00
2023  04  22  09  22  00    51.00   -35.00    16.00
2023  04  22  09  23  00    50.00   -34.00    16.00
2023  04  22  09  24  00    50.00   -34.00    16.00
2023  04  22  09  25  00    52.00   -35.00    17.00
2023  04  22  09  26  00    52.00   -35.00    17.00
2023  04  22  09  27  00    52.00   -35.00    17.00
2023  04  22  09  28  00    53.00   -35.00    18.00
2023  04  22  09  29  00    52.00   -35.00    17.00
2023  04  22  09  30  00    51.00   -35.00    16.00
2023  04  22  09  31  00    52.00   -35.00    17.00
2023  04  22  09  32  00    52.00   -35.00    17.00
2023  04  22  09  33  00    50.00   -33.00    17.00
2023  04  22  09  34  00    49.00   -33.00    16.00
2023  04  22  09  35  00    49.00   -33.00    16.00
2023  04  22  09  36  00    47.00   -33.00    14.00
2023  04  22  09  37  00    47.00   -33.00    14.00
2023  04  22  09  38  00    47.00   -33.00    14.00
2023  04  22  09  39  00    46.00   -33.00    13.00
2023  04  22  09  40  00    45.00   -33.00    12.00
2023  04  22  09  41  00    44.00   -33.00    11.00
2023  04  22  09  42  00    42.00   -33.00     9.00
2023  04  22  09  43  00    42.00   -33.00     9.00
2023  04  22  09  44  00    42.00   -32.00    10.00
2023  04  22  09  45  00    40.00   -30.00    10.00
2023  04  22  09  46  00    39.00   -29.00    10.00
2023  04  22  09  47  00    38.00   -28.00    10.00
2023  04  22  09  48  00    38.00   -28.00    10.00
2023  04  22  09  49  00    39.00   -29.00    10.00
2023  04  22  09  50  00    39.00   -28.00    11.00
2023  04  22  09  51  00    37.00   -27.00    10.00
2023  04  22  09  52  00    37.00   -26.00    11.00
2023  04  22  09  53  00    37.00   -25.00    12.00
2023  04  22  09  54  00    38.00   -25.00    13.00
2023  04  22  09  55  00    38.00   -25.00    13.00
2023  04  22  09  56  00    39.00   -25.00    14.00
2023  04  22  09  57  00    40.00   -25.00    15.00
2023  04  22  09  58  00    41.00   -24.00    17.00
2023  04  22  09  59  00    40.00   -23.00    17.00
2023  04  22  10  00  00    39.00   -23.00    16.00
2023  04  22  10  01  00    39.00   -25.00    14.00
2023  04  22  10  02  00    39.00   -26.00    13.00
2023  04  22  10  03  00    37.00   -25.00    12.00
2023  04  22  10  04  00    35.00   -23.00    12.00
2023  04  22  10  05  00    35.00   -23.00    12.00
2023  04  22  10  06  00    37.00   -25.00    12.00
2023  04  22  10  07  00    37.00   -25.00    12.00
2023  04  22  10  08  00    38.00   -25.00    13.00
2023  04  22  10  09  00    36.00   -24.00    12.00
2023  04  22  10  10  00    35.00   -23.00    12.00
2023  04  22  10  11  00    36.00   -23.00    13.00
2023  04  22  10  12  00    36.00   -22.00    14.00
2023  04  22  10  13  00    34.00   -20.00    14.00
2023  04  22  10  14  00    33.00   -19.00    14.00
2023  04  22  10  15  00    33.00   -18.00    15.00
2023  04  22  10  16  00    34.00   -17.00    17.00
2023  04  22  10  17  00    34.00   -16.00    18.00
2023  04  22  10  18  00    36.00   -15.00    21.00
2023  04  22  10  19  00    37.00   -15.00    22.00
2023  04  22  10  20  00    39.00   -16.00    23.00
2023  04  22  10  21  00    39.00   -16.00    23.00
2023  04  22  10  22  00    41.00   -17.00    24.00
2023  04  22  10  23  00    41.00   -17.00    24.00
2023  04  22  10  24  00    42.00   -18.00    24.00
2023  04  22  10  25  00    43.00   -18.00    25.00
2023  04  22  10  26  00    44.00   -19.00    25.00
2023  04  22  10  27  00    45.00   -19.00    26.00
2023  04  22  10  28  00    45.00   -18.00    27.00
2023  04  22  10  29  00    47.00   -17.00    30.00
2023  04  22  10  30  00    42.00   -17.00    25.00
2023  04  22  10  31  00    42.00   -18.00    24.00
2023  04  22  10  32  00    43.00   -19.00    24.00
2023  04  22  10  33  00    45.00   -20.00    25.00
2023  04  22  10  34  00    42.00   -18.00    24.00
2023  04  22  10  35  00    44.00   -20.00    24.00
2023  04  22  10  36  00    43.00   -19.00    24.00
2023  04  22  10  37  00    44.00   -19.00    25.00
2023  04  22  10  38  00    45.00   -19.00    26.00
2023  04  22  10  39  00    46.00   -21.00    25.00
2023  04  22  10  40  00    45.00   -21.00    24.00
2023  04  22  10  41  00    45.00   -21.00    24.00
2023  04  22  10  42  00    46.00   -23.00    23.00
2023  04  22  10  43  00    46.00   -24.00    22.00
2023  04  22  10  44  00    47.00   -26.00    21.00
2023  04  22  10  45  00    47.00   -27.00    20.00
2023  04  22  10  46  00    47.00   -27.00    20.00
2023  04  22  10  47  00    46.00   -27.00    19.00
2023  04  22  10  48  00    46.00   -27.00    19.00
2023  04  22  10  49  00    45.00   -27.00    18.00
2023  04  22  10  50  00    46.00   -28.00    18.00
2023  04  22  10  51  00    47.00   -29.00    18.00
2023  04  22  10  52  00    47.00   -29.00    18.00
2023  04  22  10  53  00    47.00   -29.00    18.00
2023  04  22  10  54  00    47.00   -29.00    18.00
2023  04  22  10  55  00    47.00   -29.00    18.00
2023  04  22  10  56  00    46.00   -29.00    17.00
2023  04  22  10  57  00    46.00   -30.00    16.00
2023  04  22  10  58  00    46.00   -30.00    16.00
2023  04  22  10  59  00    45.00   -29.00    16.00
2023  04  22  11  00  00    44.00   -29.00    15.00
2023  04  22  11  01  00    42.00   -28.00    14.00
2023  04  22  11  02  00    43.00   -28.00    15.00
2023  04  22  11  03  00    44.00   -29.00    15.00
2023  04  22  11  04  00    44.00   -29.00    15.00
2023  04  22  11  05  00    45.00   -30.00    15.00
2023  04  22  11  06  00    44.00   -30.00    14.00
2023  04  22  11  07  00    44.00   -30.00    14.00
2023  04  22  11  08  00    43.00   -30.00    13.00
2023  04  22  11  09  00    44.00   -31.00    13.00
2023  04  22  11  10  00    43.00   -30.00    13.00
2023  04  22  11  11  00    43.00   -30.00    13.00
2023  04  22  11  12  00    42.00   -29.00    13.00
2023  04  22  11  13  00    42.00   -29.00    13.00
2023  04  22  11  14  00    43.00   -30.00    13.00
2023  04  22  11  15  00    43.00   -30.00    13.00
2023  04  22  11  16  00    43.00   -30.00    13.00
2023  04  22  11  17  00    45.00   -31.00    14.00
2023  04  22  11  18  00    44.00   -30.00    14.00
2023  04  22  11  19  00    44.00   -30.00    14.00
2023  04  22  11  20  00    44.00   -30.00    14.00
2023  04  22  11  21  00    44.00   -29.00    15.00
2023  04  22  11  22  00    44.00   -29.00    15.00
2023  04  22  11  23  00    44.00   -29.00    15.00
2023  04  22  11  24  00    44.00   -29.00    15.00
2023  04  22  11  25  00    43.00   -28.00    15.00
2023  04  22  11  26  00    42.00   -27.00    15.00
2023  04  22  11  27  00    42.00   -27.00    15.00
2023  04  22  11  28  00    44.00   -28.00    16.00
2023  04  22  11  29  00    43.00   -27.00    16.00
2023  04  22  11  30  00    43.00   -26.00    17.00
2023  04  22  11  31  00    43.00   -26.00    17.00
2023  04  22  11  32  00    43.00   -26.00    17.00
2023  04  22  11  33  00    41.00   -24.00    17.00
2023  04  22  11  34  00    41.00   -23.00    18.00
2023  04  22  11  35  00    42.00   -23.00    19.00
2023  04  22  11  36  00    42.00   -23.00    19.00
2023  04  22  11  37  00    43.00   -23.00    20.00
2023  04  22  11  38  00    42.00   -22.00    20.00
2023  04  22  11  39  00    41.00   -21.00    20.00
2023  04  22  11  40  00    42.00   -22.00    20.00
2023  04  22  11  41  00    43.00   -22.00    21.00
2023  04  22  11  42  00    44.00   -22.00    22.00
2023  04  22  11  43  00    43.00   -21.00    22.00
2023  04  22  11  44  00    44.00   -21.00    23.00
2023  04  22  11  45  00    43.00   -20.00    23.00
2023  04  22  11  46  00    42.00   -19.00    23.00
2023  04  22  11  47  00    46.00   -19.00    27.00
2023  04  22  11  48  00    51.00   -19.00    32.00
2023  04  22  11  49  00    52.00   -19.00    33.00
2023  04  22  11  50  00    46.00   -17.00    29.00
2023  04  22  11  51  00    43.00   -17.00    26.00
2023  04  22  11  52  00    44.00   -18.00    26.00
2023  04  22  11  53  00    43.00   -18.00    25.00
2023  04  22  11  54  00    44.00   -19.00    25.00
2023  04  22  11  55  00    44.00   -19.00    25.00
2023  04  22  11  56  00    48.00   -20.00    28.00
2023  04  22  11  57  00    51.00   -21.00    30.00
2023  04  22  11  58  00    51.00   -22.00    29.00
2023  04  22  11  59  00    48.00   -22.00    26.00
2023  04  22  12  00  00    47.00   -21.00    26.00
2023  04  22  12  01  00    48.00   -21.00    27.00
2023  04  22  12  02  00    45.00   -20.00    25.00
2023  04  22  12  03  00    45.00   -21.00    24.00
2023  04  22  12  04  00    45.00   -21.00    24.00
2023  04  22  12  05  00    46.00   -22.00    24.00
2023  04  22  12  06  00    44.00   -21.00    23.00
2023  04  22  12  07  00    43.00   -21.00    22.00
2023  04  22  12  08  00    44.00   -22.00    22.00
2023  04  22  12  09  00    45.00   -21.00    24.00
2023  04  22  12  10  00    45.00   -21.00    24.00
2023  04  22  12  11  00    45.00   -21.00    24.00
2023  04  22  12  12  00    45.00   -21.00    24.00
2023  04  22  12  13  00    46.00   -20.00    26.00
2023  04  22  12  14  00    49.00   -21.00    28.00
2023  04  22  12  15  00    49.00   -21.00    28.00
2023  04  22  12  16  00    49.00   -21.00    28.00
2023  04  22  12  17  00    48.00   -21.00    27.00
2023  04  22  12  18  00    49.00   -21.00    28.00
2023  04  22  12  19  00    47.00   -20.00    27.00
2023  04  22  12  20  00    47.00   -19.00    28.00
2023  04  22  12  21  00    48.00   -20.00    28.00
2023  04  22  12  22  00    50.00   -20.00    30.00
2023  04  22  12  23  00    52.00   -20.00    32.00
2023  04  22  12  24  00    53.00   -21.00    32.00
2023  04  22  12  25  00    53.00   -22.00    31.00
2023  04  22  12  26  00    52.00   -22.00    30.00
2023  04  22  12  27  00    51.00   -21.00    30.00
2023  04  22  12  28  00    55.00   -23.00    32.00
2023  04  22  12  29  00    58.00   -24.00    34.00
2023  04  22  12  30  00    62.00   -26.00    36.00
2023  04  22  12  31  00    62.00   -28.00    34.00
2023  04  22  12  32  00    62.00   -31.00    31.00
2023  04  22  12  33  00    60.00   -28.00    32.00
2023  04  22  12  34  00    63.00   -34.00    29.00
2023  04  22  12  35  00    65.00   -37.00    28.00
2023  04  22  12  36  00    79.00   -50.00    29.00
2023  04  22  12  37  00    80.00   -50.00    30.00
2023  04  22  12  38  00    82.00   -52.00    30.00
2023  04  22  12  39  00    86.00   -56.00    30.00
2023  04  22  12  40  00    90.00   -60.00    30.00
2023  04  22  12  41  00    85.00   -54.00    31.00
2023  04  22  12  42  00   102.00   -71.00    31.00
2023  04  22  12  43  00   103.00   -71.00    32.00
2023  04  22  12  44  00   104.00   -68.00    36.00
2023  04  22  12  45  00    96.00   -59.00    37.00
2023  04  22  12  46  00    82.00   -50.00    32.00
2023  04  22  12  47  00   107.00   -75.00    32.00
2023  04  22  12  48  00   149.00  -115.00    34.00
2023  04  22  12  49  00   125.00   -91.00    34.00
2023  04  22  12  50  00   123.00   -90.00    33.00
2023  04  22  12  51  00   148.00  -114.00    34.00
2023  04  22  12  52  00   134.00  -102.00    32.00
2023  04  22  12  53  00   121.00   -89.00    32.00
2023  04  22  12  54  00   112.00   -78.00    34.00
2023  04  22  12  55  00    86.00   -52.00    34.00
2023  04  22  12  56  00    95.00   -62.00    33.00
2023  04  22  12  57  00    98.00   -67.00    31.00
2023  04  22  12  58  00   155.00  -123.00    32.00
2023  04  22  12  59  00   156.00  -124.00    32.00
2023  04  22  13  00  00   146.00  -112.00    34.00
2023  04  22  13  01  00   126.00   -92.00    34.00
2023  04  22  13  02  00   102.00   -69.00    33.00
2023  04  22  13  03  00    82.00   -48.00    34.00
2023  04  22  13  04  00    83.00   -49.00    34.00
2023  04  22  13  05  00    94.00   -60.00    34.00
2023  04  22  13  06  00    91.00   -58.00    33.00
2023  04  22  13  07  00    77.00   -45.00    32.00
2023  04  22  13  08  00    71.00   -40.00    31.00
2023  04  22  13  09  00    74.00   -43.00    31.00
2023  04  22  13  10  00    78.00   -48.00    30.00
2023  04  22  13  11  00    84.00   -54.00    30.00
2023  04  22  13  13  00    93.00   -64.00    29.00
2023  04  22  13  14  00    99.00   -70.00    29.00
2023  04  22  13  15  00   100.00   -72.00    28.00
2023  04  22  13  16  00    94.00   -66.00    28.00
2023  04  22  13  17  00    93.00   -66.00    27.00
2023  04  22  13  18  00    88.00   -62.00    26.00
2023  04  22  13  19  00    85.00   -60.00    25.00
2023  04  22  13  20  00    83.00   -59.00    24.00
2023  04  22  13  21  00    82.00   -59.00    23.00
2023  04  22  13  22  00    81.00   -59.00    22.00
2023  04  22  13  23  00    83.00   -60.00    23.00
2023  04  22  13  24  00    83.00   -61.00    22.00
2023  04  22  13  25  00    86.00   -64.00    22.00
2023  04  22  13  26  00    85.00   -64.00    21.00
2023  04  22  13  27  00    88.00   -67.00    21.00
2023  04  22  13  28  00    88.00   -68.00    20.00
2023  04  22  13  29  00    82.00   -62.00    20.00
2023  04  22  13  30  00    75.00   -55.00    20.00
2023  04  22  13  31  00    76.00   -56.00    20.00
2023  04  22  13  32  00    79.00   -59.00    20.00
2023  04  22  13  33  00    83.00   -64.00    19.00
2023  04  22  13  34  00    83.00   -65.00    18.00
2023  04  22  13  35  00    85.00   -68.00    17.00
2023  04  22  13  36  00    91.00   -74.00    17.00
2023  04  22  13  37  00    93.00   -76.00    17.00
2023  04  22  13  38  00    91.00   -75.00    16.00
2023  04  22  13  39  00    88.00   -73.00    15.00
2023  04  22  13  40  00    88.00   -72.00    16.00
2023  04  22  13  41  00    84.00   -68.00    16.00
2023  04  22  13  42  00    77.00   -61.00    16.00
2023  04  22  13  43  00    71.00   -55.00    16.00
2023  04  22  13  44  00    67.00   -51.00    16.00
2023  04  22  13  45  00    66.00   -50.00    16.00
2023  04  22  13  46  00    66.00   -50.00    16.00
2023  04  22  13  47  00    63.00   -47.00    16.00
2023  04  22  13  48  00    63.00   -47.00    16.00
2023  04  22  13  49  00    63.00   -48.00    15.00
2023  04  22  13  50  00    61.00   -46.00    15.00
2023  04  22  13  51  00    58.00   -43.00    15.00
2023  04  22  13  52  00    58.00   -42.00    16.00
2023  04  22  13  53  00    59.00   -42.00    17.00
2023  04  22  13  54  00    61.00   -44.00    17.00
2023  04  22  13  55  00    63.00   -47.00    16.00
2023  04  22  13  56  00    66.00   -50.00    16.00
2023  04  22  13  57  00    65.00   -51.00    14.00
2023  04  22  13  58  00    63.00   -48.00    15.00
2023  04  22  13  59  00    63.00   -47.00    16.00
2023  04  22  14  00  00    63.00   -47.00    16.00
2023  04  22  14  01  00    65.00   -49.00    16.00
2023  04  22  14  02  00    68.00   -51.00    17.00
2023  04  22  14  03  00    68.00   -52.00    16.00
2023  04  22  14  04  00    71.00   -53.00    18.00
2023  04  22  14  05  00    73.00   -55.00    18.00
2023  04  22  14  06  00    76.00   -58.00    18.00
2023  04  22  14  07  00    76.00   -58.00    18.00
2023  04  22  14  08  00    75.00   -56.00    19.00
2023  04  22  14  09  00    72.00   -53.00    19.00
2023  04  22  14  10  00    70.00   -52.00    18.00
2023  04  22  14  11  00    70.00   -53.00    17.00
2023  04  22  14  12  00    72.00   -55.00    17.00
2023  04  22  14  13  00    74.00   -56.00    18.00
2023  04  22  14  14  00    77.00   -57.00    20.00
2023  04  22  14  15  00    79.00   -58.00    21.00
2023  04  22  14  16  00    79.00   -59.00    20.00
2023  04  22  14  17  00    76.00   -58.00    18.00
2023  04  22  14  18  00    73.00   -55.00    18.00
2023  04  22  14  19  00    70.00   -52.00    18.00
2023  04  22  14  20  00    67.00   -50.00    17.00
2023  04  22  14  21  00    62.00   -46.00    16.00
2023  04  22  14  22  00    58.00   -42.00    16.00
2023  04  22  14  23  00    55.00   -39.00    16.00
2023  04  22  14  24  00    54.00   -37.00    17.00
2023  04  22  14  25  00    54.00   -35.00    19.00
2023  04  22  14  26  00    53.00   -32.00    21.00
2023  04  22  14  27  00    51.00   -30.00    21.00
2023  04  22  14  28  00    51.00   -31.00    20.00
2023  04  22  14  29  00    53.00   -34.00    19.00
2023  04  22  14  30  00    59.00   -40.00    19.00
2023  04  22  14  31  00    66.00   -46.00    20.00
2023  04  22  14  32  00    72.00   -51.00    21.00
2023  04  22  14  33  00    77.00   -54.00    23.00
2023  04  22  14  34  00    75.00   -53.00    22.00
2023  04  22  14  35  00    72.00   -52.00    20.00
2023  04  22  14  36  00    70.00   -51.00    19.00
2023  04  22  14  37  00    69.00   -49.00    20.00
2023  04  22  14  38  00    65.00   -45.00    20.00
2023  04  22  14  39  00    65.00   -44.00    21.00
2023  04  22  14  40  00    68.00   -47.00    21.00
2023  04  22  14  41  00    70.00   -50.00    20.00
2023  04  22  14  42  00    71.00   -51.00    20.00
2023  04  22  14  43  00    72.00   -51.00    21.00
2023  04  22  14  44  00    71.00   -50.00    21.00
2023  04  22  14  45  00    70.00   -49.00    21.00
2023  04  22  14  46  00    67.00   -46.00    21.00
2023  04  22  14  47  00    65.00   -43.00    22.00
2023  04  22  14  48  00    65.00   -43.00    22.00
2023  04  22  14  49  00    67.00   -45.00    22.00
2023  04  22  14  50  00    67.00   -46.00    21.00
2023  04  22  14  51  00    64.00   -44.00    20.00
2023  04  22  14  52  00    61.00   -41.00    20.00
2023  04  22  14  53  00    60.00   -39.00    21.00
2023  04  22  14  54  00    59.00   -36.00    23.00
2023  04  22  14  55  00    58.00   -35.00    23.00
2023  04  22  14  56  00    58.00   -35.00    23.00
2023  04  22  14  57  00    58.00   -35.00    23.00
2023  04  22  14  58  00    58.00   -35.00    23.00
2023  04  22  14  59  00    56.00   -35.00    21.00
2023  04  22  15  00  00    54.00   -35.00    19.00
2023  04  22  15  01  00    53.00   -34.00    19.00
2023  04  22  15  02  00    53.00   -33.00    20.00
2023  04  22  15  03  00    53.00   -34.00    19.00
2023  04  22  15  04  00    54.00   -35.00    19.00
2023  04  22  15  05  00    55.00   -37.00    18.00
2023  04  22  15  06  00    57.00   -38.00    19.00
2023  04  22  15  07  00    56.00   -37.00    19.00
2023  04  22  15  08  00    56.00   -37.00    19.00
2023  04  22  15  09  00    57.00   -37.00    20.00
2023  04  22  15  10  00    60.00   -38.00    22.00
2023  04  22  15  11  00    62.00   -37.00    25.00
2023  04  22  15  12  00    64.00   -37.00    27.00
2023  04  22  15  13  00    67.00   -38.00    29.00
2023  04  22  15  14  00    71.00   -40.00    31.00
2023  04  22  15  15  00    78.00   -43.00    35.00
2023  04  22  15  16  00    82.00   -44.00    38.00
2023  04  22  15  17  00    82.00   -44.00    38.00
2023  04  22  15  18  00    86.00   -45.00    41.00
2023  04  22  15  19  00    87.00   -45.00    42.00
2023  04  22  15  20  00    85.00   -43.00    42.00
2023  04  22  15  21  00    79.00   -38.00    41.00
2023  04  22  15  22  00    75.00   -36.00    39.00
2023  04  22  15  23  00    73.00   -36.00    37.00
2023  04  22  15  24  00    71.00   -37.00    34.00
2023  04  22  15  25  00    69.00   -38.00    31.00
2023  04  22  15  26  00    65.00   -37.00    28.00
2023  04  22  15  27  00    64.00   -37.00    27.00
2023  04  22  15  28  00    64.00   -37.00    27.00
2023  04  22  15  29  00    65.00   -38.00    27.00
2023  04  22  15  30  00    67.00   -38.00    29.00
2023  04  22  15  31  00    70.00   -39.00    31.00
2023  04  22  15  32  00    70.00   -40.00    30.00
2023  04  22  15  33  00    76.00   -45.00    31.00
2023  04  22  15  34  00    86.00   -53.00    33.00
2023  04  22  15  35  00    91.00   -56.00    35.00
2023  04  22  15  36  00    94.00   -58.00    36.00
2023  04  22  15  37  00    97.00   -60.00    37.00
2023  04  22  15  38  00   100.00   -63.00    37.00
2023  04  22  15  39  00   104.00   -66.00    38.00
2023  04  22  15  40  00   108.00   -69.00    39.00
2023  04  22  15  41  00   112.00   -72.00    40.00
2023  04  22  15  42  00   115.00   -74.00    41.00
2023  04  22  15  43  00   116.00   -76.00    40.00
2023  04  22  15  44  00   119.00   -80.00    39.00
2023  04  22  15  45  00   123.00   -85.00    38.00
2023  04  22  15  46  00   125.00   -88.00    37.00
2023  04  22  15  47  00   128.00   -91.00    37.00
2023  04  22  15  48  00   135.00   -97.00    38.00
2023  04  22  15  49  00   142.00  -103.00    39.00
2023  04  22  15  50  00   148.00  -106.00    42.00
2023  04  22  15  51  00   148.00  -105.00    43.00
2023  04  22  15  52  00   143.00  -101.00    42.00
2023  04  22  15  53  00   135.00   -95.00    40.00
2023  04  22  15  54  00   126.00   -86.00    40.00
2023  04  22  15  55  00   119.00   -79.00    40.00
2023  04  22  15  56  00   111.00   -72.00    39.00
2023  04  22  15  57  00   106.00   -69.00    37.00
2023  04  22  15  58  00   114.00   -77.00    37.00
2023  04  22  15  59  00   117.00   -83.00    34.00
2023  04  22  16  00  00   118.00   -85.00    33.00
2023  04  22  16  02  00   132.00   -99.00    33.00
2023  04  22  16  03  00   155.00  -118.00    37.00
2023  04  22  16  04  00   179.00  -137.00    42.00
2023  04  22  16  05  00   204.00  -157.00    47.00
2023  04  22  16  06  00   218.00  -170.00    48.00
2023  04  22  16  07  00   204.00  -158.00    46.00
2023  04  22  16  08  00   196.00  -149.00    47.00
2023  04  22  16  09  00   200.00  -155.00    45.00
2023  04  22  16  10  00   183.00  -143.00    40.00
2023  04  22  16  11  00   176.00  -137.00    39.00
2023  04  22  16  12  00   174.00  -134.00    40.00
2023  04  22  16  13  00   166.00  -128.00    38.00
2023  04  22  16  14  00   159.00  -123.00    36.00
2023  04  22  16  15  00   162.00  -128.00    34.00
2023  04  22  16  16  00   170.00  -139.00    31.00
2023  04  22  16  17  00   178.00  -149.00    29.00
2023  04  22  16  18  00   187.00  -158.00    29.00
2023  04  22  16  19  00   191.00  -162.00    29.00
2023  04  22  16  20  00   186.00  -159.00    27.00
2023  04  22  16  21  00   178.00  -151.00    27.00
2023  04  22  16  22  00   166.00  -140.00    26.00
2023  04  22  16  23  00   151.00  -127.00    24.00
2023  04  22  16  24  00   139.00  -117.00    22.00
2023  04  22  16  25  00   137.00  -112.00    25.00
2023  04  22  16  26  00   131.00  -107.00    24.00
2023  04  22  16  27  00   122.00   -97.00    25.00
2023  04  22  16  28  00   112.00   -87.00    25.00
2023  04  22  16  29  00   100.00   -78.00    22.00
2023  04  22  16  30  00    96.00   -74.00    22.00
2023  04  22  16  31  00    96.00   -74.00    22.00
2023  04  22  16  32  00    98.00   -77.00    21.00
2023  04  22  16  33  00   100.00   -80.00    20.00
2023  04  22  16  34  00   102.00   -82.00    20.00
2023  04  22  16  35  00   105.00   -83.00    22.00
2023  04  22  16  38  00   102.00   -80.00    22.00
2023  04  22  16  39  00   101.00   -79.00    22.00
2023  04  22  16  40  00   101.00   -79.00    22.00
2023  04  22  16  41  00   104.00   -80.00    24.00
2023  04  22  16  42  00   110.00   -82.00    28.00
2023  04  22  16  43  00   113.00   -83.00    30.00
2023  04  22  16  44  00   112.00   -82.00    30.00
2023  04  22  16  45  00   106.00   -76.00    30.00
2023  04  22  16  46  00   100.00   -69.00    31.00
2023  04  22  16  47  00    93.00   -61.00    32.00
2023  04  22  16  48  00    91.00   -58.00    33.00
2023  04  22  16  49  00    94.00   -61.00    33.00
2023  04  22  16  50  00   100.00   -65.00    35.00
2023  04  22  16  51  00   100.00   -63.00    37.00
2023  04  22  16  52  00   100.00   -62.00    38.00
2023  04  22  16  53  00   103.00   -62.00    41.00
2023  04  22  16  54  00   109.00   -68.00    41.00
2023  04  22  16  55  00   120.00   -78.00    42.00
2023  04  22  16  56  00   130.00   -86.00    44.00
2023  04  22  16  57  00   133.00   -85.00    48.00
2023  04  22  16  58  00   128.00   -77.00    51.00
2023  04  22  16  59  00   128.00   -76.00    52.00
2023  04  22  17  00  00   138.00   -84.00    54.00
2023  04  22  17  01  00   164.00  -108.00    56.00
2023  04  22  17  02  00   181.00  -122.00    59.00
2023  04  22  17  03  00   210.00  -152.00    58.00
2023  04  22  17  04  00   189.00  -131.00    58.00
2023  04  22  17  05  00   197.00  -139.00    58.00
2023  04  22  17  06  00   161.00  -102.00    59.00
2023  04  22  17  07  00   262.00  -201.00    61.00
2023  04  22  17  08  00   279.00  -218.00    61.00
2023  04  22  17  09  00   216.00  -153.00    63.00
2023  04  22  17  10  00   197.00  -134.00    63.00
2023  04  22  17  11  00   178.00  -115.00    63.00
2023  04  22  17  13  00   195.00  -130.00    65.00
2023  04  22  17  14  00   194.00  -127.00    67.00
2023  04  22  17  15  00   195.00  -128.00    67.00
2023  04  22  17  16  00   201.00  -137.00    64.00
2023  04  22  17  17  00   195.00  -129.00    66.00
2023  04  22  17  18  00   202.00  -134.00    68.00
2023  04  22  17  19  00   202.00  -134.00    68.00
2023  04  22  17  20  00   229.00  -161.00    68.00
2023  04  22  17  21  00   232.00  -164.00    68.00
2023  04  22  17  22  00   217.00  -150.00    67.00
2023  04  22  17  23  00   209.00  -142.00    67.00
2023  04  22  17  24  00   210.00  -143.00    67.00
2023  04  22  17  25  00   217.00  -151.00    66.00
2023  04  22  17  26  00   218.00  -152.00    66.00
2023  04  22  17  27  00   206.00  -141.00    65.00
2023  04  22  17  28  00   205.00  -139.00    66.00
2023  04  22  17  29  00   213.00  -144.00    69.00
2023  04  22  17  30  00   213.00  -142.00    71.00
2023  04  22  17  31  00   209.00  -137.00    72.00
2023  04  22  17  32  00   219.00  -147.00    72.00
2023  04  22  17  33  00   233.00  -160.00    73.00
2023  04  22  17  34  00   236.00  -164.00    72.00
2023  04  22  17  35  00   225.00  -155.00    70.00
2023  04  22  17  36  00   235.00  -164.00    71.00
2023  04  22  17  37  00   255.00  -183.00    72.00
2023  04  22  17  38  00   259.00  -188.00    71.00
2023  04  22  17  39  00   258.00  -187.00    71.00
2023  04  22  17  40  00   268.00  -196.00    72.00
2023  04  22  17  41  00   277.00  -205.00    72.00
2023  04  22  17  42  00   280.00  -207.00    73.00
2023  04  22  17  43  00   281.00  -206.00    75.00
2023  04  22  17  44  00   289.00  -213.00    76.00
2023  04  22  17  45  00   291.00  -213.00    78.00
2023  04  22  17  46  00   293.00  -213.00    80.00
2023  04  22  17  47  00   298.00  -215.00    83.00
2023  04  22  17  48  00   308.00  -224.00    84.00
2023  04  22  17  49  00   315.00  -231.00    84.00
2023  04  22  17  50  00   329.00  -247.00    82.00
2023  04  22  17  51  00   341.00  -257.00    84.00
2023  04  22  17  52  00   342.00  -256.00    86.00
2023  04  22  17  53  00   344.00  -256.00    88.00
2023  04  22  17  54  00   353.00  -264.00    89.00
2023  04  22  17  55  00   360.00  -270.00    90.00
2023  04  22  17  56  00   356.00  -265.00    91.00
2023  04  22  17  57  00   350.00  -258.00    92.00
2023  04  22  17  58  00   353.00  -261.00    92.00
2023  04  22  17  59  00   356.00  -265.00    91.00
2023  04  22  18  00  00   351.00  -262.00    89.00
2023  04  22  18  01  00   352.00  -264.00    88.00
2023  04  22  18  02  00   347.00  -261.00    86.00
2023  04  22  18  03  00   348.00  -262.00    86.00
2023  04  22  18  04  00   351.00  -263.00    88.00
2023  04  22  18  05  00   355.00  -267.00    88.00
2023  04  22  18  06  00   355.00  -266.00    89.00
2023  04  22  18  07  00   356.00  -267.00    89.00
2023  04  22  18  08  00   361.00  -272.00    89.00
2023  04  22  18  09  00   357.00  -267.00    90.00
2023  04  22  18  10  00   346.00  -257.00    89.00
2023  04  22  18  11  00   341.00  -253.00    88.00
2023  04  22  18  12  00   350.00  -262.00    88.00
2023  04  22  18  13  00   355.00  -266.00    89.00
2023  04  22  18  14  00   359.00  -271.00    88.00
2023  04  22  18  15  00   360.00  -272.00    88.00
2023  04  22  18  16  00   361.00  -272.00    89.00
2023  04  22  18  17  00   350.00  -257.00    93.00
2023  04  22  18  18  00   349.00  -257.00    92.00
2023  04  22  18  19  00   354.00  -263.00    91.00
2023  04  22  18  20  00   363.00  -274.00    89.00
2023  04  22  18  21  00   358.00  -269.00    89.00
2023  04  22  18  22  00   341.00  -250.00    91.00
2023  04  22  18  23  00   343.00  -252.00    91.00
2023  04  22  18  24  00   344.00  -254.00    90.00
2023  04  22  18  25  00   342.00  -250.00    92.00
2023  04  22  18  26  00   332.00  -240.00    92.00
2023  04  22  18  27  00   319.00  -229.00    90.00
2023  04  22  18  28  00   307.00  -219.00    88.00
2023  04  22  18  29  00   308.00  -220.00    88.00
2023  04  22  18  30  00   315.00  -224.00    91.00
2023  04  22  18  31  00   314.00  -220.00    94.00
2023  04  22  18  32  00   312.00  -218.00    94.00
2023  04  22  18  33  00   307.00  -212.00    95.00
2023  04  22  18  34  00   315.00  -217.00    98.00
2023  04  22  18  35  00   337.00  -236.00   101.00
2023  04  22  18  36  00   349.00  -246.00   103.00
2023  04  22  18  37  00   347.00  -243.00   104.00
2023  04  22  18  38  00   338.00  -235.00   103.00
2023  04  22  18  39  00   340.00  -237.00   103.00
2023  04  22  18  40  00   339.00  -234.00   105.00
2023  04  22  18  41  00   337.00  -231.00   106.00
2023  04  22  18  42  00   335.00  -228.00   107.00
2023  04  22  18  43  00   335.00  -227.00   108.00
2023  04  22  18  44  00   340.00  -232.00   108.00
2023  04  22  18  45  00   351.00  -243.00   108.00
2023  04  22  18  46  00   362.00  -255.00   107.00
2023  04  22  18  47  00   355.00  -247.00   108.00
2023  04  22  18  48  00   356.00  -249.00   107.00
2023  04  22  18  49  00   362.00  -255.00   107.00
2023  04  22  18  50  00   363.00  -255.00   108.00
2023  04  22  18  51  00   352.00  -243.00   109.00
2023  04  22  18  52  00   347.00  -238.00   109.00
2023  04  22  18  53  00   353.00  -243.00   110.00
2023  04  22  18  54  00   336.00  -227.00   109.00
2023  04  22  18  55  00   316.00  -207.00   109.00
2023  04  22  18  56  00   317.00  -208.00   109.00
2023  04  22  18  57  00   315.00  -207.00   108.00
2023  04  22  18  58  00   311.00  -203.00   108.00
2023  04  22  18  59  00   307.00  -200.00   107.00
2023  04  22  19  00  00   303.00  -196.00   107.00
2023  04  22  19  01  00   304.00  -196.00   108.00
2023  04  22  19  02  00   300.00  -193.00   107.00
2023  04  22  19  03  00   299.00  -193.00   106.00
2023  04  22  19  04  00   301.00  -196.00   105.00
2023  04  22  19  06  00   306.00  -201.00   105.00
2023  04  22  19  07  00   310.00  -204.00   106.00
2023  04  22  19  08  00   308.00  -204.00   104.00
2023  04  22  19  09  00   306.00  -203.00   103.00
2023  04  22  19  10  00   302.00  -199.00   103.00
2023  04  22  19  11  00   298.00  -195.00   103.00
2023  04  22  19  12  00   293.00  -191.00   102.00
2023  04  22  19  13  00   290.00  -189.00   101.00
2023  04  22  19  14  00   287.00  -186.00   101.00
2023  04  22  19  15  00   282.00  -182.00   100.00
2023  04  22  19  16  00   281.00  -181.00   100.00
2023  04  22  19  17  00   280.00  -180.00   100.00
2023  04  22  19  18  00   279.00  -180.00    99.00
2023  04  22  19  19  00   277.00  -178.00    99.00
2023  04  22  19  20  00   275.00  -175.00   100.00
2023  04  22  19  21  00   276.00  -174.00   102.00
2023  04  22  19  22  00   275.00  -172.00   103.00
2023  04  22  19  23  00   274.00  -171.00   103.00
2023  04  22  19  24  00   271.00  -167.00   104.00
2023  04  22  19  25  00   267.00  -161.00   106.00
2023  04  22  19  26  00   265.00  -157.00   108.00
2023  04  22  19  27  00   262.00  -154.00   108.00
2023  04  22  19  28  00   261.00  -152.00   109.00
2023  04  22  19  29  00   261.00  -151.00   110.00
2023  04  22  19  30  00   262.00  -151.00   111.00
2023  04  22  19  31  00   263.00  -151.00   112.00
2023  04  22  19  32  00   267.00  -155.00   112.00
2023  04  22  19  33  00   273.00  -156.00   117.00
2023  04  22  19  34  00   279.00  -159.00   120.00
2023  04  22  19  35  00   280.00  -158.00   122.00
2023  04  22  19  36  00   285.00  -162.00   123.00
2023  04  22  19  37  00   293.00  -169.00   124.00
2023  04  22  19  38  00   300.00  -174.00   126.00
2023  04  22  19  39  00   307.00  -178.00   129.00
2023  04  22  19  40  00   315.00  -185.00   130.00
2023  04  22  19  41  00   317.00  -190.00   127.00
2023  04  22  19  42  00   314.00  -189.00   125.00
2023  04  22  19  43  00   308.00  -184.00   124.00
2023  04  22  19  44  00   313.00  -190.00   123.00
2023  04  22  19  45  00   319.00  -194.00   125.00
2023  04  22  19  46  00   331.00  -205.00   126.00
2023  04  22  19  47  00   336.00  -214.00   122.00
2023  04  22  19  48  00   340.00  -222.00   118.00
2023  04  22  19  49  00   335.00  -219.00   116.00
2023  04  22  19  50  00   327.00  -212.00   115.00
2023  04  22  19  51  00   318.00  -204.00   114.00
2023  04  22  19  52  00   311.00  -198.00   113.00
2023  04  22  19  53  00   306.00  -199.00   107.00
2023  04  22  19  54  00   303.00  -201.00   102.00
2023  04  22  19  55  00   300.00  -200.00   100.00
2023  04  22  19  56  00   289.00  -190.00    99.00
2023  04  22  19  57  00   282.00  -184.00    98.00
2023  04  22  19  58  00   277.00  -182.00    95.00
2023  04  22  19  59  00   278.00  -186.00    92.00
2023  04  22  20  00  00   278.00  -189.00    89.00
2023  04  22  20  01  00   275.00  -189.00    86.00
2023  04  22  20  02  00   274.00  -190.00    84.00
2023  04  22  20  03  00   273.00  -191.00    82.00
2023  04  22  20  04  00   262.00  -182.00    80.00
2023  04  22  20  05  00   257.00  -178.00    79.00
2023  04  22  20  06  00   252.00  -174.00    78.00
2023  04  22  20  07  00   251.00  -173.00    78.00
2023  04  22  20  08  00   256.00  -172.00    84.00
2023  04  22  20  09  00   251.00  -171.00    80.00
2023  04  22  20  10  00   245.00  -173.00    72.00
2023  04  22  20  11  00   247.00  -177.00    70.00
2023  04  22  20  12  00   250.00  -183.00    67.00
2023  04  22  20  13  00   258.00  -193.00    65.00
2023  04  22  20  14  00   263.00  -199.00    64.00
2023  04  22  20  15  00   257.00  -195.00    62.00
2023  04  22  20  16  00   252.00  -189.00    63.00
2023  04  22  20  17  00   241.00  -177.00    64.00
2023  04  22  20  18  00   229.00  -165.00    64.00
2023  04  22  20  19  00   222.00  -160.00    62.00
2023  04  22  20  20  00   216.00  -155.00    61.00
2023  04  22  20  21  00   227.00  -166.00    61.00
2023  04  22  20  22  00   232.00  -172.00    60.00
2023  04  22  20  23  00   217.00  -157.00    60.00
2023  04  22  20  24  00   216.00  -157.00    59.00
2023  04  22  20  25  00   221.00  -162.00    59.00
2023  04  22  20  26  00   226.00  -168.00    58.00
2023  04  22  20  27  00   220.00  -163.00    57.00
2023  04  22  20  28  00   240.00  -183.00    57.00
2023  04  22  20  29  00   253.00  -197.00    56.00
2023  04  22  20  30  00   259.00  -204.00    55.00
2023  04  22  20  31  00   254.00  -201.00    53.00
2023  04  22  20  32  00   252.00  -200.00    52.00
2023  04  22  20  33  00   247.00  -192.00    55.00
2023  04  22  20  34  00   237.00  -183.00    54.00
2023  04  22  20  35  00   235.00  -183.00    52.00
2023  04  22  20  36  00   234.00  -178.00    56.00
2023  04  22  20  37  00   230.00  -175.00    55.00
2023  04  22  20  38  00   225.00  -173.00    52.00
2023  04  22  20  39  00   220.00  -169.00    51.00
2023  04  22  20  40  00   212.00  -161.00    51.00
2023  04  22  20  41  00   201.00  -152.00    49.00
2023  04  22  20  42  00   193.00  -147.00    46.00
2023  04  22  20  43  00   193.00  -147.00    46.00
2023  04  22  20  44  00   194.00  -148.00    46.00
2023  04  22  20  45  00   195.00  -147.00    48.00
2023  04  22  20  46  00   191.00  -144.00    47.00
2023  04  22  20  47  00   188.00  -142.00    46.00
2023  04  22  20  48  00   186.00  -140.00    46.00
2023  04  22  20  49  00   185.00  -139.00    46.00
2023  04  22  20  50  00   181.00  -135.00    46.00
2023  04  22  20  51  00   173.00  -128.00    45.00
2023  04  22  20  52  00   166.00  -122.00    44.00
2023  04  22  20  53  00   159.00  -116.00    43.00
2023  04  22  20  54  00   152.00  -111.00    41.00
2023  04  22  20  55  00   150.00  -110.00    40.00
2023  04  22  20  56  00   147.00  -108.00    39.00
2023  04  22  20  57  00   147.00  -107.00    40.00
2023  04  22  20  58  00   147.00  -106.00    41.00
2023  04  22  20  59  00   145.00  -104.00    41.00
2023  04  22  21  00  00   141.00  -100.00    41.00
2023  04  22  21  01  00   138.00   -96.00    42.00
2023  04  22  21  02  00   135.00   -92.00    43.00
2023  04  22  21  03  00   136.00   -90.00    46.00
2023  04  22  21  04  00   132.00   -85.00    47.00
2023  04  22  21  05  00   129.00   -83.00    46.00
2023  04  22  21  06  00   135.00   -85.00    50.00
2023  04  22  21  07  00   129.00   -78.00    51.00
2023  04  22  21  08  00   127.00   -77.00    50.00
2023  04  22  21  09  00   123.00   -75.00    48.00
2023  04  22  21  10  00   123.00   -79.00    44.00
2023  04  22  21  11  00   129.00   -88.00    41.00
2023  04  22  21  12  00   132.00   -91.00    41.00
2023  04  22  21  13  00   130.00   -89.00    41.00
2023  04  22  21  14  00   125.00   -84.00    41.00
2023  04  22  21  15  00   132.00   -88.00    44.00
2023  04  22  21  16  00   131.00   -88.00    43.00
2023  04  22  21  17  00   132.00   -90.00    42.00
2023  04  22  21  18  00   139.00   -99.00    40.00
2023  04  22  21  19  00   144.00  -103.00    41.00
2023  04  22  21  20  00   143.00  -101.00    42.00
2023  04  22  21  21  00   144.00  -102.00    42.00
2023  04  22  21  22  00   151.00  -109.00    42.00
2023  04  22  21  23  00   137.00   -95.00    42.00
2023  04  22  21  24  00   128.00   -88.00    40.00
2023  04  22  21  25  00   130.00   -90.00    40.00
2023  04  22  21  26  00   132.00   -93.00    39.00
2023  04  22  21  27  00   131.00   -93.00    38.00
2023  04  22  21  28  00   131.00   -94.00    37.00
2023  04  22  21  29  00   126.00   -89.00    37.00
2023  04  22  21  30  00   124.00   -87.00    37.00
2023  04  22  21  31  00   122.00   -85.00    37.00
2023  04  22  21  32  00   114.00   -77.00    37.00
2023  04  22  21  33  00   112.00   -73.00    39.00
2023  04  22  21  34  00   104.00   -65.00    39.00
2023  04  22  21  35  00    98.00   -59.00    39.00
2023  04  22  21  36  00   103.00   -64.00    39.00
2023  04  22  21  37  00   112.00   -73.00    39.00
2023  04  22  21  38  00   118.00   -77.00    41.00
2023  04  22  21  39  00   117.00   -72.00    45.00
2023  04  22  21  40  00   123.00   -76.00    47.00
2023  04  22  21  41  00   152.00  -100.00    52.00
2023  04  22  21  42  00   154.00  -108.00    46.00
2023  04  22  21  43  00   171.00  -120.00    51.00
2023  04  22  21  44  00   180.00  -127.00    53.00
2023  04  22  21  45  00   187.00  -133.00    54.00
2023  04  22  21  46  00   188.00  -133.00    55.00
2023  04  22  21  47  00   195.00  -137.00    58.00
2023  04  22  21  48  00   186.00  -127.00    59.00
2023  04  22  21  49  00   181.00  -120.00    61.00
2023  04  22  21  50  00   173.00  -109.00    64.00
2023  04  22  21  51  00   156.00   -93.00    63.00
2023  04  22  21  52  00   150.00   -91.00    59.00
2023  04  22  21  53  00   154.00   -90.00    64.00
2023  04  22  21  54  00   158.00   -91.00    67.00
2023  04  22  21  55  00   159.00   -90.00    69.00
2023  04  22  21  56  00   159.00   -87.00    72.00
2023  04  22  21  57  00   161.00   -85.00    76.00
2023  04  22  21  58  00   158.00   -80.00    78.00
2023  04  22  21  59  00   156.00   -78.00    78.00
2023  04  22  22  00  00   158.00   -80.00    78.00
2023  04  22  22  01  00   159.00   -82.00    77.00
2023  04  22  22  02  00   160.00   -82.00    78.00
2023  04  22  22  03  00   161.00   -82.00    79.00
2023  04  22  22  04  00   170.00   -86.00    84.00
2023  04  22  22  05  00   177.00   -89.00    88.00
2023  04  22  22  06  00   179.00   -89.00    90.00
2023  04  22  22  07  00   179.00   -89.00    90.00
2023  04  22  22  08  00   177.00   -88.00    89.00
2023  04  22  22  09  00   176.00   -88.00    88.00
2023  04  22  22  10  00   180.00   -90.00    90.00
2023  04  22  22  11  00   183.00   -92.00    91.00
2023  04  22  22  12  00   184.00   -93.00    91.00
2023  04  22  22  13  00   183.00   -92.00    91.00
2023  04  22  22  14  00   183.00   -91.00    92.00
2023  04  22  22  15  00   186.00   -94.00    92.00
2023  04  22  22  16  00   185.00   -95.00    90.00
2023  04  22  22  17  00   187.00   -98.00    89.00
2023  04  22  22  18  00   197.00  -105.00    92.00
2023  04  22  22  19  00   204.00  -108.00    96.00
2023  04  22  22  20  00   223.00  -126.00    97.00
2023  04  22  22  21  00   248.00  -153.00    95.00
2023  04  22  22  22  00   252.00  -157.00    95.00
2023  04  22  22  23  00   294.00  -196.00    98.00
2023  04  22  22  24  00   286.00  -188.00    98.00
2023  04  22  22  25  00   258.00  -160.00    98.00
2023  04  22  22  26  00   285.00  -189.00    96.00
2023  04  22  22  27  00   301.00  -205.00    96.00
2023  04  22  22  28  00   313.00  -219.00    94.00
2023  04  22  22  29  00   331.00  -240.00    91.00
2023  04  22  22  30  00   351.00  -262.00    89.00
2023  04  22  22  31  00   358.00  -271.00    87.00
2023  04  22  22  32  00   400.00  -308.00    92.00
2023  04  22  22  33  00   419.00  -312.00   107.00
2023  04  22  22  34  00   422.00  -314.00   108.00
2023  04  22  22  35  00   443.00  -333.00   110.00
2023  04  22  22  36  00   448.00  -337.00   111.00
2023  04  22  22  37  00   440.00  -335.00   105.00
2023  04  22  22  38  00   452.00  -341.00   111.00
2023  04  22  22  40  00   457.00  -348.00   109.00
2023  04  22  22  41  00   451.00  -341.00   110.00
2023  04  22  22  42  00   456.00  -339.00   117.00
2023  04  22  22  43  00   458.00  -335.00   123.00
2023  04  22  22  44  00   456.00  -330.00   126.00
2023  04  22  22  45  00   462.00  -336.00   126.00
2023  04  22  22  46  00   460.00  -337.00   123.00
2023  04  22  22  47  00   449.00  -329.00   120.00
2023  04  22  22  48  00   433.00  -317.00   116.00
2023  04  22  22  49  00   439.00  -325.00   114.00
2023  04  22  22  50  00   424.00  -311.00   113.00
2023  04  22  22  51  00   418.00  -306.00   112.00
2023  04  22  22  52  00   407.00  -296.00   111.00
2023  04  22  22  53  00   422.00  -311.00   111.00
2023  04  22  22  54  00   427.00  -313.00   114.00
2023  04  22  22  55  00   430.00  -313.00   117.00
2023  04  22  22  56  00   418.00  -299.00   119.00
2023  04  22  22  57  00   410.00  -291.00   119.00
2023  04  22  22  58  00   401.00  -283.00   118.00
2023  04  22  22  59  00   402.00  -284.00   118.00
2023  04  22  23  00  00   401.00  -282.00   119.00
2023  04  22  23  01  00   400.00  -282.00   118.00
2023  04  22  23  02  00   381.00  -266.00   115.00
2023  04  22  23  03  00   390.00  -276.00   114.00
2023  04  22  23  04  00   392.00  -277.00   115.00
2023  04  22  23  05  00   388.00  -271.00   117.00
2023  04  22  23  06  00   385.00  -268.00   117.00
2023  04  22  23  07  00   384.00  -266.00   118.00
2023  04  22  23  08  00   374.00  -254.00   120.00
2023  04  22  23  09  00   368.00  -245.00   123.00
2023  04  22  23  10  00   369.00  -245.00   124.00
2023  04  22  23  11  00   369.00  -243.00   126.00
2023  04  22  23  12  00   374.00  -247.00   127.00
2023  04  22  23  13  00   378.00  -250.00   128.00
2023  04  22  23  14  00   378.00  -250.00   128.00
2023  04  22  23  15  00   371.00  -241.00   130.00
2023  04  22  23  16  00   368.00  -238.00   130.00
2023  04  22  23  17  00   363.00  -234.00   129.00
2023  04  22  23  18  00   364.00  -233.00   131.00
2023  04  22  23  19  00   374.00  -239.00   135.00
2023  04  22  23  20  00   378.00  -240.00   138.00
2023  04  22  23  21  00   377.00  -238.00   139.00
2023  04  22  23  22  00   376.00  -238.00   138.00
2023  04  22  23  23  00   373.00  -236.00   137.00
2023  04  22  23  24  00   377.00  -242.00   135.00
2023  04  22  23  25  00   372.00  -239.00   133.00
2023  04  22  23  26  00   366.00  -234.00   132.00
2023  04  22  23  27  00   348.00  -218.00   130.00
2023  04  22  23  28  00   336.00  -206.00   130.00
2023  04  22  23  29  00   332.00  -203.00   129.00
2023  04  22  23  30  00   327.00  -197.00   130.00
2023  04  22  23  31  00   331.00  -202.00   129.00
2023  04  22  23  32  00   332.00  -205.00   127.00
2023  04  22  23  33  00   336.00  -210.00   126.00
2023  04  22  23  34  00   340.00  -216.00   124.00
2023  04  22  23  35  00   335.00  -212.00   123.00
2023  04  22  23  36  00   327.00  -204.00   123.00
2023  04  22  23  37  00   319.00  -196.00   123.00
2023  04  22  23  38  00   323.00  -197.00   126.00
2023  04  22  23  39  00   335.00  -207.00   128.00
2023  04  22  23  40  00   336.00  -207.00   129.00
2023  04  22  23  41  00   334.00  -204.00   130.00
2023  04  22  23  42  00   329.00  -197.00   132.00
2023  04  22  23  43  00   335.00  -205.00   130.00
2023  04  22  23  44  00   347.00  -217.00   130.00
2023  04  22  23  45  00   355.00  -223.00   132.00
2023  04  22  23  46  00   329.00  -195.00   134.00
2023  04  22  23  47  00   319.00  -184.00   135.00
2023  04  22  23  48  00   341.00  -208.00   133.00
2023  04  22  23  49  00   353.00  -221.00   132.00
2023  04  22  23  50  00   351.00  -220.00   131.00
2023  04  22  23  51  00   353.00  -220.00   133.00
2023  04  22  23  52  00   360.00  -224.00   136.00
2023  04  22  23  54  00   337.00  -198.00   139.00
2023  04  22  23  55  00   329.00  -188.00   141.00
2023  04  22  23  56  00   351.00  -210.00   141.00
2023  04  22  23  57  00   352.00  -212.00   140.00
2023  04  22  23  59  00   367.00  -228.00   139.00
2023  04  23  00  00  00   367.00  -223.00   144.00
2023  04  23  00  01  00   390.00  -242.00   148.00
2023  04  23  00  02  00   402.00  -252.00   150.00
2023  04  23  00  03  00   410.00  -258.00   152.00
2023  04  23  00  04  00   409.00  -255.00   154.00
2023  04  23  00  05  00   401.00  -247.00   154.00
2023  04  23  00  06  00   411.00  -260.00   151.00
2023  04  23  00  07  00   410.00  -262.00   148.00
2023  04  23  00  08  00   410.00  -262.00   148.00
2023  04  23  00  09  00   413.00  -260.00   153.00
2023  04  23  00  10  00   418.00  -258.00   160.00
2023  04  23  00  11  00   432.00  -268.00   164.00
2023  04  23  00  12  00   436.00  -270.00   166.00
2023  04  23  00  13  00   425.00  -260.00   165.00
2023  04  23  00  14  00   408.00  -241.00   167.00
2023  04  23  00  15  00   408.00  -241.00   167.00
2023  04  23  00  16  00   412.00  -242.00   170.00
2023  04  23  00  17  00   414.00  -242.00   172.00
2023  04  23  00  18  00   414.00  -243.00   171.00
2023  04  23  00  19  00   417.00  -245.00   172.00
2023  04  23  00  20  00   422.00  -251.00   171.00
2023  04  23  00  21  00   420.00  -252.00   168.00
2023  04  23  00  22  00   427.00  -260.00   167.00
2023  04  23  00  23  00   434.00  -265.00   169.00
2023  04  23  00  24  00   435.00  -264.00   171.00
2023  04  23  00  25  00   420.00  -250.00   170.00
2023  04  23  00  26  00   405.00  -238.00   167.00
2023  04  23  00  27  00   380.00  -216.00   164.00
2023  04  23  00  28  00   372.00  -204.00   168.00
2023  04  23  00  29  00   370.00  -202.00   168.00
2023  04  23  00  30  00   373.00  -210.00   163.00
2023  04  23  00  31  00   380.00  -214.00   166.00
2023  04  23  00  32  00   388.00  -216.00   172.00
2023  04  23  00  33  00   383.00  -210.00   173.00
2023  04  23  00  34  00   369.00  -196.00   173.00
2023  04  23  00  35  00   372.00  -201.00   171.00
2023  04  23  00  36  00   371.00  -203.00   168.00
2023  04  23  00  37  00   377.00  -207.00   170.00
2023  04  23  00  38  00   380.00  -210.00   170.00
2023  04  23  00  39  00   376.00  -202.00   174.00
2023  04  23  00  40  00   371.00  -194.00   177.00
2023  04  23  00  41  00   351.00  -178.00   173.00
2023  04  23  00  42  00   337.00  -172.00   165.00
2023  04  23  00  43  00   332.00  -172.00   160.00
2023  04  23  00  44  00   335.00  -172.00   163.00
2023  04  23  00  45  00   346.00  -178.00   168.00
2023  04  23  00  46  00   338.00  -168.00   170.00
2023  04  23  00  47  00   328.00  -162.00   166.00
2023  04  23  00  48  00   328.00  -166.00   162.00
2023  04  23  00  49  00   323.00  -161.00   162.00
2023  04  23  00  50  00   322.00  -159.00   163.00
2023  04  23  00  51  00   317.00  -157.00   160.00
2023  04  23  00  52  00   307.00  -153.00   154.00
2023  04  23  00  53  00   308.00  -157.00   151.00
2023  04  23  00  54  00   309.00  -160.00   149.00
2023  04  23  00  55  00   303.00  -159.00   144.00
2023  04  23  00  56  00   302.00  -158.00   144.00
2023  04  23  00  57  00   296.00  -154.00   142.00
2023  04  23  00  58  00   294.00  -150.00   144.00
2023  04  23  00  59  00   292.00  -146.00   146.00
2023  04  23  01  00  00   287.00  -140.00   147.00
2023  04  23  01  01  00   280.00  -134.00   146.00
2023  04  23  01  02  00   272.00  -131.00   141.00
2023  04  23  01  03  00   265.00  -127.00   138.00
2023  04  23  01  04  00   253.00  -119.00   134.00
2023  04  23  01  05  00   242.00  -112.00   130.00
2023  04  23  01  06  00   233.00  -104.00   129.00
2023  04  23  01  07  00   221.00   -96.00   125.00
2023  04  23  01  08  00   206.00   -85.00   121.00
2023  04  23  01  09  00   200.00   -82.00   118.00
2023  04  23  01  10  00   194.00   -78.00   116.00
2023  04  23  01  11  00   189.00   -75.00   114.00
2023  04  23  01  12  00   178.00   -69.00   109.00
2023  04  23  01  13  00   160.00   -60.00   100.00
2023  04  23  01  14  00   147.00   -54.00    93.00
2023  04  23  01  15  00   138.00   -50.00    88.00
2023  04  23  01  16  00   132.00   -48.00    84.00
2023  04  23  01  17  00   129.00   -48.00    81.00
2023  04  23  01  18  00   130.00   -50.00    80.00
2023  04  23  01  19  00   131.00   -54.00    77.00
2023  04  23  01  20  00   131.00   -53.00    78.00
2023  04  23  01  21  00   131.00   -52.00    79.00
2023  04  23  01  22  00   131.00   -48.00    83.00
2023  04  23  01  23  00   141.00   -48.00    93.00
2023  04  23  01  24  00   144.00   -50.00    94.00
2023  04  23  01  25  00   142.00   -43.00    99.00
2023  04  23  01  26  00   151.00   -45.00   106.00
2023  04  23  01  27  00   162.00   -49.00   113.00
2023  04  23  01  28  00   169.00   -53.00   116.00
2023  04  23  01  29  00   179.00   -56.00   123.00
2023  04  23  01  30  00   187.00   -62.00   125.00
2023  04  23  01  31  00   186.00   -67.00   119.00
2023  04  23  01  32  00   192.00   -71.00   121.00
2023  04  23  01  33  00   194.00   -75.00   119.00
2023  04  23  01  34  00   195.00   -75.00   120.00
2023  04  23  01  35  00   197.00   -73.00   124.00
2023  04  23  01  36  00   200.00   -72.00   128.00
2023  04  23  01  37  00   198.00   -68.00   130.00
2023  04  23  01  38  00   194.00   -64.00   130.00
2023  04  23  01  39  00   196.00   -62.00   134.00
2023  04  23  01  40  00   201.00   -63.00   138.00
2023  04  23  01  41  00   201.00   -64.00   137.00
2023  04  23  01  42  00   200.00   -61.00   139.00
2023  04  23  01  43  00   196.00   -60.00   136.00
2023  04  23  01  44  00   198.00   -58.00   140.00
2023  04  23  01  45  00   196.00   -55.00   141.00
2023  04  23  01  46  00   192.00   -51.00   141.00
2023  04  23  01  47  00   197.00   -51.00   146.00
2023  04  23  01  48  00   201.00   -54.00   147.00
2023  04  23  01  49  00   207.00   -55.00   152.00
2023  04  23  01  50  00   212.00   -57.00   155.00
2023  04  23  01  51  00   217.00   -64.00   153.00
2023  04  23  01  52  00   215.00   -66.00   149.00
2023  04  23  01  53  00   214.00   -71.00   143.00
2023  04  23  01  54  00   211.00   -74.00   137.00
2023  04  23  01  55  00   214.00   -74.00   140.00
2023  04  23  01  56  00   216.00   -71.00   145.00
2023  04  23  01  57  00   217.00   -72.00   145.00
2023  04  23  01  58  00   222.00   -72.00   150.00
2023  04  23  01  59  00   235.00   -80.00   155.00
2023  04  23  02  00  00   237.00   -80.00   157.00
2023  04  23  02  01  00   239.00   -81.00   158.00
2023  04  23  02  02  00   253.00   -86.00   167.00
2023  04  23  02  03  00   254.00   -85.00   169.00
2023  04  23  02  04  00   248.00   -91.00   157.00
2023  04  23  02  05  00   240.00   -92.00   148.00
2023  04  23  02  06  00   249.00  -100.00   149.00
2023  04  23  02  07  00   261.00  -104.00   157.00
2023  04  23  02  08  00   258.00  -102.00   156.00
2023  04  23  02  09  00   255.00  -104.00   151.00
2023  04  23  02  10  00   252.00  -104.00   148.00
2023  04  23  02  11  00   259.00  -108.00   151.00
2023  04  23  02  12  00   270.00  -117.00   153.00
2023  04  23  02  13  00   276.00  -123.00   153.00
2023  04  23  02  14  00   280.00  -123.00   157.00
2023  04  23  02  15  00   283.00  -126.00   157.00
2023  04  23  02  16  00   288.00  -128.00   160.00
2023  04  23  02  17  00   312.00  -144.00   168.00
2023  04  23  02  18  00   339.00  -161.00   178.00
2023  04  23  02  19  00   344.00  -164.00   180.00
2023  04  23  02  20  00   350.00  -168.00   182.00
2023  04  23  02  21  00   359.00  -178.00   181.00
2023  04  23  02  22  00   363.00  -182.00   181.00
2023  04  23  02  23  00   365.00  -187.00   178.00
2023  04  23  02  24  00   369.00  -187.00   182.00
2023  04  23  02  25  00   363.00  -177.00   186.00
2023  04  23  02  26  00   362.00  -171.00   191.00
2023  04  23  02  27  00   359.00  -166.00   193.00
2023  04  23  02  28  00   367.00  -172.00   195.00
2023  04  23  02  29  00   368.00  -166.00   202.00
2023  04  23  02  30  00   367.00  -160.00   207.00
2023  04  23  02  31  00   384.00  -177.00   207.00
2023  04  23  02  32  00   390.00  -186.00   204.00
2023  04  23  02  33  00   384.00  -187.00   197.00
2023  04  23  02  34  00   397.00  -210.00   187.00
2023  04  23  02  35  00   414.00  -229.00   185.00
2023  04  23  02  36  00   413.00  -231.00   182.00
2023  04  23  02  37  00   411.00  -227.00   184.00
2023  04  23  02  38  00   436.00  -245.00   191.00
2023  04  23  02  39  00   448.00  -255.00   193.00
2023  04  23  02  40  00   439.00  -248.00   191.00
2023  04  23  02  41  00   427.00  -243.00   184.00
2023  04  23  02  42  00   419.00  -244.00   175.00
2023  04  23  02  43  00   426.00  -249.00   177.00
2023  04  23  02  44  00   422.00  -239.00   183.00
2023  04  23  02  45  00   418.00  -233.00   185.00
2023  04  23  02  46  00   401.00  -215.00   186.00
2023  04  23  02  47  00   390.00  -200.00   190.00
2023  04  23  02  48  00   370.00  -180.00   190.00
2023  04  23  02  49  00   342.00  -157.00   185.00
2023  04  23  02  50  00   332.00  -149.00   183.00
2023  04  23  02  51  00   317.00  -136.00   181.00
2023  04  23  02  52  00   315.00  -133.00   182.00
2023  04  23  02  53  00   307.00  -123.00   184.00
2023  04  23  02  54  00   300.00  -119.00   181.00
2023  04  23  02  55  00   302.00  -120.00   182.00
2023  04  23  02  56  00   303.00  -122.00   181.00
2023  04  23  02  57  00   301.00  -122.00   179.00
2023  04  23  02  58  00   302.00  -122.00   180.00
2023  04  23  02  59  00   298.00  -119.00   179.00
2023  04  23  03  00  00   287.00  -118.00   169.00
2023  04  23  03  01  00   278.00  -113.00   165.00
2023  04  23  03  02  00   273.00  -113.00   160.00
2023  04  23  03  03  00   270.00  -115.00   155.00
2023  04  23  03  04  00   274.00  -117.00   157.00
2023  04  23  03  05  00   282.00  -117.00   165.00
2023  04  23  03  06  00   284.00  -110.00   174.00
2023  04  23  03  07  00   287.00  -106.00   181.00
2023  04  23  03  08  00   296.00   -98.00   198.00
2023  04  23  03  09  00   315.00   -97.00   218.00
2023  04  23  03  10  00   329.00   -96.00   233.00
2023  04  23  03  11  00   329.00  -102.00   227.00
2023  04  23  03  12  00   328.00  -109.00   219.00
2023  04  23  03  13  00   330.00  -112.00   218.00
2023  04  23  03  14  00   330.00  -112.00   218.00
2023  04  23  03  15  00   337.00  -117.00   220.00
2023  04  23  03  16  00   342.00  -126.00   216.00
2023  04  23  03  17  00   334.00  -123.00   211.00
2023  04  23  03  18  00   302.00  -106.00   196.00
2023  04  23  03  19  00   283.00  -105.00   178.00
2023  04  23  03  20  00   280.00  -112.00   168.00
2023  04  23  03  21  00   266.00  -102.00   164.00
2023  04  23  03  22  00   256.00   -88.00   168.00
2023  04  23  03  23  00   253.00   -81.00   172.00
2023  04  23  03  24  00   253.00   -78.00   175.00
2023  04  23  03  25  00   264.00   -90.00   174.00
2023  04  23  03  26  00   268.00   -97.00   171.00
2023  04  23  03  27  00   252.00   -90.00   162.00
2023  04  23  03  28  00   237.00   -80.00   157.00
2023  04  23  03  29  00   247.00   -89.00   158.00
2023  04  23  03  30  00   259.00  -102.00   157.00
2023  04  23  03  31  00   265.00  -104.00   161.00
2023  04  23  03  32  00   289.00  -104.00   185.00
2023  04  23  03  33  00   289.00   -90.00   199.00
2023  04  23  03  34  00   280.00   -80.00   200.00
2023  04  23  03  35  00   276.00   -82.00   194.00
2023  04  23  03  36  00   258.00   -81.00   177.00
2023  04  23  03  37  00   257.00   -81.00   176.00
2023  04  23  03  38  00   251.00   -78.00   173.00
2023  04  23  03  39  00   258.00   -81.00   177.00
2023  04  23  03  40  00   254.00   -79.00   175.00
2023  04  23  03  41  00   247.00   -73.00   174.00
2023  04  23  03  42  00   250.00   -72.00   178.00
2023  04  23  03  43  00   267.00   -78.00   189.00
2023  04  23  03  44  00   275.00   -85.00   190.00
2023  04  23  03  45  00   274.00   -87.00   187.00
2023  04  23  03  46  00   280.00   -89.00   191.00
2023  04  23  03  47  00   283.00   -96.00   187.00
2023  04  23  03  48  00   280.00  -102.00   178.00
2023  04  23  03  49  00   265.00   -94.00   171.00
2023  04  23  03  50  00   252.00   -83.00   169.00
2023  04  23  03  51  00   238.00   -69.00   169.00
2023  04  23  03  52  00   228.00   -62.00   166.00
2023  04  23  03  53  00   222.00   -59.00   163.00
2023  04  23  03  54  00   219.00   -53.00   166.00
2023  04  23  03  55  00   211.00   -40.00   171.00
2023  04  23  03  56  00   206.00   -33.00   173.00
2023  04  23  03  57  00   203.00   -30.00   173.00
2023  04  23  03  58  00   199.00   -24.00   175.00
2023  04  23  03  59  00   200.00   -26.00   174.00
2023  04  23  04  00  00   196.00   -27.00   169.00
2023  04  23  04  01  00   189.00   -27.00   162.00
2023  04  23  04  02  00   187.00   -27.00   160.00
2023  04  23  04  03  00   191.00   -30.00   161.00
2023  04  23  04  04  00   187.00   -31.00   156.00
2023  04  23  04  05  00   183.00   -32.00   151.00
2023  04  23  04  06  00   181.00   -32.00   149.00
2023  04  23  04  07  00   178.00   -34.00   144.00
2023  04  23  04  08  00   167.00   -27.00   140.00
2023  04  23  04  09  00   162.00   -24.00   138.00
2023  04  23  04  10  00   163.00   -23.00   140.00
2023  04  23  04  11  00   162.00   -24.00   138.00
2023  04  23  04  12  00   167.00   -29.00   138.00
2023  04  23  04  13  00   168.00   -30.00   138.00
2023  04  23  04  14  00   165.00   -29.00   136.00
2023  04  23  04  15  00   157.00   -24.00   133.00
2023  04  23  04  16  00   153.00   -22.00   131.00
2023  04  23  04  17  00   147.00   -20.00   127.00
2023  04  23  04  18  00   142.00   -18.00   124.00
2023  04  23  04  19  00   137.00   -16.00   121.00
2023  04  23  04  20  00   138.00   -15.00   123.00
2023  04  23  04  21  00   133.00   -10.00   123.00
2023  04  23  04  22  00   132.00   -10.00   122.00
2023  04  23  04  23  00   139.00   -18.00   121.00
2023  04  23  04  24  00   139.00   -20.00   119.00
2023  04  23  04  25  00   130.00   -18.00   112.00
2023  04  23  04  26  00   127.00   -20.00   107.00
2023  04  23  04  27  00   121.00   -17.00   104.00
2023  04  23  04  28  00   116.00   -12.00   104.00
2023  04  23  04  29  00   118.00   -13.00   105.00
2023  04  23  04  30  00   115.00   -11.00   104.00
2023  04  23  04  31  00   112.00    -9.00   103.00
2023  04  23  04  32  00   106.00    -6.00   100.00
2023  04  23  04  33  00   104.00    -6.00    98.00
2023  04  23  04  34  00   114.00   -10.00   104.00
2023  04  23  04  35  00   114.00   -12.00   102.00
2023  04  23  04  36  00   107.00   -13.00    94.00
2023  04  23  04  37  00   103.00   -12.00    91.00
2023  04  23  04  38  00    98.00    -9.00    89.00
2023  04  23  04  39  00   102.00    -8.00    94.00
2023  04  23  04  40  00   109.00    -7.00   102.00
2023  04  23  04  41  00   109.00    -7.00   102.00
2023  04  23  04  42  00   110.00    -8.00   102.00
2023  04  23  04  43  00   107.00    -6.00   101.00
2023  04  23  04  44  00   113.00    -9.00   104.00
2023  04  23  04  45  00   134.00   -12.00   122.00
2023  04  23  04  46  00   143.00   -14.00   129.00
2023  04  23  04  47  00   147.00   -14.00   133.00
2023  04  23  04  48  00   152.00   -13.00   139.00
2023  04  23  04  49  00   155.00   -13.00   142.00
2023  04  23  04  50  00   151.00   -11.00   140.00
2023  04  23  04  51  00   152.00   -10.00   142.00
2023  04  23  04  52  00   155.00   -14.00   141.00
2023  04  23  04  53  00   151.00   -17.00   134.00
2023  04  23  04  54  00   147.00   -18.00   129.00
2023  04  23  04  55  00   152.00   -20.00   132.00
2023  04  23  04  56  00   154.00   -17.00   137.00
2023  04  23  04  57  00   154.00   -16.00   138.00
2023  04  23  04  58  00   157.00   -18.00   139.00
2023  04  23  04  59  00   154.00   -18.00   136.00
2023  04  23  05  00  00   136.00   -15.00   121.00
2023  04  23  05  01  00   126.00   -11.00   115.00
2023  04  23  05  03  00   142.00   -11.00   131.00
2023  04  23  05  04  00   152.00   -10.00   142.00
2023  04  23  05  05  00   163.00   -12.00   151.00
2023  04  23  05  06  00   170.00   -13.00   157.00
2023  04  23  05  07  00   158.00   -15.00   143.00
2023  04  23  05  08  00   162.00   -15.00   147.00
2023  04  23  05  09  00   180.00   -15.00   165.00
2023  04  23  05  10  00   190.00   -16.00   174.00
2023  04  23  05  11  00   189.00   -16.00   173.00
2023  04  23  05  12  00   191.00   -17.00   174.00
2023  04  23  05  13  00   182.00   -18.00   164.00
2023  04  23  05  14  00   178.00   -19.00   159.00
2023  04  23  05  15  00   177.00   -17.00   160.00
2023  04  23  05  16  00   181.00   -17.00   164.00
2023  04  23  05  17  00   178.00   -17.00   161.00
2023  04  23  05  18  00   165.00   -15.00   150.00
2023  04  23  05  19  00   162.00   -13.00   149.00
2023  04  23  05  20  00   163.00   -11.00   152.00
2023  04  23  05  21  00   158.00   -13.00   145.00
2023  04  23  05  22  00   143.00   -12.00   131.00
2023  04  23  05  23  00   135.00   -11.00   124.00
2023  04  23  05  24  00   150.00   -16.00   134.00
2023  04  23  05  25  00   162.00   -23.00   139.00
2023  04  23  05  26  00   161.00   -23.00   138.00
2023  04  23  05  27  00   150.00   -19.00   131.00
2023  04  23  05  28  00   153.00   -20.00   133.00
2023  04  23  05  29  00   158.00   -17.00   141.00
2023  04  23  05  30  00   169.00   -21.00   148.00
2023  04  23  05  31  00   179.00   -27.00   152.00
2023  04  23  05  32  00   186.00   -30.00   156.00
2023  04  23  05  33  00   191.00   -33.00   158.00
2023  04  23  05  34  00   196.00   -31.00   165.00
2023  04  23  05  35  00   205.00   -33.00   172.00
2023  04  23  05  36  00   231.00   -41.00   190.00
2023  04  23  05  37  00   244.00   -42.00   202.00
2023  04  23  05  38  00   246.00   -45.00   201.00
2023  04  23  05  39  00   246.00   -50.00   196.00
2023  04  23  05  40  00   257.00   -59.00   198.00
2023  04  23  05  41  00   269.00   -62.00   207.00
2023  04  23  05  42  00   275.00   -66.00   209.00
2023  04  23  05  43  00   282.00   -66.00   216.00
2023  04  23  05  44  00   278.00   -67.00   211.00
2023  04  23  05  45  00   267.00   -68.00   199.00
2023  04  23  05  46  00   251.00   -66.00   185.00
2023  04  23  05  47  00   246.00   -65.00   181.00
2023  04  23  05  48  00   240.00   -65.00   175.00
2023  04  23  05  49  00   234.00   -67.00   167.00
2023  04  23  05  50  00   233.00   -74.00   159.00
2023  04  23  05  51  00   235.00   -84.00   151.00
2023  04  23  05  52  00   233.00   -84.00   149.00
2023  04  23  05  53  00   239.00   -92.00   147.00
2023  04  23  05  54  00   237.00   -95.00   142.00
2023  04  23  05  55  00   230.00   -91.00   139.00
2023  04  23  05  56  00   222.00   -91.00   131.00
2023  04  23  05  57  00   224.00   -93.00   131.00
2023  04  23  05  58  00   250.00  -115.00   135.00
2023  04  23  05  59  00   245.00  -112.00   133.00
2023  04  23  06  00  00   206.00   -86.00   120.00
2023  04  23  06  01  00   185.00   -69.00   116.00
2023  04  23  06  02  00   191.00   -67.00   124.00
2023  04  23  06  03  00   183.00   -63.00   120.00
2023  04  23  06  04  00   185.00   -74.00   111.00
2023  04  23  06  05  00   189.00   -74.00   115.00
2023  04  23  06  06  00   195.00   -74.00   121.00
2023  04  23  06  07  00   196.00   -73.00   123.00
2023  04  23  06  08  00   177.00   -55.00   122.00
2023  04  23  06  09  00   167.00   -52.00   115.00
2023  04  23  06  10  00   159.00   -44.00   115.00
2023  04  23  06  11  00   161.00   -42.00   119.00
2023  04  23  06  12  00   158.00   -44.00   114.00
2023  04  23  06  13  00   156.00   -40.00   116.00
2023  04  23  06  14  00   161.00   -37.00   124.00
2023  04  23  06  15  00   162.00   -41.00   121.00
2023  04  23  06  16  00   164.00   -47.00   117.00
2023  04  23  06  17  00   158.00   -50.00   108.00
2023  04  23  06  18  00   164.00   -54.00   110.00
2023  04  23  06  19  00   179.00   -59.00   120.00
2023  04  23  06  20  00   195.00   -61.00   134.00
2023  04  23  06  21  00   189.00   -59.00   130.00
2023  04  23  06  22  00   186.00   -59.00   127.00
2023  04  23  06  23  00   205.00   -70.00   135.00
2023  04  23  06  24  00   211.00   -73.00   138.00
2023  04  23  06  25  00   223.00   -80.00   143.00
2023  04  23  06  26  00   229.00   -96.00   133.00
2023  04  23  06  27  00   234.00  -106.00   128.00
2023  04  23  06  28  00   239.00  -115.00   124.00
2023  04  23  06  29  00   251.00  -119.00   132.00
2023  04  23  06  30  00   272.00  -120.00   152.00
2023  04  23  06  31  00   270.00  -117.00   153.00
2023  04  23  06  32  00   267.00  -116.00   151.00
2023  04  23  06  33  00   288.00  -139.00   149.00
2023  04  23  06  34  00   293.00  -149.00   144.00
2023  04  23  06  35  00   295.00  -156.00   139.00
2023  04  23  06  36  00   280.00  -156.00   124.00
2023  04  23  06  37  00   266.00  -146.00   120.00
2023  04  23  06  38  00   268.00  -147.00   121.00
2023  04  23  06  39  00   277.00  -155.00   122.00
2023  04  23  06  40  00   268.00  -141.00   127.00
2023  04  23  06  41  00   254.00  -124.00   130.00
2023  04  23  06  42  00   240.00  -109.00   131.00
2023  04  23  06  43  00   239.00   -97.00   142.00
2023  04  23  06  44  00   245.00   -96.00   149.00
2023  04  23  06  45  00   240.00   -95.00   145.00
2023  04  23  06  46  00   233.00   -87.00   146.00
2023  04  23  06  47  00   218.00   -77.00   141.00
2023  04  23  06  48  00   211.00   -75.00   136.00
2023  04  23  06  49  00   209.00   -74.00   135.00
2023  04  23  06  50  00   219.00   -78.00   141.00
2023  04  23  06  51  00   220.00   -79.00   141.00
2023  04  23  06  52  00   214.00   -71.00   143.00
2023  04  23  06  53  00   205.00   -65.00   140.00
2023  04  23  06  54  00   199.00   -64.00   135.00
2023  04  23  06  55  00   192.00   -60.00   132.00
2023  04  23  06  56  00   190.00   -55.00   135.00
2023  04  23  06  57  00   194.00   -53.00   141.00
2023  04  23  06  58  00   200.00   -54.00   146.00
2023  04  23  06  59  00   218.00   -61.00   157.00
2023  04  23  07  00  00   232.00   -65.00   167.00
2023  04  23  07  01  00   232.00   -67.00   165.00
2023  04  23  07  02  00   222.00   -67.00   155.00
2023  04  23  07  03  00   222.00   -68.00   154.00
2023  04  23  07  04  00   231.00   -69.00   162.00
2023  04  23  07  05  00   246.00   -77.00   169.00
2023  04  23  07  06  00   249.00   -80.00   169.00
2023  04  23  07  07  00   261.00   -80.00   181.00
2023  04  23  07  08  00   266.00   -83.00   183.00
2023  04  23  07  09  00   269.00   -80.00   189.00
2023  04  23  07  10  00   258.00   -73.00   185.00
2023  04  23  07  11  00   264.00   -76.00   188.00
2023  04  23  07  12  00   272.00   -80.00   192.00
2023  04  23  07  13  00   254.00   -80.00   174.00
2023  04  23  07  14  00   242.00   -82.00   160.00
2023  04  23  07  15  00   243.00   -83.00   160.00
2023  04  23  07  16  00   244.00   -79.00   165.00
2023  04  23  07  17  00   244.00   -73.00   171.00
2023  04  23  07  18  00   245.00   -69.00   176.00
2023  04  23  07  19  00   233.00   -60.00   173.00
2023  04  23  07  20  00   240.00   -65.00   175.00
2023  04  23  07  21  00   245.00   -70.00   175.00
2023  04  23  07  22  00   250.00   -70.00   180.00
2023  04  23  07  23  00   248.00   -71.00   177.00
2023  04  23  07  24  00   241.00   -71.00   170.00
2023  04  23  07  25  00   233.00   -71.00   162.00
2023  04  23  07  26  00   224.00   -64.00   160.00
2023  04  23  07  27  00   217.00   -56.00   161.00
2023  04  23  07  28  00   219.00   -59.00   160.00
2023  04  23  07  29  00   215.00   -62.00   153.00
2023  04  23  07  30  00   211.00   -65.00   146.00
2023  04  23  07  31  00   216.00   -66.00   150.00
2023  04  23  07  32  00   213.00   -57.00   156.00
2023  04  23  07  33  00   216.00   -53.00   163.00
2023  04  23  07  34  00   228.00   -58.00   170.00
2023  04  23  07  35  00   225.00   -63.00   162.00
2023  04  23  07  36  00   210.00   -66.00   144.00
2023  04  23  07  37  00   207.00   -65.00   142.00
2023  04  23  07  38  00   206.00   -64.00   142.00
2023  04  23  07  40  00   196.00   -62.00   134.00
2023  04  23  07  41  00   182.00   -56.00   126.00
2023  04  23  07  42  00   173.00   -50.00   123.00
2023  04  23  07  43  00   160.00   -41.00   119.00
2023  04  23  07  44  00   156.00   -38.00   118.00
2023  04  23  07  45  00   163.00   -35.00   128.00
2023  04  23  07  46  00   159.00   -32.00   127.00
2023  04  23  07  47  00   152.00   -31.00   121.00
2023  04  23  07  48  00   144.00   -30.00   114.00
2023  04  23  07  49  00   146.00   -30.00   116.00
2023  04  23  07  50  00   152.00   -33.00   119.00
2023  04  23  07  51  00   149.00   -30.00   119.00
2023  04  23  07  52  00   143.00   -29.00   114.00
2023  04  23  07  53  00   134.00   -27.00   107.00
2023  04  23  07  54  00   138.00   -30.00   108.00
2023  04  23  07  55  00   143.00   -27.00   116.00
2023  04  23  07  56  00   149.00   -26.00   123.00
2023  04  23  07  57  00   144.00   -24.00   120.00
2023  04  23  07  58  00   140.00   -23.00   117.00
2023  04  23  07  59  00   144.00   -24.00   120.00
2023  04  23  08  00  00   143.00   -25.00   118.00
2023  04  23  08  01  00   150.00   -32.00   118.00
2023  04  23  08  02  00   156.00   -35.00   121.00
2023  04  23  08  03  00   151.00   -29.00   122.00
2023  04  23  08  04  00   143.00   -24.00   119.00
2023  04  23  08  05  00   142.00   -23.00   119.00
2023  04  23  08  06  00   159.00   -37.00   122.00
2023  04  23  08  08  00   201.00   -53.00   148.00
2023  04  23  08  09  00   200.00   -46.00   154.00
2023  04  23  08  10  00   195.00   -44.00   151.00
2023  04  23  08  11  00   185.00   -44.00   141.00
2023  04  23  08  12  00   175.00   -44.00   131.00
2023  04  23  08  13  00   160.00   -41.00   119.00
2023  04  23  08  14  00   152.00   -37.00   115.00
2023  04  23  08  15  00   157.00   -36.00   121.00
2023  04  23  08  16  00   158.00   -41.00   117.00
2023  04  23  08  17  00   163.00   -54.00   109.00
2023  04  23  08  18  00   167.00   -56.00   111.00
2023  04  23  08  19  00   176.00   -49.00   127.00
2023  04  23  08  20  00   173.00   -33.00   140.00
2023  04  23  08  21  00   178.00   -47.00   131.00
2023  04  23  08  22  00   190.00   -70.00   120.00
2023  04  23  08  23  00   186.00   -69.00   117.00
2023  04  23  08  24  00   179.00   -61.00   118.00
2023  04  23  08  25  00   173.00   -54.00   119.00
2023  04  23  08  26  00   182.00   -62.00   120.00
2023  04  23  08  27  00   187.00   -68.00   119.00
2023  04  23  08  29  00   177.00   -59.00   118.00
2023  04  23  08  30  00   165.00   -51.00   114.00
2023  04  23  08  31  00   172.00   -56.00   116.00
2023  04  23  08  32  00   174.00   -55.00   119.00
2023  04  23  08  33  00   174.00   -52.00   122.00
2023  04  23  08  34  00   171.00   -45.00   126.00
2023  04  23  08  35  00   171.00   -41.00   130.00
2023  04  23  08  36  00   173.00   -40.00   133.00
2023  04  23  08  37  00   176.00   -42.00   134.00
2023  04  23  08  38  00   188.00   -47.00   141.00
2023  04  23  08  39  00   190.00   -46.00   144.00
2023  04  23  08  40  00   176.00   -39.00   137.00
2023  04  23  08  41  00   179.00   -42.00   137.00
2023  04  23  08  42  00   183.00   -43.00   140.00
2023  04  23  08  43  00   197.00   -53.00   144.00
2023  04  23  08  44  00   205.00   -55.00   150.00
2023  04  23  08  45  00   209.00   -54.00   155.00
2023  04  23  08  46  00   218.00   -58.00   160.00
2023  04  23  08  47  00   232.00   -66.00   166.00
2023  04  23  08  48  00   243.00   -67.00   176.00
2023  04  23  08  49  00   258.00   -76.00   182.00
2023  04  23  08  50  00   262.00   -78.00   184.00
2023  04  23  08  51  00   260.00   -70.00   190.00
2023  04  23  08  52  00   260.00   -65.00   195.00
2023  04  23  08  53  00   264.00   -69.00   195.00
2023  04  23  08  54  00   274.00   -74.00   200.00
2023  04  23  08  55  00   288.00   -85.00   203.00
2023  04  23  08  56  00   300.00   -91.00   209.00
2023  04  23  08  57  00   317.00  -101.00   216.00
2023  04  23  08  58  00   335.00  -111.00   224.00
2023  04  23  08  59  00   341.00  -110.00   231.00
2023  04  23  09  00  00   328.00   -96.00   232.00
2023  04  23  09  01  00   304.00   -84.00   220.00
2023  04  23  09  03  00   266.00   -59.00   207.00
2023  04  23  09  04  00   268.00   -63.00   205.00
2023  04  23  09  06  00   297.00   -86.00   211.00
2023  04  23  09  07  00   308.00   -95.00   213.00
2023  04  23  09  08  00   322.00  -106.00   216.00
2023  04  23  09  09  00   340.00  -118.00   222.00
2023  04  23  09  10  00   346.00  -117.00   229.00
2023  04  23  09  11  00   348.00  -114.00   234.00
2023  04  23  09  12  00   365.00  -126.00   239.00
2023  04  23  09  13  00   436.00  -192.00   244.00
2023  04  23  09  14  00   415.00  -166.00   249.00
2023  04  23  09  15  00   421.00  -163.00   258.00
2023  04  23  09  16  00   426.00  -167.00   259.00
2023  04  23  09  17  00   442.00  -178.00   264.00
2023  04  23  09  18  00   440.00  -169.00   271.00
2023  04  23  09  19  00   435.00  -168.00   267.00
2023  04  23  09  20  00   437.00  -168.00   269.00
2023  04  23  09  21  00   457.00  -185.00   272.00
2023  04  23  09  22  00   461.00  -182.00   279.00
2023  04  23  09  23  00   458.00  -169.00   289.00
2023  04  23  09  24  00   453.00  -168.00   285.00
2023  04  23  09  25  00   452.00  -164.00   288.00
2023  04  23  09  26  00   447.00  -162.00   285.00
2023  04  23  09  27  00   448.00  -158.00   290.00
2023  04  23  09  28  00   447.00  -148.00   299.00
2023  04  23  09  29  00   453.00  -147.00   306.00
2023  04  23  09  30  00   463.00  -153.00   310.00
2023  04  23  09  31  00   474.00  -160.00   314.00
2023  04  23  09  32  00   488.00  -166.00   322.00
2023  04  23  09  33  00   499.00  -175.00   324.00
2023  04  23  09  34  00   501.00  -193.00   308.00
2023  04  23  09  35  00   498.00  -201.00   297.00
2023  04  23  09  36  00   529.00  -202.00   327.00
2023  04  23  09  37  00   514.00  -200.00   314.00
2023  04  23  09  38  00   511.00  -199.00   312.00
2023  04  23  09  39  00   509.00  -194.00   315.00
2023  04  23  09  40  00   502.00  -184.00   318.00
2023  04  23  09  41  00   491.00  -174.00   317.00
2023  04  23  09  42  00   488.00  -167.00   321.00
2023  04  23  09  43  00   515.00  -190.00   325.00
2023  04  23  09  44  00   535.00  -210.00   325.00
2023  04  23  09  45  00   554.00  -225.00   329.00
2023  04  23  09  46  00   569.00  -237.00   332.00
2023  04  23  09  47  00   572.00  -240.00   332.00
2023  04  23  09  48  00   573.00  -240.00   333.00
2023  04  23  09  49  00   530.00  -199.00   331.00
2023  04  23  09  50  00   527.00  -203.00   324.00
2023  04  23  09  51  00   504.00  -197.00   307.00
2023  04  23  09  52  00   504.00  -194.00   310.00
2023  04  23  09  53  00   499.00  -186.00   313.00
2023  04  23  09  54  00   477.00  -175.00   302.00
2023  04  23  09  55  00   474.00  -173.00   301.00
2023  04  23  09  56  00   474.00  -178.00   296.00
2023  04  23  09  57  00   479.00  -188.00   291.00
2023  04  23  09  58  00   489.00  -193.00   296.00
2023  04  23  09  59  00   504.00  -200.00   304.00
2023  04  23  10  00  00   516.00  -200.00   316.00
2023  04  23  10  01  00   521.00  -195.00   326.00
2023  04  23  10  02  00   507.00  -187.00   320.00
2023  04  23  10  03  00   474.00  -175.00   299.00
2023  04  23  10  04  00   450.00  -164.00   286.00
2023  04  23  10  05  00   445.00  -159.00   286.00
2023  04  23  10  06  00   448.00  -159.00   289.00
2023  04  23  10  07  00   442.00  -153.00   289.00
2023  04  23  10  08  00   443.00  -155.00   288.00
2023  04  23  10  09  00   456.00  -153.00   303.00
2023  04  23  10  10  00   460.00  -146.00   314.00
2023  04  23  10  11  00   436.00  -158.00   278.00
2023  04  23  10  12  00   438.00  -167.00   271.00
2023  04  23  10  13  00   463.00  -175.00   288.00
2023  04  23  10  14  00   477.00  -191.00   286.00
2023  04  23  10  15  00   486.00  -213.00   273.00
2023  04  23  10  16  00   490.00  -239.00   251.00
2023  04  23  10  17  00   510.00  -266.00   244.00
2023  04  23  10  18  00   561.00  -307.00   254.00
2023  04  23  10  19  00   623.00  -341.00   282.00
2023  04  23  10  20  00   661.00  -361.00   300.00
2023  04  23  10  21  00   677.00  -355.00   322.00
2023  04  23  10  22  00   676.00  -346.00   330.00
2023  04  23  10  23  00   674.00  -350.00   324.00
2023  04  23  10  24  00   704.00  -383.00   321.00
2023  04  23  10  25  00   697.00  -389.00   308.00
2023  04  23  10  26  00   687.00  -400.00   287.00
2023  04  23  10  27  00   670.00  -402.00   268.00
2023  04  23  10  28  00   662.00  -398.00   264.00
2023  04  23  10  29  00   661.00  -386.00   275.00
2023  04  23  10  30  00   646.00  -371.00   275.00
2023  04  23  10  31  00   653.00  -384.00   269.00
2023  04  23  10  32  00   687.00  -411.00   276.00
2023  04  23  10  33  00   704.00  -425.00   279.00
2023  04  23  10  34  00   703.00  -425.00   278.00
2023  04  23  10  35  00   672.00  -398.00   274.00
2023  04  23  10  36  00   637.00  -373.00   264.00
2023  04  23  10  37  00   623.00  -356.00   267.00
2023  04  23  10  38  00   617.00  -359.00   258.00
2023  04  23  10  39  00   628.00  -382.00   246.00
2023  04  23  10  40  00   642.00  -396.00   246.00
2023  04  23  10  41  00   613.00  -365.00   248.00
2023  04  23  10  42  00   611.00  -351.00   260.00
2023  04  23  10  43  00   603.00  -330.00   273.00
2023  04  23  10  44  00   577.00  -303.00   274.00
2023  04  23  10  45  00   576.00  -300.00   276.00
2023  04  23  10  46  00   589.00  -305.00   284.00
2023  04  23  10  47  00   601.00  -310.00   291.00
2023  04  23  10  48  00   616.00  -318.00   298.00
2023  04  23  10  49  00   654.00  -350.00   304.00
2023  04  23  10  50  00   696.00  -394.00   302.00
2023  04  23  10  51  00   741.00  -439.00   302.00
2023  04  23  10  52  00   762.00  -454.00   308.00
2023  04  23  10  53  00   725.00  -413.00   312.00
2023  04  23  10  54  00   732.00  -416.00   316.00
2023  04  23  10  55  00   738.00  -422.00   316.00
2023  04  23  10  56  00   712.00  -395.00   317.00
2023  04  23  10  57  00   709.00  -385.00   324.00
2023  04  23  10  58  00   721.00  -393.00   328.00
2023  04  23  10  59  00   722.00  -393.00   329.00
2023  04  23  11  00  00   745.00  -417.00   328.00
2023  04  23  11  01  00   777.00  -441.00   336.00
2023  04  23  11  02  00   805.00  -459.00   346.00
2023  04  23  11  03  00   802.00  -454.00   348.00
2023  04  23  11  04  00   769.00  -428.00   341.00
2023  04  23  11  05  00   744.00  -411.00   333.00
2023  04  23  11  06  00   745.00  -413.00   332.00
2023  04  23  11  07  00   772.00  -441.00   331.00
2023  04  23  11  08  00   795.00  -465.00   330.00
2023  04  23  11  09  00   790.00  -460.00   330.00
2023  04  23  11  10  00   798.00  -471.00   327.00
2023  04  23  11  11  00   785.00  -458.00   327.00
2023  04  23  11  12  00   783.00  -453.00   330.00
2023  04  23  11  13  00   838.00  -501.00   337.00
2023  04  23  11  14  00   840.00  -496.00   344.00
2023  04  23  11  15  00   852.00  -500.00   352.00
2023  04  23  11  16  00   851.00  -493.00   358.00
2023  04  23  11  17  00   837.00  -476.00   361.00
2023  04  23  11  18  00   854.00  -496.00   358.00
2023  04  23  11  19  00   874.00  -524.00   350.00
2023  04  23  11  20  00   888.00  -534.00   354.00
2023  04  23  11  21  00   904.00  -544.00   360.00
2023  04  23  11  22  00   852.00  -491.00   361.00
2023  04  23  11  23  00   825.00  -462.00   363.00
2023  04  23  11  24  00   855.00  -491.00   364.00
2023  04  23  11  25  00   859.00  -495.00   364.00
2023  04  23  11  26  00   836.00  -459.00   377.00
2023  04  23  11  27  00   845.00  -461.00   384.00
2023  04  23  11  28  00   871.00  -482.00   389.00
2023  04  23  11  29  00   876.00  -482.00   394.00
2023  04  23  11  30  00   887.00  -487.00   400.00
2023  04  23  11  31  00   890.00  -477.00   413.00
2023  04  23  11  32  00   848.00  -433.00   415.00
2023  04  23  11  33  00   792.00  -382.00   410.00
2023  04  23  11  34  00   800.00  -386.00   414.00
2023  04  23  11  35  00   824.00  -408.00   416.00
2023  04  23  11  36  00   862.00  -449.00   413.00
2023  04  23  11  37  00   888.00  -482.00   406.00
2023  04  23  11  38  00   907.00  -511.00   396.00
2023  04  23  11  39  00   913.00  -509.00   404.00
2023  04  23  11  40  00   924.00  -517.00   407.00
2023  04  23  11  41  00   935.00  -534.00   401.00
2023  04  23  11  42  00   931.00  -538.00   393.00
2023  04  23  11  43  00   922.00  -531.00   391.00
2023  04  23  11  44  00   913.00  -525.00   388.00
2023  04  23  11  45  00   911.00  -535.00   376.00
2023  04  23  11  46  00   925.00  -560.00   365.00
2023  04  23  11  47  00   944.00  -583.00   361.00
2023  04  23  11  48  00   921.00  -570.00   351.00
2023  04  23  11  49  00   884.00  -545.00   339.00
2023  04  23  11  50  00   872.00  -534.00   338.00
2023  04  23  11  51  00   873.00  -539.00   334.00
2023  04  23  11  52  00   838.00  -510.00   328.00
2023  04  23  11  53  00   828.00  -512.00   316.00
2023  04  23  11  54  00   801.00  -485.00   316.00
2023  04  23  11  55  00   825.00  -507.00   318.00
2023  04  23  11  56  00   834.00  -520.00   314.00
2023  04  23  11  57  00   835.00  -509.00   326.00
2023  04  23  11  58  00   811.00  -481.00   330.00
2023  04  23  11  59  00   849.00  -506.00   343.00
2023  04  23  12  00  00   872.00  -525.00   347.00
2023  04  23  12  01  00   876.00  -532.00   344.00
2023  04  23  12  02  00   821.00  -478.00   343.00
2023  04  23  12  03  00   783.00  -436.00   347.00
2023  04  23  12  04  00   789.00  -448.00   341.00
2023  04  23  12  05  00   777.00  -447.00   330.00
2023  04  23  12  06  00   752.00  -424.00   328.00
2023  04  23  12  07  00   749.00  -428.00   321.00
2023  04  23  12  08  00   750.00  -428.00   322.00
2023  04  23  12  09  00   761.00  -445.00   316.00
2023  04  23  12  10  00   773.00  -460.00   313.00
2023  04  23  12  11  00   803.00  -493.00   310.00
2023  04  23  12  12  00   828.00  -522.00   306.00
2023  04  23  12  13  00   837.00  -533.00   304.00
2023  04  23  12  14  00   839.00  -533.00   306.00
2023  04  23  12  15  00   754.00  -451.00   303.00
2023  04  23  12  16  00   703.00  -416.00   287.00
2023  04  23  12  17  00   693.00  -414.00   279.00
2023  04  23  12  18  00   678.00  -405.00   273.00
2023  04  23  12  19  00   645.00  -383.00   262.00
2023  04  23  12  20  00   634.00  -374.00   260.00
2023  04  23  12  21  00   657.00  -394.00   263.00
2023  04  23  12  22  00   692.00  -421.00   271.00
2023  04  23  12  23  00   707.00  -433.00   274.00
2023  04  23  12  24  00   705.00  -434.00   271.00
2023  04  23  12  25  00   708.00  -436.00   272.00
2023  04  23  12  26  00   719.00  -447.00   272.00
2023  04  23  12  27  00   716.00  -453.00   263.00
2023  04  23  12  28  00   723.00  -471.00   252.00
2023  04  23  12  29  00   741.00  -496.00   245.00
2023  04  23  12  30  00   741.00  -495.00   246.00
2023  04  23  12  31  00   729.00  -489.00   240.00
2023  04  23  12  32  00   688.00  -462.00   226.00
2023  04  23  12  33  00   637.00  -426.00   211.00
2023  04  23  12  34  00   585.00  -390.00   195.00
2023  04  23  12  35  00   550.00  -367.00   183.00
2023  04  23  12  36  00   511.00  -338.00   173.00
2023  04  23  12  37  00   483.00  -322.00   161.00
2023  04  23  12  38  00   465.00  -313.00   152.00
2023  04  23  12  39  00   456.00  -309.00   147.00
2023  04  23  12  40  00   453.00  -309.00   144.00
2023  04  23  12  41  00   461.00  -320.00   141.00
2023  04  23  12  42  00   473.00  -337.00   136.00
2023  04  23  12  43  00   502.00  -365.00   137.00
2023  04  23  12  44  00   512.00  -374.00   138.00
2023  04  23  12  45  00   505.00  -366.00   139.00
2023  04  23  12  46  00   493.00  -353.00   140.00
2023  04  23  12  47  00   463.00  -350.00   113.00
2023  04  23  12  48  00   429.00  -327.00   102.00
2023  04  23  12  49  00   428.00  -301.00   127.00
2023  04  23  12  50  00   435.00  -294.00   141.00
2023  04  23  12  51  00   442.00  -298.00   144.00
2023  04  23  12  52  00   487.00  -336.00   151.00
2023  04  23  12  53  00   510.00  -351.00   159.00
2023  04  23  12  54  00   545.00  -375.00   170.00
2023  04  23  12  55  00   555.00  -385.00   170.00
2023  04  23  12  56  00   554.00  -393.00   161.00
2023  04  23  12  57  00   562.00  -395.00   167.00
2023  04  23  12  58  00   564.00  -392.00   172.00
2023  04  23  12  59  00   567.00  -405.00   162.00
2023  04  23  13  00  00   537.00  -393.00   144.00
2023  04  23  13  01  00   500.00  -373.00   127.00
2023  04  23  13  02  00   460.00  -341.00   119.00
2023  04  23  13  03  00   436.00  -309.00   127.00
2023  04  23  13  04  00   423.00  -286.00   137.00
2023  04  23  13  05  00   431.00  -290.00   141.00
2023  04  23  13  06  00   451.00  -300.00   151.00
2023  04  23  13  07  00   469.00  -307.00   162.00
2023  04  23  13  08  00   489.00  -317.00   172.00
2023  04  23  13  09  00   515.00  -333.00   182.00
2023  04  23  13  10  00   549.00  -353.00   196.00
2023  04  23  13  11  00   575.00  -365.00   210.00
2023  04  23  13  12  00   587.00  -370.00   217.00
2023  04  23  13  13  00   614.00  -391.00   223.00
2023  04  23  13  14  00   623.00  -393.00   230.00
2023  04  23  13  15  00   618.00  -387.00   231.00
2023  04  23  13  16  00   626.00  -391.00   235.00
2023  04  23  13  17  00   652.00  -408.00   244.00
2023  04  23  13  18  00   668.00  -415.00   253.00
2023  04  23  13  19  00   680.00  -422.00   258.00
2023  04  23  13  20  00   683.00  -417.00   266.00
2023  04  23  13  21  00   678.00  -405.00   273.00
2023  04  23  13  22  00   679.00  -395.00   284.00
2023  04  23  13  23  00   709.00  -408.00   301.00
2023  04  23  13  24  00   735.00  -432.00   303.00
2023  04  23  13  25  00   737.00  -444.00   293.00
2023  04  23  13  26  00   746.00  -454.00   292.00
2023  04  23  13  27  00   744.00  -463.00   281.00
2023  04  23  13  28  00   736.00  -454.00   282.00
2023  04  23  13  29  00   760.00  -470.00   290.00
2023  04  23  13  30  00   771.00  -474.00   297.00
2023  04  23  13  31  00   765.00  -463.00   302.00
2023  04  23  13  32  00   775.00  -462.00   313.00
2023  04  23  13  33  00   771.00  -463.00   308.00
2023  04  23  13  34  00   746.00  -461.00   285.00
2023  04  23  13  35  00   736.00  -456.00   280.00
2023  04  23  13  36  00   718.00  -438.00   280.00
2023  04  23  13  37  00   703.00  -421.00   282.00
2023  04  23  13  38  00   707.00  -415.00   292.00
2023  04  23  13  39  00   707.00  -403.00   304.00
2023  04  23  13  40  00   699.00  -389.00   310.00
2023  04  23  13  41  00   699.00  -384.00   315.00
2023  04  23  13  42  00   683.00  -376.00   307.00
2023  04  23  13  43  00   689.00  -380.00   309.00
2023  04  23  13  44  00   705.00  -382.00   323.00
2023  04  23  13  45  00   704.00  -371.00   333.00
2023  04  23  13  46  00   697.00  -360.00   337.00
2023  04  23  13  47  00   697.00  -346.00   351.00
2023  04  23  13  48  00   696.00  -329.00   367.00
2023  04  23  13  49  00   691.00  -313.00   378.00
2023  04  23  13  50  00   672.00  -294.00   378.00
2023  04  23  13  51  00   630.00  -258.00   372.00
2023  04  23  13  52  00   602.00  -223.00   379.00
2023  04  23  13  53  00   624.00  -229.00   395.00
2023  04  23  13  54  00   660.00  -253.00   407.00
2023  04  23  13  55  00   691.00  -280.00   411.00
2023  04  23  13  56  00   717.00  -310.00   407.00
2023  04  23  13  57  00   747.00  -329.00   418.00
2023  04  23  13  58  00   764.00  -334.00   430.00
2023  04  23  13  59  00   764.00  -323.00   441.00
2023  04  23  14  00  00   753.00  -309.00   444.00
2023  04  23  14  01  00   728.00  -286.00   442.00
2023  04  23  14  02  00   685.00  -250.00   435.00
2023  04  23  14  03  00   653.00  -226.00   427.00
2023  04  23  14  04  00   682.00  -245.00   437.00
2023  04  23  14  05  00   783.00  -325.00   458.00
2023  04  23  14  06  00   914.00  -449.00   465.00
2023  04  23  14  07  00  1073.00  -604.00   469.00
2023  04  23  14  08  00  1003.00  -544.00   459.00
2023  04  23  14  09  00   991.00  -551.00   440.00
2023  04  23  14  10  00  1130.00  -698.00   432.00
2023  04  23  14  11  00  1180.00  -752.00   428.00
2023  04  23  14  12  00  1209.00  -779.00   430.00
2023  04  23  14  13  00  1209.00  -774.00   435.00
2023  04  23  14  14  00  1243.00  -817.00   426.00
2023  04  23  14  15  00  1220.00  -811.00   409.00
2023  04  23  14  16  00  1224.00  -813.00   411.00
2023  04  23  14  17  00  1222.00  -814.00   408.00
2023  04  23  14  18  00  1152.00  -765.00   387.00
2023  04  23  14  19  00  1160.00  -769.00   391.00
2023  04  23  14  20  00  1164.00  -781.00   383.00
2023  04  23  14  21  00  1172.00  -791.00   381.00
2023  04  23  14  22  00  1176.00  -801.00   375.00
2023  04  23  14  23  00  1186.00  -821.00   365.00
2023  04  23  14  24  00  1132.00  -774.00   358.00
2023  04  23  14  25  00  1088.00  -733.00   355.00
2023  04  23  14  26  00  1052.00  -710.00   342.00
2023  04  23  14  27  00   998.00  -681.00   317.00
2023  04  23  14  28  00   961.00  -650.00   311.00
2023  04  23  14  29  00   954.00  -648.00   306.00
2023  04  23  14  30  00   939.00  -643.00   296.00
2023  04  23  14  31  00   929.00  -644.00   285.00
2023  04  23  14  33  00   915.00  -631.00   284.00
2023  04  23  14  34  00   915.00  -629.00   286.00
2023  04  23  14  35  00   881.00  -594.00   287.00
2023  04  23  14  36  00   862.00  -570.00   292.00
2023  04  23  14  37  00   848.00  -558.00   290.00
2023  04  23  14  38  00   840.00  -556.00   284.00
2023  04  23  14  39  00   835.00  -554.00   281.00
2023  04  23  14  40  00   829.00  -552.00   277.00
2023  04  23  14  41  00   826.00  -553.00   273.00
2023  04  23  14  42  00   831.00  -558.00   273.00
2023  04  23  14  43  00   827.00  -548.00   279.00
2023  04  23  14  44  00   815.00  -534.00   281.00
2023  04  23  14  45  00   809.00  -525.00   284.00
2023  04  23  14  46  00   823.00  -528.00   295.00
2023  04  23  14  47  00   832.00  -530.00   302.00
2023  04  23  14  48  00   832.00  -525.00   307.00
2023  04  23  14  49  00   832.00  -525.00   307.00
2023  04  23  14  50  00   833.00  -532.00   301.00
2023  04  23  14  51  00   853.00  -554.00   299.00
2023  04  23  14  52  00   858.00  -559.00   299.00
2023  04  23  14  53  00   865.00  -563.00   302.00
2023  04  23  14  54  00   885.00  -578.00   307.00
2023  04  23  14  55  00   873.00  -581.00   292.00
2023  04  23  14  56  00   891.00  -585.00   306.00
2023  04  23  14  57  00   912.00  -577.00   335.00
2023  04  23  14  58  00   916.00  -565.00   351.00
2023  04  23  14  59  00   891.00  -551.00   340.00
2023  04  23  15  00  00   887.00  -557.00   330.00
2023  04  23  15  01  00   902.00  -581.00   321.00
2023  04  23  15  02  00   912.00  -592.00   320.00
2023  04  23  15  03  00   914.00  -600.00   314.00
2023  04  23  15  04  00   931.00  -613.00   318.00
2023  04  23  15  05  00   924.00  -615.00   309.00
2023  04  23  15  06  00   907.00  -612.00   295.00
2023  04  23  15  07  00   925.00  -626.00   299.00
2023  04  23  15  08  00   949.00  -635.00   314.00
2023  04  23  15  09  00   951.00  -643.00   308.00
2023  04  23  15  10  00   938.00  -650.00   288.00
2023  04  23  15  11  00   925.00  -656.00   269.00
2023  04  23  15  12  00   898.00  -639.00   259.00
2023  04  23  15  13  00   900.00  -633.00   267.00
2023  04  23  15  14  00   924.00  -630.00   294.00
2023  04  23  15  15  00   941.00  -635.00   306.00
2023  04  23  15  16  00   933.00  -636.00   297.00
2023  04  23  15  17  00   907.00  -614.00   293.00
2023  04  23  15  18  00   908.00  -615.00   293.00
2023  04  23  15  19  00   903.00  -601.00   302.00
2023  04  23  15  20  00   933.00  -614.00   319.00
2023  04  23  15  21  00   960.00  -637.00   323.00
2023  04  23  15  22  00   939.00  -623.00   316.00
2023  04  23  15  23  00   936.00  -621.00   315.00
2023  04  23  15  24  00   946.00  -624.00   322.00
2023  04  23  15  25  00   963.00  -636.00   327.00
2023  04  23  15  26  00   970.00  -642.00   328.00
2023  04  23  15  27  00   980.00  -651.00   329.00
2023  04  23  15  28  00   968.00  -634.00   334.00
2023  04  23  15  29  00   950.00  -605.00   345.00
2023  04  23  15  30  00   911.00  -587.00   324.00
2023  04  23  15  31  00   909.00  -582.00   327.00
2023  04  23  15  32  00   902.00  -579.00   323.00
2023  04  23  15  33  00   902.00  -588.00   314.00
2023  04  23  15  34  00   901.00  -591.00   310.00
2023  04  23  15  35  00   886.00  -590.00   296.00
2023  04  23  15  36  00   892.00  -593.00   299.00
2023  04  23  15  37  00   885.00  -565.00   320.00
2023  04  23  15  38  00   869.00  -543.00   326.00
2023  04  23  15  39  00   830.00  -505.00   325.00
2023  04  23  15  40  00   835.00  -507.00   328.00
2023  04  23  15  41  00   842.00  -516.00   326.00
2023  04  23  15  42  00   830.00  -510.00   320.00
2023  04  23  15  43  00   837.00  -526.00   311.00
2023  04  23  15  44  00   843.00  -526.00   317.00
2023  04  23  15  45  00   869.00  -554.00   315.00
2023  04  23  15  46  00   750.00  -450.00   300.00
2023  04  23  15  47  00   582.00  -310.00   272.00
2023  04  23  15  48  00   534.00  -284.00   250.00
2023  04  23  15  49  00   514.00  -264.00   250.00
2023  04  23  15  50  00   500.00  -250.00   250.00
2023  04  23  15  51  00   507.00  -256.00   251.00
2023  04  23  15  52  00   547.00  -283.00   264.00
2023  04  23  15  53  00   589.00  -307.00   282.00
2023  04  23  15  54  00   621.00  -337.00   284.00
2023  04  23  15  55  00   584.00  -290.00   294.00
2023  04  23  15  56  00   574.00  -274.00   300.00
2023  04  23  15  57  00   552.00  -251.00   301.00
2023  04  23  15  58  00   532.00  -237.00   295.00
2023  04  23  15  59  00   587.00  -272.00   315.00
2023  04  23  16  00  00   651.00  -300.00   351.00
2023  04  23  16  01  00   643.00  -283.00   360.00
2023  04  23  16  02  00   639.00  -284.00   355.00
2023  04  23  16  03  00   670.00  -323.00   347.00
2023  04  23  16  04  00   675.00  -337.00   338.00
2023  04  23  16  05  00   676.00  -340.00   336.00
2023  04  23  16  06  00   702.00  -357.00   345.00
2023  04  23  16  07  00   685.00  -329.00   356.00
2023  04  23  16  08  00   726.00  -366.00   360.00
2023  04  23  16  09  00   816.00  -463.00   353.00
2023  04  23  16  10  00   922.00  -576.00   346.00
2023  04  23  16  11  00   986.00  -635.00   351.00
2023  04  23  16  12  00   968.00  -607.00   361.00
2023  04  23  16  13  00   978.00  -589.00   389.00
2023  04  23  16  14  00   952.00  -548.00   404.00
2023  04  23  16  15  00   868.00  -472.00   396.00
2023  04  23  16  16  00   834.00  -449.00   385.00
2023  04  23  16  17  00   803.00  -421.00   382.00
2023  04  23  16  18  00   779.00  -404.00   375.00
2023  04  23  16  19  00   790.00  -430.00   360.00
2023  04  23  16  20  00   911.00  -547.00   364.00
2023  04  23  16  21  00   945.00  -588.00   357.00
2023  04  23  16  22  00  1069.00  -721.00   348.00
2023  04  23  16  23  00  1052.00  -696.00   356.00
2023  04  23  16  24  00  1123.00  -766.00   357.00
2023  04  23  16  25  00  1401.00 -1054.00   347.00
2023  04  23  16  26  00  1276.00  -934.00   342.00
2023  04  23  16  27  00  1177.00  -820.00   357.00
2023  04  23  16  28  00  1069.00  -726.00   343.00
2023  04  23  16  29  00  1012.00  -657.00   355.00
2023  04  23  16  30  00   969.00  -614.00   355.00
2023  04  23  16  31  00   892.00  -542.00   350.00
2023  04  23  16  32  00   774.00  -421.00   353.00
2023  04  23  16  33  00   778.00  -415.00   363.00
2023  04  23  16  34  00   777.00  -412.00   365.00
2023  04  23  16  35  00   864.00  -498.00   366.00
2023  04  23  16  36  00   918.00  -539.00   379.00
2023  04  23  16  37  00  1049.00  -652.00   397.00
2023  04  23  16  38  00  1168.00  -761.00   407.00
2023  04  23  16  39  00  1256.00  -846.00   410.00
2023  04  23  16  40  00  1321.00  -899.00   422.00
2023  04  23  16  41  00  1379.00  -948.00   431.00
2023  04  23  16  42  00  1457.00 -1017.00   440.00
2023  04  23  16  43  00  1531.00 -1083.00   448.00
2023  04  23  16  44  00  1601.00 -1136.00   465.00
2023  04  23  16  45  00  1661.00 -1189.00   472.00
2023  04  23  16  46  00  1697.00 -1223.00   474.00
2023  04  23  16  47  00  1686.00 -1207.00   479.00
2023  04  23  16  48  00  1599.00 -1134.00   465.00
2023  04  23  16  49  00  1324.00  -888.00   436.00
2023  04  23  16  50  00  1106.00  -679.00   427.00
2023  04  23  16  51  00   991.00  -548.00   443.00
2023  04  23  16  52  00   937.00  -493.00   444.00
2023  04  23  16  53  00   947.00  -497.00   450.00
2023  04  23  16  54  00   990.00  -529.00   461.00
2023  04  23  16  55  00  1023.00  -570.00   453.00
2023  04  23  16  56  00  1041.00  -577.00   464.00
2023  04  23  16  57  00  1081.00  -604.00   477.00
2023  04  23  16  58  00  1145.00  -667.00   478.00
2023  04  23  16  59  00  1162.00  -701.00   461.00
2023  04  23  17  00  00  1148.00  -715.00   433.00
2023  04  23  17  01  00  1019.00  -611.00   408.00
2023  04  23  17  02  00  1016.00  -618.00   398.00
2023  04  23  17  03  00  1263.00  -874.00   389.00
2023  04  23  17  04  00  1477.00 -1097.00   380.00
2023  04  23  17  05  00  1365.00 -1003.00   362.00
2023  04  23  17  06  00  1262.00  -906.00   356.00
2023  04  23  17  07  00  1218.00  -860.00   358.00
2023  04  23  17  08  00  1199.00  -836.00   363.00
2023  04  23  17  09  00  1233.00  -871.00   362.00
2023  04  23  17  10  00  1099.00  -739.00   360.00
2023  04  23  17  11  00  1158.00  -791.00   367.00
2023  04  23  17  12  00  1170.00  -801.00   369.00
2023  04  23  17  13  00  1142.00  -769.00   373.00
2023  04  23  17  14  00  1142.00  -765.00   377.00
2023  04  23  17  15  00  1052.00  -678.00   374.00
2023  04  23  17  16  00   922.00  -550.00   372.00
2023  04  23  17  17  00   883.00  -507.00   376.00
2023  04  23  17  18  00  1012.00  -623.00   389.00
2023  04  23  17  19  00  1158.00  -761.00   397.00
2023  04  23  17  20  00  1361.00  -953.00   408.00
2023  04  23  17  21  00  1349.00  -933.00   416.00
2023  04  23  17  22  00  1141.00  -725.00   416.00
2023  04  23  17  23  00  1145.00  -740.00   405.00
2023  04  23  17  24  00  1110.00  -711.00   399.00
2023  04  23  17  25  00  1071.00  -673.00   398.00
2023  04  23  17  26  00  1064.00  -678.00   386.00
2023  04  23  17  27  00  1078.00  -704.00   374.00
2023  04  23  17  28  00  1210.00  -841.00   369.00
2023  04  23  17  29  00  1321.00  -923.00   398.00
2023  04  23  17  30  00  1402.00  -974.00   428.00
2023  04  23  17  31  00  1413.00  -957.00   456.00
2023  04  23  17  32  00  1408.00  -931.00   477.00
2023  04  23  17  33  00  1322.00  -837.00   485.00
2023  04  23  17  34  00  1245.00  -754.00   491.00
2023  04  23  17  35  00  1165.00  -694.00   471.00
2023  04  23  17  36  00  1045.00  -631.00   414.00
2023  04  23  17  37  00   998.00  -615.00   383.00
2023  04  23  17  38  00  1431.00 -1035.00   396.00
2023  04  23  17  39  00  1682.00 -1218.00   464.00
2023  04  23  17  40  00  1656.00 -1141.00   515.00
2023  04  23  17  41  00  1745.00 -1156.00   589.00
2023  04  23  17  42  00  1953.00 -1308.00   645.00
2023  04  23  17  43  00  1834.00 -1210.00   624.00
2023  04  23  17  44  00  1647.00 -1104.00   543.00
2023  04  23  17  45  00  1699.00 -1189.00   510.00
2023  04  23  17  46  00  1715.00 -1213.00   502.00
2023  04  23  17  47  00  1732.00 -1237.00   495.00
2023  04  23  17  48  00  1936.00 -1416.00   520.00
2023  04  23  17  49  00  1903.00 -1363.00   540.00
2023  04  23  17  50  00  1830.00 -1285.00   545.00
2023  04  23  17  51  00  1722.00 -1198.00   524.00
2023  04  23  17  52  00  1624.00 -1085.00   539.00
2023  04  23  17  53  00  1682.00 -1120.00   562.00
2023  04  23  17  54  00  1652.00 -1086.00   566.00
2023  04  23  17  55  00  1623.00 -1095.00   528.00
2023  04  23  17  56  00  1507.00  -996.00   511.00
2023  04  23  17  57  00  1282.00  -783.00   499.00
2023  04  23  17  58  00  1059.00  -554.00   505.00
2023  04  23  17  59  00  1014.00  -511.00   503.00
2023  04  23  18  00  00  1049.00  -536.00   513.00
2023  04  23  18  01  00  1138.00  -604.00   534.00
2023  04  23  18  02  00  1190.00  -627.00   563.00
2023  04  23  18  03  00  1173.00  -622.00   551.00
2023  04  23  18  04  00  1201.00  -681.00   520.00
2023  04  23  18  05  00  1311.00  -794.00   517.00
2023  04  23  18  06  00  1403.00  -874.00   529.00
2023  04  23  18  07  00  1389.00  -896.00   493.00
2023  04  23  18  08  00  1311.00  -811.00   500.00
2023  04  23  18  09  00  1344.00  -842.00   502.00
2023  04  23  18  10  00  1410.00  -982.00   428.00
2023  04  23  18  11  00  1513.00 -1094.00   419.00
2023  04  23  18  12  00  1541.00 -1115.00   426.00
2023  04  23  18  13  00  1537.00 -1123.00   414.00
2023  04  23  18  14  00  1489.00 -1090.00   399.00
2023  04  23  18  15  00  1477.00 -1086.00   391.00
2023  04  23  18  16  00  1439.00 -1053.00   386.00
2023  04  23  18  17  00  1487.00 -1081.00   406.00
2023  04  23  18  18  00  1175.00  -735.00   440.00
2023  04  23  18  19  00  1222.00  -780.00   442.00
2023  04  23  18  20  00  1340.00  -913.00   427.00
2023  04  23  18  21  00  1196.00  -785.00   411.00
2023  04  23  18  22  00  1125.00  -728.00   397.00
2023  04  23  18  23  00  1192.00  -781.00   411.00
2023  04  23  18  24  00  1244.00  -812.00   432.00
2023  04  23  18  25  00  1272.00  -816.00   456.00
2023  04  23  18  26  00  1399.00  -910.00   489.00
2023  04  23  18  27  00  1476.00  -970.00   506.00
2023  04  23  18  28  00  1305.00  -827.00   478.00
2023  04  23  18  29  00  1223.00  -769.00   454.00
2023  04  23  18  30  00  1196.00  -737.00   459.00
2023  04  23  18  31  00  1140.00  -662.00   478.00
2023  04  23  18  32  00  1162.00  -686.00   476.00
2023  04  23  18  33  00  1138.00  -713.00   425.00
2023  04  23  18  34  00  1177.00  -779.00   398.00
2023  04  23  18  35  00  1198.00  -808.00   390.00
2023  04  23  18  36  00  1214.00  -847.00   367.00
2023  04  23  18  37  00  1150.00  -860.00   290.00
2023  04  23  18  38  00  1093.00  -851.00   242.00
2023  04  23  18  39  00  1103.00  -865.00   238.00
2023  04  23  18  40  00  1168.00  -941.00   227.00
2023  04  23  18  41  00  1148.00  -924.00   224.00
2023  04  23  18  42  00  1161.00  -937.00   224.00
2023  04  23  18  43  00  1241.00 -1039.00   202.00
2023  04  23  18  44  00  1581.00 -1388.00   193.00
2023  04  23  18  45  00  1775.00 -1608.00   167.00
2023  04  23  18  46  00  1689.00 -1561.00   128.00
2023  04  23  18  47  00  1648.00 -1553.00    95.00
2023  04  23  18  48  00  1425.00 -1340.00    85.00
2023  04  23  18  49  00  1171.00 -1084.00    87.00
2023  04  23  18  50  00  1081.00 -1001.00    80.00
2023  04  23  18  51  00  1268.00 -1182.00    86.00
2023  04  23  18  52  00  1276.00 -1185.00    91.00
2023  04  23  18  53  00  1330.00 -1238.00    92.00
2023  04  23  18  54  00  1295.00 -1210.00    85.00
2023  04  23  18  55  00  1195.00 -1114.00    81.00
2023  04  23  18  56  00  1210.00 -1136.00    74.00
2023  04  23  18  57  00  1176.00 -1097.00    79.00
2023  04  23  18  58  00  1148.00 -1077.00    71.00
2023  04  23  18  59  00  1089.00 -1026.00    63.00
2023  04  23  19  00  00   956.00  -909.00    47.00
2023  04  23  19  01  00  1043.00  -978.00    65.00
2023  04  23  19  02  00  1056.00  -992.00    64.00
2023  04  23  19  03  00  1052.00 -1014.00    38.00
2023  04  23  19  04  00  1014.00 -1020.00    -6.00
2023  04  23  19  05  00   895.00  -936.00   -41.00
2023  04  23  19  06  00   774.00  -817.00   -43.00
2023  04  23  19  07  00   679.00  -713.00   -34.00
2023  04  23  19  08  00   668.00  -647.00    21.00
2023  04  23  19  09  00   614.00  -599.00    15.00
2023  04  23  19  10  00   656.00  -631.00    25.00
2023  04  23  19  11  00   742.00  -757.00   -15.00
2023  04  23  19  12  00   694.00  -700.00    -6.00
2023  04  23  19  13  00   676.00  -670.00     6.00
2023  04  23  19  14  00   678.00  -659.00    19.00
2023  04  23  19  15  00   629.00  -599.00    30.00
2023  04  23  19  16  00   631.00  -601.00    30.00
2023  04  23  19  17  00   563.00  -546.00    17.00
2023  04  23  19  18  00   540.00  -513.00    27.00
2023  04  23  19  19  00   519.00  -480.00    39.00
2023  04  23  19  20  00   490.00  -456.00    34.00
2023  04  23  19  21  00   485.00  -431.00    54.00
2023  04  23  19  22  00   425.00  -390.00    35.00
2023  04  23  19  23  00   389.00  -358.00    31.00
2023  04  23  19  24  00   427.00  -382.00    45.00
2023  04  23  19  25  00   508.00  -454.00    54.00
2023  04  23  19  26  00   547.00  -497.00    50.00
2023  04  23  19  27  00   532.00  -467.00    65.00
2023  04  23  19  28  00   547.00  -454.00    93.00
2023  04  23  19  29  00   579.00  -462.00   117.00
2023  04  23  19  30  00   539.00  -442.00    97.00
2023  04  23  19  31  00   484.00  -419.00    65.00
2023  04  23  19  32  00   539.00  -423.00   116.00
2023  04  23  19  33  00   711.00  -512.00   199.00
2023  04  23  19  34  00   842.00  -590.00   252.00
2023  04  23  19  35  00  1176.00  -687.00   489.00
2023  04  23  19  36  00  1488.00  -724.00   764.00
2023  04  23  19  37  00   907.00  -556.00   351.00
2023  04  23  19  38  00   541.00  -478.00    63.00
2023  04  23  19  39  00   763.00  -542.00   221.00
2023  04  23  19  40  00  1190.00  -690.00   500.00
2023  04  23  19  41  00  1563.00  -846.00   717.00
2023  04  23  19  42  00  1588.00  -898.00   690.00
2023  04  23  19  43  00  1406.00  -762.00   644.00
2023  04  23  19  44  00  1325.00  -740.00   585.00
2023  04  23  19  45  00  1117.00  -635.00   482.00
2023  04  23  19  46  00   970.00  -522.00   448.00
2023  04  23  19  47  00   896.00  -482.00   414.00
2023  04  23  19  48  00   936.00  -539.00   397.00
2023  04  23  19  49  00  1062.00  -652.00   410.00
2023  04  23  19  50  00  1196.00  -788.00   408.00
2023  04  23  19  51  00  1204.00  -907.00   297.00
2023  04  23  19  52  00  1157.00  -889.00   268.00
2023  04  23  19  53  00  1211.00  -964.00   247.00
2023  04  23  19  54  00  1260.00  -987.00   273.00
2023  04  23  19  55  00  1022.00  -721.00   301.00
2023  04  23  19  56  00  1020.00  -720.00   300.00
2023  04  23  19  57  00  1050.00  -761.00   289.00
2023  04  23  19  58  00  1081.00  -816.00   265.00
2023  04  23  19  59  00  1011.00  -771.00   240.00
2023  04  23  20  00  00   908.00  -702.00   206.00
2023  04  23  20  01  00   858.00  -644.00   214.00
2023  04  23  20  02  00   839.00  -566.00   273.00
2023  04  23  20  03  00   880.00  -574.00   306.00
2023  04  23  20  04  00   933.00  -632.00   301.00
2023  04  23  20  05  00  1108.00  -797.00   311.00
2023  04  23  20  06  00  1219.00  -951.00   268.00
2023  04  23  20  07  00  1494.00 -1169.00   325.00
2023  04  23  20  08  00  1818.00 -1483.00   335.00
2023  04  23  20  09  00  2044.00 -1707.00   337.00
2023  04  23  20  10  00  1765.00 -1475.00   290.00
2023  04  23  20  11  00  1853.00 -1569.00   284.00
2023  04  23  20  12  00  1818.00 -1511.00   307.00
2023  04  23  20  13  00  1787.00 -1476.00   311.00
2023  04  23  20  14  00  1707.00 -1472.00   235.00
2023  04  23  20  15  00  1658.00 -1475.00   183.00
2023  04  23  20  16  00  1642.00 -1449.00   193.00
2023  04  23  20  17  00  1510.00 -1282.00   228.00
2023  04  23  20  18  00  1476.00 -1204.00   272.00
2023  04  23  20  19  00  1431.00 -1210.00   221.00
2023  04  23  20  20  00  1366.00 -1153.00   213.00
2023  04  23  20  21  00  1295.00 -1097.00   198.00
2023  04  23  20  22  00  1323.00 -1093.00   230.00
2023  04  23  20  23  00  1315.00 -1094.00   221.00
2023  04  23  20  24  00  1391.00 -1185.00   206.00
2023  04  23  20  25  00  1325.00 -1096.00   229.00
2023  04  23  20  26  00  1256.00  -979.00   277.00
2023  04  23  20  27  00  1141.00  -869.00   272.00
2023  04  23  20  28  00  1129.00  -875.00   254.00
2023  04  23  20  29  00  1191.00  -909.00   282.00
2023  04  23  20  30  00  1458.00 -1151.00   307.00
2023  04  23  20  31  00  1639.00 -1341.00   298.00
2023  04  23  20  32  00  1615.00 -1326.00   289.00
2023  04  23  20  33  00  1535.00 -1245.00   290.00
2023  04  23  20  34  00  1141.00  -838.00   303.00
2023  04  23  20  35  00  1126.00  -805.00   321.00
2023  04  23  20  36  00  1089.00  -784.00   305.00
2023  04  23  20  37  00  1064.00  -765.00   299.00
2023  04  23  20  38  00  1326.00 -1034.00   292.00
2023  04  23  20  39  00  1511.00 -1258.00   253.00
2023  04  23  20  40  00   959.00  -785.00   174.00
2023  04  23  20  41  00   869.00  -777.00    92.00
2023  04  23  20  42  00   830.00  -754.00    76.00
2023  04  23  20  43  00   775.00  -699.00    76.00
2023  04  23  20  44  00   723.00  -657.00    66.00
2023  04  23  20  45  00   699.00  -652.00    47.00
2023  04  23  20  46  00   715.00  -660.00    55.00
2023  04  23  20  47  00   935.00  -853.00    82.00
2023  04  23  20  48  00  1308.00 -1205.00   103.00
2023  04  23  20  49  00  1847.00 -1733.00   114.00
2023  04  23  20  50  00  2078.00 -1970.00   108.00
2023  04  23  20  51  00  1587.00 -1473.00   114.00
2023  04  23  20  52  00  1758.00 -1637.00   121.00
2023  04  23  20  53  00  1810.00 -1711.00    99.00
2023  04  23  20  54  00  1662.00 -1585.00    77.00
2023  04  23  20  55  00  1228.00 -1153.00    75.00
2023  04  23  20  56  00  1078.00  -992.00    86.00
2023  04  23  20  57  00   995.00  -908.00    87.00
2023  04  23  20  58  00   950.00  -886.00    64.00
2023  04  23  20  59  00  1074.00 -1042.00    32.00
2023  04  23  21  00  00  1086.00 -1062.00    24.00
2023  04  23  21  01  00   915.00  -893.00    22.00
2023  04  23  21  02  00   992.00  -943.00    49.00
2023  04  23  21  03  00   995.00  -904.00    91.00
2023  04  23  21  04  00   836.00  -717.00   119.00
2023  04  23  21  05  00   780.00  -654.00   126.00
2023  04  23  21  06  00   863.00  -729.00   134.00
2023  04  23  21  07  00   931.00  -793.00   138.00
2023  04  23  21  08  00   966.00  -835.00   131.00
2023  04  23  21  09  00   920.00  -807.00   113.00
2023  04  23  21  10  00   871.00  -770.00   101.00
2023  04  23  21  11  00   910.00  -807.00   103.00
2023  04  23  21  12  00   888.00  -770.00   118.00
2023  04  23  21  13  00   847.00  -697.00   150.00
2023  04  23  21  14  00   839.00  -654.00   185.00
2023  04  23  21  15  00  1104.00  -905.00   199.00
2023  04  23  21  16  00  1401.00 -1204.00   197.00
2023  04  23  21  17  00  1517.00 -1326.00   191.00
2023  04  23  21  18  00  1650.00 -1473.00   177.00
2023  04  23  21  19  00  1666.00 -1512.00   154.00
2023  04  23  21  20  00  1699.00 -1535.00   164.00
2023  04  23  21  21  00  1754.00 -1587.00   167.00
2023  04  23  21  22  00  1730.00 -1562.00   168.00
2023  04  23  21  23  00  1677.00 -1520.00   157.00
2023  04  23  21  24  00  1634.00 -1497.00   137.00
2023  04  23  21  25  00  1687.00 -1575.00   112.00
2023  04  23  21  26  00  1733.00 -1631.00   102.00
2023  04  23  21  27  00  1683.00 -1592.00    91.00
2023  04  23  21  28  00  1709.00 -1619.00    90.00
2023  04  23  21  29  00  1651.00 -1571.00    80.00
2023  04  23  21  30  00  1666.00 -1586.00    80.00
2023  04  23  21  31  00  1662.00 -1579.00    83.00
2023  04  23  21  32  00  1606.00 -1531.00    75.00
2023  04  23  21  33  00  1585.00 -1518.00    67.00
2023  04  23  21  34  00  1545.00 -1473.00    72.00
2023  04  23  21  35  00  1524.00 -1463.00    61.00
2023  04  23  21  36  00  1547.00 -1507.00    40.00
2023  04  23  21  37  00  1678.00 -1649.00    29.00
2023  04  23  21  38  00  1607.00 -1583.00    24.00
2023  04  23  21  39  00  1273.00 -1249.00    24.00
2023  04  23  21  40  00   958.00  -909.00    49.00
2023  04  23  21  41  00   767.00  -688.00    79.00
2023  04  23  21  42  00   659.00  -553.00   106.00
2023  04  23  21  43  00   627.00  -513.00   114.00
2023  04  23  21  44  00   600.00  -473.00   127.00
2023  04  23  21  45  00   578.00  -437.00   141.00
2023  04  23  21  46  00   621.00  -459.00   162.00
2023  04  23  21  47  00   704.00  -512.00   192.00
2023  04  23  21  48  00   785.00  -565.00   220.00
2023  04  23  21  49  00   803.00  -599.00   204.00
2023  04  23  21  50  00   812.00  -641.00   171.00
2023  04  23  21  51  00   789.00  -642.00   147.00
2023  04  23  21  52  00   752.00  -628.00   124.00
2023  04  23  21  53  00   688.00  -575.00   113.00
2023  04  23  21  54  00   679.00  -549.00   130.00
2023  04  23  21  55  00   627.00  -496.00   131.00
2023  04  23  21  56  00   554.00  -444.00   110.00
2023  04  23  21  57  00   536.00  -410.00   126.00
2023  04  23  21  58  00   467.00  -348.00   119.00
2023  04  23  21  59  00   433.00  -311.00   122.00
2023  04  23  22  00  00   400.00  -269.00   131.00
2023  04  23  22  01  00   323.00  -195.00   128.00
2023  04  23  22  02  00   312.00  -182.00   130.00
2023  04  23  22  03  00   353.00  -150.00   203.00
2023  04  23  22  04  00   374.00  -132.00   242.00
2023  04  23  22  05  00   408.00  -144.00   264.00
2023  04  23  22  06  00   397.00  -133.00   264.00
2023  04  23  22  07  00   374.00  -127.00   247.00
2023  04  23  22  08  00   397.00  -156.00   241.00
2023  04  23  22  09  00   377.00  -160.00   217.00
2023  04  23  22  10  00   383.00  -161.00   222.00
2023  04  23  22  11  00   400.00  -175.00   225.00
2023  04  23  22  12  00   440.00  -211.00   229.00
2023  04  23  22  13  00   455.00  -221.00   234.00
2023  04  23  22  14  00   474.00  -244.00   230.00
2023  04  23  22  15  00   521.00  -237.00   284.00
2023  04  23  22  16  00   509.00  -218.00   291.00
2023  04  23  22  17  00   506.00  -215.00   291.00
2023  04  23  22  18  00   499.00  -201.00   298.00
2023  04  23  22  19  00   511.00  -214.00   297.00
2023  04  23  22  20  00   507.00  -221.00   286.00
2023  04  23  22  21  00   497.00  -228.00   269.00
2023  04  23  22  22  00   507.00  -229.00   278.00
2023  04  23  22  23  00   522.00  -238.00   284.00
2023  04  23  22  24  00   540.00  -247.00   293.00
2023  04  23  22  25  00   561.00  -255.00   306.00
2023  04  23  22  26  00   598.00  -263.00   335.00
2023  04  23  22  27  00   582.00  -242.00   340.00
2023  04  23  22  28  00   573.00  -229.00   344.00
2023  04  23  22  29  00   574.00  -220.00   354.00
2023  04  23  22  30  00   556.00  -223.00   333.00
2023  04  23  22  31  00   528.00  -220.00   308.00
2023  04  23  22  32  00   498.00  -200.00   298.00
2023  04  23  22  33  00   448.00  -180.00   268.00
2023  04  23  22  34  00   460.00  -191.00   269.00
2023  04  23  22  35  00   501.00  -208.00   293.00
2023  04  23  22  36  00   482.00  -197.00   285.00
2023  04  23  22  37  00   445.00  -178.00   267.00
2023  04  23  22  38  00   410.00  -169.00   241.00
2023  04  23  22  39  00   377.00  -147.00   230.00
2023  04  23  22  40  00   370.00  -135.00   235.00
2023  04  23  22  41  00   380.00  -139.00   241.00
2023  04  23  22  42  00   395.00  -148.00   247.00
2023  04  23  22  43  00   408.00  -142.00   266.00
2023  04  23  22  44  00   383.00  -116.00   267.00
2023  04  23  22  45  00   385.00  -107.00   278.00
2023  04  23  22  46  00   388.00  -107.00   281.00
2023  04  23  22  47  00   418.00  -121.00   297.00
2023  04  23  22  48  00   412.00  -120.00   292.00
2023  04  23  22  49  00   381.00  -110.00   271.00
2023  04  23  22  50  00   356.00  -116.00   240.00
2023  04  23  22  51  00   359.00  -119.00   240.00
2023  04  23  22  52  00   330.00  -103.00   227.00
2023  04  23  22  53  00   292.00   -92.00   200.00
2023  04  23  22  54  00   282.00  -105.00   177.00
2023  04  23  22  55  00   293.00  -138.00   155.00
2023  04  23  22  56  00   311.00  -165.00   146.00
2023  04  23  22  57  00   305.00  -166.00   139.00
2023  04  23  22  58  00   308.00  -173.00   135.00
2023  04  23  22  59  00   336.00  -201.00   135.00
2023  04  23  23  00  00   348.00  -220.00   128.00
2023  04  23  23  01  00   365.00  -224.00   141.00
2023  04  23  23  02  00   398.00  -243.00   155.00
2023  04  23  23  03  00   436.00  -280.00   156.00
2023  04  23  23  04  00   445.00  -283.00   162.00
2023  04  23  23  05  00   423.00  -283.00   140.00
2023  04  23  23  06  00   461.00  -285.00   176.00
2023  04  23  23  07  00   456.00  -270.00   186.00
2023  04  23  23  08  00   478.00  -261.00   217.00
2023  04  23  23  09  00   538.00  -292.00   246.00
2023  04  23  23  10  00   477.00  -281.00   196.00
2023  04  23  23  11  00   436.00  -255.00   181.00
2023  04  23  23  12  00   450.00  -251.00   199.00
2023  04  23  23  13  00   484.00  -253.00   231.00
2023  04  23  23  14  00   553.00  -306.00   247.00
2023  04  23  23  15  00   526.00  -321.00   205.00
2023  04  23  23  16  00   539.00  -312.00   227.00
2023  04  23  23  17  00   547.00  -301.00   246.00
2023  04  23  23  18  00   533.00  -297.00   236.00
2023  04  23  23  19  00   545.00  -303.00   242.00
2023  04  23  23  20  00   532.00  -291.00   241.00
2023  04  23  23  21  00   610.00  -320.00   290.00
2023  04  23  23  22  00   647.00  -328.00   319.00
2023  04  23  23  23  00   657.00  -334.00   323.00
2023  04  23  23  24  00   618.00  -342.00   276.00
2023  04  23  23  25  00   614.00  -353.00   261.00
2023  04  23  23  26  00   621.00  -341.00   280.00
2023  04  23  23  27  00   541.00  -253.00   288.00
2023  04  23  23  28  00   538.00  -249.00   289.00
2023  04  23  23  29  00   527.00  -254.00   273.00
2023  04  23  23  30  00   487.00  -224.00   263.00
2023  04  23  23  31  00   521.00  -252.00   269.00
2023  04  23  23  32  00   581.00  -284.00   297.00
2023  04  23  23  33  00   585.00  -307.00   278.00
2023  04  23  23  34  00   603.00  -303.00   300.00
2023  04  23  23  35  00   613.00  -314.00   299.00
2023  04  23  23  36  00   623.00  -338.00   285.00
2023  04  23  23  37  00   657.00  -391.00   266.00
2023  04  23  23  38  00   674.00  -413.00   261.00
2023  04  23  23  39  00   611.00  -392.00   219.00
2023  04  23  23  40  00   545.00  -347.00   198.00
2023  04  23  23  41  00   533.00  -337.00   196.00
2023  04  23  23  42  00   492.00  -301.00   191.00
2023  04  23  23  43  00   447.00  -277.00   170.00
2023  04  23  23  44  00   421.00  -265.00   156.00
2023  04  23  23  45  00   391.00  -235.00   156.00
2023  04  23  23  46  00   372.00  -247.00   125.00
2023  04  23  23  47  00   361.00  -236.00   125.00
2023  04  23  23  48  00   360.00  -221.00   139.00
2023  04  23  23  49  00   365.00  -217.00   148.00
2023  04  23  23  50  00   390.00  -222.00   168.00
2023  04  23  23  51  00   395.00  -224.00   171.00
2023  04  23  23  52  00   374.00  -221.00   153.00
2023  04  23  23  53  00   372.00  -219.00   153.00
2023  04  23  23  54  00   372.00  -217.00   155.00
2023  04  23  23  55  00   380.00  -215.00   165.00
2023  04  23  23  56  00   392.00  -229.00   163.00
2023  04  23  23  57  00   388.00  -238.00   150.00
2023  04  23  23  58  00   426.00  -267.00   159.00
2023  04  23  23  59  00   444.00  -281.00   163.00
2023  04  24  00  00  00   463.00  -291.00   172.00
2023  04  24  00  01  00   422.00  -258.00   164.00
2023  04  24  00  02  00   391.00  -250.00   141.00
2023  04  24  00  03  00   412.00  -244.00   168.00
2023  04  24  00  04  00   538.00  -313.00   225.00
2023  04  24  00  05  00   683.00  -356.00   327.00
2023  04  24  00  06  00   752.00  -384.00   368.00
2023  04  24  00  07  00   783.00  -430.00   353.00
2023  04  24  00  08  00   781.00  -468.00   313.00
2023  04  24  00  09  00   755.00  -473.00   282.00
2023  04  24  00  10  00   695.00  -454.00   241.00
2023  04  24  00  11  00   665.00  -442.00   223.00
2023  04  24  00  12  00   605.00  -428.00   177.00
2023  04  24  00  13  00   542.00  -428.00   114.00
2023  04  24  00  14  00   516.00  -425.00    91.00
2023  04  24  00  15  00   524.00  -451.00    73.00
2023  04  24  00  16  00   550.00  -475.00    75.00
2023  04  24  00  17  00   559.00  -488.00    71.00
2023  04  24  00  18  00   543.00  -463.00    80.00
2023  04  24  00  19  00   517.00  -425.00    92.00
2023  04  24  00  20  00   509.00  -400.00   109.00
2023  04  24  00  21  00   518.00  -405.00   113.00
2023  04  24  00  22  00   565.00  -442.00   123.00
2023  04  24  00  23  00   640.00  -518.00   122.00
2023  04  24  00  24  00   727.00  -566.00   161.00
2023  04  24  00  25  00   738.00  -546.00   192.00
2023  04  24  00  26  00   691.00  -503.00   188.00
2023  04  24  00  27  00   657.00  -493.00   164.00
2023  04  24  00  28  00   675.00  -510.00   165.00
2023  04  24  00  29  00   691.00  -499.00   192.00
2023  04  24  00  30  00   663.00  -487.00   176.00
2023  04  24  00  31  00   629.00  -482.00   147.00
2023  04  24  00  32  00   613.00  -471.00   142.00
2023  04  24  00  33  00   605.00  -455.00   150.00
2023  04  24  00  34  00   617.00  -442.00   175.00
2023  04  24  00  35  00   610.00  -399.00   211.00
2023  04  24  00  36  00   610.00  -386.00   224.00
2023  04  24  00  37  00   639.00  -408.00   231.00
2023  04  24  00  38  00   696.00  -441.00   255.00
2023  04  24  00  39  00   711.00  -453.00   258.00
2023  04  24  00  40  00   706.00  -463.00   243.00
2023  04  24  00  41  00   702.00  -467.00   235.00
2023  04  24  00  42  00   673.00  -441.00   232.00
2023  04  24  00  43  00   660.00  -412.00   248.00
2023  04  24  00  44  00   684.00  -423.00   261.00
2023  04  24  00  45  00   721.00  -479.00   242.00
2023  04  24  00  46  00   726.00  -498.00   228.00
2023  04  24  00  47  00   740.00  -491.00   249.00
2023  04  24  00  48  00   842.00  -562.00   280.00
2023  04  24  00  49  00   868.00  -587.00   281.00
2023  04  24  00  50  00   848.00  -597.00   251.00
2023  04  24  00  51  00   823.00  -580.00   243.00
2023  04  24  00  52  00   813.00  -581.00   232.00
2023  04  24  00  53  00   802.00  -599.00   203.00
2023  04  24  00  54  00   783.00  -617.00   166.00
2023  04  24  00  55  00   754.00  -628.00   126.00
2023  04  24  00  56  00   702.00  -593.00   109.00
2023  04  24  00  57  00   655.00  -563.00    92.00
2023  04  24  00  58  00   625.00  -548.00    77.00
2023  04  24  00  59  00   602.00  -537.00    65.00
2023  04  24  01  00  00   575.00  -510.00    65.00
2023  04  24  01  01  00   516.00  -450.00    66.00
2023  04  24  01  02  00   511.00  -443.00    68.00
2023  04  24  01  03  00   501.00  -433.00    68.00
2023  04  24  01  04  00   517.00  -421.00    96.00
2023  04  24  01  05  00   538.00  -414.00   124.00
2023  04  24  01  06  00   554.00  -405.00   149.00
2023  04  24  01  07  00   561.00  -399.00   162.00
2023  04  24  01  08  00   565.00  -401.00   164.00
2023  04  24  01  09  00   614.00  -423.00   191.00
2023  04  24  01  10  00   618.00  -428.00   190.00
2023  04  24  01  11  00   718.00  -481.00   237.00
2023  04  24  01  12  00   715.00  -467.00   248.00
2023  04  24  01  13  00   648.00  -410.00   238.00
2023  04  24  01  14  00   551.00  -336.00   215.00
2023  04  24  01  15  00   488.00  -270.00   218.00
2023  04  24  01  16  00   446.00  -234.00   212.00
2023  04  24  01  17  00   410.00  -195.00   215.00
2023  04  24  01  18  00   332.00  -135.00   197.00
2023  04  24  01  19  00   262.00   -93.00   169.00
2023  04  24  01  20  00   300.00  -151.00   149.00
2023  04  24  01  21  00   276.00  -184.00    92.00
2023  04  24  01  22  00   285.00  -116.00   169.00
2023  04  24  01  23  00   294.00  -101.00   193.00
2023  04  24  01  24  00   306.00  -105.00   201.00
2023  04  24  01  25  00   285.00   -73.00   212.00
2023  04  24  01  26  00   325.00   -81.00   244.00
2023  04  24  01  27  00   381.00  -107.00   274.00
2023  04  24  01  30  00   642.00  -151.00   491.00
2023  04  24  01  35  00  1008.00  -383.00   625.00
2023  04  24  01  39  00   947.00  -377.00   570.00
2023  04  24  01  40  00   912.00  -370.00   542.00
2023  04  24  01  44  00   825.00  -480.00   345.00
2023  04  24  01  45  00   764.00  -475.00   289.00
2023  04  24  01  49  00   608.00  -380.00   228.00
2023  04  24  01  50  00   581.00  -341.00   240.00
2023  04  24  01  51  00   566.00  -331.00   235.00
2023  04  24  01  52  00   570.00  -370.00   200.00
2023  04  24  01  53  00   572.00  -409.00   163.00
2023  04  24  01  54  00   667.00  -468.00   199.00
2023  04  24  01  55  00   728.00  -470.00   258.00
2023  04  24  01  56  00   703.00  -446.00   257.00
2023  04  24  01  57  00   622.00  -395.00   227.00
2023  04  24  01  58  00   517.00  -356.00   161.00
2023  04  24  01  59  00   506.00  -333.00   173.00
2023  04  24  02  00  00   518.00  -313.00   205.00
2023  04  24  02  01  00   559.00  -325.00   234.00
2023  04  24  02  02  00   616.00  -353.00   263.00
2023  04  24  02  03  00   630.00  -391.00   239.00
2023  04  24  02  04  00   594.00  -381.00   213.00
2023  04  24  02  05  00   592.00  -427.00   165.00
2023  04  24  02  06  00   616.00  -450.00   166.00
2023  04  24  02  07  00   601.00  -428.00   173.00
2023  04  24  02  08  00   543.00  -362.00   181.00
2023  04  24  02  09  00   475.00  -279.00   196.00
2023  04  24  02  10  00   528.00  -322.00   206.00
2023  04  24  02  11  00   564.00  -337.00   227.00
2023  04  24  02  12  00   589.00  -345.00   244.00
2023  04  24  02  13  00   564.00  -311.00   253.00
2023  04  24  02  14  00   600.00  -314.00   286.00
2023  04  24  02  15  00   619.00  -316.00   303.00
2023  04  24  02  16  00   546.00  -245.00   301.00
2023  04  24  02  17  00   529.00  -241.00   288.00
2023  04  24  02  18  00   500.00  -219.00   281.00
2023  04  24  02  19  00   464.00  -201.00   263.00
2023  04  24  02  20  00   452.00  -205.00   247.00
2023  04  24  02  21  00   454.00  -211.00   243.00
2023  04  24  02  22  00   451.00  -213.00   238.00
2023  04  24  02  23  00   452.00  -212.00   240.00
2023  04  24  02  24  00   494.00  -252.00   242.00
2023  04  24  02  25  00   529.00  -291.00   238.00
2023  04  24  02  26  00   582.00  -345.00   237.00
2023  04  24  02  27  00   602.00  -368.00   234.00
2023  04  24  02  28  00   574.00  -344.00   230.00
2023  04  24  02  29  00   571.00  -350.00   221.00
2023  04  24  02  30  00   542.00  -347.00   195.00
2023  04  24  02  31  00   539.00  -385.00   154.00
2023  04  24  02  32  00   502.00  -391.00   111.00
2023  04  24  02  33  00   480.00  -377.00   103.00
2023  04  24  02  34  00   455.00  -359.00    96.00
2023  04  24  02  35  00   426.00  -351.00    75.00
2023  04  24  02  36  00   460.00  -379.00    81.00
2023  04  24  02  37  00   458.00  -369.00    89.00
2023  04  24  02  38  00   405.00  -328.00    77.00
2023  04  24  02  39  00   448.00  -379.00    69.00
2023  04  24  02  40  00   585.00  -506.00    79.00
2023  04  24  02  41  00   488.00  -407.00    81.00
2023  04  24  02  42  00   427.00  -330.00    97.00
2023  04  24  02  43  00   433.00  -336.00    97.00
2023  04  24  02  44  00   449.00  -339.00   110.00
2023  04  24  02  45  00   468.00  -345.00   123.00
2023  04  24  02  46  00   482.00  -359.00   123.00
2023  04  24  02  47  00   514.00  -392.00   122.00
2023  04  24  02  48  00   566.00  -448.00   118.00
2023  04  24  02  49  00   571.00  -454.00   117.00
2023  04  24  02  50  00   563.00  -438.00   125.00
2023  04  24  02  51  00   563.00  -442.00   121.00
2023  04  24  02  52  00   568.00  -445.00   123.00
2023  04  24  02  53  00   531.00  -410.00   121.00
2023  04  24  02  54  00   491.00  -378.00   113.00
2023  04  24  02  55  00   556.00  -446.00   110.00
2023  04  24  02  56  00   559.00  -447.00   112.00
2023  04  24  02  58  00   576.00  -468.00   108.00
2023  04  24  03  00  00   538.00  -479.00    59.00
2023  04  24  03  01  00   537.00  -492.00    45.00
2023  04  24  03  02  00   482.00  -451.00    31.00
2023  04  24  03  03  00   433.00  -405.00    28.00
2023  04  24  03  04  00   435.00  -414.00    21.00
2023  04  24  03  05  00   491.00  -462.00    29.00
2023  04  24  03  06  00   556.00  -526.00    30.00
2023  04  24  03  07  00   578.00  -545.00    33.00
2023  04  24  03  08  00   612.00  -582.00    30.00
2023  04  24  03  09  00   657.00  -625.00    32.00
2023  04  24  03  10  00   636.00  -586.00    50.00
2023  04  24  03  11  00   586.00  -537.00    49.00
2023  04  24  03  12  00   661.00  -623.00    38.00
2023  04  24  03  13  00   799.00  -758.00    41.00
2023  04  24  03  14  00   885.00  -849.00    36.00
2023  04  24  03  15  00  1028.00  -991.00    37.00
2023  04  24  03  16  00  1191.00 -1148.00    43.00
2023  04  24  03  17  00  1199.00 -1161.00    38.00
2023  04  24  03  18  00  1020.00  -986.00    34.00
2023  04  24  03  19  00   776.00  -725.00    51.00
2023  04  24  03  20  00   608.00  -543.00    65.00
2023  04  24  03  21  00   557.00  -515.00    42.00
2023  04  24  03  22  00   593.00  -557.00    36.00
2023  04  24  03  23  00   596.00  -583.00    13.00
2023  04  24  03  24  00   630.00  -618.00    12.00
2023  04  24  03  25  00   696.00  -677.00    19.00
2023  04  24  03  26  00   784.00  -757.00    27.00
2023  04  24  03  27  00   872.00  -844.00    28.00
2023  04  24  03  28  00   869.00  -831.00    38.00
2023  04  24  03  29  00   843.00  -802.00    41.00
2023  04  24  03  30  00   821.00  -760.00    61.00
2023  04  24  03  31  00   828.00  -762.00    66.00
2023  04  24  03  32  00   813.00  -749.00    64.00
2023  04  24  03  33  00   818.00  -763.00    55.00
2023  04  24  03  34  00   817.00  -754.00    63.00
2023  04  24  03  35  00   799.00  -737.00    62.00
2023  04  24  03  36  00   771.00  -724.00    47.00
2023  04  24  03  37  00   733.00  -700.00    33.00
2023  04  24  03  38  00   705.00  -655.00    50.00
2023  04  24  03  39  00   664.00  -618.00    46.00
2023  04  24  03  40  00   653.00  -610.00    43.00
2023  04  24  03  41  00   653.00  -614.00    39.00
2023  04  24  03  42  00   687.00  -668.00    19.00
2023  04  24  03  43  00   701.00  -694.00     7.00
2023  04  24  03  44  00   759.00  -750.00     9.00
2023  04  24  03  45  00   728.00  -721.00     7.00
2023  04  24  03  46  00   691.00  -676.00    15.00
2023  04  24  03  47  00   693.00  -676.00    17.00
2023  04  24  03  48  00   746.00  -731.00    15.00
2023  04  24  03  49  00   759.00  -718.00    41.00
2023  04  24  03  50  00   791.00  -690.00   101.00
2023  04  24  03  51  00   831.00  -668.00   163.00
2023  04  24  03  52  00   826.00  -675.00   151.00
2023  04  24  03  53  00  1099.00  -810.00   289.00
2023  04  24  03  54  00  1213.00  -915.00   298.00
2023  04  24  03  55  00  1492.00 -1077.00   415.00
2023  04  24  03  56  00  1600.00 -1001.00   599.00
2023  04  24  03  57  00  1092.00  -588.00   504.00
2023  04  24  03  58  00  1043.00  -658.00   385.00
2023  04  24  03  59  00   901.00  -656.00   245.00
2023  04  24  04  00  00  1089.00  -935.00   154.00
2023  04  24  04  01  00  1061.00  -978.00    83.00
2023  04  24  04  02  00  1183.00 -1138.00    45.00
2023  04  24  04  03  00  1195.00 -1179.00    16.00
2023  04  24  04  04  00  1168.00 -1189.00   -21.00
2023  04  24  04  06  00  1105.00 -1157.00   -52.00
2023  04  24  04  07  00   992.00 -1031.00   -39.00
2023  04  24  04  08  00  1046.00 -1043.00     3.00
2023  04  24  04  09  00  1022.00  -995.00    27.00
2023  04  24  04  10  00   934.00  -891.00    43.00
2023  04  24  04  11  00   855.00  -821.00    34.00
2023  04  24  04  12  00   803.00  -784.00    19.00
2023  04  24  04  13  00   766.00  -696.00    70.00
2023  04  24  04  14  00   665.00  -587.00    78.00
2023  04  24  04  15  00   558.00  -545.00    13.00
2023  04  24  04  16  00   511.00  -478.00    33.00
2023  04  24  04  17  00   448.00  -368.00    80.00
2023  04  24  04  18  00   488.00  -373.00   115.00
2023  04  24  04  19  00   477.00  -349.00   128.00
2023  04  24  04  20  00   520.00  -384.00   136.00
2023  04  24  04  21  00   916.00  -795.00   121.00
2023  04  24  04  22  00   939.00  -859.00    80.00
2023  04  24  04  23  00   837.00  -756.00    81.00
2023  04  24  04  24  00   907.00  -848.00    59.00
2023  04  24  04  25  00   838.00  -792.00    46.00
2023  04  24  04  26  00  1098.00 -1064.00    34.00
2023  04  24  04  27  00  1156.00 -1119.00    37.00
2023  04  24  04  28  00  1361.00 -1338.00    23.00
2023  04  24  04  29  00  1419.00 -1410.00     9.00
2023  04  24  04  30  00  1555.00 -1583.00   -28.00
2023  04  24  04  31  00  1578.00 -1634.00   -56.00
2023  04  24  04  32  00  1646.00 -1699.00   -53.00
2023  04  24  04  33  00  1698.00 -1749.00   -51.00
2023  04  24  04  34  00  1458.00 -1510.00   -52.00
2023  04  24  04  35  00  1245.00 -1293.00   -48.00
2023  04  24  04  36  00  1225.00 -1270.00   -45.00
2023  04  24  04  37  00  1228.00 -1262.00   -34.00
2023  04  24  04  38  00  1190.00 -1233.00   -43.00
2023  04  24  04  39  00  1088.00 -1132.00   -44.00
2023  04  24  04  40  00  1063.00 -1094.00   -31.00
2023  04  24  04  41  00  1109.00 -1113.00    -4.00
2023  04  24  04  42  00  1153.00 -1139.00    14.00
2023  04  24  04  43  00  1174.00 -1177.00    -3.00
2023  04  24  04  44  00  1211.00 -1211.00     0.00
2023  04  24  04  45  00  1266.00 -1257.00     9.00
2023  04  24  04  46  00  1275.00 -1270.00     5.00
2023  04  24  04  47  00  1309.00 -1293.00    16.00
2023  04  24  04  48  00  1239.00 -1229.00    10.00
2023  04  24  04  49  00  1258.00 -1238.00    20.00
2023  04  24  04  50  00  1254.00 -1221.00    33.00
2023  04  24  04  51  00  1233.00 -1196.00    37.00
2023  04  24  04  52  00  1342.00 -1274.00    68.00
2023  04  24  04  53  00  1359.00 -1288.00    71.00
2023  04  24  04  54  00  1150.00 -1074.00    76.00
2023  04  24  04  55  00   828.00  -765.00    63.00
2023  04  24  04  56  00   617.00  -539.00    78.00
2023  04  24  04  57  00   468.00  -401.00    67.00
2023  04  24  04  58  00   364.00  -329.00    35.00
2023  04  24  04  59  00   372.00  -324.00    48.00
2023  04  24  05  00  00   396.00  -363.00    33.00
2023  04  24  05  01  00   330.00  -295.00    35.00
2023  04  24  05  02  00   363.00  -342.00    21.00
2023  04  24  05  03  00   396.00  -381.00    15.00
2023  04  24  05  04  00   445.00  -447.00    -2.00
2023  04  24  05  05  00   525.00  -533.00    -8.00
2023  04  24  05  06  00   721.00  -731.00   -10.00
2023  04  24  05  07  00   849.00  -886.00   -37.00
2023  04  24  05  08  00  1016.00 -1060.00   -44.00
2023  04  24  05  09  00  1109.00 -1180.00   -71.00
2023  04  24  05  10  00  1096.00 -1184.00   -88.00
2023  04  24  05  11  00  1088.00 -1158.00   -70.00
2023  04  24  05  12  00   976.00 -1045.00   -69.00
2023  04  24  05  13  00   832.00  -902.00   -70.00
2023  04  24  05  14  00   859.00  -934.00   -75.00
2023  04  24  05  15  00   812.00  -884.00   -72.00
2023  04  24  05  16  00   818.00  -893.00   -75.00
2023  04  24  05  17  00   884.00  -972.00   -88.00
2023  04  24  05  18  00   955.00 -1051.00   -96.00
2023  04  24  05  19  00   943.00 -1029.00   -86.00
2023  04  24  05  20  00   975.00 -1064.00   -89.00
2023  04  24  05  21  00  1059.00 -1140.00   -81.00
2023  04  24  05  22  00  1168.00 -1233.00   -65.00
2023  04  24  05  23  00  1098.00 -1154.00   -56.00
2023  04  24  05  24  00  1001.00 -1051.00   -50.00
2023  04  24  05  25  00   972.00 -1013.00   -41.00
2023  04  24  05  26  00   974.00  -995.00   -21.00
2023  04  24  05  27  00   931.00  -955.00   -24.00
2023  04  24  05  28  00   896.00  -919.00   -23.00
2023  04  24  05  29  00   822.00  -830.00    -8.00
2023  04  24  05  30  00   883.00  -875.00     8.00
2023  04  24  05  31  00   910.00  -894.00    16.00
2023  04  24  05  32  00   947.00  -928.00    19.00
2023  04  24  05  33  00   984.00  -955.00    29.00
2023  04  24  05  34  00  1079.00 -1048.00    31.00
2023  04  24  05  35  00  1186.00 -1157.00    29.00
2023  04  24  05  36  00  1231.00 -1205.00    26.00
2023  04  24  05  37  00  1325.00 -1304.00    21.00
2023  04  24  05  38  00  1296.00 -1293.00     3.00
2023  04  24  05  39  00  1157.00 -1167.00   -10.00
2023  04  24  05  40  00  1107.00 -1137.00   -30.00
2023  04  24  05  41  00  1053.00 -1100.00   -47.00
2023  04  24  05  42  00   865.00  -900.00   -35.00
2023  04  24  05  43  00   921.00  -932.00   -11.00
2023  04  24  05  44  00   910.00  -909.00     1.00
2023  04  24  05  45  00   747.00  -739.00     8.00
2023  04  24  05  46  00   740.00  -734.00     6.00
2023  04  24  05  47  00   713.00  -720.00    -7.00
2023  04  24  05  48  00   757.00  -826.00   -69.00
2023  04  24  05  49  00   763.00  -817.00   -54.00
2023  04  24  05  50  00   680.00  -703.00   -23.00
2023  04  24  05  51  00   646.00  -674.00   -28.00
2023  04  24  05  52  00   621.00  -669.00   -48.00
2023  04  24  05  53  00   716.00  -775.00   -59.00
2023  04  24  05  54  00   799.00  -860.00   -61.00
2023  04  24  05  55  00   723.00  -781.00   -58.00
2023  04  24  05  56  00   764.00  -818.00   -54.00
2023  04  24  05  57  00   883.00  -937.00   -54.00
2023  04  24  05  58  00   914.00  -965.00   -51.00
2023  04  24  05  59  00   871.00  -915.00   -44.00
2023  04  24  06  00  00   804.00  -812.00    -8.00
2023  04  24  06  01  00   910.00  -895.00    15.00
2023  04  24  06  02  00  1061.00 -1040.00    21.00
2023  04  24  06  03  00  1098.00 -1085.00    13.00
2023  04  24  06  04  00  1036.00 -1035.00     1.00
2023  04  24  06  05  00   846.00  -852.00    -6.00
2023  04  24  06  06  00   676.00  -693.00   -17.00
2023  04  24  06  07  00   649.00  -690.00   -41.00
2023  04  24  06  09  00   659.00  -725.00   -66.00
2023  04  24  06  10  00   505.00  -571.00   -66.00
2023  04  24  06  11  00   429.00  -498.00   -69.00
2023  04  24  06  12  00   486.00  -543.00   -57.00
2023  04  24  06  13  00   526.00  -576.00   -50.00
2023  04  24  06  14  00   550.00  -597.00   -47.00
2023  04  24  06  15  00   550.00  -587.00   -37.00
2023  04  24  06  16  00   546.00  -546.00     0.00
2023  04  24  06  17  00   537.00  -528.00     9.00
2023  04  24  06  18  00   530.00  -512.00    18.00
2023  04  24  06  19  00   543.00  -501.00    42.00
2023  04  24  06  20  00   544.00  -484.00    60.00
2023  04  24  06  21  00   537.00  -489.00    48.00
2023  04  24  06  22  00   604.00  -585.00    19.00
2023  04  24  06  23  00   582.00  -583.00    -1.00
2023  04  24  06  24  00   664.00  -681.00   -17.00
2023  04  24  06  25  00   725.00  -744.00   -19.00
2023  04  24  06  26  00   607.00  -634.00   -27.00
2023  04  24  06  27  00   591.00  -617.00   -26.00
2023  04  24  06  28  00   705.00  -733.00   -28.00
2023  04  24  06  29  00   763.00  -798.00   -35.00
2023  04  24  06  30  00   714.00  -759.00   -45.00
2023  04  24  06  31  00   588.00  -632.00   -44.00
2023  04  24  06  32  00   603.00  -642.00   -39.00
2023  04  24  06  33  00   594.00  -627.00   -33.00
2023  04  24  06  34  00   570.00  -598.00   -28.00
2023  04  24  06  35  00   531.00  -553.00   -22.00
2023  04  24  06  36  00   610.00  -629.00   -19.00
2023  04  24  06  37  00   723.00  -735.00   -12.00
2023  04  24  06  38  00   787.00  -791.00    -4.00
2023  04  24  06  39  00   808.00  -812.00    -4.00
2023  04  24  06  40  00   781.00  -775.00     6.00
2023  04  24  06  41  00   786.00  -781.00     5.00
2023  04  24  06  42  00   831.00  -833.00    -2.00
2023  04  24  06  43  00   813.00  -823.00   -10.00
2023  04  24  06  44  00   778.00  -789.00   -11.00
2023  04  24  06  45  00   779.00  -795.00   -16.00
2023  04  24  06  46  00   824.00  -855.00   -31.00
2023  04  24  06  47  00   823.00  -870.00   -47.00
2023  04  24  06  48  00   883.00  -937.00   -54.00
2023  04  24  06  49  00   984.00  -961.00    23.00
2023  04  24  06  50  00   943.00  -935.00     8.00
2023  04  24  06  51  00   837.00  -858.00   -21.00
2023  04  24  06  52  00   755.00  -790.00   -35.00
2023  04  24  06  53  00   741.00  -776.00   -35.00
2023  04  24  06  54  00   855.00  -885.00   -30.00
2023  04  24  06  55  00   829.00  -858.00   -29.00
2023  04  24  06  56  00   805.00  -835.00   -30.00
2023  04  24  06  57  00   783.00  -820.00   -37.00
2023  04  24  06  58  00   755.00  -799.00   -44.00
2023  04  24  06  59  00   761.00  -808.00   -47.00
2023  04  24  07  00  00   774.00  -785.00   -11.00
2023  04  24  07  01  00   812.00  -808.00     4.00
2023  04  24  07  02  00   873.00  -851.00    22.00
2023  04  24  07  03  00   806.00  -782.00    24.00
2023  04  24  07  04  00   808.00  -773.00    35.00
2023  04  24  07  05  00   710.00  -684.00    26.00
2023  04  24  07  06  00   648.00  -649.00    -1.00
2023  04  24  07  07  00   683.00  -669.00    14.00
2023  04  24  07  08  00   676.00  -622.00    54.00
2023  04  24  07  09  00   684.00  -618.00    66.00
2023  04  24  07  10  00   772.00  -686.00    86.00
2023  04  24  07  11  00   858.00  -767.00    91.00
2023  04  24  07  12  00   821.00  -731.00    90.00
2023  04  24  07  13  00   864.00  -760.00   104.00
2023  04  24  07  14  00   911.00  -799.00   112.00
2023  04  24  07  15  00   937.00  -811.00   126.00
2023  04  24  07  16  00   903.00  -789.00   114.00
2023  04  24  07  17  00   843.00  -726.00   117.00
2023  04  24  07  18  00   856.00  -740.00   116.00
2023  04  24  07  19  00   824.00  -704.00   120.00
2023  04  24  07  20  00   749.00  -637.00   112.00
2023  04  24  07  21  00   685.00  -573.00   112.00
2023  04  24  07  22  00   743.00  -623.00   120.00
2023  04  24  07  23  00   769.00  -635.00   134.00
2023  04  24  07  24  00   912.00  -788.00   124.00
2023  04  24  07  25  00  1104.00  -984.00   120.00
2023  04  24  07  26  00  1029.00  -911.00   118.00
2023  04  24  07  27  00   984.00  -848.00   136.00
2023  04  24  07  28  00   990.00  -862.00   128.00
2023  04  24  07  29  00   834.00  -699.00   135.00
2023  04  24  07  30  00   757.00  -604.00   153.00
2023  04  24  07  31  00   806.00  -656.00   150.00
2023  04  24  07  32  00   909.00  -738.00   171.00
2023  04  24  07  33  00   928.00  -730.00   198.00
2023  04  24  07  34  00   908.00  -718.00   190.00
2023  04  24  07  35  00   876.00  -723.00   153.00
2023  04  24  07  36  00   799.00  -656.00   143.00
2023  04  24  07  37  00   863.00  -695.00   168.00
2023  04  24  07  38  00   824.00  -638.00   186.00
2023  04  24  07  39  00   809.00  -603.00   206.00
2023  04  24  07  40  00   876.00  -652.00   224.00
2023  04  24  07  41  00   927.00  -694.00   233.00
2023  04  24  07  42  00   907.00  -665.00   242.00
2023  04  24  07  43  00   863.00  -623.00   240.00
2023  04  24  07  44  00   928.00  -689.00   239.00
2023  04  24  07  45  00   922.00  -675.00   247.00
2023  04  24  07  46  00   897.00  -647.00   250.00
2023  04  24  07  47  00   872.00  -640.00   232.00
2023  04  24  07  48  00   871.00  -629.00   242.00
2023  04  24  07  49  00   867.00  -615.00   252.00
2023  04  24  07  50  00   843.00  -581.00   262.00
2023  04  24  07  51  00   858.00  -612.00   246.00
2023  04  24  07  52  00   983.00  -775.00   208.00
2023  04  24  07  53  00  1274.00 -1057.00   217.00
2023  04  24  07  54  00   905.00  -658.00   247.00
2023  04  24  07  55  00   804.00  -559.00   245.00
2023  04  24  07  56  00   812.00  -579.00   233.00
2023  04  24  07  57  00   806.00  -592.00   214.00
2023  04  24  07  58  00   784.00  -579.00   205.00
2023  04  24  07  59  00   773.00  -580.00   193.00
2023  04  24  08  00  00   690.00  -533.00   157.00
2023  04  24  08  01  00   617.00  -462.00   155.00
2023  04  24  08  02  00   678.00  -532.00   146.00
2023  04  24  08  03  00   728.00  -578.00   150.00
2023  04  24  08  04  00   756.00  -611.00   145.00
2023  04  24  08  05  00   718.00  -574.00   144.00
2023  04  24  08  06  00   691.00  -547.00   144.00
2023  04  24  08  07  00   685.00  -557.00   128.00
2023  04  24  08  08  00   734.00  -578.00   156.00
2023  04  24  08  09  00   738.00  -570.00   168.00
2023  04  24  08  10  00   746.00  -568.00   178.00
2023  04  24  08  11  00   790.00  -587.00   203.00
2023  04  24  08  12  00   839.00  -627.00   212.00
2023  04  24  08  13  00   846.00  -632.00   214.00
2023  04  24  08  14  00   868.00  -654.00   214.00
2023  04  24  08  15  00   817.00  -617.00   200.00
2023  04  24  08  16  00   774.00  -593.00   181.00
2023  04  24  08  17  00   750.00  -569.00   181.00
2023  04  24  08  18  00   732.00  -536.00   196.00
2023  04  24  08  19  00   737.00  -540.00   197.00
2023  04  24  08  20  00   744.00  -525.00   219.00
2023  04  24  08  21  00   707.00  -495.00   212.00
2023  04  24  08  22  00   722.00  -483.00   239.00
2023  04  24  08  23  00   770.00  -522.00   248.00
2023  04  24  08  24  00   788.00  -531.00   257.00
2023  04  24  08  25  00   824.00  -570.00   254.00
2023  04  24  08  26  00   826.00  -565.00   261.00
2023  04  24  08  27  00   821.00  -568.00   253.00
2023  04  24  08  28  00   896.00  -598.00   298.00
2023  04  24  08  29  00   896.00  -606.00   290.00
2023  04  24  08  30  00   925.00  -633.00   292.00
2023  04  24  08  31  00   957.00  -635.00   322.00
2023  04  24  08  32  00  1007.00  -679.00   328.00
2023  04  24  08  33  00  1035.00  -690.00   345.00
2023  04  24  08  34  00   999.00  -656.00   343.00
2023  04  24  08  35  00   947.00  -631.00   316.00
2023  04  24  08  36  00   936.00  -634.00   302.00
2023  04  24  08  37  00   982.00  -688.00   294.00
2023  04  24  08  38  00   979.00  -698.00   281.00
2023  04  24  08  39  00   970.00  -700.00   270.00
2023  04  24  08  40  00   912.00  -656.00   256.00
2023  04  24  08  41  00   870.00  -594.00   276.00
2023  04  24  08  42  00   863.00  -565.00   298.00
2023  04  24  08  43  00   899.00  -603.00   296.00
2023  04  24  08  44  00   860.00  -582.00   278.00
2023  04  24  08  45  00   802.00  -550.00   252.00
2023  04  24  08  46  00   845.00  -578.00   267.00
2023  04  24  08  47  00   840.00  -562.00   278.00
2023  04  24  08  48  00   882.00  -612.00   270.00
2023  04  24  08  49  00   914.00  -627.00   287.00
2023  04  24  08  50  00   931.00  -645.00   286.00
2023  04  24  08  51  00   825.00  -571.00   254.00
2023  04  24  08  52  00   804.00  -562.00   242.00
2023  04  24  08  53  00   776.00  -542.00   234.00
2023  04  24  08  54  00   800.00  -556.00   244.00
2023  04  24  08  55  00   814.00  -579.00   235.00
2023  04  24  08  56  00   814.00  -601.00   213.00
2023  04  24  08  57  00   784.00  -578.00   206.00
2023  04  24  08  58  00   748.00  -556.00   192.00
2023  04  24  08  59  00   741.00  -550.00   191.00
2023  04  24  09  00  00   703.00  -495.00   208.00
2023  04  24  09  01  00   634.00  -459.00   175.00
2023  04  24  09  02  00   636.00  -455.00   181.00
2023  04  24  09  03  00   588.00  -413.00   175.00
2023  04  24  09  04  00   561.00  -372.00   189.00
2023  04  24  09  05  00   565.00  -362.00   203.00
2023  04  24  09  06  00   592.00  -388.00   204.00
2023  04  24  09  07  00   577.00  -409.00   168.00
2023  04  24  09  08  00   575.00  -390.00   185.00
2023  04  24  09  09  00   586.00  -407.00   179.00
2023  04  24  09  10  00   602.00  -431.00   171.00
2023  04  24  09  11  00   606.00  -436.00   170.00
2023  04  24  09  12  00   581.00  -406.00   175.00
2023  04  24  09  13  00   584.00  -407.00   177.00
2023  04  24  09  14  00   591.00  -411.00   180.00
2023  04  24  09  15  00   600.00  -406.00   194.00
2023  04  24  09  16  00   595.00  -383.00   212.00
2023  04  24  09  17  00   563.00  -355.00   208.00
2023  04  24  09  18  00   565.00  -340.00   225.00
2023  04  24  09  19  00   546.00  -332.00   214.00
2023  04  24  09  20  00   621.00  -415.00   206.00
2023  04  24  09  21  00   672.00  -463.00   209.00
2023  04  24  09  22  00   665.00  -449.00   216.00
2023  04  24  09  23  00   657.00  -451.00   206.00
2023  04  24  09  24  00   685.00  -485.00   200.00
2023  04  24  09  25  00   695.00  -497.00   198.00
2023  04  24  09  26  00   658.00  -470.00   188.00
2023  04  24  09  27  00   716.00  -531.00   185.00
2023  04  24  09  28  00   761.00  -577.00   184.00
2023  04  24  09  29  00   827.00  -642.00   185.00
2023  04  24  09  30  00   919.00  -717.00   202.00
2023  04  24  09  31  00   925.00  -733.00   192.00
2023  04  24  09  32  00   885.00  -700.00   185.00
2023  04  24  09  33  00  1009.00  -821.00   188.00
2023  04  24  09  34  00   981.00  -797.00   184.00
2023  04  24  09  35  00  1010.00  -829.00   181.00
2023  04  24  09  36  00   956.00  -776.00   180.00
2023  04  24  09  37  00   854.00  -694.00   160.00
2023  04  24  09  38  00   815.00  -660.00   155.00
2023  04  24  09  39  00   803.00  -651.00   152.00
2023  04  24  09  40  00   913.00  -769.00   144.00
2023  04  24  09  41  00   972.00  -830.00   142.00
2023  04  24  09  42  00  1061.00  -933.00   128.00
2023  04  24  09  43  00   865.00  -730.00   135.00
2023  04  24  09  44  00   712.00  -568.00   144.00
2023  04  24  09  45  00   694.00  -560.00   134.00
2023  04  24  09  46  00   758.00  -626.00   132.00
2023  04  24  09  47  00   811.00  -676.00   135.00
2023  04  24  09  48  00   829.00  -691.00   138.00
2023  04  24  09  49  00   879.00  -739.00   140.00
2023  04  24  09  50  00   872.00  -735.00   137.00
2023  04  24  09  51  00   859.00  -729.00   130.00
2023  04  24  09  52  00   748.00  -629.00   119.00
2023  04  24  09  53  00   654.00  -540.00   114.00
2023  04  24  09  54  00   663.00  -523.00   140.00
2023  04  24  09  55  00   729.00  -556.00   173.00
2023  04  24  09  56  00   761.00  -565.00   196.00
2023  04  24  09  57  00   727.00  -531.00   196.00
2023  04  24  09  58  00   719.00  -503.00   216.00
2023  04  24  09  59  00   745.00  -532.00   213.00
2023  04  24  10  00  00   741.00  -545.00   196.00
2023  04  24  10  01  00   746.00  -560.00   186.00
2023  04  24  10  02  00   714.00  -548.00   166.00
2023  04  24  10  03  00   733.00  -560.00   173.00
2023  04  24  10  04  00   662.00  -494.00   168.00
2023  04  24  10  05  00   635.00  -474.00   161.00
2023  04  24  10  06  00   608.00  -456.00   152.00
2023  04  24  10  07  00   591.00  -445.00   146.00
2023  04  24  10  08  00   600.00  -464.00   136.00
2023  04  24  10  09  00   600.00  -464.00   136.00
2023  04  24  10  10  00   573.00  -453.00   120.00
2023  04  24  10  11  00   547.00  -428.00   119.00
2023  04  24  10  12  00   507.00  -384.00   123.00
2023  04  24  10  13  00   547.00  -407.00   140.00
2023  04  24  10  14  00   560.00  -414.00   146.00
2023  04  24  10  15  00   522.00  -388.00   134.00
2023  04  24  10  16  00   499.00  -378.00   121.00
2023  04  24  10  17  00   512.00  -381.00   131.00
2023  04  24  10  18  00   540.00  -401.00   139.00
2023  04  24  10  19  00   576.00  -437.00   139.00
2023  04  24  10  20  00   621.00  -463.00   158.00
2023  04  24  10  21  00   645.00  -481.00   164.00
2023  04  24  10  22  00   642.00  -476.00   166.00
2023  04  24  10  23  00   638.00  -468.00   170.00
2023  04  24  10  24  00   640.00  -460.00   180.00
2023  04  24  10  25  00   644.00  -473.00   171.00
2023  04  24  10  26  00   628.00  -452.00   176.00
2023  04  24  10  27  00   589.00  -420.00   169.00
2023  04  24  10  28  00   572.00  -407.00   165.00
2023  04  24  10  29  00   565.00  -386.00   179.00
2023  04  24  10  30  00   566.00  -383.00   183.00
2023  04  24  10  31  00   571.00  -375.00   196.00
2023  04  24  10  32  00   556.00  -365.00   191.00
2023  04  24  10  33  00   572.00  -385.00   187.00
2023  04  24  10  34  00   582.00  -395.00   187.00
2023  04  24  10  35  00   582.00  -382.00   200.00
2023  04  24  10  36  00   597.00  -379.00   218.00
2023  04  24  10  37  00   640.00  -407.00   233.00
2023  04  24  10  38  00   432.00  -202.00   230.00
2023  04  24  10  39  00   405.00  -194.00   211.00
2023  04  24  10  40  00   396.00  -189.00   207.00
2023  04  24  10  41  00   384.00  -189.00   195.00
2023  04  24  10  42  00   400.00  -199.00   201.00
2023  04  24  10  43  00   379.00  -186.00   193.00
2023  04  24  10  44  00   366.00  -170.00   196.00
2023  04  24  10  45  00   350.00  -160.00   190.00
2023  04  24  10  46  00   375.00  -190.00   185.00
2023  04  24  10  47  00   473.00  -299.00   174.00
2023  04  24  10  48  00   527.00  -358.00   169.00
2023  04  24  10  49  00   575.00  -414.00   161.00
2023  04  24  10  50  00   581.00  -417.00   164.00
2023  04  24  10  51  00   694.00  -531.00   163.00
2023  04  24  10  52  00  1015.00  -852.00   163.00
2023  04  24  10  53  00   965.00  -804.00   161.00
2023  04  24  10  54  00   684.00  -524.00   160.00
2023  04  24  10  55  00   736.00  -569.00   167.00
2023  04  24  10  56  00   955.00  -767.00   188.00
2023  04  24  10  57  00   873.00  -689.00   184.00
2023  04  24  10  58  00   837.00  -648.00   189.00
2023  04  24  10  59  00   845.00  -637.00   208.00
2023  04  24  11  00  00   839.00  -583.00   256.00
2023  04  24  11  01  00   946.00  -635.00   311.00
2023  04  24  11  02  00  1024.00  -655.00   369.00
2023  04  24  11  03  00  1038.00  -642.00   396.00
2023  04  24  11  04  00  1012.00  -611.00   401.00
2023  04  24  11  05  00  1023.00  -628.00   395.00
2023  04  24  11  06  00  1019.00  -629.00   390.00
2023  04  24  11  07  00   918.00  -570.00   348.00
2023  04  24  11  08  00   884.00  -561.00   323.00
2023  04  24  11  09  00   874.00  -559.00   315.00
2023  04  24  11  10  00   867.00  -535.00   332.00
2023  04  24  11  11  00   982.00  -653.00   329.00
2023  04  24  11  12  00   939.00  -622.00   317.00
2023  04  24  11  13  00   824.00  -507.00   317.00
2023  04  24  11  14  00   892.00  -569.00   323.00
2023  04  24  11  15  00   966.00  -634.00   332.00
2023  04  24  11  16  00  1104.00  -770.00   334.00
2023  04  24  11  17  00  1160.00  -822.00   338.00
2023  04  24  11  18  00  1112.00  -782.00   330.00
2023  04  24  11  19  00   994.00  -670.00   324.00
2023  04  24  11  20  00   991.00  -661.00   330.00
2023  04  24  11  21  00   950.00  -629.00   321.00
2023  04  24  11  22  00   821.00  -523.00   298.00
2023  04  24  11  23  00   730.00  -438.00   292.00
2023  04  24  11  24  00   776.00  -486.00   290.00
2023  04  24  11  25  00   801.00  -515.00   286.00
2023  04  24  11  26  00   816.00  -542.00   274.00
2023  04  24  11  27  00   844.00  -582.00   262.00
2023  04  24  11  28  00   842.00  -607.00   235.00
2023  04  24  11  29  00   828.00  -610.00   218.00
2023  04  24  11  30  00   835.00  -606.00   229.00
2023  04  24  11  31  00   873.00  -641.00   232.00
2023  04  24  11  32  00   934.00  -670.00   264.00
2023  04  24  11  33  00   941.00  -667.00   274.00
2023  04  24  11  34  00   859.00  -611.00   248.00
2023  04  24  11  35  00   829.00  -614.00   215.00
2023  04  24  11  36  00   824.00  -601.00   223.00
2023  04  24  11  37  00   809.00  -565.00   244.00
2023  04  24  11  38  00   761.00  -527.00   234.00
2023  04  24  11  39  00   696.00  -465.00   231.00
2023  04  24  11  40  00   692.00  -466.00   226.00
2023  04  24  11  41  00   677.00  -465.00   212.00
2023  04  24  11  42  00   656.00  -450.00   206.00
2023  04  24  11  43  00   629.00  -437.00   192.00
2023  04  24  11  44  00   620.00  -434.00   186.00
2023  04  24  11  45  00   625.00  -440.00   185.00
2023  04  24  11  46  00   630.00  -437.00   193.00
2023  04  24  11  47  00   591.00  -392.00   199.00
2023  04  24  11  48  00   574.00  -374.00   200.00
2023  04  24  11  49  00   550.00  -358.00   192.00
2023  04  24  11  50  00   540.00  -347.00   193.00
2023  04  24  11  51  00   531.00  -333.00   198.00
2023  04  24  11  52  00   521.00  -329.00   192.00
2023  04  24  11  53  00   533.00  -332.00   201.00
2023  04  24  11  54  00   524.00  -319.00   205.00
2023  04  24  11  55  00   536.00  -317.00   219.00
2023  04  24  11  56  00   563.00  -297.00   266.00
2023  04  24  11  57  00   521.00  -252.00   269.00
2023  04  24  11  58  00   497.00  -240.00   257.00
2023  04  24  11  59  00   457.00  -223.00   234.00
2023  04  24  12  00  00   382.00  -181.00   201.00
2023  04  24  12  01  00   363.00  -181.00   182.00
2023  04  24  12  02  00   383.00  -208.00   175.00
2023  04  24  12  03  00   392.00  -221.00   171.00
2023  04  24  12  04  00   388.00  -223.00   165.00
2023  04  24  12  05  00   379.00  -212.00   167.00
2023  04  24  12  06  00   360.00  -195.00   165.00
2023  04  24  12  07  00   367.00  -196.00   171.00
2023  04  24  12  08  00   376.00  -202.00   174.00
2023  04  24  12  09  00   337.00  -172.00   165.00
2023  04  24  12  10  00   290.00  -135.00   155.00
2023  04  24  12  11  00   300.00  -146.00   154.00
2023  04  24  12  12  00   304.00  -148.00   156.00
2023  04  24  12  13  00   331.00  -162.00   169.00
2023  04  24  12  14  00   347.00  -173.00   174.00
2023  04  24  12  15  00   354.00  -178.00   176.00
2023  04  24  12  16  00   357.00  -182.00   175.00
2023  04  24  12  17  00   348.00  -172.00   176.00
2023  04  24  12  18  00   330.00  -153.00   177.00
2023  04  24  12  19  00   306.00  -131.00   175.00
2023  04  24  12  20  00   288.00  -115.00   173.00
2023  04  24  12  21  00   278.00  -110.00   168.00
2023  04  24  12  22  00   276.00  -105.00   171.00
2023  04  24  12  23  00   261.00   -93.00   168.00
2023  04  24  12  24  00   251.00   -75.00   176.00
2023  04  24  12  25  00   264.00   -88.00   176.00
2023  04  24  12  26  00   273.00  -104.00   169.00
2023  04  24  12  27  00   282.00  -118.00   164.00
2023  04  24  12  28  00   271.00  -111.00   160.00
2023  04  24  12  29  00   247.00   -83.00   164.00
2023  04  24  12  30  00   273.00  -110.00   163.00
2023  04  24  12  31  00   461.00  -287.00   174.00
2023  04  24  12  32  00   715.00  -495.00   220.00
2023  04  24  12  33  00   738.00  -550.00   188.00
2023  04  24  12  34  00   703.00  -519.00   184.00
2023  04  24  12  35  00   658.00  -457.00   201.00
2023  04  24  12  36  00   518.00  -331.00   187.00
2023  04  24  12  37  00   512.00  -317.00   195.00
2023  04  24  12  38  00   546.00  -335.00   211.00
2023  04  24  12  39  00   532.00  -319.00   213.00
2023  04  24  12  40  00   502.00  -315.00   187.00
2023  04  24  12  41  00   516.00  -339.00   177.00
2023  04  24  12  42  00   518.00  -330.00   188.00
2023  04  24  12  43  00   540.00  -340.00   200.00
2023  04  24  12  44  00   570.00  -354.00   216.00
2023  04  24  12  45  00   647.00  -421.00   226.00
2023  04  24  12  46  00   658.00  -460.00   198.00
2023  04  24  12  47  00   647.00  -474.00   173.00
2023  04  24  12  48  00   596.00  -442.00   154.00
2023  04  24  12  49  00   500.00  -374.00   126.00
2023  04  24  12  50  00   451.00  -341.00   110.00
2023  04  24  12  51  00   424.00  -311.00   113.00
2023  04  24  12  52  00   388.00  -275.00   113.00
2023  04  24  12  53  00   363.00  -247.00   116.00
2023  04  24  12  54  00   349.00  -223.00   126.00
2023  04  24  12  55  00   316.00  -190.00   126.00
2023  04  24  12  56  00   309.00  -176.00   133.00
2023  04  24  12  57  00   338.00  -206.00   132.00
2023  04  24  12  58  00   346.00  -221.00   125.00
2023  04  24  12  59  00   341.00  -229.00   112.00
2023  04  24  13  00  00   328.00  -223.00   105.00
2023  04  24  13  01  00   324.00  -222.00   102.00
2023  04  24  13  02  00   319.00  -220.00    99.00
2023  04  24  13  03  00   316.00  -218.00    98.00
2023  04  24  13  04  00   320.00  -217.00   103.00
2023  04  24  13  05  00   304.00  -195.00   109.00
2023  04  24  13  06  00   281.00  -169.00   112.00
2023  04  24  13  07  00   264.00  -151.00   113.00
2023  04  24  13  08  00   260.00  -144.00   116.00
2023  04  24  13  09  00   259.00  -141.00   118.00
2023  04  24  13  10  00   269.00  -154.00   115.00
2023  04  24  13  11  00   295.00  -180.00   115.00
2023  04  24  13  12  00   331.00  -218.00   113.00
2023  04  24  13  13  00   351.00  -241.00   110.00
2023  04  24  13  14  00   356.00  -249.00   107.00
2023  04  24  13  15  00   402.00  -299.00   103.00
2023  04  24  13  16  00   448.00  -343.00   105.00
2023  04  24  13  17  00   465.00  -354.00   111.00
2023  04  24  13  18  00   448.00  -333.00   115.00
2023  04  24  13  19  00   479.00  -361.00   118.00
2023  04  24  13  20  00   447.00  -328.00   119.00
2023  04  24  13  21  00   387.00  -261.00   126.00
2023  04  24  13  22  00   325.00  -195.00   130.00
2023  04  24  13  23  00   319.00  -183.00   136.00
2023  04  24  13  24  00   328.00  -188.00   140.00
2023  04  24  13  25  00   328.00  -184.00   144.00
2023  04  24  13  26  00   317.00  -173.00   144.00
2023  04  24  13  27  00   307.00  -160.00   147.00
2023  04  24  13  28  00   295.00  -146.00   149.00
2023  04  24  13  29  00   269.00  -122.00   147.00
2023  04  24  13  30  00   264.00  -117.00   147.00
2023  04  24  13  31  00   250.00  -108.00   142.00
2023  04  24  13  32  00   247.00  -104.00   143.00
2023  04  24  13  33  00   234.00   -94.00   140.00
2023  04  24  13  34  00   252.00  -114.00   138.00
2023  04  24  13  35  00   265.00  -127.00   138.00
2023  04  24  13  36  00   270.00  -125.00   145.00
2023  04  24  13  37  00   289.00  -138.00   151.00
2023  04  24  13  38  00   301.00  -145.00   156.00
2023  04  24  13  39  00   312.00  -154.00   158.00
2023  04  24  13  40  00   330.00  -170.00   160.00
2023  04  24  13  41  00   344.00  -178.00   166.00
2023  04  24  13  42  00   375.00  -176.00   199.00
2023  04  24  13  43  00   379.00  -173.00   206.00
2023  04  24  13  44  00   380.00  -189.00   191.00
2023  04  24  13  45  00   400.00  -221.00   179.00
2023  04  24  13  46  00   390.00  -234.00   156.00
2023  04  24  13  47  00   362.00  -212.00   150.00
2023  04  24  13  48  00   371.00  -227.00   144.00
2023  04  24  13  49  00   381.00  -239.00   142.00
2023  04  24  13  50  00   365.00  -224.00   141.00
2023  04  24  13  51  00   350.00  -202.00   148.00
2023  04  24  13  52  00   325.00  -177.00   148.00
2023  04  24  13  53  00   300.00  -153.00   147.00
2023  04  24  13  54  00   303.00  -151.00   152.00
2023  04  24  13  55  00   313.00  -157.00   156.00
2023  04  24  13  56  00   327.00  -174.00   153.00
2023  04  24  13  57  00   344.00  -196.00   148.00
2023  04  24  13  58  00   374.00  -219.00   155.00
2023  04  24  13  59  00   388.00  -224.00   164.00
2023  04  24  14  00  00   388.00  -220.00   168.00
2023  04  24  14  01  00   374.00  -212.00   162.00
2023  04  24  14  02  00   376.00  -220.00   156.00
2023  04  24  14  03  00   349.00  -204.00   145.00
2023  04  24  14  04  00   319.00  -190.00   129.00
2023  04  24  14  05  00   280.00  -169.00   111.00
2023  04  24  14  06  00   284.00  -172.00   112.00
2023  04  24  14  07  00   290.00  -174.00   116.00
2023  04  24  14  08  00   289.00  -172.00   117.00
2023  04  24  14  09  00   274.00  -158.00   116.00
2023  04  24  14  10  00   279.00  -168.00   111.00
2023  04  24  14  11  00   285.00  -170.00   115.00
2023  04  24  14  12  00   299.00  -180.00   119.00
2023  04  24  14  13  00   311.00  -194.00   117.00
2023  04  24  14  14  00   325.00  -206.00   119.00
2023  04  24  14  15  00   352.00  -226.00   126.00
2023  04  24  14  16  00   320.00  -194.00   126.00
2023  04  24  14  17  00   282.00  -158.00   124.00
2023  04  24  14  18  00   267.00  -143.00   124.00
2023  04  24  14  19  00   261.00  -132.00   129.00
2023  04  24  14  20  00   267.00  -136.00   131.00
2023  04  24  14  21  00   254.00  -128.00   126.00
2023  04  24  14  22  00   238.00  -125.00   113.00
2023  04  24  14  23  00   229.00  -123.00   106.00
2023  04  24  14  24  00   215.00  -107.00   108.00
2023  04  24  14  25  00   204.00  -103.00   101.00
2023  04  24  14  26  00   205.00  -113.00    92.00
2023  04  24  14  27  00   213.00  -120.00    93.00
2023  04  24  14  28  00   229.00  -127.00   102.00
2023  04  24  14  29  00   238.00  -131.00   107.00
2023  04  24  14  30  00   236.00  -135.00   101.00
2023  04  24  14  31  00   232.00  -136.00    96.00
2023  04  24  14  32  00   219.00  -118.00   101.00
2023  04  24  14  33  00   224.00  -116.00   108.00
2023  04  24  14  34  00   234.00  -120.00   114.00
2023  04  24  14  35  00   249.00  -127.00   122.00
2023  04  24  14  36  00   268.00  -133.00   135.00
2023  04  24  14  37  00   283.00  -138.00   145.00
2023  04  24  14  38  00   286.00  -146.00   140.00
2023  04  24  14  39  00   272.00  -138.00   134.00
2023  04  24  14  40  00   246.00  -118.00   128.00
2023  04  24  14  41  00   243.00  -122.00   121.00
2023  04  24  14  42  00   249.00  -133.00   116.00
2023  04  24  14  43  00   243.00  -140.00   103.00
2023  04  24  14  44  00   243.00  -148.00    95.00
2023  04  24  14  45  00   247.00  -137.00   110.00
2023  04  24  14  46  00   269.00  -145.00   124.00
2023  04  24  14  47  00   291.00  -167.00   124.00
2023  04  24  14  48  00   278.00  -169.00   109.00
2023  04  24  14  49  00   274.00  -169.00   105.00
2023  04  24  14  50  00   260.00  -162.00    98.00
2023  04  24  14  51  00   277.00  -178.00    99.00
2023  04  24  14  52  00   299.00  -196.00   103.00
2023  04  24  14  53  00   335.00  -220.00   115.00
2023  04  24  14  54  00   294.00  -174.00   120.00
2023  04  24  14  55  00   262.00  -147.00   115.00
2023  04  24  14  56  00   250.00  -143.00   107.00
2023  04  24  14  57  00   242.00  -141.00   101.00
2023  04  24  14  58  00   283.00  -173.00   110.00
2023  04  24  14  59  00   352.00  -203.00   149.00
2023  04  24  15  00  00   363.00  -225.00   138.00
2023  04  24  15  01  00   366.00  -246.00   120.00
2023  04  24  15  02  00   379.00  -254.00   125.00
2023  04  24  15  03  00   351.00  -242.00   109.00
2023  04  24  15  04  00   334.00  -233.00   101.00
2023  04  24  15  05  00   356.00  -242.00   114.00
2023  04  24  15  06  00   363.00  -251.00   112.00
2023  04  24  15  07  00   365.00  -273.00    92.00
2023  04  24  15  08  00   356.00  -292.00    64.00
2023  04  24  15  09  00   353.00  -280.00    73.00
2023  04  24  15  10  00   364.00  -271.00    93.00
2023  04  24  15  11  00   362.00  -237.00   125.00
2023  04  24  15  12  00   340.00  -219.00   121.00
2023  04  24  15  13  00   329.00  -225.00   104.00
2023  04  24  15  14  00   311.00  -228.00    83.00
2023  04  24  15  15  00   327.00  -250.00    77.00
2023  04  24  15  16  00   342.00  -270.00    72.00
2023  04  24  15  17  00   342.00  -283.00    59.00
2023  04  24  15  18  00   331.00  -272.00    59.00
2023  04  24  15  19  00   315.00  -248.00    67.00
2023  04  24  15  20  00   324.00  -248.00    76.00
2023  04  24  15  21  00   363.00  -283.00    80.00
2023  04  24  15  22  00   379.00  -305.00    74.00
2023  04  24  15  23  00   369.00  -298.00    71.00
2023  04  24  15  24  00   362.00  -290.00    72.00
2023  04  24  15  25  00   358.00  -278.00    80.00
2023  04  24  15  26  00   377.00  -293.00    84.00
2023  04  24  15  27  00   405.00  -323.00    82.00
2023  04  24  15  28  00   431.00  -351.00    80.00
2023  04  24  15  29  00   485.00  -401.00    84.00
2023  04  24  15  30  00   525.00  -437.00    88.00
2023  04  24  15  31  00   503.00  -410.00    93.00
2023  04  24  15  32  00   471.00  -381.00    90.00
2023  04  24  15  33  00   455.00  -368.00    87.00
2023  04  24  15  34  00   485.00  -397.00    88.00
2023  04  24  15  35  00   526.00  -435.00    91.00
2023  04  24  15  36  00   550.00  -460.00    90.00
2023  04  24  15  37  00   553.00  -468.00    85.00
2023  04  24  15  38  00   553.00  -469.00    84.00
2023  04  24  15  39  00   582.00  -490.00    92.00
2023  04  24  15  40  00   603.00  -501.00   102.00
2023  04  24  15  41  00   587.00  -482.00   105.00
2023  04  24  15  42  00   564.00  -464.00   100.00
2023  04  24  15  43  00   535.00  -438.00    97.00
2023  04  24  15  44  00   558.00  -463.00    95.00
2023  04  24  15  45  00   564.00  -472.00    92.00
2023  04  24  15  46  00   579.00  -484.00    95.00
2023  04  24  15  47  00   586.00  -477.00   109.00
2023  04  24  15  48  00   556.00  -453.00   103.00
2023  04  24  15  49  00   497.00  -408.00    89.00
2023  04  24  15  50  00   434.00  -345.00    89.00
2023  04  24  15  51  00   470.00  -370.00   100.00
2023  04  24  15  52  00   517.00  -411.00   106.00
2023  04  24  15  53  00   497.00  -406.00    91.00
2023  04  24  15  54  00   412.00  -321.00    91.00
2023  04  24  15  55  00   397.00  -254.00   143.00
2023  04  24  15  56  00   375.00  -244.00   131.00
2023  04  24  15  57  00   286.00  -177.00   109.00
2023  04  24  15  58  00   188.00  -101.00    87.00
2023  04  24  15  59  00   207.00   -96.00   111.00
2023  04  24  16  00  00   173.00   -84.00    89.00
2023  04  24  16  01  00   146.00   -77.00    69.00
2023  04  24  16  02  00   183.00   -74.00   109.00
2023  04  24  16  03  00   225.00   -62.00   163.00
2023  04  24  16  04  00   210.00   -41.00   169.00
2023  04  24  16  05  00   197.00   -30.00   167.00
2023  04  24  16  06  00   195.00   -33.00   162.00
2023  04  24  16  07  00   215.00   -37.00   178.00
2023  04  24  16  08  00   250.00   -35.00   215.00
2023  04  24  16  09  00   270.00   -36.00   234.00
2023  04  24  16  10  00   257.00   -39.00   218.00
2023  04  24  16  11  00   213.00   -41.00   172.00
2023  04  24  16  12  00   174.00   -41.00   133.00
2023  04  24  16  13  00   181.00   -40.00   141.00
2023  04  24  16  14  00   196.00   -38.00   158.00
2023  04  24  16  15  00   199.00   -37.00   162.00
2023  04  24  16  16  00   163.00   -36.00   127.00
2023  04  24  16  17  00   132.00   -35.00    97.00
2023  04  24  16  18  00   144.00   -53.00    91.00
2023  04  24  16  19  00   147.00   -56.00    91.00
2023  04  24  16  20  00   167.00   -55.00   112.00
2023  04  24  16  21  00   147.00   -44.00   103.00
2023  04  24  16  22  00   103.00   -31.00    72.00
2023  04  24  16  23  00    76.00   -28.00    48.00
2023  04  24  16  24  00    88.00   -27.00    61.00
2023  04  24  16  25  00   105.00   -29.00    76.00
2023  04  24  16  26  00   104.00   -30.00    74.00
2023  04  24  16  27  00    79.00   -31.00    48.00
2023  04  24  16  28  00    72.00   -30.00    42.00
2023  04  24  16  29  00    67.00   -28.00    39.00
2023  04  24  16  30  00    59.00   -27.00    32.00
2023  04  24  16  31  00    60.00   -25.00    35.00
2023  04  24  16  32  00    47.00   -25.00    22.00
2023  04  24  16  33  00    56.00   -29.00    27.00
2023  04  24  16  34  00    59.00   -35.00    24.00
2023  04  24  16  35  00    62.00   -37.00    25.00
2023  04  24  16  36  00    56.00   -34.00    22.00
2023  04  24  16  37  00    83.00   -29.00    54.00
2023  04  24  16  38  00    59.00   -27.00    32.00
2023  04  24  16  39  00    41.00   -31.00    10.00
2023  04  24  16  40  00    57.00   -42.00    15.00
2023  04  24  16  41  00    64.00   -44.00    20.00
2023  04  24  16  42  00    72.00   -43.00    29.00
2023  04  24  16  43  00    68.00   -37.00    31.00
2023  04  24  16  44  00    63.00   -37.00    26.00
2023  04  24  16  45  00    44.00   -36.00     8.00
2023  04  24  16  46  00    41.00   -33.00     8.00
2023  04  24  16  47  00    44.00   -35.00     9.00
2023  04  24  16  48  00    52.00   -42.00    10.00
2023  04  24  16  49  00    90.00   -45.00    45.00
2023  04  24  16  50  00    85.00   -38.00    47.00
2023  04  24  16  51  00    48.00   -32.00    16.00
2023  04  24  16  52  00    40.00   -32.00     8.00
2023  04  24  16  53  00    36.00   -30.00     6.00
2023  04  24  16  54  00    60.00   -35.00    25.00
2023  04  24  16  55  00    84.00   -33.00    51.00
2023  04  24  16  56  00    80.00   -30.00    50.00
2023  04  24  16  57  00    63.00   -27.00    36.00
2023  04  24  16  58  00    58.00   -33.00    25.00
2023  04  24  16  59  00    75.00   -36.00    39.00
2023  04  24  17  00  00   106.00   -38.00    68.00
2023  04  24  17  01  00   109.00   -51.00    58.00
2023  04  24  17  02  00    81.00   -53.00    28.00
2023  04  24  17  03  00    73.00   -46.00    27.00
2023  04  24  17  04  00    78.00   -47.00    31.00
2023  04  24  17  05  00    75.00   -42.00    33.00
2023  04  24  17  06  00    72.00   -38.00    34.00
2023  04  24  17  07  00    75.00   -44.00    31.00
2023  04  24  17  08  00    89.00   -41.00    48.00
2023  04  24  17  09  00   103.00   -50.00    53.00
2023  04  24  17  10  00   125.00   -83.00    42.00
2023  04  24  17  11  00   156.00  -108.00    48.00
2023  04  24  17  12  00   145.00  -111.00    34.00
2023  04  24  17  13  00   121.00   -90.00    31.00
2023  04  24  17  14  00    81.00   -60.00    21.00
2023  04  24  17  15  00    59.00   -38.00    21.00
2023  04  24  17  16  00    66.00   -48.00    18.00
2023  04  24  17  17  00    65.00   -50.00    15.00
2023  04  24  17  18  00    56.00   -41.00    15.00
2023  04  24  17  19  00    74.00   -45.00    29.00
2023  04  24  17  20  00    89.00   -63.00    26.00
2023  04  24  17  21  00    99.00   -74.00    25.00
2023  04  24  17  22  00   105.00   -76.00    29.00
2023  04  24  17  23  00    89.00   -74.00    15.00
2023  04  24  17  24  00    75.00   -55.00    20.00
2023  04  24  17  25  00    68.00   -44.00    24.00
2023  04  24  17  26  00    72.00   -50.00    22.00
2023  04  24  17  27  00    65.00   -44.00    21.00
2023  04  24  17  28  00    55.00   -32.00    23.00
2023  04  24  17  29  00    53.00   -33.00    20.00
2023  04  24  17  30  00    51.00   -34.00    17.00
2023  04  24  17  31  00    44.00   -30.00    14.00
2023  04  24  17  32  00    55.00   -36.00    19.00
2023  04  24  17  33  00    48.00   -35.00    13.00
2023  04  24  17  34  00    69.00   -48.00    21.00
2023  04  24  17  35  00    66.00   -40.00    26.00
2023  04  24  17  36  00    67.00   -43.00    24.00
2023  04  24  17  37  00    62.00   -39.00    23.00
2023  04  24  17  38  00    61.00   -38.00    23.00
2023  04  24  17  39  00    60.00   -34.00    26.00
2023  04  24  17  40  00    66.00   -43.00    23.00
2023  04  24  17  41  00    65.00   -43.00    22.00
2023  04  24  17  42  00    60.00   -40.00    20.00
2023  04  24  17  43  00    55.00   -37.00    18.00
2023  04  24  17  44  00    55.00   -35.00    20.00
2023  04  24  17  45  00    61.00   -40.00    21.00
2023  04  24  17  46  00    68.00   -41.00    27.00
2023  04  24  17  47  00    66.00   -35.00    31.00
2023  04  24  17  48  00    62.00   -30.00    32.00
2023  04  24  17  49  00    54.00   -29.00    25.00
2023  04  24  17  50  00    55.00   -37.00    18.00
2023  04  24  17  51  00    54.00   -41.00    13.00
2023  04  24  17  52  00    47.00   -32.00    15.00
2023  04  24  17  53  00    50.00   -26.00    24.00
2023  04  24  17  54  00    56.00   -32.00    24.00
2023  04  24  17  55  00    62.00   -41.00    21.00
2023  04  24  17  56  00    56.00   -42.00    14.00
2023  04  24  17  57  00    53.00   -41.00    12.00
2023  04  24  17  58  00    45.00   -35.00    10.00
2023  04  24  17  59  00    49.00   -39.00    10.00
2023  04  24  18  00  00    56.00   -38.00    18.00
2023  04  24  18  01  00    51.00   -31.00    20.00
2023  04  24  18  02  00    48.00   -30.00    18.00
2023  04  24  18  03  00    47.00   -31.00    16.00
2023  04  24  18  04  00    48.00   -33.00    15.00
2023  04  24  18  05  00    46.00   -31.00    15.00
2023  04  24  18  06  00    42.00   -25.00    17.00
2023  04  24  18  07  00    54.00   -27.00    27.00
2023  04  24  18  08  00    55.00   -23.00    32.00
2023  04  24  18  09  00    56.00   -32.00    24.00
2023  04  24  18  10  00    52.00   -33.00    19.00
2023  04  24  18  11  00    48.00   -24.00    24.00
2023  04  24  18  12  00    59.00   -26.00    33.00
2023  04  24  18  13  00    57.00   -26.00    31.00
2023  04  24  18  14  00    56.00   -26.00    30.00
2023  04  24  18  15  00    61.00   -27.00    34.00
2023  04  24  18  16  00    64.00   -24.00    40.00
2023  04  24  18  17  00    69.00   -25.00    44.00
2023  04  24  18  18  00    62.00   -28.00    34.00
2023  04  24  18  19  00    51.00   -27.00    24.00
2023  04  24  18  20  00    51.00   -21.00    30.00
2023  04  24  18  21  00    46.00   -19.00    27.00
2023  04  24  18  23  00    59.00   -26.00    33.00
2023  04  24  18  24  00    57.00   -26.00    31.00
2023  04  24  18  26  00    44.00   -23.00    21.00
2023  04  24  18  28  00    54.00   -29.00    25.00
2023  04  24  18  29  00    55.00   -31.00    24.00
2023  04  24  18  30  00    53.00   -31.00    22.00
2023  04  24  18  31  00    51.00   -31.00    20.00
2023  04  24  18  32  00    52.00   -32.00    20.00
2023  04  24  18  33  00    48.00   -29.00    19.00
2023  04  24  18  34  00    44.00   -26.00    18.00
2023  04  24  18  35  00    39.00   -22.00    17.00
2023  04  24  18  36  00    37.00   -20.00    17.00
2023  04  24  18  37  00    45.00   -23.00    22.00
2023  04  24  18  38  00    47.00   -24.00    23.00
2023  04  24  18  39  00    40.00   -20.00    20.00
2023  04  24  18  40  00    44.00   -21.00    23.00
2023  04  24  18  41  00    47.00   -23.00    24.00
2023  04  24  18  42  00    53.00   -26.00    27.00
2023  04  24  18  43  00    51.00   -25.00    26.00
2023  04  24  18  44  00    43.00   -21.00    22.00
2023  04  24  18  45  00    43.00   -20.00    23.00
2023  04  24  18  46  00    48.00   -23.00    25.00
2023  04  24  18  47  00    49.00   -25.00    24.00
2023  04  24  18  48  00    47.00   -24.00    23.00
2023  04  24  18  49  00    45.00   -22.00    23.00
2023  04  24  18  50  00    54.00   -24.00    30.00
2023  04  24  18  51  00    59.00   -28.00    31.00
2023  04  24  18  52  00    59.00   -27.00    32.00
2023  04  24  18  53  00    56.00   -21.00    35.00
2023  04  24  18  54  00    58.00   -20.00    38.00
2023  04  24  18  55  00    56.00   -22.00    34.00
2023  04  24  18  56  00    58.00   -24.00    34.00
2023  04  24  18  57  00    59.00   -24.00    35.00
2023  04  24  18  58  00    62.00   -21.00    41.00
2023  04  24  18  59  00    58.00   -15.00    43.00
2023  04  24  19  00  00    58.00   -13.00    45.00
2023  04  24  19  01  00    67.00   -21.00    46.00
2023  04  24  19  02  00    63.00   -21.00    42.00
2023  04  24  19  03  00    59.00   -17.00    42.00
2023  04  24  19  04  00    53.00   -13.00    40.00
2023  04  24  19  05  00    66.00   -13.00    53.00
2023  04  24  19  06  00    96.00   -18.00    78.00
2023  04  24  19  07  00   102.00   -16.00    86.00
2023  04  24  19  08  00    66.00   -12.00    54.00
2023  04  24  19  09  00    43.00    -1.00    42.00
2023  04  24  19  10  00    47.00   -11.00    36.00
2023  04  24  19  11  00    65.00   -21.00    44.00
2023  04  24  19  12  00    58.00   -13.00    45.00
2023  04  24  19  13  00    59.00   -13.00    46.00
2023  04  24  19  14  00    57.00   -21.00    36.00
2023  04  24  19  15  00    59.00   -26.00    33.00
2023  04  24  19  16  00    74.00   -31.00    43.00
2023  04  24  19  17  00    68.00   -15.00    53.00
2023  04  24  19  18  00    52.00   -10.00    42.00
2023  04  24  19  19  00    72.00   -31.00    41.00
2023  04  24  19  20  00    82.00   -43.00    39.00
2023  04  24  19  21  00    61.00   -34.00    27.00
2023  04  24  19  22  00    53.00   -30.00    23.00
2023  04  24  19  23  00    59.00   -28.00    31.00
2023  04  24  19  24  00    55.00   -19.00    36.00
2023  04  24  19  25  00    53.00   -17.00    36.00
2023  04  24  19  26  00    71.00   -35.00    36.00
2023  04  24  19  27  00    64.00   -32.00    32.00
2023  04  24  19  28  00    48.00   -22.00    26.00
2023  04  24  19  29  00    37.00   -13.00    24.00
2023  04  24  19  30  00    48.00   -15.00    33.00
2023  04  24  19  31  00    55.00   -24.00    31.00
2023  04  24  19  32  00    58.00   -28.00    30.00
2023  04  24  19  33  00    54.00   -31.00    23.00
2023  04  24  19  34  00    44.00   -21.00    23.00
2023  04  24  19  35  00    39.00   -17.00    22.00
2023  04  24  19  36  00    37.00   -15.00    22.00
2023  04  24  19  37  00    42.00    -9.00    33.00
2023  04  24  19  38  00    57.00   -22.00    35.00
2023  04  24  19  39  00    59.00   -29.00    30.00
2023  04  24  19  40  00    51.00   -26.00    25.00
2023  04  24  19  41  00    38.00   -14.00    24.00
2023  04  24  19  43  00    46.00   -16.00    30.00
2023  04  24  19  44  00    48.00   -19.00    29.00
2023  04  24  19  45  00    46.00   -20.00    26.00
2023  04  24  19  46  00    49.00   -17.00    32.00
2023  04  24  19  47  00    51.00   -17.00    34.00
2023  04  24  19  48  00    44.00   -13.00    31.00
2023  04  24  19  49  00    43.00   -13.00    30.00
2023  04  24  19  50  00    37.00   -13.00    24.00
2023  04  24  19  51  00    36.00   -15.00    21.00
2023  04  24  19  52  00    42.00   -18.00    24.00
2023  04  24  19  53  00    52.00   -22.00    30.00
2023  04  24  19  54  00    54.00   -17.00    37.00
2023  04  24  19  55  00    51.00   -14.00    37.00
2023  04  24  19  56  00    49.00   -14.00    35.00
2023  04  24  19  57  00    51.00   -21.00    30.00
2023  04  24  19  58  00    50.00   -22.00    28.00
2023  04  24  19  59  00    51.00   -21.00    30.00
2023  04  24  20  00  00    41.00   -14.00    27.00
2023  04  24  20  01  00    44.00   -17.00    27.00
2023  04  24  20  02  00    41.00   -17.00    24.00
2023  04  24  20  03  00    35.00   -13.00    22.00
2023  04  24  20  04  00    39.00   -14.00    25.00
2023  04  24  20  05  00    55.00   -27.00    28.00
2023  04  24  20  06  00    67.00   -36.00    31.00
2023  04  24  20  07  00    72.00   -36.00    36.00
2023  04  24  20  08  00    67.00   -29.00    38.00
2023  04  24  20  09  00    57.00   -21.00    36.00
2023  04  24  20  10  00    47.00   -21.00    26.00
2023  04  24  20  11  00    42.00   -21.00    21.00
2023  04  24  20  12  00    43.00   -23.00    20.00
2023  04  24  20  13  00    45.00   -21.00    24.00
2023  04  24  20  14  00    47.00   -20.00    27.00
2023  04  24  20  15  00    47.00   -17.00    30.00
2023  04  24  20  16  00    45.00   -16.00    29.00
2023  04  24  20  17  00    43.00   -15.00    28.00
2023  04  24  20  18  00    42.00   -14.00    28.00
2023  04  24  20  19  00    41.00   -15.00    26.00
2023  04  24  20  20  00    41.00   -15.00    26.00
2023  04  24  20  21  00    45.00   -13.00    32.00
2023  04  24  20  22  00    48.00   -18.00    30.00
2023  04  24  20  23  00    41.00   -13.00    28.00
2023  04  24  20  24  00    39.00   -12.00    27.00
2023  04  24  20  25  00    46.00   -15.00    31.00
2023  04  24  20  26  00    44.00   -15.00    29.00
2023  04  24  20  27  00    42.00   -15.00    27.00
2023  04  24  20  28  00    56.00   -27.00    29.00
2023  04  24  20  29  00    61.00   -24.00    37.00
2023  04  24  20  30  00    61.00   -17.00    44.00
2023  04  24  20  31  00    61.00   -16.00    45.00
2023  04  24  20  32  00    56.00   -14.00    42.00
2023  04  24  20  33  00    49.00   -14.00    35.00
2023  04  24  20  34  00    50.00   -17.00    33.00
2023  04  24  20  35  00    41.00   -11.00    30.00
2023  04  24  20  36  00    35.00    -9.00    26.00
2023  04  24  20  37  00    39.00   -11.00    28.00
2023  04  24  20  38  00    42.00   -13.00    29.00
2023  04  24  20  39  00    37.00   -10.00    27.00
2023  04  24  20  40  00    38.00   -11.00    27.00
2023  04  24  20  41  00    41.00   -14.00    27.00
2023  04  24  20  42  00    41.00   -14.00    27.00
2023  04  24  20  43  00    41.00   -14.00    27.00
2023  04  24  20  44  00    39.00   -14.00    25.00
2023  04  24  20  45  00    37.00   -12.00    25.00
2023  04  24  20  46  00    37.00   -11.00    26.00
2023  04  24  20  47  00    38.00   -12.00    26.00
2023  04  24  20  48  00    36.00   -12.00    24.00
2023  04  24  20  49  00    37.00   -14.00    23.00
2023  04  24  20  50  00    30.00    -9.00    21.00
2023  04  24  20  51  00    33.00   -10.00    23.00
2023  04  24  20  52  00    42.00   -14.00    28.00
2023  04  24  20  53  00    55.00   -17.00    38.00
2023  04  24  20  54  00    56.00   -16.00    40.00
2023  04  24  20  55  00    58.00   -16.00    42.00
2023  04  24  20  56  00    68.00   -21.00    47.00
2023  04  24  20  57  00    84.00   -25.00    59.00
2023  04  24  20  58  00    84.00   -25.00    59.00
2023  04  24  20  59  00    81.00   -21.00    60.00
2023  04  24  21  00  00    71.00   -17.00    54.00
2023  04  24  21  01  00    62.00   -13.00    49.00
2023  04  24  21  02  00    47.00   -13.00    34.00
2023  04  24  21  03  00    47.00   -14.00    33.00
2023  04  24  21  04  00    53.00   -15.00    38.00
2023  04  24  21  05  00    50.00   -13.00    37.00
2023  04  24  21  06  00    51.00   -13.00    38.00
2023  04  24  21  07  00    48.00   -15.00    33.00
2023  04  24  21  08  00    46.00   -17.00    29.00
2023  04  24  21  09  00    53.00   -23.00    30.00
2023  04  24  21  10  00    52.00   -22.00    30.00
2023  04  24  21  11  00    48.00   -17.00    31.00
2023  04  24  21  12  00    47.00   -18.00    29.00
2023  04  24  21  13  00    48.00   -19.00    29.00
2023  04  24  21  14  00    51.00   -21.00    30.00
2023  04  24  21  15  00    52.00   -20.00    32.00
2023  04  24  21  16  00    59.00   -24.00    35.00
2023  04  24  21  17  00    53.00   -18.00    35.00
2023  04  24  21  18  00    52.00   -17.00    35.00
2023  04  24  21  19  00    53.00   -21.00    32.00
2023  04  24  21  20  00    47.00   -20.00    27.00
2023  04  24  21  21  00    43.00   -19.00    24.00
2023  04  24  21  22  00    49.00   -24.00    25.00
2023  04  24  21  23  00    59.00   -28.00    31.00
2023  04  24  21  24  00    59.00   -24.00    35.00
2023  04  24  21  25  00    44.00   -18.00    26.00
2023  04  24  21  26  00    43.00   -12.00    31.00
2023  04  24  21  27  00    35.00   -13.00    22.00
2023  04  24  21  28  00    70.00   -33.00    37.00
2023  04  24  21  29  00    78.00   -34.00    44.00
2023  04  24  21  30  00    67.00   -26.00    41.00
2023  04  24  21  31  00    59.00   -22.00    37.00
2023  04  24  21  32  00    60.00   -27.00    33.00
2023  04  24  21  33  00    63.00   -33.00    30.00
2023  04  24  21  34  00    62.00   -30.00    32.00
2023  04  24  21  35  00    67.00   -34.00    33.00
2023  04  24  21  36  00    58.00   -31.00    27.00
2023  04  24  21  37  00    51.00   -28.00    23.00
2023  04  24  21  38  00    46.00   -29.00    17.00
2023  04  24  21  39  00    46.00   -30.00    16.00
2023  04  24  21  40  00    46.00   -27.00    19.00
2023  04  24  21  42  00    45.00   -19.00    26.00
2023  04  24  21  43  00    39.00   -17.00    22.00
2023  04  24  21  44  00    39.00   -21.00    18.00
2023  04  24  21  45  00    43.00   -25.00    18.00
2023  04  24  21  47  00    38.00   -20.00    18.00
2023  04  24  21  48  00    35.00   -20.00    15.00
2023  04  24  21  49  00    42.00   -24.00    18.00
2023  04  24  21  50  00    39.00   -23.00    16.00
2023  04  24  21  51  00    41.00   -19.00    22.00
2023  04  24  21  52  00    44.00   -17.00    27.00
2023  04  24  21  53  00    48.00   -19.00    29.00
2023  04  24  21  54  00    50.00   -20.00    30.00
2023  04  24  21  55  00    48.00   -18.00    30.00
2023  04  24  21  56  00    40.00   -15.00    25.00
2023  04  24  21  57  00    46.00   -18.00    28.00
2023  04  24  21  58  00    55.00   -21.00    34.00
2023  04  24  21  59  00    58.00   -17.00    41.00
2023  04  24  22  00  00    55.00   -14.00    41.00
2023  04  24  22  01  00    51.00   -14.00    37.00
2023  04  24  22  02  00    47.00   -14.00    33.00
2023  04  24  22  03  00    48.00   -15.00    33.00
2023  04  24  22  04  00    48.00   -15.00    33.00
2023  04  24  22  05  00    44.00   -14.00    30.00
2023  04  24  22  06  00    37.00   -17.00    20.00
2023  04  24  22  07  00    50.00   -28.00    22.00
2023  04  24  22  08  00    52.00   -27.00    25.00
2023  04  24  22  09  00    41.00   -17.00    24.00
2023  04  24  22  10  00    50.00   -17.00    33.00
2023  04  24  22  11  00    72.00   -17.00    55.00
2023  04  24  22  12  00    79.00   -18.00    61.00
2023  04  24  22  13  00    48.00   -16.00    32.00
2023  04  24  22  14  00    73.00   -36.00    37.00
2023  04  24  22  15  00    51.00   -19.00    32.00
2023  04  24  22  16  00    71.00   -33.00    38.00
2023  04  24  22  17  00    77.00   -31.00    46.00
2023  04  24  22  18  00    90.00   -33.00    57.00
2023  04  24  22  19  00    84.00   -27.00    57.00
2023  04  24  22  20  00    60.00   -13.00    47.00
2023  04  24  22  21  00    55.00   -15.00    40.00
2023  04  24  22  22  00    72.00   -31.00    41.00
2023  04  24  22  23  00    91.00   -48.00    43.00
2023  04  24  22  24  00    84.00   -30.00    54.00
2023  04  24  22  25  00    71.00   -26.00    45.00
2023  04  24  22  26  00    90.00   -42.00    48.00
2023  04  24  22  27  00    87.00   -27.00    60.00
2023  04  24  22  28  00    68.00   -19.00    49.00
2023  04  24  22  29  00    83.00   -34.00    49.00
2023  04  24  22  30  00   114.00   -53.00    61.00
2023  04  24  22  31  00   114.00   -42.00    72.00
2023  04  24  22  32  00   103.00   -38.00    65.00
2023  04  24  22  33  00    81.00   -42.00    39.00
2023  04  24  22  34  00    62.00   -34.00    28.00
2023  04  24  22  35  00    49.00   -32.00    17.00
2023  04  24  22  36  00    63.00   -35.00    28.00
2023  04  24  22  37  00    83.00   -28.00    55.00
2023  04  24  22  38  00    81.00   -24.00    57.00
2023  04  24  22  39  00    62.00   -23.00    39.00
2023  04  24  22  40  00    75.00   -25.00    50.00
2023  04  24  22  41  00    88.00   -10.00    78.00
2023  04  24  22  42  00    98.00   -19.00    79.00
2023  04  24  22  43  00    86.00   -19.00    67.00
2023  04  24  22  44  00   118.00   -53.00    65.00
2023  04  24  22  45  00   183.00   -96.00    87.00
2023  04  24  22  46  00   195.00   -87.00   108.00
2023  04  24  22  47  00   163.00   -70.00    93.00
2023  04  24  22  48  00   118.00   -55.00    63.00
2023  04  24  22  49  00   104.00   -44.00    60.00
2023  04  24  22  50  00    92.00   -47.00    45.00
2023  04  24  22  51  00    79.00   -48.00    31.00
2023  04  24  22  52  00    63.00   -37.00    26.00
2023  04  24  22  53  00    65.00   -36.00    29.00
2023  04  24  22  54  00    72.00   -39.00    33.00
2023  04  24  22  55  00    66.00   -31.00    35.00
2023  04  24  22  56  00    70.00   -31.00    39.00
2023  04  24  22  57  00    71.00   -30.00    41.00
2023  04  24  22  58  00    71.00   -34.00    37.00
2023  04  24  22  59  00    65.00   -36.00    29.00
2023  04  24  23  00  00    52.00   -32.00    20.00
2023  04  24  23  01  00    54.00   -28.00    26.00
2023  04  24  23  02  00    56.00   -30.00    26.00
2023  04  24  23  03  00    58.00   -36.00    22.00
2023  04  24  23  04  00    60.00   -33.00    27.00
2023  04  24  23  05  00    57.00   -30.00    27.00
2023  04  24  23  06  00    52.00   -26.00    26.00
2023  04  24  23  07  00    47.00   -27.00    20.00
2023  04  24  23  08  00    47.00   -27.00    20.00
2023  04  24  23  09  00    36.00   -21.00    15.00
2023  04  24  23  10  00    40.00   -25.00    15.00
2023  04  24  23  11  00    41.00   -27.00    14.00
2023  04  24  23  12  00    53.00   -30.00    23.00
2023  04  24  23  13  00    60.00   -28.00    32.00
2023  04  24  23  14  00    79.00   -29.00    50.00
2023  04  24  23  15  00    93.00   -36.00    57.00
2023  04  24  23  16  00   107.00   -48.00    59.00
2023  04  24  23  17  00    77.00   -37.00    40.00
2023  04  24  23  18  00    47.00   -19.00    28.00
2023  04  24  23  19  00    53.00   -18.00    35.00
2023  04  24  23  20  00    54.00   -25.00    29.00
2023  04  24  23  21  00    33.00   -23.00    10.00
2023  04  24  23  22  00    39.00   -25.00    14.00
2023  04  24  23  23  00    61.00   -29.00    32.00
2023  04  24  23  24  00    52.00   -26.00    26.00
2023  04  24  23  25  00    84.00   -33.00    51.00
2023  04  24  23  26  00    83.00   -22.00    61.00
2023  04  24  23  27  00    80.00   -24.00    56.00
2023  04  24  23  29  00    47.00   -18.00    29.00
2023  04  24  23  30  00    71.00   -38.00    33.00
2023  04  24  23  31  00    66.00   -36.00    30.00
2023  04  24  23  32  00    49.00   -27.00    22.00
2023  04  24  23  33  00    55.00   -24.00    31.00
2023  04  24  23  34  00    93.00   -42.00    51.00
2023  04  24  23  35  00    94.00   -43.00    51.00
2023  04  24  23  36  00   101.00   -43.00    58.00
2023  04  24  23  37  00    95.00   -37.00    58.00
2023  04  24  23  38  00    94.00   -46.00    48.00
2023  04  24  23  39  00    71.00   -39.00    32.00
2023  04  24  23  40  00    49.00   -32.00    17.00
2023  04  24  23  41  00    45.00   -33.00    12.00
2023  04  24  23  42  00    56.00   -34.00    22.00
2023  04  24  23  43  00    58.00   -27.00    31.00
2023  04  24  23  44  00    48.00   -21.00    27.00
2023  04  24  23  45  00    26.00   -16.00    10.00
2023  04  24  23  46  00    36.00   -24.00    12.00
2023  04  24  23  47  00    59.00   -38.00    21.00
2023  04  24  23  48  00    84.00   -55.00    29.00
2023  04  24  23  49  00    69.00   -41.00    28.00
2023  04  24  23  50  00    69.00   -30.00    39.00
2023  04  24  23  51  00    63.00   -28.00    35.00
2023  04  24  23  52  00    47.00   -26.00    21.00
2023  04  24  23  53  00    44.00   -25.00    19.00
2023  04  24  23  54  00    40.00   -27.00    13.00
2023  04  24  23  55  00    34.00   -26.00     8.00
2023  04  24  23  56  00    42.00   -23.00    19.00
2023  04  24  23  57  00    63.00   -22.00    41.00
2023  04  24  23  58  00    73.00   -25.00    48.00
2023  04  24  23  59  00    72.00   -28.00    44.00
2023  04  25  00  00  00    68.00   -26.00    42.00
2023  04  25  00  01  00    62.00   -23.00    39.00
2023  04  25  00  02  00    72.00   -24.00    48.00
2023  04  25  00  03  00    76.00   -24.00    52.00
2023  04  25  00  04  00    86.00   -35.00    51.00
2023  04  25  00  05  00    83.00   -37.00    46.00
2023  04  25  00  06  00    79.00   -37.00    42.00
2023  04  25  00  07  00    84.00   -35.00    49.00
2023  04  25  00  08  00    78.00   -34.00    44.00
2023  04  25  00  09  00    83.00   -50.00    33.00
2023  04  25  00  10  00    65.00   -47.00    18.00
2023  04  25  00  11  00    55.00   -37.00    18.00
2023  04  25  00  12  00    55.00   -31.00    24.00
2023  04  25  00  13  00    59.00   -31.00    28.00
2023  04  25  00  14  00    62.00   -32.00    30.00
2023  04  25  00  15  00    61.00   -32.00    29.00
2023  04  25  00  16  00    58.00   -31.00    27.00
2023  04  25  00  17  00    60.00   -35.00    25.00
2023  04  25  00  18  00    59.00   -35.00    24.00
2023  04  25  00  19  00    61.00   -35.00    26.00
2023  04  25  00  20  00    64.00   -32.00    32.00
2023  04  25  00  21  00    60.00   -32.00    28.00
2023  04  25  00  22  00    53.00   -31.00    22.00
2023  04  25  00  23  00    60.00   -33.00    27.00
2023  04  25  00  24  00    69.00   -34.00    35.00
2023  04  25  00  25  00    68.00   -33.00    35.00
2023  04  25  00  26  00    66.00   -36.00    30.00
2023  04  25  00  27  00    68.00   -39.00    29.00
2023  04  25  00  28  00    82.00   -45.00    37.00
2023  04  25  00  29  00    90.00   -39.00    51.00
2023  04  25  00  30  00    75.00   -28.00    47.00
2023  04  25  00  31  00    63.00   -28.00    35.00
2023  04  25  00  32  00    60.00   -26.00    34.00
2023  04  25  00  33  00    71.00   -30.00    41.00
2023  04  25  00  34  00    69.00   -33.00    36.00
2023  04  25  00  35  00    60.00   -33.00    27.00
2023  04  25  00  36  00    57.00   -31.00    26.00
2023  04  25  00  37  00    57.00   -31.00    26.00
2023  04  25  00  38  00    61.00   -33.00    28.00
2023  04  25  00  39  00    55.00   -33.00    22.00
2023  04  25  00  40  00    48.00   -30.00    18.00
2023  04  25  00  41  00    56.00   -32.00    24.00
2023  04  25  00  42  00    64.00   -38.00    26.00
2023  04  25  00  43  00    72.00   -36.00    36.00
2023  04  25  00  44  00    62.00   -31.00    31.00
2023  04  25  00  45  00    54.00   -27.00    27.00
2023  04  25  00  46  00    59.00   -27.00    32.00
2023  04  25  00  47  00    69.00   -30.00    39.00
2023  04  25  00  48  00    69.00   -31.00    38.00
2023  04  25  00  49  00    63.00   -29.00    34.00
2023  04  25  00  50  00    63.00   -29.00    34.00
2023  04  25  00  51  00    70.00   -32.00    38.00
2023  04  25  00  52  00    63.00   -30.00    33.00
2023  04  25  00  53  00    62.00   -28.00    34.00
2023  04  25  00  54  00    64.00   -28.00    36.00
2023  04  25  00  55  00    64.00   -30.00    34.00
2023  04  25  00  56  00    63.00   -30.00    33.00
2023  04  25  00  57  00    64.00   -31.00    33.00
2023  04  25  00  58  00    60.00   -30.00    30.00
2023  04  25  00  59  00    59.00   -30.00    29.00
2023  04  25  01  00  00    59.00   -31.00    28.00
2023  04  25  01  01  00    55.00   -29.00    26.00
2023  04  25  01  02  00    55.00   -29.00    26.00
2023  04  25  01  03  00    59.00   -31.00    28.00
2023  04  25  01  04  00    53.00   -28.00    25.00
2023  04  25  01  05  00    55.00   -25.00    30.00
2023  04  25  01  06  00    59.00   -26.00    33.00
2023  04  25  01  07  00    62.00   -28.00    34.00
2023  04  25  01  08  00    61.00   -28.00    33.00
2023  04  25  01  09  00    60.00   -27.00    33.00
2023  04  25  01  10  00    59.00   -26.00    33.00
2023  04  25  01  11  00    62.00   -26.00    36.00
2023  04  25  01  12  00    65.00   -27.00    38.00
2023  04  25  01  13  00    62.00   -25.00    37.00
2023  04  25  01  14  00    59.00   -23.00    36.00
2023  04  25  01  15  00    61.00   -23.00    38.00
2023  04  25  01  16  00    60.00   -25.00    35.00
2023  04  25  01  17  00    59.00   -26.00    33.00
2023  04  25  01  18  00    60.00   -26.00    34.00
2023  04  25  01  19  00    65.00   -25.00    40.00
2023  04  25  01  20  00    59.00   -24.00    35.00
2023  04  25  01  21  00    53.00   -23.00    30.00
2023  04  25  01  22  00    56.00   -25.00    31.00
2023  04  25  01  23  00    58.00   -27.00    31.00
2023  04  25  01  24  00    56.00   -27.00    29.00
2023  04  25  01  25  00    55.00   -28.00    27.00
2023  04  25  01  26  00    50.00   -27.00    23.00
2023  04  25  01  27  00    54.00   -28.00    26.00
2023  04  25  01  28  00    57.00   -29.00    28.00
2023  04  25  01  29  00    50.00   -30.00    20.00
2023  04  25  01  30  00    47.00   -31.00    16.00
2023  04  25  01  31  00    55.00   -33.00    22.00
2023  04  25  01  32  00    59.00   -35.00    24.00
2023  04  25  01  33  00    54.00   -33.00    21.00
2023  04  25  01  34  00    55.00   -33.00    22.00
2023  04  25  01  35  00    51.00   -34.00    17.00
2023  04  25  01  36  00    52.00   -37.00    15.00
2023  04  25  01  37  00    56.00   -39.00    17.00
2023  04  25  01  38  00    60.00   -39.00    21.00
2023  04  25  01  39  00    59.00   -38.00    21.00
2023  04  25  01  40  00    55.00   -36.00    19.00
2023  04  25  01  41  00    52.00   -34.00    18.00
2023  04  25  01  42  00    51.00   -34.00    17.00
2023  04  25  01  43  00    51.00   -33.00    18.00
2023  04  25  01  44  00    53.00   -33.00    20.00
2023  04  25  01  45  00    55.00   -33.00    22.00
2023  04  25  01  46  00    57.00   -32.00    25.00
2023  04  25  01  47  00    57.00   -33.00    24.00
2023  04  25  01  48  00    59.00   -37.00    22.00
2023  04  25  01  49  00    65.00   -40.00    25.00
2023  04  25  01  50  00    67.00   -42.00    25.00
2023  04  25  01  51  00    61.00   -35.00    26.00
2023  04  25  01  52  00    55.00   -29.00    26.00
2023  04  25  01  53  00    55.00   -28.00    27.00
2023  04  25  01  54  00    54.00   -27.00    27.00
2023  04  25  01  55  00    52.00   -26.00    26.00
2023  04  25  01  56  00    49.00   -24.00    25.00
2023  04  25  01  57  00    46.00   -24.00    22.00
2023  04  25  01  58  00    46.00   -24.00    22.00
2023  04  25  01  59  00    45.00   -23.00    22.00
2023  04  25  02  00  00    46.00   -23.00    23.00
2023  04  25  02  01  00    51.00   -25.00    26.00
2023  04  25  02  02  00    52.00   -25.00    27.00
2023  04  25  02  03  00    52.00   -25.00    27.00
2023  04  25  02  04  00    57.00   -28.00    29.00
2023  04  25  02  05  00    62.00   -30.00    32.00
2023  04  25  02  06  00    60.00   -29.00    31.00
2023  04  25  02  07  00    56.00   -25.00    31.00
2023  04  25  02  08  00    55.00   -22.00    33.00
2023  04  25  02  09  00    55.00   -23.00    32.00
2023  04  25  02  10  00    55.00   -24.00    31.00
2023  04  25  02  11  00    54.00   -25.00    29.00
2023  04  25  02  12  00    53.00   -24.00    29.00
2023  04  25  02  13  00    54.00   -24.00    30.00
2023  04  25  02  14  00    53.00   -24.00    29.00
2023  04  25  02  15  00    50.00   -22.00    28.00
2023  04  25  02  16  00    53.00   -24.00    29.00
2023  04  25  02  17  00    55.00   -24.00    31.00
2023  04  25  02  18  00    56.00   -25.00    31.00
2023  04  25  02  19  00    56.00   -26.00    30.00
2023  04  25  02  20  00    56.00   -26.00    30.00
2023  04  25  02  21  00    56.00   -26.00    30.00
2023  04  25  02  22  00    57.00   -27.00    30.00
2023  04  25  02  23  00    55.00   -25.00    30.00
2023  04  25  02  24  00    54.00   -25.00    29.00
2023  04  25  02  25  00    51.00   -24.00    27.00
2023  04  25  02  26  00    54.00   -25.00    29.00
2023  04  25  02  27  00    53.00   -26.00    27.00
2023  04  25  02  28  00    51.00   -26.00    25.00
2023  04  25  02  29  00    50.00   -26.00    24.00
2023  04  25  02  30  00    50.00   -26.00    24.00
2023  04  25  02  31  00    50.00   -27.00    23.00
2023  04  25  02  32  00    48.00   -27.00    21.00
2023  04  25  02  33  00    47.00   -28.00    19.00
2023  04  25  02  34  00    47.00   -29.00    18.00
2023  04  25  02  35  00    47.00   -28.00    19.00
2023  04  25  02  36  00    49.00   -28.00    21.00
2023  04  25  02  37  00    49.00   -29.00    20.00
2023  04  25  02  38  00    46.00   -28.00    18.00
2023  04  25  02  39  00    45.00   -28.00    17.00
2023  04  25  02  40  00    47.00   -30.00    17.00
2023  04  25  02  41  00    48.00   -30.00    18.00
2023  04  25  02  42  00    50.00   -29.00    21.00
2023  04  25  02  43  00    46.00   -27.00    19.00
2023  04  25  02  44  00    45.00   -27.00    18.00
2023  04  25  02  45  00    46.00   -27.00    19.00
2023  04  25  02  46  00    50.00   -27.00    23.00
2023  04  25  02  47  00    51.00   -28.00    23.00
2023  04  25  02  48  00    51.00   -29.00    22.00
2023  04  25  02  49  00    50.00   -28.00    22.00
2023  04  25  02  50  00    49.00   -27.00    22.00
2023  04  25  02  51  00    45.00   -25.00    20.00
2023  04  25  02  52  00    47.00   -26.00    21.00
2023  04  25  02  53  00    53.00   -29.00    24.00
2023  04  25  02  54  00    54.00   -31.00    23.00
2023  04  25  02  55  00    50.00   -30.00    20.00
2023  04  25  02  56  00    48.00   -27.00    21.00
2023  04  25  02  57  00    49.00   -26.00    23.00
2023  04  25  02  58  00    50.00   -27.00    23.00
2023  04  25  02  59  00    50.00   -29.00    21.00
2023  04  25  03  00  00    49.00   -29.00    20.00
2023  04  25  03  01  00    54.00   -31.00    23.00
2023  04  25  03  02  00    54.00   -32.00    22.00
2023  04  25  03  03  00    47.00   -31.00    16.00
2023  04  25  03  04  00    42.00   -30.00    12.00
2023  04  25  03  05  00    41.00   -28.00    13.00
2023  04  25  03  06  00    47.00   -28.00    19.00
2023  04  25  03  07  00    58.00   -32.00    26.00
2023  04  25  03  08  00    55.00   -33.00    22.00
2023  04  25  03  09  00    48.00   -32.00    16.00
2023  04  25  03  10  00    44.00   -28.00    16.00
2023  04  25  03  11  00    49.00   -29.00    20.00
2023  04  25  03  12  00    53.00   -33.00    20.00
2023  04  25  03  13  00    51.00   -33.00    18.00
2023  04  25  03  14  00    49.00   -31.00    18.00
2023  04  25  03  15  00    51.00   -31.00    20.00
2023  04  25  03  16  00    50.00   -33.00    17.00
2023  04  25  03  17  00    47.00   -33.00    14.00
2023  04  25  03  18  00    46.00   -30.00    16.00
2023  04  25  03  19  00    48.00   -29.00    19.00
2023  04  25  03  20  00    46.00   -29.00    17.00
2023  04  25  03  21  00    45.00   -30.00    15.00
2023  04  25  03  22  00    45.00   -29.00    16.00
2023  04  25  03  23  00    45.00   -29.00    16.00
2023  04  25  03  24  00    46.00   -29.00    17.00
2023  04  25  03  25  00    46.00   -29.00    17.00
2023  04  25  03  26  00    44.00   -28.00    16.00
2023  04  25  03  27  00    45.00   -29.00    16.00
2023  04  25  03  28  00    44.00   -29.00    15.00
2023  04  25  03  29  00    45.00   -30.00    15.00
2023  04  25  03  30  00    44.00   -29.00    15.00
2023  04  25  03  31  00    44.00   -29.00    15.00
2023  04  25  03  32  00    44.00   -28.00    16.00
2023  04  25  03  33  00    46.00   -29.00    17.00
2023  04  25  03  34  00    44.00   -29.00    15.00
2023  04  25  03  35  00    42.00   -28.00    14.00
2023  04  25  03  36  00    42.00   -28.00    14.00
2023  04  25  03  37  00    41.00   -28.00    13.00
2023  04  25  03  38  00    41.00   -28.00    13.00
2023  04  25  03  39  00    43.00   -30.00    13.00
2023  04  25  03  40  00    46.00   -31.00    15.00
2023  04  25  03  41  00    43.00   -29.00    14.00
2023  04  25  03  42  00    39.00   -27.00    12.00
2023  04  25  03  43  00    37.00   -26.00    11.00
2023  04  25  03  44  00    39.00   -28.00    11.00
2023  04  25  03  45  00    43.00   -31.00    12.00
2023  04  25  03  46  00    41.00   -30.00    11.00
2023  04  25  03  47  00    40.00   -29.00    11.00
2023  04  25  03  48  00    37.00   -27.00    10.00
2023  04  25  03  49  00    37.00   -27.00    10.00
2023  04  25  03  50  00    39.00   -29.00    10.00
2023  04  25  03  51  00    39.00   -31.00     8.00
2023  04  25  03  52  00    40.00   -33.00     7.00
2023  04  25  03  53  00    39.00   -30.00     9.00
2023  04  25  03  54  00    38.00   -27.00    11.00
2023  04  25  03  55  00    36.00   -26.00    10.00
2023  04  25  03  56  00    33.00   -23.00    10.00
2023  04  25  03  57  00    35.00   -27.00     8.00
2023  04  25  03  58  00    38.00   -30.00     8.00
2023  04  25  03  59  00    38.00   -30.00     8.00
2023  04  25  04  00  00    37.00   -29.00     8.00
2023  04  25  04  01  00    36.00   -26.00    10.00
2023  04  25  04  02  00    35.00   -25.00    10.00
2023  04  25  04  03  00    32.00   -24.00     8.00
2023  04  25  04  04  00    31.00   -24.00     7.00
2023  04  25  04  05  00    32.00   -25.00     7.00
2023  04  25  04  06  00    33.00   -26.00     7.00
2023  04  25  04  07  00    35.00   -26.00     9.00
2023  04  25  04  08  00    36.00   -26.00    10.00
2023  04  25  04  10  00    33.00   -25.00     8.00
2023  04  25  04  11  00    32.00   -24.00     8.00
2023  04  25  04  12  00    32.00   -23.00     9.00
2023  04  25  04  13  00    30.00   -19.00    11.00
2023  04  25  04  14  00    32.00   -21.00    11.00
2023  04  25  04  15  00    34.00   -23.00    11.00
2023  04  25  04  16  00    34.00   -24.00    10.00
2023  04  25  04  17  00    32.00   -23.00     9.00
2023  04  25  04  18  00    29.00   -22.00     7.00
2023  04  25  04  19  00    28.00   -22.00     6.00
2023  04  25  04  20  00    32.00   -22.00    10.00
2023  04  25  04  21  00    36.00   -23.00    13.00
2023  04  25  04  22  00    31.00   -23.00     8.00
2023  04  25  04  23  00    27.00   -23.00     4.00
2023  04  25  04  24  00    28.00   -23.00     5.00
2023  04  25  04  25  00    30.00   -24.00     6.00
2023  04  25  04  26  00    27.00   -23.00     4.00
2023  04  25  04  27  00    22.00   -22.00     0.00
2023  04  25  04  28  00    25.00   -23.00     2.00
2023  04  25  04  29  00    30.00   -26.00     4.00
2023  04  25  04  30  00    34.00   -29.00     5.00
2023  04  25  04  31  00    34.00   -28.00     6.00
2023  04  25  04  32  00    29.00   -25.00     4.00
2023  04  25  04  33  00    35.00   -32.00     3.00
2023  04  25  04  34  00    38.00   -35.00     3.00
2023  04  25  04  35  00    35.00   -33.00     2.00
2023  04  25  04  36  00    27.00   -26.00     1.00
2023  04  25  04  37  00    23.00   -23.00     0.00
2023  04  25  04  38  00    23.00   -23.00     0.00
2023  04  25  04  39  00    25.00   -23.00     2.00
2023  04  25  04  40  00    30.00   -26.00     4.00
2023  04  25  04  41  00    26.00   -24.00     2.00
2023  04  25  04  42  00    27.00   -26.00     1.00
2023  04  25  04  43  00    30.00   -26.00     4.00
2023  04  25  04  44  00    28.00   -24.00     4.00
2023  04  25  04  45  00    28.00   -25.00     3.00
2023  04  25  04  46  00    27.00   -25.00     2.00
2023  04  25  04  47  00    25.00   -24.00     1.00
2023  04  25  04  48  00    26.00   -24.00     2.00
2023  04  25  04  49  00    26.00   -25.00     1.00
2023  04  25  04  50  00    26.00   -26.00     0.00
2023  04  25  04  51  00    27.00   -27.00     0.00
2023  04  25  04  52  00    30.00   -30.00     0.00
2023  04  25  04  53  00    31.00   -32.00    -1.00
2023  04  25  04  54  00    30.00   -32.00    -2.00
2023  04  25  04  55  00    29.00   -31.00    -2.00
2023  04  25  04  56  00    32.00   -32.00     0.00
2023  04  25  04  57  00    30.00   -31.00    -1.00
2023  04  25  04  58  00    31.00   -32.00    -1.00
2023  04  25  04  59  00    33.00   -33.00     0.00
2023  04  25  05  00  00    35.00   -35.00     0.00
2023  04  25  05  01  00    38.00   -38.00     0.00
2023  04  25  05  02  00    40.00   -40.00     0.00
2023  04  25  05  03  00    40.00   -40.00     0.00
2023  04  25  05  04  00    39.00   -39.00     0.00
2023  04  25  05  05  00    35.00   -36.00    -1.00
2023  04  25  05  06  00    33.00   -33.00     0.00
2023  04  25  05  07  00    29.00   -29.00     0.00
2023  04  25  05  08  00    26.00   -27.00    -1.00
2023  04  25  05  09  00    27.00   -27.00     0.00
2023  04  25  05  10  00    27.00   -27.00     0.00
2023  04  25  05  11  00    26.00   -26.00     0.00
2023  04  25  05  12  00    25.00   -25.00     0.00
2023  04  25  05  13  00    23.00   -23.00     0.00
2023  04  25  05  14  00    23.00   -24.00    -1.00
2023  04  25  05  15  00    20.00   -23.00    -3.00
2023  04  25  05  16  00    18.00   -23.00    -5.00
2023  04  25  05  17  00    18.00   -23.00    -5.00
2023  04  25  05  18  00    20.00   -23.00    -3.00
2023  04  25  05  19  00    21.00   -24.00    -3.00
2023  04  25  05  20  00    21.00   -24.00    -3.00
2023  04  25  05  21  00    17.00   -23.00    -6.00
2023  04  25  05  22  00    17.00   -24.00    -7.00
2023  04  25  05  23  00    19.00   -24.00    -5.00
2023  04  25  05  24  00    18.00   -23.00    -5.00
2023  04  25  05  25  00    19.00   -24.00    -5.00
2023  04  25  05  26  00    21.00   -26.00    -5.00
2023  04  25  05  27  00    23.00   -26.00    -3.00
2023  04  25  05  28  00    20.00   -24.00    -4.00
2023  04  25  05  29  00    17.00   -23.00    -6.00
2023  04  25  05  30  00    15.00   -23.00    -8.00
2023  04  25  05  31  00    15.00   -23.00    -8.00
2023  04  25  05  32  00    18.00   -23.00    -5.00
2023  04  25  05  33  00    19.00   -24.00    -5.00
2023  04  25  05  34  00    22.00   -25.00    -3.00
2023  04  25  05  35  00    23.00   -23.00     0.00
2023  04  25  05  36  00    20.00   -23.00    -3.00
2023  04  25  05  37  00    21.00   -28.00    -7.00
2023  04  25  05  38  00    23.00   -29.00    -6.00
2023  04  25  05  39  00    24.00   -28.00    -4.00
2023  04  25  05  40  00    22.00   -25.00    -3.00
2023  04  25  05  41  00    24.00   -28.00    -4.00
2023  04  25  05  42  00    26.00   -31.00    -5.00
2023  04  25  05  43  00    27.00   -33.00    -6.00
2023  04  25  05  44  00    27.00   -33.00    -6.00
2023  04  25  05  45  00    25.00   -30.00    -5.00
2023  04  25  05  46  00    22.00   -27.00    -5.00
2023  04  25  05  47  00    20.00   -26.00    -6.00
2023  04  25  05  48  00    18.00   -25.00    -7.00
2023  04  25  05  49  00    21.00   -25.00    -4.00
2023  04  25  05  50  00    20.00   -25.00    -5.00
2023  04  25  05  51  00    17.00   -23.00    -6.00
2023  04  25  05  52  00    18.00   -23.00    -5.00
2023  04  25  05  53  00    20.00   -25.00    -5.00
2023  04  25  05  54  00    18.00   -23.00    -5.00
2023  04  25  05  55  00    18.00   -21.00    -3.00
2023  04  25  05  56  00    17.00   -20.00    -3.00
2023  04  25  05  57  00    17.00   -21.00    -4.00
2023  04  25  05  58  00    20.00   -25.00    -5.00
2023  04  25  05  59  00    21.00   -27.00    -6.00
2023  04  25  06  00  00    23.00   -28.00    -5.00
2023  04  25  06  01  00    23.00   -28.00    -5.00
2023  04  25  06  02  00    22.00   -31.00    -9.00
2023  04  25  06  03  00    21.00   -32.00   -11.00
2023  04  25  06  04  00    19.00   -30.00   -11.00
2023  04  25  06  05  00    22.00   -30.00    -8.00
2023  04  25  06  06  00    24.00   -31.00    -7.00
2023  04  25  06  07  00    22.00   -31.00    -9.00
2023  04  25  06  08  00    22.00   -33.00   -11.00
2023  04  25  06  09  00    21.00   -32.00   -11.00
2023  04  25  06  10  00    20.00   -30.00   -10.00
2023  04  25  06  11  00    19.00   -29.00   -10.00
2023  04  25  06  12  00    19.00   -29.00   -10.00
2023  04  25  06  13  00    20.00   -31.00   -11.00
2023  04  25  06  14  00    23.00   -34.00   -11.00
2023  04  25  06  15  00    21.00   -32.00   -11.00
2023  04  25  06  16  00    24.00   -30.00    -6.00
2023  04  25  06  17  00    23.00   -29.00    -6.00
2023  04  25  06  18  00    20.00   -29.00    -9.00
2023  04  25  06  19  00    20.00   -29.00    -9.00
2023  04  25  06  20  00    23.00   -29.00    -6.00
2023  04  25  06  21  00    22.00   -28.00    -6.00
2023  04  25  06  22  00    21.00   -31.00   -10.00
2023  04  25  06  23  00    22.00   -33.00   -11.00
2023  04  25  06  24  00    25.00   -34.00    -9.00
2023  04  25  06  25  00    18.00   -27.00    -9.00
2023  04  25  06  26  00    20.00   -28.00    -8.00
2023  04  25  06  30  00    27.00   -36.00    -9.00
2023  04  25  06  31  00    23.00   -33.00   -10.00
2023  04  25  06  32  00    19.00   -28.00    -9.00
2023  04  25  06  33  00    23.00   -30.00    -7.00
2023  04  25  06  34  00    22.00   -30.00    -8.00
2023  04  25  06  35  00    20.00   -30.00   -10.00
2023  04  25  06  36  00    19.00   -28.00    -9.00
2023  04  25  06  37  00    20.00   -29.00    -9.00
2023  04  25  06  38  00    19.00   -30.00   -11.00
2023  04  25  06  39  00    19.00   -30.00   -11.00
2023  04  25  06  40  00    20.00   -30.00   -10.00
2023  04  25  06  41  00    18.00   -28.00   -10.00
2023  04  25  06  42  00    18.00   -27.00    -9.00
2023  04  25  06  43  00    18.00   -27.00    -9.00
2023  04  25  06  44  00    22.00   -30.00    -8.00
2023  04  25  06  45  00    25.00   -32.00    -7.00
2023  04  25  06  46  00    29.00   -35.00    -6.00
2023  04  25  06  47  00    29.00   -35.00    -6.00
2023  04  25  06  48  00    29.00   -35.00    -6.00
2023  04  25  06  49  00    29.00   -35.00    -6.00
2023  04  25  06  50  00    26.00   -33.00    -7.00
2023  04  25  06  51  00    29.00   -36.00    -7.00
2023  04  25  06  52  00    34.00   -38.00    -4.00
2023  04  25  06  53  00    32.00   -37.00    -5.00
2023  04  25  06  54  00    28.00   -35.00    -7.00
2023  04  25  06  55  00    24.00   -32.00    -8.00
2023  04  25  06  56  00    22.00   -30.00    -8.00
2023  04  25  06  57  00    20.00   -28.00    -8.00
2023  04  25  06  58  00    18.00   -26.00    -8.00
2023  04  25  06  59  00    18.00   -25.00    -7.00
2023  04  25  07  00  00    20.00   -27.00    -7.00
2023  04  25  07  01  00    20.00   -27.00    -7.00
2023  04  25  07  02  00    18.00   -26.00    -8.00
2023  04  25  07  03  00    19.00   -27.00    -8.00
2023  04  25  07  04  00    19.00   -26.00    -7.00
2023  04  25  07  05  00    18.00   -25.00    -7.00
2023  04  25  07  06  00    18.00   -24.00    -6.00
2023  04  25  07  07  00    17.00   -24.00    -7.00
2023  04  25  07  08  00    17.00   -25.00    -8.00
2023  04  25  07  09  00    17.00   -26.00    -9.00
2023  04  25  07  10  00    16.00   -25.00    -9.00
2023  04  25  07  11  00    18.00   -26.00    -8.00
2023  04  25  07  12  00    21.00   -30.00    -9.00
2023  04  25  07  13  00    18.00   -27.00    -9.00
2023  04  25  07  14  00    16.00   -25.00    -9.00
2023  04  25  07  15  00    17.00   -26.00    -9.00
2023  04  25  07  16  00    27.00   -33.00    -6.00
2023  04  25  07  17  00    30.00   -32.00    -2.00
2023  04  25  07  18  00    36.00   -35.00     1.00
2023  04  25  07  19  00    42.00   -37.00     5.00
2023  04  25  07  20  00    45.00   -35.00    10.00
2023  04  25  07  21  00    48.00   -33.00    15.00
2023  04  25  07  22  00    55.00   -35.00    20.00
2023  04  25  07  23  00    60.00   -38.00    22.00
2023  04  25  07  24  00    59.00   -36.00    23.00
2023  04  25  07  25  00    60.00   -36.00    24.00
2023  04  25  07  26  00    62.00   -39.00    23.00
2023  04  25  07  27  00    62.00   -38.00    24.00
2023  04  25  07  28  00    63.00   -37.00    26.00
2023  04  25  07  29  00    67.00   -38.00    29.00
2023  04  25  07  30  00    66.00   -36.00    30.00
2023  04  25  07  31  00    67.00   -35.00    32.00
2023  04  25  07  32  00    68.00   -35.00    33.00
2023  04  25  07  33  00    63.00   -30.00    33.00
2023  04  25  07  34  00    63.00   -30.00    33.00
2023  04  25  07  35  00    64.00   -31.00    33.00
2023  04  25  07  36  00    65.00   -32.00    33.00
2023  04  25  07  37  00    63.00   -30.00    33.00
2023  04  25  07  38  00    60.00   -28.00    32.00
2023  04  25  07  39  00    60.00   -30.00    30.00
2023  04  25  07  40  00    55.00   -28.00    27.00
2023  04  25  07  41  00    51.00   -27.00    24.00
2023  04  25  07  42  00    47.00   -26.00    21.00
2023  04  25  07  43  00    46.00   -26.00    20.00
2023  04  25  07  44  00    44.00   -25.00    19.00
2023  04  25  07  45  00    49.00   -28.00    21.00
2023  04  25  07  46  00    55.00   -30.00    25.00
2023  04  25  07  47  00    60.00   -32.00    28.00
2023  04  25  07  48  00    62.00   -31.00    31.00
2023  04  25  07  49  00    64.00   -32.00    32.00
2023  04  25  07  50  00    65.00   -32.00    33.00
2023  04  25  07  51  00    67.00   -32.00    35.00
2023  04  25  07  52  00    71.00   -34.00    37.00
2023  04  25  07  53  00    72.00   -34.00    38.00
2023  04  25  07  54  00    71.00   -32.00    39.00
2023  04  25  07  55  00    71.00   -31.00    40.00
2023  04  25  07  56  00    71.00   -30.00    41.00
2023  04  25  07  57  00    70.00   -28.00    42.00
2023  04  25  07  58  00    69.00   -26.00    43.00
2023  04  25  07  59  00    73.00   -28.00    45.00
2023  04  25  08  00  00    72.00   -26.00    46.00
2023  04  25  08  01  00    65.00   -20.00    45.00
2023  04  25  08  02  00    71.00   -25.00    46.00
2023  04  25  08  03  00    72.00   -27.00    45.00
2023  04  25  08  04  00    72.00   -30.00    42.00
2023  04  25  08  05  00    79.00   -39.00    40.00
2023  04  25  08  06  00    81.00   -48.00    33.00
2023  04  25  08  07  00    88.00   -59.00    29.00
2023  04  25  08  08  00    91.00   -64.00    27.00
2023  04  25  08  09  00    96.00   -74.00    22.00
2023  04  25  08  10  00    92.00   -74.00    18.00
2023  04  25  08  11  00    85.00   -72.00    13.00
2023  04  25  08  12  00    94.00   -82.00    12.00
2023  04  25  08  13  00    99.00   -79.00    20.00
2023  04  25  08  14  00   103.00   -79.00    24.00
2023  04  25  08  15  00   100.00   -80.00    20.00
2023  04  25  08  16  00    87.00   -73.00    14.00
2023  04  25  08  17  00    81.00   -72.00     9.00
2023  04  25  08  18  00    92.00   -80.00    12.00
2023  04  25  08  19  00   110.00   -93.00    17.00
2023  04  25  08  20  00   111.00   -95.00    16.00
2023  04  25  08  21  00   111.00   -92.00    19.00
2023  04  25  08  22  00   108.00   -94.00    14.00
2023  04  25  08  23  00   108.00  -104.00     4.00
2023  04  25  08  24  00   115.00  -115.00     0.00
2023  04  25  08  25  00   120.00  -120.00     0.00
2023  04  25  08  26  00    97.00  -105.00    -8.00
2023  04  25  08  27  00    87.00   -94.00    -7.00
2023  04  25  08  28  00    79.00   -85.00    -6.00
2023  04  25  08  29  00    68.00   -75.00    -7.00
2023  04  25  08  30  00    72.00   -80.00    -8.00
2023  04  25  08  31  00    74.00   -81.00    -7.00
2023  04  25  08  32  00    74.00   -80.00    -6.00
2023  04  25  08  33  00    76.00   -79.00    -3.00
2023  04  25  08  34  00    83.00   -86.00    -3.00
2023  04  25  08  35  00    89.00   -93.00    -4.00
2023  04  25  08  36  00    87.00   -92.00    -5.00
2023  04  25  08  37  00    88.00   -95.00    -7.00
2023  04  25  08  38  00    98.00   -98.00     0.00
2023  04  25  08  39  00   105.00   -98.00     7.00
2023  04  25  08  40  00   108.00   -99.00     9.00
2023  04  25  08  41  00   110.00  -107.00     3.00
2023  04  25  08  42  00   118.00  -116.00     2.00
2023  04  25  08  43  00   114.00  -113.00     1.00
2023  04  25  08  44  00   109.00  -101.00     8.00
2023  04  25  08  45  00    97.00   -93.00     4.00
2023  04  25  08  46  00    97.00   -92.00     5.00
2023  04  25  08  47  00   102.00   -95.00     7.00
2023  04  25  08  48  00   102.00  -102.00     0.00
2023  04  25  08  49  00   109.00  -109.00     0.00
2023  04  25  08  50  00   106.00  -106.00     0.00
2023  04  25  08  51  00    94.00   -97.00    -3.00
2023  04  25  08  52  00    83.00   -88.00    -5.00
2023  04  25  08  53  00    76.00   -81.00    -5.00
2023  04  25  08  54  00    79.00   -85.00    -6.00
2023  04  25  08  55  00    84.00   -84.00     0.00
2023  04  25  08  56  00    82.00   -75.00     7.00
2023  04  25  08  57  00    88.00   -80.00     8.00
2023  04  25  08  58  00    99.00   -95.00     4.00
2023  04  25  08  59  00   106.00  -104.00     2.00
2023  04  25  09  00  00   101.00  -100.00     1.00
2023  04  25  09  01  00    93.00   -90.00     3.00
2023  04  25  09  02  00    78.00   -74.00     4.00
2023  04  25  09  03  00    63.00   -60.00     3.00
2023  04  25  09  04  00    68.00   -63.00     5.00
2023  04  25  09  05  00    69.00   -65.00     4.00
2023  04  25  09  06  00    72.00   -70.00     2.00
2023  04  25  09  07  00    76.00   -73.00     3.00
2023  04  25  09  08  00    67.00   -63.00     4.00
2023  04  25  09  09  00    54.00   -53.00     1.00
2023  04  25  09  10  00    46.00   -47.00    -1.00
2023  04  25  09  11  00    47.00   -43.00     4.00
2023  04  25  09  12  00    48.00   -42.00     6.00
2023  04  25  09  13  00    52.00   -44.00     8.00
2023  04  25  09  14  00    53.00   -45.00     8.00
2023  04  25  09  15  00    55.00   -48.00     7.00
2023  04  25  09  16  00    58.00   -49.00     9.00
2023  04  25  09  17  00    77.00   -55.00    22.00
2023  04  25  09  18  00    80.00   -53.00    27.00
2023  04  25  09  19  00    78.00   -47.00    31.00
2023  04  25  09  20  00    87.00   -46.00    41.00
2023  04  25  09  21  00    77.00   -41.00    36.00
2023  04  25  09  22  00    68.00   -36.00    32.00
2023  04  25  09  23  00    60.00   -37.00    23.00
2023  04  25  09  24  00    66.00   -43.00    23.00
2023  04  25  09  25  00    76.00   -44.00    32.00
2023  04  25  09  26  00    82.00   -48.00    34.00
2023  04  25  09  27  00    82.00   -52.00    30.00
2023  04  25  09  28  00    75.00   -50.00    25.00
2023  04  25  09  29  00    84.00   -48.00    36.00
2023  04  25  09  30  00    88.00   -48.00    40.00
2023  04  25  09  31  00    88.00   -47.00    41.00
2023  04  25  09  32  00    95.00   -48.00    47.00
2023  04  25  09  33  00    95.00   -49.00    46.00
2023  04  25  09  34  00    91.00   -47.00    44.00
2023  04  25  09  35  00    89.00   -42.00    47.00
2023  04  25  09  36  00    79.00   -38.00    41.00
2023  04  25  09  37  00    67.00   -35.00    32.00
2023  04  25  09  38  00    65.00   -36.00    29.00
2023  04  25  09  39  00    64.00   -37.00    27.00
2023  04  25  09  40  00    61.00   -35.00    26.00
2023  04  25  09  41  00    58.00   -36.00    22.00
2023  04  25  09  42  00    58.00   -38.00    20.00
2023  04  25  09  43  00    63.00   -39.00    24.00
2023  04  25  09  44  00    71.00   -42.00    29.00
2023  04  25  09  45  00    80.00   -47.00    33.00
2023  04  25  09  46  00    71.00   -39.00    32.00
2023  04  25  09  47  00    62.00   -36.00    26.00
2023  04  25  09  48  00    56.00   -38.00    18.00
2023  04  25  09  49  00    50.00   -39.00    11.00
2023  04  25  09  50  00    43.00   -38.00     5.00
2023  04  25  09  51  00    38.00   -39.00    -1.00
2023  04  25  09  52  00    39.00   -39.00     0.00
2023  04  25  09  53  00    35.00   -34.00     1.00
2023  04  25  09  54  00    39.00   -30.00     9.00
2023  04  25  09  55  00    48.00   -34.00    14.00
2023  04  25  09  56  00    52.00   -35.00    17.00
2023  04  25  09  57  00    54.00   -33.00    21.00
2023  04  25  09  58  00    56.00   -36.00    20.00
2023  04  25  09  59  00    57.00   -38.00    19.00
2023  04  25  10  00  00    51.00   -34.00    17.00
2023  04  25  10  01  00    53.00   -34.00    19.00
2023  04  25  10  02  00    51.00   -34.00    17.00
2023  04  25  10  03  00    40.00   -32.00     8.00
2023  04  25  10  04  00    36.00   -34.00     2.00
2023  04  25  10  05  00    46.00   -39.00     7.00
2023  04  25  10  06  00    41.00   -35.00     6.00
2023  04  25  10  07  00    30.00   -30.00     0.00
2023  04  25  10  08  00    25.00   -28.00    -3.00
2023  04  25  10  09  00    28.00   -32.00    -4.00
2023  04  25  10  10  00    32.00   -34.00    -2.00
2023  04  25  10  11  00    37.00   -36.00     1.00
2023  04  25  10  12  00    49.00   -41.00     8.00
2023  04  25  10  13  00    53.00   -43.00    10.00
2023  04  25  10  14  00    47.00   -42.00     5.00
2023  04  25  10  15  00    41.00   -41.00     0.00
2023  04  25  10  16  00    39.00   -40.00    -1.00
2023  04  25  10  17  00    36.00   -40.00    -4.00
2023  04  25  10  18  00    36.00   -40.00    -4.00
2023  04  25  10  19  00    36.00   -39.00    -3.00
2023  04  25  10  20  00    37.00   -39.00    -2.00
2023  04  25  10  21  00    38.00   -39.00    -1.00
2023  04  25  10  22  00    45.00   -40.00     5.00
2023  04  25  10  23  00    46.00   -41.00     5.00
2023  04  25  10  24  00    44.00   -43.00     1.00
2023  04  25  10  25  00    40.00   -40.00     0.00
2023  04  25  10  27  00    39.00   -38.00     1.00
2023  04  25  10  28  00    42.00   -41.00     1.00
2023  04  25  10  29  00    41.00   -39.00     2.00
2023  04  25  10  30  00    43.00   -37.00     6.00
2023  04  25  10  31  00    51.00   -43.00     8.00
2023  04  25  10  32  00    51.00   -42.00     9.00
2023  04  25  10  33  00    40.00   -32.00     8.00
2023  04  25  10  34  00    43.00   -36.00     7.00
2023  04  25  10  35  00    47.00   -43.00     4.00
2023  04  25  10  36  00    48.00   -46.00     2.00
2023  04  25  10  37  00    47.00   -47.00     0.00
2023  04  25  10  38  00    56.00   -48.00     8.00
2023  04  25  10  39  00    60.00   -41.00    19.00
2023  04  25  10  40  00    60.00   -38.00    22.00
2023  04  25  10  41  00    58.00   -38.00    20.00
2023  04  25  10  42  00    47.00   -37.00    10.00
2023  04  25  10  43  00    39.00   -37.00     2.00
2023  04  25  10  44  00    39.00   -39.00     0.00
2023  04  25  10  45  00    40.00   -41.00    -1.00
2023  04  25  10  46  00    46.00   -42.00     4.00
2023  04  25  10  47  00    65.00   -43.00    22.00
2023  04  25  10  48  00    85.00   -45.00    40.00
2023  04  25  10  49  00    90.00   -42.00    48.00
2023  04  25  10  50  00    85.00   -41.00    44.00
2023  04  25  10  51  00    73.00   -44.00    29.00
2023  04  25  10  52  00    57.00   -44.00    13.00
2023  04  25  10  53  00    53.00   -41.00    12.00
2023  04  25  10  54  00    53.00   -39.00    14.00
2023  04  25  10  55  00    73.00   -39.00    34.00
2023  04  25  10  56  00    87.00   -41.00    46.00
2023  04  25  10  57  00    89.00   -40.00    49.00
2023  04  25  10  58  00    91.00   -43.00    48.00
2023  04  25  10  59  00    88.00   -42.00    46.00
2023  04  25  11  00  00    83.00   -40.00    43.00
2023  04  25  11  01  00    73.00   -35.00    38.00
2023  04  25  11  02  00    76.00   -34.00    42.00
2023  04  25  11  03  00    64.00   -31.00    33.00
2023  04  25  11  04  00    61.00   -34.00    27.00
2023  04  25  11  05  00    58.00   -37.00    21.00
2023  04  25  11  06  00    57.00   -37.00    20.00
2023  04  25  11  07  00    56.00   -37.00    19.00
2023  04  25  11  08  00    59.00   -36.00    23.00
2023  04  25  11  09  00    69.00   -36.00    33.00
2023  04  25  11  10  00    78.00   -34.00    44.00
2023  04  25  11  11  00    77.00   -31.00    46.00
2023  04  25  11  12  00    74.00   -31.00    43.00
2023  04  25  11  13  00    79.00   -38.00    41.00
2023  04  25  11  14  00    73.00   -37.00    36.00
2023  04  25  11  15  00    61.00   -32.00    29.00
2023  04  25  11  16  00    54.00   -31.00    23.00
2023  04  25  11  17  00    54.00   -33.00    21.00
2023  04  25  11  18  00    56.00   -31.00    25.00
2023  04  25  11  19  00    59.00   -32.00    27.00
2023  04  25  11  20  00    56.00   -37.00    19.00
2023  04  25  11  21  00    54.00   -37.00    17.00
2023  04  25  11  22  00    53.00   -40.00    13.00
2023  04  25  11  23  00    51.00   -44.00     7.00
2023  04  25  11  24  00    54.00   -43.00    11.00
2023  04  25  11  25  00    50.00   -40.00    10.00
2023  04  25  11  26  00    52.00   -40.00    12.00
2023  04  25  11  27  00    54.00   -43.00    11.00
2023  04  25  11  28  00    54.00   -45.00     9.00
2023  04  25  11  29  00    54.00   -49.00     5.00
2023  04  25  11  30  00    54.00   -52.00     2.00
2023  04  25  11  31  00    62.00   -53.00     9.00
2023  04  25  11  32  00    68.00   -52.00    16.00
2023  04  25  11  33  00    71.00   -48.00    23.00
2023  04  25  11  34  00    78.00   -45.00    33.00
2023  04  25  11  35  00    83.00   -45.00    38.00
2023  04  25  11  36  00    83.00   -45.00    38.00
2023  04  25  11  37  00    91.00   -47.00    44.00
2023  04  25  11  38  00    96.00   -49.00    47.00
2023  04  25  11  39  00    97.00   -46.00    51.00
2023  04  25  11  40  00    95.00   -45.00    50.00
2023  04  25  11  41  00    95.00   -45.00    50.00
2023  04  25  11  42  00    94.00   -45.00    49.00
2023  04  25  11  43  00    94.00   -43.00    51.00
2023  04  25  11  44  00   100.00   -41.00    59.00
2023  04  25  11  45  00   106.00   -39.00    67.00
2023  04  25  11  46  00   101.00   -33.00    68.00
2023  04  25  11  47  00    86.00   -33.00    53.00
2023  04  25  11  48  00    69.00   -36.00    33.00
2023  04  25  11  49  00    61.00   -37.00    24.00
2023  04  25  11  50  00    65.00   -41.00    24.00
2023  04  25  11  51  00    71.00   -42.00    29.00
2023  04  25  11  52  00    73.00   -40.00    33.00
2023  04  25  11  53  00    73.00   -40.00    33.00
2023  04  25  11  54  00    69.00   -42.00    27.00
2023  04  25  11  55  00    66.00   -42.00    24.00
2023  04  25  11  56  00    60.00   -42.00    18.00
2023  04  25  11  57  00    58.00   -45.00    13.00
2023  04  25  11  59  00    58.00   -43.00    15.00
2023  04  25  12  00  00    56.00   -42.00    14.00
2023  04  25  12  01  00    53.00   -41.00    12.00
2023  04  25  12  02  00    61.00   -47.00    14.00
2023  04  25  12  03  00    56.00   -47.00     9.00
2023  04  25  12  04  00    52.00   -43.00     9.00
2023  04  25  12  05  00    57.00   -45.00    12.00
2023  04  25  12  06  00    74.00   -55.00    19.00
2023  04  25  12  07  00    74.00   -53.00    21.00
2023  04  25  12  08  00    64.00   -45.00    19.00
2023  04  25  12  09  00    59.00   -44.00    15.00
2023  04  25  12  10  00    61.00   -46.00    15.00
2023  04  25  12  11  00    59.00   -46.00    13.00
2023  04  25  12  12  00    54.00   -48.00     6.00
2023  04  25  12  13  00    49.00   -50.00    -1.00
2023  04  25  12  14  00    43.00   -48.00    -5.00
2023  04  25  12  15  00    49.00   -49.00     0.00
2023  04  25  12  16  00    52.00   -48.00     4.00
2023  04  25  12  17  00    52.00   -47.00     5.00
2023  04  25  12  18  00    50.00   -46.00     4.00
2023  04  25  12  19  00    50.00   -45.00     5.00
2023  04  25  12  20  00    56.00   -47.00     9.00
2023  04  25  12  21  00    59.00   -47.00    12.00
2023  04  25  12  22  00    58.00   -46.00    12.00
2023  04  25  12  23  00    58.00   -43.00    15.00
2023  04  25  12  25  00    82.00   -48.00    34.00
2023  04  25  12  26  00    86.00   -46.00    40.00
2023  04  25  12  27  00    90.00   -45.00    45.00
2023  04  25  12  28  00   101.00   -46.00    55.00
2023  04  25  12  29  00   111.00   -50.00    61.00
2023  04  25  12  30  00   107.00   -43.00    64.00
2023  04  25  12  31  00   104.00   -42.00    62.00
2023  04  25  12  32  00   106.00   -44.00    62.00
2023  04  25  12  33  00   111.00   -41.00    70.00
2023  04  25  12  34  00   112.00   -39.00    73.00
2023  04  25  12  35  00   111.00   -40.00    71.00
2023  04  25  12  36  00   109.00   -40.00    69.00
2023  04  25  12  37  00   108.00   -40.00    68.00
2023  04  25  12  38  00   104.00   -37.00    67.00
2023  04  25  12  39  00   100.00   -33.00    67.00
2023  04  25  12  40  00   106.00   -34.00    72.00
2023  04  25  12  41  00   112.00   -36.00    76.00
2023  04  25  12  42  00   124.00   -40.00    84.00
2023  04  25  12  43  00   129.00   -37.00    92.00
2023  04  25  12  44  00   133.00   -35.00    98.00
2023  04  25  12  45  00   142.00   -41.00   101.00
2023  04  25  12  46  00   147.00   -42.00   105.00
2023  04  25  12  47  00   157.00   -46.00   111.00
2023  04  25  12  48  00   162.00   -51.00   111.00
2023  04  25  12  49  00   163.00   -57.00   106.00
2023  04  25  12  50  00   156.00   -57.00    99.00
2023  04  25  12  51  00   150.00   -53.00    97.00
2023  04  25  12  52  00   144.00   -49.00    95.00
2023  04  25  12  53  00   145.00   -53.00    92.00
2023  04  25  12  54  00   148.00   -57.00    91.00
2023  04  25  12  55  00   152.00   -61.00    91.00
2023  04  25  12  56  00   150.00   -61.00    89.00
2023  04  25  12  57  00   148.00   -58.00    90.00
2023  04  25  12  58  00   142.00   -54.00    88.00
2023  04  25  12  59  00   142.00   -54.00    88.00
2023  04  25  13  00  00   142.00   -55.00    87.00
2023  04  25  13  01  00   143.00   -55.00    88.00
2023  04  25  13  02  00   146.00   -58.00    88.00
2023  04  25  13  03  00   147.00   -61.00    86.00
2023  04  25  13  04  00   146.00   -62.00    84.00
2023  04  25  13  05  00   135.00   -54.00    81.00
2023  04  25  13  06  00   131.00   -48.00    83.00
2023  04  25  13  07  00   126.00   -47.00    79.00
2023  04  25  13  08  00   127.00   -52.00    75.00
2023  04  25  13  09  00   129.00   -51.00    78.00
2023  04  25  13  10  00   133.00   -47.00    86.00
2023  04  25  13  11  00   128.00   -42.00    86.00
2023  04  25  13  12  00   127.00   -40.00    87.00
2023  04  25  13  13  00   132.00   -40.00    92.00
2023  04  25  13  14  00   142.00   -46.00    96.00
2023  04  25  13  15  00   146.00   -51.00    95.00
2023  04  25  13  16  00   145.00   -52.00    93.00
2023  04  25  13  17  00   139.00   -48.00    91.00
2023  04  25  13  18  00   137.00   -46.00    91.00
2023  04  25  13  19  00   142.00   -51.00    91.00
2023  04  25  13  20  00   152.00   -59.00    93.00
2023  04  25  13  21  00   159.00   -63.00    96.00
2023  04  25  13  23  00   164.00   -66.00    98.00
2023  04  25  13  24  00   175.00   -76.00    99.00
2023  04  25  13  25  00   184.00   -85.00    99.00
2023  04  25  13  26  00   193.00   -93.00   100.00
2023  04  25  13  27  00   198.00   -99.00    99.00
2023  04  25  13  28  00   199.00  -102.00    97.00
2023  04  25  13  29  00   203.00  -106.00    97.00
2023  04  25  13  30  00   210.00  -108.00   102.00
2023  04  25  13  31  00   222.00  -115.00   107.00
2023  04  25  13  32  00   230.00  -124.00   106.00
2023  04  25  13  33  00   235.00  -131.00   104.00
2023  04  25  13  34  00   248.00  -143.00   105.00
2023  04  25  13  35  00   267.00  -159.00   108.00
2023  04  25  13  36  00   281.00  -171.00   110.00
2023  04  25  13  37  00   278.00  -168.00   110.00
2023  04  25  13  38  00   272.00  -166.00   106.00
2023  04  25  13  39  00   267.00  -164.00   103.00
2023  04  25  13  40  00   272.00  -169.00   103.00
2023  04  25  13  41  00   281.00  -176.00   105.00
2023  04  25  13  42  00   287.00  -183.00   104.00
2023  04  25  13  43  00   296.00  -192.00   104.00
2023  04  25  13  44  00   322.00  -218.00   104.00
2023  04  25  13  45  00   354.00  -250.00   104.00
2023  04  25  13  46  00   364.00  -256.00   108.00
2023  04  25  13  47  00   393.00  -283.00   110.00
2023  04  25  13  48  00   413.00  -308.00   105.00
2023  04  25  13  49  00   422.00  -314.00   108.00
2023  04  25  13  50  00   443.00  -323.00   120.00
2023  04  25  13  51  00   466.00  -335.00   131.00
2023  04  25  13  52  00   482.00  -346.00   136.00
2023  04  25  13  53  00   497.00  -363.00   134.00
2023  04  25  13  54  00   507.00  -380.00   127.00
2023  04  25  13  55  00   505.00  -379.00   126.00
2023  04  25  13  56  00   505.00  -386.00   119.00
2023  04  25  13  57  00   479.00  -362.00   117.00
2023  04  25  13  58  00   475.00  -354.00   121.00
2023  04  25  13  59  00   479.00  -347.00   132.00
2023  04  25  14  00  00   491.00  -353.00   138.00
2023  04  25  14  01  00   525.00  -385.00   140.00
2023  04  25  14  02  00   510.00  -364.00   146.00
2023  04  25  14  03  00   495.00  -350.00   145.00
2023  04  25  14  04  00   485.00  -347.00   138.00
2023  04  25  14  05  00   486.00  -349.00   137.00
2023  04  25  14  06  00   511.00  -367.00   144.00
2023  04  25  14  07  00   533.00  -385.00   148.00
2023  04  25  14  08  00   542.00  -392.00   150.00
2023  04  25  14  09  00   510.00  -360.00   150.00
2023  04  25  14  10  00   479.00  -331.00   148.00
2023  04  25  14  11  00   467.00  -321.00   146.00
2023  04  25  14  12  00   488.00  -342.00   146.00
2023  04  25  14  13  00   498.00  -357.00   141.00
2023  04  25  14  14  00   493.00  -363.00   130.00
2023  04  25  14  15  00   470.00  -348.00   122.00
2023  04  25  14  16  00   457.00  -338.00   119.00
2023  04  25  14  17  00   483.00  -332.00   151.00
2023  04  25  14  18  00   511.00  -326.00   185.00
2023  04  25  14  19  00   498.00  -317.00   181.00
2023  04  25  14  20  00   462.00  -305.00   157.00
2023  04  25  14  21  00   460.00  -314.00   146.00
2023  04  25  14  22  00   461.00  -319.00   142.00
2023  04  25  14  23  00   457.00  -320.00   137.00
2023  04  25  14  24  00   449.00  -313.00   136.00
2023  04  25  14  25  00   423.00  -294.00   129.00
2023  04  25  14  27  00   439.00  -284.00   155.00
2023  04  25  14  28  00   437.00  -280.00   157.00
2023  04  25  14  29  00   418.00  -274.00   144.00
2023  04  25  14  30  00   393.00  -270.00   123.00
2023  04  25  14  31  00   378.00  -264.00   114.00
2023  04  25  14  32  00   367.00  -255.00   112.00
2023  04  25  14  33  00   365.00  -252.00   113.00
2023  04  25  14  34  00   369.00  -255.00   114.00
2023  04  25  14  35  00   366.00  -253.00   113.00
2023  04  25  14  36  00   354.00  -243.00   111.00
2023  04  25  14  37  00   352.00  -242.00   110.00
2023  04  25  14  38  00   353.00  -241.00   112.00
2023  04  25  14  39  00   367.00  -255.00   112.00
2023  04  25  14  40  00   374.00  -262.00   112.00
2023  04  25  14  41  00   362.00  -252.00   110.00
2023  04  25  14  42  00   353.00  -245.00   108.00
2023  04  25  14  43  00   332.00  -225.00   107.00
2023  04  25  14  44  00   325.00  -219.00   106.00
2023  04  25  14  45  00   308.00  -204.00   104.00
2023  04  25  14  46  00   291.00  -191.00   100.00
2023  04  25  14  47  00   289.00  -192.00    97.00
2023  04  25  14  48  00   290.00  -191.00    99.00
2023  04  25  14  49  00   276.00  -176.00   100.00
2023  04  25  14  50  00   290.00  -188.00   102.00
2023  04  25  14  51  00   287.00  -190.00    97.00
2023  04  25  14  52  00   271.00  -179.00    92.00
2023  04  25  14  53  00   263.00  -176.00    87.00
2023  04  25  14  54  00   252.00  -167.00    85.00
2023  04  25  14  55  00   246.00  -160.00    86.00
2023  04  25  14  56  00   251.00  -163.00    88.00
2023  04  25  14  57  00   247.00  -160.00    87.00
2023  04  25  14  58  00   249.00  -159.00    90.00
2023  04  25  14  59  00   250.00  -160.00    90.00
2023  04  25  15  00  00   246.00  -157.00    89.00
2023  04  25  15  01  00   268.00  -181.00    87.00
2023  04  25  15  02  00   287.00  -200.00    87.00
2023  04  25  15  03  00   283.00  -195.00    88.00
2023  04  25  15  04  00   270.00  -181.00    89.00
2023  04  25  15  05  00   253.00  -165.00    88.00
2023  04  25  15  06  00   242.00  -155.00    87.00
2023  04  25  15  07  00   236.00  -149.00    87.00
2023  04  25  15  08  00   241.00  -150.00    91.00
2023  04  25  15  09  00   258.00  -165.00    93.00
2023  04  25  15  10  00   289.00  -199.00    90.00
2023  04  25  15  11  00   313.00  -227.00    86.00
2023  04  25  15  12  00   349.00  -260.00    89.00
2023  04  25  15  13  00   374.00  -280.00    94.00
2023  04  25  15  14  00   377.00  -283.00    94.00
2023  04  25  15  15  00   372.00  -280.00    92.00
2023  04  25  15  16  00   383.00  -295.00    88.00
2023  04  25  15  17  00   402.00  -317.00    85.00
2023  04  25  15  18  00   404.00  -322.00    82.00
2023  04  25  15  19  00   403.00  -323.00    80.00
2023  04  25  15  20  00   403.00  -326.00    77.00
2023  04  25  15  21  00   401.00  -328.00    73.00
2023  04  25  15  22  00   377.00  -307.00    70.00
2023  04  25  15  23  00   336.00  -270.00    66.00
2023  04  25  15  24  00   300.00  -237.00    63.00
2023  04  25  15  25  00   267.00  -203.00    64.00
2023  04  25  15  26  00   248.00  -185.00    63.00
2023  04  25  15  27  00   250.00  -189.00    61.00
2023  04  25  15  28  00   259.00  -201.00    58.00
2023  04  25  15  29  00   272.00  -214.00    58.00
2023  04  25  15  30  00   282.00  -224.00    58.00
2023  04  25  15  31  00   280.00  -222.00    58.00
2023  04  25  15  32  00   272.00  -213.00    59.00
2023  04  25  15  33  00   262.00  -198.00    64.00
2023  04  25  15  34  00   248.00  -183.00    65.00
2023  04  25  15  35  00   240.00  -176.00    64.00
2023  04  25  15  36  00   230.00  -165.00    65.00
2023  04  25  15  37  00   234.00  -168.00    66.00
2023  04  25  15  38  00   241.00  -176.00    65.00
2023  04  25  15  39  00   254.00  -188.00    66.00
2023  04  25  15  40  00   257.00  -188.00    69.00
2023  04  25  15  41  00   262.00  -188.00    74.00
2023  04  25  15  42  00   273.00  -195.00    78.00
2023  04  25  15  43  00   283.00  -206.00    77.00
2023  04  25  15  44  00   303.00  -227.00    76.00
2023  04  25  15  45  00   322.00  -246.00    76.00
2023  04  25  15  46  00   337.00  -264.00    73.00
2023  04  25  15  47  00   345.00  -278.00    67.00
2023  04  25  15  48  00   359.00  -286.00    73.00
2023  04  25  15  49  00   353.00  -273.00    80.00
2023  04  25  15  50  00   315.00  -236.00    79.00
2023  04  25  15  51  00   272.00  -199.00    73.00
2023  04  25  15  52  00   248.00  -178.00    70.00
2023  04  25  15  53  00   234.00  -168.00    66.00
2023  04  25  15  54  00   231.00  -163.00    68.00
2023  04  25  15  55  00   226.00  -155.00    71.00
2023  04  25  15  56  00   225.00  -151.00    74.00
2023  04  25  15  57  00   221.00  -145.00    76.00
2023  04  25  15  58  00   219.00  -142.00    77.00
2023  04  25  15  59  00   210.00  -134.00    76.00
2023  04  25  16  00  00   205.00  -129.00    76.00
2023  04  25  16  01  00   213.00  -136.00    77.00
2023  04  25  16  02  00   218.00  -141.00    77.00
2023  04  25  16  03  00   231.00  -153.00    78.00
2023  04  25  16  04  00   246.00  -166.00    80.00
2023  04  25  16  05  00   256.00  -176.00    80.00
2023  04  25  16  06  00   266.00  -190.00    76.00
2023  04  25  16  07  00   276.00  -203.00    73.00
2023  04  25  16  08  00   271.00  -201.00    70.00
2023  04  25  16  09  00   260.00  -190.00    70.00
2023  04  25  16  10  00   271.00  -198.00    73.00
2023  04  25  16  11  00   291.00  -216.00    75.00
2023  04  25  16  12  00   312.00  -237.00    75.00
2023  04  25  16  13  00   337.00  -261.00    76.00
2023  04  25  16  14  00   352.00  -277.00    75.00
2023  04  25  16  15  00   360.00  -290.00    70.00
2023  04  25  16  16  00   364.00  -298.00    66.00
2023  04  25  16  17  00   373.00  -304.00    69.00
2023  04  25  16  18  00   372.00  -300.00    72.00
2023  04  25  16  19  00   352.00  -286.00    66.00
2023  04  25  16  20  00   336.00  -273.00    63.00
2023  04  25  16  21  00   312.00  -251.00    61.00
2023  04  25  16  22  00   278.00  -218.00    60.00
2023  04  25  16  23  00   247.00  -189.00    58.00
2023  04  25  16  24  00   254.00  -197.00    57.00
2023  04  25  16  25  00   255.00  -198.00    57.00
2023  04  25  16  26  00   235.00  -177.00    58.00
2023  04  25  16  27  00   200.00  -141.00    59.00
2023  04  25  16  28  00   175.00  -115.00    60.00
2023  04  25  16  29  00   157.00   -95.00    62.00
2023  04  25  16  30  00   153.00   -96.00    57.00
2023  04  25  16  31  00   168.00  -118.00    50.00
2023  04  25  16  32  00   181.00  -128.00    53.00
2023  04  25  16  33  00   192.00  -140.00    52.00
2023  04  25  16  34  00   197.00  -153.00    44.00
2023  04  25  16  35  00   198.00  -154.00    44.00
2023  04  25  16  36  00   185.00  -143.00    42.00
2023  04  25  16  37  00   164.00  -123.00    41.00
2023  04  25  16  38  00   177.00  -130.00    47.00
2023  04  25  16  39  00   216.00  -159.00    57.00
2023  04  25  16  40  00   231.00  -176.00    55.00
2023  04  25  16  41  00   223.00  -168.00    55.00
2023  04  25  16  42  00   234.00  -162.00    72.00
2023  04  25  16  43  00   206.00  -139.00    67.00
2023  04  25  16  44  00   185.00  -126.00    59.00
2023  04  25  16  45  00   190.00  -129.00    61.00
2023  04  25  16  46  00   195.00  -133.00    62.00
2023  04  25  16  47  00   211.00  -143.00    68.00
2023  04  25  16  48  00   208.00  -151.00    57.00
2023  04  25  16  49  00   206.00  -156.00    50.00
2023  04  25  16  50  00   210.00  -161.00    49.00
2023  04  25  16  51  00   210.00  -160.00    50.00
2023  04  25  16  52  00   244.00  -192.00    52.00
2023  04  25  16  53  00   244.00  -214.00    30.00
2023  04  25  16  54  00   197.00  -173.00    24.00
2023  04  25  16  55  00   185.00  -157.00    28.00
2023  04  25  16  56  00   177.00  -140.00    37.00
2023  04  25  16  57  00   159.00  -125.00    34.00
2023  04  25  16  58  00   157.00  -121.00    36.00
2023  04  25  16  59  00   143.00  -105.00    38.00
2023  04  25  17  00  00   146.00  -105.00    41.00
2023  04  25  17  01  00   143.00  -101.00    42.00
2023  04  25  17  02  00   144.00  -102.00    42.00
2023  04  25  17  03  00   143.00  -103.00    40.00
2023  04  25  17  04  00   136.00  -100.00    36.00
2023  04  25  17  05  00   134.00   -97.00    37.00
2023  04  25  17  06  00   133.00   -92.00    41.00
2023  04  25  17  07  00   136.00   -90.00    46.00
2023  04  25  17  08  00   133.00   -86.00    47.00
2023  04  25  17  09  00   149.00  -105.00    44.00
2023  04  25  17  10  00   153.00  -104.00    49.00
2023  04  25  17  11  00   126.00   -75.00    51.00
2023  04  25  17  12  00   123.00   -72.00    51.00
2023  04  25  17  13  00   137.00   -83.00    54.00
2023  04  25  17  14  00   134.00   -77.00    57.00
2023  04  25  17  15  00   142.00   -75.00    67.00
2023  04  25  17  17  00   157.00   -87.00    70.00
2023  04  25  17  18  00   166.00   -91.00    75.00
2023  04  25  17  19  00   172.00   -91.00    81.00
2023  04  25  17  20  00   171.00   -88.00    83.00
2023  04  25  17  21  00   162.00   -85.00    77.00
2023  04  25  17  22  00   164.00   -87.00    77.00
2023  04  25  17  23  00   191.00  -110.00    81.00
2023  04  25  17  24  00   181.00  -102.00    79.00
2023  04  25  17  25  00   165.00   -89.00    76.00
2023  04  25  17  26  00   164.00   -89.00    75.00
2023  04  25  17  27  00   171.00   -94.00    77.00
2023  04  25  17  28  00   178.00  -100.00    78.00
2023  04  25  17  29  00   180.00  -104.00    76.00
2023  04  25  17  30  00   183.00  -111.00    72.00
2023  04  25  17  31  00   182.00  -112.00    70.00
2023  04  25  17  32  00   176.00  -107.00    69.00
2023  04  25  17  33  00   170.00  -104.00    66.00
2023  04  25  17  34  00   168.00  -104.00    64.00
2023  04  25  17  35  00   183.00  -121.00    62.00
2023  04  25  17  36  00   188.00  -125.00    63.00
2023  04  25  17  37  00   172.00  -108.00    64.00
2023  04  25  17  38  00   177.00  -115.00    62.00
2023  04  25  17  39  00   170.00  -112.00    58.00
2023  04  25  17  40  00   176.00  -122.00    54.00
2023  04  25  17  41  00   201.00  -152.00    49.00
2023  04  25  17  42  00   217.00  -172.00    45.00
2023  04  25  17  43  00   223.00  -180.00    43.00
2023  04  25  17  44  00   222.00  -182.00    40.00
2023  04  25  17  45  00   219.00  -182.00    37.00
2023  04  25  17  46  00   209.00  -175.00    34.00
2023  04  25  17  47  00   176.00  -144.00    32.00
2023  04  25  17  48  00   175.00  -147.00    28.00
2023  04  25  17  49  00   170.00  -143.00    27.00
2023  04  25  17  50  00   166.00  -139.00    27.00
2023  04  25  17  51  00   166.00  -139.00    27.00
2023  04  25  17  52  00   169.00  -137.00    32.00
2023  04  25  17  53  00   171.00  -135.00    36.00
2023  04  25  17  54  00   167.00  -131.00    36.00
2023  04  25  17  55  00   167.00  -131.00    36.00
2023  04  25  17  56  00   167.00  -129.00    38.00
2023  04  25  17  57  00   166.00  -128.00    38.00
2023  04  25  17  58  00   166.00  -129.00    37.00
2023  04  25  17  59  00   169.00  -132.00    37.00
2023  04  25  18  00  00   164.00  -127.00    37.00
2023  04  25  18  01  00   174.00  -136.00    38.00
2023  04  25  18  02  00   186.00  -146.00    40.00
2023  04  25  18  03  00   192.00  -147.00    45.00
2023  04  25  18  04  00   178.00  -132.00    46.00
2023  04  25  18  05  00   179.00  -134.00    45.00
2023  04  25  18  06  00   203.00  -157.00    46.00
2023  04  25  18  07  00   212.00  -164.00    48.00
2023  04  25  18  08  00   208.00  -158.00    50.00
2023  04  25  18  09  00   210.00  -163.00    47.00
2023  04  25  18  10  00   226.00  -183.00    43.00
2023  04  25  18  11  00   224.00  -187.00    37.00
2023  04  25  18  12  00   242.00  -202.00    40.00
2023  04  25  18  13  00   265.00  -219.00    46.00
2023  04  25  18  14  00   306.00  -255.00    51.00
2023  04  25  18  15  00   314.00  -262.00    52.00
2023  04  25  18  16  00   301.00  -253.00    48.00
2023  04  25  18  17  00   296.00  -249.00    47.00
2023  04  25  18  18  00   305.00  -258.00    47.00
2023  04  25  18  19  00   304.00  -253.00    51.00
2023  04  25  18  20  00   305.00  -250.00    55.00
2023  04  25  18  21  00   310.00  -256.00    54.00
2023  04  25  18  22  00   366.00  -308.00    58.00
2023  04  25  18  23  00   324.00  -262.00    62.00
2023  04  25  18  24  00   323.00  -259.00    64.00
2023  04  25  18  25  00   349.00  -265.00    84.00
2023  04  25  18  26  00   355.00  -273.00    82.00
2023  04  25  18  27  00   356.00  -283.00    73.00
2023  04  25  18  28  00   374.00  -290.00    84.00
2023  04  25  18  29  00   385.00  -294.00    91.00
2023  04  25  18  30  00   399.00  -309.00    90.00
2023  04  25  18  31  00   405.00  -318.00    87.00
2023  04  25  18  32  00   399.00  -314.00    85.00
2023  04  25  18  33  00   397.00  -312.00    85.00
2023  04  25  18  34  00   395.00  -304.00    91.00
2023  04  25  18  35  00   393.00  -310.00    83.00
2023  04  25  18  36  00   412.00  -336.00    76.00
2023  04  25  18  37  00   406.00  -326.00    80.00
2023  04  25  18  39  00   430.00  -356.00    74.00
2023  04  25  18  42  00   476.00  -388.00    88.00
2023  04  25  18  44  00   509.00  -416.00    93.00
2023  04  25  18  45  00   419.00  -326.00    93.00
2023  04  25  18  46  00   430.00  -334.00    96.00
2023  04  25  18  47  00   446.00  -349.00    97.00
2023  04  25  18  48  00   452.00  -352.00   100.00
2023  04  25  18  49  00   473.00  -364.00   109.00
2023  04  25  18  50  00   483.00  -369.00   114.00
2023  04  25  18  51  00   489.00  -374.00   115.00
2023  04  25  18  52  00   552.00  -433.00   119.00
2023  04  25  18  53  00   558.00  -432.00   126.00
2023  04  25  18  55  00   537.00  -409.00   128.00
2023  04  25  18  56  00   537.00  -407.00   130.00
2023  04  25  18  57  00   586.00  -447.00   139.00
2023  04  25  18  58  00   574.00  -431.00   143.00
2023  04  25  18  59  00   625.00  -484.00   141.00
2023  04  25  19  00  00   577.00  -444.00   133.00
2023  04  25  19  01  00   523.00  -392.00   131.00
2023  04  25  19  02  00   524.00  -396.00   128.00
2023  04  25  19  03  00   567.00  -438.00   129.00
2023  04  25  19  04  00   565.00  -433.00   132.00
2023  04  25  19  05  00   616.00  -482.00   134.00
2023  04  25  19  06  00   609.00  -472.00   137.00
2023  04  25  19  07  00   615.00  -476.00   139.00
2023  04  25  19  08  00   631.00  -495.00   136.00
2023  04  25  19  09  00   612.00  -477.00   135.00
2023  04  25  19  10  00   598.00  -457.00   141.00
2023  04  25  19  11  00   589.00  -444.00   145.00
2023  04  25  19  12  00   599.00  -452.00   147.00
2023  04  25  19  13  00   607.00  -461.00   146.00
2023  04  25  19  14  00   670.00  -524.00   146.00
2023  04  25  19  15  00   699.00  -551.00   148.00
2023  04  25  19  16  00   695.00  -551.00   144.00
2023  04  25  19  17  00   662.00  -519.00   143.00
2023  04  25  19  18  00   617.00  -475.00   142.00
2023  04  25  19  19  00   624.00  -482.00   142.00
2023  04  25  19  21  00   658.00  -513.00   145.00
2023  04  25  19  22  00   657.00  -512.00   145.00
2023  04  25  19  23  00   631.00  -486.00   145.00
2023  04  25  19  24  00   634.00  -491.00   143.00
2023  04  25  19  25  00   626.00  -487.00   139.00
2023  04  25  19  26  00   616.00  -478.00   138.00
2023  04  25  19  27  00   643.00  -509.00   134.00
2023  04  25  19  28  00   622.00  -494.00   128.00
2023  04  25  19  29  00   608.00  -483.00   125.00
2023  04  25  19  30  00   621.00  -487.00   134.00
2023  04  25  19  31  00   644.00  -505.00   139.00
2023  04  25  19  32  00   632.00  -491.00   141.00
2023  04  25  19  33  00   650.00  -513.00   137.00
2023  04  25  19  34  00   656.00  -523.00   133.00
2023  04  25  19  35  00   648.00  -518.00   130.00
2023  04  25  19  36  00   620.00  -498.00   122.00
2023  04  25  19  37  00   637.00  -522.00   115.00
2023  04  25  19  38  00   606.00  -500.00   106.00
2023  04  25  19  39  00   555.00  -449.00   106.00
2023  04  25  19  40  00   613.00  -505.00   108.00
2023  04  25  19  41  00   658.00  -548.00   110.00
2023  04  25  19  42  00   619.00  -511.00   108.00
2023  04  25  19  43  00   597.00  -488.00   109.00
2023  04  25  19  44  00   601.00  -499.00   102.00
2023  04  25  19  45  00   620.00  -520.00   100.00
2023  04  25  19  46  00   583.00  -480.00   103.00
2023  04  25  19  47  00   536.00  -432.00   104.00
2023  04  25  19  48  00   527.00  -427.00   100.00
2023  04  25  19  49  00   516.00  -420.00    96.00
2023  04  25  19  50  00   486.00  -392.00    94.00
2023  04  25  19  51  00   476.00  -385.00    91.00
2023  04  25  19  52  00   473.00  -378.00    95.00
2023  04  25  19  53  00   501.00  -401.00   100.00
2023  04  25  19  54  00   518.00  -416.00   102.00
2023  04  25  19  55  00   462.00  -359.00   103.00
2023  04  25  19  56  00   459.00  -359.00   100.00
2023  04  25  19  57  00   484.00  -384.00   100.00
2023  04  25  19  58  00   477.00  -377.00   100.00
2023  04  25  19  59  00   483.00  -379.00   104.00
2023  04  25  20  00  00   498.00  -403.00    95.00
2023  04  25  20  01  00   486.00  -397.00    89.00
2023  04  25  20  02  00   535.00  -434.00   101.00
2023  04  25  20  03  00   579.00  -459.00   120.00
2023  04  25  20  04  00   617.00  -477.00   140.00
2023  04  25  20  05  00   685.00  -536.00   149.00
2023  04  25  20  06  00   726.00  -582.00   144.00
2023  04  25  20  07  00   694.00  -562.00   132.00
2023  04  25  20  08  00   743.00  -615.00   128.00
2023  04  25  20  09  00   742.00  -613.00   129.00
2023  04  25  20  10  00   601.00  -478.00   123.00
2023  04  25  20  11  00   594.00  -476.00   118.00
2023  04  25  20  12  00   593.00  -482.00   111.00
2023  04  25  20  13  00   567.00  -460.00   107.00
2023  04  25  20  14  00   568.00  -465.00   103.00
2023  04  25  20  15  00   548.00  -448.00   100.00
2023  04  25  20  16  00   554.00  -453.00   101.00
2023  04  25  20  17  00   553.00  -453.00   100.00
2023  04  25  20  18  00   531.00  -428.00   103.00
2023  04  25  20  19  00   538.00  -427.00   111.00
2023  04  25  20  20  00   528.00  -419.00   109.00
2023  04  25  20  21  00   518.00  -411.00   107.00
2023  04  25  20  22  00   518.00  -412.00   106.00
2023  04  25  20  23  00   510.00  -400.00   110.00
2023  04  25  20  24  00   527.00  -413.00   114.00
2023  04  25  20  25  00   529.00  -413.00   116.00
2023  04  25  20  26  00   499.00  -381.00   118.00
2023  04  25  20  27  00   496.00  -380.00   116.00
2023  04  25  20  28  00   505.00  -392.00   113.00
2023  04  25  20  29  00   475.00  -366.00   109.00
2023  04  25  20  30  00   447.00  -347.00   100.00
2023  04  25  20  31  00   428.00  -333.00    95.00
2023  04  25  20  32  00   369.00  -278.00    91.00
2023  04  25  20  33  00   373.00  -280.00    93.00
2023  04  25  20  34  00   391.00  -295.00    96.00
2023  04  25  20  35  00   341.00  -246.00    95.00
2023  04  25  20  36  00   304.00  -210.00    94.00
2023  04  25  20  37  00   320.00  -228.00    92.00
2023  04  25  20  38  00   339.00  -250.00    89.00
2023  04  25  20  39  00   346.00  -258.00    88.00
2023  04  25  20  40  00   331.00  -234.00    97.00
2023  04  25  20  41  00   350.00  -250.00   100.00
2023  04  25  20  42  00   373.00  -279.00    94.00
2023  04  25  20  43  00   378.00  -287.00    91.00
2023  04  25  20  44  00   379.00  -283.00    96.00
2023  04  25  20  45  00   354.00  -260.00    94.00
2023  04  25  20  46  00   348.00  -261.00    87.00
2023  04  25  20  47  00   345.00  -260.00    85.00
2023  04  25  20  48  00   352.00  -260.00    92.00
2023  04  25  20  49  00   361.00  -275.00    86.00
2023  04  25  20  50  00   346.00  -260.00    86.00
2023  04  25  20  51  00   336.00  -258.00    78.00
2023  04  25  20  52  00   321.00  -246.00    75.00
2023  04  25  20  53  00   333.00  -259.00    74.00
2023  04  25  20  54  00   351.00  -277.00    74.00
2023  04  25  20  55  00   374.00  -295.00    79.00
2023  04  25  20  56  00   375.00  -293.00    82.00
2023  04  25  20  57  00   366.00  -279.00    87.00
2023  04  25  20  58  00   339.00  -252.00    87.00
2023  04  25  20  59  00   311.00  -229.00    82.00
2023  04  25  21  00  00   289.00  -216.00    73.00
2023  04  25  21  01  00   274.00  -204.00    70.00
2023  04  25  21  02  00   292.00  -216.00    76.00
2023  04  25  21  03  00   291.00  -209.00    82.00
2023  04  25  21  04  00   261.00  -185.00    76.00
2023  04  25  21  05  00   243.00  -169.00    74.00
2023  04  25  21  06  00   251.00  -176.00    75.00
2023  04  25  21  07  00   236.00  -167.00    69.00
2023  04  25  21  08  00   222.00  -156.00    66.00
2023  04  25  21  09  00   227.00  -161.00    66.00
2023  04  25  21  10  00   246.00  -171.00    75.00
2023  04  25  21  11  00   278.00  -193.00    85.00
2023  04  25  21  12  00   276.00  -184.00    92.00
2023  04  25  21  13  00   262.00  -168.00    94.00
2023  04  25  21  14  00   253.00  -161.00    92.00
2023  04  25  21  15  00   265.00  -173.00    92.00
2023  04  25  21  16  00   266.00  -179.00    87.00
2023  04  25  21  17  00   258.00  -173.00    85.00
2023  04  25  21  18  00   260.00  -174.00    86.00
2023  04  25  21  19  00   276.00  -190.00    86.00
2023  04  25  21  20  00   281.00  -193.00    88.00
2023  04  25  21  21  00   283.00  -193.00    90.00
2023  04  25  21  22  00   294.00  -206.00    88.00
2023  04  25  21  23  00   304.00  -217.00    87.00
2023  04  25  21  24  00   308.00  -223.00    85.00
2023  04  25  21  25  00   311.00  -231.00    80.00
2023  04  25  21  26  00   315.00  -236.00    79.00
2023  04  25  21  27  00   320.00  -239.00    81.00
2023  04  25  21  28  00   324.00  -241.00    83.00
2023  04  25  21  29  00   313.00  -236.00    77.00
2023  04  25  21  30  00   270.00  -210.00    60.00
2023  04  25  21  31  00   234.00  -180.00    54.00
2023  04  25  21  32  00   205.00  -152.00    53.00
2023  04  25  21  34  00   206.00  -141.00    65.00
2023  04  25  21  35  00   210.00  -140.00    70.00
2023  04  25  21  36  00   186.00  -118.00    68.00
2023  04  25  21  37  00   169.00  -104.00    65.00
2023  04  25  21  38  00   183.00  -122.00    61.00
2023  04  25  21  39  00   195.00  -139.00    56.00
2023  04  25  21  40  00   211.00  -155.00    56.00
2023  04  25  21  41  00   218.00  -161.00    57.00
2023  04  25  21  42  00   214.00  -154.00    60.00
2023  04  25  21  43  00   208.00  -143.00    65.00
2023  04  25  21  44  00   195.00  -126.00    69.00
2023  04  25  21  45  00   191.00  -119.00    72.00
2023  04  25  21  46  00   195.00  -122.00    73.00
2023  04  25  21  47  00   193.00  -122.00    71.00
2023  04  25  21  48  00   193.00  -120.00    73.00
2023  04  25  21  49  00   191.00  -117.00    74.00
2023  04  25  21  50  00   194.00  -118.00    76.00
2023  04  25  21  51  00   198.00  -120.00    78.00
2023  04  25  21  52  00   202.00  -121.00    81.00
2023  04  25  21  53  00   199.00  -117.00    82.00
2023  04  25  21  54  00   202.00  -119.00    83.00
2023  04  25  21  55  00   212.00  -125.00    87.00
2023  04  25  21  56  00   221.00  -130.00    91.00
2023  04  25  21  57  00   219.00  -128.00    91.00
2023  04  25  21  58  00   219.00  -125.00    94.00
2023  04  25  21  59  00   217.00  -122.00    95.00
2023  04  25  22  00  00   205.00  -115.00    90.00
2023  04  25  22  01  00   186.00  -101.00    85.00
2023  04  25  22  02  00   187.00  -103.00    84.00
2023  04  25  22  03  00   190.00  -103.00    87.00
2023  04  25  22  04  00   193.00  -104.00    89.00
2023  04  25  22  05  00   197.00  -105.00    92.00
2023  04  25  22  06  00   202.00  -107.00    95.00
2023  04  25  22  07  00   208.00  -109.00    99.00
2023  04  25  22  08  00   210.00  -112.00    98.00
2023  04  25  22  09  00   210.00  -112.00    98.00
2023  04  25  22  10  00   210.00  -114.00    96.00
2023  04  25  22  11  00   210.00  -113.00    97.00
2023  04  25  22  12  00   215.00  -116.00    99.00
2023  04  25  22  13  00   216.00  -116.00   100.00
2023  04  25  22  14  00   215.00  -115.00   100.00
2023  04  25  22  15  00   215.00  -113.00   102.00
2023  04  25  22  16  00   214.00  -114.00   100.00
2023  04  25  22  17  00   213.00  -111.00   102.00
2023  04  25  22  18  00   216.00  -111.00   105.00
2023  04  25  22  19  00   213.00  -109.00   104.00
2023  04  25  22  20  00   230.00  -129.00   101.00
2023  04  25  22  21  00   240.00  -139.00   101.00
2023  04  25  22  22  00   225.00  -121.00   104.00
2023  04  25  22  23  00   241.00  -132.00   109.00
2023  04  25  22  24  00   257.00  -145.00   112.00
2023  04  25  22  25  00   256.00  -141.00   115.00
2023  04  25  22  26  00   265.00  -146.00   119.00
2023  04  25  22  27  00   294.00  -171.00   123.00
2023  04  25  22  28  00   289.00  -161.00   128.00
2023  04  25  22  29  00   296.00  -164.00   132.00
2023  04  25  22  30  00   304.00  -170.00   134.00
2023  04  25  22  31  00   317.00  -184.00   133.00
2023  04  25  22  32  00   332.00  -199.00   133.00
2023  04  25  22  33  00   362.00  -228.00   134.00
2023  04  25  22  34  00   381.00  -250.00   131.00
2023  04  25  22  35  00   409.00  -274.00   135.00
2023  04  25  22  36  00   409.00  -271.00   138.00
2023  04  25  22  37  00   411.00  -270.00   141.00
2023  04  25  22  38  00   426.00  -285.00   141.00
2023  04  25  22  39  00   427.00  -285.00   142.00
2023  04  25  22  40  00   367.00  -224.00   143.00
2023  04  25  22  41  00   372.00  -229.00   143.00
2023  04  25  22  42  00   382.00  -238.00   144.00
2023  04  25  22  43  00   395.00  -247.00   148.00
2023  04  25  22  44  00   388.00  -238.00   150.00
2023  04  25  22  45  00   390.00  -239.00   151.00
2023  04  25  22  46  00   383.00  -231.00   152.00
2023  04  25  22  47  00   367.00  -216.00   151.00
2023  04  25  22  48  00   350.00  -201.00   149.00
2023  04  25  22  49  00   356.00  -206.00   150.00
2023  04  25  22  50  00   356.00  -205.00   151.00
2023  04  25  22  51  00   349.00  -204.00   145.00
2023  04  25  22  52  00   333.00  -195.00   138.00
2023  04  25  22  53  00   343.00  -205.00   138.00
2023  04  25  22  54  00   351.00  -212.00   139.00
2023  04  25  22  55  00   360.00  -212.00   148.00
2023  04  25  22  56  00   385.00  -227.00   158.00
2023  04  25  22  57  00   404.00  -239.00   165.00
2023  04  25  22  58  00   411.00  -243.00   168.00
2023  04  25  22  59  00   416.00  -248.00   168.00
2023  04  25  23  00  00   430.00  -260.00   170.00
2023  04  25  23  01  00   434.00  -259.00   175.00
2023  04  25  23  02  00   436.00  -262.00   174.00
2023  04  25  23  03  00   440.00  -263.00   177.00
2023  04  25  23  04  00   426.00  -247.00   179.00
2023  04  25  23  05  00   425.00  -246.00   179.00
2023  04  25  23  06  00   418.00  -240.00   178.00
2023  04  25  23  15  00   440.00  -276.00   164.00
2023  04  25  23  16  00   456.00  -292.00   164.00
2023  04  25  23  17  00   480.00  -317.00   163.00
2023  04  25  23  18  00   485.00  -322.00   163.00
2023  04  25  23  19  00   510.00  -342.00   168.00
2023  04  25  23  20  00   535.00  -367.00   168.00
2023  04  25  23  21  00   532.00  -359.00   173.00
2023  04  25  23  22  00   537.00  -366.00   171.00
2023  04  25  23  23  00   521.00  -354.00   167.00
2023  04  25  23  24  00   509.00  -344.00   165.00
2023  04  25  23  25  00   521.00  -358.00   163.00
2023  04  25  23  26  00   514.00  -355.00   159.00
2023  04  25  23  27  00   522.00  -363.00   159.00
2023  04  25  23  28  00   523.00  -360.00   163.00
2023  04  25  23  29  00   525.00  -357.00   168.00
2023  04  25  23  30  00   514.00  -343.00   171.00
2023  04  25  23  31  00   490.00  -325.00   165.00
2023  04  25  23  32  00   472.00  -312.00   160.00
2023  04  25  23  33  00   459.00  -297.00   162.00
2023  04  25  23  34  00   459.00  -303.00   156.00
2023  04  25  23  35  00   454.00  -303.00   151.00
2023  04  25  23  36  00   475.00  -317.00   158.00
2023  04  25  23  37  00   490.00  -322.00   168.00
2023  04  25  23  38  00   493.00  -322.00   171.00
2023  04  25  23  39  00   494.00  -329.00   165.00
2023  04  25  23  40  00   514.00  -344.00   170.00
2023  04  25  23  41  00   499.00  -333.00   166.00
2023  04  25  23  42  00   513.00  -348.00   165.00
2023  04  25  23  43  00   520.00  -358.00   162.00
2023  04  25  23  44  00   513.00  -355.00   158.00
2023  04  25  23  45  00   492.00  -342.00   150.00
2023  04  25  23  46  00   474.00  -327.00   147.00
2023  04  25  23  47  00   452.00  -306.00   146.00
2023  04  25  23  48  00   443.00  -294.00   149.00
2023  04  25  23  49  00   426.00  -279.00   147.00
2023  04  25  23  50  00   404.00  -263.00   141.00
2023  04  25  23  51  00   400.00  -258.00   142.00
2023  04  25  23  52  00   395.00  -255.00   140.00
2023  04  25  23  53  00   401.00  -264.00   137.00
2023  04  25  23  54  00   384.00  -250.00   134.00
2023  04  25  23  55  00   387.00  -254.00   133.00
2023  04  25  23  56  00   369.00  -243.00   126.00
2023  04  25  23  57  00   356.00  -234.00   122.00
2023  04  25  23  58  00   352.00  -232.00   120.00
2023  04  25  23  59  00   355.00  -233.00   122.00
2023  04  26  00  00  00   350.00  -225.00   125.00
2023  04  26  00  01  00   355.00  -230.00   125.00
2023  04  26  00  02  00   357.00  -227.00   130.00
2023  04  26  00  03  00   359.00  -228.00   131.00
2023  04  26  00  04  00   360.00  -230.00   130.00
2023  04  26  00  05  00   352.00  -220.00   132.00
2023  04  26  00  06  00   348.00  -214.00   134.00
2023  04  26  00  07  00   356.00  -219.00   137.00
2023  04  26  00  08  00   349.00  -212.00   137.00
2023  04  26  00  09  00   340.00  -204.00   136.00
2023  04  26  00  10  00   338.00  -198.00   140.00
2023  04  26  00  11  00   335.00  -196.00   139.00
2023  04  26  00  12  00   333.00  -192.00   141.00
2023  04  26  00  13  00   328.00  -188.00   140.00
2023  04  26  00  14  00   336.00  -194.00   142.00
2023  04  26  00  15  00   333.00  -193.00   140.00
2023  04  26  00  17  00   321.00  -185.00   136.00
2023  04  26  00  20  00   341.00  -196.00   145.00
2023  04  26  00  21  00   350.00  -198.00   152.00
2023  04  26  00  22  00   362.00  -202.00   160.00
2023  04  26  00  23  00   367.00  -202.00   165.00
2023  04  26  00  24  00   361.00  -198.00   163.00
2023  04  26  00  25  00   346.00  -190.00   156.00
2023  04  26  00  26  00   326.00  -175.00   151.00
2023  04  26  00  27  00   311.00  -160.00   151.00
2023  04  26  00  29  00   299.00  -156.00   143.00
2023  04  26  00  31  00   307.00  -168.00   139.00
2023  04  26  00  32  00   307.00  -174.00   133.00
2023  04  26  00  33  00   315.00  -185.00   130.00
2023  04  26  00  34  00   322.00  -190.00   132.00
2023  04  26  00  35  00   317.00  -188.00   129.00
2023  04  26  00  36  00   312.00  -184.00   128.00
2023  04  26  00  37  00   304.00  -174.00   130.00
2023  04  26  00  38  00   298.00  -170.00   128.00
2023  04  26  00  39  00   296.00  -170.00   126.00
2023  04  26  00  40  00   288.00  -164.00   124.00
2023  04  26  00  41  00   282.00  -155.00   127.00
2023  04  26  00  42  00   275.00  -144.00   131.00
2023  04  26  00  43  00   281.00  -145.00   136.00
2023  04  26  00  44  00   290.00  -151.00   139.00
2023  04  26  00  45  00   302.00  -163.00   139.00
2023  04  26  00  46  00   307.00  -170.00   137.00
2023  04  26  00  47  00   314.00  -179.00   135.00
2023  04  26  00  48  00   308.00  -174.00   134.00
2023  04  26  00  49  00   308.00  -176.00   132.00
2023  04  26  00  50  00   312.00  -182.00   130.00
2023  04  26  00  51  00   297.00  -170.00   127.00
2023  04  26  00  52  00   266.00  -142.00   124.00
2023  04  26  00  53  00   247.00  -131.00   116.00
2023  04  26  00  54  00   242.00  -133.00   109.00
2023  04  26  00  55  00   247.00  -141.00   106.00
2023  04  26  00  56  00   252.00  -141.00   111.00
2023  04  26  00  57  00   249.00  -135.00   114.00
2023  04  26  00  58  00   254.00  -135.00   119.00
2023  04  26  00  59  00   266.00  -146.00   120.00
2023  04  26  01  00  00   273.00  -156.00   117.00
2023  04  26  01  01  00   276.00  -160.00   116.00
2023  04  26  01  02  00   285.00  -166.00   119.00
2023  04  26  01  03  00   282.00  -162.00   120.00
2023  04  26  01  04  00   275.00  -151.00   124.00
2023  04  26  01  05  00   279.00  -150.00   129.00
2023  04  26  01  06  00   282.00  -147.00   135.00
2023  04  26  01  07  00   288.00  -149.00   139.00
2023  04  26  01  08  00   294.00  -156.00   138.00
2023  04  26  01  09  00   302.00  -167.00   135.00
2023  04  26  01  10  00   315.00  -179.00   136.00
2023  04  26  01  11  00   335.00  -192.00   143.00
2023  04  26  01  12  00   343.00  -192.00   151.00
2023  04  26  01  13  00   358.00  -194.00   164.00
2023  04  26  01  14  00   364.00  -199.00   165.00
2023  04  26  01  15  00   358.00  -203.00   155.00
2023  04  26  01  16  00   362.00  -214.00   148.00
2023  04  26  01  17  00   368.00  -223.00   145.00
2023  04  26  01  18  00   382.00  -228.00   154.00
2023  04  26  01  19  00   398.00  -233.00   165.00
2023  04  26  01  20  00   392.00  -216.00   176.00
2023  04  26  01  21  00   376.00  -201.00   175.00
2023  04  26  01  22  00   358.00  -187.00   171.00
2023  04  26  01  23  00   344.00  -181.00   163.00
2023  04  26  01  24  00   337.00  -179.00   158.00
2023  04  26  01  25  00   332.00  -173.00   159.00
2023  04  26  01  26  00   331.00  -175.00   156.00
2023  04  26  01  27  00   328.00  -171.00   157.00
2023  04  26  01  28  00   317.00  -163.00   154.00
2023  04  26  01  29  00   297.00  -153.00   144.00
2023  04  26  01  30  00   294.00  -154.00   140.00
2023  04  26  01  31  00   294.00  -152.00   142.00
2023  04  26  01  32  00   311.00  -164.00   147.00
2023  04  26  01  33  00   312.00  -159.00   153.00
2023  04  26  01  34  00   294.00  -142.00   152.00
2023  04  26  01  35  00   283.00  -136.00   147.00
2023  04  26  01  36  00   282.00  -138.00   144.00
2023  04  26  01  37  00   304.00  -153.00   151.00
2023  04  26  01  38  00   371.00  -143.00   228.00
2023  04  26  01  39  00   362.00  -130.00   232.00
2023  04  26  01  40  00   315.00  -129.00   186.00
2023  04  26  01  41  00   304.00  -134.00   170.00
2023  04  26  01  42  00   278.00  -144.00   134.00
2023  04  26  01  43  00   297.00  -148.00   149.00
2023  04  26  01  44  00   358.00  -198.00   160.00
2023  04  26  01  45  00   406.00  -251.00   155.00
2023  04  26  01  46  00   394.00  -245.00   149.00
2023  04  26  01  47  00   419.00  -267.00   152.00
2023  04  26  01  48  00   403.00  -248.00   155.00
2023  04  26  01  49  00   388.00  -231.00   157.00
2023  04  26  01  50  00   360.00  -199.00   161.00
2023  04  26  01  51  00   365.00  -200.00   165.00
2023  04  26  01  52  00   374.00  -208.00   166.00
2023  04  26  01  53  00   366.00  -201.00   165.00
2023  04  26  01  54  00   376.00  -201.00   175.00
2023  04  26  01  55  00   398.00  -219.00   179.00
2023  04  26  01  56  00   402.00  -229.00   173.00
2023  04  26  01  57  00   416.00  -255.00   161.00
2023  04  26  01  58  00   406.00  -255.00   151.00
2023  04  26  01  59  00   371.00  -228.00   143.00
2023  04  26  02  00  00   338.00  -204.00   134.00
2023  04  26  02  01  00   345.00  -208.00   137.00
2023  04  26  02  02  00   367.00  -219.00   148.00
2023  04  26  02  03  00   367.00  -218.00   149.00
2023  04  26  02  04  00   353.00  -210.00   143.00
2023  04  26  02  05  00   342.00  -213.00   129.00
2023  04  26  02  06  00   344.00  -220.00   124.00
2023  04  26  02  07  00   359.00  -233.00   126.00
2023  04  26  02  08  00   370.00  -237.00   133.00
2023  04  26  02  09  00   374.00  -242.00   132.00
2023  04  26  02  10  00   380.00  -251.00   129.00
2023  04  26  02  11  00   388.00  -257.00   131.00
2023  04  26  02  12  00   390.00  -263.00   127.00
2023  04  26  02  13  00   426.00  -286.00   140.00
2023  04  26  02  14  00   435.00  -278.00   157.00
2023  04  26  02  15  00   465.00  -283.00   182.00
2023  04  26  02  16  00   485.00  -285.00   200.00
2023  04  26  02  17  00   480.00  -277.00   203.00
2023  04  26  02  18  00   478.00  -268.00   210.00
2023  04  26  02  19  00   453.00  -250.00   203.00
2023  04  26  02  20  00   442.00  -245.00   197.00
2023  04  26  02  21  00   460.00  -254.00   206.00
2023  04  26  02  22  00   480.00  -257.00   223.00
2023  04  26  02  24  00   492.00  -259.00   233.00
2023  04  26  02  25  00   508.00  -273.00   235.00
2023  04  26  02  26  00   523.00  -296.00   227.00
2023  04  26  02  27  00   552.00  -329.00   223.00
2023  04  26  02  28  00   568.00  -355.00   213.00
2023  04  26  02  29  00   568.00  -361.00   207.00
2023  04  26  02  30  00   556.00  -351.00   205.00
2023  04  26  02  31  00   546.00  -341.00   205.00
2023  04  26  02  32  00   509.00  -299.00   210.00
2023  04  26  02  33  00   489.00  -283.00   206.00
2023  04  26  02  34  00   478.00  -280.00   198.00
2023  04  26  02  35  00   471.00  -266.00   205.00
2023  04  26  02  36  00   452.00  -250.00   202.00
2023  04  26  02  37  00   408.00  -232.00   176.00
2023  04  26  02  38  00   401.00  -238.00   163.00
2023  04  26  02  39  00   405.00  -237.00   168.00
2023  04  26  02  40  00   409.00  -242.00   167.00
2023  04  26  02  41  00   413.00  -245.00   168.00
2023  04  26  02  42  00   419.00  -250.00   169.00
2023  04  26  02  43  00   423.00  -245.00   178.00
2023  04  26  02  44  00   418.00  -237.00   181.00
2023  04  26  02  45  00   425.00  -242.00   183.00
2023  04  26  02  46  00   439.00  -258.00   181.00
2023  04  26  02  47  00   433.00  -257.00   176.00
2023  04  26  02  48  00   424.00  -251.00   173.00
2023  04  26  02  49  00   436.00  -259.00   177.00
2023  04  26  02  50  00   456.00  -269.00   187.00
2023  04  26  02  51  00   468.00  -269.00   199.00
2023  04  26  02  52  00   496.00  -286.00   210.00
2023  04  26  02  53  00   531.00  -313.00   218.00
2023  04  26  02  54  00   535.00  -333.00   202.00
2023  04  26  02  55  00   559.00  -353.00   206.00
2023  04  26  02  56  00   548.00  -343.00   205.00
2023  04  26  02  57  00   544.00  -336.00   208.00
2023  04  26  02  58  00   521.00  -321.00   200.00
2023  04  26  02  59  00   525.00  -337.00   188.00
2023  04  26  03  00  00   536.00  -354.00   182.00
2023  04  26  03  01  00   536.00  -360.00   176.00
2023  04  26  03  02  00   506.00  -345.00   161.00
2023  04  26  03  03  00   474.00  -326.00   148.00
2023  04  26  03  04  00   468.00  -331.00   137.00
2023  04  26  03  05  00   453.00  -323.00   130.00
2023  04  26  03  06  00   434.00  -312.00   122.00
2023  04  26  03  07  00   429.00  -318.00   111.00
2023  04  26  03  08  00   424.00  -321.00   103.00
2023  04  26  03  09  00   436.00  -329.00   107.00
2023  04  26  03  10  00   449.00  -344.00   105.00
2023  04  26  03  11  00   448.00  -358.00    90.00
2023  04  26  03  12  00   427.00  -369.00    58.00
2023  04  26  03  13  00   432.00  -387.00    45.00
2023  04  26  03  14  00   468.00  -420.00    48.00
2023  04  26  03  15  00   487.00  -415.00    72.00
2023  04  26  03  16  00   516.00  -430.00    86.00
2023  04  26  03  17  00   521.00  -437.00    84.00
2023  04  26  03  18  00   527.00  -443.00    84.00
2023  04  26  03  19  00   529.00  -449.00    80.00
2023  04  26  03  20  00   518.00  -445.00    73.00
2023  04  26  03  21  00   504.00  -437.00    67.00
2023  04  26  03  22  00   485.00  -424.00    61.00
2023  04  26  03  23  00   466.00  -406.00    60.00
2023  04  26  03  24  00   448.00  -390.00    58.00
2023  04  26  03  25  00   432.00  -374.00    58.00
2023  04  26  03  26  00   421.00  -361.00    60.00
2023  04  26  03  27  00   413.00  -353.00    60.00
2023  04  26  03  28  00   395.00  -335.00    60.00
2023  04  26  03  29  00   396.00  -333.00    63.00
2023  04  26  03  30  00   418.00  -352.00    66.00
2023  04  26  03  31  00   434.00  -357.00    77.00
2023  04  26  03  32  00   426.00  -343.00    83.00
2023  04  26  03  33  00   423.00  -330.00    93.00
2023  04  26  03  34  00   403.00  -315.00    88.00
2023  04  26  03  35  00   394.00  -314.00    80.00
2023  04  26  03  36  00   393.00  -301.00    92.00
2023  04  26  03  37  00   383.00  -287.00    96.00
2023  04  26  03  39  00   404.00  -297.00   107.00
2023  04  26  03  40  00   406.00  -298.00   108.00
2023  04  26  03  42  00   411.00  -302.00   109.00
2023  04  26  03  43  00   415.00  -308.00   107.00
2023  04  26  03  44  00   421.00  -320.00   101.00
2023  04  26  03  45  00   423.00  -333.00    90.00
2023  04  26  03  46  00   423.00  -342.00    81.00
2023  04  26  03  47  00   412.00  -335.00    77.00
2023  04  26  03  48  00   397.00  -315.00    82.00
2023  04  26  03  49  00   375.00  -289.00    86.00
2023  04  26  03  50  00   359.00  -277.00    82.00
2023  04  26  03  51  00   366.00  -289.00    77.00
2023  04  26  03  52  00   370.00  -291.00    79.00
2023  04  26  03  53  00   377.00  -295.00    82.00
2023  04  26  03  54  00   388.00  -305.00    83.00
2023  04  26  03  55  00   371.00  -297.00    74.00
2023  04  26  03  56  00   354.00  -285.00    69.00
2023  04  26  03  57  00   355.00  -279.00    76.00
2023  04  26  03  58  00   354.00  -269.00    85.00
2023  04  26  03  59  00   357.00  -264.00    93.00
2023  04  26  04  00  00   358.00  -261.00    97.00
2023  04  26  04  01  00   374.00  -272.00   102.00
2023  04  26  04  02  00   411.00  -303.00   108.00
2023  04  26  04  03  00   443.00  -327.00   116.00
2023  04  26  04  04  00   440.00  -317.00   123.00
2023  04  26  04  05  00   462.00  -330.00   132.00
2023  04  26  04  06  00   465.00  -324.00   141.00
2023  04  26  04  07  00   463.00  -316.00   147.00
2023  04  26  04  08  00   459.00  -301.00   158.00
2023  04  26  04  09  00   479.00  -306.00   173.00
2023  04  26  04  10  00   508.00  -323.00   185.00
2023  04  26  04  11  00   492.00  -301.00   191.00
2023  04  26  04  12  00   491.00  -288.00   203.00
2023  04  26  04  13  00   495.00  -289.00   206.00
2023  04  26  04  14  00   490.00  -283.00   207.00
2023  04  26  04  15  00   507.00  -285.00   222.00
2023  04  26  04  16  00   521.00  -297.00   224.00
2023  04  26  04  17  00   547.00  -325.00   222.00
2023  04  26  04  18  00   539.00  -318.00   221.00
2023  04  26  04  19  00   553.00  -314.00   239.00
2023  04  26  04  20  00   554.00  -299.00   255.00
2023  04  26  04  21  00   549.00  -295.00   254.00
2023  04  26  04  22  00   564.00  -279.00   285.00
2023  04  26  04  23  00   560.00  -285.00   275.00
2023  04  26  04  24  00   554.00  -293.00   261.00
2023  04  26  04  25  00   545.00  -289.00   256.00
2023  04  26  04  26  00   539.00  -282.00   257.00
2023  04  26  04  27  00   539.00  -286.00   253.00
2023  04  26  04  28  00   533.00  -288.00   245.00
2023  04  26  04  29  00   540.00  -300.00   240.00
2023  04  26  04  30  00   533.00  -308.00   225.00
2023  04  26  04  31  00   496.00  -293.00   203.00
2023  04  26  04  32  00   489.00  -300.00   189.00
2023  04  26  04  33  00   480.00  -310.00   170.00
2023  04  26  04  34  00   468.00  -319.00   149.00
2023  04  26  04  35  00   483.00  -324.00   159.00
2023  04  26  04  36  00   508.00  -324.00   184.00
2023  04  26  04  37  00   539.00  -342.00   197.00
2023  04  26  04  38  00   582.00  -365.00   217.00
2023  04  26  04  39  00   581.00  -364.00   217.00
2023  04  26  04  40  00   596.00  -384.00   212.00
2023  04  26  04  41  00   601.00  -383.00   218.00
2023  04  26  04  42  00   613.00  -393.00   220.00
2023  04  26  04  43  00   626.00  -390.00   236.00
2023  04  26  04  44  00   608.00  -367.00   241.00
2023  04  26  04  45  00   582.00  -349.00   233.00
2023  04  26  04  46  00   550.00  -323.00   227.00
2023  04  26  04  47  00   521.00  -296.00   225.00
2023  04  26  04  48  00   537.00  -303.00   234.00
2023  04  26  04  49  00   516.00  -290.00   226.00
2023  04  26  04  50  00   505.00  -274.00   231.00
2023  04  26  04  51  00   505.00  -270.00   235.00
2023  04  26  04  52  00   494.00  -265.00   229.00
2023  04  26  04  53  00   495.00  -272.00   223.00
2023  04  26  04  54  00   521.00  -287.00   234.00
2023  04  26  04  55  00   548.00  -296.00   252.00
2023  04  26  04  56  00   567.00  -309.00   258.00
2023  04  26  04  57  00   555.00  -305.00   250.00
2023  04  26  04  58  00   557.00  -306.00   251.00
2023  04  26  04  59  00   557.00  -302.00   255.00
2023  04  26  05  00  00   526.00  -290.00   236.00
2023  04  26  05  01  00   527.00  -293.00   234.00
2023  04  26  05  02  00   531.00  -302.00   229.00
2023  04  26  05  03  00   547.00  -315.00   232.00
2023  04  26  05  04  00   553.00  -319.00   234.00
2023  04  26  05  05  00   538.00  -312.00   226.00
2023  04  26  05  06  00   519.00  -299.00   220.00
2023  04  26  05  07  00   512.00  -289.00   223.00
2023  04  26  05  08  00   502.00  -289.00   213.00
2023  04  26  05  09  00   479.00  -288.00   191.00
2023  04  26  05  10  00   421.00  -245.00   176.00
2023  04  26  05  11  00   407.00  -224.00   183.00
2023  04  26  05  12  00   407.00  -222.00   185.00
2023  04  26  05  13  00   384.00  -215.00   169.00
2023  04  26  05  14  00   366.00  -212.00   154.00
2023  04  26  05  15  00   350.00  -205.00   145.00
2023  04  26  05  16  00   329.00  -196.00   133.00
2023  04  26  05  17  00   337.00  -189.00   148.00
2023  04  26  05  18  00   361.00  -189.00   172.00
2023  04  26  05  19  00   339.00  -187.00   152.00
2023  04  26  05  20  00   303.00  -180.00   123.00
2023  04  26  05  21  00   278.00  -172.00   106.00
2023  04  26  05  22  00   268.00  -162.00   106.00
2023  04  26  05  23  00   257.00  -155.00   102.00
2023  04  26  05  24  00   246.00  -153.00    93.00
2023  04  26  05  25  00   244.00  -151.00    93.00
2023  04  26  05  27  00   257.00  -145.00   112.00
2023  04  26  05  28  00   252.00  -141.00   111.00
2023  04  26  05  29  00   241.00  -138.00   103.00
2023  04  26  05  30  00   236.00  -136.00   100.00
2023  04  26  05  31  00   250.00  -142.00   108.00
2023  04  26  05  32  00   265.00  -145.00   120.00
2023  04  26  05  33  00   273.00  -142.00   131.00
2023  04  26  05  34  00   271.00  -137.00   134.00
2023  04  26  05  35  00   273.00  -137.00   136.00
2023  04  26  05  36  00   291.00  -136.00   155.00
2023  04  26  05  37  00   303.00  -138.00   165.00
2023  04  26  05  38  00   307.00  -138.00   169.00
2023  04  26  05  39  00   315.00  -137.00   178.00
2023  04  26  05  40  00   322.00  -128.00   194.00
2023  04  26  05  41  00   333.00  -128.00   205.00
2023  04  26  05  42  00   332.00  -131.00   201.00
2023  04  26  05  43  00   321.00  -131.00   190.00
2023  04  26  05  44  00   315.00  -135.00   180.00
2023  04  26  05  45  00   311.00  -134.00   177.00
2023  04  26  05  46  00   310.00  -133.00   177.00
2023  04  26  05  47  00   306.00  -129.00   177.00
2023  04  26  05  48  00   294.00  -122.00   172.00
2023  04  26  05  49  00   287.00  -114.00   173.00
2023  04  26  05  50  00   285.00  -117.00   168.00
2023  04  26  05  51  00   290.00  -121.00   169.00
2023  04  26  05  52  00   293.00  -120.00   173.00
2023  04  26  05  53  00   302.00  -112.00   190.00
2023  04  26  05  54  00   301.00  -115.00   186.00
2023  04  26  05  55  00   283.00  -112.00   171.00
2023  04  26  05  56  00   265.00  -107.00   158.00
2023  04  26  05  57  00   259.00  -102.00   157.00
2023  04  26  05  58  00   242.00   -98.00   144.00
2023  04  26  05  59  00   240.00   -95.00   145.00
2023  04  26  06  00  00   243.00   -90.00   153.00
2023  04  26  06  01  00   236.00   -91.00   145.00
2023  04  26  06  02  00   210.00   -81.00   129.00
2023  04  26  06  03  00   192.00   -76.00   116.00
2023  04  26  06  04  00   202.00   -80.00   122.00
2023  04  26  06  05  00   209.00   -79.00   130.00
2023  04  26  06  06  00   207.00   -77.00   130.00
2023  04  26  06  07  00   213.00   -77.00   136.00
2023  04  26  06  08  00   210.00   -67.00   143.00
2023  04  26  06  09  00   213.00   -72.00   141.00
2023  04  26  06  10  00   206.00   -82.00   124.00
2023  04  26  06  11  00   208.00   -89.00   119.00
2023  04  26  06  12  00   191.00   -82.00   109.00
2023  04  26  06  13  00   188.00   -79.00   109.00
2023  04  26  06  14  00   183.00   -71.00   112.00
2023  04  26  06  15  00   175.00   -64.00   111.00
2023  04  26  06  16  00   188.00   -66.00   122.00
2023  04  26  06  17  00   197.00   -70.00   127.00
2023  04  26  06  18  00   206.00   -74.00   132.00
2023  04  26  06  19  00   207.00   -79.00   128.00
2023  04  26  06  25  00   176.00   -51.00   125.00
2023  04  26  06  26  00   173.00   -53.00   120.00
2023  04  26  06  27  00   162.00   -49.00   113.00
2023  04  26  06  28  00   163.00   -49.00   114.00
2023  04  26  06  29  00   166.00   -53.00   113.00
2023  04  26  06  30  00   169.00   -56.00   113.00
2023  04  26  06  31  00   168.00   -57.00   111.00
2023  04  26  06  32  00   173.00   -63.00   110.00
2023  04  26  06  33  00   172.00   -68.00   104.00
2023  04  26  06  34  00   167.00   -62.00   105.00
2023  04  26  06  35  00   155.00   -47.00   108.00
2023  04  26  06  36  00   162.00   -42.00   120.00
2023  04  26  06  37  00   149.00   -46.00   103.00
2023  04  26  06  38  00   148.00   -39.00   109.00
2023  04  26  06  39  00   153.00   -40.00   113.00
2023  04  26  06  40  00   165.00   -44.00   121.00
2023  04  26  06  41  00   162.00   -45.00   117.00
2023  04  26  06  42  00   146.00   -45.00   101.00
2023  04  26  06  43  00   153.00   -49.00   104.00
2023  04  26  06  44  00   160.00   -49.00   111.00
2023  04  26  06  45  00   158.00   -52.00   106.00
2023  04  26  06  46  00   158.00   -55.00   103.00
2023  04  26  06  47  00   157.00   -53.00   104.00
2023  04  26  06  48  00   149.00   -48.00   101.00
2023  04  26  06  49  00   139.00   -43.00    96.00
2023  04  26  06  50  00   178.00   -86.00    92.00
2023  04  26  06  51  00   182.00   -87.00    95.00
2023  04  26  06  52  00   187.00   -90.00    97.00
2023  04  26  06  53  00   194.00   -95.00    99.00
2023  04  26  06  54  00   180.00   -90.00    90.00
2023  04  26  06  55  00   164.00   -84.00    80.00
2023  04  26  06  56  00   145.00   -68.00    77.00
2023  04  26  06  57  00   139.00   -63.00    76.00
2023  04  26  06  58  00   133.00   -61.00    72.00
2023  04  26  06  59  00   127.00   -53.00    74.00
2023  04  26  07  00  00   128.00   -56.00    72.00
2023  04  26  07  01  00   132.00   -60.00    72.00
2023  04  26  07  02  00   137.00   -64.00    73.00
2023  04  26  07  03  00   127.00   -58.00    69.00
2023  04  26  07  04  00   123.00   -56.00    67.00
2023  04  26  07  05  00   126.00   -58.00    68.00
2023  04  26  07  06  00   129.00   -60.00    69.00
2023  04  26  07  07  00   130.00   -62.00    68.00
2023  04  26  07  09  00   112.00   -58.00    54.00
2023  04  26  07  10  00   108.00   -59.00    49.00
2023  04  26  07  11  00   109.00   -61.00    48.00
2023  04  26  07  12  00   113.00   -64.00    49.00
2023  04  26  07  13  00   108.00   -61.00    47.00
2023  04  26  07  14  00   108.00   -64.00    44.00
2023  04  26  07  15  00   119.00   -76.00    43.00
2023  04  26  07  16  00   124.00   -81.00    43.00
2023  04  26  07  17  00   118.00   -78.00    40.00
2023  04  26  07  18  00   115.00   -77.00    38.00
2023  04  26  07  19  00   111.00   -77.00    34.00
2023  04  26  07  20  00   108.00   -71.00    37.00
2023  04  26  07  21  00   112.00   -72.00    40.00
2023  04  26  07  22  00   109.00   -70.00    39.00
2023  04  26  07  23  00   103.00   -66.00    37.00
2023  04  26  07  24  00   101.00   -65.00    36.00
2023  04  26  07  25  00    96.00   -57.00    39.00
2023  04  26  07  26  00    87.00   -47.00    40.00
2023  04  26  07  27  00    83.00   -38.00    45.00
2023  04  26  07  28  00    82.00   -36.00    46.00
2023  04  26  07  29  00    94.00   -42.00    52.00
2023  04  26  07  30  00   104.00   -49.00    55.00
2023  04  26  07  31  00   110.00   -52.00    58.00
2023  04  26  07  32  00   111.00   -51.00    60.00
2023  04  26  07  33  00   117.00   -49.00    68.00
2023  04  26  07  34  00   120.00   -48.00    72.00
2023  04  26  07  35  00   118.00   -48.00    70.00
2023  04  26  07  36  00   103.00   -38.00    65.00
2023  04  26  07  37  00    87.00   -30.00    57.00
2023  04  26  07  38  00    74.00   -23.00    51.00
2023  04  26  07  39  00    92.00   -38.00    54.00
2023  04  26  07  40  00    96.00   -34.00    62.00
2023  04  26  07  41  00    95.00   -24.00    71.00
2023  04  26  07  42  00   102.00   -30.00    72.00
2023  04  26  07  43  00    95.00   -22.00    73.00
2023  04  26  07  44  00    92.00   -20.00    72.00
2023  04  26  07  45  00   129.00   -57.00    72.00
2023  04  26  07  46  00   111.00   -43.00    68.00
2023  04  26  07  47  00    90.00   -30.00    60.00
2023  04  26  07  48  00    93.00   -36.00    57.00
2023  04  26  07  49  00    87.00   -35.00    52.00
2023  04  26  07  50  00    86.00   -32.00    54.00
2023  04  26  07  51  00    97.00   -41.00    56.00
2023  04  26  07  52  00   102.00   -49.00    53.00
2023  04  26  07  53  00    86.00   -35.00    51.00
2023  04  26  07  54  00    67.00   -20.00    47.00
2023  04  26  07  55  00    67.00   -24.00    43.00
2023  04  26  07  56  00    70.00   -26.00    44.00
2023  04  26  07  57  00    70.00   -25.00    45.00
2023  04  26  07  58  00    60.00   -14.00    46.00
2023  04  26  07  59  00    67.00   -22.00    45.00
2023  04  26  08  00  00    86.00   -45.00    41.00
2023  04  26  08  01  00   137.00   -92.00    45.00
2023  04  26  08  02  00   167.00  -106.00    61.00
2023  04  26  08  03  00   212.00  -141.00    71.00
2023  04  26  08  04  00   238.00  -167.00    71.00
2023  04  26  08  05  00   226.00  -162.00    64.00
2023  04  26  08  06  00   203.00  -134.00    69.00
2023  04  26  08  07  00   180.00   -98.00    82.00
2023  04  26  08  08  00   146.00   -57.00    89.00
2023  04  26  08  09  00   144.00   -52.00    92.00
2023  04  26  08  10  00   157.00   -66.00    91.00
2023  04  26  08  11  00   171.00   -78.00    93.00
2023  04  26  08  12  00   143.00   -50.00    93.00
2023  04  26  08  13  00   164.00   -71.00    93.00
2023  04  26  08  14  00   179.00   -91.00    88.00
2023  04  26  08  15  00   186.00   -99.00    87.00
2023  04  26  08  16  00   205.00  -116.00    89.00
2023  04  26  08  17  00   214.00  -123.00    91.00
2023  04  26  08  18  00   219.00  -126.00    93.00
2023  04  26  08  19  00   220.00  -128.00    92.00
2023  04  26  08  20  00   225.00  -144.00    81.00
2023  04  26  08  21  00   233.00  -151.00    82.00
2023  04  26  08  22  00   234.00  -150.00    84.00
2023  04  26  08  23  00   224.00  -146.00    78.00
2023  04  26  08  24  00   203.00  -127.00    76.00
2023  04  26  08  25  00   212.00  -134.00    78.00
2023  04  26  08  26  00   157.00   -71.00    86.00
2023  04  26  08  27  00   182.00   -94.00    88.00
2023  04  26  08  28  00   186.00  -102.00    84.00
2023  04  26  08  29  00   156.00   -76.00    80.00
2023  04  26  08  30  00   165.00   -83.00    82.00
2023  04  26  08  34  00   160.00   -92.00    68.00
2023  04  26  08  35  00   152.00   -82.00    70.00
2023  04  26  08  36  00   143.00   -70.00    73.00
2023  04  26  08  37  00   137.00   -61.00    76.00
2023  04  26  08  38  00   140.00   -64.00    76.00
2023  04  26  08  39  00   143.00   -67.00    76.00
2023  04  26  08  41  00   140.00   -66.00    74.00
2023  04  26  08  43  00   132.00   -60.00    72.00
2023  04  26  08  45  00   147.00   -75.00    72.00
2023  04  26  08  48  00   158.00   -94.00    64.00
2023  04  26  08  50  00   154.00   -91.00    63.00
2023  04  26  08  51  00   176.00  -112.00    64.00
2023  04  26  08  52  00   180.00  -117.00    63.00
2023  04  26  08  53  00   205.00  -132.00    73.00
2023  04  26  08  55  00   162.00   -85.00    77.00
2023  04  26  08  56  00   187.00  -106.00    81.00
2023  04  26  08  57  00   196.00  -118.00    78.00
2023  04  26  08  58  00   200.00  -126.00    74.00
2023  04  26  08  59  00   211.00  -138.00    73.00
2023  04  26  09  00  00   215.00  -144.00    71.00
2023  04  26  09  01  00   214.00  -138.00    76.00
2023  04  26  09  02  00   245.00  -151.00    94.00
2023  04  26  09  03  00   254.00  -157.00    97.00
2023  04  26  09  04  00   251.00  -154.00    97.00
2023  04  26  09  05  00   246.00  -147.00    99.00
2023  04  26  09  06  00   258.00  -158.00   100.00
2023  04  26  09  07  00   256.00  -156.00   100.00
2023  04  26  09  09  00   265.00  -159.00   106.00
2023  04  26  09  10  00   277.00  -161.00   116.00
2023  04  26  09  11  00   283.00  -158.00   125.00
2023  04  26  09  12  00   281.00  -151.00   130.00
2023  04  26  09  13  00   269.00  -142.00   127.00
2023  04  26  09  14  00   260.00  -136.00   124.00
2023  04  26  09  15  00   258.00  -132.00   126.00
2023  04  26  09  16  00   253.00  -130.00   123.00
2023  04  26  09  17  00   262.00  -144.00   118.00
2023  04  26  09  18  00   271.00  -147.00   124.00
2023  04  26  09  19  00   279.00  -144.00   135.00
2023  04  26  09  20  00   267.00  -139.00   128.00
2023  04  26  09  21  00   267.00  -146.00   121.00
2023  04  26  09  22  00   270.00  -152.00   118.00
2023  04  26  09  23  00   270.00  -150.00   120.00
2023  04  26  09  24  00   284.00  -154.00   130.00
2023  04  26  09  25  00   289.00  -154.00   135.00
2023  04  26  09  26  00   295.00  -154.00   141.00
2023  04  26  09  27  00   287.00  -153.00   134.00
2023  04  26  09  28  00   281.00  -150.00   131.00
2023  04  26  09  29  00   288.00  -151.00   137.00
2023  04  26  09  30  00   287.00  -152.00   135.00
2023  04  26  09  31  00   273.00  -145.00   128.00
2023  04  26  09  32  00   263.00  -136.00   127.00
2023  04  26  09  33  00   262.00  -134.00   128.00
2023  04  26  09  34  00   260.00  -131.00   129.00
2023  04  26  09  35  00   245.00  -118.00   127.00
2023  04  26  09  36  00   240.00  -117.00   123.00
2023  04  26  09  37  00   262.00  -143.00   119.00
2023  04  26  09  38  00   282.00  -165.00   117.00
2023  04  26  09  39  00   239.00  -122.00   117.00
2023  04  26  09  40  00   235.00  -119.00   116.00
2023  04  26  09  41  00   228.00  -118.00   110.00
2023  04  26  09  42  00   263.00  -157.00   106.00
2023  04  26  09  43  00   289.00  -187.00   102.00
2023  04  26  09  44  00   267.00  -168.00    99.00
2023  04  26  09  45  00   239.00  -149.00    90.00
2023  04  26  09  46  00   200.00  -124.00    76.00
2023  04  26  09  47  00   174.00   -99.00    75.00
2023  04  26  09  48  00   149.00   -73.00    76.00
2023  04  26  09  49  00   152.00   -79.00    73.00
2023  04  26  09  50  00   143.00   -73.00    70.00
2023  04  26  09  51  00   127.00   -60.00    67.00
2023  04  26  09  52  00   114.00   -50.00    64.00
2023  04  26  09  53  00   130.00   -66.00    64.00
2023  04  26  09  54  00   142.00   -82.00    60.00
2023  04  26  09  55  00   107.00   -51.00    56.00
2023  04  26  09  56  00   104.00   -53.00    51.00
2023  04  26  09  57  00    95.00   -49.00    46.00
2023  04  26  09  58  00    83.00   -39.00    44.00
2023  04  26  09  59  00    82.00   -40.00    42.00
2023  04  26  10  00  00   101.00   -56.00    45.00
2023  04  26  10  01  00    99.00   -56.00    43.00
2023  04  26  10  02  00    78.00   -37.00    41.00
2023  04  26  10  03  00   103.00   -61.00    42.00
2023  04  26  10  04  00    88.00   -42.00    46.00
2023  04  26  10  05  00    85.00   -41.00    44.00
2023  04  26  10  06  00    82.00   -39.00    43.00
2023  04  26  10  07  00    88.00   -41.00    47.00
2023  04  26  10  08  00    89.00   -42.00    47.00
2023  04  26  10  09  00    92.00   -45.00    47.00
2023  04  26  10  10  00   108.00   -52.00    56.00
2023  04  26  10  11  00   114.00   -51.00    63.00
2023  04  26  10  12  00   121.00   -53.00    68.00
2023  04  26  10  13  00   125.00   -53.00    72.00
2023  04  26  10  14  00   118.00   -45.00    73.00
2023  04  26  10  15  00   125.00   -51.00    74.00
2023  04  26  10  16  00   138.00   -59.00    79.00
2023  04  26  10  17  00   157.00   -57.00   100.00
2023  04  26  10  18  00   165.00   -52.00   113.00
2023  04  26  10  19  00   160.00   -65.00    95.00
2023  04  26  10  20  00   173.00   -79.00    94.00
2023  04  26  10  21  00   209.00   -93.00   116.00
2023  04  26  10  22  00   239.00   -95.00   144.00
2023  04  26  10  23  00   253.00  -102.00   151.00
2023  04  26  10  24  00   236.00   -93.00   143.00
2023  04  26  10  25  00   210.00   -83.00   127.00
2023  04  26  10  26  00   210.00   -85.00   125.00
2023  04  26  10  27  00   228.00   -90.00   138.00
2023  04  26  10  28  00   264.00   -94.00   170.00
2023  04  26  10  29  00   280.00   -99.00   181.00
2023  04  26  10  30  00   291.00  -107.00   184.00
2023  04  26  10  31  00   262.00  -107.00   155.00
2023  04  26  10  32  00   238.00   -97.00   141.00
2023  04  26  10  33  00   229.00   -87.00   142.00
2023  04  26  10  34  00   234.00   -84.00   150.00
2023  04  26  10  35  00   222.00   -84.00   138.00
2023  04  26  10  36  00   206.00   -78.00   128.00
2023  04  26  10  37  00   195.00   -74.00   121.00
2023  04  26  10  38  00   185.00   -63.00   122.00
2023  04  26  10  39  00   187.00   -63.00   124.00
2023  04  26  10  40  00   192.00   -67.00   125.00
2023  04  26  10  41  00   212.00   -87.00   125.00
2023  04  26  10  42  00   222.00   -99.00   123.00
2023  04  26  10  43  00   214.00   -93.00   121.00
2023  04  26  10  44  00   218.00  -100.00   118.00
2023  04  26  10  45  00   223.00  -106.00   117.00
2023  04  26  10  46  00   233.00  -117.00   116.00
2023  04  26  10  47  00   219.00  -105.00   114.00
2023  04  26  10  48  00   198.00   -83.00   115.00
2023  04  26  10  49  00   363.00  -244.00   119.00
2023  04  26  10  50  00   370.00  -248.00   122.00
2023  04  26  10  51  00   392.00  -260.00   132.00
2023  04  26  10  52  00   402.00  -265.00   137.00
2023  04  26  10  53  00   392.00  -258.00   134.00
2023  04  26  10  54  00   377.00  -243.00   134.00
2023  04  26  10  55  00   350.00  -220.00   130.00
2023  04  26  10  56  00   305.00  -178.00   127.00
2023  04  26  10  57  00   262.00  -136.00   126.00
2023  04  26  10  58  00   253.00  -130.00   123.00
2023  04  26  10  59  00   267.00  -134.00   133.00
2023  04  26  11  00  00   277.00  -141.00   136.00
2023  04  26  11  01  00   281.00  -144.00   137.00
2023  04  26  11  02  00   276.00  -142.00   134.00
2023  04  26  11  03  00   267.00  -145.00   122.00
2023  04  26  11  04  00   291.00  -170.00   121.00
2023  04  26  11  05  00   313.00  -190.00   123.00
2023  04  26  11  06  00   345.00  -205.00   140.00
2023  04  26  11  07  00   441.00  -281.00   160.00
2023  04  26  11  08  00   447.00  -292.00   155.00
2023  04  26  11  09  00   351.00  -213.00   138.00
2023  04  26  11  10  00   346.00  -222.00   124.00
2023  04  26  11  11  00   385.00  -266.00   119.00
2023  04  26  11  12  00   400.00  -283.00   117.00
2023  04  26  11  13  00   405.00  -290.00   115.00
2023  04  26  11  14  00   412.00  -302.00   110.00
2023  04  26  11  15  00   412.00  -301.00   111.00
2023  04  26  11  16  00   407.00  -299.00   108.00
2023  04  26  11  17  00   427.00  -319.00   108.00
2023  04  26  11  18  00   436.00  -317.00   119.00
2023  04  26  11  19  00   447.00  -330.00   117.00
2023  04  26  11  20  00   445.00  -333.00   112.00
2023  04  26  11  21  00   428.00  -314.00   114.00
2023  04  26  11  22  00   385.00  -277.00   108.00
2023  04  26  11  23  00   375.00  -271.00   104.00
2023  04  26  11  24  00   363.00  -264.00    99.00
2023  04  26  11  25  00   339.00  -248.00    91.00
2023  04  26  11  26  00   323.00  -234.00    89.00
2023  04  26  11  27  00   302.00  -217.00    85.00
2023  04  26  11  28  00   295.00  -208.00    87.00
2023  04  26  11  29  00   310.00  -209.00   101.00
2023  04  26  11  30  00   300.00  -205.00    95.00
2023  04  26  11  31  00   281.00  -193.00    88.00
2023  04  26  11  32  00   278.00  -183.00    95.00
2023  04  26  11  33  00   281.00  -172.00   109.00
2023  04  26  11  34  00   307.00  -181.00   126.00
2023  04  26  11  35  00   324.00  -194.00   130.00
2023  04  26  11  36  00   338.00  -210.00   128.00
2023  04  26  11  37  00   339.00  -214.00   125.00
2023  04  26  11  38  00   356.00  -213.00   143.00
2023  04  26  11  39  00   354.00  -207.00   147.00
2023  04  26  11  40  00   351.00  -205.00   146.00
2023  04  26  11  41  00   373.00  -217.00   156.00
2023  04  26  11  42  00   394.00  -236.00   158.00
2023  04  26  11  43  00   410.00  -252.00   158.00
2023  04  26  11  44  00   434.00  -270.00   164.00
2023  04  26  11  45  00   449.00  -274.00   175.00
2023  04  26  11  46  00   447.00  -266.00   181.00
2023  04  26  11  47  00   434.00  -266.00   168.00
2023  04  26  11  48  00   440.00  -272.00   168.00
2023  04  26  11  49  00   449.00  -278.00   171.00
2023  04  26  11  50  00   461.00  -291.00   170.00
2023  04  26  11  51  00   474.00  -306.00   168.00
2023  04  26  11  52  00   482.00  -317.00   165.00
2023  04  26  11  53  00   491.00  -326.00   165.00
2023  04  26  11  54  00   505.00  -336.00   169.00
2023  04  26  11  55  00   516.00  -343.00   173.00
2023  04  26  11  57  00   509.00  -332.00   177.00
2023  04  26  11  59  00   400.00  -259.00   141.00
2023  04  26  12  01  00   384.00  -276.00   108.00
2023  04  26  12  03  00   418.00  -294.00   124.00
2023  04  26  12  05  00   436.00  -296.00   140.00
2023  04  26  12  06  00   446.00  -300.00   146.00
2023  04  26  12  07  00   445.00  -283.00   162.00
2023  04  26  12  08  00   461.00  -283.00   178.00
2023  04  26  12  09  00   486.00  -310.00   176.00
2023  04  26  12  10  00   560.00  -399.00   161.00
2023  04  26  12  11  00   636.00  -479.00   157.00
2023  04  26  12  12  00   711.00  -544.00   167.00
2023  04  26  12  13  00   760.00  -565.00   195.00
2023  04  26  12  14  00   765.00  -571.00   194.00
2023  04  26  12  15  00   757.00  -571.00   186.00
2023  04  26  12  16  00   782.00  -605.00   177.00
2023  04  26  12  17  00   802.00  -616.00   186.00
2023  04  26  12  18  00   865.00  -673.00   192.00
2023  04  26  12  19  00   872.00  -679.00   193.00
2023  04  26  12  20  00   868.00  -682.00   186.00
2023  04  26  12  21  00   941.00  -744.00   197.00
2023  04  26  12  22  00   967.00  -749.00   218.00
2023  04  26  12  23  00   990.00  -746.00   244.00
2023  04  26  12  24  00   976.00  -719.00   257.00
2023  04  26  12  25  00   976.00  -704.00   272.00
2023  04  26  12  26  00   962.00  -689.00   273.00
2023  04  26  12  27  00   942.00  -671.00   271.00
2023  04  26  12  28  00   908.00  -643.00   265.00
2023  04  26  12  29  00   891.00  -625.00   266.00
2023  04  26  12  30  00   867.00  -604.00   263.00
2023  04  26  12  31  00   851.00  -599.00   252.00
2023  04  26  12  32  00   830.00  -595.00   235.00
2023  04  26  12  33  00   875.00  -642.00   233.00
2023  04  26  12  34  00   874.00  -648.00   226.00
2023  04  26  12  35  00   861.00  -643.00   218.00
2023  04  26  12  36  00   821.00  -616.00   205.00
2023  04  26  12  37  00   784.00  -587.00   197.00
2023  04  26  12  38  00   756.00  -564.00   192.00
2023  04  26  12  39  00   728.00  -534.00   194.00
2023  04  26  12  40  00   712.00  -521.00   191.00
2023  04  26  12  41  00   722.00  -541.00   181.00
2023  04  26  12  42  00   698.00  -521.00   177.00
2023  04  26  12  43  00   694.00  -517.00   177.00
2023  04  26  12  44  00   676.00  -502.00   174.00
2023  04  26  12  45  00   667.00  -491.00   176.00
2023  04  26  12  46  00   657.00  -482.00   175.00
2023  04  26  12  47  00   628.00  -462.00   166.00
2023  04  26  12  48  00   600.00  -440.00   160.00
2023  04  26  12  49  00   595.00  -435.00   160.00
2023  04  26  12  50  00   559.00  -408.00   151.00
2023  04  26  12  51  00   540.00  -395.00   145.00
2023  04  26  12  52  00   570.00  -396.00   174.00
2023  04  26  12  53  00   550.00  -381.00   169.00
2023  04  26  12  54  00   581.00  -398.00   183.00
2023  04  26  12  55  00   557.00  -391.00   166.00
2023  04  26  12  56  00   499.00  -356.00   143.00
2023  04  26  12  57  00   477.00  -351.00   126.00
2023  04  26  12  58  00   478.00  -354.00   124.00
2023  04  26  12  59  00   449.00  -322.00   127.00
2023  04  26  13  00  00   441.00  -314.00   127.00
2023  04  26  13  01  00   459.00  -325.00   134.00
2023  04  26  13  02  00   458.00  -322.00   136.00
2023  04  26  13  03  00   465.00  -325.00   140.00
2023  04  26  13  04  00   437.00  -295.00   142.00
2023  04  26  13  05  00   417.00  -280.00   137.00
2023  04  26  13  06  00   426.00  -294.00   132.00
2023  04  26  13  07  00   446.00  -307.00   139.00
2023  04  26  13  08  00   441.00  -300.00   141.00
2023  04  26  13  09  00   421.00  -280.00   141.00
2023  04  26  13  10  00   405.00  -263.00   142.00
2023  04  26  13  11  00   401.00  -259.00   142.00
2023  04  26  13  12  00   407.00  -272.00   135.00
2023  04  26  13  13  00   400.00  -273.00   127.00
2023  04  26  13  14  00   400.00  -282.00   118.00
2023  04  26  13  15  00   408.00  -298.00   110.00
2023  04  26  13  16  00   401.00  -301.00   100.00
2023  04  26  13  17  00   387.00  -299.00    88.00
2023  04  26  13  18  00   396.00  -312.00    84.00
2023  04  26  13  19  00   418.00  -319.00    99.00
2023  04  26  13  20  00   433.00  -325.00   108.00
2023  04  26  13  21  00   447.00  -343.00   104.00
2023  04  26  13  22  00   417.00  -322.00    95.00
2023  04  26  13  23  00   405.00  -313.00    92.00
2023  04  26  13  24  00   398.00  -306.00    92.00
2023  04  26  13  25  00   397.00  -309.00    88.00
2023  04  26  13  26  00   397.00  -312.00    85.00
2023  04  26  13  27  00   393.00  -309.00    84.00
2023  04  26  13  28  00   391.00  -305.00    86.00
2023  04  26  13  29  00   384.00  -303.00    81.00
2023  04  26  13  30  00   378.00  -301.00    77.00
2023  04  26  13  31  00   379.00  -301.00    78.00
2023  04  26  13  32  00   379.00  -299.00    80.00
2023  04  26  13  33  00   392.00  -314.00    78.00
2023  04  26  13  34  00   380.00  -306.00    74.00
2023  04  26  13  35  00   360.00  -295.00    65.00
2023  04  26  13  36  00   339.00  -285.00    54.00
2023  04  26  13  37  00   321.00  -271.00    50.00
2023  04  26  13  38  00   313.00  -264.00    49.00
2023  04  26  13  39  00   309.00  -261.00    48.00
2023  04  26  13  40  00   314.00  -266.00    48.00
2023  04  26  13  41  00   325.00  -273.00    52.00
2023  04  26  13  42  00   339.00  -279.00    60.00
2023  04  26  13  43  00   338.00  -276.00    62.00
2023  04  26  13  44  00   332.00  -274.00    58.00
2023  04  26  13  45  00   329.00  -271.00    58.00
2023  04  26  13  46  00   322.00  -264.00    58.00
2023  04  26  13  47  00   317.00  -262.00    55.00
2023  04  26  13  48  00   317.00  -262.00    55.00
2023  04  26  13  49  00   320.00  -263.00    57.00
2023  04  26  13  50  00   310.00  -256.00    54.00
2023  04  26  13  51  00   293.00  -244.00    49.00
2023  04  26  13  52  00   291.00  -239.00    52.00
2023  04  26  13  53  00   299.00  -245.00    54.00
2023  04  26  13  54  00   294.00  -240.00    54.00
2023  04  26  13  55  00   285.00  -232.00    53.00
2023  04  26  13  56  00   287.00  -234.00    53.00
2023  04  26  13  57  00   290.00  -236.00    54.00
2023  04  26  13  58  00   281.00  -230.00    51.00
2023  04  26  13  59  00   268.00  -219.00    49.00
2023  04  26  14  00  00   263.00  -209.00    54.00
2023  04  26  14  01  00   244.00  -195.00    49.00
2023  04  26  14  02  00   232.00  -183.00    49.00
2023  04  26  14  03  00   250.00  -195.00    55.00
2023  04  26  14  04  00   260.00  -207.00    53.00
2023  04  26  14  05  00   272.00  -219.00    53.00
2023  04  26  14  06  00   265.00  -208.00    57.00
2023  04  26  14  07  00   251.00  -192.00    59.00
2023  04  26  14  08  00   248.00  -190.00    58.00
2023  04  26  14  09  00   247.00  -184.00    63.00
2023  04  26  14  10  00   222.00  -161.00    61.00
2023  04  26  14  11  00   204.00  -145.00    59.00
2023  04  26  14  12  00   204.00  -152.00    52.00
2023  04  26  14  13  00   195.00  -145.00    50.00
2023  04  26  14  14  00   209.00  -146.00    63.00
2023  04  26  14  15  00   215.00  -148.00    67.00
2023  04  26  14  16  00   208.00  -136.00    72.00
2023  04  26  14  17  00   214.00  -139.00    75.00
2023  04  26  14  18  00   219.00  -149.00    70.00
2023  04  26  14  19  00   211.00  -152.00    59.00
2023  04  26  14  20  00   218.00  -165.00    53.00
2023  04  26  14  21  00   230.00  -172.00    58.00
2023  04  26  14  22  00   225.00  -160.00    65.00
2023  04  26  14  23  00   224.00  -150.00    74.00
2023  04  26  14  24  00   259.00  -177.00    82.00
2023  04  26  14  25  00   268.00  -190.00    78.00
2023  04  26  14  26  00   225.00  -162.00    63.00
2023  04  26  14  27  00   201.00  -144.00    57.00
2023  04  26  14  28  00   190.00  -138.00    52.00
2023  04  26  14  29  00   174.00  -125.00    49.00
2023  04  26  14  30  00   163.00  -115.00    48.00
2023  04  26  14  31  00   168.00  -120.00    48.00
2023  04  26  14  33  00   173.00  -123.00    50.00
2023  04  26  14  34  00   179.00  -129.00    50.00
2023  04  26  14  35  00   179.00  -132.00    47.00
2023  04  26  14  36  00   176.00  -130.00    46.00
2023  04  26  14  37  00   174.00  -128.00    46.00
2023  04  26  14  38  00   177.00  -134.00    43.00
2023  04  26  14  39  00   177.00  -138.00    39.00
2023  04  26  14  40  00   164.00  -128.00    36.00
2023  04  26  14  41  00   168.00  -134.00    34.00
2023  04  26  14  42  00   165.00  -133.00    32.00
2023  04  26  14  43  00   145.00  -113.00    32.00
2023  04  26  14  44  00   140.00  -106.00    34.00
2023  04  26  14  45  00   148.00  -111.00    37.00
2023  04  26  14  46  00   160.00  -122.00    38.00
2023  04  26  14  47  00   156.00  -116.00    40.00
2023  04  26  14  48  00   148.00  -105.00    43.00
2023  04  26  14  49  00   146.00  -101.00    45.00
2023  04  26  14  50  00   147.00  -101.00    46.00
2023  04  26  14  51  00   131.00   -83.00    48.00
2023  04  26  14  52  00   120.00   -72.00    48.00
2023  04  26  14  53  00   149.00   -98.00    51.00
2023  04  26  14  54  00   177.00  -124.00    53.00
2023  04  26  14  55  00   156.00  -104.00    52.00
2023  04  26  14  56  00   115.00   -63.00    52.00
2023  04  26  14  57  00   109.00   -55.00    54.00
2023  04  26  14  58  00   124.00   -69.00    55.00
2023  04  26  14  59  00   158.00   -98.00    60.00
2023  04  26  15  00  00   159.00   -87.00    72.00
2023  04  26  15  01  00   152.00   -73.00    79.00
2023  04  26  15  02  00   139.00   -65.00    74.00
2023  04  26  15  03  00   135.00   -62.00    73.00
2023  04  26  15  04  00   139.00   -66.00    73.00
2023  04  26  15  05  00   135.00   -64.00    71.00
2023  04  26  15  06  00   122.00   -46.00    76.00
2023  04  26  15  07  00   129.00   -47.00    82.00
2023  04  26  15  08  00   134.00   -52.00    82.00
2023  04  26  15  09  00   140.00   -63.00    77.00
2023  04  26  15  10  00   148.00   -73.00    75.00
2023  04  26  15  11  00   155.00   -76.00    79.00
2023  04  26  15  12  00   153.00   -69.00    84.00
2023  04  26  15  13  00   144.00   -55.00    89.00
2023  04  26  15  14  00   147.00   -60.00    87.00
2023  04  26  15  15  00   149.00   -57.00    92.00
2023  04  26  15  16  00   134.00   -42.00    92.00
2023  04  26  15  17  00   131.00   -45.00    86.00
2023  04  26  15  18  00   132.00   -52.00    80.00
2023  04  26  15  19  00   145.00   -55.00    90.00
2023  04  26  15  20  00   170.00   -86.00    84.00
2023  04  26  15  21  00   175.00   -97.00    78.00
2023  04  26  15  22  00   149.00   -76.00    73.00
2023  04  26  15  23  00   154.00   -66.00    88.00
2023  04  26  15  25  00   119.00   -39.00    80.00
2023  04  26  15  27  00   140.00   -29.00   111.00
2023  04  26  15  28  00   135.00   -28.00   107.00
2023  04  26  15  30  00   112.00   -29.00    83.00
2023  04  26  15  33  00   131.00   -66.00    65.00
2023  04  26  15  35  00    82.00   -27.00    55.00
2023  04  26  15  37  00    81.00   -25.00    56.00
2023  04  26  15  38  00    85.00   -26.00    59.00
2023  04  26  15  40  00    99.00   -25.00    74.00
2023  04  26  15  42  00   100.00   -35.00    65.00
2023  04  26  15  44  00   115.00   -64.00    51.00
2023  04  26  15  46  00   136.00   -83.00    53.00
2023  04  26  15  47  00   140.00   -91.00    49.00
2023  04  26  15  48  00   146.00   -97.00    49.00
2023  04  26  15  49  00   153.00  -100.00    53.00
2023  04  26  15  50  00   155.00   -98.00    57.00
2023  04  26  15  51  00   153.00   -96.00    57.00
2023  04  26  15  52  00   155.00   -98.00    57.00
2023  04  26  15  53  00   154.00  -100.00    54.00
2023  04  26  15  54  00   159.00  -104.00    55.00
2023  04  26  15  55  00   167.00  -114.00    53.00
2023  04  26  15  56  00   170.00  -120.00    50.00
2023  04  26  15  57  00   168.00  -117.00    51.00
2023  04  26  15  58  00   165.00  -114.00    51.00
2023  04  26  15  59  00   167.00  -119.00    48.00
2023  04  26  16  00  00   170.00  -122.00    48.00
2023  04  26  16  01  00   164.00  -113.00    51.00
2023  04  26  16  02  00   146.00   -92.00    54.00
2023  04  26  16  03  00   130.00   -72.00    58.00
2023  04  26  16  04  00   115.00   -55.00    60.00
2023  04  26  16  05  00   108.00   -49.00    59.00
2023  04  26  16  06  00   104.00   -49.00    55.00
2023  04  26  16  07  00   113.00   -52.00    61.00
2023  04  26  16  08  00   120.00   -55.00    65.00
2023  04  26  16  09  00   116.00   -53.00    63.00
2023  04  26  16  10  00   116.00   -53.00    63.00
2023  04  26  16  11  00   124.00   -57.00    67.00
2023  04  26  16  12  00   126.00   -56.00    70.00
2023  04  26  16  13  00   132.00   -57.00    75.00
2023  04  26  16  14  00   139.00   -57.00    82.00
2023  04  26  16  15  00   135.00   -55.00    80.00
2023  04  26  16  16  00   133.00   -55.00    78.00
2023  04  26  16  17  00   141.00   -57.00    84.00
2023  04  26  16  18  00   155.00   -67.00    88.00
2023  04  26  16  19  00   166.00   -72.00    94.00
2023  04  26  16  20  00   183.00   -82.00   101.00
2023  04  26  16  21  00   188.00   -83.00   105.00
2023  04  26  16  22  00   189.00   -80.00   109.00
2023  04  26  16  23  00   190.00   -78.00   112.00
2023  04  26  16  24  00   197.00   -85.00   112.00
2023  04  26  16  25  00   207.00   -94.00   113.00
2023  04  26  16  26  00   211.00   -97.00   114.00
2023  04  26  16  27  00   209.00   -95.00   114.00
2023  04  26  16  28  00   205.00   -96.00   109.00
2023  04  26  16  29  00   194.00   -94.00   100.00
2023  04  26  16  30  00   195.00   -99.00    96.00
2023  04  26  16  31  00   199.00  -105.00    94.00
2023  04  26  16  32  00   196.00  -105.00    91.00
2023  04  26  16  33  00   199.00  -111.00    88.00
2023  04  26  16  34  00   203.00  -119.00    84.00
2023  04  26  16  35  00   208.00  -127.00    81.00
2023  04  26  16  36  00   214.00  -134.00    80.00
2023  04  26  16  37  00   222.00  -142.00    80.00
2023  04  26  16  38  00   224.00  -146.00    78.00
2023  04  26  16  39  00   223.00  -149.00    74.00
2023  04  26  16  40  00   231.00  -158.00    73.00
2023  04  26  16  41  00   243.00  -169.00    74.00
2023  04  26  16  42  00   246.00  -173.00    73.00
2023  04  26  16  43  00   248.00  -176.00    72.00
2023  04  26  16  44  00   254.00  -178.00    76.00
2023  04  26  16  45  00   259.00  -180.00    79.00
2023  04  26  16  46  00   323.00  -246.00    77.00
2023  04  26  16  47  00   340.00  -266.00    74.00
2023  04  26  16  48  00   369.00  -296.00    73.00
2023  04  26  16  49  00   455.00  -382.00    73.00
2023  04  26  16  50  00   416.00  -341.00    75.00
2023  04  26  16  51  00   448.00  -365.00    83.00
2023  04  26  16  52  00   575.00  -491.00    84.00
2023  04  26  16  53  00   545.00  -448.00    97.00
2023  04  26  16  54  00   485.00  -371.00   114.00
2023  04  26  16  55  00   468.00  -353.00   115.00
2023  04  26  16  56  00   406.00  -291.00   115.00
2023  04  26  16  57  00   362.00  -241.00   121.00
2023  04  26  16  58  00   357.00  -241.00   116.00
2023  04  26  16  59  00   376.00  -259.00   117.00
2023  04  26  17  00  00   399.00  -271.00   128.00
2023  04  26  17  01  00   416.00  -281.00   135.00
2023  04  26  17  02  00   413.00  -276.00   137.00
2023  04  26  17  03  00   402.00  -271.00   131.00
2023  04  26  17  05  00   427.00  -296.00   131.00
2023  04  26  17  06  00   425.00  -292.00   133.00
2023  04  26  17  08  00   615.00  -497.00   118.00
2023  04  26  17  10  00   562.00  -457.00   105.00
2023  04  26  17  11  00   669.00  -566.00   103.00
2023  04  26  17  12  00   580.00  -482.00    98.00
2023  04  26  17  13  00   700.00  -602.00    98.00
2023  04  26  17  14  00   523.00  -430.00    93.00
2023  04  26  17  15  00   407.00  -299.00   108.00
2023  04  26  17  16  00   391.00  -265.00   126.00
2023  04  26  17  17  00   421.00  -286.00   135.00
2023  04  26  17  18  00   455.00  -333.00   122.00
2023  04  26  17  19  00   563.00  -466.00    97.00
2023  04  26  17  20  00   555.00  -462.00    93.00
2023  04  26  17  21  00   601.00  -508.00    93.00
2023  04  26  17  22  00   578.00  -486.00    92.00
2023  04  26  17  23  00   530.00  -431.00    99.00
2023  04  26  17  24  00   547.00  -450.00    97.00
2023  04  26  17  25  00   525.00  -435.00    90.00
2023  04  26  17  26  00   454.00  -368.00    86.00
2023  04  26  17  27  00   366.00  -274.00    92.00
2023  04  26  17  28  00   383.00  -283.00   100.00
2023  04  26  17  29  00   392.00  -290.00   102.00
2023  04  26  17  30  00   415.00  -308.00   107.00
2023  04  26  17  31  00   428.00  -311.00   117.00
2023  04  26  17  32  00   436.00  -311.00   125.00
2023  04  26  17  33  00   465.00  -340.00   125.00
2023  04  26  17  34  00   526.00  -406.00   120.00
2023  04  26  17  35  00   558.00  -435.00   123.00
2023  04  26  17  36  00   540.00  -417.00   123.00
2023  04  26  17  37  00   497.00  -371.00   126.00
2023  04  26  17  39  00   510.00  -379.00   131.00
2023  04  26  17  40  00   546.00  -418.00   128.00
2023  04  26  17  41  00   589.00  -463.00   126.00
2023  04  26  17  42  00   567.00  -440.00   127.00
2023  04  26  17  43  00   577.00  -450.00   127.00
2023  04  26  17  44  00   630.00  -510.00   120.00
2023  04  26  17  45  00   645.00  -524.00   121.00
2023  04  26  17  46  00   631.00  -504.00   127.00
2023  04  26  17  47  00   646.00  -513.00   133.00
2023  04  26  17  48  00   641.00  -503.00   138.00
2023  04  26  17  49  00   668.00  -525.00   143.00
2023  04  26  17  50  00   648.00  -502.00   146.00
2023  04  26  17  51  00   650.00  -502.00   148.00
2023  04  26  17  52  00   649.00  -502.00   147.00
2023  04  26  17  53  00   626.00  -478.00   148.00
2023  04  26  17  54  00   591.00  -442.00   149.00
2023  04  26  17  55  00   644.00  -495.00   149.00
2023  04  26  17  56  00   666.00  -517.00   149.00
2023  04  26  17  57  00   669.00  -517.00   152.00
2023  04  26  17  58  00   637.00  -487.00   150.00
2023  04  26  17  59  00   672.00  -524.00   148.00
2023  04  26  18  00  00   696.00  -544.00   152.00
2023  04  26  18  01  00   718.00  -561.00   157.00
2023  04  26  18  02  00   736.00  -577.00   159.00
2023  04  26  18  03  00   711.00  -555.00   156.00
2023  04  26  18  04  00   714.00  -558.00   156.00
2023  04  26  18  05  00   691.00  -534.00   157.00
2023  04  26  18  06  00   687.00  -529.00   158.00
2023  04  26  18  08  00   732.00  -572.00   160.00
2023  04  26  18  09  00   732.00  -574.00   158.00
2023  04  26  18  10  00   741.00  -579.00   162.00
2023  04  26  18  11  00   747.00  -579.00   168.00
2023  04  26  18  12  00   771.00  -600.00   171.00
2023  04  26  18  13  00   800.00  -629.00   171.00
2023  04  26  18  14  00   838.00  -666.00   172.00
2023  04  26  18  15  00   805.00  -629.00   176.00
2023  04  26  18  16  00   708.00  -537.00   171.00
2023  04  26  18  17  00   702.00  -534.00   168.00
2023  04  26  18  18  00   703.00  -533.00   170.00
2023  04  26  18  19  00   626.00  -458.00   168.00
2023  04  26  18  20  00   604.00  -441.00   163.00
2023  04  26  18  21  00   618.00  -461.00   157.00
2023  04  26  18  22  00   537.00  -386.00   151.00
2023  04  26  18  23  00   538.00  -399.00   139.00
2023  04  26  18  24  00   527.00  -401.00   126.00
2023  04  26  18  25  00   486.00  -365.00   121.00
2023  04  26  18  26  00   424.00  -304.00   120.00
2023  04  26  18  27  00   377.00  -259.00   118.00
2023  04  26  18  28  00   386.00  -263.00   123.00
2023  04  26  18  29  00   394.00  -271.00   123.00
2023  04  26  18  30  00   395.00  -271.00   124.00
2023  04  26  18  31  00   527.00  -390.00   137.00
2023  04  26  18  32  00   487.00  -347.00   140.00
2023  04  26  18  33  00   416.00  -279.00   137.00
2023  04  26  18  34  00   498.00  -354.00   144.00
2023  04  26  18  35  00   628.00  -474.00   154.00
2023  04  26  18  36  00   624.00  -466.00   158.00
2023  04  26  18  37  00   600.00  -448.00   152.00
2023  04  26  18  38  00   601.00  -450.00   151.00
2023  04  26  18  39  00   638.00  -483.00   155.00
2023  04  26  18  40  00   668.00  -514.00   154.00
2023  04  26  18  41  00   578.00  -424.00   154.00
2023  04  26  18  42  00   611.00  -458.00   153.00
2023  04  26  18  43  00   697.00  -544.00   153.00
2023  04  26  18  44  00   683.00  -527.00   156.00
2023  04  26  18  45  00   731.00  -575.00   156.00
2023  04  26  18  46  00   787.00  -628.00   159.00
2023  04  26  18  47  00   787.00  -615.00   172.00
2023  04  26  18  48  00   763.00  -590.00   173.00
2023  04  26  18  49  00   714.00  -540.00   174.00
2023  04  26  18  50  00   684.00  -511.00   173.00
2023  04  26  18  51  00   648.00  -476.00   172.00
2023  04  26  18  52  00   619.00  -450.00   169.00
2023  04  26  18  53  00   640.00  -471.00   169.00
2023  04  26  18  54  00   625.00  -461.00   164.00
2023  04  26  18  55  00   582.00  -425.00   157.00
2023  04  26  18  56  00   523.00  -369.00   154.00
2023  04  26  18  57  00   500.00  -343.00   157.00
2023  04  26  18  58  00   516.00  -360.00   156.00
2023  04  26  18  59  00   501.00  -343.00   158.00
2023  04  26  19  00  00   460.00  -301.00   159.00
2023  04  26  19  01  00   498.00  -340.00   158.00
2023  04  26  19  02  00   588.00  -432.00   156.00
2023  04  26  19  03  00   580.00  -420.00   160.00
2023  04  26  19  04  00   616.00  -433.00   183.00
2023  04  26  19  05  00   713.00  -508.00   205.00
2023  04  26  19  06  00   705.00  -510.00   195.00
2023  04  26  19  07  00   694.00  -525.00   169.00
2023  04  26  19  08  00   666.00  -509.00   157.00
2023  04  26  19  09  00   600.00  -442.00   158.00
2023  04  26  19  10  00   534.00  -374.00   160.00
2023  04  26  19  11  00   526.00  -360.00   166.00
2023  04  26  19  12  00   544.00  -376.00   168.00
2023  04  26  19  13  00   572.00  -397.00   175.00
2023  04  26  19  14  00   620.00  -448.00   172.00
2023  04  26  19  15  00   622.00  -456.00   166.00
2023  04  26  19  16  00   596.00  -429.00   167.00
2023  04  26  19  17  00   511.00  -343.00   168.00
2023  04  26  19  18  00   482.00  -314.00   168.00
2023  04  26  19  19  00   464.00  -299.00   165.00
2023  04  26  19  20  00   444.00  -279.00   165.00
2023  04  26  19  21  00   471.00  -304.00   167.00
2023  04  26  19  22  00   504.00  -339.00   165.00
2023  04  26  19  23  00   523.00  -362.00   161.00
2023  04  26  19  24  00   521.00  -357.00   164.00
2023  04  26  19  25  00   503.00  -346.00   157.00
2023  04  26  19  26  00   450.00  -310.00   140.00
2023  04  26  19  27  00   393.00  -261.00   132.00
2023  04  26  19  28  00   366.00  -239.00   127.00
2023  04  26  19  29  00   361.00  -239.00   122.00
2023  04  26  19  30  00   358.00  -237.00   121.00
2023  04  26  19  31  00   360.00  -233.00   127.00
2023  04  26  19  32  00   341.00  -218.00   123.00
2023  04  26  19  33  00   320.00  -205.00   115.00
2023  04  26  19  34  00   307.00  -197.00   110.00
2023  04  26  19  35  00   281.00  -175.00   106.00
2023  04  26  19  36  00   263.00  -162.00   101.00
2023  04  26  19  37  00   266.00  -167.00    99.00
2023  04  26  19  38  00   281.00  -179.00   102.00
2023  04  26  19  39  00   274.00  -171.00   103.00
2023  04  26  19  40  00   270.00  -171.00    99.00
2023  04  26  19  41  00   257.00  -165.00    92.00
2023  04  26  19  42  00   256.00  -168.00    88.00
2023  04  26  19  43  00   250.00  -166.00    84.00
2023  04  26  19  44  00   248.00  -167.00    81.00
2023  04  26  19  45  00   245.00  -163.00    82.00
2023  04  26  19  46  00   242.00  -160.00    82.00
2023  04  26  19  47  00   244.00  -164.00    80.00
2023  04  26  19  48  00   250.00  -168.00    82.00
2023  04  26  19  49  00   260.00  -171.00    89.00
2023  04  26  19  50  00   267.00  -171.00    96.00
2023  04  26  19  51  00   276.00  -172.00   104.00
2023  04  26  19  52  00   289.00  -186.00   103.00
2023  04  26  19  53  00   298.00  -188.00   110.00
2023  04  26  19  54  00   309.00  -180.00   129.00
2023  04  26  19  55  00   322.00  -187.00   135.00
2023  04  26  19  56  00   326.00  -195.00   131.00
2023  04  26  19  57  00   332.00  -196.00   136.00
2023  04  26  19  58  00   355.00  -208.00   147.00
2023  04  26  19  59  00   382.00  -233.00   149.00
2023  04  26  20  00  00   383.00  -231.00   152.00
2023  04  26  20  01  00   413.00  -257.00   156.00
2023  04  26  20  02  00   425.00  -265.00   160.00
2023  04  26  20  03  00   444.00  -280.00   164.00
2023  04  26  20  04  00   437.00  -269.00   168.00
2023  04  26  20  05  00   400.00  -234.00   166.00
2023  04  26  20  06  00   386.00  -224.00   162.00
2023  04  26  20  07  00   392.00  -229.00   163.00
2023  04  26  20  08  00   398.00  -233.00   165.00
2023  04  26  20  09  00   405.00  -239.00   166.00
2023  04  26  20  10  00   422.00  -251.00   171.00
2023  04  26  20  11  00   439.00  -263.00   176.00
2023  04  26  20  12  00   458.00  -280.00   178.00
2023  04  26  20  13  00   486.00  -305.00   181.00
2023  04  26  20  14  00   475.00  -300.00   175.00
2023  04  26  20  15  00   465.00  -293.00   172.00
2023  04  26  20  16  00   456.00  -285.00   171.00
2023  04  26  20  17  00   452.00  -286.00   166.00
2023  04  26  20  18  00   443.00  -278.00   165.00
2023  04  26  20  19  00   427.00  -261.00   166.00
2023  04  26  20  20  00   432.00  -262.00   170.00
2023  04  26  20  22  00   406.00  -237.00   169.00
2023  04  26  20  24  00   381.00  -213.00   168.00
2023  04  26  20  26  00   404.00  -239.00   165.00
2023  04  26  20  27  00   365.00  -206.00   159.00
2023  04  26  20  28  00   327.00  -171.00   156.00
2023  04  26  20  29  00   315.00  -158.00   157.00
2023  04  26  20  30  00   326.00  -170.00   156.00
2023  04  26  20  31  00   323.00  -174.00   149.00
2023  04  26  20  32  00   336.00  -187.00   149.00
2023  04  26  20  33  00   341.00  -190.00   151.00
2023  04  26  20  34  00   308.00  -158.00   150.00
2023  04  26  20  35  00   299.00  -155.00   144.00
2023  04  26  20  36  00   295.00  -151.00   144.00
2023  04  26  20  37  00   302.00  -155.00   147.00
2023  04  26  20  38  00   300.00  -156.00   144.00
2023  04  26  20  39  00   291.00  -155.00   136.00
2023  04  26  20  40  00   293.00  -159.00   134.00
2023  04  26  20  41  00   304.00  -175.00   129.00
2023  04  26  20  42  00   299.00  -178.00   121.00
2023  04  26  20  43  00   275.00  -161.00   114.00
2023  04  26  20  44  00   253.00  -144.00   109.00
2023  04  26  20  45  00   243.00  -137.00   106.00
2023  04  26  20  46  00   236.00  -133.00   103.00
2023  04  26  20  47  00   225.00  -122.00   103.00
2023  04  26  20  48  00   217.00  -113.00   104.00
2023  04  26  20  49  00   209.00  -109.00   100.00
2023  04  26  20  50  00   196.00  -105.00    91.00
2023  04  26  20  51  00   182.00   -92.00    90.00
2023  04  26  20  52  00   179.00   -83.00    96.00
2023  04  26  20  53  00   179.00   -81.00    98.00
2023  04  26  20  54  00   178.00   -82.00    96.00
2023  04  26  20  55  00   179.00   -77.00   102.00
2023  04  26  20  56  00   181.00   -72.00   109.00
2023  04  26  20  57  00   165.00   -74.00    91.00
2023  04  26  20  58  00   181.00   -89.00    92.00
2023  04  26  20  59  00   198.00   -98.00   100.00
2023  04  26  21  00  00   201.00   -98.00   103.00
2023  04  26  21  01  00   193.00  -100.00    93.00
2023  04  26  21  02  00   189.00  -106.00    83.00
2023  04  26  21  03  00   195.00  -107.00    88.00
2023  04  26  21  04  00   194.00  -107.00    87.00
2023  04  26  21  05  00   193.00  -106.00    87.00
2023  04  26  21  06  00   194.00  -101.00    93.00
2023  04  26  21  07  00   173.00   -93.00    80.00
2023  04  26  21  08  00   166.00   -87.00    79.00
2023  04  26  21  09  00   159.00   -80.00    79.00
2023  04  26  21  10  00   133.00   -73.00    60.00
2023  04  26  21  11  00   134.00   -66.00    68.00
2023  04  26  21  12  00   149.00   -64.00    85.00
2023  04  26  21  13  00   121.00   -62.00    59.00
2023  04  26  21  14  00   125.00   -59.00    66.00
2023  04  26  21  15  00   135.00   -60.00    75.00
2023  04  26  21  16  00   144.00   -59.00    85.00
2023  04  26  21  17  00   122.00   -62.00    60.00
2023  04  26  21  18  00   127.00   -65.00    62.00
2023  04  26  21  19  00   125.00   -65.00    60.00
2023  04  26  21  20  00   118.00   -62.00    56.00
2023  04  26  21  21  00   116.00   -60.00    56.00
2023  04  26  21  22  00   121.00   -61.00    60.00
2023  04  26  21  23  00   124.00   -61.00    63.00
2023  04  26  21  24  00   123.00   -61.00    62.00
2023  04  26  21  25  00   129.00   -67.00    62.00
2023  04  26  21  26  00   134.00   -69.00    65.00
2023  04  26  21  27  00   122.00   -59.00    63.00
2023  04  26  21  28  00   109.00   -51.00    58.00
2023  04  26  21  29  00   108.00   -53.00    55.00
2023  04  26  21  30  00   107.00   -52.00    55.00
2023  04  26  21  31  00   140.00   -85.00    55.00
2023  04  26  21  32  00   174.00  -114.00    60.00
2023  04  26  21  33  00   171.00  -116.00    55.00
2023  04  26  21  34  00   165.00  -110.00    55.00
2023  04  26  21  35  00   156.00   -98.00    58.00
2023  04  26  21  36  00   181.00  -118.00    63.00
2023  04  26  21  37  00   175.00  -114.00    61.00
2023  04  26  21  39  00   205.00  -105.00   100.00
2023  04  26  21  40  00   166.00  -108.00    58.00
2023  04  26  21  41  00   204.00  -142.00    62.00
2023  04  26  21  42  00   210.00  -150.00    60.00
2023  04  26  21  43  00   173.00  -117.00    56.00
2023  04  26  21  44  00   197.00  -112.00    85.00
2023  04  26  21  45  00   243.00  -128.00   115.00
2023  04  26  21  46  00   197.00  -120.00    77.00
2023  04  26  21  47  00   174.00  -116.00    58.00
2023  04  26  21  48  00   194.00  -131.00    63.00
2023  04  26  21  49  00   194.00  -131.00    63.00
2023  04  26  21  50  00   194.00  -133.00    61.00
2023  04  26  21  51  00   191.00  -131.00    60.00
2023  04  26  21  52  00   188.00  -126.00    62.00
2023  04  26  21  53  00   208.00  -143.00    65.00
2023  04  26  21  54  00   218.00  -151.00    67.00
2023  04  26  21  56  00   201.00  -140.00    61.00
2023  04  26  21  57  00   186.00  -132.00    54.00
2023  04  26  21  58  00   184.00  -134.00    50.00
2023  04  26  21  59  00   184.00  -133.00    51.00
2023  04  26  22  00  00   200.00  -135.00    65.00
2023  04  26  22  01  00   194.00  -140.00    54.00
2023  04  26  22  02  00   190.00  -134.00    56.00
2023  04  26  22  03  00   190.00  -133.00    57.00
2023  04  26  22  04  00   190.00  -131.00    59.00
2023  04  26  22  05  00   193.00  -130.00    63.00
2023  04  26  22  06  00   196.00  -133.00    63.00
2023  04  26  22  07  00   200.00  -141.00    59.00
2023  04  26  22  08  00   200.00  -146.00    54.00
2023  04  26  22  09  00   197.00  -145.00    52.00
2023  04  26  22  10  00   191.00  -138.00    53.00
2023  04  26  22  11  00   190.00  -135.00    55.00
2023  04  26  22  12  00   197.00  -139.00    58.00
2023  04  26  22  13  00   199.00  -139.00    60.00
2023  04  26  22  14  00   198.00  -133.00    65.00
2023  04  26  22  15  00   197.00  -130.00    67.00
2023  04  26  22  16  00   201.00  -131.00    70.00
2023  04  26  22  17  00   204.00  -132.00    72.00
2023  04  26  22  18  00   198.00  -129.00    69.00
2023  04  26  22  19  00   195.00  -128.00    67.00
2023  04  26  22  20  00   196.00  -126.00    70.00
2023  04  26  22  21  00   198.00  -124.00    74.00
2023  04  26  22  22  00   199.00  -123.00    76.00
2023  04  26  22  23  00   201.00  -125.00    76.00
2023  04  26  22  24  00   200.00  -127.00    73.00
2023  04  26  22  25  00   195.00  -123.00    72.00
2023  04  26  22  26  00   191.00  -119.00    72.00
2023  04  26  22  27  00   198.00  -122.00    76.00
2023  04  26  22  28  00   218.00  -139.00    79.00
2023  04  26  22  29  00   212.00  -129.00    83.00
2023  04  26  22  30  00   177.00   -97.00    80.00
2023  04  26  22  31  00   159.00   -89.00    70.00
2023  04  26  22  32  00   157.00   -91.00    66.00
2023  04  26  22  33  00   153.00   -88.00    65.00
2023  04  26  22  34  00   157.00   -92.00    65.00
2023  04  26  22  35  00   159.00   -93.00    66.00
2023  04  26  22  36  00   160.00   -92.00    68.00
2023  04  26  22  37  00   149.00   -79.00    70.00
2023  04  26  22  38  00   141.00   -71.00    70.00
2023  04  26  22  39  00   144.00   -76.00    68.00
2023  04  26  22  40  00   147.00   -76.00    71.00
2023  04  26  22  41  00   134.00   -63.00    71.00
2023  04  26  22  42  00   136.00   -62.00    74.00
2023  04  26  22  43  00   152.00   -77.00    75.00
2023  04  26  22  44  00   171.00   -99.00    72.00
2023  04  26  22  45  00   172.00  -104.00    68.00
2023  04  26  22  46  00   179.00  -113.00    66.00
2023  04  26  22  47  00   179.00  -117.00    62.00
2023  04  26  22  48  00   171.00  -108.00    63.00
2023  04  26  22  49  00   166.00  -108.00    58.00
2023  04  26  22  50  00   174.00  -116.00    58.00
2023  04  26  22  51  00   194.00  -133.00    61.00
2023  04  26  22  52  00   206.00  -139.00    67.00
2023  04  26  22  53  00   207.00  -135.00    72.00
2023  04  26  22  54  00   196.00  -123.00    73.00
2023  04  26  22  55  00   186.00  -113.00    73.00
2023  04  26  22  56  00   170.00  -100.00    70.00
2023  04  26  22  57  00   144.00   -79.00    65.00
2023  04  26  22  58  00   127.00   -52.00    75.00
2023  04  26  22  59  00   103.00   -42.00    61.00
2023  04  26  23  00  00   116.00   -58.00    58.00
2023  04  26  23  01  00   139.00   -74.00    65.00
2023  04  26  23  02  00   129.00   -63.00    66.00
2023  04  26  23  03  00    98.00   -39.00    59.00
2023  04  26  23  04  00    98.00   -31.00    67.00
2023  04  26  23  05  00    95.00   -30.00    65.00
2023  04  26  23  06  00   106.00   -50.00    56.00
2023  04  26  23  07  00   132.00   -67.00    65.00
2023  04  26  23  08  00   110.00   -18.00    92.00
2023  04  26  23  09  00   107.00    -6.00   101.00
2023  04  26  23  10  00   109.00   -36.00    73.00
2023  04  26  23  11  00   140.00   -71.00    69.00
2023  04  26  23  12  00   162.00   -83.00    79.00
2023  04  26  23  13  00   146.00   -75.00    71.00
2023  04  26  23  14  00   124.00   -56.00    68.00
2023  04  26  23  15  00   144.00   -54.00    90.00
2023  04  26  23  16  00   148.00   -59.00    89.00
2023  04  26  23  17  00   133.00   -71.00    62.00
2023  04  26  23  18  00   144.00   -69.00    75.00
2023  04  26  23  19  00   176.00   -82.00    94.00
2023  04  26  23  20  00   187.00   -82.00   105.00
2023  04  26  23  21  00   203.00  -104.00    99.00
2023  04  26  23  22  00   191.00  -124.00    67.00
2023  04  26  23  23  00   181.00  -139.00    42.00
2023  04  26  23  24  00   190.00  -119.00    71.00
2023  04  26  23  25  00   249.00  -141.00   108.00
2023  04  26  23  26  00   270.00  -161.00   109.00
2023  04  26  23  27  00   275.00  -196.00    79.00
2023  04  26  23  28  00   281.00  -212.00    69.00
2023  04  26  23  29  00   318.00  -222.00    96.00
2023  04  26  23  30  00   349.00  -231.00   118.00
2023  04  26  23  31  00   321.00  -203.00   118.00
2023  04  26  23  32  00   241.00  -142.00    99.00
2023  04  26  23  33  00   229.00  -139.00    90.00
2023  04  26  23  34  00   295.00  -193.00   102.00
2023  04  26  23  35  00   334.00  -222.00   112.00
2023  04  26  23  36  00   341.00  -229.00   112.00
2023  04  26  23  37  00   392.00  -263.00   129.00
2023  04  26  23  38  00   442.00  -303.00   139.00
2023  04  26  23  39  00   492.00  -343.00   149.00
2023  04  26  23  40  00   519.00  -359.00   160.00
2023  04  26  23  41  00   529.00  -375.00   154.00
2023  04  26  23  42  00   553.00  -396.00   157.00
2023  04  26  23  43  00   567.00  -408.00   159.00
2023  04  26  23  44  00   576.00  -413.00   163.00
2023  04  26  23  45  00   514.00  -362.00   152.00
2023  04  26  23  46  00   474.00  -327.00   147.00
2023  04  26  23  47  00   441.00  -308.00   133.00
2023  04  26  23  48  00   432.00  -305.00   127.00
2023  04  26  23  49  00   421.00  -298.00   123.00
2023  04  26  23  50  00   437.00  -320.00   117.00
2023  04  26  23  51  00   429.00  -320.00   109.00
2023  04  26  23  52  00   433.00  -327.00   106.00
2023  04  26  23  53  00   436.00  -329.00   107.00
2023  04  26  23  54  00   417.00  -312.00   105.00
2023  04  26  23  55  00   408.00  -306.00   102.00
2023  04  26  23  56  00   409.00  -312.00    97.00
2023  04  26  23  57  00   397.00  -303.00    94.00
2023  04  26  23  58  00   405.00  -308.00    97.00
2023  04  26  23  59  00   417.00  -316.00   101.00
