
Downloaded from OMNIWeb and processed by omniweb_read.py

No AlphaRatio was considered

#TIMEDELAY
0.0

#START
 2024 07 09 00 00 00 000   -2.90    -2.22    -0.98  -387.50     -3.50    -10.00    8.59     50810.0
 2024 07 09 00 01 00 000   -2.85    -2.27    -0.96  -386.90     -0.40     -7.60    8.97     44203.0
 2024 07 09 00 02 00 000   -2.63    -1.94    -0.84  -386.90     -0.40     -7.60    8.97     44203.0
 2024 07 09 00 03 00 000   -2.45    -1.62    -0.83  -386.90     -0.40     -7.60    8.97     44203.0
 2024 07 09 00 04 00 000   -2.32    -1.80    -0.90  -386.90     -0.40     -7.60    8.97     44203.0
 2024 07 09 00 05 00 000   -1.91    -2.20    -0.93  -386.50     -4.80     -9.40    8.51     43194.0
 2024 07 09 00 06 00 000   -2.25    -2.71    -0.32  -386.50     -4.80     -9.40    8.51     43194.0
 2024 07 09 00 07 00 000   -2.67    -2.70    -0.73  -386.50     -4.80     -9.40    8.51     43194.0
 2024 07 09 00 08 00 000   -1.98    -2.80    -1.07  -385.20     -1.70     -7.50    8.56     40553.0
 2024 07 09 00 09 00 000   -1.83    -2.79    -1.38  -385.20     -1.70     -7.50    8.56     40553.0
 2024 07 09 00 10 00 000   -1.66    -2.63    -1.39  -385.20     -1.70     -7.50    8.56     40553.0
 2024 07 09 00 11 00 000   -1.68    -2.48    -1.30  -387.10     -2.60     -6.00    8.30     42125.0
 2024 07 09 00 12 00 000   -0.74    -2.67    -1.36  -388.10     -2.10     -7.30    8.12     44112.0
 2024 07 09 00 13 00 000   -0.05    -2.59    -1.21  -388.30      0.10     -6.60    7.63     39781.0
 2024 07 09 00 14 00 000   -0.15    -2.81    -1.30  -387.60      2.60     -5.90    7.39     38765.0
 2024 07 09 00 15 00 000   -0.09    -2.60    -1.26  -384.10      1.90     -3.50    7.54     41720.0
 2024 07 09 00 16 00 000    0.21    -2.52    -1.39  -384.10      1.90     -3.50    7.54     41720.0
 2024 07 09 00 17 00 000    0.82    -2.44    -1.94  -384.10      1.90     -3.50    7.54     41720.0
 2024 07 09 00 18 00 000    0.34    -2.61    -1.58  -384.10      1.90     -3.50    7.54     41720.0
 2024 07 09 00 19 00 000    0.72    -2.88    -1.68  -384.10      1.90     -3.50    7.54     41720.0
 2024 07 09 00 20 00 000    0.86    -2.98    -1.49  -385.90     -1.60     -6.80    7.44     35490.0
 2024 07 09 00 21 00 000    1.09    -2.87    -1.38  -385.90     -1.60     -6.80    7.44     35490.0
 2024 07 09 00 22 00 000    0.42    -3.04    -0.75  -385.90     -1.60     -6.80    7.44     35490.0
 2024 07 09 00 23 00 000    0.16    -2.77    -1.20  -385.90     -1.60     -6.80    7.44     35490.0
 2024 07 09 00 24 00 000   -0.37    -1.79    -1.16  -385.90     -1.60     -6.80    7.44     35490.0
 2024 07 09 00 25 00 000   -0.73    -1.81    -1.40  -382.00     -1.50     -5.50    7.85     41815.0
 2024 07 09 00 26 00 000   -1.52    -1.33    -2.04  -382.00     -1.50     -5.50    7.85     41815.0
 2024 07 09 00 27 00 000   -1.75    -1.43    -1.80  -382.00     -1.50     -5.50    7.85     41815.0
 2024 07 09 00 28 00 000   -2.03    -1.53    -1.19  -382.00     -1.50     -5.50    7.85     41815.0
 2024 07 09 00 29 00 000   -1.19    -2.39    -0.98  -383.60     -0.20     -6.80    7.81     44662.0
 2024 07 09 00 30 00 000   -1.14    -2.43    -1.26  -383.60     -0.20     -6.80    7.81     44662.0
 2024 07 09 00 31 00 000   -0.94    -2.61    -1.37  -383.60     -0.20     -6.80    7.81     44662.0
 2024 07 09 00 32 00 000   -0.77    -2.18    -1.51  -383.50      0.10     -7.80    7.70     45360.0
 2024 07 09 00 33 00 000    1.47    -2.16    -1.90  -383.60     -0.90     -8.50    7.76     45004.0
 2024 07 09 00 34 00 000    2.45    -2.25    -1.75  -367.20     -5.10     -6.80    6.66     70729.0
 2024 07 09 00 35 00 000    2.26    -2.35    -1.85  -367.60     -3.00     -8.00    6.92     63380.0
 2024 07 09 00 36 00 000    2.36    -2.19    -2.13  -369.30      0.50     -9.50    7.50     54682.0
 2024 07 09 00 37 00 000    1.88    -2.64    -2.15  -368.40      1.40     -7.90    7.40     57132.0
 2024 07 09 00 38 00 000    1.95    -1.27    -0.31  -371.10      0.50      3.40    8.20     81623.0
 2024 07 09 00 39 00 000    1.71    -1.25    -0.75  -372.80     -2.50     -8.10    7.68     61775.0
 2024 07 09 00 40 00 000    1.16    -1.00    -0.77  -374.00     -4.70    -16.60    7.29     46993.0
 2024 07 09 00 41 00 000    1.89    -1.96    -1.51  -374.20     -0.80    -17.30    6.81     47195.0
 2024 07 09 00 42 00 000    2.47    -1.01     1.11  -373.20     -0.20    -13.90    7.12     53005.0
 2024 07 09 00 43 00 000    2.70    -0.62     1.19  -369.40      1.90     -1.60    8.22     73698.0
 2024 07 09 00 44 00 000    2.36    -0.40     1.73  -369.30      2.00     -1.10    8.26     74494.0
 2024 07 09 00 45 00 000    0.78    -0.05     1.08  -374.20      4.40      2.40    8.36     72805.0
 2024 07 09 00 46 00 000    1.56    -0.48     0.98  -372.90      4.00      1.50    8.24     74649.0
 2024 07 09 00 47 00 000    1.34    -0.56     0.48  -372.50      1.40     -2.00    7.99     65677.0
 2024 07 09 00 48 00 000    1.76     0.15     0.84  -373.50     -3.40     -5.50    7.92     53923.0
 2024 07 09 00 49 00 000    2.31     1.30     1.79  -373.50     -3.40     -5.50    7.92     53923.0
 2024 07 09 00 50 00 000    3.31    -0.97     0.88  -373.50     -3.40     -5.50    7.92     53923.0
 2024 07 09 00 51 00 000    3.17    -1.78     0.07  -373.50     -3.40     -5.50    7.92     53923.0
 2024 07 09 00 52 00 000    2.41    -2.55    -1.42  -363.60     -3.70     -5.80    7.15     75047.0
 2024 07 09 00 53 00 000    3.03    -3.10    -1.18  -367.10     -3.00     -4.80    6.72     68699.0
 2024 07 09 00 54 00 000    3.01    -3.06    -1.47  -371.20      0.30     -7.00    6.19     55769.0
 2024 07 09 00 55 00 000    3.20    -3.23    -1.08  -371.20      1.50     -8.20    6.26     55690.0
 2024 07 09 00 56 00 000    3.27    -3.25    -0.86  -371.20      1.50     -8.20    6.26     55690.0
 2024 07 09 00 57 00 000    3.32    -3.08    -1.11  -371.20      1.50     -8.20    6.26     55690.0
 2024 07 09 00 58 00 000    3.29    -3.01    -1.23  -371.20      1.50     -8.20    6.26     55690.0
 2024 07 09 00 59 00 000    3.41    -2.91    -1.13  -368.00      0.00     -7.70    6.53     75047.0
 2024 07 09 01 00 00 000    3.40    -3.09    -1.01  -368.00      0.00     -7.70    6.53     75047.0
 2024 07 09 01 01 00 000    3.56    -2.94    -0.78  -369.10      2.20     -3.60    6.38     48044.0
 2024 07 09 01 02 00 000    3.57    -2.96    -0.88  -368.90      1.20     -2.80    6.41     47188.0
 2024 07 09 01 03 00 000    3.33    -3.20    -1.15  -368.30     -2.20     -0.10    6.52     44268.0
 2024 07 09 01 04 00 000    3.28    -3.15    -1.16  -368.30     -2.20     -0.10    6.52     44268.0
 2024 07 09 01 05 00 000    3.21    -3.16    -1.00  -369.80     -4.10     -4.20    6.14     56687.0
 2024 07 09 01 06 00 000    3.32    -3.03    -1.15  -369.80     -4.10     -4.20    6.14     56687.0
 2024 07 09 01 07 00 000    2.99    -3.23    -1.63  -369.80     -4.10     -4.20    6.14     56687.0
 2024 07 09 01 08 00 000    3.01    -2.88    -0.13  -371.70     -4.00    -12.60    6.07     43259.0
 2024 07 09 01 09 00 000    2.56    -3.00    -0.55  -373.00     -3.90     -6.30    6.37     53932.0
 2024 07 09 01 10 00 000    2.38    -3.07    -0.71  -373.70     -3.80     -2.80    6.55     59955.0
 2024 07 09 01 11 00 000    2.29    -3.28    -0.74  -373.70     -3.80     -2.80    6.55     59955.0
 2024 07 09 01 12 00 000    2.31    -3.29    -0.79  -373.70     -3.80     -2.80    6.55     59955.0
 2024 07 09 01 13 00 000    2.45    -3.32    -0.84  -373.70     -3.80     -2.80    6.55     59955.0
 2024 07 09 01 14 00 000    2.45    -3.29    -1.15  -373.70     -3.80     -2.80    6.55     59955.0
 2024 07 09 01 15 00 000    2.32    -3.13    -1.18  -373.70     -3.80     -2.80    6.55     59955.0
 2024 07 09 01 16 00 000    2.23    -3.25    -1.30  -373.70     -3.80     -2.80    6.55     59955.0
 2024 07 09 01 17 00 000    2.60    -2.95    -1.32  -373.70     -3.80     -2.80    6.55     59955.0
 2024 07 09 01 18 00 000    2.88    -2.68    -1.43  -370.10     -3.80      3.20    6.92     58887.0
 2024 07 09 01 19 00 000    2.96    -2.86    -1.10  -369.50     -7.70     -4.90    7.36     64677.0
 2024 07 09 01 20 00 000    2.87    -3.01    -0.88  -368.80    -12.50    -13.50    7.84     70474.0
 2024 07 09 01 21 00 000    2.50    -3.14    -1.21  -368.80    -12.50    -13.50    7.84     70474.0
 2024 07 09 01 22 00 000    3.01    -2.81    -0.68  -370.40     -7.40     -5.30    6.87     72177.0
 2024 07 09 01 23 00 000    2.89    -2.96    -0.63  -370.50     -7.70     -4.70    6.92     72032.0
 2024 07 09 01 24 00 000    2.68    -3.18    -0.50  -372.10    -11.00      3.20    7.51     70103.0
 2024 07 09 01 25 00 000    2.65    -3.19    -0.49  -372.10    -11.00      3.20    7.51     70103.0
 2024 07 09 01 26 00 000    2.64    -3.19    -0.35  -368.80     -2.50     -4.70    7.31     83318.0
 2024 07 09 01 27 00 000    2.55    -2.95    -0.48  -369.40     -4.50     -3.10    7.28     80676.0
 2024 07 09 01 28 00 000    1.95    -2.08    -1.14  -370.60     -7.40     -1.20    7.52     74854.0
 2024 07 09 01 29 00 000   -1.13    -1.39     4.15  -372.60     -5.50     -4.80    9.23     65287.0
 2024 07 09 01 30 00 000   -0.73    -2.33     3.80  -378.80     -1.20      5.30    6.33     38299.0
 2024 07 09 01 31 00 000   -0.47    -2.72     3.75  -379.30     -0.90      6.10    6.11     36167.0
 2024 07 09 01 32 00 000   -0.56    -2.78     3.64  -378.50     -1.10      2.90    6.12     32539.0
 2024 07 09 01 33 00 000   -0.21    -2.28     3.80  -378.50     -1.10      2.90    6.12     32527.0
 2024 07 09 01 34 00 000   -0.06    -2.17     3.93  -379.70      0.50      2.80    6.16     28858.0
 2024 07 09 01 35 00 000    0.10    -2.13     3.97  -379.70      0.50      2.80    6.16     28858.0
 2024 07 09 01 36 00 000    0.25    -2.61     3.68  -378.50     -1.20      3.20    6.35     32817.0
 2024 07 09 01 37 00 000   -0.44    -2.26     3.81  -379.70     -4.10      3.90    6.30     32436.0
 2024 07 09 01 38 00 000    0.29    -2.72     3.62  -383.40     -0.80      7.50    5.97     28832.0
 2024 07 09 01 39 00 000   -0.48    -3.01     3.35  -382.90     -4.60      3.10    6.47     33300.0
 2024 07 09 01 40 00 000   -0.41    -3.29     3.01  -382.80     -5.30      2.80    6.55     34204.0
 2024 07 09 01 41 00 000   -1.03    -2.86     3.34  -382.70    -10.30      4.60    7.10     41182.0
 2024 07 09 01 42 00 000   -0.67    -2.84     3.47  -384.50     -4.50      5.00    6.47     37969.0
 2024 07 09 01 43 00 000    0.06    -2.90     3.45  -385.10     -2.40      5.20    6.24     36791.0
 2024 07 09 01 44 00 000   -0.54    -3.07     3.14  -385.10     -2.40      5.20    6.24     36791.0
 2024 07 09 01 45 00 000   -0.33    -3.54     2.77  -381.10     -9.00      2.80    6.03     31203.0
 2024 07 09 01 46 00 000   -0.54    -3.68     2.50  -381.10     -9.00      2.80    6.03     31203.0
 2024 07 09 01 47 00 000   -0.06    -3.60     2.54  -378.80     -9.60      0.80    5.88     30140.0
 2024 07 09 01 48 00 000    0.23    -3.76     2.00  -378.80     -9.60      0.80    5.88     30140.0
 2024 07 09 01 49 00 000    0.00    -3.98     0.14  -376.70    -15.80     -1.90    6.86     31313.0
 2024 07 09 01 50 00 000    0.24    -4.04    -0.37  -378.10    -15.90     -5.80    6.70     30837.0
 2024 07 09 01 51 00 000    0.15    -4.00    -0.14  -378.80    -15.90     -8.00    6.60     30574.0
 2024 07 09 01 52 00 000    1.47    -3.01    -0.83  -377.80    -15.80     -8.20    6.37     33496.0
 2024 07 09 01 53 00 000    1.39    -2.08    -1.85  -379.50    -14.50    -10.30    6.29     32725.0
 2024 07 09 01 54 00 000   -0.91    -3.76    -1.79  -384.80    -10.30    -17.20    6.06     30248.0
 2024 07 09 01 55 00 000   -0.83    -3.39    -1.56  -384.90     -7.30    -11.00    5.56     24740.0
 2024 07 09 01 56 00 000    3.54    -1.45    -0.45  -385.00     -5.60     -7.40    5.27     21543.0
 2024 07 09 01 57 00 000   -2.51    -2.69    -0.29  -385.00     -5.60     -7.40    5.27     21543.0
 2024 07 09 01 58 00 000   -2.14    -3.51     0.18  -387.00     -7.10     -7.80    6.36     33014.0
 2024 07 09 01 59 00 000   -1.73    -3.35     0.52  -387.00     -7.10     -7.80    6.36     33014.0
 2024 07 09 02 00 00 000   -1.68    -3.42     0.85  -387.00     -7.10     -7.80    6.36     33014.0
 2024 07 09 02 01 00 000    2.41    -1.99     1.65  -382.60      0.20     -2.00    6.54     38116.0
 2024 07 09 02 02 00 000    2.86    -2.09     1.52  -382.60      0.20     -2.00    6.54     38116.0
 2024 07 09 02 03 00 000    1.78    -3.27     1.62  -380.20    -12.50     -2.30    6.02     32172.0
 2024 07 09 02 04 00 000   -0.01    -4.33     0.55  -377.60    -11.70      1.30    5.63     30279.0
 2024 07 09 02 05 00 000   -0.90    -4.36    -0.28  -377.00    -10.40      0.20    5.47     28691.0
 2024 07 09 02 06 00 000   -0.27    -4.46    -0.01  -380.00    -17.40     -4.20    6.01     30140.0
 2024 07 09 02 07 00 000   -0.44    -4.42    -0.37  -380.00    -17.40     -4.20    6.01     30140.0
 2024 07 09 02 08 00 000   -0.62    -4.39    -0.31  -380.00    -17.40     -4.20    6.01     30140.0
 2024 07 09 02 09 00 000    0.47    -4.43    -0.23  -375.00     -8.90     -6.50    5.90     28305.0
 2024 07 09 02 10 00 000   -0.91    -4.26    -1.01  -377.70    -11.90     -8.60    6.02     28401.0
 2024 07 09 02 11 00 000   -0.76    -4.16    -0.19  -382.40    -17.20    -12.40    6.23     28568.0
 2024 07 09 02 12 00 000    0.15    -4.03     0.97  -382.40    -17.20    -12.40    6.23     28568.0
 2024 07 09 02 13 00 000    0.50    -4.05     0.89  -373.20     -6.60      7.30    7.00     47568.0
 2024 07 09 02 14 00 000    0.45    -4.18     0.68  -373.20     -6.60      7.30    7.00     47568.0
 2024 07 09 02 15 00 000    0.57    -4.19     0.35  -380.00     -9.70     -4.90    6.62     35631.0
 2024 07 09 02 16 00 000    0.00    -4.25    -0.24  -376.40     -5.40     -3.10    6.54     40461.0
 2024 07 09 02 17 00 000   -0.26    -3.78    -2.33  -378.70     -8.60     -9.80    6.62     37538.0
 2024 07 09 02 18 00 000   -0.31    -3.46    -2.57  -380.80    -11.30    -13.30    6.68     34848.0
 2024 07 09 02 19 00 000    0.28    -3.83    -1.88  -380.90    -10.10    -15.60    6.26     32255.0
 2024 07 09 02 20 00 000    0.41    -3.46    -2.37  -380.90    -10.10    -15.60    6.26     32255.0
 2024 07 09 02 21 00 000    0.48    -3.73    -1.70  -377.60     -3.10    -18.40    6.65     38971.0
 2024 07 09 02 22 00 000   -0.39    -4.07    -0.78  -377.60     -3.10    -18.40    6.65     38971.0
 2024 07 09 02 23 00 000   -0.57    -4.19    -0.56  -377.90     -7.60     -8.20    6.48     34273.0
 2024 07 09 02 24 00 000   -0.48    -4.03    -1.09  -378.80    -10.20     -7.50    6.74     35939.0
 2024 07 09 02 25 00 000   -1.29    -3.93    -1.39  -380.90    -12.60     -8.70    6.86     37874.0
 2024 07 09 02 26 00 000   -1.65    -3.80    -1.56  -384.90    -10.90    -16.00    6.25     37994.0
 2024 07 09 02 27 00 000   -1.11    -4.07    -1.11  -384.90    -10.90    -16.00    6.25     37994.0
 2024 07 09 02 28 00 000   -0.36    -4.22    -0.44  -378.10     -8.00     -2.00    7.31     53151.0
 2024 07 09 02 29 00 000   -0.89    -4.11    -0.89  -378.10     -8.00     -2.00    7.31     53151.0
 2024 07 09 02 30 00 000   -0.56    -4.31     0.28  -378.90    -12.60     -3.10    6.37     33834.0
 2024 07 09 02 31 00 000   -1.03    -4.40     0.04  -379.50    -13.10     -4.40    6.39     33975.0
 2024 07 09 02 32 00 000   -1.22    -4.52    -0.39  -382.00    -14.90     -9.80    6.58     37060.0
 2024 07 09 02 33 00 000   -0.78    -4.60    -0.84  -382.00    -13.80    -15.10    6.27     32791.0
 2024 07 09 02 34 00 000   -0.54    -4.62    -0.98  -382.00    -13.80    -15.10    6.27     32760.0
 2024 07 09 02 35 00 000   -0.56    -4.64    -0.63  -381.80    -13.70    -12.00    6.31     34732.0
 2024 07 09 02 36 00 000   -0.64    -4.66    -0.33  -381.80    -13.70    -12.00    6.31     34732.0
 2024 07 09 02 37 00 000   -0.76    -4.63    -0.66  -382.60    -15.20     -7.90    6.67     34043.0
 2024 07 09 02 38 00 000   -0.46    -4.74    -0.68  -382.60    -15.90     -8.00    6.60     33218.0
 2024 07 09 02 39 00 000   -0.30    -4.35    -1.98  -383.60    -18.10     -7.50    6.55     33026.0
 2024 07 09 02 40 00 000   -0.12    -4.24    -2.00  -384.70    -20.30     -7.00    6.52     33099.0
 2024 07 09 02 41 00 000   -1.16    -4.05    -2.09  -386.70    -19.60     -9.90    7.46     43367.0
 2024 07 09 02 42 00 000   -0.33    -4.12    -2.16  -386.80    -19.60    -10.00    7.49     43713.0
 2024 07 09 02 43 00 000   -0.90    -4.60    -0.73  -384.50    -15.60     -7.30    6.82     37456.0
 2024 07 09 02 44 00 000   -0.86    -4.67    -0.69  -384.10    -15.50     -7.50    6.75     35914.0
 2024 07 09 02 45 00 000   -0.90    -4.72    -0.76  -383.90    -15.50     -7.50    6.72     35393.0
 2024 07 09 02 46 00 000   -0.69    -4.77    -0.75  -383.90    -15.50     -7.50    6.72     35393.0
 2024 07 09 02 47 00 000   -0.47    -4.85    -0.63  -381.10    -15.90     -7.40    6.21     28911.0
 2024 07 09 02 48 00 000   -0.48    -4.92    -0.66  -381.10    -15.90     -7.40    6.21     28911.0
 2024 07 09 02 49 00 000   -0.59    -4.90    -0.29  -382.30    -14.60     -6.00    6.25     30069.0
 2024 07 09 02 50 00 000   -0.63    -4.81    -0.09  -382.40    -14.50     -5.80    6.26     30290.0
 2024 07 09 02 51 00 000   -0.02    -4.30    -1.45  -380.80    -15.60     -5.60    6.42     31093.0
 2024 07 09 02 52 00 000    1.13    -3.81    -2.81  -376.80     -6.70    -14.80    5.98     36970.0
 2024 07 09 02 53 00 000    1.39    -4.03    -2.45  -376.00     -4.90    -16.70    5.89     38176.0
 2024 07 09 02 54 00 000    1.25    -3.81    -2.81  -372.50     -8.50    -19.30    6.10     40427.0
 2024 07 09 02 55 00 000    1.51    -2.99    -3.65  -372.80     -8.70    -19.50    6.09     39349.0
 2024 07 09 02 56 00 000    1.40    -2.48    -4.19  -374.30    -10.00    -20.50    6.05     33782.0
 2024 07 09 02 57 00 000    1.40    -1.83    -4.42  -373.30     -4.30    -24.50    5.93     34727.0
 2024 07 09 02 58 00 000    1.27    -1.03    -4.60  -373.30     -4.10    -24.60    5.94     34920.0
 2024 07 09 02 59 00 000    0.92    -0.76    -4.78  -372.90     -1.80    -25.60    6.74     47942.0
 2024 07 09 03 00 00 000    1.17    -1.08    -4.59  -375.50     -6.50    -23.40    6.44     36910.0
 2024 07 09 03 01 00 000    1.04     0.72    -4.95  -376.20     -7.50    -22.90    6.36     34098.0
 2024 07 09 03 02 00 000    0.91     1.01    -4.86  -374.10      3.10    -29.90    6.66     41847.0
 2024 07 09 03 03 00 000    1.31    -0.83    -4.59  -375.90     -1.20    -26.60    5.82     31108.0
 2024 07 09 03 04 00 000    1.34    -3.78    -2.90  -376.60     -3.00    -25.20    5.48     26604.0
 2024 07 09 03 05 00 000    1.04    -3.38    -3.40  -376.30    -15.50    -16.30    6.78     38787.0
 2024 07 09 03 06 00 000    0.85    -3.47    -3.36  -377.10    -14.40    -17.80    6.64     37058.0
 2024 07 09 03 07 00 000    0.96    -3.24    -3.58  -378.90    -11.90    -21.50    6.28     32986.0
 2024 07 09 03 08 00 000    0.88    -3.47    -3.46  -376.60    -11.90    -20.70    6.44     34356.0
 2024 07 09 03 09 00 000    1.18    -3.91    -2.91  -376.60    -11.90    -20.70    6.44     34356.0
 2024 07 09 03 10 00 000   -0.48    -4.05     1.49  -380.20     -8.10     -3.90    5.93     33203.0
 2024 07 09 03 11 00 000   -0.93    -4.43     1.78  -382.10     -8.40      1.90    5.94     34061.0
 2024 07 09 03 12 00 000   -1.05    -4.66     1.04  -385.20    -22.30     -8.90    7.55     43777.0
 2024 07 09 03 13 00 000   -0.85    -4.71     0.69  -383.60    -20.10     -8.80    6.92     40973.0
 2024 07 09 03 14 00 000   -0.87    -4.74    -0.10  -382.40    -18.20     -8.60    6.40     38488.0
 2024 07 09 03 15 00 000   -1.02    -4.74     0.22  -383.30    -17.50    -10.70    5.98     34357.0
 2024 07 09 03 16 00 000   -0.74    -4.78     0.47  -383.20    -17.20    -13.10    5.67     27647.0
 2024 07 09 03 17 00 000   -0.43    -4.76     0.49  -383.20    -17.10    -13.80    5.58     25599.0
 2024 07 09 03 18 00 000   -0.87    -4.59     0.32  -379.90    -18.40    -12.40    6.26     34279.0
 2024 07 09 03 19 00 000   -0.69    -4.65     0.07  -379.80    -18.40    -12.40    6.26     34443.0
 2024 07 09 03 20 00 000   -0.83    -4.65     0.28  -380.60    -18.60    -10.20    6.19     34616.0
 2024 07 09 03 21 00 000   -0.90    -4.60     0.52  -380.80    -18.70     -9.50    6.17     34674.0
 2024 07 09 03 22 00 000   -0.79    -5.02     0.07  -375.80    -12.80    -14.10    5.61     33725.0
 2024 07 09 03 23 00 000   -0.81    -5.52    -0.42  -375.80    -12.80    -14.10    5.60     33661.0
 2024 07 09 03 24 00 000   -0.61    -5.55    -0.42  -379.30    -11.70    -10.70    4.77     25934.0
 2024 07 09 03 25 00 000   -0.55    -5.54    -0.41  -379.40    -11.70    -10.60    4.75     25787.0
 2024 07 09 03 26 00 000   -0.82    -5.24    -0.33  -377.30     -7.80     -9.70    5.07     28673.0
 2024 07 09 03 27 00 000   -0.97    -4.64    -0.50  -377.60    -12.50    -11.40    5.30     28863.0
 2024 07 09 03 28 00 000   -0.47    -4.52    -0.34  -378.30    -22.10    -14.90    5.77     29255.0
 2024 07 09 03 29 00 000   -0.33    -4.59    -0.37  -377.70    -20.90    -12.60    5.97     34064.0
 2024 07 09 03 30 00 000   -0.29    -4.74    -0.47  -377.20    -19.80    -10.50    6.16     38542.0
 2024 07 09 03 31 00 000   -0.41    -4.78    -0.34  -379.10    -19.50    -10.80    6.08     34346.0
 2024 07 09 03 32 00 000   -0.78    -4.72     0.43  -379.40    -19.50    -10.90    6.07     33577.0
 2024 07 09 03 33 00 000   -0.70    -5.29     0.38  -378.70    -20.50    -11.60    6.03     30928.0
 2024 07 09 03 34 00 000   -0.89    -5.06     0.69  -378.60    -13.30    -10.70    5.41     30327.0
 2024 07 09 03 35 00 000   -0.31    -4.87    -0.25  -378.60     -7.80    -10.10    4.95     29871.0
 2024 07 09 03 36 00 000   -0.53    -4.81     0.39  -379.20    -17.60    -12.70    6.15     32787.0
 2024 07 09 03 37 00 000   -0.47    -4.85     0.26  -379.20    -17.60    -12.70    6.15     32788.0
 2024 07 09 03 38 00 000   -0.46    -5.02     0.49  -381.70    -15.40     -7.70    5.25     29576.0
 2024 07 09 03 39 00 000   -0.27    -5.01    -0.16  -381.00    -14.70     -8.50    5.27     29962.0
 2024 07 09 03 40 00 000   -0.12    -4.98    -0.34  -376.20    -10.50    -13.50    5.40     32451.0
 2024 07 09 03 41 00 000   -0.26    -4.86     0.35  -376.20    -10.50    -13.50    5.40     32451.0
 2024 07 09 03 42 00 000   -1.26    -4.70     0.27  -380.30     -8.70     -3.30    5.60     34535.0
 2024 07 09 03 43 00 000   -1.79    -4.37     0.40  -381.50     -9.90     -6.70    6.11     37527.0
 2024 07 09 03 44 00 000   -1.61    -4.37    -0.17  -384.00    -14.50    -10.40    6.38     43680.0
 2024 07 09 03 45 00 000   -0.69    -4.58    -0.48  -384.80    -16.20    -11.20    6.38     45554.0
 2024 07 09 03 46 00 000   -0.77    -4.42    -1.21  -384.80    -16.20    -11.20    6.38     45554.0
 2024 07 09 03 47 00 000   -0.26    -4.64    -0.11  -375.80    -17.50    -11.90    5.63     31059.0
 2024 07 09 03 48 00 000   -0.02    -4.70    -0.54  -373.50    -11.80    -17.30    5.47     30326.0
 2024 07 09 03 49 00 000    0.03    -4.52    -0.25  -369.90    -10.80    -23.50    4.82     26041.0
 2024 07 09 03 50 00 000    1.71    -3.09    -2.98  -369.10    -11.60    -24.60    4.63     24662.0
 2024 07 09 03 51 00 000    1.98    -2.63    -3.25  -371.90     -5.70    -18.00    6.49     37782.0
 2024 07 09 03 52 00 000    1.06    -4.03    -1.10  -371.90     -5.70    -18.00    6.49     37782.0
 2024 07 09 03 53 00 000    0.85    -4.29    -0.70  -372.30    -10.20    -16.90    6.43     38993.0
 2024 07 09 03 54 00 000    0.67    -4.72    -0.55  -372.70    -14.80    -15.80    6.37     40240.0
 2024 07 09 03 55 00 000    0.60    -4.65    -0.08  -375.50    -11.10    -10.50    5.72     33174.0
 2024 07 09 03 56 00 000    0.92    -4.56    -0.91  -374.80    -10.10    -12.50    5.63     33836.0
 2024 07 09 03 57 00 000    1.24    -4.40    -1.12  -372.90     -9.50    -17.00    5.66     36612.0
 2024 07 09 03 58 00 000    1.45    -4.33    -0.75  -371.90     -8.60    -10.50    5.70     45156.0
 2024 07 09 03 59 00 000    1.57    -4.37    -0.12  -371.90     -8.60    -10.50    5.70     45156.0
 2024 07 09 04 00 00 000    1.85    -4.00    -1.53  -370.40    -10.50    -13.30    5.78     47384.0
 2024 07 09 04 01 00 000    1.82    -3.52    -2.39  -369.90    -12.00    -15.40    5.80     47132.0
 2024 07 09 04 02 00 000    2.13    -3.22    -2.56  -370.30    -13.50    -17.20    5.80     44039.0
 2024 07 09 04 03 00 000    2.16    -2.91    -2.75  -368.80    -13.10    -15.50    6.36     50951.0
 2024 07 09 04 04 00 000    2.02    -3.36    -2.44  -368.80    -13.10    -15.50    6.36     50951.0
 2024 07 09 04 05 00 000    2.01    -3.43    -2.45  -371.60    -12.80    -11.50    5.77     48046.0
 2024 07 09 04 06 00 000    2.51    -3.07    -2.39  -370.50    -12.60    -19.60    5.72     45899.0
 2024 07 09 04 07 00 000    2.65    -2.96    -2.47  -370.20    -12.50    -22.10    5.70     45222.0
 2024 07 09 04 08 00 000    1.76    -3.16    -2.88  -369.10    -13.30    -14.60    6.12     51267.0
 2024 07 09 04 09 00 000    2.04    -3.19    -2.70  -369.10    -13.20    -15.00    6.09     50893.0
 2024 07 09 04 10 00 000    1.61    -3.55    -2.62  -369.20    -12.00    -18.60    5.85     47737.0
 2024 07 09 04 11 00 000    1.83    -3.62    -2.36  -369.20    -12.00    -18.60    5.85     47737.0
 2024 07 09 04 12 00 000    2.01    -3.58    -2.28  -369.40    -11.30     -8.60    6.02     44268.0
 2024 07 09 04 13 00 000    1.70    -3.20    -2.90  -369.40    -11.20     -8.80    6.01     44301.0
 2024 07 09 04 14 00 000    1.73    -3.32    -2.71  -369.60     -9.60    -12.50    5.81     45024.0
 2024 07 09 04 15 00 000    2.12    -3.39    -2.31  -369.50     -9.80    -12.40    5.80     45504.0
 2024 07 09 04 16 00 000    2.46    -3.16    -2.39  -369.00    -11.60    -11.50    5.61     50181.0
 2024 07 09 04 17 00 000    1.78    -3.36    -2.62  -369.40    -11.10    -14.20    5.52     46679.0
 2024 07 09 04 18 00 000    1.38    -3.09    -3.07  -367.90     -7.50    -18.70    5.60     45239.0
 2024 07 09 04 19 00 000    1.24    -3.52    -2.89  -366.30     -6.60    -16.40    5.79     50455.0
 2024 07 09 04 20 00 000    1.59    -3.54    -2.37  -369.40    -14.30    -20.70    5.42     38389.0
 2024 07 09 04 21 00 000    1.05    -3.89    -2.30  -370.30    -13.90    -19.30    5.70     39493.0
 2024 07 09 04 22 00 000    0.64    -4.07    -2.20  -371.70    -13.40    -17.10    6.12     41182.0
 2024 07 09 04 23 00 000    0.21    -4.22    -2.04  -371.70    -13.40    -17.10    6.12     41182.0
 2024 07 09 04 24 00 000    0.80    -4.25    -1.80  -371.70    -13.40    -17.10    6.12     41182.0
 2024 07 09 04 25 00 000    1.19    -4.14    -1.77  -371.20    -12.80     -0.20    5.77     37420.0
 2024 07 09 04 26 00 000    1.75    -3.57    -2.18  -369.50    -12.30     -5.10    5.85     41931.0
 2024 07 09 04 27 00 000    1.87    -4.04    -1.17  -370.90    -12.90    -14.70    6.04     45003.0
 2024 07 09 04 28 00 000    1.35    -4.26    -1.30  -374.20    -13.90    -16.20    6.07     41561.0
 2024 07 09 04 29 00 000    1.06    -4.01    -1.83  -374.70    -11.10    -20.10    5.66     40365.0
 2024 07 09 04 30 00 000    1.32    -3.67    -2.14  -374.50    -11.30    -19.60    5.65     40254.0
 2024 07 09 04 31 00 000    0.13    -3.94    -2.15  -369.20    -16.80     -7.10    5.27     37236.0
 2024 07 09 04 32 00 000    1.04    -3.71    -2.22  -369.10    -16.90     -6.90    5.26     37180.0
 2024 07 09 04 33 00 000    0.97    -3.77    -2.09  -373.20     -3.80    -14.30    5.19     32564.0
 2024 07 09 04 34 00 000    1.48    -3.36    -2.64  -375.20    -11.50     -8.60    5.26     31431.0
 2024 07 09 04 35 00 000    1.94    -3.27    -2.65  -375.60    -13.30     -7.20    5.28     31165.0
 2024 07 09 04 36 00 000    2.23    -2.91    -2.80  -375.60    -13.30     -7.20    5.28     31165.0
 2024 07 09 04 37 00 000    2.32    -2.62    -2.99  -366.50     -6.50    -18.40    5.87     48856.0
 2024 07 09 04 38 00 000    2.48    -2.68    -2.91  -363.60     -7.60    -16.80    5.69     55019.0
 2024 07 09 04 39 00 000    2.33    -2.46    -3.10  -364.30    -10.10    -13.60    5.76     55552.0
 2024 07 09 04 40 00 000    2.19    -2.92    -2.58  -364.50    -10.30    -13.40    5.77     55288.0
 2024 07 09 04 41 00 000    2.33    -3.75    -0.82  -363.80    -16.80     -3.70    5.51     51443.0
 2024 07 09 04 42 00 000    2.19    -3.93    -0.96  -363.20    -13.70    -13.70    5.70     61885.0
 2024 07 09 04 43 00 000    1.96    -4.44    -0.28  -362.50    -10.40    -24.00    5.89     72722.0
 2024 07 09 04 44 00 000    1.45    -4.64     1.92  -368.90     -3.80     -7.70    3.75     26554.0
 2024 07 09 04 45 00 000    1.55    -4.59     2.08  -368.90     -3.80     -7.70    3.75     26554.0
 2024 07 09 04 46 00 000    1.45    -4.66     2.05  -367.80     -6.80     -3.90    4.20     38675.0
 2024 07 09 04 47 00 000    1.45    -4.67     1.83  -367.70     -8.10     -2.90    4.31     41432.0
 2024 07 09 04 48 00 000    1.23    -4.66     2.08  -369.40    -10.50     -4.10    4.08     34497.0
 2024 07 09 04 49 00 000    0.94    -4.69     2.08  -369.40    -10.50     -4.10    4.07     34356.0
 2024 07 09 04 50 00 000    1.90    -4.52     1.77  -366.90     -5.30     -4.80    3.97     31010.0
 2024 07 09 04 51 00 000    1.35    -4.59     2.13  -366.90     -5.30     -4.80    3.97     31010.0
 2024 07 09 04 52 00 000    1.38    -4.60     2.30  -368.30     -5.60      2.70    3.62     24564.0
 2024 07 09 04 53 00 000    1.71    -4.56     2.07  -368.30     -5.60      2.60    3.62     24625.0
 2024 07 09 04 54 00 000    1.79    -4.68     1.78  -368.90     -2.80     -6.80    3.91     28714.0
 2024 07 09 04 55 00 000    1.80    -4.71     1.63  -367.70     -5.50     -8.50    4.34     34003.0
 2024 07 09 04 56 00 000    2.30    -4.66     1.05  -364.30    -14.40     -7.20    5.28     45454.0
 2024 07 09 04 57 00 000    2.30    -4.66     1.00  -364.30    -14.40     -7.20    5.28     45454.0
 2024 07 09 04 58 00 000    2.31    -4.65     1.01  -364.30    -14.40     -7.20    5.28     45454.0
 2024 07 09 04 59 00 000    2.41    -4.55     0.99  -364.30    -14.40     -7.20    5.28     45454.0
 2024 07 09 05 00 00 000    2.71    -4.43     0.71  -362.40     -4.70     -3.40    5.25     47268.0
 2024 07 09 05 01 00 000    2.64    -4.41     0.90  -362.90     -3.40     -3.40    5.44     44179.0
 2024 07 09 05 02 00 000    2.74    -4.29     0.30  -362.00     -4.60     -2.90    5.45     51125.0
 2024 07 09 05 03 00 000    2.45    -4.54     0.19  -363.60     -6.60     -6.30    5.42     48139.0
 2024 07 09 05 04 00 000    2.11    -4.71    -0.23  -368.60      0.40     -7.10    4.34     33634.0
 2024 07 09 05 05 00 000    2.38    -4.79     0.02  -368.00     -1.70     -7.40    4.36     35432.0
 2024 07 09 05 06 00 000    2.33    -4.83    -0.18  -365.30     -9.50     -8.90    4.65     43292.0
 2024 07 09 05 07 00 000    2.63    -4.72    -0.38  -365.30     -9.50     -8.90    4.65     43292.0
 2024 07 09 05 08 00 000    2.38    -4.73    -0.97  -363.90     -7.30    -25.20    4.83     49314.0
 2024 07 09 05 09 00 000    2.30    -4.69    -1.37  -363.90     -7.30    -25.20    4.83     49314.0
 2024 07 09 05 10 00 000    2.70    -4.50    -1.27  -364.10     -1.70    -29.10    5.37     38673.0
 2024 07 09 05 11 00 000    2.64    -4.55    -1.07  -364.10     -0.60    -29.90    5.47     36642.0
 2024 07 09 05 12 00 000    2.73    -4.46    -1.41  -361.20      3.90    -30.00    4.62     42647.0
 2024 07 09 05 13 00 000    2.95    -4.13    -2.02  -361.20      3.90    -30.00    4.62     42647.0
 2024 07 09 05 14 00 000    2.67    -4.48    -1.05  -362.20     -3.40    -22.10    4.55     43662.0
 2024 07 09 05 15 00 000    2.19    -4.85    -0.07  -363.10     -9.50    -15.60    4.49     44497.0
 2024 07 09 05 16 00 000    2.17    -4.39    -0.14  -364.20     -6.90    -25.40    4.68     42849.0
 2024 07 09 05 17 00 000    2.75    -4.10    -0.83  -363.40     -6.30    -30.60    4.79     41831.0
 2024 07 09 05 18 00 000    3.09    -4.39    -0.44  -362.40     -7.80    -14.20    4.67     55398.0
 2024 07 09 05 19 00 000    3.37    -4.09    -1.30  -362.40     -7.80    -14.20    4.67     55398.0
 2024 07 09 05 20 00 000    3.20    -4.13    -1.65  -361.30      8.20    -34.10    4.79     40115.0
 2024 07 09 05 21 00 000    3.04    -4.49    -0.77  -361.30      8.20    -34.10    4.79     40115.0
 2024 07 09 05 22 00 000    2.85    -4.66    -0.15  -361.30      8.20    -34.10    4.79     40115.0
 2024 07 09 05 23 00 000    2.88    -3.92    -1.00  -360.60    -10.50    -18.70    4.94     55030.0
 2024 07 09 05 24 00 000    2.56    -4.02    -1.31  -360.90    -14.90    -20.00    4.98     57945.0
 2024 07 09 05 25 00 000    2.78    -3.95    -1.12  -363.90    -15.60    -16.50    4.90     61365.0
 2024 07 09 05 26 00 000    3.23    -3.65    -1.36  -364.70    -15.20    -15.40    4.87     61909.0
 2024 07 09 05 27 00 000    2.82    -4.24    -0.43  -363.80    -15.50    -17.80    5.03     51897.0
 2024 07 09 05 28 00 000    2.93    -4.16    -0.28  -365.60    -17.40    -15.70    4.97     49184.0
 2024 07 09 05 29 00 000    3.33    -3.86    -0.56  -366.60    -18.40    -14.50    4.94     47894.0
 2024 07 09 05 30 00 000    3.77    -3.44    -0.66  -363.20    -17.20    -21.30    5.01     53546.0
 2024 07 09 05 31 00 000    3.70    -3.46    -0.56  -363.20    -17.20    -21.30    5.01     53546.0
 2024 07 09 05 32 00 000    3.51    -3.74    -0.48  -359.70    -21.80    -14.80    5.19     47466.0
 2024 07 09 05 33 00 000    3.64    -3.62    -0.39  -359.70    -21.80    -14.80    5.19     47466.0
 2024 07 09 05 34 00 000    3.62    -3.65    -0.43  -359.70    -21.80    -14.80    5.19     47466.0
 2024 07 09 05 35 00 000    3.70    -3.53    -0.45  -358.00    -18.00    -13.50    5.21     52223.0
 2024 07 09 05 36 00 000    3.73    -3.41    -0.35  -357.00    -17.20    -16.50    5.20     51313.0
 2024 07 09 05 37 00 000    3.78    -3.38    -0.28  -356.10    -16.40    -19.40    5.19     50449.0
 2024 07 09 05 38 00 000    3.80    -3.33    -0.37  -354.70    -16.10    -24.00    5.17     53402.0
 2024 07 09 05 39 00 000    3.74    -3.46    -0.50  -354.90    -16.00    -23.50    5.17     53221.0
 2024 07 09 05 40 00 000    3.19    -4.01    -0.48  -359.70    -15.10    -14.00    5.04     51974.0
 2024 07 09 05 41 00 000    2.61    -4.41    -0.82  -364.60    -15.00    -15.40    4.88     56561.0
 2024 07 09 05 42 00 000    2.55    -4.39    -0.71  -368.70    -16.30    -18.90    4.98     53756.0
 2024 07 09 05 43 00 000    2.88    -4.16    -0.72  -368.90    -19.30    -18.30    4.95     51620.0
 2024 07 09 05 44 00 000    3.25    -3.81    -0.82  -361.40    -14.20    -26.80    4.98     61334.0
 2024 07 09 05 45 00 000    3.12    -3.96    -0.48  -361.70    -14.60    -26.60    5.00     60694.0
 2024 07 09 05 46 00 000    2.22    -4.42    -1.46  -364.80    -18.70    -25.00    5.21     54621.0
 2024 07 09 05 47 00 000    2.39    -4.39    -1.29  -365.70    -15.30    -26.40    5.21     55536.0
 2024 07 09 05 48 00 000    2.38    -4.24    -1.71  -365.80    -14.00    -26.90    5.20     56169.0
 2024 07 09 05 49 00 000    3.09    -3.75    -1.75  -362.20    -12.80    -34.60    5.05     43557.0
 2024 07 09 05 50 00 000    2.67    -4.12    -1.60  -361.60    -12.60    -36.00    5.03     41276.0
 2024 07 09 05 51 00 000    2.68    -4.20    -1.20  -363.20    -12.60    -30.10    5.01     56631.0
 2024 07 09 05 52 00 000    2.39    -4.54    -0.49  -363.60    -12.60    -28.80    5.01     59993.0
 2024 07 09 05 53 00 000    2.68    -4.32    -0.76  -362.10    -17.90    -27.60    4.78     47490.0
 2024 07 09 05 54 00 000    1.74    -4.98    -0.45  -364.40    -17.90    -25.70    4.86     46740.0
 2024 07 09 05 55 00 000    1.30    -5.09    -0.82  -370.60    -17.80    -20.40    5.07     44695.0
 2024 07 09 05 56 00 000    0.75    -5.30    -0.31  -370.60    -17.80    -20.40    5.07     44695.0
 2024 07 09 05 57 00 000    2.54    -4.62     0.15  -367.50    -10.00    -12.30    4.85     44760.0
 2024 07 09 05 58 00 000    2.43    -4.63     0.78  -367.50    -10.00    -12.30    4.85     44760.0
 2024 07 09 05 59 00 000    2.57    -4.61     0.37  -364.00     -1.70    -24.70    4.85     51921.0
 2024 07 09 06 00 00 000    2.42    -4.52     0.98  -365.50     -4.90    -21.20    4.74     52024.0
 2024 07 09 06 01 00 000    2.70    -4.40     0.74  -365.50     -4.90    -21.20    4.74     52024.0
 2024 07 09 06 02 00 000    3.64    -3.72     0.60  -365.50     -4.90    -21.20    4.74     52024.0
 2024 07 09 06 03 00 000    3.55    -3.76     0.60  -359.30     -5.40    -13.10    5.40     53115.0
 2024 07 09 06 04 00 000    2.99    -4.21     0.58  -359.40     -5.50    -12.90    5.40     53107.0
 2024 07 09 06 05 00 000    2.32    -4.65     0.32  -363.50     -9.20     -6.00    5.13     52844.0
 2024 07 09 06 06 00 000    2.87    -4.19     0.59  -362.70     -9.10     -8.70    5.28     52965.0
 2024 07 09 06 07 00 000    2.61    -4.51     0.42  -363.00     -9.40    -11.90    5.49     50029.0
 2024 07 09 06 08 00 000    2.70    -4.44     0.34  -368.40    -11.80     -8.20    5.45     39178.0
 2024 07 09 06 09 00 000    2.50    -4.56     0.45  -367.80     -5.50    -15.20    4.88     42258.0
 2024 07 09 06 10 00 000    2.00    -4.92     0.10  -367.80     -5.50    -15.20    4.88     42262.0
 2024 07 09 06 11 00 000    2.35    -4.70     0.43  -367.80     -5.50    -15.20    4.88     42262.0
 2024 07 09 06 12 00 000    2.47    -4.60     0.88  -366.90     -9.40     -9.10    4.68     39561.0
 2024 07 09 06 13 00 000    2.40    -4.68     0.81  -366.90     -8.80    -11.00    4.64     39252.0
 2024 07 09 06 14 00 000    2.40    -4.74     0.68  -366.90     -8.10    -13.00    4.59     38936.0
 2024 07 09 06 15 00 000    2.52    -4.70     0.53  -368.10     -8.50     -9.30    4.61     37120.0
 2024 07 09 06 16 00 000    2.31    -4.85     0.59  -368.10     -8.50     -9.30    4.61     37120.0
 2024 07 09 06 17 00 000    2.12    -5.00     0.91  -366.60     -7.20    -10.70    4.76     41943.0
 2024 07 09 06 18 00 000    2.52    -4.95     0.43  -366.60     -7.20    -10.70    4.76     41943.0
 2024 07 09 06 19 00 000    2.53    -5.16     0.75  -366.60     -7.20    -10.70    4.76     41943.0
 2024 07 09 06 20 00 000    0.80    -4.60     2.88  -368.60     -8.00    -10.60    5.21     46993.0
 2024 07 09 06 21 00 000    1.91    -4.96     1.68  -369.00     -5.60    -11.90    5.14     37718.0
 2024 07 09 06 22 00 000    2.50    -5.07     0.85  -369.00     -3.80    -13.60    4.97     27743.0
 2024 07 09 06 23 00 000    2.30    -5.14     0.97  -363.00    -13.10    -18.20    3.92     28149.0
 2024 07 09 06 24 00 000    2.78    -4.61     1.75  -363.00    -13.10    -18.20    3.92     28149.0
 2024 07 09 06 25 00 000    1.63    -5.10     1.80  -362.30    -16.00    -12.50    3.73     27732.0
 2024 07 09 06 26 00 000    1.86    -5.21     1.59  -366.70    -16.30     -9.90    3.34     22542.0
 2024 07 09 06 27 00 000    1.80    -5.26     1.60  -370.40    -16.50     -7.70    3.03     18170.0
 2024 07 09 06 28 00 000    1.91    -5.22     1.55  -370.40    -16.50     -7.70    3.03     18170.0
 2024 07 09 06 29 00 000    2.50    -4.93     1.30  -364.50    -16.90     -3.00    4.75     37240.0
 2024 07 09 06 30 00 000    1.67    -5.38     1.15  -364.50    -16.90     -3.00    4.75     37240.0
 2024 07 09 06 31 00 000    2.03    -5.16     1.84  -367.30    -13.50     -8.20    4.29     34927.0
 2024 07 09 06 32 00 000    2.15    -5.27     1.37  -367.10    -14.60     -7.90    4.24     34660.0
 2024 07 09 06 33 00 000    2.21    -5.26     1.15  -368.10    -15.10    -14.10    4.36     36857.0
 2024 07 09 06 34 00 000    2.81    -4.93     1.48  -367.80     -9.40    -18.90    4.50     39496.0
 2024 07 09 06 35 00 000    2.69    -5.09     1.10  -363.60     -3.90    -22.90    4.03     30764.0
 2024 07 09 06 36 00 000    2.61    -5.19     0.73  -363.60     -3.90    -22.90    4.03     30764.0
 2024 07 09 06 37 00 000    2.00    -5.07     1.60  -365.20     -8.40    -22.00    4.90     41087.0
 2024 07 09 06 38 00 000    2.22    -4.87     1.83  -365.20     -8.40    -22.00    4.90     41087.0
 2024 07 09 06 39 00 000    2.08    -4.99     1.77  -365.20     -8.40    -22.00    4.90     41087.0
 2024 07 09 06 40 00 000    2.13    -4.98     1.84  -365.20     -8.40    -22.00    4.90     41087.0
 2024 07 09 06 41 00 000    0.67    -4.88     2.46  -369.70    -16.90     -9.20    4.27     30943.0
 2024 07 09 06 42 00 000   -0.30    -4.62     2.99  -375.10    -17.00    -10.20    4.40     29763.0
 2024 07 09 06 43 00 000   -0.08    -4.81     2.76  -377.10    -13.90     -4.20    4.42     28231.0
 2024 07 09 06 44 00 000   -0.02    -5.16     2.20  -373.70    -16.30    -12.10    4.35     27841.0
 2024 07 09 06 45 00 000    0.37    -5.14     2.23  -373.20    -16.40    -15.00    4.25     27980.0
 2024 07 09 06 46 00 000    0.49    -5.14     2.29  -373.00    -16.40    -16.80    4.17     28096.0
 2024 07 09 06 47 00 000    0.65    -5.06     2.38  -373.00    -16.40    -16.80    4.17     28096.0
 2024 07 09 06 48 00 000    0.65    -5.06     2.39  -368.70    -15.00    -11.80    4.36     28568.0
 2024 07 09 06 49 00 000    0.85    -4.90     2.53  -368.70    -15.00    -11.80    4.36     28568.0
 2024 07 09 06 50 00 000    0.78    -4.92     2.54  -368.30    -15.30    -10.80    4.37     28693.0
 2024 07 09 06 51 00 000    0.72    -4.90     2.63  -367.70    -15.40     -9.10    4.38     29281.0
 2024 07 09 06 52 00 000    0.63    -4.97     2.48  -368.80    -14.40     -9.50    4.49     29840.0
 2024 07 09 06 53 00 000    0.46    -4.80     2.68  -371.10    -14.70     -8.40    4.18     27035.0
 2024 07 09 06 54 00 000    0.67    -4.64     2.90  -372.30    -15.40     -8.10    4.04     26522.0
 2024 07 09 06 55 00 000    0.57    -4.72     2.64  -372.30    -15.10     -8.20    4.24     28895.0
 2024 07 09 06 56 00 000    0.29    -4.90     2.42  -371.50    -15.10     -7.20    4.54     31588.0
 2024 07 09 06 57 00 000    0.37    -4.78     2.59  -371.50    -15.10     -7.20    4.54     31588.0
 2024 07 09 06 58 00 000    0.48    -4.78     2.60  -372.40    -15.30     -9.90    4.40     27992.0
 2024 07 09 06 59 00 000    0.43    -4.86     2.50  -372.40    -15.30     -9.90    4.40     27992.0
 2024 07 09 07 00 00 000    0.07    -4.98     2.30  -371.60    -15.00    -11.10    4.24     25899.0
 2024 07 09 07 01 00 000   -0.16    -5.08     2.20  -371.70    -14.90    -11.00    4.24     25893.0
 2024 07 09 07 02 00 000   -0.64    -5.28     1.51  -372.60    -14.30     -9.90    4.24     25824.0
 2024 07 09 07 03 00 000    0.86    -4.78     2.35  -372.60    -14.30     -9.90    4.24     25824.0
 2024 07 09 07 04 00 000    2.41    -3.98     2.93  -372.60    -14.30     -9.90    4.24     25824.0
 2024 07 09 07 05 00 000    2.74    -3.82     2.94  -365.50     -1.50    -14.50    4.67     35343.0
 2024 07 09 07 06 00 000    2.10    -4.38     2.78  -367.20    -10.50    -11.20    4.50     35084.0
 2024 07 09 07 07 00 000    1.88    -4.51     2.66  -368.00    -14.50     -9.00    4.25     32619.0
 2024 07 09 07 08 00 000    1.98    -4.46     2.75  -367.80    -12.30     -7.20    3.66     24686.0
 2024 07 09 07 09 00 000    1.95    -4.44     2.76  -367.80    -12.30     -7.20    3.66     24686.0
 2024 07 09 07 10 00 000    1.95    -4.49     2.68  -366.70     -9.00     -8.10    4.26     30248.0
 2024 07 09 07 11 00 000    1.86    -4.52     2.68  -366.70     -9.00     -8.10    4.26     30248.0
 2024 07 09 07 12 00 000    1.66    -4.62     2.59  -366.70     -9.00     -8.10    4.26     30248.0
 2024 07 09 07 13 00 000    2.67    -4.40     2.01  -366.70     -9.00     -8.10    4.26     30248.0
 2024 07 09 07 14 00 000    2.68    -4.47     1.79  -366.70     -9.00     -8.10    4.26     30248.0
 2024 07 09 07 15 00 000    1.84    -4.49     2.25  -364.80    -11.10    -10.10    4.80     40427.0
 2024 07 09 07 16 00 000    1.20    -4.42     2.69  -364.80    -11.10    -10.10    4.80     40427.0
 2024 07 09 07 17 00 000    1.33    -4.24     2.88  -364.80    -11.10    -10.10    4.80     40427.0
 2024 07 09 07 18 00 000    1.23    -4.58     2.38  -363.80     -6.50    -15.50    4.61     29988.0
 2024 07 09 07 19 00 000    1.38    -4.72     2.14  -365.30    -10.50    -12.00    4.64     32559.0
 2024 07 09 07 20 00 000    1.33    -4.76     2.04  -365.70    -10.00    -10.00    4.77     35032.0
 2024 07 09 07 21 00 000    1.05    -4.56     2.66  -365.20     -4.80     -8.40    5.08     38695.0
 2024 07 09 07 22 00 000    1.38    -4.55     2.53  -365.20     -4.80     -8.40    5.08     38695.0
 2024 07 09 07 23 00 000    1.30    -4.62     2.47  -364.00     -6.60    -11.50    4.90     33782.0
 2024 07 09 07 24 00 000    1.31    -4.53     2.62  -364.00     -6.60    -11.50    4.90     33782.0
 2024 07 09 07 25 00 000    1.37    -4.52     2.48  -364.20     -3.80    -17.20    4.32     26859.0
 2024 07 09 07 26 00 000    1.18    -4.70     2.17  -364.20     -7.40    -14.70    4.38     30257.0
 2024 07 09 07 27 00 000    1.19    -4.73     2.07  -364.40    -11.40    -12.10    4.52     34536.0
 2024 07 09 07 28 00 000    1.06    -4.55     2.30  -367.30    -13.40    -13.20    4.74     36265.0
 2024 07 09 07 29 00 000    1.52    -4.12     2.99  -370.70    -16.00    -12.30    4.47     32035.0
 2024 07 09 07 30 00 000    1.42    -4.46     2.82  -370.70    -16.00    -12.30    4.47     32035.0
 2024 07 09 07 31 00 000    1.44    -4.76     2.17  -367.90     -9.20     -9.90    4.36     41720.0
 2024 07 09 07 32 00 000    1.41    -4.65     2.13  -367.90     -9.20     -9.90    4.36     41720.0
 2024 07 09 07 33 00 000    1.57    -4.48     2.54  -366.30     -7.40    -12.00    4.26     37014.0
 2024 07 09 07 34 00 000    1.93    -4.34     2.72  -366.10     -7.20    -12.30    4.25     36464.0
 2024 07 09 07 35 00 000    1.68    -4.50     2.70  -365.80     -6.90    -11.90    4.42     39484.0
 2024 07 09 07 36 00 000    1.91    -4.47     2.75  -365.80     -6.80    -11.80    4.45     39991.0
 2024 07 09 07 37 00 000    1.73    -4.63     2.26  -366.00     -4.70    -14.60    4.07     37098.0
 2024 07 09 07 38 00 000    1.52    -3.66     2.02  -366.00     -4.60    -14.80    4.04     36910.0
 2024 07 09 07 39 00 000    1.47    -3.35     2.30  -366.00     -4.60    -14.80    4.04     36910.0
 2024 07 09 07 40 00 000    1.68    -3.31     2.20  -366.00     -4.60    -14.80    4.04     36910.0
 2024 07 09 07 41 00 000    1.78    -3.43     2.13  -370.50      2.10     -6.50    5.61     57320.0
 2024 07 09 07 42 00 000    2.22    -3.71     1.83  -368.40     -4.10    -10.80    5.25     63897.0
 2024 07 09 07 43 00 000    2.52    -3.81     1.48  -365.50    -11.70    -12.20    5.02     65126.0
 2024 07 09 07 44 00 000    2.44    -3.78     1.52  -362.90    -13.40    -10.50    4.78     55325.0
 2024 07 09 07 45 00 000    1.02    -2.03     0.28  -364.20     -9.80    -10.00    5.00     57368.0
 2024 07 09 07 46 00 000    0.82     0.16    -1.91  -373.20     -0.40    -15.70    5.41     55164.0
 2024 07 09 07 47 00 000   -0.75     1.31    -3.27  -381.00      6.60    -24.50    5.51     43054.0
 2024 07 09 07 48 00 000   -0.69     1.56    -3.20  -378.20     10.00    -24.20    5.52     36315.0
 2024 07 09 07 49 00 000   -0.10     1.75    -3.30  -378.20     10.00    -24.20    5.52     36315.0
 2024 07 09 07 50 00 000    0.96     1.68    -3.24  -378.20     10.00    -24.20    5.52     36315.0
 2024 07 09 07 51 00 000    1.23     1.88    -2.95  -378.20     10.00    -24.20    5.52     36315.0
 2024 07 09 07 52 00 000    2.11     0.29    -2.78  -374.10     11.80    -19.00    5.33     39186.0
 2024 07 09 07 53 00 000    0.46     1.65    -3.47  -374.10     11.80    -18.90    5.30     39326.0
 2024 07 09 07 54 00 000   -0.26     2.16    -3.47  -376.80     10.10    -12.40    3.94     46757.0
 2024 07 09 07 55 00 000    1.15     2.43    -2.92  -374.50      8.20    -18.20    4.69     50702.0
 2024 07 09 07 56 00 000    1.27     1.26    -3.55  -373.40      6.90    -22.50    5.30     53721.0
 2024 07 09 07 57 00 000    2.08     0.76    -3.35  -371.30      8.10    -26.90    5.74     53224.0
 2024 07 09 07 58 00 000    2.90    -2.00    -2.12  -368.70      0.90    -25.00    5.68     59323.0
 2024 07 09 07 59 00 000    2.89    -2.07    -2.19  -366.20     -3.90    -28.70    5.92     80474.0
 2024 07 09 08 00 00 000    2.88    -2.36    -2.04  -365.10     -4.30    -31.20    5.98     90798.0
 2024 07 09 08 01 00 000    2.74    -2.65    -1.85  -365.10     -4.30    -31.20    5.98     90798.0
 2024 07 09 08 02 00 000    2.97    -2.46    -1.67  -365.10     -4.30    -31.20    5.98     90798.0
 2024 07 09 08 03 00 000    2.86    -2.30    -2.01  -365.10     -4.30    -31.20    5.98     90798.0
 2024 07 09 08 04 00 000    3.10    -1.97    -1.83  -365.10     -4.30    -31.20    5.98     90798.0
 2024 07 09 08 05 00 000    3.37    -1.85    -1.56  -359.90      1.50    -16.40    5.49     58591.0
 2024 07 09 08 06 00 000    3.69    -1.66    -1.17  -359.70     -0.70    -16.30    5.59     58330.0
 2024 07 09 08 07 00 000    3.78    -1.88    -0.72  -358.40     -5.60    -18.20    5.90     60609.0
 2024 07 09 08 08 00 000    3.33    -2.10    -1.80  -357.50     -6.40    -24.40    6.05     64991.0
 2024 07 09 08 09 00 000    3.44    -2.14    -1.57  -358.80     -5.30    -29.80    6.00     65845.0
 2024 07 09 08 10 00 000    3.55    -2.10    -0.98  -357.70     -6.60    -13.10    6.16     85305.0
 2024 07 09 08 11 00 000    3.29    -3.00     0.03  -357.70     -6.60    -13.10    6.16     85305.0
 2024 07 09 08 12 00 000    3.61    -2.57    -0.87  -357.70     -6.60    -13.10    6.16     85305.0
 2024 07 09 08 13 00 000    3.29    -1.17    -2.74  -357.70     -6.60    -13.10    6.16     85305.0
 2024 07 09 08 14 00 000    2.87    -2.53    -1.48  -364.30      0.10    -27.10    4.82     46933.0
 2024 07 09 08 15 00 000    3.65    -1.70    -1.98  -368.00     -4.50    -23.50    4.70     48729.0
 2024 07 09 08 16 00 000    3.58    -1.88    -1.96  -368.00     -4.50    -23.50    4.70     48729.0
 2024 07 09 08 17 00 000    3.69    -1.78    -1.73  -368.00     -4.50    -23.50    4.70     48729.0
 2024 07 09 08 18 00 000    3.88    -1.75    -1.40  -368.00     -4.50    -23.50    4.70     48729.0
 2024 07 09 08 19 00 000    3.86    -1.67    -1.41  -359.30     -2.50    -17.80    5.82     56687.0
 2024 07 09 08 20 00 000    3.65    -0.03    -2.41  -359.30     -2.50    -17.80    5.82     56687.0
 2024 07 09 08 21 00 000    2.60     1.17    -3.43  -365.90      6.90    -20.00    5.77     47802.0
 2024 07 09 08 22 00 000    2.86     1.11    -3.36  -369.60     17.50    -21.90    5.64     44110.0
 2024 07 09 08 23 00 000    2.27     1.60    -3.66  -365.70     17.60    -21.20    5.57     50875.0
 2024 07 09 08 24 00 000    2.26     1.62    -3.70  -370.30     15.10    -26.50    5.29     35139.0
 2024 07 09 08 25 00 000    2.23     1.81    -3.61  -370.30     16.50    -25.10    5.29     36294.0
 2024 07 09 08 26 00 000    1.95     1.71    -3.77  -370.80     17.90    -23.30    5.39     38356.0
 2024 07 09 08 27 00 000    1.69     1.86    -3.82  -373.90     14.40    -24.70    6.14     42134.0
 2024 07 09 08 28 00 000    2.09     1.57    -3.63  -373.30     14.30    -24.90    6.09     42790.0
 2024 07 09 08 29 00 000    2.67     1.52    -3.31  -369.10     13.90    -25.90    5.76     47026.0
 2024 07 09 08 30 00 000    2.50     1.90    -3.23  -369.10     13.90    -25.90    5.76     47026.0
 2024 07 09 08 31 00 000    2.33     1.77    -3.35  -368.20     16.60    -24.50    5.35     40271.0
 2024 07 09 08 32 00 000    2.34     1.63    -3.40  -368.20     16.60    -24.50    5.35     40271.0
 2024 07 09 08 33 00 000    1.78     2.06    -3.28  -370.30     12.50    -22.00    5.76     50042.0
 2024 07 09 08 34 00 000    1.60     2.12    -3.21  -370.30     12.50    -22.00    5.76     50042.0
 2024 07 09 08 35 00 000    1.71     2.12    -3.17  -370.30     12.50    -22.00    5.76     50042.0
 2024 07 09 08 36 00 000    0.47     2.37    -3.21  -379.40     17.50    -19.70    5.39     37304.0
 2024 07 09 08 37 00 000    0.96     2.61    -2.89  -376.90     16.00    -18.90    5.38     37573.0
 2024 07 09 08 38 00 000    1.53     2.09    -3.12  -373.30     16.60    -22.90    5.34     41025.0
 2024 07 09 08 39 00 000    1.52     1.95    -3.26  -373.20     16.80    -23.40    5.34     41340.0
 2024 07 09 08 40 00 000    0.35     2.61    -2.82  -373.20     16.80    -23.40    5.34     41340.0
 2024 07 09 08 41 00 000    0.35     2.53    -2.88  -379.10     17.90    -21.00    5.45     37883.0
 2024 07 09 08 42 00 000   -0.25     2.42    -3.14  -377.90     17.30    -21.50    5.47     38745.0
 2024 07 09 08 43 00 000    0.77     2.47    -2.79  -377.90     17.30    -21.50    5.47     38745.0
 2024 07 09 08 44 00 000    2.72     1.30    -2.14  -375.20     14.80    -21.10    5.53     36791.0
 2024 07 09 08 45 00 000    3.29     1.00    -1.81  -375.20     14.80    -21.10    5.53     36791.0
 2024 07 09 08 46 00 000    2.93    -1.45    -0.86  -363.20     -6.80    -13.80    6.66    112855.0
 2024 07 09 08 47 00 000    3.20    -0.77    -1.29  -363.10      0.30    -16.40    6.15     90567.0
 2024 07 09 08 48 00 000    3.58    -0.84    -0.54  -363.00      6.30    -18.50    5.72     72010.0
 2024 07 09 08 49 00 000    2.84    -0.74     0.96  -367.40    -14.80      3.20    5.54     75816.0
 2024 07 09 08 50 00 000    2.01    -0.60     1.63  -367.40    -14.80      3.20    5.54     75816.0
 2024 07 09 08 51 00 000    2.93    -0.89     0.27  -367.40    -14.80      3.20    5.54     75816.0
 2024 07 09 08 52 00 000    3.01    -0.35     0.43  -356.20      1.50    -14.40    6.55    124261.0
 2024 07 09 08 53 00 000    1.51    -1.59     2.69  -356.20      1.50    -14.40    6.55    124261.0
 2024 07 09 08 54 00 000    0.75    -2.17     2.43  -356.20      1.50    -14.40    6.55    124261.0
 2024 07 09 08 55 00 000    2.01    -1.32     2.33  -371.30     -3.30      1.50    5.53     42518.0
 2024 07 09 08 56 00 000    1.42    -1.43     2.80  -370.60     -6.30      1.60    5.43     50509.0
 2024 07 09 08 57 00 000    1.25    -1.39     2.73  -372.20    -10.50      2.90    5.66     73290.0
 2024 07 09 08 58 00 000    0.76    -1.69     2.78  -373.70     -8.60      4.00    6.08     87586.0
 2024 07 09 08 59 00 000   -0.03    -2.19     2.70  -373.60    -10.00     -4.30    5.41     57878.0
 2024 07 09 09 00 00 000   -0.78    -2.03     2.73  -373.60    -10.00     -4.30    5.41     57878.0
 2024 07 09 09 01 00 000    0.33    -1.82     2.62  -373.60    -10.00     -4.30    5.41     57878.0
 2024 07 09 09 02 00 000    3.41     0.16     0.88  -373.60    -10.00     -4.30    5.41     57878.0
 2024 07 09 09 03 00 000    3.58     0.68     0.04  -373.60    -10.00     -4.30    5.41     57878.0
 2024 07 09 09 04 00 000    3.60     0.54     0.08  -373.60    -10.00     -4.30    5.41     57878.0
 2024 07 09 09 05 00 000    3.61     0.41     0.04  -359.90      4.00     -3.80    6.48     88793.0
 2024 07 09 09 06 00 000    3.63     0.69     0.05  -359.90      4.00     -3.80    6.48     88793.0
 2024 07 09 09 07 00 000    3.63     0.21     0.21  -358.60      3.00     -1.60    6.18     51655.0
 2024 07 09 09 08 00 000    3.63    -1.03     0.22  -358.80     -0.10     -1.70    6.23     64813.0
 2024 07 09 09 09 00 000    3.63     0.26    -0.24  -359.50     -1.90     -4.30    6.32     85570.0
 2024 07 09 09 10 00 000    2.46     2.59    -0.19  -365.30      3.50     -3.60    5.95     63396.0
 2024 07 09 09 11 00 000    1.57     3.29     0.23  -366.40      9.90     -2.70    5.91     54968.0
 2024 07 09 09 12 00 000    2.37     2.12     0.27  -366.50      8.20     -7.00    6.29     62146.0
 2024 07 09 09 13 00 000    3.04     1.27    -0.75  -364.70      6.50    -12.10    6.23     59939.0
 2024 07 09 09 14 00 000    3.04     1.08    -0.75  -361.10      4.50    -20.50    6.13     53807.0
 2024 07 09 09 15 00 000    3.06     1.72    -0.51  -365.90      9.60      0.40    6.43     62413.0
 2024 07 09 09 16 00 000    3.47     1.03    -0.94  -361.30      5.00    -23.50    6.00     51357.0
 2024 07 09 09 17 00 000    3.52     0.43    -1.07  -360.20      4.70    -28.60    5.91     47621.0
 2024 07 09 09 18 00 000    3.39     0.79    -1.51  -363.60      7.40     -7.30    6.35     58401.0
 2024 07 09 09 19 00 000    3.34     0.06    -1.67  -362.80      8.20    -11.00    6.26     76928.0
 2024 07 09 09 20 00 000    3.18    -1.19    -0.91  -362.70      8.30    -11.60    6.24     79984.0
 2024 07 09 09 21 00 000    3.40    -0.90    -0.74  -362.70      8.30    -11.60    6.24     79984.0
 2024 07 09 09 22 00 000    3.31    -0.90    -1.09  -359.00     -4.30    -21.80    6.12     52686.0
 2024 07 09 09 23 00 000    2.62    -2.26     0.41  -359.00     -4.30    -21.80    6.12     52686.0
 2024 07 09 09 24 00 000    2.79    -2.02    -0.25  -359.90    -17.30    -24.50    5.73     63119.0
 2024 07 09 09 25 00 000    2.76    -1.98    -0.36  -360.10    -17.40    -24.20    5.75     64819.0
 2024 07 09 09 26 00 000    2.73    -2.09    -0.17  -362.60    -18.80    -18.80    6.05     91080.0
 2024 07 09 09 27 00 000    2.57    -2.30    -0.03  -362.70    -18.80    -18.60    6.06     92020.0
 2024 07 09 09 28 00 000    2.52    -2.36     0.05  -363.80    -16.30    -12.20    5.88     96317.0
 2024 07 09 09 29 00 000    2.27    -2.48    -0.65  -363.80    -16.30    -12.20    5.88     96317.0
 2024 07 09 09 30 00 000    2.79    -1.74    -0.92  -366.80    -17.40    -12.90    5.64     79940.0
 2024 07 09 09 31 00 000    2.91    -1.16    -1.10  -366.90     -9.20    -15.50    5.72     88179.0
 2024 07 09 09 32 00 000    2.77    -1.07    -0.18  -367.00      0.70    -18.70    5.81     98062.0
 2024 07 09 09 33 00 000    2.48    -0.59    -1.60  -367.10      0.40    -25.80    6.13     75816.0
 2024 07 09 09 34 00 000    2.44    -0.40    -1.82  -367.10      0.40    -25.80    6.13     75816.0
 2024 07 09 09 35 00 000    2.54    -0.22    -1.54  -367.10      0.40    -25.80    6.13     75816.0
 2024 07 09 09 36 00 000    2.56    -0.20    -1.43  -367.10      0.40    -25.80    6.13     75816.0
 2024 07 09 09 37 00 000    2.59    -0.33    -1.26  -367.60     -5.50     -8.10    5.55    103679.0
 2024 07 09 09 38 00 000    2.61    -0.03    -1.36  -368.10     -0.10    -15.10    5.65     80480.0
 2024 07 09 09 39 00 000    2.22     0.54    -1.83  -368.50      4.00    -21.40    5.87     66189.0
 2024 07 09 09 40 00 000    2.14     0.77    -1.81  -368.80      4.80    -24.10    6.16     68465.0
 2024 07 09 09 41 00 000    2.19     0.55    -1.68  -366.00      6.60    -11.70    5.39     70498.0
 2024 07 09 09 42 00 000    2.05    -0.01    -2.74  -367.20      5.20    -19.20    6.04     76470.0
 2024 07 09 09 43 00 000    1.86     0.20    -2.98  -370.40      0.70    -23.40    6.30     67958.0
 2024 07 09 09 44 00 000    1.39     0.52    -3.11  -372.60     -0.80    -23.60    6.22     58839.0
 2024 07 09 09 45 00 000    1.40     0.23    -3.67  -373.80      2.40    -23.20    6.04     57763.0
 2024 07 09 09 46 00 000    1.54    -0.11    -3.54  -373.90      2.60    -23.20    6.03     57691.0
 2024 07 09 09 47 00 000    1.93    -0.78    -2.80  -371.00     -2.40    -22.50    5.93     63315.0
 2024 07 09 09 48 00 000    2.05    -1.09    -2.68  -371.00     -2.40    -22.50    5.93     63315.0
 2024 07 09 09 49 00 000    2.03    -0.94    -2.87  -371.00     -2.40    -22.50    5.93     63315.0
 2024 07 09 09 50 00 000    2.25    -1.20    -2.87  -371.00     -2.40    -22.50    5.93     63315.0
 2024 07 09 09 51 00 000    2.20    -1.59    -2.82  -371.80     -6.70    -22.60    5.76     57916.0
 2024 07 09 09 52 00 000    2.69    -2.02    -1.81  -371.80     -6.70    -22.60    5.76     57916.0
 2024 07 09 09 53 00 000    2.85    -1.92    -1.44  -371.80     -6.70    -22.60    5.76     57916.0
 2024 07 09 09 54 00 000    3.26    -1.45    -1.06  -363.50     -9.50    -24.20    6.69     87270.0
 2024 07 09 09 55 00 000    3.40    -1.06    -0.82  -363.50     -9.50    -24.20    6.69     87270.0
 2024 07 09 09 56 00 000    3.51    -0.54    -1.02  -359.40     -5.80    -22.40    6.14     68239.0
 2024 07 09 09 57 00 000    3.63    -0.15    -0.97  -359.40     -5.80    -22.40    6.14     68140.0
 2024 07 09 09 58 00 000    3.41    -0.13    -1.01  -361.30     -5.30    -18.60    6.26     68995.0
 2024 07 09 09 59 00 000    2.39     0.11    -0.65  -361.90     -2.40    -19.30    6.50     84585.0
 2024 07 09 10 00 00 000    2.93     0.42    -0.45  -362.40     -0.10    -19.90    6.70     96540.0
 2024 07 09 10 01 00 000    2.32     0.55     0.08  -362.40     -0.10    -19.90    6.70     96540.0
 2024 07 09 10 02 00 000    2.92     0.80     0.11  -362.40     -0.10    -19.90    6.70     96540.0
 2024 07 09 10 03 00 000    2.92     0.80     0.11  -362.40     -0.10    -19.90    6.70     96540.0
 2024 07 09 10 04 00 000    2.54     0.89     0.23  -362.40     -0.10    -19.90    6.70     96540.0
 2024 07 09 10 05 00 000    3.20    -0.04    -0.67  -357.60     -4.00    -21.80    6.74     70262.0
 2024 07 09 10 06 00 000    3.22     0.42    -0.82  -361.80     -3.40    -12.80    6.63     89883.0
 2024 07 09 10 07 00 000    3.11    -0.16    -1.41  -359.10     -1.70    -18.10    6.34     79909.0
 2024 07 09 10 08 00 000    3.12    -0.35    -1.20  -364.40     -8.90    -12.60    5.79     91086.0
 2024 07 09 10 09 00 000    3.20     0.83    -0.06  -364.60     -9.10    -12.40    5.77     91549.0
 2024 07 09 10 10 00 000    3.19     0.80    -0.40  -360.90      1.10     -5.40    6.49     79457.0
 2024 07 09 10 11 00 000    3.06     1.45    -0.05  -360.90      1.10     -5.40    6.49     79457.0
 2024 07 09 10 12 00 000    3.20     1.34     0.01  -364.70      4.00     -2.40    6.18     71188.0
 2024 07 09 10 13 00 000    3.13     1.27     0.03  -365.20      4.40     -2.00    6.14     70103.0
 2024 07 09 10 14 00 000    3.22     1.05     0.16  -365.20      4.40     -2.00    6.14     70103.0
 2024 07 09 10 15 00 000    3.09     1.39    -0.41  -365.20      4.40     -2.00    6.14     70103.0
 2024 07 09 10 16 00 000    2.95     1.41    -0.83  -365.20      4.40     -2.00    6.14     70103.0
 2024 07 09 10 17 00 000    3.29     0.54     0.27  -365.20      4.40     -2.00    6.14     70103.0
 2024 07 09 10 18 00 000    3.23     0.21     0.70  -365.20      4.40     -2.00    6.14     70103.0
 2024 07 09 10 19 00 000    3.12     0.51    -0.20  -363.60      0.30     -7.70    6.46     89395.0
 2024 07 09 10 20 00 000    1.59    -0.60    -0.20  -373.10    -16.30     -6.90    6.26     70719.0
 2024 07 09 10 21 00 000    2.24     0.94     0.06  -370.50    -17.90     -4.90    5.95     65976.0
 2024 07 09 10 22 00 000    1.37     2.56    -2.91  -366.30     -4.80     -1.80    6.50     93784.0
 2024 07 09 10 23 00 000    1.63     2.63    -2.59  -376.40     12.10    -20.00    5.70     50175.0
 2024 07 09 10 24 00 000    1.45     2.42    -2.79  -375.70     11.50    -20.20    5.90     52597.0
 2024 07 09 10 25 00 000    2.26     0.89    -3.08  -376.00      8.40    -23.50    5.95     54331.0
 2024 07 09 10 26 00 000    2.36     0.66    -3.11  -376.00      8.20    -23.80    5.95     54473.0
 2024 07 09 10 27 00 000    2.29     0.35    -3.09  -373.40      3.90    -22.20    6.26     57281.0
 2024 07 09 10 28 00 000    1.88    -0.46    -2.63  -373.60      3.50    -22.00    6.20     60412.0
 2024 07 09 10 29 00 000    1.53    -1.56    -2.16  -374.00      2.90    -21.60    6.10     65088.0
 2024 07 09 10 30 00 000    1.65    -1.38    -2.55  -375.30     -1.40    -22.80    6.14     68497.0
 2024 07 09 10 31 00 000    1.73    -1.46    -2.60  -375.30     -1.60    -22.70    6.13     67501.0
 2024 07 09 10 32 00 000    2.29    -1.31    -3.33  -375.40     -1.80    -22.20    6.09     62963.0
 2024 07 09 10 33 00 000    2.57    -1.28    -3.52  -376.50     -0.80    -20.10    5.30     53643.0
 2024 07 09 10 34 00 000    2.55    -1.17    -3.64  -376.80     -0.60    -19.60    5.12     51514.0
 2024 07 09 10 35 00 000    2.56    -0.69    -3.69  -379.10      1.50    -15.40    4.78     45554.0
 2024 07 09 10 36 00 000    2.16    -0.11    -2.83  -379.10      1.50    -15.40    4.78     45554.0
 2024 07 09 10 37 00 000    2.08     0.11    -2.73  -374.30      5.30    -21.10    5.67     55361.0
 2024 07 09 10 38 00 000    1.59    -0.72    -3.13  -375.10      3.70    -22.70    6.09     52952.0
 2024 07 09 10 39 00 000    1.64    -0.38    -3.12  -375.90      2.00    -24.40    6.52     50460.0
 2024 07 09 10 40 00 000    1.62     0.11    -3.07  -374.30      3.30    -25.30    6.49     52972.0
 2024 07 09 10 41 00 000    1.82     0.78    -3.52  -374.30      3.30    -25.30    6.49     52972.0
 2024 07 09 10 42 00 000    1.44     1.19    -3.41  -374.60      3.50    -21.00    6.09     53510.0
 2024 07 09 10 43 00 000    0.50     2.69    -2.75  -374.60      3.50    -21.00    6.09     53510.0
 2024 07 09 10 44 00 000    0.17     3.25    -2.70  -385.20     21.40     -9.20    6.19     41815.0
 2024 07 09 10 45 00 000    0.30     3.77    -3.44  -384.50     18.70    -10.30    5.90     41831.0
 2024 07 09 10 46 00 000    0.38     3.66    -3.68  -382.50     10.50    -13.50    5.04     41879.0
 2024 07 09 10 47 00 000    0.54     3.53    -3.60  -381.80      8.90    -13.20    5.18     32564.0
 2024 07 09 10 48 00 000    0.69     3.03    -3.55  -381.50      8.70    -13.40    5.21     32136.0
 2024 07 09 10 49 00 000   -0.02     3.79    -3.27  -377.90      5.40    -18.50    5.62     39248.0
 2024 07 09 10 50 00 000   -0.03     3.83    -3.41  -377.90      5.40    -18.50    5.62     39247.0
 2024 07 09 10 51 00 000   -0.03     3.96    -3.44  -380.80     12.80    -15.50    5.03     38401.0
 2024 07 09 10 52 00 000   -0.15     4.12    -3.58  -381.80     11.80    -13.70    4.83     38069.0
 2024 07 09 10 53 00 000   -0.14     3.37    -3.98  -381.50      6.00    -14.60    4.66     32898.0
 2024 07 09 10 54 00 000   -0.15     3.50    -3.96  -382.80      5.00    -13.70    4.90     38028.0
 2024 07 09 10 55 00 000   -0.25     3.38    -4.05  -382.80      4.90    -15.70    5.05     37240.0
 2024 07 09 10 56 00 000   -0.15     3.45    -4.01  -382.80      4.90    -15.70    5.05     37260.0
 2024 07 09 10 57 00 000   -0.06     3.56    -3.81  -382.70      6.40    -16.10    4.90     38879.0
 2024 07 09 10 58 00 000   -0.27     3.56    -3.97  -382.70      5.90    -16.40    5.02     39757.0
 2024 07 09 10 59 00 000   -0.41     3.57    -4.11  -382.90      5.20    -16.80    5.22     40610.0
 2024 07 09 11 00 00 000   -0.37     3.58    -3.96  -385.20      4.80    -16.10    5.47     34386.0
 2024 07 09 11 01 00 000   -0.39     2.91    -4.31  -385.30      4.70    -16.20    5.48     34225.0
 2024 07 09 11 02 00 000   -0.75     2.22    -4.32  -384.80      2.50    -21.30    5.52     35783.0
 2024 07 09 11 03 00 000   -1.01     2.00    -4.45  -384.80      2.50    -21.30    5.52     35783.0
 2024 07 09 11 04 00 000   -0.33     2.51    -4.27  -384.80      2.50    -21.30    5.52     35783.0
 2024 07 09 11 05 00 000    0.08     3.32    -4.11  -382.60     -0.60    -15.10    5.08     36374.0
 2024 07 09 11 06 00 000    0.01     3.70    -3.91  -382.60     -0.60    -15.10    5.08     36374.0
 2024 07 09 11 07 00 000   -0.42     3.49    -4.06  -383.40      2.80    -18.40    4.98     40209.0
 2024 07 09 11 08 00 000    0.24     4.15    -3.59  -382.30      4.70    -16.40    5.05     38513.0
 2024 07 09 11 09 00 000    0.46     4.12    -3.72  -381.10      6.70    -14.20    5.14     36731.0
 2024 07 09 11 10 00 000    0.08     3.93    -3.83  -380.90      6.30    -15.50    5.44     39063.0
 2024 07 09 11 11 00 000    0.07     3.91    -3.65  -381.00      6.40    -15.50    5.43     39107.0
 2024 07 09 11 12 00 000   -0.04     3.83    -3.76  -381.90      8.30    -15.30    5.36     39835.0
 2024 07 09 11 13 00 000   -0.22     3.93    -3.66  -382.80      7.90    -14.10    5.54     44590.0
 2024 07 09 11 14 00 000    0.40     3.84    -3.70  -383.10      7.80    -13.70    5.60     46120.0
 2024 07 09 11 15 00 000    0.25     3.95    -3.79  -381.60      5.10    -15.20    5.18     42230.0
 2024 07 09 11 16 00 000    0.47     3.97    -3.80  -381.60      5.10    -15.20    5.18     42230.0
 2024 07 09 11 17 00 000    0.31     4.13    -3.79  -381.40      5.30    -14.90    5.12     43352.0
 2024 07 09 11 18 00 000    0.16     3.99    -3.70  -381.20      5.40    -14.70    5.08     44170.0
 2024 07 09 11 19 00 000    0.12     3.99    -3.64  -380.70      5.80    -15.30    5.39     46074.0
 2024 07 09 11 20 00 000    0.05     4.00    -3.57  -380.40      6.00    -15.70    5.57     47263.0
 2024 07 09 11 21 00 000   -0.08     4.16    -3.46  -380.40      6.00    -15.70    5.57     47263.0
 2024 07 09 11 22 00 000   -0.17     3.97    -3.47  -380.40      6.00    -15.70    5.57     47263.0
 2024 07 09 11 23 00 000   -0.09     3.95    -3.41  -378.00      8.90    -15.80    5.53     46354.0
 2024 07 09 11 24 00 000   -0.13     4.33    -2.59  -378.00      8.90    -15.80    5.53     46356.0
 2024 07 09 11 25 00 000   -0.16     4.22    -2.82  -377.80      4.60    -11.20    5.53     46951.0
 2024 07 09 11 26 00 000   -0.25     4.08    -3.18  -378.70      7.50    -15.30    5.53     50572.0
 2024 07 09 11 27 00 000   -0.40     4.19    -2.95  -379.30      8.50    -16.60    5.58     52396.0
 2024 07 09 11 28 00 000   -0.26     4.36    -2.62  -379.60      8.10    -15.80    5.70     53251.0
 2024 07 09 11 29 00 000    0.06     4.44    -2.12  -378.00      9.40    -14.80    5.76     48261.0
 2024 07 09 11 30 00 000    0.89     4.66    -1.60  -376.20      6.80    -12.30    5.83     53201.0
 2024 07 09 11 31 00 000    1.03     4.63    -1.78  -376.20      8.00    -12.40    5.88     55573.0
 2024 07 09 11 32 00 000    1.03     4.63    -1.78  -376.20      8.00    -12.40    5.88     55573.0
 2024 07 09 11 33 00 000    0.64     4.62    -1.53  -375.70      6.30    -14.00    6.09     52722.0
 2024 07 09 11 34 00 000    0.62     4.44    -1.77  -375.70      6.30    -14.00    6.09     52722.0
 2024 07 09 11 35 00 000    1.33     4.08    -2.24  -376.60      6.50    -11.90    6.06     53902.0
 2024 07 09 11 36 00 000    1.68     3.83    -2.16  -379.50      7.10     -4.50    5.96     57953.0
 2024 07 09 11 37 00 000    1.40     4.24    -1.59  -379.50      7.10     -4.50    5.96     57953.0
 2024 07 09 11 38 00 000    1.25     4.40    -1.35  -376.40      7.00    -10.20    6.36     59271.0
 2024 07 09 11 39 00 000    0.76     4.65    -0.59  -376.60      6.80     -8.80    6.31     57629.0
 2024 07 09 11 40 00 000    0.48     4.87     0.16  -377.50      5.80     -2.30    6.08     50111.0
 2024 07 09 11 41 00 000    0.48     4.85     0.47  -377.10      4.10     -4.30    6.07     48476.0
 2024 07 09 11 42 00 000    0.42     4.95     0.83  -376.90      3.40     -5.20    6.06     47771.0
 2024 07 09 11 43 00 000    0.36     4.95     0.85  -377.40      4.10     -5.60    5.85     44498.0
 2024 07 09 11 44 00 000    1.19     4.85     0.78  -377.40      4.10     -5.60    5.84     44268.0
 2024 07 09 11 45 00 000    1.63     4.81     1.05  -374.80      5.10     -5.20    5.73     49833.0
 2024 07 09 11 46 00 000    1.00     4.43     1.71  -376.40      4.30     -2.40    6.01     53695.0
 2024 07 09 11 47 00 000    1.51     3.77     2.44  -378.00      3.50      0.40    6.29     57430.0
 2024 07 09 11 48 00 000    1.25     4.23     0.39  -378.00      3.50      0.40    6.29     57430.0
 2024 07 09 11 49 00 000    1.19     4.70    -1.41  -375.40     -1.30     -9.70    5.68     49383.0
 2024 07 09 11 50 00 000    0.39     5.08    -1.31  -377.20     -0.90     -9.40    5.73     45797.0
 2024 07 09 11 51 00 000   -0.40     5.25    -1.41  -379.10     -0.50     -9.00    5.79     41911.0
 2024 07 09 11 52 00 000    0.21     5.13    -2.24  -374.30     -0.20    -22.10    5.34     40741.0
 2024 07 09 11 53 00 000   -0.46     5.17    -2.40  -374.30     -0.20    -22.10    5.36     40989.0
 2024 07 09 11 54 00 000   -1.12     5.06    -2.86  -376.00     -1.20    -20.90    6.26     51302.0
 2024 07 09 11 55 00 000    1.52     4.44    -3.77  -376.00     -1.20    -20.90    6.26     51302.0
 2024 07 09 11 56 00 000    2.64     3.81    -4.37  -374.40     -7.60    -17.90    4.66     52152.0
 2024 07 09 11 57 00 000    2.42     3.44    -4.82  -374.40     -4.40    -19.30    4.69     49607.0
 2024 07 09 11 58 00 000    1.98     3.14    -4.45  -374.20     -0.60    -21.30    4.71     46333.0
 2024 07 09 11 59 00 000    2.47     2.52    -4.67  -372.80      0.10    -26.40    4.74     41276.0
 2024 07 09 12 00 00 000    2.01     1.77    -4.85  -371.00     -2.10    -28.70    5.29     43204.0
 2024 07 09 12 01 00 000    2.17     0.82    -4.90  -369.70     -3.60    -30.20    5.67     44530.0
 2024 07 09 12 02 00 000    2.68    -1.52    -4.26  -369.00      1.50    -28.00    6.52     54260.0
 2024 07 09 12 03 00 000    2.18    -2.50    -4.07  -370.20      0.60    -28.20    6.48     52857.0
 2024 07 09 12 04 00 000    2.02    -2.82    -3.93  -373.40     -4.00    -29.50    6.01     44983.0
 2024 07 09 12 05 00 000    2.38    -2.67    -3.82  -370.20     -2.80    -31.90    5.89     43033.0
 2024 07 09 12 06 00 000    2.49    -2.96    -3.73  -370.20     -2.80    -31.90    5.89     43033.0
 2024 07 09 12 07 00 000    2.56    -3.04    -3.63  -370.10     -6.90    -27.00    6.46     54414.0
 2024 07 09 12 08 00 000    2.58    -2.67    -3.71  -370.10     -6.90    -27.00    6.46     54414.0
 2024 07 09 12 09 00 000    2.62    -2.83    -3.81  -368.50     -2.90    -29.10    6.37     55617.0
 2024 07 09 12 10 00 000    2.78    -2.56    -3.85  -368.50     -2.70    -29.70    6.43     57071.0
 2024 07 09 12 11 00 000    2.50    -2.86    -3.62  -368.40     -2.10    -31.10    6.58     60881.0
 2024 07 09 12 12 00 000    2.25    -2.64    -3.17  -371.40     -5.30    -30.70    6.49     65692.0
 2024 07 09 12 13 00 000    2.31    -2.61    -3.22  -371.40     -5.30    -30.70    6.49     65765.0
 2024 07 09 12 14 00 000    2.54    -2.46    -3.60  -371.00     -6.20    -27.10    6.58     56022.0
 2024 07 09 12 15 00 000    2.38    -1.92    -3.64  -370.60     -5.30    -27.70    6.47     60973.0
 2024 07 09 12 16 00 000    2.68    -1.99    -3.76  -369.50     -2.40    -29.40    6.14     76718.0
 2024 07 09 12 17 00 000    2.95    -1.33    -4.13  -368.10      1.20    -28.20    6.32     57460.0
 2024 07 09 12 18 00 000    2.84    -1.31    -3.98  -367.90      1.70    -28.10    6.35     54959.0
 2024 07 09 12 19 00 000    3.01    -1.81    -3.97  -367.70     -0.80    -29.70    6.47     57119.0
 2024 07 09 12 20 00 000    3.14    -1.74    -4.04  -367.70     -0.80    -29.80    6.48     57196.0
 2024 07 09 12 21 00 000    3.17    -1.41    -4.09  -366.90      2.80    -29.80    6.54     56909.0
 2024 07 09 12 22 00 000    3.34    -1.69    -4.17  -369.60     -0.70    -28.80    5.79     49250.0
 2024 07 09 12 23 00 000    3.49    -1.61    -4.35  -370.30     -1.50    -28.60    5.60     47398.0
 2024 07 09 12 24 00 000    3.77    -1.22    -4.56  -370.40      3.50    -18.40    5.61     46757.0
 2024 07 09 12 25 00 000    3.20    -0.47    -5.28  -371.40      4.20    -20.80    5.32     41758.0
 2024 07 09 12 26 00 000    3.22    -0.66    -5.31  -372.60      5.00    -23.90    4.96     35577.0
 2024 07 09 12 27 00 000    3.20    -0.73    -5.33  -373.30      3.10    -24.20    5.14     36137.0
 2024 07 09 12 28 00 000    3.30    -0.61    -5.38  -374.20      3.10    -24.80    5.24     39126.0
 2024 07 09 12 29 00 000    3.66    -0.66    -5.11  -374.40      3.10    -24.90    5.27     39866.0
 2024 07 09 12 30 00 000    3.72    -0.66    -5.15  -373.20      1.30    -23.20    4.91     33071.0
 2024 07 09 12 31 00 000    4.11     0.52    -4.40  -373.10      1.30    -23.50    4.95     34160.0
 2024 07 09 12 32 00 000    3.94     1.18    -3.85  -371.40      0.80    -31.10    6.11     64319.0
 2024 07 09 12 33 00 000    3.62     1.02    -4.18  -370.30      4.30    -29.00    6.56     59379.0
 2024 07 09 12 34 00 000    3.76     1.19    -4.16  -369.70      6.00    -27.90    6.78     56946.0
 2024 07 09 12 35 00 000    3.79     1.56    -3.95  -368.50     10.00    -21.90    6.91     56321.0
 2024 07 09 12 36 00 000    3.66     2.11    -3.18  -368.50     10.00    -21.90    6.91     56317.0
 2024 07 09 12 37 00 000    2.30     4.21    -0.26  -365.50      6.00    -29.60    6.77     65645.0
 2024 07 09 12 38 00 000    1.85     4.26    -0.10  -365.60      6.80    -32.10    7.19     57469.0
 2024 07 09 12 39 00 000    0.20     4.99     2.12  -365.70      7.60    -34.30    7.57     50007.0
 2024 07 09 12 40 00 000   -0.77     5.30     3.24  -384.90      8.50     -2.90    5.17     29549.0
 2024 07 09 12 41 00 000   -0.84     5.19     3.20  -384.90      8.50     -2.90    5.17     29549.0
 2024 07 09 12 42 00 000   -0.74     5.24     3.16  -381.40     15.10     -0.10    5.33     35227.0
 2024 07 09 12 43 00 000   -0.44     5.23     3.07  -381.40     15.10     -0.10    5.33     35227.0
 2024 07 09 12 44 00 000   -0.40     5.20     3.16  -378.90      9.30     -0.20    5.29     38237.0
 2024 07 09 12 45 00 000    0.00     5.32     2.61  -378.90      9.30     -0.20    5.29     38237.0
 2024 07 09 12 46 00 000    0.15     5.23     2.51  -377.10     15.40      1.90    5.77     38237.0
 2024 07 09 12 47 00 000    0.24     5.16     2.45  -376.90     15.20      1.50    5.80     38649.0
 2024 07 09 12 48 00 000    0.38     5.10     2.23  -375.80     13.30     -2.00    6.03     41498.0
 2024 07 09 12 49 00 000    0.72     4.99     1.08  -375.40     15.00     -2.60    5.92     44311.0
 2024 07 09 12 50 00 000    1.35     2.94    -3.00  -375.40     15.20     -2.70    5.91     44695.0
 2024 07 09 12 51 00 000    0.91     4.75    -1.04  -375.40     15.20     -2.70    5.91     44695.0
 2024 07 09 12 52 00 000    1.06     4.85     1.20  -374.60      8.40     -6.10    6.69     55252.0
 2024 07 09 12 53 00 000    0.92     5.28     0.61  -374.60      8.40     -6.10    6.68     55195.0
 2024 07 09 12 54 00 000    0.82     5.38     0.62  -376.20     14.50     -2.90    5.81     46548.0
 2024 07 09 12 55 00 000    0.79     5.44     0.36  -376.20     14.70     -2.80    5.79     46287.0
 2024 07 09 12 56 00 000    0.91     5.46     0.62  -376.20     14.70     -2.80    5.79     46287.0
 2024 07 09 12 57 00 000    0.67     5.50     1.72  -374.70     14.60     -5.70    5.77     41024.0
 2024 07 09 12 58 00 000    0.45     5.42     2.19  -374.70     14.60     -5.70    5.77     40996.0
 2024 07 09 12 59 00 000    0.30     5.41     2.62  -375.60     15.30     -4.50    5.66     36731.0
 2024 07 09 13 00 00 000    0.32     5.44     2.41  -375.70     15.40     -4.50    5.60     37209.0
 2024 07 09 13 01 00 000    0.26     5.41     2.24  -375.80     15.50     -4.50    5.57     37511.0
 2024 07 09 13 02 00 000    0.46     5.44     2.11  -377.80     12.30     -3.80    5.67     41024.0
 2024 07 09 13 03 00 000    0.59     5.57     1.98  -377.80     12.30     -3.80    5.67     41024.0
 2024 07 09 13 04 00 000    0.60     5.64     1.56  -374.50     14.80     -6.50    5.68     36345.0
 2024 07 09 13 05 00 000    0.83     5.50     1.18  -375.00     13.40     -7.30    5.62     37530.0
 2024 07 09 13 06 00 000    1.00     5.69    -0.10  -376.10      9.90     -9.20    5.47     40359.0
 2024 07 09 13 07 00 000    0.79     5.79     0.01  -377.20      8.40    -12.60    5.78     38204.0
 2024 07 09 13 08 00 000    0.63     5.78     0.31  -377.70      8.70    -11.80    5.96     40056.0
 2024 07 09 13 09 00 000    0.71     5.89     0.38  -378.50      9.30    -10.40    6.29     43454.0
 2024 07 09 13 10 00 000    0.74     5.85     0.27  -377.00     11.10    -11.80    5.97     39538.0
 2024 07 09 13 11 00 000    1.30     4.72    -1.27  -375.10     13.40    -13.60    5.58     34703.0
 2024 07 09 13 12 00 000    0.36     6.10     0.44  -375.10     13.40    -13.60    5.58     34703.0
 2024 07 09 13 13 00 000    0.35     6.05     0.55  -377.30     12.90     -9.70    5.66     36523.0
 2024 07 09 13 14 00 000    0.28     6.00     0.67  -377.30     12.90     -9.70    5.66     36523.0
 2024 07 09 13 15 00 000    0.15     5.80     0.85  -377.30     12.90     -9.70    5.66     36523.0
 2024 07 09 13 16 00 000    0.11     5.92     0.68  -377.30     12.90     -9.70    5.66     36523.0
 2024 07 09 13 17 00 000   -0.11     6.03     0.52  -376.60     10.20     -8.00    5.99     38176.0
 2024 07 09 13 18 00 000   -0.78     5.80     0.71  -378.00     10.20     -8.10    5.95     38015.0
 2024 07 09 13 19 00 000    0.21     0.76    -0.20  -381.60     10.30     -8.40    5.85     37601.0
 2024 07 09 13 20 00 000    2.38    -5.12    -1.15  -380.00    -12.50    -15.50    5.97     77973.0
 2024 07 09 13 21 00 000    2.72    -5.10    -1.08  -380.00    -12.50    -15.50    5.97     77973.0
 2024 07 09 13 22 00 000    3.31    -4.88    -1.30  -379.90    -10.40    -11.60    6.01     81442.0
 2024 07 09 13 23 00 000    3.80    -4.72    -0.29  -379.00    -10.90    -12.60    6.09     76269.0
 2024 07 09 13 24 00 000    4.34    -4.56     0.96  -378.00     -7.40    -11.40    6.27     76179.0
 2024 07 09 13 25 00 000    4.97    -4.66     1.17  -377.80     -1.50     -8.20    6.41     83587.0
 2024 07 09 13 26 00 000    5.37    -4.08     2.42  -372.10    -10.30     -7.50    7.00     53223.0
 2024 07 09 13 27 00 000    6.53    -2.70     3.15  -372.10    -10.10     -7.20    7.05     54113.0
 2024 07 09 13 28 00 000    6.47    -2.74    -3.18  -372.30     -6.10     -0.50    7.96     71397.0
 2024 07 09 13 29 00 000    5.80    -0.59    -1.48  -371.60     11.80      3.80    6.88     88706.0
 2024 07 09 13 30 00 000    5.16     2.37     1.08  -368.70      5.60     -5.40    7.16     80818.0
 2024 07 09 13 31 00 000    5.28     2.31     1.04  -368.30      6.90     -5.60    7.09     75867.0
 2024 07 09 13 32 00 000    4.69     2.79     1.43  -365.70      4.20     -6.00    6.93     61169.0
 2024 07 09 13 33 00 000    3.51     4.15     1.46  -369.50      9.50     -4.50    6.29     61323.0
 2024 07 09 13 34 00 000    3.50     4.23     1.39  -376.60     16.10     -2.80    5.65     63589.0
 2024 07 09 13 35 00 000    3.69     4.18     1.32  -376.60     16.10     -2.80    5.65     63589.0
 2024 07 09 13 36 00 000    3.71     3.96     1.16  -376.60     16.10     -2.80    5.65     63589.0
 2024 07 09 13 37 00 000    3.85     3.77     0.99  -376.60     16.10     -2.80    5.65     63589.0
 2024 07 09 13 38 00 000    4.03     3.59     1.15  -368.70     18.00     -6.50    5.69     83228.0
 2024 07 09 13 39 00 000    3.93     3.55     1.28  -368.70     18.00     -6.50    5.69     83228.0
 2024 07 09 13 40 00 000    3.61     3.76     1.22  -368.70     18.00     -6.50    5.69     83228.0
 2024 07 09 13 41 00 000    2.79     4.24     1.10  -368.70     18.00     -6.50    5.69     83228.0
 2024 07 09 13 42 00 000    1.77     4.98     1.14  -374.40      0.40     -7.60    4.76     73859.0
 2024 07 09 13 43 00 000    1.03     5.20     1.21  -374.40      0.40     -7.60    4.76     73859.0
 2024 07 09 13 44 00 000    1.03     5.17     1.15  -374.40      0.40     -7.60    4.76     73859.0
 2024 07 09 13 45 00 000    1.26     4.93     1.04  -374.40      0.40     -7.60    4.76     73859.0
 2024 07 09 13 46 00 000    1.12     4.96     1.04  -373.10      7.60     -9.40    4.98     73690.0
 2024 07 09 13 47 00 000    1.73     3.40     0.77  -373.10      7.60     -9.40    4.98     73690.0
 2024 07 09 13 48 00 000    4.15    -0.96     1.15  -365.20     -3.00     -5.30    6.05     84625.0
 2024 07 09 13 49 00 000    4.22    -0.83     1.07  -365.20     -3.00     -5.30    6.05     84625.0
 2024 07 09 13 50 00 000    4.19     0.10     0.93  -365.20     -3.00     -5.30    6.05     84625.0
 2024 07 09 13 51 00 000    4.22     0.34     1.00  -365.20     -3.00     -5.30    6.05     84625.0
 2024 07 09 13 52 00 000    4.03    -0.27     0.68  -365.20     -3.00     -5.30    6.05     84625.0
 2024 07 09 13 53 00 000    3.57    -1.71     0.42  -358.10    -30.60     -5.50    5.16     61573.0
 2024 07 09 13 54 00 000    4.15    -0.27     0.73  -359.40    -15.30    -10.50    5.42     73321.0
 2024 07 09 13 55 00 000    4.19    -0.18     0.46  -361.10      3.80    -16.70    5.75     87961.0
 2024 07 09 13 56 00 000    4.21    -0.02     0.38  -361.10      3.80    -16.70    5.75     87961.0
 2024 07 09 13 57 00 000    4.21    -0.02     0.38  -361.10      3.80    -16.70    5.75     87961.0
 2024 07 09 13 58 00 000    3.33    -2.08     0.87  -364.50    -28.00    -13.10    6.65    103745.0
 2024 07 09 13 59 00 000    3.46    -2.16     0.31  -364.50    -28.00    -13.10    6.65    103745.0
 2024 07 09 14 00 00 000    3.11    -1.90     0.12  -376.70     -6.30     -5.10    6.05     81354.0
 2024 07 09 14 01 00 000    2.43    -2.65     0.13  -367.50      2.00    -21.00    6.06     82770.0
 2024 07 09 14 02 00 000    1.85    -3.94    -0.27  -363.50     -1.50    -32.60    6.16     77238.0
 2024 07 09 14 03 00 000    1.41    -4.38     0.26  -372.20    -19.10    -17.30    6.01     71802.0
 2024 07 09 14 04 00 000    1.31    -4.58     0.38  -373.00    -20.70    -12.80    6.01     57642.0
 2024 07 09 14 05 00 000    1.56    -4.64     0.40  -373.10    -20.80    -12.40    6.01     56280.0
 2024 07 09 14 06 00 000    1.58    -4.65     0.47  -371.60    -16.30    -13.10    5.75     59689.0
 2024 07 09 14 07 00 000    1.37    -3.80     1.60  -371.10    -14.60    -13.30    5.65     60949.0
 2024 07 09 14 08 00 000    1.60    -4.44     0.74  -372.60    -16.50    -14.80    5.68     56694.0
 2024 07 09 14 09 00 000    1.49    -4.69     0.18  -372.80    -16.90    -15.10    5.68     55968.0
 2024 07 09 14 10 00 000    1.38    -4.82     0.57  -371.80    -21.20    -15.90    5.73     55398.0
 2024 07 09 14 11 00 000    1.34    -4.63     0.44  -371.80    -21.20    -15.90    5.73     55398.0
 2024 07 09 14 12 00 000    1.07    -4.41     0.91  -371.80    -21.20    -15.90    5.73     55398.0
 2024 07 09 14 13 00 000    1.41    -4.49     0.49  -371.40    -19.00    -16.20    6.10     62185.0
 2024 07 09 14 14 00 000    1.13    -4.60     0.35  -371.40    -19.00    -16.20    6.10     62184.0
 2024 07 09 14 15 00 000    0.67    -4.66     0.23  -376.10    -21.90    -12.90    5.82     53485.0
 2024 07 09 14 16 00 000    0.89    -4.76    -0.01  -375.20    -21.20    -14.10    5.88     53043.0
 2024 07 09 14 17 00 000    0.81    -4.89     0.52  -373.40    -19.80    -16.50    6.00     52294.0
 2024 07 09 14 18 00 000    0.82    -4.93     0.53  -375.40    -20.10    -15.40    5.77     49453.0
 2024 07 09 14 19 00 000    1.18    -4.90     0.48  -375.50    -20.10    -15.30    5.76     49279.0
 2024 07 09 14 20 00 000    1.13    -4.89     0.50  -375.50    -20.10    -15.30    5.76     49279.0
 2024 07 09 14 22 00 000    1.13    -4.86     0.36  -373.50    -19.70    -16.60    5.80     55288.0
 2024 07 09 14 23 00 000    1.48    -4.71     0.70  -373.10    -20.20    -16.10    5.72     54405.0
 2024 07 09 14 24 00 000    2.81    -3.88    -1.06  -370.10    -21.50    -16.50    5.41     52956.0
 2024 07 09 14 25 00 000    1.71    -3.45    -0.13  -368.90    -15.90    -22.10    6.02     71560.0
 2024 07 09 14 26 00 000    1.47    -3.03     0.35  -379.80    -18.50     -9.80    6.68     80822.0
 2024 07 09 14 27 00 000    2.09    -3.22    -0.78  -379.80    -18.50     -9.80    6.68     80822.0
 2024 07 09 14 28 00 000    1.14    -3.71     0.65  -371.00     -2.30    -14.70    6.49     64554.0
 2024 07 09 14 29 00 000    1.33    -2.72     1.94  -375.10     -3.80    -16.50    6.51     64912.0
 2024 07 09 14 30 00 000    1.40    -2.43     2.56  -375.10     -3.80    -16.50    6.51     64912.0
 2024 07 09 14 31 00 000    1.07    -2.92     2.76  -375.10     -3.80    -16.50    6.51     64912.0
 2024 07 09 14 32 00 000    1.28    -2.41     3.40  -375.10     -3.80    -16.50    6.51     64912.0
 2024 07 09 14 33 00 000    1.29    -1.74     3.80  -376.70     -4.10      0.80    6.02     59658.0
 2024 07 09 14 34 00 000    1.01    -1.28     3.33  -375.70     -2.60     -0.40    6.01     65577.0
 2024 07 09 14 35 00 000    0.56     0.17     2.26  -377.40     -6.90      1.70    6.29     67304.0
 2024 07 09 14 36 00 000    1.05    -0.20     3.46  -377.40     -6.90      1.70    6.29     67304.0
 2024 07 09 14 37 00 000    1.36    -0.19     3.63  -377.40     -6.90      1.70    6.29     67304.0
 2024 07 09 14 38 00 000    1.50    -1.62     3.47  -377.40     -6.90      1.70    6.29     67304.0
 2024 07 09 14 39 00 000    1.47    -2.41     3.09  -379.10     -2.00     -4.80    5.84     59309.0
 2024 07 09 14 40 00 000    1.52    -3.04     2.31  -379.00     -3.50     -4.40    5.91     62580.0
 2024 07 09 14 41 00 000    1.07    -2.67     2.98  -378.10    -14.70     -1.50    6.46     87790.0
 2024 07 09 14 42 00 000    1.33    -3.11     2.66  -376.60    -13.80     -5.10    6.11     72260.0
 2024 07 09 14 43 00 000    0.49    -3.85     1.92  -376.10    -13.60     -6.10    6.01     67694.0
 2024 07 09 14 44 00 000    1.29    -3.63     1.97  -380.30    -14.30    -10.80    5.48     52602.0
 2024 07 09 14 45 00 000    1.62    -3.74     1.78  -380.60    -14.40    -11.20    5.44     51443.0
 2024 07 09 14 46 00 000    0.65    -4.31     0.95  -378.50    -20.60    -15.20    6.16     57991.0
 2024 07 09 14 47 00 000    0.31    -4.29     0.96  -381.00    -18.80    -12.00    5.98     55841.0
 2024 07 09 14 48 00 000   -0.13    -4.15     0.91  -382.40    -16.20     -9.10    5.94     56687.0
 2024 07 09 14 49 00 000   -0.02    -4.27     1.02  -379.00    -15.40    -11.10    6.28     63746.0
 2024 07 09 14 50 00 000    0.02    -4.43     0.64  -384.50    -18.00    -14.70    5.25     42390.0
 2024 07 09 14 51 00 000    0.11    -4.43     0.80  -384.50    -18.00    -14.70    5.25     42390.0
 2024 07 09 14 52 00 000   -0.01    -4.38     0.79  -382.20    -19.70    -11.00    5.96     52436.0
 2024 07 09 14 53 00 000    0.27    -4.28     1.23  -382.20    -19.70    -11.00    5.96     52436.0
 2024 07 09 14 54 00 000    0.85    -3.58     2.30  -382.20    -19.70    -11.00    5.96     52436.0
 2024 07 09 14 55 00 000    1.08    -3.11     2.18  -382.20    -19.70    -11.00    5.96     52436.0
 2024 07 09 14 56 00 000    0.76    -4.05     1.47  -373.10      1.70     -0.30    5.59     66356.0
 2024 07 09 14 57 00 000    0.64    -4.02     1.31  -377.40     -9.50     -4.30    5.67     54031.0
 2024 07 09 14 58 00 000    0.60    -4.33     0.63  -378.30    -11.40    -10.30    5.60     47803.0
 2024 07 09 14 59 00 000    0.17    -4.03     1.78  -380.50    -14.20     -8.30    5.80     48182.0
 2024 07 09 15 00 00 000    0.56    -4.61     1.27  -383.40    -18.10     -5.20    6.08     48764.0
 2024 07 09 15 01 00 000    0.71    -4.93     0.81  -380.20    -19.80    -15.80    5.48     43909.0
 2024 07 09 15 02 00 000    1.24    -4.88    -0.51  -380.20    -19.80    -15.80    5.48     43909.0
 2024 07 09 15 03 00 000    0.82    -5.08    -0.59  -380.20    -19.80    -15.80    5.48     43909.0
 2024 07 09 15 04 00 000    0.60    -5.14    -0.20  -380.20    -19.80    -15.80    5.48     43909.0
 2024 07 09 15 05 00 000    0.68    -5.13    -0.19  -380.80    -16.50    -17.50    5.46     44399.0
 2024 07 09 15 06 00 000    0.61    -5.07    -0.52  -380.80    -16.50    -17.50    5.46     44399.0
 2024 07 09 15 07 00 000    0.58    -5.13     0.20  -381.10    -17.80    -14.20    5.58     45554.0
 2024 07 09 15 08 00 000    0.08    -5.17     0.77  -381.30    -18.10    -13.90    5.60     45625.0
 2024 07 09 15 09 00 000    0.12    -5.01     1.20  -383.50    -20.40    -11.10    5.74     46287.0
 2024 07 09 15 10 00 000   -0.20    -5.13     1.18  -384.00    -20.00     -9.40    5.77     44985.0
 2024 07 09 15 11 00 000   -0.66    -4.05     2.63  -384.20    -19.90     -8.70    5.78     44465.0
 2024 07 09 15 12 00 000   -0.47    -4.34     2.51  -382.50    -17.60     -4.70    5.33     39687.0
 2024 07 09 15 13 00 000   -1.26    -3.94     2.50  -385.20    -16.10     -3.40    5.51     44922.0
 2024 07 09 15 14 00 000    0.13    -4.63     1.97  -391.20    -13.30     -1.50    5.99     56958.0
 2024 07 09 15 15 00 000   -0.09    -4.50     2.06  -391.20    -13.30     -1.50    5.99     56958.0
 2024 07 09 15 16 00 000   -0.47    -3.43     2.30  -381.10    -15.30    -11.10    6.24     48283.0
 2024 07 09 15 17 00 000   -0.06    -3.65     1.84  -380.50    -14.90     -9.30    6.00     52445.0
 2024 07 09 15 18 00 000    0.24    -3.96     1.72  -384.40    -13.10     -7.80    5.54     47603.0
 2024 07 09 15 19 00 000    0.77    -3.95     1.47  -388.20    -11.90     -7.80    5.31     40302.0
 2024 07 09 15 20 00 000    0.79    -4.03     1.29  -378.20    -13.50    -13.10    5.24     42711.0
 2024 07 09 15 21 00 000    0.68    -3.92     1.25  -377.70    -11.80    -12.60    5.65     53784.0
 2024 07 09 15 22 00 000    0.95    -3.40     1.40  -379.70    -13.90     -7.20    6.02     64085.0
 2024 07 09 15 23 00 000    1.11    -3.17     1.48  -379.20    -13.50     -1.90    6.55     75894.0
 2024 07 09 15 24 00 000    0.35    -4.34     1.44  -380.10    -10.40    -14.50    6.10     73969.0
 2024 07 09 15 25 00 000    0.56    -4.47     1.52  -380.20    -10.10    -15.80    6.04     73563.0
 2024 07 09 15 26 00 000    0.37    -4.51     1.21  -380.20    -10.10    -15.80    6.04     73563.0
 2024 07 09 15 27 00 000   -1.04    -4.22    -0.02  -389.70    -16.20    -19.50    5.44     59271.0
 2024 07 09 15 28 00 000   -0.32    -4.44     0.48  -389.70    -16.20    -19.50    5.44     59271.0
 2024 07 09 15 29 00 000    0.51    -4.28     0.84  -388.40    -16.30    -18.30    5.56     59442.0
 2024 07 09 15 30 00 000    0.83    -4.43     0.69  -380.80    -16.80    -11.40    6.20     60413.0
 2024 07 09 15 31 00 000    0.82    -4.47     0.65  -381.00    -16.70    -10.90    6.20     64397.0
 2024 07 09 15 32 00 000    0.79    -4.58     0.39  -381.20    -16.50    -10.30    6.19     68709.0
 2024 07 09 15 33 00 000    0.71    -4.78     0.18  -383.00    -17.20    -17.20    5.98     61155.0
 2024 07 09 15 34 00 000    0.57    -4.74     0.02  -383.40    -17.40    -18.60    5.94     59566.0
 2024 07 09 15 35 00 000    0.81    -4.37     0.60  -384.70    -17.50    -18.30    6.00     55718.0
 2024 07 09 15 36 00 000    0.42    -4.56     0.63  -384.70    -17.50    -18.30    6.00     55691.0
 2024 07 09 15 37 00 000   -0.01    -4.56     0.59  -384.70    -17.50    -18.30    6.00     55691.0
 2024 07 09 15 38 00 000    0.20    -4.65     0.45  -383.20    -16.20    -14.20    5.95     58403.0
 2024 07 09 15 39 00 000    0.08    -4.54     0.22  -383.20    -16.20    -14.20    5.95     58403.0
 2024 07 09 15 40 00 000    1.29    -3.95     0.68  -383.20    -16.20    -14.20    5.95     58403.0
 2024 07 09 15 41 00 000    2.55    -3.72     0.94  -383.20    -16.20    -14.20    5.95     58403.0
 2024 07 09 15 42 00 000    2.33    -3.89     0.89  -370.60    -22.10     -7.30    6.36     81265.0
 2024 07 09 15 43 00 000    1.70    -3.92     1.13  -371.40    -22.10     -8.10    6.23     77924.0
 2024 07 09 15 44 00 000    2.32    -3.83     0.77  -372.40    -22.10     -9.10    6.05     73816.0
 2024 07 09 15 45 00 000    2.57    -3.85     0.23  -369.20    -23.20    -12.90    6.33     79712.0
 2024 07 09 15 46 00 000    2.87    -3.73     0.07  -369.20    -23.20    -12.90    6.33     79764.0
 2024 07 09 15 47 00 000    3.09    -3.72    -0.18  -367.50    -20.20    -13.70    6.49     87960.0
 2024 07 09 15 48 00 000    3.05    -3.83    -0.75  -367.30    -19.90    -13.80    6.51     88793.0
 2024 07 09 15 49 00 000    3.08    -3.57    -1.15  -367.30    -19.90    -13.80    6.51     88793.0
 2024 07 09 15 50 00 000    2.97    -3.84    -0.77  -369.80    -19.00    -11.30    6.11     96606.0
 2024 07 09 15 51 00 000    2.87    -3.84    -0.73  -369.80    -19.00    -11.30    6.11     96606.0
 2024 07 09 15 52 00 000    2.76    -3.81    -0.74  -369.80    -19.00    -11.30    6.11     96606.0
 2024 07 09 15 53 00 000    2.83    -4.01     0.09  -369.80    -19.00    -11.30    6.11     96606.0
 2024 07 09 15 55 00 000    3.01    -3.38    -0.59  -383.80    -31.00    -16.20    6.06     99088.0
 2024 07 09 15 56 00 000    2.58    -3.69    -0.63  -384.50    -31.20    -14.40    6.11     97944.0
 2024 07 09 15 57 00 000    1.22    -3.99    -0.93  -386.80    -31.90     -8.40    6.26     94040.0
 2024 07 09 15 58 00 000    3.97     0.05    -1.02  -358.10      1.40    -23.30    6.21     75049.0
 2024 07 09 15 59 00 000    3.32    -0.79    -1.08  -358.10      1.40    -23.30    6.21     75047.0
 2024 07 09 16 00 00 000    3.32    -0.70    -1.03  -358.10      1.40    -23.30    6.21     75047.0
 2024 07 09 16 01 00 000    3.63     0.39    -0.83  -367.20     17.30     -5.90    6.59    100612.0
 2024 07 09 16 02 00 000    3.30     1.07    -0.90  -367.20     17.30     -5.90    6.59    100612.0
 2024 07 09 16 03 00 000    3.39     0.53    -0.77  -367.20     17.30     -5.90    6.59    100612.0
 2024 07 09 16 04 00 000    1.97    -1.61    -1.76  -371.30     -4.10    -14.50    6.61     88925.0
 2024 07 09 16 05 00 000    1.23    -2.30    -1.48  -370.00     -3.30    -13.40    6.73     94002.0
 2024 07 09 16 06 00 000    1.33    -2.25    -3.34  -375.50     -3.70    -18.90    6.42     77936.0
 2024 07 09 16 07 00 000    1.46    -2.66    -2.54  -374.40     -3.10    -26.10    6.15     90225.0
 2024 07 09 16 08 00 000    1.66    -2.98    -2.35  -374.70     -1.90    -27.50    6.17     93632.0
 2024 07 09 16 09 00 000    1.41    -2.49    -2.91  -377.60     -3.90    -18.90    6.26     75474.0
 2024 07 09 16 10 00 000    1.77    -3.00    -2.36  -377.10     -5.90    -16.60    6.26     75003.0
 2024 07 09 16 11 00 000    1.77    -3.03    -2.17  -376.20     -9.10    -12.90    6.24     74240.0
 2024 07 09 16 12 00 000    1.79    -2.87    -2.51  -376.20     -9.10    -12.90    6.24     74240.0
 2024 07 09 16 13 00 000    1.84    -2.99    -2.02  -376.10     -6.40    -13.90    6.52     83767.0
 2024 07 09 16 14 00 000    2.03    -2.72    -2.04  -376.10     -6.40    -13.90    6.52     83767.0
 2024 07 09 16 15 00 000    1.87    -3.49    -1.14  -375.60     -8.70    -14.00    6.58     88802.0
 2024 07 09 16 16 00 000    1.58    -4.07    -0.70  -374.90    -11.60    -14.10    6.65     95017.0
 2024 07 09 16 17 00 000    1.87    -4.14    -0.59  -379.20    -14.20    -10.30    6.43     82260.0
 2024 07 09 16 18 00 000    3.39    -0.10    -2.17  -379.40    -11.70    -10.10    6.43     82734.0
 2024 07 09 16 19 00 000    3.27     1.63    -3.16  -379.80      2.20     -9.40    6.46     86719.0
 2024 07 09 16 20 00 000    3.17     1.94    -3.37  -379.80      2.20     -9.40    6.46     86719.0
 2024 07 09 16 21 00 000    3.30     1.54    -3.59  -378.00      4.40     -8.30    6.48     80072.0
 2024 07 09 16 22 00 000    3.18     1.32    -3.62  -378.30      3.20     -8.00    6.39     77678.0
 2024 07 09 16 23 00 000    1.61     1.37    -3.95  -379.50     -1.40     -9.00    6.03     70040.0
 2024 07 09 16 24 00 000    1.12    -0.79    -3.66  -379.40      0.90    -13.90    6.10     77261.0
 2024 07 09 16 25 00 000    2.92     0.66    -3.45  -377.40      2.90    -13.50    6.44     91690.0
 2024 07 09 16 26 00 000    2.47     0.82    -3.88  -377.70      3.00    -13.60    6.45     91088.0
 2024 07 09 16 27 00 000    2.98     0.84    -3.46  -380.40      2.90    -15.30    6.47     84205.0
 2024 07 09 16 28 00 000    3.67     0.87    -2.85  -378.70     -3.80    -15.90    6.28     83288.0
 2024 07 09 16 29 00 000    3.68     1.00    -2.73  -378.60     -4.20    -15.90    6.27     83228.0
 2024 07 09 16 30 00 000    3.63     1.08    -2.56  -378.60     -4.20    -15.90    6.27     83228.0
 2024 07 09 16 31 00 000    3.22     0.82    -2.84  -378.60     -4.20    -15.90    6.27     83228.0
 2024 07 09 16 32 00 000    2.60     0.55    -3.13  -377.20     -1.90    -10.20    6.26     93632.0
 2024 07 09 16 33 00 000    2.51     1.01    -3.05  -376.40     -0.80    -10.00    6.38     95386.0
 2024 07 09 16 34 00 000    2.20     0.99    -3.02  -373.90      2.20    -10.60    6.69    100027.0
 2024 07 09 16 35 00 000    1.47     0.64    -3.57  -373.30      1.30    -16.90    6.35     97251.0
 2024 07 09 16 36 00 000    1.03     1.83    -3.49  -375.80     -0.30    -16.60    6.21     86732.0
 2024 07 09 16 37 00 000    1.44    -2.64     1.48  -377.80      0.70    -18.70    5.27     58028.0
 2024 07 09 16 38 00 000    1.74    -3.51     2.93  -378.30    -14.20     -2.90    6.00     62846.0
 2024 07 09 16 39 00 000    1.62    -3.68     2.71  -378.50    -13.90     -3.30    6.02     62563.0
 2024 07 09 16 40 00 000    2.38    -3.09     1.37  -377.70    -13.70     -7.30    6.21     70822.0
 2024 07 09 16 41 00 000    2.11    -3.01     1.52  -367.00    -21.60    -19.40    6.72    125123.0
 2024 07 09 16 42 00 000    1.71    -2.64     1.70  -380.30    -11.90     -4.00    6.29     65165.0
 2024 07 09 16 43 00 000    1.83    -1.95     0.95  -394.50     -8.30      4.30    6.65     89035.0
 2024 07 09 16 44 00 000    2.79    -1.99     0.69  -384.40    -13.70     -1.10    6.74     98282.0
 2024 07 09 16 45 00 000    3.88    -1.46    -1.52  -366.60    -21.80    -14.00    6.38    109142.0
 2024 07 09 16 46 00 000    3.77    -1.38    -1.56  -366.40    -10.90    -28.40    6.55    119932.0
 2024 07 09 16 47 00 000    3.81    -1.40    -1.61  -365.40     -6.80    -34.00    6.84    126464.0
 2024 07 09 16 48 00 000    4.08    -1.96    -0.04  -367.00    -22.50    -11.40    6.64     95757.0
 2024 07 09 16 49 00 000    4.03    -1.61    -0.69  -368.10    -23.10     -9.10    6.55     91316.0
 2024 07 09 16 50 00 000    4.06    -1.13    -1.21  -370.00    -23.90     -7.00    6.51     87664.0
 2024 07 09 16 51 00 000    3.71    -1.50    -1.20  -366.70     -3.70    -24.70    6.37     93489.0
 2024 07 09 16 52 00 000    3.48    -0.20    -3.22  -366.70     -3.70    -24.70    6.37     93489.0
 2024 07 09 16 53 00 000    3.53    -0.49    -3.16  -366.70     -3.70    -24.70    6.37     93489.0
 2024 07 09 16 54 00 000    3.61    -0.76    -3.03  -366.70     -3.70    -24.70    6.37     93489.0
 2024 07 09 16 55 00 000    3.33    -1.06    -3.18  -373.90    -11.30    -23.40    6.42     89676.0
 2024 07 09 16 56 00 000    3.33    -0.89    -3.20  -372.90     -9.80    -22.60    6.42     93127.0
 2024 07 09 16 57 00 000    3.25    -1.19    -3.16  -370.60     -6.00    -20.50    6.43    101552.0
 2024 07 09 16 58 00 000    3.13    -1.26    -3.29  -370.60     -6.00    -20.50    6.43    101552.0
 2024 07 09 16 59 00 000    3.32    -1.17    -3.01  -373.60     -7.80    -23.60    6.35     87684.0
 2024 07 09 17 00 00 000    3.15    -1.37    -3.10  -373.60     -7.80    -23.60    6.35     87684.0
 2024 07 09 17 01 00 000    2.66    -1.93    -3.19  -373.60     -7.80    -23.60    6.35     87684.0
 2024 07 09 17 02 00 000    2.24    -2.43    -3.29  -373.60     -7.80    -23.60    6.35     87684.0
 2024 07 09 17 03 00 000    3.30    -1.03    -3.08  -373.20     -7.10    -24.10    6.53     98149.0
 2024 07 09 17 04 00 000    3.15    -1.90    -2.82  -375.50     -6.40    -15.40    6.77     94765.0
 2024 07 09 17 05 00 000    3.43    -2.14    -2.66  -375.00     -9.50    -20.70    6.40    120169.0
 2024 07 09 17 06 00 000    3.61    -1.90    -2.47  -374.90     -9.60    -21.10    6.38    121155.0
 2024 07 09 17 07 00 000    3.53    -2.67    -1.01  -369.80    -22.80    -15.40    6.53    108970.0
 2024 07 09 17 08 00 000    4.00    -1.81    -1.32  -369.70    -21.90    -16.30    6.52    109813.0
 2024 07 09 17 09 00 000    3.42    -2.01    -1.65  -367.40     -5.00    -32.90    6.39    126055.0
 2024 07 09 17 10 00 000    2.09    -3.98     0.27  -367.20     -3.80    -34.10    6.38    127240.0
 2024 07 09 17 11 00 000    2.24    -4.12     0.34  -367.20     -3.80    -34.10    6.38    127240.0
 2024 07 09 17 12 00 000    2.20    -3.86     0.61  -380.70    -21.40     -3.00    6.66     89025.0
 2024 07 09 17 13 00 000    2.49    -3.33    -0.83  -380.40    -17.40     -6.00    6.46     93562.0
 2024 07 09 17 14 00 000    1.81    -2.02    -1.72  -379.30    -15.10    -15.60    6.30    103448.0
 2024 07 09 17 15 00 000    0.93    -2.73    -0.42  -379.20    -17.50    -20.50    6.39    103593.0
 2024 07 09 17 16 00 000    0.27    -3.22     0.50  -388.40    -22.80    -11.70    6.57     75047.0
 2024 07 09 17 17 00 000    0.21    -3.04     0.19  -388.40    -22.20    -12.10    6.60     71940.0
 2024 07 09 17 18 00 000    0.70    -2.77    -0.35  -388.40    -21.50    -12.50    6.64     68668.0
 2024 07 09 17 19 00 000    1.44    -1.48    -1.00  -388.40    -21.50    -12.50    6.64     68668.0
 2024 07 09 17 20 00 000    1.74    -0.85    -1.34  -382.70    -15.80    -15.40    7.20    134727.0
 2024 07 09 17 21 00 000    1.59    -1.15    -0.95  -382.70    -15.80    -15.40    7.20    134727.0
 2024 07 09 17 22 00 000    1.76    -1.70    -0.79  -382.70    -15.80    -15.40    7.20    134727.0
 2024 07 09 17 23 00 000    2.09    -1.96    -0.84  -382.20    -24.60    -11.90    6.47    109381.0
 2024 07 09 17 24 00 000    1.46    -2.30    -0.53  -382.70    -24.80    -11.50    6.49    107488.0
 2024 07 09 17 25 00 000    1.26    -2.37    -0.51  -384.00    -24.80    -11.00    6.58    101635.0
 2024 07 09 17 26 00 000    0.76    -2.92    -0.35  -385.50    -21.20    -13.40    6.78     93777.0
 2024 07 09 17 27 00 000    1.00    -2.82     0.54  -385.50    -21.20    -13.40    6.78     93680.0
 2024 07 09 17 28 00 000    2.00    -2.36    -1.11  -376.10    -11.00    -12.90    6.02     95594.0
 2024 07 09 17 29 00 000    2.04     0.07    -2.18  -378.80     -7.10    -13.40    6.24    103936.0
 2024 07 09 17 30 00 000    1.30     1.59    -1.30  -385.40      2.20    -14.50    6.78    124082.0
 2024 07 09 17 31 00 000    1.25     1.89    -1.14  -385.40      2.20    -14.50    6.78    124082.0
 2024 07 09 17 32 00 000    1.73     2.79    -1.63  -385.40      2.20    -14.50    6.78    124082.0
 2024 07 09 17 33 00 000    1.05     0.27    -1.55  -386.00     -2.90     -5.40    5.97     67663.0
 2024 07 09 17 34 00 000    1.02     0.68    -1.35  -388.70    -10.00     -7.00    6.14     66405.0
 2024 07 09 17 35 00 000    2.15     0.82    -2.32  -387.10     -3.10     -5.10    6.51     94703.0
 2024 07 09 17 36 00 000    2.22    -0.44    -2.06  -384.70     -5.30     -4.10    6.51    100660.0
 2024 07 09 17 37 00 000    2.18    -1.04    -0.89  -383.40     -5.40    -12.30    6.90    101939.0
 2024 07 09 17 38 00 000    2.45    -0.58    -1.02  -375.70    -15.70     -3.30    8.34    180889.0
 2024 07 09 17 39 00 000    3.15     0.36     0.05  -375.70    -15.70     -3.30    8.34    180889.0
 2024 07 09 17 40 00 000    3.20     0.99    -0.08  -375.90      9.90      3.10    6.71    143959.0
 2024 07 09 17 41 00 000    3.57    -0.27     1.31  -380.60     -0.50     -6.70    6.63    123625.0
 2024 07 09 17 42 00 000    3.19    -0.43     1.28  -385.30    -11.00    -16.50    6.55    103144.0
 2024 07 09 17 43 00 000    2.55    -1.32     1.46  -385.30    -11.00    -16.50    6.55    103144.0
 2024 07 09 17 44 00 000    1.56     2.19     0.97  -385.30    -11.00    -16.50    6.55    103144.0
 2024 07 09 17 45 00 000    2.38     2.10     1.65  -385.20      5.50      4.80    7.51    112125.0
 2024 07 09 17 46 00 000    2.05     1.10     2.10  -385.20      5.50      4.80    7.51    112125.0
 2024 07 09 17 47 00 000    2.31     0.93     2.01  -383.10     -0.20      7.40    7.22    110740.0
 2024 07 09 17 48 00 000    2.56     1.42     2.58  -381.10     -5.30      9.80    6.95    109484.0
 2024 07 09 17 49 00 000    2.67     1.40     2.60  -381.10     -5.30      9.80    6.95    109484.0
 2024 07 09 17 50 00 000    2.85     0.89     2.61  -381.80     -0.20      5.70    6.96    104749.0
 2024 07 09 17 51 00 000    2.61    -0.51     3.72  -383.40     -2.40      5.30    6.93    100985.0
 2024 07 09 17 52 00 000    3.07    -0.87     3.37  -387.60     -8.00      4.20    6.84     91520.0
 2024 07 09 17 53 00 000    3.32    -1.63     3.14  -385.10    -12.80      5.80    6.90    100809.0
 2024 07 09 17 54 00 000    3.41    -1.04     4.25  -385.10    -12.80      5.80    6.90    100809.0
 2024 07 09 17 55 00 000    2.28    -3.29     1.49  -385.10    -12.80      5.80    6.90    100809.0
 2024 07 09 17 56 00 000    1.36    -2.79     1.14  -385.10    -12.80      5.80    6.90    100809.0
 2024 07 09 17 57 00 000    1.12    -3.44     0.94  -385.10    -12.80      5.80    6.90    100809.0
 2024 07 09 17 58 00 000    1.12    -3.58     0.52  -385.10    -12.80      5.80    6.90    100809.0
 2024 07 09 17 59 00 000    0.84    -3.54     1.31  -385.10    -12.80      5.80    6.90    100809.0
 2024 07 09 18 00 00 000   -0.02    -4.63     1.06  -392.90    -27.80      1.30    6.65     64021.0
 2024 07 09 18 01 00 000   -0.11    -4.66     1.04  -392.90    -27.80      1.30    6.65     64021.0
 2024 07 09 18 02 00 000   -0.05    -4.56     1.26  -392.90    -27.80      1.30    6.65     64021.0
 2024 07 09 18 03 00 000   -0.54    -4.45     0.93  -395.20    -38.50     -4.80    6.91     79676.0
 2024 07 09 18 04 00 000   -0.90    -4.48     0.91  -395.20    -38.50     -4.80    6.91     79676.0
 2024 07 09 18 05 00 000   -0.37    -4.54     1.69  -395.20    -38.50     -4.80    6.91     79676.0
 2024 07 09 18 06 00 000   -0.54    -4.15     2.10  -394.30    -28.80      2.20    6.84     63982.0
 2024 07 09 18 07 00 000   -0.50    -4.23     1.83  -394.30    -28.80      2.20    6.84     63982.0
 2024 07 09 18 08 00 000   -0.74    -4.31     1.40  -394.30    -28.80      2.20    6.84     63982.0
 2024 07 09 18 09 00 000   -0.78    -4.21     1.53  -393.00    -26.10      1.40    6.61     59385.0
 2024 07 09 18 10 00 000   -0.16    -4.13     1.80  -393.00    -26.10      1.40    6.61     59385.0
 2024 07 09 18 11 00 000   -0.83    -4.01     1.77  -396.20    -37.50      5.70    7.08     80513.0
 2024 07 09 18 12 00 000   -1.47    -4.55     0.36  -396.20    -37.50      5.70    7.08     80513.0
 2024 07 09 18 13 00 000   -1.28    -4.77     1.11  -394.30    -24.50      0.60    6.42     58253.0
 2024 07 09 18 14 00 000   -1.65    -4.45     1.24  -394.30    -24.50      0.60    6.42     58253.0
 2024 07 09 18 15 00 000   -1.10    -4.66     1.22  -394.30    -24.50      0.60    6.42     58253.0
 2024 07 09 18 16 00 000   -0.77    -4.70     1.00  -393.50    -23.20      1.10    6.49     59955.0
 2024 07 09 18 17 00 000   -0.83    -4.55     1.43  -393.50    -23.20      1.10    6.49     59955.0
 2024 07 09 18 18 00 000   -0.43    -4.34     1.65  -393.50    -23.20      1.10    6.49     59955.0
 2024 07 09 18 19 00 000   -0.53    -4.24     1.67  -392.00    -25.30      2.90    6.43     55912.0
 2024 07 09 18 20 00 000   -1.04    -4.00     1.91  -392.20    -22.20      2.90    6.56     62493.0
 2024 07 09 18 21 00 000   -0.76    -4.08     1.96  -392.40    -19.90      2.90    6.66     67209.0
 2024 07 09 18 22 00 000   -0.83    -4.00     2.02  -392.40    -19.90      2.90    6.66     67209.0
 2024 07 09 18 24 00 000   -1.18    -4.22     0.88  -395.00    -25.10      6.80    6.67     79107.0
 2024 07 09 18 25 00 000   -0.53    -4.42    -0.29  -394.40    -26.60      3.10    6.44     69475.0
 2024 07 09 18 26 00 000   -0.19    -3.23    -0.48  -392.60    -24.90     -4.90    6.56     67454.0
 2024 07 09 18 27 00 000    0.28    -2.67    -0.40  -391.80    -23.20     -7.90    6.75     70887.0
 2024 07 09 18 28 00 000    0.60    -2.62    -0.56  -388.50    -15.10     -0.10    6.62     97868.0
 2024 07 09 18 29 00 000    1.92    -2.07     0.66  -380.90    -19.50      1.90    7.09    121679.0
 2024 07 09 18 30 00 000    2.36    -1.10    -0.55  -375.90    -22.30      3.30    7.40    137383.0
 2024 07 09 18 31 00 000    2.64    -0.66    -1.12  -380.80     -4.60     -1.30    6.90     96606.0
 2024 07 09 18 32 00 000    2.42    -1.07    -2.00  -378.80     -4.40     -4.90    7.07    115589.0
 2024 07 09 18 33 00 000    1.75    -1.74     3.16  -375.50     -0.70    -13.10    7.32    138349.0
 2024 07 09 18 34 00 000    1.30    -1.61     4.40  -375.50     -0.70    -13.10    7.32    138349.0
 2024 07 09 18 35 00 000    0.46    -1.16     4.74  -375.50     -0.70    -13.10    7.32    138349.0
 2024 07 09 18 36 00 000   -0.20    -1.04     4.69  -393.00     -5.40     10.20    6.31     63785.0
 2024 07 09 18 37 00 000   -0.39    -1.04     4.71  -393.00     -5.40     10.20    6.31     63758.0
 2024 07 09 18 38 00 000    0.13    -1.24     4.72  -392.00     -5.10     11.10    6.25     60938.0
 2024 07 09 18 39 00 000    0.54    -1.33     4.38  -389.90     -8.80     10.00    6.22     60886.0
 2024 07 09 18 40 00 000    0.12    -1.32     4.45  -388.10    -10.70     13.90    6.27     70783.0
 2024 07 09 18 41 00 000    0.67    -1.57     4.02  -389.50    -12.00     13.00    6.31     67732.0
 2024 07 09 18 42 00 000    1.86    -2.39     2.74  -390.70    -12.90     12.00    6.33     64454.0
 2024 07 09 18 43 00 000    1.84    -2.41     3.08  -390.70    -12.90     12.00    6.33     64454.0
 2024 07 09 18 44 00 000    2.31    -2.80     2.90  -390.70    -12.90     12.00    6.33     64454.0
 2024 07 09 18 45 00 000    3.01    -2.70     0.18  -390.70    -12.90     12.00    6.33     64454.0
 2024 07 09 18 46 00 000    3.40    -2.38    -0.26  -390.70    -12.90     12.00    6.33     64454.0
 2024 07 09 18 47 00 000    3.45    -1.50    -2.19  -377.80    -11.80     -9.80    6.73    108867.0
 2024 07 09 18 48 00 000    3.78    -1.64    -1.57  -377.80    -11.80     -9.80    6.73    108867.0
 2024 07 09 18 49 00 000    2.81    -0.60    -3.24  -379.50     -8.70    -13.80    6.84    106983.0
 2024 07 09 18 50 00 000    2.99    -0.57    -3.30  -382.10     -3.90    -20.00    7.03    104096.0
 2024 07 09 18 51 00 000    3.48    -1.69    -1.72  -381.50     -4.10    -20.10    7.04    103303.0
 2024 07 09 18 52 00 000    2.91    -2.64     0.73  -373.50     -6.30    -22.10    7.19     92635.0
 2024 07 09 18 53 00 000    1.30    -3.17     2.15  -373.80     -6.40    -21.70    7.16     91557.0
 2024 07 09 18 54 00 000    2.75    -4.28     0.05  -383.80     -9.10     -7.00    6.05     52223.0
 2024 07 09 18 55 00 000    2.97    -3.98     1.12  -382.60    -10.10     -7.20    6.31     63489.0
 2024 07 09 18 56 00 000    1.34    -4.04     2.83  -382.60    -14.90     -6.30    6.74     72843.0
 2024 07 09 18 57 00 000    0.80    -4.20     2.62  -385.10    -19.00     -4.80    6.75     61684.0
 2024 07 09 18 58 00 000    1.87    -3.79     2.58  -385.10    -19.00     -4.80    6.75     61684.0
 2024 07 09 18 59 00 000    1.53    -4.11     2.35  -382.80    -19.60      3.70    7.16     73295.0
 2024 07 09 19 00 00 000    2.03    -3.81     2.55  -384.10    -17.90      1.20    6.89     67477.0
 2024 07 09 19 01 00 000    1.85    -4.12     2.37  -382.70    -18.20      5.10    6.60     66280.0
 2024 07 09 19 02 00 000    1.70    -4.40     2.18  -382.90    -18.40      2.60    6.68     66754.0
 2024 07 09 19 03 00 000    1.98    -4.16     2.24  -383.10    -18.10      0.60    6.76     67711.0
 2024 07 09 19 04 00 000    1.63    -4.68     0.61  -384.10    -18.60      3.30    7.01     69616.0
 2024 07 09 19 05 00 000    1.91    -4.59     1.03  -388.80    -21.10     -2.90    7.40     60778.0
 2024 07 09 19 06 00 000    1.97    -4.10     2.06  -383.90    -18.40     -6.20    7.12     73281.0
 2024 07 09 19 07 00 000    1.06    -4.85     1.65  -385.30    -20.50     -3.20    6.78     67369.0
 2024 07 09 19 08 00 000    1.02    -4.57     2.16  -390.00    -20.50      3.70    6.21     54689.0
 2024 07 09 19 09 00 000    1.75    -4.19     2.45  -384.30    -16.10     -1.90    6.61     63772.0
 2024 07 09 19 10 00 000    2.12    -4.21     2.23  -382.60    -16.30      0.10    6.57     70855.0
 2024 07 09 19 11 00 000    1.69    -4.98     0.77  -382.20    -17.10      3.10    6.45     75602.0
 2024 07 09 19 12 00 000    1.75    -4.99     1.27  -384.60    -19.80     -1.70    6.74     69856.0
 2024 07 09 19 13 00 000    1.86    -4.66     1.66  -384.60    -19.80     -1.70    6.74     69856.0
 2024 07 09 19 14 00 000    2.83    -3.74     2.15  -384.20    -19.00     -1.70    6.76     70976.0
 2024 07 09 19 15 00 000    3.06    -2.92     2.88  -378.80     -9.20     -1.10    6.99     84580.0
 2024 07 09 19 16 00 000    2.99    -3.20     2.58  -378.70    -11.90     -0.20    6.92     83054.0
 2024 07 09 19 17 00 000    3.08    -3.35     2.27  -378.60    -10.10      1.10    6.94     87180.0
 2024 07 09 19 18 00 000    3.83    -2.27     2.42  -378.60     -7.70      2.00    6.99     91267.0
 2024 07 09 19 19 00 000    4.27    -1.61     2.59  -378.60     -7.70      2.00    6.99     91267.0
 2024 07 09 19 20 00 000    4.28    -1.32     2.57  -372.40     -3.30      6.20    7.34     88007.0
 2024 07 09 19 21 00 000    3.52    -2.13     2.90  -374.60     -5.10      6.00    7.03     88068.0
 2024 07 09 19 22 00 000    2.18    -4.19     1.42  -382.30    -17.00      2.10    6.56     71795.0
 2024 07 09 19 23 00 000    2.77    -4.11     1.38  -384.80    -23.10      0.30    6.48     64409.0
 2024 07 09 19 24 00 000    2.82    -4.35     1.49  -379.90    -29.20      2.20    6.49     82646.0
 2024 07 09 19 25 00 000    3.03    -4.32     1.44  -379.90    -29.20      2.20    6.49     82646.0
 2024 07 09 19 26 00 000    2.79    -4.49     1.11  -380.40    -21.30     -5.80    6.90     80999.0
 2024 07 09 19 27 00 000    3.06    -4.11     0.78  -380.40    -21.30     -5.80    6.90     80999.0
 2024 07 09 19 28 00 000    3.00    -4.18    -0.23  -378.90    -24.00     -6.70    7.11     85348.0
 2024 07 09 19 29 00 000    2.31    -4.29    -1.33  -377.30    -26.70     -7.60    7.33     89769.0
 2024 07 09 19 30 00 000    1.46    -4.81     0.35  -382.50    -28.30     -9.80    7.70     84835.0
 2024 07 09 19 31 00 000    1.56    -4.78     0.37  -382.60    -28.30     -9.90    7.71     84716.0
 2024 07 09 19 32 00 000    0.89    -4.46    -1.26  -390.20    -16.00    -25.80    7.07     63864.0
 2024 07 09 19 33 00 000    0.31    -4.35    -3.23  -389.90    -16.00    -24.00    7.04     62188.0
 2024 07 09 19 34 00 000    1.98    -4.26    -0.70  -388.80    -15.90    -17.30    6.91     56025.0
 2024 07 09 19 35 00 000    2.00    -4.34    -0.83  -388.50    -15.90    -15.40    6.87     54269.0
 2024 07 09 19 36 00 000    1.77    -4.47    -0.54  -380.30    -30.90    -12.40    7.12     83093.0
 2024 07 09 19 37 00 000    1.47    -4.51    -1.35  -380.30    -30.90    -12.40    7.12     83093.0
 2024 07 09 19 38 00 000    0.37    -4.17    -3.44  -388.30    -23.50    -12.50    7.29     55838.0
 2024 07 09 19 39 00 000    0.17    -4.26    -3.49  -388.30    -23.50    -12.50    7.29     55838.0
 2024 07 09 19 40 00 000    0.13    -4.50    -3.21  -388.30    -23.50    -12.50    7.29     55838.0
 2024 07 09 19 41 00 000    0.12    -4.94    -2.49  -389.90    -19.30    -12.00    6.99     55581.0
 2024 07 09 19 42 00 000    0.32    -4.78    -2.71  -389.90    -19.30    -12.00    6.99     55581.0
 2024 07 09 19 43 00 000    0.26    -4.71    -2.87  -389.90    -19.30    -12.00    6.99     55581.0
 2024 07 09 19 44 00 000    0.54    -5.05    -2.04  -386.40    -21.50    -12.30    6.92     52757.0
 2024 07 09 19 45 00 000    0.55    -5.06    -1.96  -386.40    -21.50    -12.30    6.92     52757.0
 2024 07 09 19 46 00 000   -0.12    -5.26     0.19  -389.10    -23.30     -2.70    6.94     52990.0
 2024 07 09 19 47 00 000   -0.79    -5.29     0.03  -390.40    -25.30     -3.00    6.90     51590.0
 2024 07 09 19 48 00 000   -1.36    -5.17    -0.06  -393.10    -23.80     -5.60    7.83     61663.0
 2024 07 09 19 49 00 000   -1.08    -5.24    -0.16  -391.90    -23.80     -6.20    7.47     61802.0
 2024 07 09 19 50 00 000   -0.98    -5.15    -0.91  -392.40    -25.60     -6.60    7.18     60026.0
 2024 07 09 19 51 00 000   -0.63    -5.00    -1.40  -394.50    -28.30     -8.50    6.99     54671.0
 2024 07 09 19 52 00 000   -0.78    -5.07    -1.20  -390.50    -29.00    -13.10    7.22     60878.0
 2024 07 09 19 53 00 000    0.16    -5.30    -0.12  -390.50    -29.00    -13.10    7.22     60911.0
 2024 07 09 19 54 00 000    0.13    -5.33    -0.17  -390.50    -29.00    -13.10    7.22     60911.0
 2024 07 09 19 55 00 000    0.39    -5.24    -0.44  -385.40    -20.50     -9.00    6.81     51056.0
 2024 07 09 19 56 00 000    0.71    -5.23    -0.35  -385.40    -20.50     -9.00    6.81     51056.0
 2024 07 09 19 57 00 000    0.66    -5.19     0.43  -384.90    -24.10     -5.50    6.84     56502.0
 2024 07 09 19 58 00 000    0.14    -5.09     1.16  -384.90    -24.10     -5.50    6.84     56502.0
 2024 07 09 19 59 00 000    0.59    -5.09     1.05  -384.90    -24.10     -5.50    6.84     56502.0
 2024 07 09 20 00 00 000    1.16    -5.08     0.84  -380.90    -20.10     -4.70    6.73     58516.0
 2024 07 09 20 01 00 000    0.64    -5.17     0.53  -380.90    -20.10     -4.70    6.73     58516.0
 2024 07 09 20 02 00 000    0.04    -5.31    -0.02  -385.50    -21.90     -3.80    6.78     52779.0
 2024 07 09 20 03 00 000    0.66    -5.20     0.24  -386.60    -22.30     -3.60    6.80     51408.0
 2024 07 09 20 04 00 000    0.54    -5.13     0.44  -386.00    -24.90     -1.20    7.27     59082.0
 2024 07 09 20 05 00 000    0.36    -4.69     1.97  -386.00    -24.90     -1.20    7.27     59082.0
 2024 07 09 20 06 00 000   -0.04    -4.81     1.67  -388.50    -24.00      3.90    7.11     63504.0
 2024 07 09 20 07 00 000   -0.12    -4.90     1.65  -388.70    -23.80      4.40    7.10     63693.0
 2024 07 09 20 08 00 000    0.07    -5.10     0.62  -387.20    -21.80      2.90    6.97     57353.0
 2024 07 09 20 09 00 000    0.21    -5.14     0.46  -387.80    -24.20      0.80    6.72     55107.0
 2024 07 09 20 10 00 000    0.88    -5.06     0.72  -387.90    -24.60      0.50    6.68     54777.0
 2024 07 09 20 11 00 000    0.55    -5.14     0.26  -386.40    -31.20      0.20    7.38     62612.0
 2024 07 09 20 12 00 000    0.93    -5.07     0.38  -386.40    -31.20      0.20    7.38     62612.0
 2024 07 09 20 13 00 000    0.57    -5.13     0.41  -385.90    -22.90     -1.90    6.89     55142.0
 2024 07 09 20 14 00 000    0.49    -5.19     0.44  -385.90    -22.90     -1.90    6.89     55142.0
 2024 07 09 20 15 00 000    0.48    -5.26     0.04  -386.50    -26.10     -4.10    7.19     59423.0
 2024 07 09 20 16 00 000    0.79    -5.25    -0.02  -386.50    -26.10     -4.10    7.19     59423.0
 2024 07 09 20 17 00 000    0.83    -5.21     0.28  -383.90    -26.10     -2.10    6.97     58103.0
 2024 07 09 20 18 00 000    1.72    -4.97     0.18  -383.90    -26.10     -2.10    6.97     58103.0
 2024 07 09 20 19 00 000    1.95    -4.88     0.23  -379.00    -21.10     -5.90    7.39     68654.0
 2024 07 09 20 20 00 000    1.70    -4.98     0.12  -379.00    -21.10     -6.00    7.38     68513.0
 2024 07 09 20 21 00 000    1.85    -4.89    -0.16  -377.60    -21.40     -8.80    6.92     60893.0
 2024 07 09 20 23 00 000    1.66    -4.93     0.14  -377.80    -23.10     -2.80    7.35     72177.0
 2024 07 09 20 24 00 000    2.35    -3.98    -2.34  -377.80    -23.00     -2.90    7.35     72057.0
 2024 07 09 20 25 00 000    1.81    -4.47    -1.38  -375.20    -12.70    -18.20    6.96     59233.0
 2024 07 09 20 26 00 000    1.75    -4.72    -0.89  -375.10    -16.10    -16.30    6.84     53304.0
 2024 07 09 20 27 00 000    1.13    -5.19    -0.02  -378.60    -19.20     -8.40    7.09     55784.0
 2024 07 09 20 28 00 000    1.21    -5.20    -0.39  -381.70    -20.50     -2.50    7.33     59621.0
 2024 07 09 20 29 00 000    0.97    -5.12    -0.84  -382.80    -16.60    -10.40    6.86     50146.0
 2024 07 09 20 30 00 000    1.50    -3.53    -3.24  -381.80    -14.90    -14.30    7.03     53432.0
 2024 07 09 20 31 00 000    1.02    -2.26    -4.02  -379.90    -11.50    -22.10    7.37     59917.0
 2024 07 09 20 32 00 000    1.37    -4.65    -1.81  -379.60    -20.60    -15.80    7.70     64689.0
 2024 07 09 20 33 00 000    1.44    -4.36    -2.25  -379.60    -21.50    -15.20    7.73     65168.0
 2024 07 09 20 34 00 000    1.12    -4.21    -2.39  -380.80    -14.80    -21.80    7.58     64613.0
 2024 07 09 20 35 00 000    2.18    -4.61    -1.48  -380.80    -14.80    -21.80    7.58     64613.0
 2024 07 09 20 36 00 000    0.65    -3.28     2.16  -379.10    -18.60     -1.90    7.46     82333.0
 2024 07 09 20 37 00 000    0.17    -4.43     1.98  -382.30    -19.80      0.50    7.46     73251.0
 2024 07 09 20 38 00 000   -0.14    -4.31     1.83  -386.40    -20.50      3.30    7.36     60998.0
 2024 07 09 20 39 00 000    0.45    -4.19     0.77  -389.00    -17.80      4.00    6.81     50951.0
 2024 07 09 20 40 00 000    1.37    -2.13    -3.40  -389.00    -17.80      4.00    6.81     50951.0
 2024 07 09 20 41 00 000    0.77    -0.57    -5.05  -380.80      1.00    -24.40    6.79     65689.0
 2024 07 09 20 42 00 000    0.99     0.21    -4.97  -383.60      1.90    -28.70    6.73     62580.0
 2024 07 09 20 43 00 000    0.46    -2.03    -0.33  -386.80      4.50    -25.30    6.99     74832.0
 2024 07 09 20 44 00 000   -0.37    -2.82    -0.49  -387.30      3.80    -23.30    7.04     76350.0
 2024 07 09 20 45 00 000   -1.01    -2.96     2.32  -391.70    -17.80     -2.50    7.07     58291.0
 2024 07 09 20 46 00 000   -1.03    -2.66     3.21  -393.00    -12.50      5.00    7.39     58836.0
 2024 07 09 20 47 00 000   -0.54    -3.37     3.35  -394.50     -6.40     13.50    7.74     59461.0
 2024 07 09 20 48 00 000   -0.54    -3.34     3.51  -393.00     -6.60     12.00    7.31     55966.0
 2024 07 09 20 49 00 000    0.13    -3.77     2.59  -390.60     -7.00      9.70    6.60     50321.0
 2024 07 09 20 50 00 000   -0.89    -2.79     4.13  -392.20     -7.30     10.00    6.84     56742.0
 2024 07 09 20 51 00 000   -0.68    -2.53     4.36  -392.60     -7.40     10.10    6.90     58291.0
 2024 07 09 20 52 00 000   -0.67    -2.78     4.20  -391.10     -8.50     11.70    6.90     61411.0
 2024 07 09 20 53 00 000   -1.03    -2.74     4.14  -391.50     -7.70     11.70    6.94     60297.0
 2024 07 09 20 54 00 000   -0.88    -1.75     4.68  -392.30     -5.90     11.80    7.04     57803.0
 2024 07 09 20 55 00 000   -1.10    -2.27     4.41  -393.80     -7.30     13.30    6.87     56722.0
 2024 07 09 20 56 00 000   -0.57    -2.71     4.20  -393.90     -7.30     13.40    6.86     56687.0
 2024 07 09 20 57 00 000   -0.74    -2.56     4.20  -391.50     -9.00     11.70    7.40     66326.0
 2024 07 09 20 58 00 000   -0.99    -2.79     3.97  -391.20     -9.20     11.50    7.46     67572.0
 2024 07 09 20 59 00 000    0.31    -4.14     2.69  -391.70     -9.40     11.20    6.33     46232.0
 2024 07 09 21 00 00 000   -0.26    -2.76     3.38  -391.70     -9.40     11.20    6.33     46220.0
 2024 07 09 21 01 00 000   -0.99    -0.16     4.68  -392.30     -1.80     12.10    7.66     77020.0
 2024 07 09 21 02 00 000   -0.15    -1.92     4.57  -392.30     -1.80     12.10    7.66     77020.0
 2024 07 09 21 03 00 000    0.09    -2.42     4.38  -387.10     -3.70     10.70    7.39     58893.0
 2024 07 09 21 04 00 000   -0.05    -2.64     4.16  -387.10     -3.70     10.70    7.39     58893.0
 2024 07 09 21 05 00 000    1.60    -4.17     2.16  -379.50    -12.50      4.10    6.95     58601.0
 2024 07 09 21 06 00 000    1.54    -4.19     2.05  -379.40    -14.40      2.10    7.20     61708.0
 2024 07 09 21 07 00 000    1.32    -3.78     2.77  -379.50    -16.00      0.40    7.45     64797.0
 2024 07 09 21 08 00 000    1.60    -4.35     1.50  -381.20    -15.20      4.80    7.16     69118.0
 2024 07 09 21 09 00 000    1.50    -4.35     1.45  -381.20    -15.20      4.80    7.16     69118.0
 2024 07 09 21 10 00 000    1.67    -4.00     2.08  -379.00     -9.40      0.50    6.97     63864.0
 2024 07 09 21 11 00 000    1.97    -2.00    -2.82  -379.00     -9.40      0.50    6.97     63864.0
 2024 07 09 21 12 00 000    2.29    -0.91    -3.82  -378.30      4.50    -21.50    7.34     79652.0
 2024 07 09 21 13 00 000    2.97    -2.15    -2.29  -380.20      0.80    -17.60    7.15     76214.0
 2024 07 09 21 14 00 000    2.74    -2.15    -2.65  -378.00     -4.70    -15.60    7.25     91870.0
 2024 07 09 21 15 00 000    2.96    -2.45    -1.93  -374.60    -10.90    -12.90    7.40    110970.0
 2024 07 09 21 16 00 000    3.18    -2.59     1.41  -367.90    -20.40    -13.10    7.59    120332.0
 2024 07 09 21 17 00 000    3.16    -2.50     1.58  -369.30    -20.00     -4.20    7.47    114926.0
 2024 07 09 21 18 00 000    2.80    -2.33     2.13  -371.40    -18.70      5.80    7.33    108764.0
 2024 07 09 21 19 00 000    2.13    -1.39     4.02  -371.40    -18.70      5.80    7.33    108764.0
 2024 07 09 21 20 00 000    2.36    -1.46     3.88  -371.40    -18.70      5.80    7.33    108764.0
 2024 07 09 21 21 00 000    2.21    -1.47     3.94  -371.40    -18.70      5.80    7.33    108764.0
 2024 07 09 21 22 00 000    2.05    -2.72     2.84  -376.30    -11.40      5.90    7.34     78609.0
 2024 07 09 21 23 00 000    3.40    -2.92     1.41  -377.30     -4.70      6.30    7.09     76447.0
 2024 07 09 21 24 00 000    3.49    -2.93     1.25  -375.40     -0.30      3.70    6.63     74707.0
 2024 07 09 21 25 00 000    3.48    -3.00     0.85  -371.20    -22.40      7.00    7.74     94778.0
 2024 07 09 21 26 00 000    3.81    -2.52     0.48  -370.30    -20.90      6.30    7.82     96622.0
 2024 07 09 21 27 00 000    3.83    -2.44    -1.51  -365.10    -12.40      2.30    8.26    106922.0
 2024 07 09 21 28 00 000    3.85    -2.43    -1.62  -364.80    -13.40    -15.20    8.43    120032.0
 2024 07 09 21 29 00 000    3.96    -2.15    -1.70  -364.80    -13.40    -15.60    8.43    120344.0
 2024 07 09 21 30 00 000    4.02    -1.77    -1.58  -364.80    -13.40    -15.60    8.43    120344.0
 2024 07 09 21 31 00 000    4.08    -1.25    -1.54  -363.40     -5.10    -23.40    7.79     92020.0
 2024 07 09 21 32 00 000    4.30    -1.18    -0.85  -363.50     -6.00    -22.60    7.80     92670.0
 2024 07 09 21 33 00 000    4.46    -0.90     0.00  -364.50    -19.10    -10.40    7.94    102496.0
 2024 07 09 21 34 00 000    4.28    -1.37    -0.21  -364.50    -19.10    -10.40    7.94    102496.0
 2024 07 09 21 35 00 000    4.17    -1.41     0.04  -364.50    -19.10    -10.40    7.94    102496.0
 2024 07 09 21 36 00 000    3.56    -1.80     1.35  -373.30     -6.10      7.90    8.03     89676.0
 2024 07 09 21 37 00 000    3.78    -2.29     0.28  -373.30     -6.10      7.90    8.03     89676.0
 2024 07 09 21 38 00 000    3.61    -2.32     0.03  -373.30     -6.10      7.90    8.03     89676.0
 2024 07 09 21 39 00 000    3.69    -2.56     0.03  -364.00     -3.10    -12.60    8.78    129525.0
 2024 07 09 21 40 00 000    3.52    -2.40     0.75  -364.00     -3.10    -12.60    8.78    129525.0
 2024 07 09 21 41 00 000    3.87    -1.44     0.72  -369.10     -0.00      8.10    8.16    103014.0
 2024 07 09 21 42 00 000    4.35    -1.37    -0.75  -365.40     -4.70     -2.20    8.20     92855.0
 2024 07 09 21 43 00 000    4.28    -1.17     0.44  -369.20     -5.20      1.90    7.50     73386.0
 2024 07 09 21 44 00 000    2.38    -1.57     3.52  -375.10     -2.20     12.40    7.09     65572.0
 2024 07 09 21 45 00 000    2.67    -1.10     3.49  -372.90     -1.70      7.00    8.36     78090.0
 2024 07 09 21 46 00 000    3.15    -1.61     2.76  -368.90    -16.30      3.00    8.30    101474.0
 2024 07 09 21 47 00 000    3.41    -2.06     1.90  -368.00    -20.40      2.30    8.21    107231.0
 2024 07 09 21 48 00 000    3.40    -2.00     1.84  -374.80     -1.60      9.20    7.02     82333.0
 2024 07 09 21 49 00 000    4.10    -1.58     1.00  -374.80     -1.60      9.20    7.02     82333.0
 2024 07 09 21 50 00 000    4.21    -2.05     1.08  -374.80     -1.60      9.20    7.02     82333.0
 2024 07 09 21 51 00 000    4.04    -1.71     0.02  -365.40     -9.50      6.50    8.05     95017.0
 2024 07 09 21 52 00 000    3.96    -1.32     0.35  -365.70     -8.60      6.70    8.04     94545.0
 2024 07 09 21 53 00 000    4.06    -1.63     0.32  -368.80      0.00      9.00    7.95     89816.0
 2024 07 09 21 54 00 000    4.13    -1.17    -0.52  -371.10     -4.30     -5.60    7.76     91059.0
 2024 07 09 21 55 00 000    4.11    -1.52    -0.97  -368.10     -3.20     -1.40    7.68     95650.0
 2024 07 09 21 56 00 000    4.05    -0.90    -0.98  -368.10     -3.20     -1.40    7.68     95650.0
 2024 07 09 21 57 00 000    3.80    -1.21    -1.35  -356.40      4.40     -7.40    8.20     98453.0
 2024 07 09 21 58 00 000    2.65    -2.29    -3.87  -356.40      4.40     -7.40    8.20     98453.0
 2024 07 09 21 59 00 000    3.05    -1.90    -3.82  -356.40      4.40     -7.40    8.20     98453.0
 2024 07 09 22 00 00 000    2.65    -2.51    -3.73  -356.40      4.40     -7.40    8.20     98453.0
 2024 07 09 22 01 00 000    2.79    -2.01    -3.92  -373.10     -6.80    -21.10    7.86     97188.0
 2024 07 09 22 02 00 000    2.75    -2.04    -3.78  -373.10     -6.80    -21.10    7.86     97188.0
 2024 07 09 22 03 00 000    2.32    -1.56    -4.21  -373.10     -6.80    -21.10    7.86     97188.0
 2024 07 09 22 04 00 000    2.75    -3.05    -2.92  -376.60     -4.80    -15.00    6.94     68099.0
 2024 07 09 22 05 00 000    2.41    -3.63    -2.74  -377.10     -9.70    -14.10    7.55     77970.0
 2024 07 09 22 06 00 000    2.56    -3.83    -1.92  -377.80    -14.70     -7.30    7.26     80627.0
 2024 07 09 22 07 00 000    2.55    -4.08    -1.36  -375.70    -16.60     -4.30    7.49     81245.0
 2024 07 09 22 08 00 000    2.47    -4.22    -0.88  -375.20    -16.80     -4.00    7.59     81487.0
 2024 07 09 22 09 00 000    2.23    -3.26    -1.98  -375.20    -16.80     -4.00    7.59     81487.0
 2024 07 09 22 10 00 000    2.07     0.42    -4.46  -375.20    -16.80     -4.00    7.59     81487.0
 2024 07 09 22 11 00 000    0.28    -0.83    -4.70  -375.20    -16.80     -4.00    7.59     81487.0
 2024 07 09 22 12 00 000   -2.64     0.16    -4.08  -375.20    -16.80     -4.00    7.59     81487.0
 2024 07 09 22 13 00 000    0.66    -1.07    -4.96  -393.10      3.70    -33.90    6.68     56391.0
 2024 07 09 22 14 00 000    2.09    -2.80    -3.56  -393.10      3.70    -33.90    6.68     56391.0
 2024 07 09 22 15 00 000    1.88    -2.61    -3.81  -379.00    -12.70    -11.60    7.53     75945.0
 2024 07 09 22 16 00 000    1.71    -2.70    -3.93  -379.00    -12.70    -11.60    7.53     75945.0
 2024 07 09 22 17 00 000    1.32    -2.69    -3.97  -382.10    -11.20    -20.90    7.76     68791.0
 2024 07 09 22 18 00 000    1.24    -2.62    -4.12  -382.10    -11.20    -20.90    7.76     68791.0
 2024 07 09 22 19 00 000    1.54    -2.36    -4.18  -382.10    -11.20    -20.90    7.76     68791.0
 2024 07 09 22 20 00 000    1.56    -2.33    -3.94  -380.60     -7.10    -14.80    8.00     70887.0
 2024 07 09 22 21 00 000    2.00    -1.56    -3.74  -380.60     -7.10    -14.80    8.00     70914.0
 2024 07 09 22 22 00 000    2.09     0.64    -3.40  -378.80      6.70    -18.40    7.91     82869.0
 2024 07 09 22 23 00 000    1.17    -0.22    -4.08  -382.50      9.50    -26.50    8.01     88659.0
 2024 07 09 22 24 00 000    0.11     1.41    -4.85  -385.00     11.40    -31.80    8.07     92446.0
 2024 07 09 22 25 00 000    0.15    -1.03    -1.44  -388.30    -17.20    -18.00    7.80     67977.0
 2024 07 09 22 26 00 000   -1.86    -4.38     1.34  -388.30    -17.20    -18.00    7.80     67977.0
 2024 07 09 22 27 00 000   -1.54    -3.41     0.71  -393.10    -10.30      3.40    7.34     71552.0
 2024 07 09 22 28 00 000   -1.72    -4.22     1.78  -393.10    -10.30      3.40    7.34     71552.0
 2024 07 09 22 29 00 000   -1.65    -4.02     2.38  -391.80     -7.50      0.50    7.17     65920.0
 2024 07 09 22 30 00 000   -2.09    -3.54     2.40  -391.70     -7.40      0.40    7.16     65685.0
 2024 07 09 22 31 00 000   -1.65    -2.93     3.48  -393.50     -3.30     10.00    6.90     59082.0
 2024 07 09 22 32 00 000   -1.61    -2.28     3.69  -393.50     -3.30     10.00    6.90     59082.0
 2024 07 09 22 33 00 000   -1.83    -1.94     3.51  -393.50     -3.30     10.00    6.90     59082.0
 2024 07 09 22 34 00 000   -1.71    -1.06     3.86  -393.50     -3.30     10.00    6.90     59082.0
 2024 07 09 22 35 00 000   -1.29    -0.79     3.63  -393.50     -3.30     10.00    6.90     59082.0
 2024 07 09 22 36 00 000   -1.34    -0.62     3.86  -393.50      3.60     21.30    7.18     86995.0
 2024 07 09 22 37 00 000   -1.14    -0.62     4.05  -393.50      3.60     21.30    7.18     86995.0
 2024 07 09 22 38 00 000   -0.37    -3.67     3.96  -386.30    -11.40     11.90    6.58     49730.0
 2024 07 09 22 39 00 000    0.09    -3.97     3.82  -385.80    -10.10     10.10    6.80     56185.0
 2024 07 09 22 40 00 000    0.00    -3.79     4.07  -385.20     -8.40      7.70    7.10     64732.0
 2024 07 09 22 41 00 000    0.32    -3.89     4.01  -385.20     -8.40      7.70    7.10     64732.0
 2024 07 09 22 42 00 000    0.10    -3.77     4.06  -384.90     -6.70     11.80    6.81     48338.0
 2024 07 09 22 43 00 000    0.06    -3.85     3.94  -385.50     -6.70     11.50    6.84     49067.0
 2024 07 09 22 44 00 000   -0.17    -3.94     3.81  -387.90     -8.10     11.20    7.47     60069.0
 2024 07 09 22 45 00 000   -0.02    -4.11     3.72  -387.90     -8.10     11.20    7.47     60069.0
 2024 07 09 22 46 00 000   -0.15    -4.35     3.89  -387.90     -8.10     11.20    7.47     60069.0
 2024 07 09 22 47 00 000    0.26    -5.56     2.33  -387.90     -8.10     11.20    7.47     60069.0
 2024 07 09 22 48 00 000    0.70    -5.34     0.90  -383.50    -14.10      0.40    7.12     59879.0
 2024 07 09 22 49 00 000    0.34    -5.33     1.12  -383.80    -14.40      0.30    7.12     59833.0
 2024 07 09 22 50 00 000   -0.15    -5.10     1.72  -385.40    -15.90     -0.30    7.10     59361.0
 2024 07 09 22 51 00 000   -0.42    -4.99     1.91  -389.70    -19.10      4.10    6.79     52979.0
 2024 07 09 22 52 00 000   -0.51    -4.80     2.07  -389.80    -19.20      4.30    6.78     52757.0
 2024 07 09 22 53 00 000   -0.45    -4.47     2.69  -389.80    -19.20      4.30    6.78     52757.0
 2024 07 09 22 54 00 000   -0.58    -4.29     2.84  -387.80    -13.10     12.50    7.41     72763.0
 2024 07 09 22 55 00 000   -0.91    -3.99     3.17  -389.50    -15.20     11.60    7.35     66790.0
 2024 07 09 22 56 00 000   -0.95    -3.78     3.13  -390.70    -16.70     10.90    7.30     62456.0
 2024 07 09 22 57 00 000   -0.72    -3.75     3.21  -390.70    -16.70     10.90    7.30     62456.0
 2024 07 09 22 58 00 000   -0.86    -3.72     3.16  -393.50    -13.50     13.70    7.54     65685.0
 2024 07 09 22 59 00 000   -0.50    -3.94     3.09  -393.50    -13.50     13.70    7.54     65685.0
 2024 07 09 23 00 00 000   -0.47    -3.91     2.95  -393.50    -13.50     13.70    7.54     65685.0
 2024 07 09 23 01 00 000    0.30    -4.25     2.66  -382.40     -9.30     -7.10    6.82     60260.0
 2024 07 09 23 02 00 000    0.28    -4.36     2.66  -383.90     -9.80     -2.40    6.78     59061.0
 2024 07 09 23 03 00 000    0.02    -4.03     2.93  -387.30    -11.00      7.80    6.67     56473.0
 2024 07 09 23 04 00 000   -0.21    -3.86     3.18  -387.30    -11.00      7.80    6.67     56473.0
 2024 07 09 23 05 00 000    0.12    -3.98     2.94  -389.30    -14.60     11.70    7.19     65406.0
 2024 07 09 23 06 00 000    0.49    -3.99     2.95  -387.10    -14.50     10.70    7.20     66034.0
 2024 07 09 23 07 00 000    0.29    -4.01     2.96  -387.60    -14.80     12.50    7.24     65925.0
 2024 07 09 23 08 00 000    1.83    -4.12     2.50  -387.10    -15.80     13.40    7.18     66574.0
 2024 07 09 23 09 00 000    2.85    -1.34    -2.85  -375.40    -13.00     -2.10    6.91     79634.0
 2024 07 09 23 10 00 000    2.53    -0.36    -4.27  -376.10     -4.30    -15.40    7.21     90102.0
 2024 07 09 23 11 00 000    2.37    -0.07    -3.97  -375.90     -4.80    -16.10    7.59     86765.0
 2024 07 09 23 12 00 000    2.43    -0.26    -4.30  -374.40     -1.20    -22.20    7.20     92003.0
 2024 07 09 23 13 00 000    1.50     0.13    -4.80  -375.90     -0.80    -21.40    7.18     87580.0
 2024 07 09 23 14 00 000    2.13     0.24    -4.22  -381.10      0.00    -17.90    7.16     72931.0
 2024 07 09 23 15 00 000    3.20    -1.65    -3.18  -372.40     -3.40    -24.00    7.38     85260.0
 2024 07 09 23 16 00 000    3.22    -1.92    -3.13  -372.40     -3.40    -24.00    7.38     85260.0
 2024 07 09 23 17 00 000    3.57    -2.55    -1.47  -368.50    -10.10    -10.50    7.56     86509.0
 2024 07 09 23 18 00 000    4.04    -2.43    -1.01  -368.80     -8.70    -12.20    7.53     86359.0
 2024 07 09 23 19 00 000    4.24    -2.21    -0.94  -368.80     -8.70    -12.20    7.53     86359.0
 2024 07 09 23 20 00 000    3.89    -2.77    -0.51  -365.90    -10.70    -10.90    7.63     92115.0
 2024 07 09 23 21 00 000    4.29    -2.08    -0.96  -365.90    -10.70    -10.90    7.63     92115.0
 2024 07 09 23 22 00 000    4.26    -2.17    -1.09  -365.90    -10.70    -10.90    7.63     92115.0
 2024 07 09 23 23 00 000    4.42    -1.68    -1.07  -365.90    -10.70    -10.90    7.63     92115.0
 2024 07 09 23 24 00 000    3.94    -2.56    -0.91  -363.70     -7.70     -5.60    7.92    141783.0
 2024 07 09 23 25 00 000    3.61    -3.15    -0.41  -363.70     -7.70     -5.60    7.92    141783.0
 2024 07 09 23 26 00 000    3.66    -2.79     0.22  -369.20    -17.60     -1.00    7.55     98358.0
 2024 07 09 23 27 00 000    3.57    -2.46     1.22  -371.20    -10.00     -0.70    7.23    113468.0
 2024 07 09 23 28 00 000    3.69    -2.59     0.81  -371.00    -11.00      0.10    7.28    111447.0
 2024 07 09 23 29 00 000    3.75    -2.58     0.62  -369.20    -17.90      0.90    7.57     98168.0
 2024 07 09 23 30 00 000    3.68    -2.78     0.35  -369.20    -17.80      0.90    7.57     98379.0
 2024 07 09 23 31 00 000    3.72    -2.66     0.46  -369.20    -17.80      0.90    7.57     98379.0
 2024 07 09 23 32 00 000    3.69    -2.73     0.57  -369.20    -17.80      0.90    7.57     98379.0
 2024 07 09 23 33 00 000    3.76     0.20    -2.91  -369.20    -17.80      0.90    7.57     98379.0
 2024 07 09 23 34 00 000    3.17     1.27    -3.72  -371.20      7.90    -18.50    7.30     75731.0
 2024 07 09 23 35 00 000    3.33     1.34    -3.40  -371.20      7.90    -18.50    7.30     75731.0
 2024 07 09 23 36 00 000    3.11     0.85    -3.80  -371.20      7.90    -18.50    7.30     75731.0
 2024 07 09 23 37 00 000    3.07     0.99    -3.80  -373.30      6.90    -13.90    6.79     73391.0
 2024 07 09 23 38 00 000    2.99     0.87    -3.84  -373.90      7.20    -19.40    7.01     79595.0
 2024 07 09 23 39 00 000    2.79     0.89    -3.94  -374.70      7.70    -17.20    7.04     87953.0
 2024 07 09 23 40 00 000    2.44     1.13    -4.09  -376.60      8.10    -18.80    7.08     84038.0
 2024 07 09 23 41 00 000    2.31     1.10    -4.23  -376.40      8.10    -19.40    7.09     83247.0
 2024 07 09 23 42 00 000    2.64     0.77    -4.30  -375.60      8.00    -22.50    7.11     77023.0
 2024 07 09 23 43 00 000    3.04     0.56    -4.16  -375.90      8.00    -21.50    7.09     77171.0
 2024 07 09 23 44 00 000    3.21     0.28    -4.01  -371.50      7.10    -25.20    6.95     70110.0
 2024 07 09 23 45 00 000    3.26     0.74    -3.99  -372.20      6.20    -27.50    7.08     75130.0
 2024 07 09 23 46 00 000    3.13     0.64    -4.00  -372.70      6.60    -23.10    7.14     71053.0
 2024 07 09 23 47 00 000    2.76     0.71    -4.10  -372.70      6.60    -23.10    7.14     71053.0
 2024 07 09 23 48 00 000    2.74     0.84    -3.99  -373.30      7.60    -21.80    7.01     80126.0
 2024 07 09 23 49 00 000    2.53     0.62    -3.82  -373.90      7.90    -21.50    6.95     86315.0
 2024 07 09 23 50 00 000    2.64     0.77    -3.67  -375.20      6.30    -23.40    7.05     88090.0
 2024 07 09 23 51 00 000    2.65     0.52    -3.77  -376.30      5.50    -16.80    7.14     76371.0
 2024 07 09 23 52 00 000    2.38     0.50    -4.06  -376.30      5.40    -16.80    7.14     76266.0
 2024 07 09 23 53 00 000    2.28     0.10    -4.17  -377.90      3.70    -18.10    7.19     74068.0
 2024 07 09 23 54 00 000    2.35    -0.71    -4.09  -379.30     -0.70    -22.40    7.38     74515.0
 2024 07 09 23 55 00 000    2.30    -0.58    -4.10  -377.70     -3.20    -21.40    7.31     74435.0
 2024 07 09 23 56 00 000    1.56    -1.39    -4.15  -379.70     -4.40    -22.60    7.45     80204.0
 2024 07 09 23 57 00 000    1.75    -0.76    -4.20  -380.80     -4.60    -22.80    7.54     85629.0
 2024 07 09 23 58 00 000    0.07    -1.45    -0.45  -375.70     -4.10    -18.50    7.22     82786.0
 2024 07 09 23 59 00 000    1.79    -1.68     3.38  -375.70     -4.10    -18.50    7.22     82786.0
 2024 07 10 00 00 00 000    2.23    -2.25     3.53  -383.90     -2.10      7.00    6.58     80292.0
 2024 07 10 00 01 00 000    2.33    -2.29     3.15  -383.90     -2.10      7.00    6.58     80292.0
 2024 07 10 00 02 00 000    3.13    -1.99     2.78  -377.80     -2.10     -3.40    7.35     56798.0
 2024 07 10 00 03 00 000    3.62    -1.88     2.32  -377.80     -2.10     -3.40    7.35     56798.0
 2024 07 10 00 04 00 000    3.29    -2.03     3.07  -378.30     -3.00      1.60    6.97     82067.0
 2024 07 10 00 05 00 000    3.27    -2.34     2.73  -379.20     -8.10     -1.10    6.75     83539.0
 2024 07 10 00 06 00 000    3.57    -2.93     1.68  -377.50     -6.90      3.80    6.70     84717.0
 2024 07 10 00 07 00 000    3.96    -2.46     1.66  -377.40    -17.60     11.30    7.09     89864.0
 2024 07 10 00 08 00 000    3.95    -2.48     1.69  -374.90     -9.30      6.90    7.63     82988.0
 2024 07 10 00 09 00 000    3.81    -3.14    -0.61  -371.10     -5.90      8.90    7.33     71219.0
 2024 07 10 00 10 00 000    3.54    -3.31    -0.17  -371.10     -5.90      8.90    7.33     71219.0
 2024 07 10 00 11 00 000    3.51    -3.47     0.26  -376.80    -24.80     15.30    6.92    100908.0
 2024 07 10 00 12 00 000    3.33    -3.72     0.36  -376.80    -24.80     15.30    6.92    100908.0
 2024 07 10 00 13 00 000    3.56    -3.50     0.01  -376.80    -24.80     15.30    6.92    100908.0
 2024 07 10 00 14 00 000    3.81    -3.22    -0.30  -376.80    -24.80     15.30    6.92    100908.0
 2024 07 10 00 15 00 000    3.54    -3.56     0.08  -376.80    -24.80     15.30    6.92    100908.0
 2024 07 10 00 16 00 000    3.37    -3.69     0.21  -376.80    -24.80     15.30    6.92    100908.0
 2024 07 10 00 17 00 000    3.41    -3.62     0.29  -377.40    -25.70     14.90    6.58     95353.0
 2024 07 10 00 18 00 000    2.97    -3.47     0.57  -377.40    -25.70     14.90    6.58     95353.0
 2024 07 10 00 19 00 000    0.50    -2.36     2.10  -377.40    -25.70     14.90    6.58     95353.0
 2024 07 10 00 20 00 000   -0.06    -3.51     1.42  -387.20    -18.90     13.40    6.61     61103.0
 2024 07 10 00 21 00 000    0.07    -3.49     2.06  -386.50    -13.50     12.70    6.42     56704.0
 2024 07 10 00 22 00 000    0.00    -3.25     2.87  -385.80     -7.40     11.90    6.21     51726.0
 2024 07 10 00 23 00 000   -0.13    -3.60     3.49  -385.80     -7.40     11.90    6.21     51726.0
 2024 07 10 00 24 00 000    0.49    -3.51     3.90  -385.80     -7.40     11.90    6.21     51726.0
 2024 07 10 00 25 00 000    0.74    -3.71     3.57  -385.80     -7.40     11.90    6.21     51726.0
 2024 07 10 00 26 00 000    1.51    -3.78     2.15  -369.60    -20.20      1.40    7.47    139508.0
 2024 07 10 00 27 00 000    2.19    -3.38     1.22  -376.90    -15.00      4.50    7.30    108567.0
 2024 07 10 00 28 00 000    4.16    -2.51    -0.98  -381.30    -11.90      6.30    7.19     89755.0
 2024 07 10 00 29 00 000    4.28    -2.57    -1.24  -370.10    -19.60      1.90    7.08     88238.0
 2024 07 10 00 30 00 000    4.34    -2.28    -1.42  -370.10    -19.60      1.90    7.08     88234.0
 2024 07 10 00 31 00 000    4.24    -2.14    -1.31  -370.20    -15.70      0.30    7.04     84083.0
 2024 07 10 00 32 00 000    3.96    -2.41    -1.32  -370.10    -16.40      0.90    6.94     86284.0
 2024 07 10 00 33 00 000    3.19    -3.05    -2.11  -370.10    -17.40      1.90    6.78     90074.0
 2024 07 10 00 34 00 000    3.53    -2.60    -2.29  -376.10    -11.20     -5.60    7.10     88593.0
 2024 07 10 00 35 00 000    4.05    -1.98    -2.31  -376.20    -11.10     -5.80    7.11     88562.0
 2024 07 10 00 36 00 000    4.46    -0.71    -2.03  -376.20    -11.10     -5.80    7.11     88562.0
 2024 07 10 00 37 00 000    4.53    -0.34    -2.03  -376.20    -11.10     -5.80    7.11     88562.0
 2024 07 10 00 38 00 000    3.28    -2.65    -2.13  -375.30     -9.60     -8.30    7.04     92115.0
 2024 07 10 00 39 00 000    3.57    -2.27    -2.50  -373.10     -6.90     -7.90    7.08     92593.0
 2024 07 10 00 40 00 000    2.86    -3.62    -1.66  -367.60     -0.10     -7.00    7.19     93781.0
 2024 07 10 00 41 00 000    2.48    -4.08    -0.21  -367.60     -0.10     -7.00    7.19     93781.0
 2024 07 10 00 42 00 000    3.80    -1.38    -2.29  -368.70     -1.60    -22.60    8.13    113903.0
 2024 07 10 00 43 00 000    3.65    -1.79    -1.99  -368.70     -1.60    -22.60    8.13    113903.0
 2024 07 10 00 44 00 000    2.56    -3.26    -2.10  -367.90     -0.80    -23.00    7.72     80778.0
 2024 07 10 00 45 00 000    1.73    -3.60    -1.88  -372.20     -3.70    -19.10    7.50     78161.0
 2024 07 10 00 46 00 000    2.22    -3.32    -2.01  -380.70    -18.20      0.00    7.20     86494.0
 2024 07 10 00 47 00 000    1.91    -3.42    -2.03  -372.10    -20.20      3.40    7.72    104879.0
 2024 07 10 00 48 00 000    2.03    -3.44    -2.03  -374.30     -6.10      2.00    7.23    108713.0
 2024 07 10 00 49 00 000    1.53    -3.48    -2.50  -374.60     -6.30      1.60    7.23    107901.0
 2024 07 10 00 50 00 000    1.14    -4.62    -1.35  -388.40    -15.40    -17.70    7.11     71114.0
 2024 07 10 00 51 00 000    1.84    -3.61    -2.01  -382.40    -11.50     -7.50    6.89     73767.0
 2024 07 10 00 52 00 000    1.83    -3.50    -1.96  -376.80    -10.60    -10.40    7.24     92169.0
 2024 07 10 00 53 00 000    1.73    -4.28    -1.19  -375.20    -11.90    -10.60    7.30     97150.0
 2024 07 10 00 54 00 000    1.03    -4.32    -1.58  -391.60    -19.50     -7.10    6.13     62376.0
 2024 07 10 00 55 00 000   -0.38    -4.44    -2.08  -389.90    -19.90     -8.30    6.61     63018.0
 2024 07 10 00 56 00 000    0.53    -4.15    -2.22  -389.40    -20.00     -8.60    6.75     63197.0
 2024 07 10 00 57 00 000    1.01    -4.08    -2.31  -380.70    -20.20    -10.80    6.99     67048.0
 2024 07 10 00 58 00 000    1.15    -3.55    -2.27  -380.40    -19.40    -10.10    7.00     68701.0
 2024 07 10 00 59 00 000    1.77    -3.81    -1.21  -379.60     -5.30     -6.50    6.77     82132.0
 2024 07 10 01 00 00 000    1.80    -4.07    -0.41  -381.10     -7.10     -5.90    6.86     76353.0
 2024 07 10 01 01 00 000    1.18    -1.85     2.12  -385.30     -9.30      0.70    8.00     84735.0
 2024 07 10 01 02 00 000    1.94    -1.22     2.62  -380.10     -0.40     16.30    8.75    117924.0
 2024 07 10 01 03 00 000    1.57    -0.03     3.69  -379.90     -0.10     16.90    8.78    119214.0
 2024 07 10 01 04 00 000    1.87    -0.17     3.91  -385.40      8.10      7.20    7.59     87797.0
 2024 07 10 01 05 00 000    2.07     0.68     3.45  -385.90      8.90      6.30    7.48     84851.0
 2024 07 10 01 06 00 000    0.76    -0.22     2.72  -385.90      8.90      6.30    7.48     84851.0
 2024 07 10 01 08 00 000    1.07    -0.24    -2.02  -383.80     12.60    -12.40    7.69    115061.0
 2024 07 10 01 09 00 000    1.57     0.58    -2.15  -383.80     12.60    -12.40    7.69    115061.0
 2024 07 10 01 10 00 000    1.60     0.15    -2.36  -383.80     12.60    -12.40    7.69    115061.0
 2024 07 10 01 11 00 000    2.15     0.26    -2.75  -386.40     10.50    -14.80    7.35    106214.0
 2024 07 10 01 12 00 000    3.12     0.47    -1.73  -386.40     10.50    -14.80    7.35    106214.0
 2024 07 10 01 13 00 000    3.94     2.02     1.49  -386.40     10.50    -14.80    7.35    106214.0
 2024 07 10 01 14 00 000    3.39     2.36     1.78  -378.80     20.40     -2.30    7.88     96461.0
 2024 07 10 01 15 00 000    2.22     2.75     1.20  -379.10     20.70     -2.10    7.95     97869.0
 2024 07 10 01 16 00 000   -0.22     2.94    -0.05  -385.60     26.60      1.50    9.51    129215.0
 2024 07 10 01 17 00 000   -0.19     2.75     0.09  -386.40     27.30      2.00    9.70    133076.0
 2024 07 10 01 18 00 000    1.12     0.84    -0.89  -386.40     27.30      2.00    9.70    133076.0
 2024 07 10 01 19 00 000    2.24    -1.73    -2.48  -386.40     27.30      2.00    9.70    133076.0
 2024 07 10 01 20 00 000    2.50    -2.02    -1.67  -386.40     27.30      2.00    9.70    133076.0
 2024 07 10 01 21 00 000    1.65    -1.94    -1.05  -381.20     -9.30    -18.80    9.23    141901.0
 2024 07 10 01 22 00 000    2.16    -3.11    -1.33  -381.60     -9.80    -12.80    8.66    130924.0
 2024 07 10 01 23 00 000    2.26    -3.06    -1.59  -382.10    -11.00     -4.90    7.89    114192.0
 2024 07 10 01 24 00 000    1.93    -3.20    -1.97  -382.20    -12.80     -7.00    8.00    107486.0
 2024 07 10 01 25 00 000    1.98    -3.38    -1.18  -382.00     -9.20    -13.10    7.63     97830.0
 2024 07 10 01 26 00 000    2.07    -3.60    -0.06  -382.80    -15.00     -3.10    7.93    101521.0
 2024 07 10 01 27 00 000    2.23    -3.80    -0.06  -381.50     -8.50     -2.00    7.67     92324.0
 2024 07 10 01 28 00 000    2.23    -3.91    -0.13  -381.50     -8.30     -2.10    7.66     92068.0
 2024 07 10 01 29 00 000    2.97    -3.62     1.40  -381.20     -7.30     -6.20    7.49     89397.0
 2024 07 10 01 30 00 000    3.10    -3.80     1.29  -381.20     -7.30     -6.20    7.49     89397.0
 2024 07 10 01 31 00 000    2.92    -4.22     1.12  -381.20     -1.50     -4.00    7.62     85487.0
 2024 07 10 01 32 00 000    2.80    -4.36     0.87  -381.00     -2.60     -3.30    7.63     85945.0
 2024 07 10 01 33 00 000    2.52    -4.46     0.76  -379.10    -13.20      3.00    7.72     90310.0
 2024 07 10 01 34 00 000    2.42    -4.30     0.41  -379.10    -13.50      3.20    7.72     90423.0
 2024 07 10 01 35 00 000    2.10    -4.49     0.97  -379.70     -8.10     -0.50    7.51     94443.0
 2024 07 10 01 36 00 000    2.74    -4.30     0.90  -379.10    -10.70      2.50    7.35     91737.0
 2024 07 10 01 37 00 000    1.63    -4.91     1.16  -378.10    -15.60      8.20    7.04     86505.0
 2024 07 10 01 38 00 000    1.48    -5.01     1.12  -383.70    -12.80      2.70    7.23     71491.0
 2024 07 10 01 39 00 000    1.51    -5.18     0.36  -383.80    -12.80      2.60    7.23     71261.0
 2024 07 10 01 40 00 000    1.30    -5.06     0.37  -383.30     -7.90     -0.10    7.13     87178.0
 2024 07 10 01 41 00 000    0.95    -4.95    -0.01  -385.20    -11.80      0.50    7.24     78698.0
 2024 07 10 01 42 00 000    1.19    -4.91     0.05  -386.20    -13.80      0.80    7.30     74240.0
 2024 07 10 01 43 00 000    1.02    -3.87     1.50  -385.30    -13.80      1.60    7.60     82511.0
 2024 07 10 01 44 00 000    0.99    -4.42     0.88  -385.30    -13.80      1.60    7.60     82511.0
 2024 07 10 01 45 00 000    0.92    -3.72     1.68  -385.30    -13.80      1.60    7.60     82511.0
 2024 07 10 01 46 00 000    0.25    -1.91     3.97  -390.00     -1.70     12.20    7.05     81932.0
 2024 07 10 01 47 00 000   -0.06    -1.60     4.26  -390.00     -1.70     12.20    7.05     81932.0
 2024 07 10 01 48 00 000   -0.06    -1.59     4.28  -392.90      1.10     12.60    7.30     76073.0
 2024 07 10 01 49 00 000    0.72    -2.71     3.21  -391.00     -2.70     11.80    7.04     76911.0
 2024 07 10 01 50 00 000    0.95    -1.90    -1.76  -389.00     -6.70     11.00    6.78     77799.0
 2024 07 10 01 51 00 000    1.51    -2.92    -2.26  -388.80     -0.70    -12.70    7.64     96124.0
 2024 07 10 01 52 00 000    1.17    -4.03    -1.34  -389.00     -1.40    -12.40    7.39     90579.0
 2024 07 10 01 53 00 000    1.42    -3.61    -2.21  -389.40     -2.60    -12.00    6.96     81354.0
 2024 07 10 01 54 00 000    1.19    -3.77    -1.70  -389.40     -2.60    -12.00    6.96     81354.0
 2024 07 10 01 55 00 000   -0.38    -3.30    -2.70  -392.60     -6.10    -14.80    7.42     94156.0
 2024 07 10 01 56 00 000   -0.30    -3.37    -2.30  -392.60     -6.10    -14.80    7.42     94156.0
 2024 07 10 01 57 00 000    0.34    -3.99    -0.15  -394.30     -4.80    -13.50    7.94    127240.0
 2024 07 10 01 58 00 000   -0.30    -3.52    -1.17  -394.30     -4.80    -13.50    7.94    127240.0
 2024 07 10 01 59 00 000   -0.07    -3.78    -0.52  -394.30     -4.80    -13.50    7.94    127240.0
 2024 07 10 02 00 00 000   -0.23    -3.82    -0.61  -393.60     -6.20     -4.70    7.22     84399.0
 2024 07 10 02 01 00 000    0.11    -3.83    -0.62  -393.60     -6.20     -4.70    7.22     84399.0
 2024 07 10 02 02 00 000    0.57    -3.66    -0.38  -393.60     -6.20     -4.70    7.22     84399.0
 2024 07 10 02 03 00 000    0.34    -3.72    -0.04  -390.80     -8.30     -3.60    7.34     95786.0
 2024 07 10 02 04 00 000    1.07    -3.28    -0.27  -390.80     -8.30     -3.60    7.34     95786.0
 2024 07 10 02 05 00 000    1.44    -2.83    -0.48  -387.70     -9.50     -2.60    7.00     97022.0
 2024 07 10 02 06 00 000    2.06    -2.67    -0.15  -385.80    -10.30     -2.00    6.79     97770.0
 2024 07 10 02 07 00 000    1.65    -2.01    -0.11  -385.80    -10.30     -2.00    6.79     97770.0
 2024 07 10 02 08 00 000    1.65    -1.54    -0.15  -385.80    -10.30     -2.00    6.79     97770.0
 2024 07 10 02 09 00 000    1.69    -0.84    -0.04  -376.80      5.10      1.80    8.45    144018.0
 2024 07 10 02 10 00 000    1.89    -1.54    -0.06  -377.20      5.20      2.30    8.35    140210.0
 2024 07 10 02 11 00 000    1.67    -1.27    -0.08  -379.00      5.50      4.40    7.94    123756.0
 2024 07 10 02 12 00 000    2.43    -1.97    -0.23  -376.80     -0.30      6.50    7.65    117522.0
 2024 07 10 02 13 00 000    2.58    -1.75    -0.26  -377.00     -2.10      4.60    7.57    121722.0
 2024 07 10 02 14 00 000    2.68    -0.98    -0.41  -377.30     -2.30      1.20    7.52    128899.0
 2024 07 10 02 15 00 000    2.92    -0.52    -0.27  -375.70      2.80      6.90    7.93    132154.0
 2024 07 10 02 16 00 000    2.91    -0.33     0.30  -375.60     -6.30      6.60    8.10    138215.0
 2024 07 10 02 17 00 000    2.90    -0.44     0.34  -377.90     16.70     -0.90    7.80    125415.0
 2024 07 10 02 18 00 000    2.70     1.41     1.10  -378.60     19.50     -1.80    7.68    115349.0
 2024 07 10 02 19 00 000    3.23     2.85     0.85  -378.40     21.10     -2.10    7.74    113394.0
 2024 07 10 02 20 00 000    3.10     3.02     0.40  -378.40     21.10     -2.10    7.74    113394.0
 2024 07 10 02 21 00 000    3.04     2.98     0.01  -378.40     21.10     -2.10    7.74    113394.0
 2024 07 10 02 22 00 000    3.35     2.51     0.52  -378.40     21.10     -2.10    7.74    113394.0
 2024 07 10 02 23 00 000    3.42     2.02     0.94  -378.40     21.10     -2.10    7.74    113394.0
 2024 07 10 02 24 00 000   -0.02     4.54     0.07  -378.40     21.10     -2.10    7.74    113394.0
 2024 07 10 02 25 00 000   -0.82     4.54     0.25  -378.40     21.10     -2.10    7.74    113394.0
 2024 07 10 02 26 00 000   -0.13     4.53     0.60  -397.70     27.20     -0.40    7.08     77150.0
 2024 07 10 02 27 00 000    0.25     4.44     0.89  -397.70     27.20     -0.40    7.08     77189.0
 2024 07 10 02 28 00 000    0.00     4.68     0.62  -388.20     25.10      5.10    7.64     88886.0
 2024 07 10 02 29 00 000   -0.03     4.52     0.63  -392.10     26.20      0.50    7.50     86116.0
 2024 07 10 02 30 00 000    0.08     4.63     0.69  -394.90     27.50     -2.10    7.31     82365.0
 2024 07 10 02 31 00 000    0.46     4.49     0.86  -392.30     28.30      2.60    7.06     78358.0
 2024 07 10 02 32 00 000    1.51     4.01     1.31  -387.70     28.30      2.70    7.45     86063.0
 2024 07 10 02 33 00 000    1.91     3.73     1.64  -384.80     28.60      3.90    7.64     90283.0
 2024 07 10 02 34 00 000    1.95     3.81     1.44  -383.50     28.30      4.40    7.47     84761.0
 2024 07 10 02 35 00 000    2.14     3.76     1.35  -383.50     28.30      4.40    7.47     84761.0
 2024 07 10 02 36 00 000    2.04     3.89     1.23  -383.50     28.30      4.40    7.47     84761.0
 2024 07 10 02 37 00 000    2.03     4.08     1.21  -383.50     28.30      4.40    7.47     84761.0
 2024 07 10 02 38 00 000    1.99     4.11     1.14  -383.50     28.30      4.40    7.47     84761.0
 2024 07 10 02 39 00 000    2.08     3.99     1.58  -383.50     28.30      4.40    7.47     84761.0
 2024 07 10 02 40 00 000    2.11     4.13     1.26  -384.20     26.40      2.10    7.39     87822.0
 2024 07 10 02 41 00 000    2.32     4.31     1.09  -384.20     26.40      2.10    7.39     87822.0
 2024 07 10 02 42 00 000    2.39     4.19     0.58  -384.20     26.40      2.10    7.39     87822.0
 2024 07 10 02 43 00 000    2.11     4.16     1.11  -384.40     29.20     -2.60    7.04     87040.0
 2024 07 10 02 44 00 000    2.25     4.00     1.22  -384.40     29.20     -2.60    7.04     87040.0
 2024 07 10 02 45 00 000    1.80     4.26     0.90  -384.40     29.20     -2.60    7.04     87030.0
 2024 07 10 02 46 00 000    1.61     4.38     0.87  -385.30     26.30      1.80    7.41     85851.0
 2024 07 10 02 47 00 000    1.56     4.59     0.82  -385.30     26.30      1.80    7.41     85851.0
 2024 07 10 02 48 00 000    1.72     4.40     0.79  -385.00     28.00     -0.10    7.43     88654.0
 2024 07 10 02 49 00 000    2.13     4.22     1.12  -385.00     28.00     -0.10    7.43     88654.0
 2024 07 10 02 50 00 000    2.08     4.31     0.73  -385.10     24.70      0.50    7.63     90657.0
 2024 07 10 02 51 00 000    1.94     4.62    -0.59  -385.10     24.70      0.50    7.63     90657.0
 2024 07 10 02 52 00 000    2.09     4.51    -0.59  -386.00     24.80     -5.90    7.35     89281.0
 2024 07 10 02 53 00 000    2.07     4.19     0.20  -386.00     24.80     -6.00    7.34     89257.0
 2024 07 10 02 54 00 000    2.03     4.23    -0.24  -384.60     26.60      0.20    7.40     87684.0
 2024 07 10 02 55 00 000    1.81     4.37     0.91  -385.80     26.90      1.00    7.46     92755.0
 2024 07 10 02 56 00 000    1.86     4.51     1.18  -387.60     27.30      2.10    7.57    100267.0
 2024 07 10 02 57 00 000    1.94     4.40     1.35  -387.10     25.00      3.50    7.50     95025.0
 2024 07 10 02 58 00 000    1.84     4.21     1.40  -387.10     24.90      3.60    7.50     94828.0
 2024 07 10 02 59 00 000    0.97     3.71     2.62  -386.30     27.90      3.10    8.05     99333.0
 2024 07 10 03 00 00 000    1.04     3.79     2.06  -388.50     24.10      1.80    8.25    107727.0
 2024 07 10 03 01 00 000    0.85     3.47     2.76  -390.60     20.30      0.50    8.45    115907.0
 2024 07 10 03 02 00 000    0.74     3.12     3.09  -390.20     24.90      7.40    7.56     92453.0
 2024 07 10 03 03 00 000    0.62     3.06     3.19  -390.20     25.00      8.00    7.61     92754.0
 2024 07 10 03 04 00 000    1.08     3.36     2.90  -390.50     25.30     11.30    7.90     94491.0
 2024 07 10 03 05 00 000    0.75     3.33     2.94  -389.30     23.90     10.10    7.79     93612.0
 2024 07 10 03 06 00 000    0.72     3.51     2.68  -388.90     23.50      9.80    7.76     93347.0
 2024 07 10 03 07 00 000    0.92     3.50     2.51  -387.30     21.30      5.10    7.65     91651.0
 2024 07 10 03 08 00 000    0.67     3.37     2.37  -387.30     22.20      4.90    7.67     93008.0
 2024 07 10 03 09 00 000    0.95     3.28     2.45  -388.30     28.40      6.80    7.84    102216.0
 2024 07 10 03 10 00 000    0.95     3.68     1.69  -387.30     23.90      3.30    8.10    115725.0
 2024 07 10 03 11 00 000    1.29     3.53     2.36  -387.20     23.30      2.80    8.14    117608.0
 2024 07 10 03 12 00 000    1.54     3.18     2.65  -384.90     28.40      7.40    7.68     94347.0
 2024 07 10 03 13 00 000    1.37     4.04     0.85  -384.90     28.70      7.00    7.65     93005.0
 2024 07 10 03 14 00 000    1.15     4.04     1.46  -386.60     28.00     -1.10    7.71     96644.0
 2024 07 10 03 15 00 000    0.90     3.83     2.34  -387.60     29.30      3.20    7.84     93974.0
 2024 07 10 03 16 00 000    0.98     3.76     2.24  -387.40     29.20      4.00    7.82     95686.0
 2024 07 10 03 17 00 000    1.30     3.89     1.70  -387.10     28.90      4.50    7.79     97673.0
 2024 07 10 03 18 00 000    1.16     3.85     1.90  -387.10     28.90      4.50    7.79     97673.0
 2024 07 10 03 19 00 000    1.08     3.10     3.24  -387.10     28.90      4.50    7.79     97673.0
 2024 07 10 03 20 00 000    1.55     3.37     2.61  -385.20     23.70      2.10    7.83     92919.0
 2024 07 10 03 21 00 000    1.36     3.27     2.81  -385.30     24.20      2.50    7.83     92871.0
 2024 07 10 03 22 00 000    1.07     3.12     2.98  -386.60     29.50      6.70    7.81     92398.0
 2024 07 10 03 23 00 000    1.37     3.18     2.41  -386.90     27.60      8.00    6.77     66820.0
 2024 07 10 03 24 00 000    1.58     3.57     1.77  -387.00     27.20      8.20    6.57     61991.0
 2024 07 10 03 25 00 000    1.62     3.02     2.47  -387.00     27.20      8.20    6.57     61991.0
 2024 07 10 03 26 00 000    1.80     2.07     2.99  -382.60     21.80      6.10    8.22    108611.0
 2024 07 10 03 27 00 000    2.73     3.74     0.26  -382.30     22.60      4.20    8.22    108319.0
 2024 07 10 03 28 00 000    1.44     4.49    -0.74  -383.30     27.80     -1.20    8.04     99587.0
 2024 07 10 03 29 00 000    1.58     4.43    -1.27  -385.40     29.40     -6.00    7.10     78963.0
 2024 07 10 03 30 00 000    2.27     4.35    -1.52  -385.20     27.20     -8.70    6.56     71178.0
 2024 07 10 03 31 00 000    2.32     4.32    -1.37  -385.20     27.20     -8.70    6.56     71178.0
 2024 07 10 03 32 00 000    1.91     4.48    -1.22  -384.10     30.30     -4.90    7.45     85988.0
 2024 07 10 03 33 00 000    1.71     4.57    -1.24  -384.10     30.30     -4.90    7.45     85988.0
 2024 07 10 03 34 00 000    2.33     4.43    -1.21  -384.10     30.30     -4.90    7.45     85988.0
 2024 07 10 03 35 00 000    2.42     4.21    -1.77  -380.70     31.70     -4.50    7.25     86903.0
 2024 07 10 03 36 00 000    2.28     4.12    -2.04  -380.70     31.70     -4.50    7.25     86903.0
 2024 07 10 03 37 00 000    2.14     4.14    -2.07  -382.90     27.40     -9.20    7.40     84083.0
 2024 07 10 03 38 00 000    1.85     4.31    -2.02  -382.90     27.40     -9.20    7.40     84083.0
 2024 07 10 03 39 00 000    1.58     4.85    -0.95  -382.90     27.40     -9.20    7.40     84083.0
 2024 07 10 03 40 00 000    1.66     4.87    -0.98  -385.60     30.20     -4.40    7.45     81221.0
 2024 07 10 03 41 00 000    1.71     5.01    -0.76  -385.60     30.20     -4.40    7.45     81221.0
 2024 07 10 03 42 00 000    1.46     5.14    -0.53  -385.80     31.70     -1.40    7.46     78888.0
 2024 07 10 03 43 00 000    1.29     5.01    -0.36  -385.80     31.70     -1.40    7.46     78888.0
 2024 07 10 03 44 00 000    1.06     4.88    -0.07  -385.80     31.70     -1.40    7.46     78888.0
 2024 07 10 03 45 00 000    0.24     4.92     0.44  -388.70     27.40      1.30    7.76     89034.0
 2024 07 10 03 46 00 000   -0.13     4.99    -0.07  -391.10     26.70     -0.40    7.66     88333.0
 2024 07 10 03 47 00 000    0.77     4.69    -2.21  -389.70     29.30     -5.80    7.75     95098.0
 2024 07 10 03 48 00 000    1.65     4.67    -1.53  -386.20     26.60    -12.00    7.28     75645.0
 2024 07 10 03 49 00 000    1.64     4.78    -1.40  -386.20     26.60    -12.00    7.28     75645.0
 2024 07 10 03 50 00 000    1.60     4.84    -1.27  -384.10     29.10     -6.60    7.11     80911.0
 2024 07 10 03 51 00 000    2.14     4.59    -1.61  -384.10     29.10     -6.60    7.11     80911.0
 2024 07 10 03 52 00 000    2.69     4.27    -1.92  -380.70     28.60    -10.20    7.43     81240.0
 2024 07 10 03 53 00 000    2.76     4.17    -1.95  -380.40     28.60    -10.50    7.45     81265.0
 2024 07 10 03 54 00 000    2.78     4.03    -2.15  -380.20     24.10     -9.40    7.97    103444.0
 2024 07 10 03 55 00 000    1.90     4.63    -1.63  -380.20     24.10     -9.40    7.97    103444.0
 2024 07 10 03 56 00 000    1.42     4.81    -1.48  -385.50     29.20     -8.50    7.76     80089.0
 2024 07 10 03 57 00 000    1.69     4.51    -2.05  -385.40     29.40     -7.80    7.71     81669.0
 2024 07 10 03 58 00 000    1.54     4.86    -1.18  -383.90     28.80     -6.20    7.60     88963.0
 2024 07 10 03 59 00 000    1.91     4.70    -1.68  -381.70     27.50     -4.80    7.59     86378.0
 2024 07 10 04 00 00 000    2.48     3.92    -2.57  -382.20     29.10     -7.40    7.40     82000.0
 2024 07 10 04 01 00 000    2.40     4.16    -2.32  -379.80     29.00    -11.50    7.61     85271.0
 2024 07 10 04 02 00 000    1.22     4.29    -3.43  -381.30     30.40    -13.10    7.62     81148.0
 2024 07 10 04 03 00 000    1.02     4.10    -3.51  -382.70     31.10    -15.40    7.62     76632.0
 2024 07 10 04 04 00 000    0.25     4.07    -3.68  -387.80     29.30    -13.30    8.42     94204.0
 2024 07 10 04 05 00 000    1.16     3.97    -3.55  -387.80     29.30    -13.30    8.42     94204.0
 2024 07 10 04 06 00 000    0.60     3.77    -3.85  -386.00     29.40    -20.40    7.75     87316.0
 2024 07 10 04 07 00 000    1.03     3.87    -3.30  -385.90     30.00    -19.80    7.59     85313.0
 2024 07 10 04 08 00 000    2.44     4.13    -1.68  -385.20     32.50    -17.20    6.87     76251.0
 2024 07 10 04 09 00 000    2.83     4.05    -1.25  -379.90     31.10     -7.00    7.38     83915.0
 2024 07 10 04 10 00 000    2.96     3.69    -0.73  -379.90     31.10     -7.00    7.38     83948.0
 2024 07 10 04 11 00 000    3.09     3.87     0.30  -380.20     26.70     -5.10    7.27     99677.0
 2024 07 10 04 12 00 000    3.09     3.86    -0.52  -380.20     26.70     -5.10    7.27     99677.0
 2024 07 10 04 13 00 000    2.74     3.73    -2.06  -379.80     26.00     -7.50    7.15     90236.0
 2024 07 10 04 14 00 000    2.47     4.01    -2.62  -379.80     26.00     -7.50    7.15     90236.0
 2024 07 10 04 15 00 000    2.40     4.01    -2.57  -379.30     32.00    -11.10    7.02     86399.0
 2024 07 10 04 16 00 000    2.36     3.85    -2.86  -379.30     32.00    -11.10    7.02     86399.0
 2024 07 10 04 17 00 000    2.25     3.77    -3.11  -377.50     33.30    -13.60    7.24     86127.0
 2024 07 10 04 18 00 000    1.98     4.05    -3.54  -377.50     33.30    -13.60    7.24     86125.0
 2024 07 10 04 19 00 000    1.91     3.94    -3.63  -377.50     33.30    -13.60    7.24     86125.0
 2024 07 10 04 20 00 000    1.89     3.86    -3.68  -380.60     32.00    -16.80    6.89     74112.0
 2024 07 10 04 21 00 000    1.69     3.98    -3.76  -380.60     32.00    -16.80    6.89     74112.0
 2024 07 10 04 22 00 000    1.74     3.86    -3.52  -380.00     29.40    -16.60    7.19     75517.0
 2024 07 10 04 23 00 000    2.50     4.15    -1.74  -380.00     29.40    -16.60    7.19     75517.0
 2024 07 10 04 24 00 000    1.99     4.00    -2.21  -380.00     29.40    -16.60    7.19     75517.0
 2024 07 10 04 25 00 000    1.28     4.09    -2.64  -380.70     31.80     -8.30    6.80     64258.0
 2024 07 10 04 26 00 000    1.37     3.96    -2.77  -381.90     30.30    -11.50    6.98     73096.0
 2024 07 10 04 27 00 000    1.71     4.05    -1.59  -383.50     28.30    -15.90    7.22     85214.0
 2024 07 10 04 28 00 000    1.66     4.02    -1.17  -382.70     27.80    -10.10    7.10     88075.0
 2024 07 10 04 29 00 000    0.96     4.39    -1.42  -385.90     26.70    -11.40    7.37     92789.0
 2024 07 10 04 30 00 000    1.07     4.50    -0.84  -389.30     25.60    -12.90    7.64     97770.0
 2024 07 10 04 31 00 000    1.01     4.50    -0.39  -385.60     29.00     -3.20    7.49     90845.0
 2024 07 10 04 32 00 000    1.59     4.39     0.41  -385.50     28.90     -3.10    7.48     90895.0
 2024 07 10 04 33 00 000    1.58     4.14     1.07  -381.00     26.30      1.20    7.04     93014.0
 2024 07 10 04 34 00 000    0.27     4.52     0.12  -381.00     26.30      1.20    7.04     93014.0
 2024 07 10 04 35 00 000    1.00     4.44     0.42  -387.70     27.10     -1.40    7.13     77366.0
 2024 07 10 04 36 00 000    0.80     4.46     0.69  -387.70     27.10     -1.40    7.13     77366.0
 2024 07 10 04 37 00 000    1.16     4.28     0.67  -387.70     27.10     -1.40    7.13     77366.0
 2024 07 10 04 38 00 000    1.43     4.25     0.56  -387.70     27.10     -1.40    7.13     77366.0
 2024 07 10 04 39 00 000    1.15     4.42     0.34  -387.70     27.10     -1.40    7.13     77366.0
 2024 07 10 04 41 00 000    2.08     3.52    -0.26  -387.70     27.10     -1.40    7.13     77366.0
 2024 07 10 04 42 00 000    1.85     3.56    -0.03  -363.40     26.00    -16.80    6.79    119697.0
 2024 07 10 04 43 00 000    2.22     3.16    -0.62  -375.00     27.10     -8.80    7.04    104693.0
 2024 07 10 04 44 00 000    4.34     1.06    -1.71  -379.00     27.50     -6.10    7.12     99578.0
 2024 07 10 04 45 00 000    3.23     2.06    -0.71  -363.80      9.30    -24.10    7.49    105152.0
 2024 07 10 04 46 00 000    3.19     2.10    -0.24  -363.80      9.30    -24.10    7.49    105152.0
 2024 07 10 04 47 00 000    3.66     1.56    -0.21  -363.80      9.30    -24.10    7.49    105152.0
 2024 07 10 04 48 00 000    2.67     2.39     1.33  -385.60     16.80      5.70    7.03     80513.0
 2024 07 10 04 49 00 000    4.92     0.11    -1.48  -385.60     16.80      5.70    7.03     80513.0
 2024 07 10 04 50 00 000    4.78    -0.22    -1.85  -385.60     16.80      5.70    7.03     80513.0
 2024 07 10 04 51 00 000    4.50     1.33    -1.36  -361.40     29.10     -8.60    7.43    128277.0
 2024 07 10 04 52 00 000    3.96     1.76    -1.84  -361.90     25.50     -4.70    7.36    128148.0
 2024 07 10 04 53 00 000    4.80     0.67    -1.36  -374.70     23.70    -13.40    6.51     93062.0
 2024 07 10 04 54 00 000    4.42     0.68    -1.13  -373.10     13.30    -20.80    6.84    100262.0
 2024 07 10 04 55 00 000    3.88    -0.52    -2.19  -371.00      6.30    -25.10    7.17    108048.0
 2024 07 10 04 56 00 000    4.15    -0.36    -1.10  -357.00     23.10      0.40    8.34    144124.0
 2024 07 10 04 57 00 000    4.10    -0.65    -1.29  -356.30     24.00      1.70    8.40    146032.0
 2024 07 10 04 58 00 000    3.80     0.20    -1.57  -356.30     24.00      1.70    8.40    146032.0
 2024 07 10 04 59 00 000    3.81     0.55    -0.76  -366.10     10.20    -22.20    7.27    126077.0
 2024 07 10 05 00 00 000    3.92    -0.02    -1.77  -367.60      6.80    -17.20    7.57    128854.0
 2024 07 10 05 01 00 000    4.04    -0.80    -0.86  -369.00      3.80    -12.80    7.84    131323.0
 2024 07 10 05 02 00 000    4.13    -0.32    -1.05  -368.30     -4.00     -6.40    7.65    131718.0
 2024 07 10 05 03 00 000    4.28    -0.23    -1.24  -367.40      0.70     -8.90    7.64    129349.0
 2024 07 10 05 04 00 000    4.39     0.19    -1.26  -363.60     21.30    -19.60    7.60    119005.0
 2024 07 10 05 05 00 000    4.38     0.22    -1.17  -363.50     22.10    -20.00    7.60    118623.0
 2024 07 10 05 06 00 000    4.29     0.30    -1.31  -362.10     11.40    -12.70    7.91    150163.0
 2024 07 10 05 07 00 000    4.40     0.77    -0.68  -362.10     11.40    -12.70    7.91    150163.0
 2024 07 10 05 08 00 000    4.39     0.83    -0.64  -362.10     11.40    -12.70    7.91    150163.0
 2024 07 10 05 09 00 000    4.50     0.38    -0.71  -362.10     11.40    -12.70    7.91    150163.0
 2024 07 10 05 10 00 000    4.47     0.46    -0.92  -362.10     11.40    -12.70    7.91    150163.0
 2024 07 10 05 11 00 000    4.37     0.79    -0.77  -362.70     17.90    -11.00    7.64    146032.0
 2024 07 10 05 12 00 000    4.43     0.31    -0.97  -362.70     17.90    -11.00    7.64    146032.0
 2024 07 10 05 13 00 000    4.47    -0.37    -1.28  -363.50      7.10    -16.70    7.40    124908.0
 2024 07 10 05 14 00 000    4.38    -0.09    -1.22  -363.70     14.30    -20.00    7.29    114372.0
 2024 07 10 05 15 00 000    4.32    -0.48    -1.36  -360.90     23.00    -20.60    7.55    113233.0
 2024 07 10 05 16 00 000    4.39    -0.15    -1.30  -360.90     23.00    -20.60    7.55    113233.0
 2024 07 10 05 17 00 000    4.30    -0.06    -1.57  -365.30     24.00    -15.50    7.18    114323.0
 2024 07 10 05 18 00 000    4.28     0.41    -0.98  -365.30     23.80    -15.40    7.18    114313.0
 2024 07 10 05 19 00 000    4.53    -0.45    -0.74  -363.10      2.30     -2.40    7.52    113169.0
 2024 07 10 05 20 00 000    3.62     2.72    -1.36  -363.10      2.30     -2.40    7.52    113169.0
 2024 07 10 05 21 00 000    2.67     3.42    -2.23  -385.20     30.80    -12.10    6.87     82377.0
 2024 07 10 05 22 00 000    2.79     3.48    -1.78  -385.20     30.80    -12.10    6.87     82377.0
 2024 07 10 05 23 00 000    2.70     3.62    -1.61  -385.20     30.80    -12.10    6.87     82377.0
 2024 07 10 05 24 00 000    2.88     3.41    -1.40  -379.60     32.20     -6.60    7.24    104686.0
 2024 07 10 05 25 00 000    1.23     4.20    -1.70  -382.30     34.80     -6.40    6.75     97702.0
 2024 07 10 05 26 00 000    0.80     4.28    -1.31  -391.10     31.50     -5.90    6.00     76766.0
 2024 07 10 05 27 00 000    3.71     2.24    -2.14  -380.40     23.80    -15.40    6.41     93092.0
 2024 07 10 05 28 00 000    3.64     2.09    -2.12  -371.50     20.40    -22.10    6.86    108611.0
 2024 07 10 05 29 00 000    3.67     2.43    -1.70  -371.50     20.40    -22.10    6.86    108611.0
 2024 07 10 05 30 00 000    4.08     2.39    -1.07  -371.50     20.40    -22.10    6.86    108611.0
 2024 07 10 05 31 00 000    3.47     3.06    -1.32  -371.50     20.40    -22.10    6.86    108611.0
 2024 07 10 05 32 00 000    3.66     2.88    -1.36  -374.40     29.10    -11.30    6.83    116543.0
 2024 07 10 05 33 00 000    3.19     3.36    -1.72  -375.80     31.60     -9.30    6.85    110978.0
 2024 07 10 05 34 00 000    3.67     2.78    -1.39  -377.10     36.10     -3.60    6.90    106854.0
 2024 07 10 05 35 00 000    3.96     2.53    -1.45  -375.10     31.60     -4.40    6.94    105195.0
 2024 07 10 05 36 00 000    4.47     1.04    -1.52  -377.20     28.90     -6.70    6.99     81309.0
 2024 07 10 05 37 00 000    4.70     0.27    -1.22  -364.50     26.80    -12.30    7.07    121757.0
 2024 07 10 05 38 00 000    4.71     0.55    -1.16  -363.50     26.60    -12.80    7.08    125030.0
 2024 07 10 05 39 00 000    4.75     0.56    -0.90  -363.50     26.60    -12.80    7.08    125030.0
 2024 07 10 05 40 00 000    4.64     0.62    -0.97  -363.50     26.60    -12.80    7.08    125030.0
 2024 07 10 05 41 00 000    4.47     1.07    -1.22  -370.10     35.80     -1.70    6.72    128074.0
 2024 07 10 05 42 00 000    4.27     1.62    -0.97  -367.50     33.60     -2.00    6.94    145496.0
 2024 07 10 05 43 00 000    4.03     1.82    -1.21  -367.90     32.50     -3.50    6.99    149512.0
 2024 07 10 05 44 00 000    4.15     1.90    -0.99  -370.00     33.70     -3.20    6.90    138907.0
 2024 07 10 05 45 00 000    4.05     1.60    -0.64  -371.00     34.60     -0.00    6.75    145244.0
 2024 07 10 05 46 00 000    4.09     1.15    -0.72  -369.60     37.80     -1.80    6.63    142740.0
 2024 07 10 05 47 00 000    3.93     1.37    -1.43  -370.70     33.80     -2.20    6.88    143549.0
 2024 07 10 05 48 00 000    3.01     1.06    -0.79  -374.50     30.60     -1.30    7.02    129189.0
 2024 07 10 05 49 00 000    1.33    -2.03     0.29  -383.30      5.70      0.60    7.14    105804.0
 2024 07 10 05 50 00 000    2.25    -0.03    -0.68  -387.60      4.50     -1.50    7.00    106624.0
 2024 07 10 05 51 00 000    1.10    -2.16     0.22  -379.00     21.80     -5.70    6.60    110547.0
 2024 07 10 05 52 00 000   -0.03    -3.46     0.26  -387.20      0.10     -5.10    6.56     87751.0
 2024 07 10 05 53 00 000    0.82    -4.55     1.25  -392.90     -1.80     -4.70    6.61     88763.0
 2024 07 10 05 54 00 000    2.40    -4.29     0.85  -397.40     -8.60     -1.80    6.42     81976.0
 2024 07 10 05 55 00 000    2.28    -4.44     0.99  -397.40     -8.60     -1.80    6.42     81976.0
 2024 07 10 05 56 00 000    1.61    -4.38     1.04  -394.80    -10.80      2.70    6.58     76589.0
 2024 07 10 05 57 00 000    1.05    -3.96     1.16  -389.10    -10.40      1.60    6.47     78012.0
 2024 07 10 05 58 00 000    2.52    -2.12     2.23  -385.70     -6.20     -1.00    6.29     77244.0
 2024 07 10 05 59 00 000    3.32    -0.26     2.05  -382.90      2.00     -4.70    6.16     82070.0
 2024 07 10 06 00 00 000    3.45     2.15     0.68  -382.90      2.00     -4.70    6.16     82070.0
 2024 07 10 06 01 00 000    2.94     2.96     0.05  -382.90      2.00     -4.70    6.16     82070.0
 2024 07 10 06 02 00 000    3.79     1.24     1.27  -365.90     30.60     11.20    7.30    133020.0
 2024 07 10 06 04 00 000    2.60     2.78     2.10  -365.90     30.60     11.20    7.30    133020.0
 2024 07 10 06 05 00 000    2.97     2.49     2.24  -365.90     30.60     11.20    7.30    133020.0
 2024 07 10 06 06 00 000    2.96     2.46    -0.87  -365.90     30.60     11.20    7.30    133020.0
 2024 07 10 06 07 00 000    4.13     0.37     1.52  -370.70     30.00      0.10    6.69     86491.0
 2024 07 10 06 08 00 000    4.35     0.27     1.47  -370.70     30.00      0.10    6.69     86491.0
 2024 07 10 06 09 00 000    4.28     0.46     1.50  -365.80     14.50      8.80    7.32    119429.0
 2024 07 10 06 10 00 000    4.45    -0.53     1.07  -365.80     14.50      8.80    7.32    119429.0
 2024 07 10 06 11 00 000    4.35    -1.06     0.99  -365.80     14.50      8.80    7.32    119429.0
 2024 07 10 06 12 00 000    4.36    -1.15     0.96  -365.80     14.50      8.80    7.32    119429.0
 2024 07 10 06 13 00 000    4.38    -1.08     0.87  -365.80     14.50      8.80    7.32    119429.0
 2024 07 10 06 14 00 000    4.55    -0.60     0.79  -366.30     -8.20      7.20    6.92    124371.0
 2024 07 10 06 15 00 000    4.74     0.11     0.61  -366.30     -8.20      7.20    6.92    124371.0
 2024 07 10 06 16 00 000    4.62     0.05     1.12  -363.50     19.40      8.50    7.02    125030.0
 2024 07 10 06 17 00 000    4.37    -0.77     1.41  -363.50     19.40      8.50    7.02    125030.0
 2024 07 10 06 18 00 000    4.33    -1.36     1.50  -363.50     19.40      8.50    7.02    125030.0
 2024 07 10 06 19 00 000    4.37    -0.93     1.71  -367.60      2.80     19.10    6.96    113117.0
 2024 07 10 06 20 00 000    4.28    -0.73     2.02  -367.60      2.80     19.10    6.96    113117.0
 2024 07 10 06 21 00 000    4.28    -0.73     2.02  -367.60      2.80     19.10    6.96    113117.0
 2024 07 10 06 22 00 000    4.30    -1.40     1.50  -367.60      2.80     19.10    6.96    113117.0
 2024 07 10 06 23 00 000    4.30    -1.79     0.57  -367.60      2.80     19.10    6.96    113117.0
 2024 07 10 06 24 00 000    4.36    -1.61     0.93  -367.60      2.80     19.10    6.96    113117.0
 2024 07 10 06 25 00 000    4.35    -1.53     0.91  -367.60      2.80     19.10    6.96    113117.0
 2024 07 10 06 26 00 000    4.33    -1.18     1.24  -367.90    -11.50      5.90    7.05    117661.0
 2024 07 10 06 27 00 000    4.47    -0.77     1.08  -367.90    -11.50      5.90    7.05    117661.0
 2024 07 10 06 28 00 000    4.13    -1.87     1.03  -367.90    -11.50      5.90    7.05    117661.0
 2024 07 10 06 29 00 000    4.18    -1.73     0.97  -367.90    -11.50      5.90    7.05    117661.0
 2024 07 10 06 30 00 000    4.30    -1.64     0.84  -367.90    -11.50      5.90    7.05    117661.0
 2024 07 10 06 31 00 000    4.29    -1.78     0.56  -367.90    -12.80      3.40    6.82    115166.0
 2024 07 10 06 32 00 000    4.36    -1.57     0.17  -367.90    -12.70      3.40    6.82    115328.0
 2024 07 10 06 33 00 000    4.49    -0.89     0.26  -371.40      2.70     -0.60    6.84    138812.0
 2024 07 10 06 34 00 000    4.72    -0.25     0.30  -371.40      2.70     -0.60    6.84    138812.0
 2024 07 10 06 35 00 000    4.60    -1.21    -0.13  -371.40      2.70     -0.60    6.84    138812.0
 2024 07 10 06 36 00 000    4.61    -1.31    -0.27  -371.40      2.70     -0.60    6.84    138812.0
 2024 07 10 06 37 00 000    4.56    -1.16    -0.20  -364.90      0.90      2.30    6.94     99726.0
 2024 07 10 06 38 00 000    4.61    -0.87    -0.06  -364.90      1.20      2.20    6.94     99541.0
 2024 07 10 06 39 00 000    4.20    -0.51    -1.53  -369.30     15.60    -14.80    6.64     97480.0
 2024 07 10 06 40 00 000    4.41    -0.16    -1.05  -370.60     10.40    -22.50    6.67     95087.0
 2024 07 10 06 41 00 000    4.16    -0.87    -1.57  -364.00      5.90      3.00    7.05     90141.0
 2024 07 10 06 42 00 000    4.50     0.02    -1.29  -364.00      5.90      3.10    7.05     90143.0
 2024 07 10 06 43 00 000    4.43     0.17    -1.06  -364.00      5.90      3.10    7.05     90143.0
 2024 07 10 06 44 00 000    4.10     0.88    -0.36  -366.20     11.50    -10.40    7.22    108918.0
 2024 07 10 06 45 00 000    4.55     1.54    -1.02  -366.90     22.10     -5.20    7.11    116522.0
 2024 07 10 06 46 00 000    4.53     1.10    -0.90  -368.10     28.80      0.00    7.17    125419.0
 2024 07 10 06 47 00 000    4.50     1.65    -0.53  -372.30     22.70      2.20    6.84    104121.0
 2024 07 10 06 48 00 000    4.36     1.35    -1.09  -366.70     28.50     -6.70    6.80    118359.0
 2024 07 10 06 49 00 000    4.17     1.72    -0.93  -366.40     30.30     -6.30    6.67    121873.0
 2024 07 10 06 50 00 000    4.57     1.30    -0.67  -365.80     26.60     -1.30    6.58    111237.0
 2024 07 10 06 51 00 000    4.60     1.06    -0.77  -362.90     21.60      0.00    6.71     98599.0
 2024 07 10 06 52 00 000    4.60     0.72    -0.66  -363.80     28.30     -6.80    6.74     82021.0
 2024 07 10 06 53 00 000    4.63     1.10    -0.77  -363.80     28.30     -6.80    6.74     82021.0
 2024 07 10 06 54 00 000    4.52     1.49    -0.91  -363.80     28.30     -6.80    6.74     82021.0
 2024 07 10 06 55 00 000    4.37     1.49    -1.11  -363.80     28.30     -6.80    6.74     82021.0
 2024 07 10 06 56 00 000    3.18    -0.09    -0.49  -363.80     28.30     -6.80    6.74     82021.0
 2024 07 10 06 57 00 000    0.16    -2.95     0.78  -363.80     28.30     -6.80    6.74     82021.0
 2024 07 10 06 58 00 000   -1.65    -3.57     1.72  -363.80     28.30     -6.80    6.74     82021.0
 2024 07 10 06 59 00 000   -1.59    -4.47     1.88  -405.20    -10.70      0.40    6.51     69650.0
 2024 07 10 07 00 00 000   -1.42    -4.35     1.56  -403.00    -13.90      1.30    6.44     80409.0
 2024 07 10 07 01 00 000   -1.27    -4.42     1.00  -401.40    -16.20      1.90    6.39     88376.0
 2024 07 10 07 02 00 000   -1.04    -5.07     1.89  -401.80    -16.50      1.20    6.01     61065.0
 2024 07 10 07 03 00 000   -1.53    -4.70     1.52  -405.20    -18.60      2.20    6.07     73075.0
 2024 07 10 07 04 00 000   -1.46    -5.30     1.52  -407.10    -19.80      2.80    6.10     79896.0
 2024 07 10 07 05 00 000   -1.06    -5.41     1.66  -397.80    -14.50     -4.00    6.47     67613.0
 2024 07 10 07 06 00 000   -0.83    -5.32     1.95  -397.90    -14.50     -4.50    6.47     67838.0
 2024 07 10 07 07 00 000   -0.37    -5.34     1.75  -396.70    -21.00      3.40    6.11     67215.0
 2024 07 10 07 08 00 000   -0.63    -5.37     1.77  -396.90    -19.50      2.60    6.06     63258.0
 2024 07 10 07 09 00 000   -0.76    -5.29     1.78  -397.60    -16.10     -0.20    6.05     58024.0
 2024 07 10 07 10 00 000   -0.67    -5.09     2.19  -401.10    -12.60      3.80    6.18     69363.0
 2024 07 10 07 11 00 000   -0.03    -4.61     2.62  -397.90    -13.70      5.50    6.01     68282.0
 2024 07 10 07 12 00 000    0.17    -5.00     2.24  -393.70    -15.20      7.70    5.80     66846.0
 2024 07 10 07 13 00 000   -0.28    -5.43     2.22  -397.60    -14.20      5.80    5.66     58887.0
 2024 07 10 07 14 00 000   -0.46    -5.55     2.09  -396.50    -14.40      4.20    5.64     58765.0
 2024 07 10 07 15 00 000   -0.35    -5.48     2.21  -394.90    -14.70      2.20    5.62     59120.0
 2024 07 10 07 16 00 000    0.11    -4.81     2.12  -397.40    -13.60      7.00    5.83     66645.0
 2024 07 10 07 17 00 000    0.49    -4.98     2.45  -395.20    -14.90      5.10    5.85     67188.0
 2024 07 10 07 18 00 000    0.98    -4.22     3.22  -391.10    -17.70      1.00    5.87     67953.0
 2024 07 10 07 19 00 000    0.03    -5.50     2.84  -393.50    -18.60      6.10    5.58     56511.0
 2024 07 10 07 20 00 000   -0.04    -5.63     2.76  -397.30    -15.90      4.70    5.23     50387.0
 2024 07 10 07 21 00 000    0.18    -5.49     3.00  -393.90    -15.00      3.60    5.20     54015.0
 2024 07 10 07 22 00 000   -0.35    -5.65     2.19  -393.90    -14.80      3.90    5.43     57375.0
 2024 07 10 07 23 00 000    0.23    -5.57     2.58  -394.20    -15.00      4.00    5.80     61292.0
 2024 07 10 07 24 00 000    0.27    -5.46     2.54  -394.90    -16.50      2.50    5.44     53762.0
 2024 07 10 07 25 00 000   -0.61    -5.78     1.48  -394.90    -16.50      2.50    5.44     53762.0
 2024 07 10 07 26 00 000   -1.65    -5.52     1.58  -397.90    -14.50     -2.10    5.76     58216.0
 2024 07 10 07 27 00 000   -2.44    -5.25     1.79  -397.90    -14.50     -2.10    5.76     58216.0
 2024 07 10 07 28 00 000   -1.50    -5.55     2.03  -405.00    -15.90     -1.20    5.68     55361.0
 2024 07 10 07 29 00 000   -1.29    -5.55     2.28  -405.00    -15.90     -1.20    5.68     55361.0
 2024 07 10 07 30 00 000   -1.17    -5.56     2.31  -404.20    -16.50      2.80    5.94     61070.0
 2024 07 10 07 31 00 000   -1.01    -5.74     1.95  -403.30    -17.20      7.10    6.22     67182.0
 2024 07 10 07 32 00 000   -1.31    -5.48     2.38  -404.40    -13.70      6.50    5.86     63125.0
 2024 07 10 07 33 00 000   -1.21    -5.57     2.54  -404.40    -13.60      6.50    5.85     63002.0
 2024 07 10 07 35 00 000   -1.01    -5.54     2.14  -404.40    -13.60      6.50    5.85     63002.0
 2024 07 10 07 38 00 000   -1.09    -5.65     2.37  -404.40    -13.60      6.50    5.85     63002.0
 2024 07 10 07 41 00 000   -1.21    -5.29     2.96  -404.40    -13.60      6.50    5.85     63002.0
 2024 07 10 07 42 00 000   -1.20    -3.67     3.73  -400.80      5.00     10.60    5.27     49003.0
 2024 07 10 07 43 00 000   -0.28    -4.30     3.41  -400.80      5.00     10.60    5.27     49003.0
 2024 07 10 07 44 00 000   -0.75    -5.10     2.11  -400.90     -3.10      8.20    5.99     55123.0
 2024 07 10 07 45 00 000   -0.11    -5.09     2.76  -400.90     -6.70      7.10    6.31     57878.0
 2024 07 10 07 46 00 000    0.06    -5.37     2.28  -396.90     -6.90      7.50    6.26     63707.0
 2024 07 10 07 47 00 000    0.86    -5.41     1.79  -396.50     -5.30      6.00    6.86     85285.0
 2024 07 10 07 48 00 000    2.15    -5.18    -1.22  -393.00      2.20     -5.20    7.52    103403.0
 2024 07 10 07 49 00 000    3.40    -3.59    -3.32  -382.50     10.60    -24.10    7.18     87577.0
 2024 07 10 07 50 00 000    3.82    -2.79    -3.60  -374.70     15.50    -35.90    7.34     93442.0
 2024 07 10 07 51 00 000    3.65    -2.07    -4.18  -374.70     15.50    -35.90    7.34     93442.0
 2024 07 10 07 52 00 000    3.53    -1.42    -4.33  -371.90     30.40    -36.90    6.44     75859.0
 2024 07 10 07 53 00 000    3.39    -0.88    -4.35  -371.90     30.40    -36.90    6.44     75859.0
 2024 07 10 07 54 00 000    1.51     1.35    -4.10  -390.20     37.70    -23.90    7.53    116225.0
 2024 07 10 07 55 00 000    1.22     2.16    -3.67  -384.50     36.70    -27.80    7.30    103725.0
 2024 07 10 07 56 00 000    0.92    -0.16    -3.78  -386.40     40.00    -22.00    6.78     77684.0
 2024 07 10 07 57 00 000   -0.02    -3.68     1.88  -389.60     39.50    -21.20    6.67     74897.0
 2024 07 10 07 58 00 000   -0.49    -4.13     2.03  -389.60     39.50    -21.20    6.67     74897.0
 2024 07 10 07 59 00 000   -0.63    -4.10     2.39  -398.70     -0.40      5.80    5.95     73479.0
 2024 07 10 08 00 00 000   -0.47    -4.47     2.69  -398.70     -0.40      5.80    5.95     73479.0
 2024 07 10 08 01 00 000   -0.39    -4.67     0.57  -396.20      3.80     -1.30    6.48     71409.0
 2024 07 10 08 02 00 000   -1.18    -5.04    -0.01  -397.40      1.60     -4.30    6.35     66052.0
 2024 07 10 08 03 00 000   -1.46    -5.57     0.88  -400.70     -2.90     -5.90    6.05     61373.0
 2024 07 10 08 06 00 000   -2.11    -5.27     2.13  -407.50    -14.20      5.30    5.33     55691.0
 2024 07 10 08 07 00 000   -2.11    -5.49     1.67  -407.50    -14.30      5.10    5.33     55734.0
 2024 07 10 08 08 00 000   -2.02    -5.35     1.39  -408.00    -16.10     -3.20    5.46     57272.0
 2024 07 10 08 09 00 000   -1.72    -5.24     1.56  -405.10    -10.80     -1.60    5.31     53102.0
 2024 07 10 08 10 00 000   -0.85    -5.49     1.31  -405.60     -5.20     -2.20    4.67     50500.0
 2024 07 10 08 11 00 000   -1.45    -5.53     1.86  -404.50    -13.60      2.40    5.38     53855.0
 2024 07 10 08 12 00 000   -1.51    -5.43     1.94  -404.40    -14.40      2.80    5.44     54160.0
 2024 07 10 08 13 00 000   -0.97    -5.61     1.76  -404.40    -14.40      2.80    5.44     54160.0
 2024 07 10 08 14 00 000   -0.92    -5.53     1.85  -400.10    -11.00     -1.10    5.77     61875.0
 2024 07 10 08 15 00 000   -1.57    -5.13     2.49  -400.10    -11.00     -1.10    5.77     61875.0
 2024 07 10 08 16 00 000   -1.87    -4.85     2.90  -406.90    -14.10     10.50    5.58     53995.0
 2024 07 10 08 17 00 000   -1.74    -4.98     2.77  -406.30    -14.10     10.30    5.58     53802.0
 2024 07 10 08 18 00 000   -1.66    -4.72     3.11  -402.80    -15.50     11.10    5.76     56231.0
 2024 07 10 08 19 00 000   -1.46    -4.48     3.50  -403.10    -15.50     10.80    5.73     56320.0
 2024 07 10 08 20 00 000   -2.26    -4.19     3.43  -403.10    -15.50     10.80    5.73     56320.0
 2024 07 10 08 21 00 000   -1.16    -4.67     3.37  -401.90     -9.50     14.80    5.70     53295.0
 2024 07 10 08 22 00 000   -0.91    -4.64     3.41  -401.90     -9.50     14.80    5.70     53295.0
 2024 07 10 08 23 00 000   -1.01    -4.29     3.75  -400.30     -6.60     17.60    5.82     53726.0
 2024 07 10 08 24 00 000   -0.93    -3.41     4.46  -400.30     -6.60     17.60    5.82     53726.0
 2024 07 10 08 25 00 000   -0.83    -3.27     4.57  -400.30     -6.60     17.60    5.82     53726.0
 2024 07 10 08 26 00 000   -0.89    -3.55     4.35  -399.80     -6.90     18.90    5.74     54305.0
 2024 07 10 08 27 00 000   -0.44    -3.41     4.48  -399.80     -6.90     18.90    5.74     54305.0
 2024 07 10 08 28 00 000   -1.54    -4.92     2.71  -399.80     -6.90     18.90    5.74     54305.0
 2024 07 10 08 29 00 000   -1.68    -4.92     2.51  -404.20    -12.70     10.80    5.66     66726.0
 2024 07 10 08 30 00 000   -0.86    -5.74     1.31  -401.40    -12.90      4.50    5.65     61055.0
 2024 07 10 08 31 00 000   -0.86    -5.79     1.12  -398.90    -13.10     -1.00    5.64     56169.0
 2024 07 10 08 32 00 000   -0.88    -5.52     0.62  -398.90    -13.10     -1.00    5.64     56169.0
 2024 07 10 08 33 00 000    0.03    -5.19     1.54  -398.90    -13.10     -1.00    5.64     56169.0
 2024 07 10 08 34 00 000    0.51    -5.25    -0.62  -398.90    -13.10     -1.00    5.64     56169.0
 2024 07 10 08 35 00 000    1.23    -5.32    -0.73  -398.90    -13.10     -1.00    5.64     56169.0
 2024 07 10 08 36 00 000    0.92    -5.26    -0.13  -387.10      2.40     -9.10    6.66     77496.0
 2024 07 10 08 37 00 000    0.91    -5.29     0.45  -387.50      1.90     -8.50    6.37     71382.0
 2024 07 10 08 38 00 000   -1.02    -4.61    -1.69  -391.40     -3.40     -2.20    5.97     63194.0
 2024 07 10 08 39 00 000   -0.52    -4.73    -2.06  -396.90     -0.30     -5.00    6.28     65176.0
 2024 07 10 08 40 00 000   -0.38    -5.34    -1.82  -391.70     -0.20     11.10    5.97     46031.0
 2024 07 10 08 41 00 000   -0.70    -5.38    -1.76  -396.40     -7.30    -18.90    6.04     59006.0
 2024 07 10 08 42 00 000   -0.14    -5.53    -1.15  -396.00     -7.00    -18.40    6.05     59922.0
 2024 07 10 08 43 00 000   -0.56    -5.55    -0.11  -394.20     -5.80    -11.80    6.04     61522.0
 2024 07 10 08 44 00 000   -0.12    -5.58     0.42  -394.80     -6.60    -11.00    5.99     58661.0
 2024 07 10 08 45 00 000   -0.08    -5.58     0.77  -394.80     -6.60    -11.00    5.99     58661.0
 2024 07 10 08 46 00 000   -0.12    -5.58     0.74  -394.90    -10.10     -4.50    6.25     56798.0
 2024 07 10 08 47 00 000    0.44    -5.61     0.64  -394.90    -10.10     -4.50    6.25     56798.0
 2024 07 10 08 48 00 000    0.15    -5.59     0.67  -394.90    -10.10     -4.50    6.25     56798.0
 2024 07 10 08 49 00 000   -0.08    -5.55     0.23  -394.90    -10.10     -4.50    6.25     56798.0
 2024 07 10 08 50 00 000    0.83    -4.57    -0.10  -386.60    -12.70      2.10    5.88     59357.0
 2024 07 10 08 51 00 000   -0.24    -4.80     2.56  -389.90    -11.80      2.20    5.87     56694.0
 2024 07 10 08 52 00 000   -0.60    -4.30    -2.28  -398.50    -11.50      6.30    6.10     58634.0
 2024 07 10 08 53 00 000   -0.45    -4.88    -2.23  -398.10      1.00    -25.90    6.70     65479.0
 2024 07 10 08 54 00 000   -0.49    -4.99    -1.84  -398.10      1.70    -27.80    6.74     65884.0
 2024 07 10 08 55 00 000   -0.88    -4.70     0.62  -396.10     -7.50      2.00    5.60     48728.0
 2024 07 10 08 56 00 000   -0.51    -5.18    -0.84  -396.10     -7.40      1.30    5.62     49244.0
 2024 07 10 08 57 00 000   -0.85    -5.11    -0.31  -396.60     -5.50    -10.90    5.89     58033.0
 2024 07 10 08 58 00 000   -0.91    -5.13    -0.81  -396.70     -5.90    -15.00    5.82     57836.0
 2024 07 10 08 59 00 000   -1.33    -5.10     0.35  -396.80     -6.90    -19.90    5.66     55801.0
 2024 07 10 09 00 00 000   -0.36    -5.24     0.10  -396.20    -11.60     -9.70    6.49     65491.0
 2024 07 10 09 01 00 000   -1.56    -4.93     0.59  -399.10    -12.40     -5.70    6.70     68471.0
 2024 07 10 09 02 00 000   -1.73    -4.20     2.47  -402.80    -11.20     -6.00    6.54     67266.0
 2024 07 10 09 03 00 000   -1.98    -3.55     3.16  -404.50     -5.00     11.90    6.10     64061.0
 2024 07 10 09 04 00 000   -0.99    -4.45     2.51  -404.50     -5.00     11.90    6.10     64061.0
 2024 07 10 09 05 00 000   -0.89    -4.74     2.58  -400.40     -9.90      9.60    5.64     52936.0
 2024 07 10 09 06 00 000   -0.73    -4.75     2.74  -400.40     -9.90      9.60    5.64     52936.0
 2024 07 10 09 07 00 000   -1.01    -4.52     3.03  -398.20    -11.30     10.30    5.97     65526.0
 2024 07 10 09 08 00 000   -1.59    -4.13     3.52  -398.20    -11.30     10.30    5.97     65524.0
 2024 07 10 09 09 00 000   -1.36    -3.56     4.11  -405.10    -13.40     17.40    5.40     54529.0
 2024 07 10 09 10 00 000   -1.51    -3.33     4.25  -403.00     -7.30     23.00    5.58     58386.0
 2024 07 10 09 11 00 000   -1.65    -3.63     4.19  -400.00     -6.80     23.50    5.60     57190.0
 2024 07 10 09 12 00 000   -1.57    -2.86     4.72  -401.20     -7.70     22.80    5.70     64594.0
 2024 07 10 09 13 00 000   -1.85    -3.74     3.85  -404.30     -9.80     25.50    6.03     67677.0
 2024 07 10 09 14 00 000   -2.50    -4.56     2.45  -408.20    -13.20     16.90    6.03     66509.0
 2024 07 10 09 15 00 000   -2.92    -4.81     1.35  -409.60    -14.50     11.60    5.95     65128.0
 2024 07 10 09 16 00 000   -2.61    -4.15     2.88  -412.00    -14.40     10.40    5.58     54886.0
 2024 07 10 09 17 00 000   -2.59    -4.73     2.00  -412.00    -14.40     10.40    5.58     54886.0
 2024 07 10 09 18 00 000   -2.54    -4.97     1.45  -412.00    -14.40     10.40    5.58     54886.0
 2024 07 10 09 19 00 000   -2.07    -5.09     1.86  -412.00    -14.40     10.40    5.58     54886.0
 2024 07 10 09 20 00 000   -1.98    -4.93     2.34  -412.00    -14.40     10.40    5.58     54886.0
 2024 07 10 09 21 00 000   -1.91    -5.00     2.22  -404.90    -16.40      8.10    6.07     65366.0
 2024 07 10 09 22 00 000   -1.88    -4.81     2.49  -404.90    -16.40      8.10    6.07     65366.0
 2024 07 10 09 23 00 000   -2.56    -4.54     2.16  -404.90    -16.40      8.10    6.07     65366.0
 2024 07 10 09 24 00 000   -2.55    -4.52     2.36  -415.30    -12.40     13.40    5.29     52329.0
 2024 07 10 09 25 00 000   -3.21    -4.45     1.73  -415.30    -12.40     13.40    5.29     52329.0
 2024 07 10 09 26 00 000   -3.22    -4.49     1.78  -415.00    -19.30     10.80    5.93     56502.0
 2024 07 10 09 27 00 000   -3.26    -4.21     2.27  -415.00    -19.30     10.80    5.93     56502.0
 2024 07 10 09 28 00 000   -2.50    -3.28     3.84  -412.80    -13.40     19.20    5.44     58328.0
 2024 07 10 09 29 00 000   -2.52    -3.09     3.99  -412.80    -13.40     19.20    5.44     58328.0
 2024 07 10 09 30 00 000   -2.46    -3.16     4.11  -409.20    -10.00     24.40    5.66     65645.0
 2024 07 10 09 31 00 000   -2.14    -3.72     3.91  -409.10    -10.00     24.30    5.64     65300.0
 2024 07 10 09 32 00 000   -1.30    -4.72     2.89  -406.30     -8.70     22.40    4.90     53864.0
 2024 07 10 09 33 00 000   -1.72    -4.75     2.65  -404.40    -13.80     11.50    7.16     90650.0
 2024 07 10 09 34 00 000   -1.81    -4.98     2.20  -405.60    -15.60      7.00    6.72     78018.0
 2024 07 10 09 35 00 000   -1.88    -5.19     1.62  -405.90    -15.80      6.40    6.54     73986.0
 2024 07 10 09 36 00 000   -1.62    -5.34     1.35  -402.90    -13.30      1.60    5.14     50845.0
 2024 07 10 09 37 00 000   -1.43    -5.10     2.33  -403.80    -11.50      6.50    5.46     53534.0
 2024 07 10 09 38 00 000   -0.98    -5.43     1.53  -404.70     -9.60     11.60    5.80     56354.0
 2024 07 10 09 39 00 000   -0.65    -5.51    -1.43  -398.80    -18.90    -15.10    5.66     47873.0
 2024 07 10 09 40 00 000   -0.24    -5.59    -1.36  -398.80    -18.90    -15.10    5.66     47873.0
 2024 07 10 09 41 00 000   -0.50    -5.48     1.32  -395.10    -17.00    -10.10    6.61     70515.0
 2024 07 10 09 42 00 000   -1.81    -5.36     1.09  -398.10    -13.90     -7.10    6.01     60271.0
 2024 07 10 09 43 00 000   -1.55    -5.36     1.15  -403.80     -8.10     -1.50    4.89     40772.0
 2024 07 10 09 44 00 000   -1.83    -5.32     1.22  -402.90    -11.20     -2.70    5.93     64930.0
 2024 07 10 09 45 00 000   -2.05    -5.30     0.68  -402.90    -11.20     -2.70    5.93     64930.0
 2024 07 10 09 46 00 000   -1.76    -5.02     2.12  -402.90    -11.20     -2.70    5.93     64930.0
 2024 07 10 09 47 00 000   -2.09    -4.94     1.93  -402.90    -11.20     -2.70    5.93     64930.0
 2024 07 10 09 48 00 000   -1.47    -4.42     3.06  -402.60    -13.20     14.50    5.03     44327.0
 2024 07 10 09 49 00 000   -2.00    -4.69     2.03  -402.20    -15.20      5.70    5.47     54788.0
 2024 07 10 09 50 00 000   -2.84    -3.79     2.74  -409.90     -8.00     11.80    5.33     55819.0
 2024 07 10 09 51 00 000   -2.85    -3.43     3.33  -417.10     -9.20     19.90    5.22     55723.0
 2024 07 10 09 52 00 000   -2.58    -3.78     3.12  -407.80    -14.10     18.70    5.50     55503.0
 2024 07 10 09 53 00 000   -2.45    -2.87     4.30  -408.10    -14.40     18.20    5.52     55551.0
 2024 07 10 09 54 00 000   -2.29    -3.22     4.20  -407.10    -13.70     22.00    5.46     57953.0
 2024 07 10 09 55 00 000   -2.78    -2.81     4.20  -407.10    -13.70     22.00    5.46     57953.0
 2024 07 10 09 56 00 000   -2.17    -3.64     3.98  -403.40    -12.50     17.00    5.38     62068.0
 2024 07 10 09 57 00 000   -1.44    -4.29     3.71  -403.40    -12.50     17.00    5.38     62068.0
 2024 07 10 09 58 00 000   -1.33    -4.44     3.57  -403.40    -12.50     17.00    5.38     62068.0
 2024 07 10 09 59 00 000   -2.06    -3.12     4.15  -398.80    -11.50     17.60    5.15     51697.0
 2024 07 10 10 00 00 000   -2.05    -3.03     4.39  -404.00    -14.40     22.30    5.27     52755.0
 2024 07 10 10 01 00 000   -2.21    -2.77     4.46  -406.30    -15.50     27.90    5.39     53465.0
 2024 07 10 10 02 00 000   -2.64    -3.29     3.88  -405.70    -15.20     30.60    5.42     53582.0
 2024 07 10 10 03 00 000   -2.47    -3.51     3.81  -406.40    -15.80     21.00    5.67     59965.0
 2024 07 10 10 04 00 000   -2.63    -3.03     4.00  -406.60    -15.90     18.90    5.73     61373.0
 2024 07 10 10 05 00 000   -2.61    -2.99     4.06  -409.00    -13.80     21.80    5.83     62871.0
 2024 07 10 10 06 00 000   -2.33    -3.56     3.95  -409.30    -13.60     22.10    5.84     63041.0
 2024 07 10 10 07 00 000   -2.34    -3.55     3.91  -409.30    -13.60     22.10    5.84     63041.0
 2024 07 10 10 08 00 000   -2.69    -4.02     3.26  -404.10    -18.50     20.60    5.80     62729.0
 2024 07 10 10 09 00 000   -2.57    -4.08     3.40  -404.80    -16.20     18.60    5.52     58015.0
 2024 07 10 10 10 00 000   -1.41    -2.08     4.85  -404.70    -13.50     17.50    5.43     56069.0
 2024 07 10 10 11 00 000   -1.61    -2.91     4.48  -396.60     -3.70     23.50    7.12     78629.0
 2024 07 10 10 12 00 000   -1.78    -3.34     4.19  -398.30     -5.10     19.20    5.99     66125.0
 2024 07 10 10 13 00 000   -2.19    -3.05     4.15  -398.80     -6.20     18.80    5.84     59206.0
 2024 07 10 10 14 00 000   -2.26    -3.06     4.18  -399.00     -6.70     18.70    5.80     55901.0
 2024 07 10 10 15 00 000   -2.12    -2.74     4.38  -401.40     -5.20     20.50    5.78     59649.0
 2024 07 10 10 16 00 000   -2.89    -1.38     4.43  -402.30     -3.20     20.40    6.07     67670.0
 2024 07 10 10 17 00 000   -1.91    -1.45     4.90  -404.20      0.80     20.10    6.67     84308.0
 2024 07 10 10 18 00 000   -1.79    -1.78     4.95  -404.20      0.80     20.10    6.67     84308.0
 2024 07 10 10 19 00 000    0.17    -0.72     5.35  -404.20      0.80     20.10    6.67     84308.0
 2024 07 10 10 20 00 000    0.42    -0.98     5.36  -404.20      0.80     20.10    6.67     84308.0
 2024 07 10 10 21 00 000    0.24    -0.87     5.45  -404.20      0.80     20.10    6.67     84308.0
 2024 07 10 10 22 00 000    0.14    -1.38     5.38  -404.20      0.80     20.10    6.67     84308.0
 2024 07 10 10 23 00 000   -0.14    -2.11     5.16  -404.20      0.80     20.10    6.67     84308.0
 2024 07 10 10 24 00 000   -0.01    -1.64     5.07  -404.20      0.80     20.10    6.67     84308.0
 2024 07 10 10 25 00 000   -1.07    -3.92     4.00  -393.00     -8.90     24.20    6.41     48625.0
 2024 07 10 10 26 00 000   -1.41    -4.71     3.19  -393.00     -8.90     24.20    6.41     48625.0
 2024 07 10 10 27 00 000   -0.92    -5.11     2.73  -393.00     -8.90     24.20    6.41     48625.0
 2024 07 10 10 28 00 000   -2.07    -5.24     1.46  -398.70    -12.00     -0.30    6.26     70226.0
 2024 07 10 10 29 00 000   -2.26    -5.27     0.70  -399.30    -12.80     -0.90    6.19     68112.0
 2024 07 10 10 30 00 000   -1.76    -5.40     0.69  -402.10    -16.40     -3.70    5.87     58253.0
 2024 07 10 10 31 00 000   -1.52    -5.53     0.45  -402.10    -16.40     -3.70    5.87     58253.0
 2024 07 10 10 32 00 000   -1.61    -5.44     0.52  -399.20    -12.90     -4.30    6.24     65168.0
 2024 07 10 10 33 00 000   -1.40    -5.47    -0.26  -399.20    -12.90     -4.40    6.24     65200.0
 2024 07 10 10 34 00 000   -1.47    -5.34    -1.02  -397.60     -8.80    -14.00    6.34     71021.0
 2024 07 10 10 35 00 000   -0.80    -5.15    -1.59  -399.30    -13.80    -13.40    6.57     76845.0
 2024 07 10 10 36 00 000   -0.64    -4.95    -1.70  -394.00     -4.50    -18.70    5.92     61994.0
 2024 07 10 10 37 00 000   -0.30    -5.33    -1.29  -394.00     -4.50    -18.70    5.92     61952.0
 2024 07 10 10 38 00 000    0.42    -5.65    -0.75  -387.90    -11.30    -14.50    6.18     63731.0
 2024 07 10 10 39 00 000    0.87    -5.63    -0.16  -386.40    -10.70     -9.10    6.07     61614.0
 2024 07 10 10 40 00 000    0.79    -5.62    -0.08  -384.90    -10.00     -3.10    5.95     59271.0
 2024 07 10 10 41 00 000    0.78    -5.11    -0.63  -384.90    -10.00     -3.10    5.95     59271.0
 2024 07 10 10 42 00 000    3.14    -3.49     2.77  -375.10     -1.20      0.20    6.03     87500.0
 2024 07 10 10 43 00 000    2.94    -1.42     4.28  -374.70      0.10      6.60    6.18     91417.0
 2024 07 10 10 44 00 000    2.19    -2.76     4.17  -373.90      2.50     19.00    6.46     98835.0
 2024 07 10 10 45 00 000    1.85    -4.15     2.89  -376.90     -5.60     11.60    6.26     86536.0
 2024 07 10 10 46 00 000    0.75    -5.44    -0.22  -383.30    -11.60     -0.50    6.61     79064.0
 2024 07 10 10 47 00 000   -0.42    -5.02    -1.33  -385.00    -12.70     -3.60    6.66     77310.0
 2024 07 10 10 48 00 000   -1.02    -4.84    -2.88  -394.50     -4.50    -21.70    6.03     72428.0
 2024 07 10 10 49 00 000   -0.64    -4.81    -3.01  -394.50     -4.50    -21.70    6.03     72428.0
 2024 07 10 10 50 00 000   -0.35    -4.85    -2.99  -390.20     -9.80    -26.70    5.78     65884.0
 2024 07 10 10 51 00 000    0.05    -5.20    -2.36  -389.70    -10.90    -21.80    5.78     64783.0
 2024 07 10 10 52 00 000    0.22    -5.14    -2.50  -389.00    -12.50    -14.50    5.78     63119.0
 2024 07 10 10 53 00 000    0.06    -5.24    -2.26  -389.00    -12.50    -14.50    5.78     63119.0
 2024 07 10 10 54 00 000   -0.17    -5.03    -2.77  -394.30     -7.00    -23.10    6.00     65446.0
 2024 07 10 10 55 00 000   -0.30    -4.93    -3.02  -394.30     -7.00    -23.10    6.00     65446.0
 2024 07 10 10 56 00 000   -0.12    -5.08    -2.73  -394.30     -7.00    -23.10    6.00     65446.0
 2024 07 10 10 57 00 000    0.11    -5.39    -2.08  -388.50    -10.70    -18.90    5.89     61334.0
 2024 07 10 10 58 00 000    0.02    -4.96    -2.46  -388.50    -10.70    -18.90    5.89     61334.0
 2024 07 10 10 59 00 000    0.26    -4.79    -3.20  -388.00     -5.20    -22.10    5.70     61681.0
 2024 07 10 11 00 00 000    0.46    -4.85    -3.00  -388.00     -5.20    -22.10    5.70     61681.0
 2024 07 10 11 01 00 000    0.35    -4.47    -3.41  -386.80     -3.30    -23.60    5.94     72847.0
 2024 07 10 11 02 00 000    0.18    -4.33    -3.64  -386.80     -3.30    -23.60    5.94     72847.0
 2024 07 10 11 03 00 000    0.67    -4.73    -3.01  -386.80     -3.30    -23.60    5.94     72847.0
 2024 07 10 11 04 00 000    0.52    -4.84    -2.78  -385.40     -4.20    -19.90    6.17     68792.0
 2024 07 10 11 05 00 000   -0.46    -5.23    -1.95  -387.90     -7.90    -17.20    6.10     66966.0
 2024 07 10 11 06 00 000    0.25    -5.11    -2.56  -389.90    -10.70    -15.30    6.05     65589.0
 2024 07 10 11 07 00 000   -0.21    -4.91    -2.85  -387.80     -9.50    -19.90    5.80     60604.0
 2024 07 10 11 08 00 000    0.04    -4.98    -2.75  -387.80     -9.50    -19.90    5.80     60604.0
 2024 07 10 11 09 00 000    0.39    -4.85    -2.93  -387.50     -9.60    -17.00    5.63     58818.0
 2024 07 10 11 10 00 000    0.75    -5.00    -2.52  -387.50     -9.60    -17.00    5.63     58818.0
 2024 07 10 11 11 00 000    0.79    -4.93    -2.53  -383.70     -9.10    -21.00    5.71     57393.0
 2024 07 10 11 12 00 000    0.77    -5.47    -1.08  -383.60     -9.70    -20.30    5.67     57429.0
 2024 07 10 11 13 00 000    0.61    -5.54    -0.95  -382.20    -15.90    -13.30    5.29     57782.0
 2024 07 10 11 14 00 000    0.86    -5.49    -0.90  -383.90    -18.20    -13.40    5.03     52140.0
 2024 07 10 11 15 00 000    1.17    -5.32    -0.36  -384.00    -18.30    -13.40    5.03     51832.0
 2024 07 10 11 16 00 000    1.59    -5.18    -0.11  -378.50    -14.70     -3.70    5.84     70268.0
 2024 07 10 11 17 00 000    1.96    -5.11    -0.55  -378.50    -14.70     -3.70    5.84     70268.0
 2024 07 10 11 18 00 000    1.81    -5.13    -0.65  -375.60    -21.30     -8.30    5.96     76670.0
 2024 07 10 11 19 00 000    1.27    -5.29    -0.81  -375.70    -21.30     -8.40    5.93     75837.0
 2024 07 10 11 20 00 000    1.19    -5.18    -1.40  -379.90    -15.80     -9.10    5.33     52927.0
 2024 07 10 11 21 00 000    1.29    -5.19    -1.34  -380.70    -15.70    -11.20    5.62     61598.0
 2024 07 10 11 22 00 000    1.70    -4.95    -1.93  -381.30    -15.60    -12.70    5.83     67895.0
 2024 07 10 11 23 00 000    1.26    -5.07    -0.21  -378.40    -13.60    -18.80    5.80     66792.0
 2024 07 10 11 24 00 000    0.99    -3.77     3.07  -378.30    -13.60    -18.90    5.80     66766.0
 2024 07 10 11 25 00 000    1.51    -4.35     2.08  -381.50    -11.60     -2.70    5.97     63354.0
 2024 07 10 11 26 00 000    1.70    -4.59     1.51  -381.50    -11.60     -2.70    5.97     63354.0
 2024 07 10 11 27 00 000    1.88    -4.76     0.74  -376.70    -14.90      0.30    5.09     61643.0
 2024 07 10 11 28 00 000    2.01    -4.91    -1.10  -376.70    -14.90      0.30    5.09     61643.0
 2024 07 10 11 29 00 000    2.49    -4.81    -0.33  -375.70    -19.40    -11.20    5.52     65692.0
 2024 07 10 11 30 00 000    2.20    -4.86     0.32  -372.40    -19.80     -8.90    5.57     73329.0
 2024 07 10 11 31 00 000    2.10    -4.96    -0.24  -370.10    -19.90     -6.70    5.58     78600.0
 2024 07 10 11 32 00 000    1.88    -5.03     0.29  -370.10    -19.90     -6.70    5.58     78600.0
 2024 07 10 11 33 00 000    2.41    -4.75     0.53  -370.10    -19.90     -6.70    5.58     78600.0
 2024 07 10 11 34 00 000    2.11    -4.88    -0.02  -373.10    -11.60     -2.10    5.74     82695.0
 2024 07 10 11 35 00 000    1.89    -4.93    -0.26  -373.00    -10.40     -3.40    5.69     83049.0
 2024 07 10 11 36 00 000    1.65    -5.07    -0.77  -379.60    -16.30    -11.20    6.43     86488.0
 2024 07 10 11 37 00 000    1.64    -5.12    -0.96  -379.70    -16.50    -11.30    6.45     86536.0
 2024 07 10 11 38 00 000    1.64    -5.00    -1.44  -377.00    -13.30    -14.30    5.47     63942.0
 2024 07 10 11 39 00 000    2.05    -4.81    -1.78  -377.00    -13.30    -14.30    5.47     63942.0
 2024 07 10 11 40 00 000    2.01    -4.67    -2.08  -373.80     -8.20    -19.00    5.34     65325.0
 2024 07 10 11 41 00 000    2.05    -2.38    -4.14  -376.20      0.10    -21.00    5.53     69685.0
 2024 07 10 11 42 00 000    3.12    -2.11    -3.66  -380.10     10.00    -22.50    5.84     75208.0
 2024 07 10 11 43 00 000    2.52    -1.93    -4.15  -380.10     10.00    -22.50    5.84     75208.0
 2024 07 10 11 44 00 000    0.50    -2.24    -0.38  -374.10      9.70    -18.70    6.17     84806.0
 2024 07 10 11 45 00 000   -1.22    -3.04     4.00  -383.00      1.50     -2.60    5.83     74410.0
 2024 07 10 11 46 00 000   -1.44    -3.08     3.87  -395.40     -9.70     19.00    5.37     59616.0
 2024 07 10 11 47 00 000   -1.18    -3.50     3.57  -396.70     -9.40     16.90    5.25     54341.0
 2024 07 10 11 48 00 000   -0.59    -3.94     3.22  -396.70     -9.40     16.90    5.25     54341.0
 2024 07 10 11 49 00 000    0.07    -4.33     2.66  -389.20    -11.80     11.60    5.53     63628.0
 2024 07 10 11 50 00 000    0.12    -4.87     1.80  -388.50    -13.30      7.10    5.32     58470.0
 2024 07 10 11 51 00 000    0.07    -4.93     1.42  -388.20    -15.00      2.10    5.07     51018.0
 2024 07 10 11 52 00 000   -0.19    -4.71     1.07  -391.20    -13.30     -1.20    5.76     68463.0
 2024 07 10 11 53 00 000    0.14    -4.66    -0.26  -392.60    -12.40     -2.50    6.12     78147.0
 2024 07 10 11 54 00 000   -0.41    -4.66     1.55  -392.60    -12.40     -2.50    6.12     78147.0
 2024 07 10 11 55 00 000   -0.04    -4.51     1.54  -391.80    -11.90      1.20    5.68     59689.0
 2024 07 10 11 56 00 000    0.70    -2.63    -0.67  -389.80     -7.70     -3.10    5.83     71786.0
 2024 07 10 11 57 00 000    1.44    -3.30    -1.55  -387.60     -3.00     -7.80    6.02     85112.0
 2024 07 10 11 58 00 000    0.08    -4.42     0.99  -387.60     -3.00     -7.80    6.02     85112.0
 2024 07 10 11 59 00 000    0.92    -4.18     1.23  -391.60    -16.10      3.20    5.52     69404.0
 2024 07 10 12 00 00 000    1.66    -4.35    -0.56  -391.60    -16.10      3.20    5.52     69404.0
 2024 07 10 12 01 00 000    2.12    -4.24    -0.91  -381.50     -6.10     -5.30    5.68     80557.0
 2024 07 10 12 02 00 000    0.35    -4.66    -0.33  -385.20     -8.30     -2.30    5.64     75002.0
 2024 07 10 12 03 00 000   -0.47    -4.97     0.48  -391.80    -12.40      1.50    5.52     67799.0
 2024 07 10 12 04 00 000   -0.64    -5.00     0.39  -393.90    -14.60     -2.20    5.37     73716.0
 2024 07 10 12 05 00 000    0.18    -4.80     1.02  -393.90    -14.60     -2.20    5.37     73716.0
 2024 07 10 12 06 00 000    0.46    -4.72     1.29  -386.90    -12.90      3.50    5.66     65207.0
 2024 07 10 12 07 00 000    0.11    -4.04     1.95  -386.40    -13.90      0.10    6.23     72570.0
 2024 07 10 12 08 00 000   -0.46    -3.59     3.04  -388.90    -15.00      5.30    6.03     67985.0
 2024 07 10 12 09 00 000   -0.22    -3.64     2.44  -393.30    -14.00     12.60    5.52     61058.0
 2024 07 10 12 10 00 000   -0.30    -3.31     3.26  -391.00    -10.90     10.70    5.40     58554.0
 2024 07 10 12 11 00 000   -0.47    -3.39     2.96  -394.60     -8.30     14.30    5.45     62543.0
 2024 07 10 12 12 00 000    0.00    -2.16     3.83  -395.50     -7.60     15.30    5.46     63589.0
 2024 07 10 12 13 00 000    0.03    -3.33     3.34  -395.50     -7.60     15.30    5.46     63589.0
 2024 07 10 12 14 00 000   -0.38    -3.85     1.63  -390.20    -10.30     11.10    5.24     60681.0
 2024 07 10 12 15 00 000   -0.50    -3.43     1.42  -392.80    -11.50      9.90    5.40     76064.0
 2024 07 10 12 16 00 000   -0.46    -2.66     1.67  -398.10    -13.80      7.40    5.72    107180.0
 2024 07 10 12 17 00 000   -0.80    -2.52     2.52  -398.10    -13.80      7.40    5.72    107180.0
 2024 07 10 12 18 00 000   -0.89    -2.94     2.54  -397.30    -17.30      7.60    5.37    100563.0
 2024 07 10 12 19 00 000   -0.72    -3.31     2.11  -397.30    -17.30      7.60    5.37    100563.0
 2024 07 10 12 20 00 000   -0.35    -3.61     2.12  -394.50    -14.20      7.80    5.84     88654.0
 2024 07 10 12 21 00 000   -1.27    -4.01     2.63  -394.50    -14.20      7.80    5.84     88654.0
 2024 07 10 12 22 00 000   -1.29    -4.21     2.67  -396.40    -12.10      7.30    4.99     57617.0
 2024 07 10 12 23 00 000   -1.68    -3.50     3.31  -397.40    -10.80      9.40    5.21     60379.0
 2024 07 10 12 24 00 000   -1.78    -3.36     3.31  -399.30    -11.80     10.60    5.52     66470.0
 2024 07 10 12 25 00 000   -1.40    -3.78     3.14  -398.80     -9.70      9.50    5.10     70687.0
 2024 07 10 12 26 00 000   -1.62    -4.36     2.50  -397.10     -7.20      7.70    5.00     76599.0
 2024 07 10 12 27 00 000   -2.03    -4.44     2.37  -397.10     -7.20      7.70    5.00     76599.0
 2024 07 10 12 28 00 000   -1.79    -4.68     2.17  -397.10     -7.20      7.70    5.00     76599.0
 2024 07 10 12 29 00 000   -1.32    -4.96     1.93  -396.00    -15.50      6.20    4.91     56059.0
 2024 07 10 12 30 00 000   -2.59    -4.19     1.53  -396.60    -13.90      5.30    5.51     65666.0
 2024 07 10 12 31 00 000   -1.88    -4.40     0.52  -404.30    -10.30      7.70    6.25     71211.0
 2024 07 10 12 32 00 000    0.22    -4.45    -1.69  -413.70     -7.70     12.20    6.32     64218.0
 2024 07 10 12 33 00 000    0.00    -4.51    -0.90  -413.70     -7.70     12.20    6.32     64218.0
 2024 07 10 12 34 00 000   -0.97    -4.72    -0.95  -390.30    -11.10    -18.10    6.41     95786.0
 2024 07 10 12 35 00 000   -0.88    -4.50    -1.65  -390.30    -11.10    -18.10    6.41     95786.0
 2024 07 10 12 36 00 000   -0.51    -4.86    -1.13  -390.30    -11.10    -18.10    6.41     95786.0
 2024 07 10 12 37 00 000   -0.41    -4.84    -1.28  -392.70    -11.20    -15.40    5.40     73479.0
 2024 07 10 12 38 00 000   -0.05    -5.00    -1.31  -392.70    -11.20    -15.40    5.40     73479.0
 2024 07 10 12 39 00 000    0.01    -4.96    -1.23  -389.80    -13.60    -13.40    5.21     59727.0
 2024 07 10 12 40 00 000   -0.16    -4.97    -1.00  -390.70    -13.70    -14.10    5.42     58266.0
 2024 07 10 12 41 00 000   -0.39    -4.87    -0.99  -393.30    -13.40    -16.20    5.94     58908.0
 2024 07 10 12 42 00 000   -0.49    -4.83    -1.17  -394.10    -12.90    -17.10    6.00     65366.0
 2024 07 10 12 43 00 000   -0.41    -4.77    -1.54  -393.40    -15.40    -15.50    5.53     63764.0
 2024 07 10 12 44 00 000   -0.24    -4.41    -2.39  -392.00    -12.90    -18.80    5.40     59835.0
 2024 07 10 12 45 00 000    0.07    -4.22    -2.78  -390.70     -5.80    -25.30    5.28     69445.0
 2024 07 10 12 46 00 000    0.10    -4.20    -2.76  -390.00     -8.40    -21.10    5.62     71800.0
 2024 07 10 12 47 00 000   -0.11    -4.80    -1.57  -389.90     -8.40    -20.80    5.64     71939.0
 2024 07 10 12 48 00 000   -0.88    -3.51     1.28  -391.70      0.30    -22.50    5.03     67913.0
 2024 07 10 12 49 00 000   -1.69    -4.41     0.72  -397.70     -9.00    -11.70    5.29     63174.0
 2024 07 10 12 50 00 000   -0.86    -2.78     3.26  -398.50    -10.30    -10.30    5.32     62534.0
 2024 07 10 12 51 00 000    0.02    -0.82     4.87  -394.10      0.30      8.30    5.25     52472.0
 2024 07 10 12 52 00 000    0.31     0.24     4.90  -394.10      0.30      8.30    5.25     52472.0
 2024 07 10 12 53 00 000    0.76     0.10     4.90  -385.90     16.90     24.90    6.00     74240.0
 2024 07 10 12 54 00 000   -1.04    -1.89     4.14  -391.00      6.70     21.90    5.72     70964.0
 2024 07 10 12 55 00 000   -1.91    -2.97     3.33  -396.30     -3.70     18.70    5.44     67955.0
 2024 07 10 12 56 00 000   -1.54    -3.02     3.42  -399.30     -3.50     12.10    4.48     44991.0
 2024 07 10 12 57 00 000   -1.36    -4.25     1.50  -399.30     -3.70     11.70    4.52     45721.0
 2024 07 10 12 58 00 000    0.15    -3.95     2.10  -398.30     -9.50     -1.80    5.63     68587.0
 2024 07 10 12 59 00 000    0.67    -4.06     2.26  -398.30     -9.50     -1.80    5.63     68587.0
 2024 07 10 13 00 00 000    1.09    -3.36     2.74  -398.30     -9.50     -1.80    5.63     68587.0
 2024 07 10 13 01 00 000    0.91    -3.61     3.00  -387.60     -8.90     10.10    5.34     72219.0
 2024 07 10 13 02 00 000    0.63    -4.35     2.24  -387.60     -8.90     10.10    5.34     72219.0
 2024 07 10 13 03 00 000    0.08    -4.35     1.88  -388.70    -12.80     -0.70    5.51     68018.0
 2024 07 10 13 04 00 000    0.55    -3.86     1.94  -388.70    -12.80     -0.70    5.51     68018.0
 2024 07 10 13 05 00 000    2.27    -3.23     2.93  -374.40     -5.50      7.60    5.44     82696.0
 2024 07 10 13 06 00 000    1.62    -4.01     2.10  -377.00     -7.20      7.70    5.47     78861.0
 2024 07 10 13 07 00 000    1.24    -4.22     2.01  -384.70    -10.60      2.10    5.43     73683.0
 2024 07 10 13 08 00 000    1.90    -4.44     1.62  -383.20    -14.10      2.90    5.34     68886.0
 2024 07 10 13 09 00 000   -0.19    -4.00     2.05  -375.60    -12.40      0.90    5.33     71729.0
 2024 07 10 13 10 00 000    0.32    -4.30     1.37  -385.60    -14.10      1.30    5.40     96752.0
 2024 07 10 13 11 00 000    0.40    -4.73     1.26  -385.60    -14.10      1.30    5.40     96752.0
 2024 07 10 13 12 00 000   -0.52    -4.57     1.55  -388.20    -14.00      7.40    5.41     62256.0
 2024 07 10 13 13 00 000   -0.08    -4.79     0.94  -388.40    -14.00      7.80    5.41     59765.0
 2024 07 10 13 14 00 000    0.11    -4.84     0.49  -388.70    -20.50     -6.40    6.17     73922.0
 2024 07 10 13 15 00 000    1.01    -4.69    -0.33  -384.50    -13.00     -4.00    5.69     72616.0
 2024 07 10 13 16 00 000   -0.62    -4.79     0.69  -380.40     -5.70     -1.70    5.22     71344.0
 2024 07 10 13 17 00 000   -1.89    -4.77    -0.17  -393.10    -17.20     -5.00    5.29     72722.0
 2024 07 10 13 18 00 000   -2.12    -4.71    -0.35  -393.10    -17.20     -5.00    5.29     72722.0
 2024 07 10 13 19 00 000   -2.14    -4.70    -0.42  -393.10    -17.20     -5.00    5.29     72722.0
 2024 07 10 13 20 00 000   -2.19    -4.67    -0.60  -393.10    -17.20     -5.00    5.29     72722.0
 2024 07 10 13 21 00 000   -1.96    -4.78    -0.54  -396.70    -13.20     -9.30    4.99     64336.0
 2024 07 10 13 22 00 000   -2.10    -4.71    -0.68  -396.70    -13.20     -9.30    4.99     64336.0
 2024 07 10 13 23 00 000   -2.22    -4.64    -0.66  -397.30    -13.30     -8.20    4.84     61849.0
 2024 07 10 13 24 00 000   -2.52    -4.52    -0.49  -398.40    -13.40     -6.00    4.54     56909.0
 2024 07 10 13 25 00 000   -3.32    -4.01    -0.58  -398.40    -13.40     -6.00    4.54     56909.0
 2024 07 10 13 26 00 000   -3.43    -3.89    -0.77  -406.90    -11.00    -11.10    5.16     62807.0
 2024 07 10 13 27 00 000   -3.13    -4.11    -0.85  -406.90    -11.00    -11.10    5.16     62807.0
 2024 07 10 13 28 00 000   -3.09    -4.13    -0.82  -406.90    -11.00    -11.10    5.16     62807.0
 2024 07 10 13 29 00 000   -2.40    -4.63    -0.75  -406.90    -11.00    -11.10    5.16     62807.0
 2024 07 10 13 30 00 000   -2.31    -4.69    -0.87  -398.20    -12.80    -16.30    4.63     54959.0
 2024 07 10 13 31 00 000   -2.43    -4.63    -0.63  -398.20    -12.80    -16.30    4.63     54959.0
 2024 07 10 13 32 00 000   -2.46    -4.30    -1.26  -400.40    -11.60    -17.20    5.03     73603.0
 2024 07 10 13 33 00 000   -2.86    -3.88    -1.82  -401.60    -10.10    -16.40    5.18     73582.0
 2024 07 10 13 34 00 000   -2.74    -3.83    -1.96  -402.50     -8.80    -15.60    5.30     72847.0
 2024 07 10 13 35 00 000   -2.61    -3.45    -2.72  -398.60      0.60    -27.70    5.21     64771.0
 2024 07 10 13 36 00 000   -1.70    -3.11    -0.34  -399.30     -5.60    -19.40    5.34     69166.0
 2024 07 10 13 37 00 000   -0.51    -3.61     3.15  -400.20    -13.50     -8.60    5.51     74835.0
 2024 07 10 13 38 00 000   -0.48    -3.31     3.34  -391.60     -9.80      8.90    5.28     59044.0
 2024 07 10 13 39 00 000   -0.58    -3.74     2.90  -391.60     -9.80      8.90    5.28     59044.0
 2024 07 10 13 40 00 000   -1.00    -3.79     2.69  -391.60     -9.80      8.90    5.28     59044.0
 2024 07 10 13 41 00 000   -0.77    -4.32     1.78  -391.60    -16.10     -2.70    5.25     56133.0
 2024 07 10 13 42 00 000   -1.01    -4.54     0.95  -392.90    -18.00     -4.30    5.20     58245.0
 2024 07 10 13 43 00 000   -1.46    -4.41    -0.21  -396.50    -23.00     -8.60    5.07     63982.0
 2024 07 10 13 44 00 000   -1.43    -4.53    -0.35  -394.70    -11.70    -12.00    5.12     63982.0
 2024 07 10 13 45 00 000   -0.83    -4.54     0.10  -395.20    -12.50    -12.20    5.20     65378.0
 2024 07 10 13 46 00 000   -1.32    -2.14     2.97  -399.70    -22.20    -12.00    5.72     75047.0
 2024 07 10 13 47 00 000   -1.30    -4.00     2.10  -399.70    -22.20    -12.00    5.72     75047.0
 2024 07 10 13 48 00 000   -1.05    -4.15     2.28  -395.50    -15.00      5.20    5.10     71053.0
 2024 07 10 13 49 00 000   -0.80    -4.43     1.90  -395.50    -15.00      5.20    5.10     71053.0
 2024 07 10 13 50 00 000   -0.71    -4.36     1.34  -392.20    -15.20     -1.80    5.36     64218.0
 2024 07 10 13 51 00 000   -0.50    -4.11     2.34  -392.20    -15.20     -1.80    5.36     64218.0
 2024 07 10 13 52 00 000   -0.45    -4.48     1.79  -390.70    -17.10     -0.20    4.84     53762.0
 2024 07 10 13 53 00 000   -0.06    -4.37     1.10  -390.70    -17.10     -0.20    4.84     53762.0
 2024 07 10 13 54 00 000   -0.58    -4.10     1.69  -387.60     -6.30      3.70    5.13     59423.0
 2024 07 10 13 55 00 000   -0.08    -4.06    -0.28  -388.00     -6.80      0.20    5.16     61741.0
 2024 07 10 13 56 00 000   -0.36    -4.33    -1.59  -389.60     -8.80    -12.60    5.29     70216.0
 2024 07 10 13 57 00 000   -0.21    -4.18    -0.39  -389.90     -9.20    -15.00    5.31     71802.0
 2024 07 10 13 58 00 000    0.12    -4.11    -0.14  -385.60     -7.40     -0.00    5.27     73161.0
 2024 07 10 13 59 00 000   -0.35    -3.89    -0.07  -388.70     -7.50     -9.30    5.29     73487.0
 2024 07 10 14 00 00 000   -1.04    -3.70    -0.08  -392.50     -7.10     -6.80    5.28     76661.0
 2024 07 10 14 01 00 000   -0.74    -3.59    -0.53  -389.90     -7.50     -4.30    5.72     92870.0
 2024 07 10 14 02 00 000    0.17    -3.60    -0.05  -389.20     -5.40     -8.90    5.71     93134.0
 2024 07 10 14 03 00 000   -0.86    -2.93    -0.35  -391.70     -2.90    -18.80    4.62     64218.0
 2024 07 10 14 04 00 000   -1.70    -3.37    -0.49  -391.70     -2.90    -18.80    4.62     64218.0
 2024 07 10 14 05 00 000   -1.39    -3.45    -0.62  -393.90     -2.80    -14.40    5.12     90636.0
 2024 07 10 14 06 00 000   -1.27    -3.14    -0.49  -391.50     -2.70     -8.80    5.38    103042.0
 2024 07 10 14 07 00 000   -1.15    -2.81    -0.12  -389.40     -2.70     -4.20    5.59    113326.0
 2024 07 10 14 08 00 000   -1.36    -2.53     0.01  -390.90     -3.90     -5.40    5.51     96220.0
 2024 07 10 14 09 00 000    1.60    -2.58    -0.20  -390.90     -3.90     -5.40    5.51     96220.0
 2024 07 10 14 10 00 000    2.76    -1.75    -0.00  -390.90     -3.90     -5.40    5.51     96220.0
 2024 07 10 14 11 00 000    1.94    -2.09     0.66  -390.90     -3.90     -5.40    5.51     96220.0
 2024 07 10 14 12 00 000    2.31    -1.35     0.62  -372.10     -8.30      6.10    5.82    140789.0
 2024 07 10 14 13 00 000    2.83     0.58    -0.50  -372.10     -8.30      6.10    5.82    140789.0
 2024 07 10 14 14 00 000    2.44     1.74    -0.45  -372.10     -8.30      6.10    5.82    140789.0
 2024 07 10 14 15 00 000    1.73     0.98     0.00  -373.60     29.10      2.90    6.00    141901.0
 2024 07 10 14 16 00 000    1.78     1.82     0.35  -373.60     29.10      2.90    6.00    141901.0
 2024 07 10 14 17 00 000    1.52     1.84     0.90  -373.90     30.40      5.50    5.90    134613.0
 2024 07 10 14 18 00 000    2.32     1.17     0.35  -373.90     30.40      5.50    5.90    134613.0
 2024 07 10 14 19 00 000    2.66     0.90     0.18  -373.90     30.40      5.50    5.90    134613.0
 2024 07 10 14 20 00 000    2.80     0.92     0.41  -373.90     30.40      5.50    5.90    134613.0
 2024 07 10 14 21 00 000    2.94     0.90     0.38  -373.90     30.40      5.50    5.90    134613.0
 2024 07 10 14 22 00 000    3.12     0.15    -0.01  -367.70     15.70     -1.90    5.81    151613.0
 2024 07 10 14 23 00 000    3.13    -0.02    -0.35  -367.70     15.70     -1.90    5.81    151613.0
 2024 07 10 14 24 00 000    2.75     0.12    -0.11  -367.70     15.70     -1.90    5.81    151613.0
 2024 07 10 14 25 00 000    2.89     0.32     0.49  -364.70     24.00      9.50    5.84    152341.0
 2024 07 10 14 26 00 000    2.81     0.04    -0.31  -364.70     24.00      9.50    5.84    152341.0
 2024 07 10 14 27 00 000    2.99     0.11    -0.42  -357.30     27.40     -8.40    6.07    162361.0
 2024 07 10 14 28 00 000    3.06     0.36    -0.58  -356.70     27.70     -9.80    6.09    163152.0
 2024 07 10 14 29 00 000    3.01     0.09    -0.56  -356.70     27.70     -9.80    6.09    163152.0
 2024 07 10 14 30 00 000    2.69     0.32    -0.52  -358.00     32.10     -4.10    6.97    182215.0
 2024 07 10 14 31 00 000    2.81     0.66    -0.45  -358.20     30.10     -5.60    6.66    174031.0
 2024 07 10 14 32 00 000    2.68     0.86    -0.37  -358.50     27.00     -8.10    6.16    161073.0
 2024 07 10 14 33 00 000    2.68     0.44    -1.25  -358.20     35.40     -7.20    6.64    171358.0
 2024 07 10 14 34 00 000   -0.42    -3.81     0.20  -358.20     35.40     -7.20    6.64    171358.0
 2024 07 10 14 35 00 000   -0.58    -4.01    -0.13  -389.20     -9.70    -10.00    5.32     80911.0
 2024 07 10 14 36 00 000   -0.62    -3.99     0.19  -389.20     -9.70    -10.00    5.32     80911.0
 2024 07 10 14 37 00 000    0.24    -4.15    -1.02  -382.70     -7.00    -16.40    5.80     78539.0
 2024 07 10 14 38 00 000    0.16    -4.20    -1.30  -382.70     -7.00    -16.40    5.80     78539.0
 2024 07 10 14 39 00 000   -0.02    -4.17    -0.80  -385.90     -8.20    -14.10    5.41     82506.0
 2024 07 10 14 40 00 000    0.14    -3.99     0.04  -385.90     -8.20    -13.70    5.39     82294.0
 2024 07 10 14 41 00 000    0.22    -4.22    -0.19  -384.50     -8.10    -10.70    5.20     79450.0
 2024 07 10 14 42 00 000    0.63    -3.96    -0.21  -387.00     -8.80    -12.10    5.51     78221.0
 2024 07 10 14 43 00 000    1.64    -3.66    -0.05  -381.20     -8.60     -7.00    5.63     88364.0
 2024 07 10 14 44 00 000    2.55    -2.92    -1.60  -379.40     -8.50     -5.80    5.69     93442.0
 2024 07 10 14 45 00 000    2.21    -3.23    -1.43  -373.00     -4.00    -17.40    5.77    107588.0
 2024 07 10 14 46 00 000    2.17    -3.08    -1.51  -373.00     -4.00    -17.40    5.77    107579.0
 2024 07 10 14 47 00 000    1.22    -4.00    -1.66  -376.40     -4.10    -15.90    5.81     85994.0
 2024 07 10 14 48 00 000    1.31    -4.03    -1.49  -378.60     -5.60    -16.40    5.50     85328.0
 2024 07 10 14 49 00 000    0.89    -4.04    -1.96  -379.90     -6.50    -16.70    5.34     84526.0
 2024 07 10 14 50 00 000    1.05    -3.90    -2.02  -382.70     -7.70    -16.80    5.34     72973.0
 2024 07 10 14 51 00 000    1.85    -3.18    -2.36  -378.70     -2.10    -19.80    5.51     90470.0
 2024 07 10 14 52 00 000    2.22    -2.85    -2.35  -377.90     -0.90    -20.40    5.55     94061.0
 2024 07 10 14 53 00 000    2.47    -2.85    -2.36  -370.70     -4.70    -25.10    5.54     88145.0
 2024 07 10 14 54 00 000    2.61    -1.93    -2.58  -370.70     -4.70    -25.10    5.54     88145.0
 2024 07 10 14 55 00 000    2.94    -1.23    -2.50  -370.50      7.80    -20.30    5.19     95594.0
 2024 07 10 14 56 00 000    1.98    -2.45    -1.57  -370.50      7.80    -20.30    5.19     95594.0
 2024 07 10 14 57 00 000    2.74    -3.00    -1.92  -370.50      7.80    -20.30    5.19     95594.0
 2024 07 10 14 58 00 000    0.27    -3.70     0.04  -370.50      7.80    -20.30    5.19     95594.0
 2024 07 10 14 59 00 000    0.83    -3.64    -0.81  -389.80     -8.50    -16.60    5.94    101255.0
 2024 07 10 15 00 00 000    1.68    -2.62    -1.24  -385.20     -6.70    -16.60    5.75     97547.0
 2024 07 10 15 01 00 000    3.83    -1.13    -2.34  -374.30     -1.60    -18.60    5.33     89054.0
 2024 07 10 15 02 00 000    3.63    -1.33    -2.59  -362.50      5.10    -32.70    5.69    102244.0
 2024 07 10 15 03 00 000    3.47    -1.40    -2.96  -362.50      4.10    -34.60    5.79    104762.0
 2024 07 10 15 04 00 000    3.60    -1.44    -2.76  -362.50      4.10    -34.60    5.79    104762.0
 2024 07 10 15 05 00 000    3.78    -1.58    -2.03  -358.30     14.90    -34.30    5.42     76417.0
 2024 07 10 15 06 00 000    4.18    -1.19    -1.43  -358.30     14.90    -34.30    5.42     76417.0
 2024 07 10 15 07 00 000    4.14    -1.42    -1.52  -358.30     14.90    -34.30    5.42     76417.0
 2024 07 10 15 08 00 000    3.91    -1.45    -2.29  -362.70      7.50    -28.00    5.50     85301.0
 2024 07 10 15 09 00 000    3.96    -1.64    -1.79  -360.90      9.90    -27.70    5.67    102217.0
 2024 07 10 15 10 00 000    3.61    -1.57    -2.10  -359.50     11.80    -27.40    5.80    115431.0
 2024 07 10 15 11 00 000    3.84    -1.66    -2.05  -359.50     11.80    -27.40    5.80    115431.0
 2024 07 10 15 12 00 000    3.42    -2.29    -2.04  -364.40     -0.70    -35.60    6.16    107690.0
 2024 07 10 15 13 00 000    3.16    -2.79    -1.89  -364.60     -0.60    -33.80    6.12    106984.0
 2024 07 10 15 14 00 000    3.62    -2.48    -1.39  -365.60     -0.10    -24.10    5.88    103194.0
 2024 07 10 15 15 00 000    3.71    -2.37    -1.49  -359.30     -1.10    -18.00    6.02    115399.0
 2024 07 10 15 16 00 000    1.40    -3.87    -1.77  -361.80     -2.10    -18.80    5.96    111461.0
 2024 07 10 15 17 00 000    2.11    -2.57    -2.05  -375.30     -3.10    -25.50    5.43     82658.0
 2024 07 10 15 18 00 000    3.80    -0.54    -2.22  -361.30     17.00    -32.10    5.07     74501.0
 2024 07 10 15 19 00 000    3.73    -0.52    -2.28  -361.30     17.00    -32.10    5.07     74501.0
 2024 07 10 15 20 00 000    3.49    -0.87    -2.59  -361.30     17.00    -32.10    5.07     74501.0
 2024 07 10 15 21 00 000    3.88    -0.81    -1.83  -361.30     17.00    -32.10    5.07     74501.0
 2024 07 10 15 22 00 000    3.62    -0.90    -2.35  -361.30     17.00    -32.10    5.07     74501.0
 2024 07 10 15 23 00 000    3.58    -0.93    -2.55  -364.00      9.50    -19.20    5.09     97722.0
 2024 07 10 15 24 00 000    3.58    -0.95    -2.47  -364.00      9.50    -19.20    5.09     97722.0
 2024 07 10 15 25 00 000    2.95    -0.89    -1.82  -364.00      9.50    -19.20    5.09     97722.0
 2024 07 10 15 26 00 000    3.07     0.32    -2.05  -365.40     18.80    -15.10    5.31    103906.0
 2024 07 10 15 27 00 000    2.88     0.35    -2.38  -364.50     14.50    -12.20    5.22    107098.0
 2024 07 10 15 28 00 000    1.94     0.15    -1.78  -364.00     23.50    -16.10    5.32    102318.0
 2024 07 10 15 29 00 000    2.18     0.11    -1.99  -364.00     23.50    -16.10    5.32    102318.0
 2024 07 10 15 30 00 000    3.46     0.22    -3.09  -363.80     18.00    -25.20    5.47    100021.0
 2024 07 10 15 31 00 000    3.25    -0.35    -2.99  -364.00     17.30    -24.90    5.44     99055.0
 2024 07 10 15 32 00 000    2.94    -0.18    -2.79  -366.00     10.30    -24.00    5.18     93120.0
 2024 07 10 15 33 00 000    2.21     1.32    -2.73  -365.30     11.30    -27.90    5.30    100808.0
 2024 07 10 15 34 00 000    1.80     1.76    -2.78  -365.30     11.30    -27.90    5.30    100808.0
 2024 07 10 15 35 00 000    1.64     1.34    -3.12  -365.30     11.30    -27.90    5.30    100808.0
 2024 07 10 15 36 00 000    1.77     1.58    -2.76  -372.90     20.70    -24.00    5.47    113221.0
 2024 07 10 15 37 00 000    2.47     0.65    -2.58  -372.90     20.70    -24.00    5.47    113221.0
 2024 07 10 15 38 00 000    2.97    -0.15    -2.41  -372.90     20.70    -24.00    5.47    113221.0
 2024 07 10 15 39 00 000    3.19    -0.55    -2.39  -372.90     20.70    -24.00    5.47    113221.0
 2024 07 10 15 40 00 000    2.82    -0.23    -2.36  -369.40     13.40    -17.10    5.33    109908.0
 2024 07 10 15 41 00 000    1.95     0.90    -3.21  -371.30     17.30    -20.00    5.26    109419.0
 2024 07 10 15 42 00 000    2.26    -1.77    -0.30  -373.10     -6.80     -7.40    5.43     97726.0
 2024 07 10 15 43 00 000    2.30    -2.56     1.60  -372.80     -6.70     -7.50    5.39     96878.0
 2024 07 10 15 44 00 000    3.53    -1.50    -0.15  -372.10      9.50    -17.60    5.06     99443.0
 2024 07 10 15 46 00 000    2.71    -1.22    -0.23  -372.10      9.50    -17.60    5.06     99443.0
 2024 07 10 15 47 00 000    3.59    -0.02    -1.93  -372.10      9.50    -17.60    5.06     99443.0
 2024 07 10 15 48 00 000    2.66    -2.49     1.17  -372.10      9.50    -17.60    5.06     99443.0
 2024 07 10 15 49 00 000    3.69    -0.75    -1.36  -372.10      9.50    -17.60    5.06     99443.0
 2024 07 10 15 50 00 000    2.70    -2.17     1.18  -355.70     23.60    -27.60    5.34     92351.0
 2024 07 10 15 51 00 000    3.31    -1.23    -0.29  -362.00      6.60    -13.30    5.36     90398.0
 2024 07 10 15 52 00 000    3.20    -1.66     0.35  -369.30     -4.90      0.20    5.35     81698.0
 2024 07 10 15 53 00 000    3.24    -1.84     1.33  -362.60     18.40    -11.60    5.20    104174.0
 2024 07 10 15 54 00 000    2.64    -1.96     2.68  -359.00      2.50     -5.70    5.51     93585.0
 2024 07 10 15 55 00 000    2.49    -2.09     2.64  -364.70     -4.50      0.20    5.52     97464.0
 2024 07 10 15 56 00 000    2.54    -2.00     2.66  -364.70     -4.50      0.20    5.52     97464.0
 2024 07 10 15 57 00 000    3.50    -2.36     1.12  -367.80     -3.30      2.00    5.20    103440.0
 2024 07 10 15 58 00 000    2.97    -2.35     1.37  -361.70     -4.10     -2.40    5.42     95425.0
 2024 07 10 15 59 00 000    1.75    -1.95     2.02  -388.20      4.80     16.50    4.56     54032.0
 2024 07 10 16 00 00 000    2.15    -2.02     1.72  -367.90     -7.70     12.00    5.32     82691.0
 2024 07 10 16 01 00 000    1.90    -2.30     2.54  -367.60     -6.50      8.80    5.49     91125.0
 2024 07 10 16 02 00 000    2.72    -1.47     2.51  -371.30     -2.80      5.60    5.57     96664.0
 2024 07 10 16 03 00 000    3.43    -1.56    -0.76  -371.30     -2.80      5.60    5.57     96664.0
 2024 07 10 16 04 00 000    3.14    -0.94    -3.18  -371.30     -2.80      5.60    5.57     96664.0
 2024 07 10 16 05 00 000    3.11    -1.73    -2.89  -366.50      7.70    -27.90    5.17     79649.0
 2024 07 10 16 06 00 000    2.88    -3.03    -2.36  -366.50      6.20    -26.90    5.20     80176.0
 2024 07 10 16 07 00 000    2.68    -3.13    -1.64  -366.20     -1.30    -21.60    5.12     83645.0
 2024 07 10 16 08 00 000   -2.64    -1.63     2.85  -366.10     -2.50    -20.80    5.05     84354.0
 2024 07 10 16 09 00 000   -2.76    -2.03     2.78  -385.50      0.10     -3.90    4.47     60064.0
 2024 07 10 16 10 00 000   -1.75    -3.66     2.40  -398.80      0.50      7.80    4.12     43757.0
 2024 07 10 16 11 00 000   -1.49    -3.62     2.66  -395.00     -9.40      5.40    4.56     50727.0
 2024 07 10 16 12 00 000   -1.62    -3.55     2.69  -394.80    -10.00      5.20    4.59     51162.0
 2024 07 10 16 13 00 000   -1.73    -3.54     2.28  -393.10     -5.00      6.20    4.52     51126.0
 2024 07 10 16 14 00 000   -1.04    -3.83     2.16  -392.90     -5.40      6.00    4.53     51341.0
 2024 07 10 16 15 00 000   -0.99    -4.10     1.78  -388.60    -12.30      2.20    4.71     55060.0
 2024 07 10 16 16 00 000   -0.88    -4.13     1.64  -388.30    -11.60     -0.70    4.81     57123.0
 2024 07 10 16 17 00 000   -1.02    -4.05     1.68  -388.40    -11.00     -1.80    4.84     57841.0
 2024 07 10 16 18 00 000   -0.91    -4.20     1.45  -388.40    -11.00     -1.80    4.84     57841.0
 2024 07 10 16 19 00 000   -0.55    -4.35     1.10  -388.40    -11.00     -1.80    4.84     57841.0
 2024 07 10 16 20 00 000   -0.24    -4.34     1.18  -387.20    -12.10      2.90    4.81     56650.0
 2024 07 10 16 21 00 000    0.02    -4.18     1.59  -387.20    -12.10      2.90    4.81     56650.0
 2024 07 10 16 22 00 000   -0.19    -4.12     1.82  -387.00    -12.70     -2.90    5.28     65040.0
 2024 07 10 16 23 00 000    0.59    -4.11     1.65  -386.90    -12.90     -4.40    5.40     67209.0
 2024 07 10 16 24 00 000    0.78    -3.96     1.76  -386.90    -12.90     -4.40    5.40     67209.0
 2024 07 10 16 25 00 000    0.52    -4.32     1.51  -381.00    -20.10     -0.50    5.04     62846.0
 2024 07 10 16 26 00 000    0.25    -4.25     1.83  -381.00    -20.10     -0.50    5.04     62846.0
 2024 07 10 16 27 00 000    1.10    -4.18     1.82  -380.80    -19.60     -0.60    5.04     63203.0
 2024 07 10 16 28 00 000    0.65    -4.24     2.02  -377.50    -11.20     -1.40    5.09     69036.0
 2024 07 10 16 29 00 000   -1.26    -3.94     1.61  -388.80    -12.00     -0.50    5.15     65379.0
 2024 07 10 16 30 00 000   -2.41    -3.61     0.90  -393.10    -11.60     -3.50    5.36     73966.0
 2024 07 10 16 31 00 000   -3.00    -3.11     1.30  -387.80    -16.10     -5.70    5.14     65438.0
 2024 07 10 16 32 00 000   -3.18    -3.22     1.18  -387.70    -16.10     -5.70    5.13     65207.0
 2024 07 10 16 33 00 000   -3.20    -3.18     1.32  -398.00    -11.40      1.80    4.68     64139.0
 2024 07 10 16 34 00 000   -2.69    -3.77    -0.01  -397.20    -11.00     -3.10    4.57     60635.0
 2024 07 10 16 35 00 000   -2.28    -4.03     0.22  -395.20    -10.50    -12.30    4.45     55285.0
 2024 07 10 16 36 00 000   -1.60    -4.37     0.18  -395.00    -11.80     -2.50    4.99     67370.0
 2024 07 10 16 37 00 000   -1.23    -4.43    -0.68  -395.00    -11.80     -2.50    4.99     67370.0
 2024 07 10 16 38 00 000   -1.56    -4.44    -0.24  -390.40    -16.10     -6.80    4.91     69774.0
 2024 07 10 16 39 00 000   -1.28    -4.39    -0.44  -390.50    -17.40     -7.70    5.00     68744.0
 2024 07 10 16 40 00 000   -1.81    -4.14     0.47  -390.80    -20.90    -10.20    5.24     65845.0
 2024 07 10 16 41 00 000   -1.70    -4.13     0.87  -390.80    -20.90    -10.20    5.24     65845.0
 2024 07 10 16 42 00 000   -1.97    -3.96     0.99  -391.60    -13.40      2.30    5.13     62852.0
 2024 07 10 16 43 00 000   -1.90    -3.84     0.93  -392.20    -16.00     -0.30    4.94     61867.0
 2024 07 10 16 44 00 000    0.03    -4.50     0.39  -391.50    -16.90     -2.30    4.78     60258.0
 2024 07 10 16 45 00 000    0.46    -4.50     0.07  -382.30    -13.00     -7.40    4.37     50880.0
 2024 07 10 16 46 00 000    0.11    -4.37     0.39  -384.40    -15.70     -4.90    4.82     64572.0
 2024 07 10 16 47 00 000   -0.22    -4.19     0.50  -385.80    -17.40     -3.30    5.12     73394.0
 2024 07 10 16 48 00 000   -0.36    -4.15     0.28  -386.20    -14.10     -0.90    4.77     70699.0
 2024 07 10 16 49 00 000   -0.54    -3.78     2.12  -386.20    -14.00     -0.80    4.76     70639.0
 2024 07 10 16 50 00 000   -0.81    -3.02     2.64  -386.20    -14.00     -0.80    4.76     70639.0
 2024 07 10 16 51 00 000    1.93    -1.18    -1.97  -386.00     -7.00     -1.70    4.77     83497.0
 2024 07 10 16 52 00 000    2.23    -1.13    -2.33  -378.90      4.30    -15.60    4.98     88105.0
 2024 07 10 16 53 00 000    2.25    -1.78    -1.92  -370.80      5.80    -25.80    4.75     72548.0
 2024 07 10 16 54 00 000    2.28    -2.74    -0.04  -383.90     -0.20     11.00    4.64     81143.0
 2024 07 10 16 55 00 000    3.46    -2.89    -1.16  -369.70     -9.80    -14.40    5.01     94258.0
 2024 07 10 16 56 00 000    3.22    -3.47     0.36  -368.40    -20.00     -3.30    4.85     99459.0
 2024 07 10 16 57 00 000    3.12    -3.36     0.56  -371.60    -20.30      3.70    4.76     91401.0
 2024 07 10 16 58 00 000    2.99    -2.99     1.55  -375.80    -13.90      7.70    4.64     75902.0
 2024 07 10 16 59 00 000    2.90    -2.95     1.58  -370.30    -15.60      4.10    4.78     99339.0
 2024 07 10 17 00 00 000    2.75    -2.63     2.24  -370.30    -17.10      5.40    4.76     99104.0
 2024 07 10 17 01 00 000    2.68    -2.67     2.33  -373.10    -11.50      8.70    5.12     81579.0
 2024 07 10 17 02 00 000    2.27    -2.87     2.39  -373.00    -11.10      8.50    5.13     82441.0
 2024 07 10 17 03 00 000    2.27    -2.79     2.57  -371.40     -5.00      5.50    5.25     97382.0
 2024 07 10 17 04 00 000    2.14    -3.00     2.46  -375.10    -10.60      4.90    4.78     69462.0
 2024 07 10 17 05 00 000    1.90    -3.17     2.37  -375.90    -11.80      5.30    4.64     62683.0
 2024 07 10 17 06 00 000    1.94    -3.09     2.48  -376.30    -10.30      6.20    4.89     77664.0
 2024 07 10 17 07 00 000    1.63    -3.50     2.19  -380.00    -14.30      3.30    4.88     68226.0
 2024 07 10 17 08 00 000    1.61    -3.64     2.12  -380.00    -14.30      3.30    4.88     68226.0
 2024 07 10 17 09 00 000    1.66    -3.45     1.93  -379.20    -13.30     -2.30    4.88     72596.0
 2024 07 10 17 10 00 000    1.16    -3.61     2.02  -379.20    -13.30     -2.30    4.88     72601.0
 2024 07 10 17 11 00 000    1.80    -3.80     1.66  -379.00    -15.40      1.30    4.85     73058.0
 2024 07 10 17 12 00 000    1.34    -3.20     2.93  -380.00    -10.30      3.60    4.68     70738.0
 2024 07 10 17 13 00 000    1.16    -3.11     3.17  -380.50     -7.50      4.80    4.59     69486.0
 2024 07 10 17 14 00 000    1.16    -3.15     3.27  -380.50     -7.50      4.80    4.59     69486.0
 2024 07 10 17 15 00 000    1.68    -3.66     2.58  -373.40    -15.20     -0.40    4.45     56724.0
 2024 07 10 17 16 00 000    1.84    -3.61     2.65  -373.40    -15.20     -0.40    4.45     56724.0
 2024 07 10 17 17 00 000    2.03    -3.69     2.57  -375.00    -12.70     -0.00    4.41     57239.0
 2024 07 10 17 18 00 000    1.87    -3.85     2.46  -376.00    -11.00      0.20    4.39     57579.0
 2024 07 10 17 19 00 000    1.85    -4.14     1.99  -376.00    -11.00      0.20    4.39     57579.0
 2024 07 10 17 20 00 000    1.70    -4.39     1.22  -376.80    -18.50      4.30    4.88     69363.0
 2024 07 10 17 21 00 000    1.50    -4.47     1.18  -376.80    -18.50      4.30    4.88     69363.0
 2024 07 10 17 22 00 000    1.21    -4.62     0.84  -381.20    -14.80     -6.40    4.63     53943.0
 2024 07 10 17 23 00 000    0.65    -4.70     0.49  -381.20    -14.80     -6.40    4.63     53943.0
 2024 07 10 17 24 00 000    0.04    -4.52     1.34  -381.20    -14.80     -6.40    4.63     53943.0
 2024 07 10 17 25 00 000    0.23    -4.64     0.97  -384.90    -13.40     -6.40    4.33     48289.0
 2024 07 10 17 26 00 000    0.40    -4.50     1.47  -383.70    -13.50     -2.00    4.45     50574.0
 2024 07 10 17 27 00 000    0.20    -4.50     1.22  -383.80    -13.40      1.40    4.65     54993.0
 2024 07 10 17 28 00 000    0.67    -4.12     1.50  -383.40    -15.60     -0.30    4.73     54753.0
 2024 07 10 17 29 00 000    0.43    -4.24     1.15  -378.90    -16.40      1.10    5.05     70584.0
 2024 07 10 17 30 00 000    0.68    -4.36     1.18  -383.40    -14.10     -1.20    5.04     64645.0
 2024 07 10 17 31 00 000    0.70    -4.39     0.99  -386.60    -15.30      5.00    4.56     53871.0
 2024 07 10 17 32 00 000    0.01    -4.68     0.83  -386.60    -15.30      5.00    4.56     53871.0
 2024 07 10 17 33 00 000    2.54    -3.61     0.78  -386.60    -15.30      5.00    4.56     53871.0
 2024 07 10 17 34 00 000    2.65    -3.71     0.86  -371.30    -21.80      0.00    4.37     65845.0
 2024 07 10 17 35 00 000    2.62    -3.71     1.26  -371.30    -21.80      0.00    4.37     65845.0
 2024 07 10 17 36 00 000    2.41    -3.91     0.83  -371.30    -21.80      0.00    4.37     65845.0
 2024 07 10 17 37 00 000    1.98    -3.79     1.38  -371.30    -21.80      0.00    4.37     65845.0
 2024 07 10 17 38 00 000    2.29    -3.81     1.07  -374.10    -17.20     -3.40    4.47     57505.0
 2024 07 10 17 39 00 000    2.30    -3.01     2.35  -374.10    -17.20     -3.40    4.47     57505.0
 2024 07 10 17 40 00 000    2.13    -3.11     2.21  -374.40    -14.10      0.80    4.57     75653.0
 2024 07 10 17 41 00 000    2.37    -2.90     2.58  -373.70    -18.20      3.80    4.51     75570.0
 2024 07 10 17 42 00 000    2.51    -2.91     2.55  -372.80    -23.00      7.20    4.44     75474.0
 2024 07 10 17 43 00 000    2.70    -3.16     1.95  -370.20     -6.80      5.90    4.69     69281.0
 2024 07 10 17 44 00 000    2.18    -3.62     1.71  -371.80    -10.80      5.00    4.61     67518.0
 2024 07 10 17 45 00 000    1.91    -3.90     1.32  -374.30    -13.10      4.80    4.56     64404.0
 2024 07 10 17 46 00 000    1.65    -4.02     0.89  -374.90    -12.10      5.30    4.59     63471.0
 2024 07 10 17 47 00 000    1.67    -4.11     0.95  -376.60    -16.60      0.00    4.70     73142.0
 2024 07 10 17 48 00 000    1.48    -4.07     1.41  -376.60    -16.60      0.00    4.70     73142.0
 2024 07 10 17 49 00 000    1.55    -3.80     1.78  -376.60    -16.60      0.00    4.70     73142.0
 2024 07 10 17 50 00 000    1.40    -3.66     2.00  -379.30     -8.20     11.10    4.70     60988.0
 2024 07 10 17 51 00 000    1.46    -4.02     0.81  -379.30     -8.20     11.10    4.70     60988.0
 2024 07 10 17 52 00 000    1.13    -4.11     0.82  -379.30     -8.20     11.10    4.70     60988.0
 2024 07 10 17 53 00 000    0.91    -4.17     0.84  -382.40    -12.30     -3.30    4.68     56465.0
 2024 07 10 17 54 00 000    0.81    -4.26     0.97  -382.40    -12.30     -3.30    4.68     56465.0
 2024 07 10 17 55 00 000    0.98    -4.18     0.89  -382.40    -12.30     -3.30    4.68     56465.0
 2024 07 10 17 56 00 000    1.48    -4.16     0.55  -382.40    -12.30     -3.30    4.68     56465.0
 2024 07 10 17 57 00 000    2.33    -3.85     0.13  -382.40    -12.30     -3.30    4.68     56465.0
 2024 07 10 17 58 00 000    2.47    -3.66     0.12  -375.20     -3.90    -19.10    4.96     49025.0
 2024 07 10 17 59 00 000    2.85    -3.28     0.00  -374.60     -4.50    -15.80    4.82     58449.0
 2024 07 10 18 00 00 000    2.73    -3.43     0.06  -374.40     -4.70    -14.80    4.79     60999.0
 2024 07 10 18 01 00 000    2.26    -3.76     0.15  -374.40     -4.70    -14.80    4.79     60999.0
 2024 07 10 18 02 00 000    2.18    -3.73     0.12  -373.10    -19.80      4.50    4.97     89072.0
 2024 07 10 18 03 00 000    1.31    -4.27     0.06  -373.30    -19.50      4.00    4.96     87786.0
 2024 07 10 18 04 00 000    1.11    -4.16    -0.26  -376.50    -14.00     -7.10    4.68     64831.0
 2024 07 10 18 05 00 000    0.60    -4.38    -0.56  -381.30    -10.40    -12.10    4.69     60397.0
 2024 07 10 18 06 00 000    0.58    -4.29    -0.83  -382.10    -11.80    -13.60    4.84     62213.0
 2024 07 10 18 07 00 000    1.36    -3.90     0.31  -380.00    -13.70    -12.60    4.84     57878.0
 2024 07 10 18 08 00 000    1.82    -3.81     0.24  -380.00    -13.70    -12.60    4.84     57878.0
 2024 07 10 18 09 00 000    1.20    -4.26    -0.62  -375.40    -17.50     -6.80    5.01     72470.0
 2024 07 10 18 10 00 000    0.94    -4.18    -1.24  -375.40    -17.50     -6.80    5.01     72470.0
 2024 07 10 18 11 00 000    1.62    -4.04    -0.90  -371.90    -15.60    -12.60    4.69     88423.0
 2024 07 10 18 12 00 000    2.65    -3.25     0.19  -371.30    -17.50    -10.20    4.75     84715.0
 2024 07 10 18 13 00 000    2.51    -3.32    -0.37  -370.00    -21.90     -4.80    4.91     76269.0
 2024 07 10 18 14 00 000    2.83    -2.40     1.71  -370.00    -21.90     -4.80    4.91     76269.0
 2024 07 10 18 15 00 000    2.90    -2.91     0.11  -370.00    -21.90     -4.80    4.91     76269.0
 2024 07 10 18 16 00 000    2.59    -3.35     0.11  -367.30    -11.60     -2.30    5.33    100908.0
 2024 07 10 18 17 00 000    2.49    -3.25     0.67  -367.30    -11.60     -2.30    5.33    100908.0
 2024 07 10 18 18 00 000    2.78    -3.16    -0.21  -367.30    -11.60     -2.30    5.33    100908.0
 2024 07 10 18 19 00 000    3.30    -2.49    -0.62  -367.30    -11.60     -2.30    5.33    100908.0
 2024 07 10 18 20 00 000    3.50    -2.23    -0.54  -367.30    -11.60     -2.30    5.33    100908.0
 2024 07 10 18 21 00 000    3.77    -1.62    -0.34  -356.20     -5.80    -23.20    5.45     93157.0
 2024 07 10 18 22 00 000    3.80    -1.57    -0.22  -356.20     -5.80    -23.20    5.45     93157.0
 2024 07 10 18 23 00 000    3.84    -1.53    -0.35  -356.20     -5.80    -23.20    5.45     93157.0
 2024 07 10 18 24 00 000    3.92    -1.19    -0.71  -356.20     -5.80    -23.20    5.45     93157.0
 2024 07 10 18 25 00 000    3.75    -1.77    -0.10  -351.80     -0.80    -19.80    5.87    118516.0
 2024 07 10 18 26 00 000    3.61    -2.04    -0.06  -351.80     -0.80    -19.80    5.87    118434.0
 2024 07 10 18 27 00 000    3.70    -1.79    -0.06  -353.10     -3.60      0.20    4.71     59131.0
 2024 07 10 18 28 00 000    3.82    -1.41     0.32  -353.90      1.20    -10.20    4.75     56271.0
 2024 07 10 18 29 00 000    3.98    -1.18    -0.01  -360.00     -6.40      2.00    4.91     72472.0
 2024 07 10 18 30 00 000    3.85    -1.12    -0.33  -354.90      4.70     -9.60    5.34     97201.0
 2024 07 10 18 31 00 000    3.36    -2.36     0.95  -355.70     10.60     -7.80    6.31    151018.0
 2024 07 10 18 32 00 000    3.61    -2.05     0.65  -355.70     10.60     -7.80    6.31    151018.0
 2024 07 10 18 33 00 000    3.50    -2.08     0.88  -355.70     10.60     -7.80    6.31    151018.0
 2024 07 10 18 34 00 000    3.50    -2.08     0.88  -355.70     10.60     -7.80    6.31    151018.0
 2024 07 10 18 35 00 000    3.20    -2.50     1.17  -355.70     10.60     -7.80    6.31    151018.0
 2024 07 10 18 36 00 000    3.13    -2.30     1.61  -355.70     10.60     -7.80    6.31    151018.0
 2024 07 10 18 37 00 000    3.15    -2.17     1.70  -355.70     10.60     -7.80    6.31    151018.0
 2024 07 10 18 38 00 000    3.53    -2.24     0.85  -355.70     10.60     -7.80    6.31    151018.0
 2024 07 10 18 39 00 000    4.16    -1.17     0.38  -355.70     10.60     -7.80    6.31    151018.0
 2024 07 10 18 40 00 000    4.16    -1.17     0.38  -355.70     10.60     -7.80    6.31    151018.0
 2024 07 10 18 41 00 000    4.12    -0.09    -0.77  -355.70     10.60     -7.80    6.31    151018.0
 2024 07 10 18 42 00 000    3.89     0.35    -1.42  -355.70     10.60     -7.80    6.31    151018.0
 2024 07 10 18 43 00 000    4.06    -0.07    -0.97  -355.70     10.60     -7.80    6.31    151018.0
 2024 07 10 18 44 00 000    4.12    -0.87    -0.65  -355.70     10.60     -7.80    6.31    151018.0
 2024 07 10 18 45 00 000    4.08    -0.84    -0.72  -355.00      7.60     -7.70    5.79    105304.0
 2024 07 10 18 46 00 000    4.13    -0.37    -0.40  -355.00      7.60     -7.70    5.79    105304.0
 2024 07 10 18 47 00 000    4.05    -0.62     0.76  -352.30      7.80     12.00    5.25     82959.0
 2024 07 10 18 48 00 000    3.95    -0.88     1.12  -352.30      7.80     12.00    5.25     82959.0
 2024 07 10 18 49 00 000    3.54    -0.22     1.95  -352.30      7.80     12.00    5.25     82959.0
 2024 07 10 18 50 00 000    3.39    -1.02     1.93  -361.20      2.30     12.40    5.04     68791.0
 2024 07 10 18 51 00 000    2.02    -2.68     2.08  -361.20      2.30     12.40    5.04     68791.0
 2024 07 10 18 52 00 000    1.79    -2.96     2.03  -361.20      2.30     12.40    5.04     68791.0
 2024 07 10 18 53 00 000    1.64    -2.79     2.35  -361.20      2.30     12.40    5.04     68791.0
 2024 07 10 18 54 00 000    1.49    -2.99     2.26  -361.20      2.30     12.40    5.04     68791.0
 2024 07 10 18 55 00 000    2.03    -3.17     1.65  -361.20      2.30     12.40    5.04     68791.0
 2024 07 10 18 56 00 000    2.20    -2.93     1.85  -361.20      2.30     12.40    5.04     68791.0
 2024 07 10 18 57 00 000    2.27    -2.88     1.85  -361.20      2.30     12.40    5.04     68791.0
 2024 07 10 18 58 00 000    1.67    -3.35     1.70  -361.20      2.30     12.40    5.04     68791.0
 2024 07 10 18 59 00 000    1.71    -3.30     1.73  -361.20      2.30     12.40    5.04     68791.0
 2024 07 10 19 00 00 000    1.41    -3.34     1.85  -361.20      2.30     12.40    5.04     68791.0
 2024 07 10 19 01 00 000    1.14    -3.54     1.75  -361.20      2.30     12.40    5.04     68791.0
 2024 07 10 19 02 00 000    0.73    -3.67     1.68  -361.20      2.30     12.40    5.04     68791.0
 2024 07 10 19 03 00 000    2.08    -2.67    -1.20  -371.70     -0.70    -30.00    5.06     56946.0
 2024 07 10 19 04 00 000    2.94    -0.96    -0.45  -367.00      4.80    -17.20    5.15     73503.0
 2024 07 10 19 05 00 000    3.41    -1.05     0.36  -363.90      8.00     -7.70    5.20     85579.0
 2024 07 10 19 06 00 000    3.22    -1.53     0.53  -363.90      8.00     -7.70    5.20     85579.0
 2024 07 10 19 07 00 000    3.30    -1.88     0.29  -363.90      8.00     -7.70    5.20     85579.0
 2024 07 10 19 08 00 000    3.36    -1.90     0.08  -363.90      8.00     -7.70    5.20     85579.0
 2024 07 10 19 09 00 000    3.33    -1.65     0.18  -363.90      8.00     -7.70    5.20     85579.0
 2024 07 10 19 10 00 000    3.18    -2.07    -0.13  -352.20      9.30     16.20    4.89     65685.0
 2024 07 10 19 11 00 000    3.00    -2.48    -0.49  -352.20      9.30     16.20    4.89     65685.0
 2024 07 10 19 12 00 000    2.92    -2.48    -0.24  -353.90      8.70     11.10    5.06     53306.0
 2024 07 10 19 13 00 000    3.32    -1.87    -0.73  -354.40      5.30      1.90    4.96     53894.0
 2024 07 10 19 14 00 000    3.58    -1.46    -0.68  -355.30     -0.30    -20.00    4.62     55517.0
 2024 07 10 19 15 00 000    3.43    -2.00    -1.60  -351.70     12.70     -1.20    4.87     60822.0
 2024 07 10 19 16 00 000    3.12    -2.73    -1.15  -352.20     -1.60    -20.40    5.11     73669.0
 2024 07 10 19 17 00 000    3.77    -1.09    -1.86  -352.20     -1.60    -20.40    5.11     73669.0
 2024 07 10 19 18 00 000    3.85    -1.67    -1.39  -353.30     -7.30    -30.10    4.66     62262.0
 2024 07 10 19 19 00 000    3.95    -1.57    -1.13  -353.30     -7.30    -30.10    4.66     62262.0
 2024 07 10 19 20 00 000    3.75    -2.02    -0.93  -354.90    -17.30    -24.90    4.63     62223.0
 2024 07 10 19 21 00 000    3.82    -2.10    -0.99  -354.90    -17.30    -24.90    4.63     62223.0
 2024 07 10 19 22 00 000    3.89    -1.99    -1.05  -350.60    -11.40    -14.10    4.42     58971.0
 2024 07 10 19 23 00 000    4.07    -1.73    -0.73  -350.60    -11.40    -14.10    4.42     58969.0
 2024 07 10 19 25 00 000    4.06    -1.85    -0.35  -350.60    -11.40    -14.10    4.42     58969.0
 2024 07 10 19 26 00 000    4.07    -1.86    -0.42  -350.60    -11.40    -14.10    4.42     58969.0
 2024 07 10 19 28 00 000    3.87    -2.09    -0.00  -350.60    -11.40    -14.10    4.42     58969.0
 2024 07 10 19 29 00 000    4.01    -1.90    -0.18  -350.60    -11.40    -14.10    4.42     58969.0
 2024 07 10 19 30 00 000    4.01    -1.90    -0.18  -350.60    -11.40    -14.10    4.42     58969.0
 2024 07 10 19 31 00 000    4.09    -1.67    -0.28  -348.60     -7.60     -9.40    4.30     45520.0
 2024 07 10 19 32 00 000    0.12    -2.48     1.04  -348.60     -7.60     -9.40    4.30     45520.0
 2024 07 10 19 33 00 000   -0.67    -3.96     1.53  -348.60     -7.60     -9.40    4.30     45520.0
 2024 07 10 19 34 00 000   -0.22    -4.30     0.81  -386.00    -22.90      1.00    5.05     56525.0
 2024 07 10 19 35 00 000    0.01    -4.13     1.07  -386.40    -22.60      0.90    4.98     55192.0
 2024 07 10 19 36 00 000   -0.45    -4.26     0.60  -382.00    -16.90      4.00    5.21     58167.0
 2024 07 10 19 37 00 000   -0.21    -4.11     1.07  -385.40    -17.70      3.40    4.81     51533.0
 2024 07 10 19 38 00 000   -0.16    -4.24     0.67  -386.80    -17.90      2.80    4.69     49404.0
 2024 07 10 19 39 00 000   -0.01    -4.15     0.81  -384.40    -15.80      4.30    4.65     47798.0
 2024 07 10 19 40 00 000   -0.35    -4.12     0.87  -383.00    -15.80      5.90    4.49     45235.0
 2024 07 10 19 41 00 000   -0.55    -4.17     0.49  -383.00    -15.80      5.90    4.49     45235.0
 2024 07 10 19 42 00 000    0.43    -4.21     0.12  -383.00    -15.80      5.90    4.49     45235.0
 2024 07 10 19 43 00 000    0.71    -4.06    -0.75  -383.00    -15.80      5.90    4.49     45235.0
 2024 07 10 19 44 00 000    1.28    -4.06     0.34  -383.00    -15.80      5.90    4.49     45235.0
 2024 07 10 19 45 00 000    1.44    -4.00     0.07  -383.00    -15.80      5.90    4.49     45235.0
 2024 07 10 19 46 00 000    1.13    -4.16    -0.01  -383.00    -15.80      5.90    4.49     45235.0
 2024 07 10 19 47 00 000    0.68    -4.30    -0.05  -380.40    -16.70     -5.10    5.05     59271.0
 2024 07 10 19 48 00 000    0.51    -4.25    -0.24  -380.40    -16.70     -5.10    5.05     59271.0
 2024 07 10 19 49 00 000    0.65    -4.10    -0.13  -380.40    -16.70     -5.10    5.05     59271.0
 2024 07 10 19 50 00 000    0.81    -4.20    -0.21  -380.40    -16.70     -5.10    5.05     59271.0
 2024 07 10 19 51 00 000    0.24    -4.26    -0.02  -380.90    -19.20      0.30    5.31     58253.0
 2024 07 10 19 52 00 000    0.99    -4.19     0.38  -380.90    -19.20      0.30    5.31     58253.0
 2024 07 10 19 53 00 000    1.48    -4.10     0.27  -380.90    -19.20      0.30    5.31     58253.0
 2024 07 10 19 54 00 000    0.92    -4.04     0.46  -377.70    -15.70     -0.20    4.98     54012.0
 2024 07 10 19 55 00 000    0.85    -4.11     0.66  -379.10    -16.20     -0.30    5.16     54942.0
 2024 07 10 19 56 00 000    0.76    -4.10     0.25  -382.40    -17.30     -0.40    5.61     57169.0
 2024 07 10 19 57 00 000    0.69    -4.15     0.14  -382.40    -17.30     -0.40    5.61     57169.0
 2024 07 10 19 58 00 000    0.63    -4.19     0.06  -382.40    -17.30     -0.40    5.61     57169.0
 2024 07 10 19 59 00 000    0.23    -4.14     0.50  -384.10    -15.00      2.60    4.85     46757.0
 2024 07 10 20 00 00 000    0.79    -4.02     0.73  -382.20    -13.30      0.50    4.69     46440.0
 2024 07 10 20 01 00 000    0.01    -4.11     0.47  -381.30    -20.70      5.20    5.46     65065.0
 2024 07 10 20 02 00 000    0.31    -4.18     0.36  -386.70    -21.50      4.50    5.21     58661.0
 2024 07 10 20 03 00 000    0.00    -4.15     0.38  -389.60    -20.30      2.30    4.77     52442.0
 2024 07 10 20 04 00 000    1.74    -3.94     0.07  -382.00    -17.70     -2.10    4.78     58005.0
 2024 07 10 20 05 00 000    2.21    -3.68    -0.18  -382.00    -17.70     -2.10    4.78     58005.0
 2024 07 10 20 07 00 000    2.63    -3.35    -0.64  -369.80    -26.60     -2.20    4.98     79150.0
 2024 07 10 20 08 00 000    2.80    -3.15    -1.24  -369.30    -24.70     -3.30    5.05     81378.0
 2024 07 10 20 09 00 000    2.51    -3.35    -1.05  -368.60    -13.20     -8.40    5.21     88463.0
 2024 07 10 20 10 00 000    2.73    -3.04    -1.29  -370.80    -11.00     -4.50    5.01     83997.0
 2024 07 10 20 11 00 000    2.56    -3.24    -0.06  -370.80    -16.20      4.00    5.24     86905.0
 2024 07 10 20 12 00 000    2.45    -3.47    -0.81  -367.60    -12.10     -9.70    5.00     85760.0
 2024 07 10 20 13 00 000    2.09    -3.68    -1.35  -368.90    -12.10    -10.40    4.91     82114.0
 2024 07 10 20 14 00 000    3.14    -1.53    -2.13  -363.40     -0.60    -22.40    4.66     64156.0
 2024 07 10 20 15 00 000    3.21    -1.60    -2.29  -356.10      9.80    -32.00    4.59     54886.0
 2024 07 10 20 16 00 000    3.46    -1.83    -2.21  -367.70    -10.70    -15.80    4.68     70317.0
 2024 07 10 20 17 00 000    3.59    -1.82    -2.19  -364.20    -10.60    -20.90    5.04     84551.0
 2024 07 10 20 18 00 000    3.61    -1.76    -2.25  -364.20    -10.60    -20.90    5.04     84551.0
 2024 07 10 20 19 00 000    3.59    -2.17    -1.88  -358.90    -12.90    -16.70    5.60     91926.0
 2024 07 10 20 20 00 000    3.43    -2.55    -1.65  -358.90    -12.90    -16.70    5.60     91926.0
 2024 07 10 20 21 00 000    3.13    -2.75    -1.94  -358.90    -12.90    -16.70    5.60     91926.0
 2024 07 10 20 22 00 000    3.09    -2.58    -2.06  -358.90    -12.90    -16.70    5.60     91926.0
 2024 07 10 20 23 00 000    3.73    -2.12    -1.68  -357.50    -12.20    -20.00    5.34     80579.0
 2024 07 10 20 24 00 000    3.41    -2.43    -1.74  -358.00    -11.30    -17.40    5.12     71689.0
 2024 07 10 20 25 00 000    2.49    -3.13    -2.45  -365.60     -8.00    -16.40    5.30     79089.0
 2024 07 10 20 26 00 000    2.78    -3.08    -2.17  -367.20     -7.40    -16.60    5.38     82288.0
 2024 07 10 20 27 00 000    3.09    -3.21    -1.51  -367.20     -7.40    -16.60    5.38     82288.0
 2024 07 10 20 28 00 000    2.87    -2.96    -2.04  -370.10    -10.30    -20.10    4.58     56428.0
 2024 07 10 20 29 00 000    2.57    -3.35    -1.61  -369.30     -8.70    -18.10    4.65     60556.0
 2024 07 10 20 30 00 000    2.93    -3.02    -1.89  -368.40     -7.00    -16.10    4.71     64830.0
 2024 07 10 20 31 00 000    2.89    -3.04    -1.75  -369.50     -8.70    -16.40    5.34     74409.0
 2024 07 10 20 32 00 000    2.32    -3.32    -2.06  -371.20    -10.80    -16.50    5.16     77259.0
 2024 07 10 20 33 00 000    2.20    -3.35    -1.82  -368.50    -17.00    -11.10    4.77     71906.0
 2024 07 10 20 34 00 000    3.09    -2.62    -1.61  -367.00    -18.60     -8.30    4.83     70763.0
 2024 07 10 20 35 00 000    3.12    -1.74    -2.35  -367.00    -18.60     -8.30    4.83     70763.0
 2024 07 10 20 36 00 000    3.32    -0.65    -3.12  -367.00    -18.60     -8.30    4.83     70763.0
 2024 07 10 20 37 00 000    3.13    -0.83    -3.28  -361.50      0.60    -25.30    4.96     62924.0
 2024 07 10 20 38 00 000    2.91    -0.05    -3.58  -363.40     -0.10    -27.40    4.88     62723.0
 2024 07 10 20 39 00 000    2.76     0.55    -3.54  -364.10     -0.40    -28.10    4.85     62651.0
 2024 07 10 20 40 00 000    3.29    -1.94    -2.79  -363.70     -6.90    -24.20    4.87     65446.0
 2024 07 10 20 41 00 000    3.16    -2.50    -2.54  -363.70     -6.90    -24.20    4.87     65446.0
 2024 07 10 20 42 00 000    3.24    -2.60    -2.25  -363.80    -15.20    -15.40    5.28     76073.0
 2024 07 10 20 43 00 000    2.10    -2.24    -3.15  -363.80    -15.20    -15.40    5.28     76073.0
 2024 07 10 20 44 00 000    1.15    -2.56    -3.58  -363.80    -15.20    -15.40    5.28     76073.0
 2024 07 10 20 45 00 000    1.74    -2.47    -3.56  -375.90     -9.70    -23.40    4.93     65685.0
 2024 07 10 20 46 00 000    2.29    -2.29    -3.40  -375.90     -9.70    -23.40    4.93     65685.0
 2024 07 10 20 47 00 000    2.12    -2.84    -3.11  -375.90     -9.70    -23.40    4.93     65685.0
 2024 07 10 20 48 00 000    2.34    -2.87    -2.96  -371.20    -13.20    -19.00    5.03     61450.0
 2024 07 10 20 49 00 000    2.68    -2.25    -3.18  -371.20    -13.20    -19.00    5.03     61450.0
 2024 07 10 20 50 00 000    2.51    -2.70    -2.99  -369.20    -11.70    -20.50    4.95     63903.0
 2024 07 10 20 51 00 000    2.27    -2.99    -2.93  -369.20    -11.70    -20.50    4.95     63903.0
 2024 07 10 20 52 00 000    2.09    -3.10    -2.93  -369.20    -11.70    -20.50    4.95     63903.0
 2024 07 10 20 53 00 000    2.53    -2.68    -2.91  -369.20    -11.70    -20.50    4.95     63903.0
 2024 07 10 20 54 00 000    0.38    -3.98    -1.65  -383.00    -16.70      5.70    4.62     45506.0
 2024 07 10 20 55 00 000    0.86    -3.91    -2.05  -381.80    -16.10     -1.20    4.67     43997.0
 2024 07 10 20 56 00 000    1.98    -3.18    -2.81  -381.10    -15.70     -5.50    4.69     43080.0
 2024 07 10 20 57 00 000    2.11    -2.96    -2.85  -372.60    -14.30    -19.10    4.84     67815.0
 2024 07 10 20 58 00 000    1.44    -3.36    -2.44  -372.60    -14.30    -19.10    4.84     67815.0
 2024 07 10 21 00 00 000    2.61    -2.78    -2.45  -377.50    -13.60    -14.80    4.88     52972.0
 2024 07 10 21 01 00 000    2.78    -2.70    -2.31  -377.20    -13.60    -14.80    4.89     53312.0
 2024 07 10 21 02 00 000    2.96    -2.49    -2.40  -368.20    -11.70    -17.40    4.94     63449.0
 2024 07 10 21 03 00 000    3.34    -1.53    -2.82  -366.70    -10.90    -19.30    4.82     65083.0
 2024 07 10 21 04 00 000    3.31    -1.50    -2.94  -362.30     -5.70    -24.40    4.97     71677.0
 2024 07 10 21 05 00 000    3.36    -1.53    -2.94  -361.80     -4.90    -24.70    5.09     74070.0
 2024 07 10 21 06 00 000    3.30    -1.12    -3.29  -361.80     -4.90    -24.70    5.09     73975.0
 2024 07 10 21 07 00 000    3.19    -1.11    -3.51  -364.90     -0.50    -23.80    4.88     62303.0
 2024 07 10 21 08 00 000    3.45    -0.35    -3.11  -366.30     -1.50    -25.10    5.18     66478.0
 2024 07 10 21 09 00 000    3.97     1.31    -2.20  -366.60     -1.80    -25.40    5.26     67491.0
 2024 07 10 21 10 00 000    3.70     1.22    -2.65  -361.20     10.60    -24.20    4.98     68506.0
 2024 07 10 21 11 00 000    3.73     0.62    -2.82  -361.20     10.60    -24.20    4.98     68506.0
 2024 07 10 21 12 00 000    3.24     0.62    -3.40  -361.20     10.60    -24.20    4.98     68506.0
 2024 07 10 21 13 00 000    3.66     1.01    -2.87  -367.10     12.80    -15.00    4.79     56687.0
 2024 07 10 21 14 00 000    3.59     1.46    -2.69  -367.10     12.80    -15.10    4.79     56837.0
 2024 07 10 21 15 00 000    3.22     1.41    -2.94  -366.10     15.10    -23.90    5.17     70803.0
 2024 07 10 21 16 00 000    2.37    -0.19    -2.67  -364.90     15.50    -23.60    5.28     73166.0
 2024 07 10 21 17 00 000    0.17    -3.98    -0.64  -389.60    -18.80      1.30    5.03     55265.0
 2024 07 10 21 18 00 000   -0.37    -4.19     0.36  -388.90    -18.60     -0.20    4.99     55182.0
 2024 07 10 21 19 00 000   -0.22    -4.04     0.15  -388.90    -18.60     -0.20    4.99     55182.0
 2024 07 10 21 20 00 000   -0.63    -3.91     1.26  -391.30    -17.90      5.30    5.82     56860.0
 2024 07 10 21 21 00 000   -0.70    -4.05     1.15  -391.90    -19.10      6.30    5.52     56724.0
 2024 07 10 21 22 00 000   -0.60    -3.96     1.20  -392.50    -19.20      7.60    5.26     55188.0
 2024 07 10 21 23 00 000   -0.49    -4.02     1.39  -392.00    -15.10     10.10    5.01     47027.0
 2024 07 10 21 24 00 000    0.04    -3.38     2.66  -388.90    -12.50     14.40    5.03     44605.0
 2024 07 10 21 25 00 000    0.44    -3.57     2.53  -388.90    -12.50     14.40    5.03     44605.0
 2024 07 10 21 26 00 000    0.51    -3.82     2.13  -386.10    -14.70     13.50    5.19     48625.0
 2024 07 10 21 27 00 000    0.91    -3.65     2.19  -386.10    -14.70     13.50    5.19     48625.0
 2024 07 10 21 28 00 000   -0.16    -4.13     1.21  -386.10    -14.70     13.50    5.19     48625.0
 2024 07 10 21 29 00 000   -0.75    -4.42     0.22  -394.70    -13.20      0.00    4.95     44695.0
 2024 07 10 21 30 00 000    0.23    -4.47     0.17  -394.70    -13.20      0.00    4.95     44695.0
 2024 07 10 21 31 00 000    0.84    -4.47    -0.05  -394.70    -13.20      0.00    4.95     44695.0
 2024 07 10 21 32 00 000    0.48    -4.44    -0.77  -384.00    -21.20      4.70    5.24     47848.0
 2024 07 10 21 33 00 000    0.10    -4.46    -0.87  -386.80    -22.80      1.80    5.14     45107.0
 2024 07 10 21 34 00 000    0.37    -4.39    -0.89  -387.50    -23.20      1.00    5.12     44381.0
 2024 07 10 21 35 00 000    0.78    -4.43    -0.29  -386.70    -19.90     -0.80    5.06     44235.0
 2024 07 10 21 36 00 000    0.45    -4.46     0.05  -386.70    -19.90     -0.80    5.06     44235.0
 2024 07 10 21 37 00 000    0.39    -4.47    -0.79  -388.00    -21.30      3.80    5.20     52865.0
 2024 07 10 21 38 00 000    0.45    -4.31    -1.64  -388.00    -21.30      3.70    5.20     52768.0
 2024 07 10 21 39 00 000    0.13    -4.21    -1.27  -389.80    -18.60     -5.50    5.27     46318.0
 2024 07 10 21 40 00 000    0.35    -4.42    -0.51  -389.70    -25.30     -2.70    5.23     45068.0
 2024 07 10 21 41 00 000    0.23    -4.48    -1.20  -389.60    -27.80     -1.50    5.21     44727.0
 2024 07 10 21 42 00 000    0.55    -4.13    -1.89  -385.40    -25.80      0.10    5.29     53008.0
 2024 07 10 21 43 00 000    0.47    -4.05    -1.57  -385.70    -26.00     -1.10    5.48     56658.0
 2024 07 10 21 44 00 000    0.76    -3.77    -2.44  -386.80    -26.80     -6.70    6.33     73010.0
 2024 07 10 21 45 00 000    1.16    -3.17    -2.95  -384.90    -22.30    -12.60    5.90     66240.0
 2024 07 10 21 46 00 000    1.41    -2.31    -3.76  -380.20    -11.10    -27.20    4.80     48831.0
 2024 07 10 21 47 00 000    0.90     0.06    -4.56  -384.40      0.20    -23.70    5.34     56725.0
 2024 07 10 21 48 00 000    1.23    -3.12    -1.73  -386.10      4.60    -22.40    5.54     59803.0
 2024 07 10 21 49 00 000    0.78    -4.55     0.42  -381.40    -21.90     -0.40    4.85     45355.0
 2024 07 10 21 50 00 000    1.05    -4.42    -0.47  -381.50    -21.40      2.70    4.75     44061.0
 2024 07 10 21 51 00 000    1.05    -4.57    -0.53  -381.70    -20.00     12.30    4.46     39991.0
 2024 07 10 21 52 00 000    1.29    -4.49     0.22  -381.70    -20.00     12.30    4.46     39991.0
 2024 07 10 21 53 00 000    1.10    -4.48     0.27  -382.50    -23.40      7.10    5.24     56909.0
 2024 07 10 21 54 00 000    1.32    -4.45    -0.41  -382.50    -23.40      7.10    5.24     56909.0
 2024 07 10 21 55 00 000    1.32    -4.15    -1.70  -382.50    -23.40      7.10    5.24     56909.0
 2024 07 10 21 56 00 000    1.87    -4.13    -1.28  -382.50    -23.40      7.10    5.24     56909.0
 2024 07 10 21 57 00 000    1.96    -3.95    -1.69  -378.90    -24.30     -5.00    5.03     49972.0
 2024 07 10 21 58 00 000    1.99    -4.01    -1.53  -378.90    -24.30     -5.00    5.03     49972.0
 2024 07 10 21 59 00 000    1.76    -4.04    -1.43  -378.90    -24.30     -5.00    5.03     49972.0
 2024 07 10 22 00 00 000    2.45    -3.88    -0.23  -378.90    -24.30     -5.00    5.03     49972.0
 2024 07 10 22 01 00 000    2.40    -3.84    -1.03  -373.90    -20.90      1.70    4.93     54051.0
 2024 07 10 22 02 00 000    2.71    -3.16    -2.07  -373.70    -21.00      1.40    4.96     54916.0
 2024 07 10 22 03 00 000    3.04    -1.62    -3.13  -370.50    -16.00     -8.30    5.45     69535.0
 2024 07 10 22 04 00 000    2.47    -1.41    -3.80  -372.20     -8.20    -15.00    5.51     73031.0
 2024 07 10 22 05 00 000    2.26    -0.69    -4.14  -379.40     -7.80    -10.70    5.27     69979.0
 2024 07 10 22 06 00 000    1.98    -0.80    -3.75  -375.60     -1.00    -13.30    5.54     70732.0
 2024 07 10 22 07 00 000    0.40    -4.17    -1.24  -377.60     -4.90    -11.40    5.41     65660.0
 2024 07 10 22 08 00 000    0.45    -3.84    -2.03  -386.60    -22.00     -3.30    4.86     47711.0
 2024 07 10 22 09 00 000    0.88    -3.63    -2.24  -382.90    -22.10     -8.20    4.79     56916.0
 2024 07 10 22 10 00 000    1.27    -3.01    -2.85  -382.90    -22.10     -8.20    4.79     56946.0
 2024 07 10 22 11 00 000    2.00    -1.45    -3.51  -381.10    -16.60    -12.40    4.68     58837.0
 2024 07 10 22 12 00 000    2.15     0.98    -3.86  -381.10    -16.50    -12.40    4.68     58855.0
 2024 07 10 22 13 00 000    2.06     1.58    -3.71  -375.70      6.00    -16.30    4.67     56243.0
 2024 07 10 22 14 00 000    3.24    -0.79    -2.95  -375.70      6.00    -16.30    4.67     56243.0
 2024 07 10 22 15 00 000    3.06     0.02    -3.36  -370.20     -0.60    -19.30    5.18     63354.0
 2024 07 10 22 16 00 000    3.03    -0.09    -3.39  -370.20     -0.60    -19.30    5.18     63354.0
 2024 07 10 22 17 00 000    3.08     0.08    -3.24  -368.20      3.80    -19.90    5.34     65009.0
 2024 07 10 22 18 00 000    2.46    -2.98    -1.84  -368.20      3.80    -19.90    5.34     65009.0
 2024 07 10 22 19 00 000    1.88    -3.24    -2.16  -378.20    -19.40    -11.60    5.00     58591.0
 2024 07 10 22 20 00 000    1.60    -3.52    -1.98  -378.20    -19.40    -11.60    5.00     58591.0
 2024 07 10 22 21 00 000    1.16    -3.94    -1.66  -379.20    -19.80     -7.80    4.94     51395.0
 2024 07 10 22 22 00 000    1.43    -3.86    -1.61  -379.30    -19.80     -7.30    4.93     50390.0
 2024 07 10 22 23 00 000    1.31    -3.90    -1.64  -380.20    -20.90     -8.20    4.98     50320.0
 2024 07 10 22 24 00 000    1.39    -3.86    -1.52  -380.60    -21.40     -8.70    5.01     50286.0
 2024 07 10 22 25 00 000    1.44    -3.91    -1.40  -380.60    -21.40     -8.70    5.01     50286.0
 2024 07 10 22 26 00 000    1.00    -4.01    -0.12  -380.60    -21.40     -8.70    5.01     50286.0
 2024 07 10 22 27 00 000    1.00    -3.72    -1.19  -382.90    -24.80      4.80    5.23     64850.0
 2024 07 10 22 28 00 000    2.50    -2.77    -2.16  -378.90    -19.40     -3.30    4.88     58735.0
 2024 07 10 22 29 00 000    2.47    -2.82    -2.19  -372.70    -15.30    -15.60    4.89     63103.0
 2024 07 10 22 30 00 000    2.45    -2.92    -2.17  -370.90    -15.20    -19.20    5.03     67937.0
 2024 07 10 22 31 00 000    2.19    -3.18    -1.96  -373.20    -20.20    -10.80    5.32     68750.0
 2024 07 10 22 32 00 000    1.87    -3.29    -2.00  -375.70    -20.70     -8.90    5.11     61836.0
 2024 07 10 22 33 00 000    1.98    -3.48    -2.02  -376.30    -21.20     -9.40    4.76     54663.0
 2024 07 10 22 34 00 000    1.72    -3.65    -1.54  -375.30    -21.90    -10.20    4.76     55107.0
 2024 07 10 22 35 00 000    2.19    -3.60    -1.63  -379.60    -23.70     -3.00    4.87     54051.0
 2024 07 10 22 36 00 000    2.16    -3.63    -1.77  -375.40    -21.90     -6.90    4.88     63891.0
 2024 07 10 22 37 00 000    2.38    -3.02    -2.29  -374.60    -21.20     -8.50    4.93     65679.0
 2024 07 10 22 38 00 000    1.73    -3.34    -2.42  -376.50    -20.70    -10.20    5.07     62838.0
 2024 07 10 22 39 00 000    1.70    -2.62    -3.35  -377.40    -22.20    -10.60    4.81     57429.0
 2024 07 10 22 40 00 000    2.06    -3.33    -2.42  -375.90    -22.30     -7.40    5.03     62146.0
 2024 07 10 22 41 00 000    1.74    -3.18    -2.96  -376.30    -21.50     -9.60    4.96     59163.0
 2024 07 10 22 42 00 000    1.81    -4.04    -1.39  -378.10    -18.20    -19.00    4.69     46421.0
 2024 07 10 22 43 00 000    1.95    -3.92    -1.39  -376.40    -22.10     -5.50    4.73     48389.0
 2024 07 10 22 44 00 000    2.23    -3.59    -1.48  -376.20    -22.60     -3.90    4.74     48625.0
 2024 07 10 22 45 00 000    1.67    -1.97    -3.70  -376.20    -22.60     -3.90    4.74     48625.0
 2024 07 10 22 46 00 000    1.13    -1.76    -4.26  -383.00    -12.60    -23.80    4.96     55765.0
 2024 07 10 22 47 00 000    1.24    -2.24    -3.97  -383.00    -12.60    -23.80    4.96     55765.0
 2024 07 10 22 48 00 000    1.16    -2.08    -4.10  -381.10    -11.00    -20.70    5.14     56317.0
 2024 07 10 22 49 00 000    1.47    -1.74    -4.16  -381.10    -11.00    -20.70    5.14     56317.0
 2024 07 10 22 50 00 000    1.50    -1.89    -4.06  -376.90    -11.90    -24.50    4.60     48694.0
 2024 07 10 22 51 00 000    1.19    -1.68    -4.28  -376.90    -11.90    -24.50    4.60     48694.0
 2024 07 10 22 52 00 000    1.49    -1.36    -4.32  -376.90    -11.90    -24.50    4.60     48694.0
 2024 07 10 22 53 00 000    0.86    -1.40    -4.47  -381.10     -8.70    -27.30    5.22     56243.0
 2024 07 10 22 54 00 000    0.66    -1.59    -4.41  -381.20     -8.80    -27.00    5.23     56187.0
 2024 07 10 22 55 00 000    0.33    -1.69    -4.43  -385.20    -11.40    -16.50    5.57     54377.0
 2024 07 10 22 56 00 000    1.48    -1.56    -4.17  -385.20    -11.40    -16.50    5.57     54377.0
 2024 07 10 22 57 00 000    1.54    -2.31    -3.83  -385.20    -11.40    -16.50    5.57     54377.0
 2024 07 10 22 58 00 000    1.24    -1.90    -4.17  -378.30    -13.20    -20.60    5.06     52972.0
 2024 07 10 22 59 00 000    1.28    -1.82    -4.20  -378.30    -13.20    -20.60    5.06     52972.0
 2024 07 10 23 00 00 000    1.05    -1.28    -4.46  -378.30    -13.20    -20.60    5.06     52972.0
 2024 07 10 23 01 00 000    1.31    -1.36    -4.30  -380.80    -10.40    -16.40    5.01     61257.0
 2024 07 10 23 02 00 000    1.27    -1.25    -4.31  -380.60     -9.30    -17.90    4.99     59525.0
 2024 07 10 23 03 00 000    0.72    -1.21    -4.47  -379.60     -2.20    -27.70    4.89     48217.0
 2024 07 10 23 04 00 000    0.81    -1.60    -4.37  -381.80     -0.00    -24.70    5.08     49003.0
 2024 07 10 23 05 00 000    0.18    -2.36    -4.06  -385.00     -7.70    -21.80    5.02     46807.0
 2024 07 10 23 06 00 000    0.23    -2.08    -4.23  -388.20    -15.60    -18.90    4.94     44530.0
 2024 07 10 23 07 00 000    0.00    -2.16    -4.19  -388.20    -15.60    -18.90    4.94     44530.0
 2024 07 10 23 08 00 000    0.31    -2.35    -4.03  -388.20    -15.60    -18.90    4.94     44530.0
 2024 07 10 23 09 00 000    0.29    -2.41    -4.02  -385.90    -15.50    -20.20    4.91     44727.0
 2024 07 10 23 10 00 000    0.42    -2.70    -3.76  -385.90    -15.50    -20.20    4.91     44727.0
 2024 07 10 23 11 00 000    0.36    -2.92    -3.61  -385.90    -15.50    -20.20    4.91     44727.0
 2024 07 10 23 12 00 000    0.58    -2.85    -3.65  -385.90    -15.50    -20.20    4.91     44727.0
 2024 07 10 23 13 00 000    0.06    -3.24    -3.30  -385.90    -15.50    -20.20    4.91     44727.0
 2024 07 10 23 14 00 000    0.16    -3.30    -3.25  -385.90    -15.50    -20.20    4.91     44727.0
 2024 07 10 23 15 00 000    2.08    -1.95    -3.51  -383.10    -12.00    -10.30    5.41     61369.0
 2024 07 10 23 16 00 000    1.25    -2.19    -3.74  -384.70    -18.60     -9.00    5.15     52861.0
 2024 07 10 23 17 00 000    0.95    -2.19    -3.93  -377.60    -11.40    -18.30    5.09     55734.0
 2024 07 10 23 18 00 000    0.57    -1.59    -4.15  -380.60    -14.70    -19.60    5.02     51716.0
 2024 07 10 23 19 00 000    1.27    -0.31    -4.44  -380.60    -14.70    -19.60    5.02     51716.0
 2024 07 10 23 20 00 000    1.32     0.45    -4.69  -377.80     -0.60    -24.30    4.81     51021.0
 2024 07 10 23 21 00 000    1.39     0.69    -4.62  -377.80     -0.60    -24.30    4.81     51021.0
 2024 07 10 23 22 00 000    1.77    -0.13    -4.42  -376.60     -2.50    -22.70    4.59     44301.0
 2024 07 10 23 23 00 000    1.62     0.16    -4.53  -376.60     -2.50    -22.70    4.59     44301.0
 2024 07 10 23 24 00 000    1.55    -0.05    -4.51  -376.60     -2.50    -22.70    4.59     44301.0
 2024 07 10 23 25 00 000    1.70    -0.18    -4.46  -376.10     -4.40    -18.50    4.87     63119.0
 2024 07 10 23 26 00 000    1.31    -0.13    -4.60  -376.10     -4.40    -18.50    4.87     63119.0
 2024 07 10 23 27 00 000    0.89    -0.13    -4.66  -376.30     -4.70    -24.70    4.38     46651.0
 2024 07 10 23 28 00 000    0.85     0.23    -4.73  -380.30     -4.80    -22.90    4.37     43604.0
 2024 07 10 23 29 00 000    1.09     0.13    -4.71  -382.80     -4.90    -21.80    4.36     41752.0
 2024 07 10 23 30 00 000    1.16     0.45    -4.68  -382.80     -4.90    -21.80    4.36     41752.0
 2024 07 10 23 31 00 000    1.14     0.93    -4.61  -382.80     -4.90    -21.80    4.36     41752.0
 2024 07 10 23 32 00 000    1.32     0.89    -4.57  -376.80      0.80    -24.40    4.70     51443.0
 2024 07 10 23 33 00 000    0.70     1.07    -4.57  -377.80      1.60    -25.00    4.56     48658.0
 2024 07 10 23 34 00 000    1.00     1.53    -4.41  -379.60      3.00    -26.00    4.29     43744.0
 2024 07 10 23 35 00 000    1.58     0.63    -4.14  -373.50      0.10    -25.70    4.67     47357.0
 2024 07 10 23 36 00 000    1.25     0.72    -4.34  -379.30      8.20    -22.70    4.44     47529.0
 2024 07 10 23 37 00 000    1.56    -0.22    -4.44  -375.70     -0.40    -19.00    4.66     52895.0
 2024 07 10 23 38 00 000    1.32    -0.02    -4.34  -374.90     -2.00    -18.70    4.69     53582.0
 2024 07 10 23 39 00 000    1.96    -0.75    -3.89  -374.90     -2.00    -18.70    4.69     53582.0
 2024 07 10 23 40 00 000    2.59    -0.76    -3.26  -374.90     -2.00    -18.70    4.69     53582.0
 2024 07 10 23 41 00 000    3.28    -2.26    -1.28  -374.90     -2.00    -18.70    4.69     53582.0
 2024 07 10 23 42 00 000    2.48    -1.52    -2.80  -374.90     -2.00    -18.70    4.69     53582.0
 2024 07 10 23 43 00 000    1.99    -0.10    -3.73  -374.90     -2.00    -18.70    4.69     53582.0
 2024 07 10 23 44 00 000    1.32    -1.94    -3.66  -376.00    -22.30    -15.10    5.23     54160.0
 2024 07 10 23 45 00 000    1.67    -1.61    -3.50  -376.00    -22.30    -15.10    5.23     54160.0
 2024 07 10 23 46 00 000    1.50    -0.78    -3.35  -376.00    -22.30    -15.10    5.23     54160.0
 2024 07 10 23 47 00 000    2.65    -1.13    -2.51  -362.00     -2.30    -11.40    5.10     54777.0
 2024 07 10 23 48 00 000    2.65    -1.89    -2.30  -362.00     -2.30    -11.40    5.10     54777.0
 2024 07 10 23 49 00 000    1.70    -1.92    -3.10  -378.80     -8.70    -23.90    4.45     46867.0
 2024 07 10 23 50 00 000    0.77    -1.90    -3.74  -380.80    -11.40    -21.50    4.67     48416.0
 2024 07 10 23 51 00 000    1.27    -2.19    -3.54  -384.00    -13.80    -21.50    4.50     50064.0
 2024 07 10 23 52 00 000    1.09    -2.35    -3.86  -384.00    -13.80    -21.50    4.50     50064.0
 2024 07 10 23 53 00 000    0.11    -1.94    -4.23  -379.30    -13.20    -19.50    5.41     59388.0
 2024 07 10 23 54 00 000   -0.40    -0.63    -4.61  -383.30    -12.40    -23.00    5.08     55595.0
 2024 07 10 23 55 00 000   -0.04    -1.49    -4.48  -385.60    -11.50    -26.30    4.84     49698.0
 2024 07 10 23 56 00 000   -0.14    -1.45    -4.51  -385.40    -11.30    -27.10    4.81     47229.0
 2024 07 10 23 57 00 000    0.19    -1.15    -4.59  -384.40    -14.20    -23.50    4.38     47933.0
 2024 07 10 23 58 00 000    0.41     0.41    -4.63  -384.40    -14.20    -23.50    4.38     47942.0
 2024 07 10 23 59 00 000    0.39     1.15    -4.48  -384.40    -14.20    -23.50    4.38     47942.0
 2024 07 11 00 00 00 000   -0.15     0.97    -4.57  -384.40    -14.20    -23.50    4.38     47942.0
 2024 07 11 00 01 00 000   -0.13     0.20    -4.55  -384.40    -14.20    -23.50    4.38     47942.0
 2024 07 11 00 02 00 000    0.86    -0.42    -3.14  -390.30     13.80    -23.30    4.67     50460.0
 2024 07 11 00 03 00 000    2.19    -2.65    -1.00  -383.40      2.10    -13.80    4.73     56972.0
 2024 07 11 00 04 00 000    2.62    -3.35    -1.37  -370.70    -19.30      3.60    4.87     68911.0
 2024 07 11 00 05 00 000    2.50    -3.30    -1.65  -367.30    -26.50     -5.80    5.21     68832.0
 2024 07 11 00 06 00 000    2.31    -3.27    -1.89  -368.60    -24.00     -8.80    4.99     64053.0
 2024 07 11 00 07 00 000    2.17    -3.07    -2.40  -371.60    -17.70    -16.40    4.43     52309.0
 2024 07 11 00 08 00 000    0.51    -2.36    -3.31  -377.10    -17.50    -15.40    4.81     53209.0
 2024 07 11 00 09 00 000    1.53    -2.99    -2.58  -375.30    -16.90    -19.80    4.69     47050.0
 2024 07 11 00 10 00 000    1.61    -3.00    -2.88  -372.50    -15.50    -15.60    4.71     49956.0
 2024 07 11 00 11 00 000    1.94    -3.30    -2.51  -373.10    -21.30    -14.70    4.53     50771.0
 2024 07 11 00 12 00 000    1.87    -3.06    -2.72  -372.80    -23.10    -15.20    4.46     50565.0
 2024 07 11 00 13 00 000    1.91    -2.67    -3.07  -372.80    -23.10    -15.20    4.46     50565.0
 2024 07 11 00 14 00 000    2.01    -2.36    -3.28  -372.80    -23.10    -15.20    4.46     50565.0
 2024 07 11 00 15 00 000    0.97    -3.00    -3.05  -372.80    -23.10    -15.20    4.46     50565.0
 2024 07 11 00 16 00 000    2.28    -2.83    -2.63  -381.80    -17.00    -15.50    5.20     43876.0
 2024 07 11 00 17 00 000    3.01    -2.99    -1.85  -381.80    -17.00    -15.50    5.20     43876.0
 2024 07 11 00 18 00 000    2.68    -3.30    -1.58  -381.80    -17.00    -15.50    5.20     43876.0
 2024 07 11 00 19 00 000    2.63    -3.28    -1.63  -381.80    -17.00    -15.50    5.20     43876.0
 2024 07 11 00 20 00 000    2.71    -3.00    -1.98  -381.80    -17.00    -15.50    5.20     43876.0
 2024 07 11 00 21 00 000    2.84    -2.93    -2.00  -381.80    -17.00    -15.50    5.20     43876.0
 2024 07 11 00 22 00 000    3.19    -2.61    -1.86  -368.40    -10.80    -17.30    4.33     43778.0
 2024 07 11 00 23 00 000    3.07    -2.58    -2.06  -368.40    -10.80    -17.30    4.33     43778.0
 2024 07 11 00 24 00 000    2.85    -2.64    -2.19  -368.40    -10.80    -17.30    4.33     43778.0
 2024 07 11 00 25 00 000    2.53    -2.76    -2.46  -368.40    -10.80    -17.30    4.33     43778.0
 2024 07 11 00 26 00 000    3.08    -2.35    -2.06  -368.40    -10.80    -17.30    4.33     43778.0
 2024 07 11 00 27 00 000    3.41    -2.17    -1.69  -363.80     -5.20    -15.40    5.35     60451.0
 2024 07 11 00 28 00 000    2.73    -2.47    -2.25  -368.00    -13.20    -10.80    5.21     63048.0
 2024 07 11 00 29 00 000    2.28    -2.80    -2.04  -369.60    -12.60    -12.70    5.28     66292.0
 2024 07 11 00 30 00 000    2.05    -3.04    -1.73  -374.50    -18.30     -3.20    4.79     55593.0
 2024 07 11 00 31 00 000    2.19    -3.34    -1.80  -374.40    -17.40      0.50    4.85     53063.0
 2024 07 11 00 32 00 000    1.84    -2.74    -2.72  -376.90    -15.00    -13.10    5.40     55888.0
 2024 07 11 00 33 00 000    1.79    -1.75    -3.53  -377.10    -14.90    -14.80    5.44     56465.0
 2024 07 11 00 34 00 000    1.99    -1.97    -2.99  -375.70     -6.30    -21.80    5.09     56465.0
 2024 07 11 00 35 00 000    2.41    -3.38    -0.30  -375.60     -6.90    -21.10    5.09     56524.0
 2024 07 11 00 36 00 000    2.33    -3.61    -0.36  -373.20    -17.60     -9.60    5.04     57536.0
 2024 07 11 00 37 00 000    2.23    -3.80    -0.43  -373.80    -16.70     -7.70    4.95     52620.0
 2024 07 11 00 38 00 000    2.22    -3.79    -0.33  -374.60    -15.50     -5.30    4.82     46354.0
 2024 07 11 00 39 00 000    3.08    -3.16     0.29  -372.00    -19.20     -5.80    4.92     54358.0
 2024 07 11 00 40 00 000    3.26    -2.97     0.52  -370.90    -20.80     -6.00    4.96     57916.0
 2024 07 11 00 41 00 000    3.11    -3.10     0.80  -370.90    -20.80     -6.00    4.96     57916.0
 2024 07 11 00 42 00 000    2.55    -3.41     0.35  -369.90    -12.60    -10.20    4.64     52381.0
 2024 07 11 00 43 00 000    2.88    -2.99    -0.08  -371.40    -19.50     -5.00    4.88     55812.0
 2024 07 11 00 44 00 000    3.21    -2.75    -0.50  -372.90    -26.30      0.20    5.12     59233.0
 2024 07 11 00 45 00 000    2.30    -2.73     0.06  -372.90    -26.30      0.20    5.12     59233.0
 2024 07 11 00 46 00 000    1.57    -3.72     1.72  -373.60     -9.80     -6.70    6.04     54587.0
 2024 07 11 00 47 00 000    1.78    -3.74     1.65  -374.60    -17.00     -0.30    5.38     52711.0
 2024 07 11 00 48 00 000    1.91    -3.63     1.80  -375.00    -19.70      2.10    5.12     52010.0
 2024 07 11 00 49 00 000    2.05    -3.40     1.98  -371.30    -19.50      7.10    4.85     49417.0
 2024 07 11 00 50 00 000    1.42    -3.33     2.31  -373.80    -16.80      6.60    4.73     51384.0
 2024 07 11 00 51 00 000    1.23    -3.57     1.93  -375.80    -16.00      3.20    4.39     47214.0
 2024 07 11 00 52 00 000    1.39    -3.86     1.65  -376.00    -16.50      1.90    4.31     45272.0
 2024 07 11 00 53 00 000    0.76    -3.87     1.16  -375.80    -20.10     -4.40    4.75     50260.0
 2024 07 11 00 54 00 000    1.07    -4.01    -0.27  -383.60    -16.40    -11.80    4.75     39571.0
 2024 07 11 00 55 00 000    1.07    -4.09     0.22  -385.90    -15.30    -13.90    4.75     36464.0
 2024 07 11 00 56 00 000    1.46    -4.09     0.71  -376.10    -12.90     -2.50    4.75     40240.0
 2024 07 11 00 57 00 000    1.56    -4.07     0.79  -376.10    -12.90     -2.40    4.75     40363.0
 2024 07 11 00 58 00 000    1.65    -2.73     2.65  -373.60    -11.10      6.10    4.93     52829.0
 2024 07 11 00 59 00 000    1.56    -2.21     3.16  -375.00    -15.90      3.60    5.06     48173.0
 2024 07 11 01 00 00 000    1.60    -1.73     3.59  -375.40    -17.40      2.80    5.10     46756.0
 2024 07 11 01 01 00 000    1.27    -2.23     3.36  -374.10     -7.70      8.10    5.18     45454.0
 2024 07 11 01 02 00 000    1.31    -2.58     3.00  -374.10     -7.70      8.10    5.18     45454.0
 2024 07 11 01 03 00 000    1.21    -2.83     2.80  -374.10     -7.70      8.10    5.18     45454.0
 2024 07 11 01 04 00 000    1.45    -2.70     2.79  -374.10     -7.70      8.10    5.18     45454.0
 2024 07 11 01 05 00 000    2.33    -2.58     2.44  -366.80    -14.70      6.60    5.32     62612.0
 2024 07 11 01 06 00 000    1.98    -2.91     2.40  -366.80    -14.70      6.60    5.32     62612.0
 2024 07 11 01 07 00 000    1.61    -2.46     2.98  -374.50     -5.50      8.70    5.05     47534.0
 2024 07 11 01 08 00 000    2.30    -2.47     2.49  -374.50     -5.50      8.70    5.05     47534.0
 2024 07 11 01 09 00 000    1.73    -3.02     2.27  -374.50     -5.50      8.70    5.05     47534.0
 2024 07 11 01 10 00 000    1.66    -3.35     1.87  -374.50     -5.50      8.70    5.05     47534.0
 2024 07 11 01 11 00 000    1.56    -2.79     2.56  -372.00    -10.50      3.70    4.78     51051.0
 2024 07 11 01 12 00 000    1.97    -2.67     2.46  -371.80    -12.10      3.40    4.79     52301.0
 2024 07 11 01 13 00 000    1.67    -2.50     2.80  -367.00    -16.40      5.80    5.13     56990.0
 2024 07 11 01 14 00 000    1.40    -2.88     2.63  -372.00    -14.00      1.10    5.17     54463.0
 2024 07 11 01 15 00 000    1.92    -2.62     2.61  -372.90    -13.60      0.30    5.18     54015.0
 2024 07 11 01 16 00 000    1.92    -2.62     2.61  -372.90    -13.60      0.30    5.18     54015.0
 2024 07 11 01 17 00 000    1.71    -2.92     2.51  -372.90    -13.60      0.30    5.18     54015.0
 2024 07 11 01 18 00 000    2.52    -2.10     2.20  -363.70    -11.70      6.40    5.46     71427.0
 2024 07 11 01 19 00 000    2.86    -1.46     2.30  -366.50    -12.20      3.80    5.07     61395.0
 2024 07 11 01 20 00 000    3.19    -1.14     2.10  -371.90    -14.40     -2.70    4.47     43107.0
 2024 07 11 01 21 00 000    3.47    -1.46     1.72  -367.60    -15.40     -0.80    5.30     60031.0
 2024 07 11 01 22 00 000    3.53    -1.45     1.65  -362.60     -8.90     -2.70    5.65     67937.0
 2024 07 11 01 23 00 000    3.51    -1.28     1.75  -362.60     -8.90     -2.70    5.65     67937.0
 2024 07 11 01 24 00 000    2.89    -2.10     1.98  -363.80    -12.30     -1.30    5.42     66276.0
 2024 07 11 01 25 00 000    2.51    -2.67     1.84  -365.80    -17.90      0.90    5.06     63510.0
 2024 07 11 01 26 00 000    2.71    -2.15     2.19  -365.80    -17.90      0.90    5.06     63510.0
 2024 07 11 01 27 00 000    2.69    -1.94     2.36  -365.20    -21.30      0.40    5.18     65845.0
 2024 07 11 01 28 00 000    3.07    -1.97     1.81  -365.20    -21.30      0.40    5.18     65845.0
 2024 07 11 01 29 00 000    2.79    -1.87     2.05  -365.20    -21.30      0.40    5.18     65845.0
 2024 07 11 01 30 00 000    2.57    -1.72     2.63  -365.20    -21.30      0.40    5.18     65845.0
 2024 07 11 01 31 00 000    2.45    -1.80     2.66  -366.60     -7.90      2.30    5.18     63982.0
 2024 07 11 01 32 00 000    2.00    -1.97     2.88  -367.80     -8.70      2.10    5.00     63590.0
 2024 07 11 01 33 00 000    1.98    -1.95     3.09  -369.70    -10.00      1.70    4.70     62805.0
 2024 07 11 01 34 00 000    2.35    -1.76     2.82  -371.40    -10.10     -3.70    4.37     56022.0
 2024 07 11 01 35 00 000    2.67    -1.94     2.57  -370.00    -14.70     -1.20    4.60     57630.0
 2024 07 11 01 36 00 000    2.58    -1.64     2.86  -367.90    -15.80      1.80    5.01     63286.0
 2024 07 11 01 37 00 000    2.74    -1.82     2.61  -367.20     -5.80      1.10    5.18     70187.0
 2024 07 11 01 38 00 000    2.90    -1.44     2.70  -367.20     -5.80      1.10    5.18     70187.0
 2024 07 11 01 39 00 000    2.93    -1.67     2.53  -367.10    -14.60      5.00    5.09     62185.0
 2024 07 11 01 40 00 000    2.85    -1.82     2.46  -367.50     -8.50      2.20    4.97     67310.0
 2024 07 11 01 41 00 000    3.02    -0.86     2.80  -367.90     -2.50     -0.60    4.84     72317.0
 2024 07 11 01 42 00 000    3.08    -1.17     2.56  -366.80    -19.40     -3.50    5.16     62573.0
 2024 07 11 01 43 00 000    2.98    -2.51     1.71  -365.50    -15.20     -2.00    5.14     63100.0
 2024 07 11 01 44 00 000    2.72    -2.88     1.55  -364.60    -12.60     -1.10    5.13     63415.0
 2024 07 11 01 45 00 000    2.55    -3.31     1.05  -365.10    -18.20     -5.60    4.87     67856.0
 2024 07 11 01 46 00 000    2.38    -3.34     1.09  -365.10    -18.20     -5.60    4.87     67856.0
 2024 07 11 01 47 00 000    2.43    -2.01     2.58  -367.80    -12.20     -6.30    5.23     63864.0
 2024 07 11 01 48 00 000    2.44    -1.81     2.80  -367.80    -12.40     -6.00    5.22     63477.0
 2024 07 11 01 49 00 000    2.86    -2.41     1.77  -367.60    -17.20      1.30    5.02     52722.0
 2024 07 11 01 50 00 000    2.80    -2.03     2.33  -367.60    -17.20      1.30    5.02     52722.0
 2024 07 11 01 51 00 000    2.39    -2.05     2.79  -365.50    -10.80      1.00    5.20     64139.0
 2024 07 11 01 52 00 000    2.16    -2.22     2.85  -366.40    -11.50      2.00    5.25     64560.0
 2024 07 11 01 53 00 000    2.08    -2.83     2.49  -368.40    -12.90      4.20    5.37     65494.0
 2024 07 11 01 54 00 000    2.09    -3.01     2.20  -368.40    -12.90      4.20    5.37     65494.0
 2024 07 11 01 55 00 000    1.47    -3.39     2.15  -371.40    -11.30     -2.90    4.71     52126.0
 2024 07 11 01 56 00 000    2.36    -2.40     2.39  -374.80    -12.80     -2.50    4.55     44072.0
 2024 07 11 01 57 00 000    2.01    -2.74     2.44  -368.40    -10.80      2.00    4.85     54599.0
 2024 07 11 01 58 00 000    2.37    -2.59     2.41  -366.00     -9.30      3.90    4.98     58419.0
 2024 07 11 01 59 00 000    2.31    -2.35     2.69  -366.00     -9.30      3.90    4.98     58419.0
 2024 07 11 02 00 00 000    2.41    -2.18     2.66  -366.00     -9.30      3.90    4.98     58419.0
 2024 07 11 02 01 00 000    3.11    -2.03     2.10  -366.00     -9.30      3.90    4.98     58419.0
 2024 07 11 02 02 00 000    3.32    -1.69     2.09  -366.00     -9.30      3.90    4.98     58419.0
 2024 07 11 02 03 00 000    3.57    -0.94     1.48  -360.20     -6.10      0.70    5.52     71785.0
 2024 07 11 02 04 00 000    3.29     2.19    -1.28  -361.90      8.20     -9.90    5.34     69504.0
 2024 07 11 02 05 00 000    3.64     1.91    -1.15  -363.00     20.10    -17.10    4.80     62922.0
 2024 07 11 02 06 00 000    3.64     1.92    -1.14  -362.80     19.60    -15.90    4.66     60988.0
 2024 07 11 02 07 00 000    3.60     1.85    -1.26  -362.80     19.60    -15.90    4.66     60988.0
 2024 07 11 02 08 00 000    3.69     1.74    -1.23  -362.80     19.60    -15.90    4.66     60988.0
 2024 07 11 02 09 00 000    3.69     1.73    -1.22  -362.80     19.60    -15.90    4.66     60988.0
 2024 07 11 02 10 00 000    3.66     1.70    -1.30  -362.80     19.60    -15.90    4.66     60988.0
 2024 07 11 02 11 00 000    3.70     1.65    -1.21  -356.50     15.90    -24.60    5.56     85851.0
 2024 07 11 02 12 00 000    3.82     1.51    -0.99  -356.90     15.70    -22.30    5.43     77284.0
 2024 07 11 02 13 00 000    3.73     1.61    -1.28  -357.80     15.30    -16.50    5.11     55549.0
 2024 07 11 02 14 00 000    3.86     1.62    -0.66  -357.70     16.90     -8.80    5.43     70846.0
 2024 07 11 02 15 00 000    3.86     1.54    -0.96  -357.70     16.90     -8.80    5.43     70846.0
 2024 07 11 02 16 00 000    3.88     1.44    -1.05  -357.80     11.80    -23.60    5.60     75193.0
 2024 07 11 02 17 00 000    4.06     1.69    -0.61  -359.40      8.20    -24.90    5.32     73678.0
 2024 07 11 02 18 00 000    4.17     1.32    -0.60  -358.10     15.70    -13.70    5.45     64148.0
 2024 07 11 02 19 00 000    4.19     1.34    -0.56  -358.00     16.00    -13.30    5.46     63864.0
 2024 07 11 02 20 00 000    4.16     1.47    -0.38  -358.00     16.00    -13.30    5.46     63864.0
 2024 07 11 02 21 00 000    4.18     1.25    -0.79  -355.70     13.40    -14.90    5.26     56169.0
 2024 07 11 02 22 00 000    4.07     1.70    -0.73  -356.50     13.70    -14.60    5.39     60614.0
 2024 07 11 02 23 00 000    3.56     2.57    -0.84  -358.70     14.50    -13.80    5.74     72847.0
 2024 07 11 02 24 00 000    3.83     2.18    -0.82  -358.90     15.60    -13.20    5.51     69081.0
 2024 07 11 02 25 00 000    4.00     1.93    -0.64  -358.90     15.60    -13.20    5.50     68913.0
 2024 07 11 02 26 00 000    4.18     1.66    -0.46  -358.90     15.60    -13.20    5.50     68913.0
 2024 07 11 02 27 00 000    4.25     1.46    -0.15  -358.90     15.60    -13.20    5.50     68913.0
 2024 07 11 02 28 00 000    4.21     1.44     0.32  -358.90     15.60    -13.20    5.50     68913.0
 2024 07 11 02 29 00 000    4.31     1.35    -0.03  -358.90     15.60    -13.20    5.50     68913.0
 2024 07 11 02 30 00 000    4.25     1.54    -0.40  -355.40      7.50     -9.40    5.58     74155.0
 2024 07 11 02 31 00 000    4.30     1.20    -0.96  -355.90     11.80    -14.40    5.56     71660.0
 2024 07 11 02 32 00 000    4.20     1.42    -1.40  -356.50     17.20    -20.70    5.53     68506.0
 2024 07 11 02 33 00 000    4.03     1.66    -1.64  -356.50     17.20    -20.70    5.53     68506.0
 2024 07 11 02 34 00 000    4.21     1.38    -1.52  -356.50     17.20    -20.70    5.53     68506.0
 2024 07 11 02 35 00 000    4.06     1.36    -1.85  -356.50     17.20    -20.70    5.53     68506.0
 2024 07 11 02 36 00 000    4.06     1.49    -1.93  -359.20     -2.80    -15.60    5.28     63824.0
 2024 07 11 02 37 00 000    4.38     1.12    -0.97  -358.40      1.40    -13.40    5.38     63431.0
 2024 07 11 02 38 00 000    4.50     1.23     0.34  -355.40     18.30     -4.60    5.79     61843.0
 2024 07 11 02 39 00 000    4.60     0.92    -0.39  -354.70     22.10     -2.60    5.87     61488.0
 2024 07 11 02 40 00 000    4.59     1.03    -0.23  -354.70     22.10     -2.60    5.87     61488.0
 2024 07 11 02 41 00 000    4.61     0.85    -0.35  -354.80     16.00    -13.30    5.30     54269.0
 2024 07 11 02 42 00 000    4.70     0.04    -0.23  -354.20      9.70    -14.00    5.54     60982.0
 2024 07 11 02 43 00 000    4.67     0.45    -0.00  -353.40      0.10    -15.00    5.92     71319.0
 2024 07 11 02 44 00 000    4.56     0.98     0.21  -356.50      9.30     -0.90    5.85     62839.0
 2024 07 11 02 45 00 000    4.47     1.38     0.24  -355.30     13.00      0.90    5.77     64622.0
 2024 07 11 02 46 00 000    4.47     1.42     0.08  -354.20      9.90      9.70    5.75     73791.0
 2024 07 11 02 47 00 000    4.59     1.14    -0.19  -355.50      8.20    -16.60    5.57     64692.0
 2024 07 11 02 48 00 000    4.65     0.98    -0.53  -355.50      8.20    -16.60    5.57     64692.0
 2024 07 11 02 49 00 000    4.55     1.25    -0.15  -355.70      5.80     -8.50    5.60     61198.0
 2024 07 11 02 50 00 000    4.62     0.97    -0.48  -355.70     11.00     -8.50    5.47     59255.0
 2024 07 11 02 51 00 000    4.60     0.85    -0.61  -355.60     13.40     -9.10    5.41     58742.0
 2024 07 11 02 52 00 000    4.65     0.69    -0.66  -354.70     19.30    -21.50    5.03     46858.0
 2024 07 11 02 53 00 000    4.54     1.00    -0.30  -354.30     18.70    -17.50    5.08     48746.0
 2024 07 11 02 54 00 000    4.48     1.31    -0.53  -353.40     17.50     -9.20    5.19     52621.0
 2024 07 11 02 55 00 000    4.50     1.25    -0.71  -354.80     14.20     -4.10    5.50     57634.0
 2024 07 11 02 56 00 000    4.53     1.18    -0.74  -354.20      7.00    -10.60    5.74     62333.0
 2024 07 11 02 57 00 000    4.43     1.40    -0.74  -354.10      6.10    -11.60    5.80     62675.0
 2024 07 11 02 58 00 000    4.40     1.51    -0.78  -354.10      6.10    -11.60    5.80     62675.0
 2024 07 11 02 59 00 000    4.28     1.80    -0.89  -356.10     12.20     -8.40    5.49     60031.0
 2024 07 11 03 00 00 000    4.22     1.94    -1.16  -356.10     12.20     -8.40    5.49     60031.0
 2024 07 11 03 01 00 000    4.21     1.92    -1.22  -357.70     12.10    -12.50    5.52     57095.0
 2024 07 11 03 02 00 000    4.26     1.56    -1.08  -357.60     12.10    -12.40    5.52     57177.0
 2024 07 11 03 03 00 000    4.23     1.68    -0.59  -354.70     14.20     -7.20    5.50     62230.0
 2024 07 11 03 04 00 000    3.96     2.04    -0.63  -354.50     16.70     -4.20    5.48     62260.0
 2024 07 11 03 05 00 000    4.03     1.84    -0.86  -354.40     19.10     -1.50    5.45     61913.0
 2024 07 11 03 06 00 000    4.03     1.84    -0.86  -354.40     19.10     -1.50    5.45     61913.0
 2024 07 11 03 07 00 000    4.01     1.90    -0.90  -354.40     19.10     -1.50    5.45     61913.0
 2024 07 11 03 08 00 000    4.03     1.90    -0.91  -354.40     19.10     -1.50    5.45     61913.0
 2024 07 11 03 09 00 000    4.00     2.07    -0.92  -354.40     19.10     -1.50    5.45     61913.0
 2024 07 11 03 10 00 000    4.14     2.11    -1.14  -354.40     19.10     -1.50    5.45     61913.0
 2024 07 11 03 11 00 000    4.24     1.90    -1.39  -359.20      9.90    -17.20    5.36     58742.0
 2024 07 11 03 12 00 000    3.97     1.97    -1.97  -359.20      9.90    -17.20    5.36     58742.0
 2024 07 11 03 13 00 000    3.89     2.19    -2.12  -361.00     10.10    -18.20    4.86     53908.0
 2024 07 11 03 14 00 000    3.95     2.02    -2.15  -362.80     11.70    -19.90    4.90     52414.0
 2024 07 11 03 15 00 000    3.99     1.92    -2.18  -364.10     13.10    -21.10    5.02     51903.0
 2024 07 11 03 16 00 000    4.04     1.76    -2.27  -364.10     13.10    -21.10    5.02     51903.0
 2024 07 11 03 17 00 000    4.04     1.69    -2.38  -364.10     13.10    -21.10    5.02     51903.0
 2024 07 11 03 18 00 000    4.13     1.72    -1.88  -357.00      9.80    -13.90    5.52     59575.0
 2024 07 11 03 19 00 000    4.01     1.78    -2.10  -359.90      7.00    -16.70    5.30     58016.0
 2024 07 11 03 20 00 000    4.09     1.75    -1.98  -359.60      9.40    -18.00    5.11     56460.0
 2024 07 11 03 21 00 000    3.90     1.60    -2.42  -359.30     12.80    -16.80    5.18     57564.0
 2024 07 11 03 22 00 000    3.82     1.61    -2.62  -360.50     13.30    -16.70    5.18     58178.0
 2024 07 11 03 23 00 000    3.71     1.77    -2.80  -360.50     13.30    -16.70    5.18     58178.0
 2024 07 11 03 24 00 000    3.30     2.44    -2.86  -360.50     13.30    -16.70    5.18     58178.0
 2024 07 11 03 25 00 000    3.85     2.03    -2.45  -360.50     13.30    -16.70    5.18     58178.0
 2024 07 11 03 26 00 000    3.94     1.74    -2.38  -362.20      6.90    -19.00    4.96     52972.0
 2024 07 11 03 27 00 000    3.90     1.67    -2.33  -362.20      6.90    -19.00    4.96     52972.0
 2024 07 11 03 28 00 000    3.98     1.86    -2.18  -359.90     11.60    -14.60    5.03     55801.0
 2024 07 11 03 29 00 000    3.63     2.53    -2.11  -360.20     12.20    -15.30    5.01     55338.0
 2024 07 11 03 30 00 000    3.50     2.63    -2.23  -361.90     15.30    -18.50    4.85     53179.0
 2024 07 11 03 31 00 000    3.54     2.36    -2.47  -361.90     15.30    -18.50    4.85     53151.0
 2024 07 11 03 32 00 000    3.63     2.23    -2.45  -360.80     13.70    -16.70    4.95     56613.0
 2024 07 11 03 33 00 000    3.46     2.25    -2.49  -360.80     13.70    -16.70    4.95     56613.0
 2024 07 11 03 34 00 000    3.30     2.44    -2.52  -361.10     16.00    -18.30    5.03     57416.0
 2024 07 11 03 35 00 000    3.39     2.18    -2.64  -361.10     16.00    -18.30    5.03     57430.0
 2024 07 11 03 36 00 000    3.13     2.45    -2.69  -363.00     14.90    -19.10    5.10     55142.0
 2024 07 11 03 37 00 000    3.11     2.38    -2.75  -363.00     14.90    -19.10    5.10     55142.0
 2024 07 11 03 38 00 000    3.24     2.43    -2.65  -363.00     14.90    -19.10    5.10     55142.0
 2024 07 11 03 39 00 000    3.23     2.38    -2.69  -361.60     15.50    -18.10    5.01     54959.0
 2024 07 11 03 40 00 000    3.15     2.35    -2.83  -361.60     15.50    -18.10    5.01     54959.0
 2024 07 11 03 41 00 000    3.45     2.26    -2.49  -360.30     12.20    -15.60    4.95     50635.0
 2024 07 11 03 42 00 000    3.39     2.36    -2.45  -360.30     12.30    -15.80    4.97     51365.0
 2024 07 11 03 43 00 000    3.27     2.60    -2.37  -359.90     14.40    -18.00    5.23     61280.0
 2024 07 11 03 44 00 000    3.79     1.13    -2.03  -360.70     15.40    -18.50    5.07     55977.0
 2024 07 11 03 45 00 000    3.76     1.02    -1.92  -358.30      6.70    -20.00    5.10     55719.0
 2024 07 11 03 46 00 000    3.70     1.59    -2.18  -362.20      6.70    -19.20    5.47     71898.0
 2024 07 11 03 47 00 000    3.51     2.18    -2.20  -362.20      6.70    -19.20    5.47     71898.0
 2024 07 11 03 48 00 000    3.58     2.08    -2.15  -359.10     12.10    -16.80    5.03     58205.0
 2024 07 11 03 49 00 000    3.60     1.74    -1.96  -359.30     11.20    -17.30    5.02     58695.0
 2024 07 11 03 50 00 000    3.49     1.86    -1.99  -356.10      6.10    -23.80    5.06     47927.0
 2024 07 11 03 51 00 000    3.57     1.61    -2.06  -358.80      9.00    -23.10    5.07     51393.0
 2024 07 11 03 52 00 000    3.71     1.06    -1.92  -360.10     10.80    -21.00    5.00     54974.0
 2024 07 11 03 53 00 000    3.97    -0.49    -1.69  -359.00     12.10    -17.50    4.79     56354.0
 2024 07 11 03 54 00 000    4.10    -0.83    -1.13  -359.00     12.10    -17.50    4.79     56354.0
 2024 07 11 03 55 00 000    4.16    -1.02    -1.09  -359.00     12.10    -17.50    4.79     56354.0
 2024 07 11 03 56 00 000    4.08    -1.10    -1.11  -359.00     12.10    -17.50    4.79     56354.0
 2024 07 11 03 57 00 000    4.13     0.68    -1.09  -359.00     12.10    -17.50    4.79     56354.0
 2024 07 11 03 58 00 000    4.10     0.47    -1.31  -359.00     12.10    -17.50    4.79     56354.0
 2024 07 11 03 59 00 000    4.23     0.44    -1.20  -352.10      0.30    -21.90    4.90     45853.0
 2024 07 11 04 00 00 000    4.17     0.89    -1.18  -352.10      0.30    -21.90    4.90     45853.0
 2024 07 11 04 01 00 000    4.00     1.35    -1.17  -352.10      0.30    -21.90    4.90     45853.0
 2024 07 11 04 02 00 000    3.93     1.56    -1.13  -361.50     10.20    -14.80    4.86     52579.0
 2024 07 11 04 03 00 000    3.72     1.95    -1.17  -361.50     10.20    -14.80    4.86     52579.0
 2024 07 11 04 04 00 000    4.12     0.99    -1.20  -354.30     11.20    -18.70    5.60     54595.0
 2024 07 11 04 05 00 000    4.18     0.84    -1.29  -354.00      8.20    -17.10    5.44     54580.0
 2024 07 11 04 06 00 000    3.93     1.45    -1.55  -353.70      4.20    -15.00    5.24     54559.0
 2024 07 11 04 07 00 000    3.84     1.33    -1.52  -353.70      4.20    -15.00    5.24     54559.0
 2024 07 11 04 08 00 000    3.82     1.07    -1.80  -359.30     22.20    -21.70    5.15     35519.0
 2024 07 11 04 09 00 000    4.27     0.12    -0.99  -358.10     16.30    -22.50    5.09     37714.0
 2024 07 11 04 10 00 000    4.08     0.33    -1.44  -353.80     -5.20    -25.60    4.88     45753.0
 2024 07 11 04 11 00 000    4.20     0.89    -1.11  -353.80     -5.20    -25.60    4.88     45753.0
 2024 07 11 04 12 00 000    4.18     0.86    -1.12  -354.70      5.30     -9.20    5.31     62495.0
 2024 07 11 04 13 00 000    4.23     0.40    -1.13  -354.70      5.30     -9.20    5.31     62495.0
 2024 07 11 04 14 00 000    4.10     0.73    -1.29  -359.30      2.90    -25.60    5.04     73184.0
 2024 07 11 04 15 00 000    3.96     1.16    -1.35  -358.50      2.90    -24.90    5.04     70758.0
 2024 07 11 04 16 00 000    3.96     1.71    -0.59  -353.70      3.10    -20.50    5.05     55588.0
 2024 07 11 04 17 00 000    3.57     2.47    -0.02  -358.50     14.90     -6.10    5.27     56652.0
 2024 07 11 04 18 00 000    3.45     2.63     0.19  -361.00     19.60     -0.80    5.36     58931.0
 2024 07 11 04 19 00 000    3.75     1.66    -0.94  -361.00     19.60     -0.80    5.36     58931.0
 2024 07 11 04 20 00 000    4.19     1.11    -0.33  -361.00     19.60     -0.80    5.36     58931.0
 2024 07 11 04 21 00 000    4.37     0.44    -0.32  -361.00     19.60     -0.80    5.36     58931.0
 2024 07 11 04 22 00 000    4.22     0.41    -1.03  -351.60      4.00    -19.40    5.17     54523.0
 2024 07 11 04 23 00 000    4.39    -0.15    -0.41  -351.60      4.00    -19.40    5.17     54523.0
 2024 07 11 04 24 00 000    4.27     0.37    -1.06  -351.60      2.40    -22.40    5.03     52804.0
 2024 07 11 04 25 00 000    4.07     0.52    -1.54  -351.60      2.40    -22.40    5.03     52793.0
 2024 07 11 04 26 00 000    3.62     0.75    -1.33  -359.50     18.90    -19.60    4.39     54377.0
 2024 07 11 04 27 00 000    3.79     0.86    -1.47  -358.20      7.80    -22.50    5.02     49520.0
 2024 07 11 04 28 00 000    3.97     0.93    -1.44  -356.80     -4.10    -25.60    5.68     44301.0
 2024 07 11 04 29 00 000    4.03     0.77    -1.00  -356.80     -4.10    -25.60    5.68     44301.0
 2024 07 11 04 30 00 000    4.11     0.30    -1.13  -355.50     15.00    -16.50    5.47     66124.0
 2024 07 11 04 31 00 000    4.13    -0.15    -1.29  -355.40     14.70    -16.60    5.46     65901.0
 2024 07 11 04 32 00 000    4.34    -0.25    -0.45  -351.90     -3.50    -21.40    5.02     52185.0
 2024 07 11 04 33 00 000    4.43     0.72    -0.34  -351.00     -7.30    -18.90    4.64     39277.0
 2024 07 11 04 34 00 000    4.42     0.68     0.44  -350.90     -7.60    -18.30    4.58     37090.0
 2024 07 11 04 35 00 000    4.29     1.06    -0.46  -355.30     11.10    -14.00    5.44     67532.0
 2024 07 11 04 36 00 000    4.37     0.42    -0.94  -355.20     10.80    -13.80    5.43     66898.0
 2024 07 11 04 37 00 000    4.41     0.75    -0.71  -354.10      5.50    -10.10    5.30     53814.0
 2024 07 11 04 38 00 000    3.70     0.04    -2.55  -360.00      1.70    -30.30    4.88     53973.0
 2024 07 11 04 39 00 000    3.63    -0.06    -2.69  -361.40      0.60    -35.20    4.81     54652.0
 2024 07 11 04 40 00 000    3.80     0.10    -2.43  -360.20     -4.00    -35.90    5.40     67824.0
 2024 07 11 04 41 00 000    3.23     0.31    -3.07  -358.10     -0.20    -33.80    4.87     55292.0
 2024 07 11 04 42 00 000    2.21     1.12    -3.94  -363.90      1.20    -31.90    4.54     55429.0
 2024 07 11 04 43 00 000    2.55     0.98    -3.55  -368.30      5.50    -28.00    4.58     56724.0
 2024 07 11 04 44 00 000    2.55     0.97    -3.55  -357.30     16.10    -25.10    5.01     51939.0
 2024 07 11 04 45 00 000    4.11     0.34    -1.85  -357.30     16.10    -25.10    5.01     51939.0
 2024 07 11 04 46 00 000    4.32     0.06    -1.60  -357.30     16.10    -25.10    5.01     51939.0
 2024 07 11 04 47 00 000    3.89     0.08    -2.32  -361.30      3.80    -39.90    5.05     73100.0
 2024 07 11 04 48 00 000    3.95     0.03    -2.19  -361.30      3.80    -39.90    5.05     73100.0
 2024 07 11 04 49 00 000    4.18    -0.15    -1.67  -361.30      3.80    -39.90    5.05     73100.0
 2024 07 11 04 50 00 000    4.30    -0.37    -1.10  -352.70     -0.30    -28.50    4.70     47976.0
 2024 07 11 04 51 00 000    4.10     0.17    -1.88  -353.70      3.80    -30.30    4.68     47013.0
 2024 07 11 04 52 00 000    3.80     0.34    -2.39  -353.40      2.20    -24.40    4.96     57564.0
 2024 07 11 04 53 00 000    3.72     0.35    -2.81  -354.80     10.20    -32.10    4.83     56430.0
 2024 07 11 04 54 00 000    3.66     0.38    -2.90  -361.30      1.40    -29.80    4.73     71095.0
 2024 07 11 04 55 00 000    3.60     0.43    -2.96  -362.10      2.50    -29.90    4.75     69957.0
 2024 07 11 04 56 00 000    3.57     0.55    -3.00  -363.10      3.70    -30.10    4.77     68668.0
 2024 07 11 04 57 00 000    3.54     0.69    -2.99  -363.10      3.70    -30.10    4.77     68668.0
 2024 07 11 04 58 00 000    3.56     0.80    -2.89  -362.00      9.70    -27.90    4.66     62846.0
 2024 07 11 04 59 00 000    3.50     0.21    -3.03  -362.20      9.00    -27.80    4.64     62846.0
 2024 07 11 05 00 00 000    3.39     0.69    -3.02  -363.40      5.10    -27.40    4.56     62846.0
 2024 07 11 05 01 00 000    3.41     0.70    -2.96  -363.40      5.10    -27.40    4.56     62846.0
 2024 07 11 05 02 00 000    3.35     0.60    -3.08  -363.40      5.10    -27.40    4.56     62846.0
 2024 07 11 05 03 00 000    3.34     0.48    -3.11  -363.40      5.10    -27.40    4.56     62846.0
 2024 07 11 05 04 00 000    2.62    -2.79    -1.59  -368.60    -13.60    -19.80    4.66     57923.0
 2024 07 11 05 05 00 000    2.90    -3.12    -1.46  -368.60    -10.60    -19.30    4.71     58512.0
 2024 07 11 05 06 00 000    3.18    -2.75    -1.69  -365.80     -7.60    -28.20    4.81     67240.0
 2024 07 11 05 07 00 000    3.32    -2.45    -1.88  -363.70     -5.80    -29.80    4.88     69774.0
 2024 07 11 05 08 00 000    3.36    -2.44    -1.81  -363.70     -5.80    -29.80    4.87     69863.0
 2024 07 11 05 09 00 000    3.34    -2.41    -1.84  -363.30     -5.90    -29.70    4.80     71271.0
 2024 07 11 05 10 00 000    3.39    -2.23    -2.08  -362.00     -4.60    -33.20    4.92     74906.0
 2024 07 11 05 11 00 000    3.40    -2.07    -2.27  -361.80     -4.40    -33.70    4.94     75431.0
 2024 07 11 05 12 00 000    3.38    -2.04    -2.27  -363.10     -8.60    -28.10    4.91     64297.0
 2024 07 11 05 13 00 000    3.41    -1.85    -2.40  -363.10     -8.60    -28.10    4.91     64297.0
 2024 07 11 05 14 00 000    3.36    -2.16    -2.31  -363.50    -11.50    -27.90    4.80     67428.0
 2024 07 11 05 15 00 000    3.34    -2.11    -2.30  -363.90    -14.20    -27.80    4.69     70309.0
 2024 07 11 05 16 00 000    3.66    -1.48    -2.28  -363.70    -13.10    -27.70    4.73     70603.0
 2024 07 11 05 17 00 000    3.66    -1.39    -2.37  -362.70     -8.40    -27.20    4.89     71843.0
 2024 07 11 05 18 00 000    3.87    -0.33    -2.42  -361.40     -6.70    -30.10    4.90     74735.0
 2024 07 11 05 19 00 000    3.98    -0.12    -2.26  -361.00     -6.20    -30.90    4.90     75517.0
 2024 07 11 05 20 00 000    3.91    -0.32    -2.30  -361.00     -6.20    -30.90    4.90     75517.0
 2024 07 11 05 21 00 000    3.75    -0.86    -2.38  -360.90     -2.80    -27.90    4.91     72383.0
 2024 07 11 05 22 00 000    3.72    -0.32    -2.55  -362.00     -3.40    -35.10    4.83     76144.0
 2024 07 11 05 23 00 000    3.66    -0.96    -2.56  -359.40     -5.60    -27.70    5.38     44987.0
 2024 07 11 05 24 00 000    3.41    -1.24    -2.90  -363.00     -7.70    -32.00    4.96     60364.0
 2024 07 11 05 25 00 000    3.38    -1.22    -2.90  -365.50     -9.20    -35.10    4.66     71385.0
 2024 07 11 05 26 00 000    3.20    -1.74    -2.86  -365.50     -9.20    -35.10    4.66     71385.0
 2024 07 11 05 27 00 000    3.35    -1.62    -2.76  -365.90    -10.10    -34.30    4.80     73816.0
 2024 07 11 05 28 00 000    4.08    -0.33    -2.25  -361.90      0.10    -32.10    4.69     53719.0
 2024 07 11 05 29 00 000    4.11    -0.09    -2.20  -360.20      4.50    -31.20    4.64     45189.0
 2024 07 11 05 30 00 000    4.10    -0.03    -2.22  -360.20      4.50    -31.20    4.64     45189.0
 2024 07 11 05 31 00 000    4.10    -0.11    -2.20  -358.60      3.50    -24.50    4.78     74622.0
 2024 07 11 05 32 00 000    4.03    -0.16    -2.29  -357.30      6.50    -27.40    4.64     65293.0
 2024 07 11 05 33 00 000    3.91    -0.15    -2.39  -357.00      8.50    -27.10    4.65     55710.0
 2024 07 11 05 34 00 000    3.35    -1.35    -2.67  -364.80     -5.00    -25.50    4.88     64638.0
 2024 07 11 05 35 00 000    3.57    -0.67    -2.60  -363.90     -6.20    -28.90    4.55     58053.0
 2024 07 11 05 36 00 000    3.85    -1.04    -2.01  -360.70     -5.00    -31.60    4.44     54538.0
 2024 07 11 05 37 00 000    3.94    -1.10    -1.62  -360.70     -5.00    -31.60    4.44     54538.0
 2024 07 11 05 38 00 000    3.56    -0.15    -2.29  -360.70     -5.00    -31.60    4.44     54538.0
 2024 07 11 05 39 00 000    3.02     0.19    -2.92  -360.70     -5.00    -31.60    4.44     54538.0
 2024 07 11 05 40 00 000    3.46     0.03    -2.12  -371.70      5.20    -30.20    4.63     62807.0
 2024 07 11 05 41 00 000    3.35    -0.35    -2.01  -371.10      4.70    -29.40    4.66     62527.0
 2024 07 11 05 42 00 000    2.05     0.73    -3.67  -359.00     -5.30    -12.40    5.30     56872.0
 2024 07 11 05 43 00 000    2.51     0.71    -3.53  -359.00     -5.30    -12.40    5.30     56872.0
 2024 07 11 05 44 00 000    2.52     1.18    -3.36  -374.10     11.50    -24.20    4.70     68668.0
 2024 07 11 05 45 00 000    3.34     0.11    -2.64  -370.80      6.70    -25.80    4.66     64939.0
 2024 07 11 05 46 00 000    3.47    -0.38    -2.63  -364.10      0.60    -27.90    4.81     54896.0
 2024 07 11 05 47 00 000    3.39    -0.77    -2.72  -364.90      5.10    -26.20    5.06     53543.0
 2024 07 11 05 48 00 000    3.20    -1.77    -1.82  -369.80    -15.90    -16.30    4.72     69363.0
 2024 07 11 05 49 00 000    2.99    -2.50    -1.13  -369.80    -15.90    -16.30    4.72     69363.0
 2024 07 11 05 50 00 000    3.03    -2.89    -0.54  -369.30    -16.60    -16.20    4.75     72617.0
 2024 07 11 05 51 00 000    3.13    -2.74    -0.75  -366.40    -20.30    -15.40    4.94     90330.0
 2024 07 11 05 52 00 000    2.91    -3.05    -0.67  -366.40    -20.30    -15.40    4.94     90330.0
 2024 07 11 05 53 00 000    3.21    -2.79    -0.43  -368.00    -23.70    -15.10    4.86     79150.0
 2024 07 11 05 54 00 000    3.18    -2.84    -0.54  -368.00    -23.70    -15.10    4.86     79150.0
 2024 07 11 05 55 00 000    3.31    -2.67    -0.52  -368.00    -23.70    -15.10    4.86     79150.0
 2024 07 11 05 58 00 000    3.70    -2.19    -0.79  -360.10    -11.50    -22.80    5.28    104649.0
 2024 07 11 05 59 00 000    3.72    -2.17    -0.81  -360.10    -11.50    -22.80    5.28    104649.0
 2024 07 11 06 00 00 000    3.86    -1.90    -0.96  -363.60    -14.40    -18.10    4.77     87454.0
 2024 07 11 06 01 00 000    3.91    -0.96    -1.32  -363.20     -9.70    -22.70    4.96     78714.0
 2024 07 11 06 02 00 000    3.88    -0.94    -1.41  -362.60     -5.90    -28.50    5.09     75707.0
 2024 07 11 06 03 00 000    3.96    -0.68    -1.23  -359.70      2.20    -35.80    4.91     65918.0
 2024 07 11 06 04 00 000    3.91    -1.00    -0.86  -358.50      1.70    -28.90    5.13     75105.0
 2024 07 11 06 05 00 000    3.77    -1.09    -1.65  -359.20     -0.40    -21.00    5.19     71535.0
 2024 07 11 06 06 00 000    3.74    -0.87    -1.81  -364.50     -2.30    -30.00    4.75     64376.0
 2024 07 11 06 07 00 000    3.55    -1.48    -1.42  -364.50     -2.30    -30.00    4.75     64376.0
 2024 07 11 06 08 00 000    3.48    -1.22    -1.84  -364.50     -2.30    -30.00    4.75     64376.0
 2024 07 11 06 09 00 000    3.67     0.08    -1.97  -364.50     -2.30    -30.00    4.75     64376.0
 2024 07 11 06 10 00 000    3.49     0.10    -2.43  -364.40      9.80    -28.30    5.23     92068.0
 2024 07 11 06 11 00 000    3.51     0.14    -2.27  -365.00      7.50    -30.60    5.16     88630.0
 2024 07 11 06 12 00 000    3.63     0.13    -1.85  -365.60      4.80    -33.30    5.08     84580.0
 2024 07 11 06 13 00 000    3.71     0.43    -1.74  -365.60      4.80    -33.30    5.08     84580.0
 2024 07 11 06 14 00 000    3.82     0.18    -1.64  -361.40     14.00    -24.20    5.29    100859.0
 2024 07 11 06 15 00 000    3.92    -0.15    -1.82  -361.40     14.00    -24.20    5.29    100859.0
 2024 07 11 06 16 00 000    3.82    -0.98    -1.14  -361.00      6.40    -24.40    5.34     77729.0
 2024 07 11 06 17 00 000    3.55    -1.88    -1.01  -364.80    -13.00    -16.00    5.31     73157.0
 2024 07 11 06 18 00 000    3.58    -2.07    -0.01  -366.20    -20.30    -12.80    5.30     71427.0
 2024 07 11 06 19 00 000    3.87    -1.75    -0.37  -366.20    -20.30    -12.80    5.30     71427.0
 2024 07 11 06 20 00 000    3.71    -2.06    -0.16  -363.40    -25.00    -20.40    5.34    100267.0
 2024 07 11 06 21 00 000    3.38    -2.49     0.61  -364.50    -24.70    -15.00    5.19     89275.0
 2024 07 11 06 22 00 000    2.85    -2.90     0.66  -367.90    -24.80     -8.60    4.98     77560.0
 2024 07 11 06 23 00 000    2.36    -3.28     0.98  -372.20    -25.50     -8.30    4.87     79238.0
 2024 07 11 06 25 00 000    2.94    -2.77    -0.20  -369.30    -22.90     -6.20    4.95     68805.0
 2024 07 11 06 26 00 000    2.12    -2.89     0.15  -371.30    -17.10     -9.50    4.83     61370.0
 2024 07 11 06 27 00 000    3.64    -0.66     0.69  -368.40     -5.90    -25.90    4.75     64937.0
 2024 07 11 06 28 00 000    3.49     0.62     1.19  -366.60     16.90      1.10    4.91     79836.0
 2024 07 11 06 29 00 000    3.31     1.28     0.83  -364.80     10.40      1.60    4.97     82506.0
 2024 07 11 06 30 00 000    3.09     0.05     0.94  -370.70     23.80     -1.10    4.23     82020.0
 2024 07 11 06 31 00 000    2.96     2.19    -0.44  -368.50     16.10    -14.40    4.74     79064.0
 2024 07 11 06 32 00 000    3.04     1.41    -0.16  -367.50     11.20    -19.20    5.03     77544.0
 2024 07 11 06 33 00 000    3.16    -0.96     1.69  -368.60     -0.60     -7.60    4.97     73401.0
 2024 07 11 06 34 00 000    2.71    -1.33     2.24  -367.50    -10.90      1.10    5.12     75699.0
 2024 07 11 06 35 00 000    2.63    -0.95     2.47  -369.60     -9.60      1.00    4.64     83459.0
 2024 07 11 06 36 00 000    2.72    -1.30     2.34  -369.80     -9.50      1.00    4.60     83993.0
 2024 07 11 06 37 00 000    2.64    -1.74     2.24  -369.80     -9.50      1.00    4.60     83993.0
 2024 07 11 06 38 00 000    2.70    -1.74     2.07  -369.80     -9.50      1.00    4.60     83993.0
 2024 07 11 06 39 00 000    2.70    -2.06     1.79  -369.80     -9.50      1.00    4.60     83993.0
 2024 07 11 06 40 00 000    2.86    -2.70     0.77  -368.10    -22.40     -6.00    4.84     63041.0
 2024 07 11 06 41 00 000    2.76    -2.58     1.11  -368.10    -22.40     -6.00    4.84     63041.0
 2024 07 11 06 42 00 000    2.44    -2.71     1.66  -369.00    -16.80     -5.90    4.51     82976.0
 2024 07 11 06 43 00 000    2.55    -2.78     1.39  -368.90    -15.90    -11.10    4.72     82614.0
 2024 07 11 06 44 00 000    2.67    -2.65     1.51  -368.10    -23.00     -6.80    4.82     82004.0
 2024 07 11 06 45 00 000    2.41    -2.94     1.35  -368.50    -21.20     -3.50    4.59     77568.0
 2024 07 11 06 46 00 000    2.46    -3.00     1.19  -369.10    -25.30     -7.30    4.49     73563.0
 2024 07 11 06 47 00 000    2.93    -2.53     1.03  -369.10    -25.30     -7.30    4.49     73563.0
 2024 07 11 06 48 00 000    3.33    -2.07     0.90  -369.10    -25.30     -7.30    4.49     73563.0
 2024 07 11 06 49 00 000    3.33    -2.12     0.88  -366.00    -27.10    -10.80    5.15     80822.0
 2024 07 11 06 50 00 000    3.32    -2.16     0.89  -366.00    -27.10    -10.80    5.15     80822.0
 2024 07 11 06 51 00 000    3.29    -2.13     0.96  -366.00    -27.10    -10.80    5.15     80822.0
 2024 07 11 06 52 00 000    3.18    -2.12     1.19  -364.70    -21.60     -5.50    4.96     80744.0
 2024 07 11 06 53 00 000    2.76    -2.66     1.21  -364.80    -22.30     -5.30    4.94     82995.0
 2024 07 11 06 54 00 000    2.81    -2.66     1.11  -364.80    -22.30     -5.30    4.94     82995.0
 2024 07 11 06 55 00 000    3.06    -2.54     0.65  -364.80    -22.30     -5.30    4.94     82995.0
 2024 07 11 06 56 00 000    3.13    -2.50     0.46  -364.80    -22.30     -5.30    4.94     82995.0
 2024 07 11 06 57 00 000    3.05    -2.53     0.64  -364.80    -22.30     -5.30    4.94     82995.0
 2024 07 11 06 58 00 000    2.89    -2.76     0.53  -367.40    -22.40    -12.00    5.23     82467.0
 2024 07 11 06 59 00 000    2.52    -3.14    -0.54  -367.40    -22.40    -12.00    5.23     82467.0
 2024 07 11 07 00 00 000    3.25    -2.31     0.32  -363.60    -23.20    -18.80    4.92     70383.0
 2024 07 11 07 01 00 000    3.03    -2.52     0.39  -363.60    -23.00    -18.90    4.93     70823.0
 2024 07 11 07 02 00 000    3.17    -1.99     0.93  -366.40    -21.10    -13.60    5.34     86945.0
 2024 07 11 07 03 00 000    3.22    -1.94     0.97  -365.90    -23.40    -12.50    5.21     82250.0
 2024 07 11 07 04 00 000    3.33    -2.09     0.46  -361.60    -16.00     -9.20    4.98     72638.0
 2024 07 11 07 05 00 000    3.44    -2.00    -0.13  -361.60    -16.10     -9.60    4.98     72315.0
 2024 07 11 07 06 00 000    3.45    -2.03     0.03  -360.20    -20.60    -28.60    4.83     55455.0
 2024 07 11 07 07 00 000    3.36    -2.20     0.03  -360.00    -21.20    -31.20    4.81     53187.0
 2024 07 11 07 08 00 000    3.30    -2.21     0.20  -363.10     -9.60    -25.40    5.24     93252.0
 2024 07 11 07 09 00 000    3.44    -1.74     0.64  -362.80     -7.90    -11.80    5.08     89828.0
 2024 07 11 07 10 00 000    3.60    -1.49     0.81  -362.40     -6.20      2.00    4.92     86343.0
 2024 07 11 07 11 00 000    3.70    -1.28     0.75  -362.40     -6.20      2.00    4.92     86343.0
 2024 07 11 07 12 00 000    3.21    -1.86     0.67  -368.80    -21.40    -10.30    4.87     80822.0
 2024 07 11 07 13 00 000    2.70    -2.56     0.69  -368.80    -21.40    -10.30    4.87     80822.0
 2024 07 11 07 14 00 000    3.33    -1.58     0.72  -362.40    -12.00     -8.40    5.06     91455.0
 2024 07 11 07 15 00 000    3.21    -2.02     0.55  -359.50     -8.00     -7.70    5.14     95981.0
 2024 07 11 07 16 00 000    3.08    -1.99     0.83  -366.00    -20.70    -13.10    4.93     79591.0
 2024 07 11 07 17 00 000    2.95    -2.39     0.90  -356.00     -4.20    -19.90    4.67     68519.0
 2024 07 11 07 18 00 000    2.69    -2.73     1.12  -354.80     -2.20    -20.70    4.64     67168.0
 2024 07 11 07 19 00 000    2.37    -3.20     0.84  -365.40    -18.20    -11.40    4.99     72596.0
 2024 07 11 07 20 00 000    2.37    -3.20     0.84  -365.40    -18.20    -11.40    4.99     72596.0
 2024 07 11 07 21 00 000    2.40    -3.12     0.88  -365.40    -18.20    -11.40    4.99     72596.0
 2024 07 11 07 22 00 000    2.48    -3.06     0.89  -365.40    -18.20    -11.40    4.99     72596.0
 2024 07 11 07 23 00 000    3.03    -2.65     0.47  -365.40    -18.20    -11.40    4.99     72596.0
 2024 07 11 07 24 00 000    2.49    -3.13     0.52  -367.10    -20.40    -18.20    4.66     74834.0
 2024 07 11 07 25 00 000    2.64    -2.89     0.48  -367.10    -20.40    -18.20    4.66     74834.0
 2024 07 11 07 26 00 000    2.97    -2.57     0.56  -357.80    -11.10    -23.10    4.61     58140.0
 2024 07 11 07 27 00 000    1.79    -2.98     1.47  -361.80    -11.00    -21.20    4.45     56340.0
 2024 07 11 07 28 00 000    2.87    -2.54     0.30  -371.90     -9.30    -18.80    4.35     63100.0
 2024 07 11 07 29 00 000    3.05    -1.61     1.89  -369.50     -7.40    -23.50    4.87     80204.0
 2024 07 11 07 30 00 000    3.09    -1.00     2.10  -369.50     -7.40    -23.50    4.87     80204.0
 2024 07 11 07 31 00 000    3.11    -0.83     2.13  -359.90     -5.70    -10.40    4.96     98795.0
 2024 07 11 07 32 00 000    2.85    -0.77     2.25  -359.90     -5.70    -10.40    4.96     98795.0
 2024 07 11 07 33 00 000    2.70     0.04     2.21  -359.90     -5.70    -10.40    4.96     98795.0
 2024 07 11 07 34 00 000    2.39     1.09     2.63  -364.90     12.30     -5.00    4.62     65257.0
 2024 07 11 07 35 00 000    2.19     1.06     2.60  -364.60      6.70     -4.60    4.68     67224.0
 2024 07 11 07 36 00 000    3.21    -0.61     2.05  -366.80     11.00     -5.60    4.45     70399.0
 2024 07 11 07 37 00 000    3.34    -0.28     1.73  -360.80      0.10      3.90    4.67     61488.0
 2024 07 11 07 38 00 000    3.42     0.24     1.68  -360.60      1.10      0.10    4.69     59777.0
 2024 07 11 07 39 00 000    3.41     0.05     1.68  -360.60      1.40     -1.00    4.69     59259.0
 2024 07 11 07 40 00 000    3.26     0.42     2.20  -362.40     22.80     -7.40    4.88     73394.0
 2024 07 11 07 41 00 000    3.13     0.15     2.34  -362.40     22.80     -7.40    4.88     73394.0
 2024 07 11 07 42 00 000    3.12    -0.14     2.35  -360.70     -3.50     -5.10    4.93     80072.0
 2024 07 11 07 43 00 000    2.96    -0.43     2.64  -362.00     -3.70     -3.10    4.89     74886.0
 2024 07 11 07 44 00 000    3.01    -0.21     2.68  -364.80     -4.30      1.50    4.79     63259.0
 2024 07 11 07 45 00 000    3.05    -0.20     2.56  -364.80     -4.30      1.50    4.79     63259.0
 2024 07 11 07 46 00 000    3.27    -1.26     2.19  -364.80     -3.90     -3.60    4.81     59309.0
 2024 07 11 07 47 00 000    2.83    -2.26     1.85  -365.70     -8.00     -4.20    4.88     58425.0
 2024 07 11 07 48 00 000    2.57    -2.04     2.16  -368.60    -20.90     -5.90    5.10     55654.0
 2024 07 11 07 49 00 000    2.11    -1.70     2.63  -369.30    -22.60     -8.30    4.32     72124.0
 2024 07 11 07 50 00 000    2.01    -1.37     2.79  -368.40    -15.50     -3.80    4.56     79139.0
 2024 07 11 07 51 00 000    2.07    -1.06     2.83  -368.10    -10.90      0.10    4.68     82638.0
 2024 07 11 07 52 00 000    2.01    -1.36     2.87  -369.40    -13.10      1.60    4.44     77973.0
 2024 07 11 07 53 00 000    2.00    -0.96     2.87  -370.60    -13.60      1.80    4.35     78494.0
 2024 07 11 07 54 00 000    1.94    -0.30     3.01  -370.60    -13.60      1.80    4.35     78495.0
 2024 07 11 07 55 00 000    2.42     0.01     2.59  -370.60    -13.60      1.80    4.35     78495.0
 2024 07 11 07 56 00 000    2.95    -0.38     2.15  -370.60    -13.60      1.80    4.35     78495.0
 2024 07 11 07 57 00 000    2.68    -0.97     2.42  -365.80    -12.70     -3.70    4.88     69199.0
 2024 07 11 07 58 00 000    2.24    -0.47     2.73  -365.40     -9.50     -4.00    4.87     69285.0
 2024 07 11 07 59 00 000    2.47     0.23     2.59  -362.80     16.40     -6.50    4.76     71393.0
 2024 07 11 08 00 00 000    2.07    -0.34     2.95  -368.40     -6.80     -4.80    4.62     75985.0
 2024 07 11 08 01 00 000    3.15     0.57     2.07  -372.50     -5.00     -6.00    4.35     66496.0
 2024 07 11 08 02 00 000    3.49     0.54     1.69  -372.50     -5.00     -6.00    4.35     66485.0
 2024 07 11 08 03 00 000    3.41     0.21     1.94  -372.50     -5.00     -6.00    4.35     66485.0
 2024 07 11 08 04 00 000    3.54     1.21     1.70  -359.60      8.10     -0.80    4.87     67532.0
 2024 07 11 08 05 00 000    3.52     0.70     1.77  -360.20      8.80     -0.10    5.00     67863.0
 2024 07 11 08 06 00 000    3.59     0.71     1.56  -358.00      5.20     -3.10    4.98     66304.0
 2024 07 11 08 07 00 000    3.73     1.60     1.01  -355.90      2.10     -5.80    4.90     64930.0
 2024 07 11 08 08 00 000    3.74     1.77     0.81  -358.40     14.80     -5.40    4.89     68791.0
 2024 07 11 08 09 00 000    3.26     2.06     1.39  -358.40     14.80     -5.40    4.89     68791.0
 2024 07 11 08 10 00 000    3.63     1.61     0.97  -358.40     14.80     -5.40    4.89     68791.0
 2024 07 11 08 11 00 000    4.05     1.14     0.33  -358.40     14.80     -5.40    4.89     68791.0
 2024 07 11 08 12 00 000    3.72     1.89     0.30  -356.10     25.00    -17.50    5.00     97236.0
 2024 07 11 08 13 00 000    3.67     1.91    -0.03  -355.90     20.30    -17.90    5.11     92223.0
 2024 07 11 08 14 00 000    3.81     1.52    -0.67  -355.80     21.60    -21.30    4.96     76581.0
 2024 07 11 08 15 00 000    3.91     1.68    -0.47  -355.20     24.60    -25.40    4.60     57330.0
 2024 07 11 08 16 00 000    3.69     2.39    -0.44  -354.20     19.00    -25.70    4.59     51126.0
 2024 07 11 08 17 00 000    3.78     2.05    -0.86  -355.90     26.90    -12.40    4.61     67168.0
 2024 07 11 08 18 00 000    3.86     2.05    -0.82  -355.70     26.60    -13.70    4.60     65909.0
 2024 07 11 08 19 00 000    3.65     2.06    -1.10  -353.60     22.80    -27.30    4.48     52294.0
 2024 07 11 08 20 00 000    3.66     1.81    -1.36  -353.60     22.80    -27.30    4.48     52294.0
 2024 07 11 08 21 00 000    3.73     1.75    -1.38  -353.60     22.80    -27.30    4.48     52294.0
 2024 07 11 08 22 00 000    3.70     1.89    -1.02  -354.20     23.20    -28.90    4.57     53474.0
 2024 07 11 08 23 00 000    3.66     2.04    -1.09  -354.90     23.10    -26.40    4.61     55310.0
 2024 07 11 08 24 00 000    3.68     2.00    -1.17  -356.10     22.90    -22.50    4.68     58086.0
 2024 07 11 08 25 00 000    3.79     1.77    -1.09  -353.00     24.80    -25.50    4.42     51620.0
 2024 07 11 08 26 00 000    3.86     1.36    -1.04  -353.00     24.80    -25.50    4.42     51620.0
 2024 07 11 08 27 00 000    3.84     1.74    -0.42  -352.70     24.50    -23.20    4.59     56990.0
 2024 07 11 08 28 00 000    3.75     1.67    -0.78  -352.70     24.50    -23.20    4.59     57058.0
 2024 07 11 08 29 00 000    3.92     1.31    -0.60  -355.90     23.60    -25.90    4.93     73605.0
 2024 07 11 08 30 00 000    3.99     1.12    -0.36  -355.90     23.60    -25.90    4.93     73598.0
 2024 07 11 08 31 00 000    3.92     1.42    -0.31  -354.80     19.70    -20.10    4.91     70474.0
 2024 07 11 08 32 00 000    3.91     1.77    -0.39  -355.30     21.60    -22.00    4.93     71598.0
 2024 07 11 08 33 00 000    3.92     1.93    -0.47  -356.70     23.60    -22.60    4.96     70460.0
 2024 07 11 08 34 00 000    3.93     1.88    -0.30  -358.50     24.50    -21.00    4.97     66887.0
 2024 07 11 08 35 00 000    3.90     1.84    -0.22  -358.50     24.50    -21.00    4.97     66887.0
 2024 07 11 08 36 00 000    3.92     1.80    -0.14  -356.60     18.80    -20.80    5.05     74579.0
 2024 07 11 08 37 00 000    3.93     1.85    -0.01  -356.60     18.80    -20.80    5.05     74596.0
 2024 07 11 08 38 00 000    3.86     1.83     0.24  -356.10     17.10    -15.70    5.10     76982.0
 2024 07 11 08 39 00 000    4.00     1.55     0.26  -356.90     16.30    -10.40    4.92     73132.0
 2024 07 11 08 40 00 000    4.00     1.52     0.09  -357.70     14.80     -6.00    4.72     70185.0
 2024 07 11 08 41 00 000    3.94     1.67     0.10  -357.70     14.80     -6.00    4.72     70185.0
 2024 07 11 08 42 00 000    3.92     1.67     0.23  -356.10     15.70    -12.70    5.20     75388.0
 2024 07 11 08 43 00 000    4.01     1.44     0.26  -356.10     15.70    -12.70    5.20     75388.0
 2024 07 11 08 44 00 000    3.82     1.90     0.03  -356.10     15.70    -12.70    5.20     75388.0
 2024 07 11 08 45 00 000    3.70     2.07    -0.62  -355.50     23.20    -24.80    5.35     89257.0
 2024 07 11 08 46 00 000    3.93     1.90    -0.28  -355.50     23.20    -24.80    5.35     89257.0
 2024 07 11 08 47 00 000    4.05     1.84    -0.36  -355.00     21.90    -23.70    5.14     81088.0
 2024 07 11 08 48 00 000    4.13     1.49     0.03  -354.20     19.90    -22.00    4.82     67937.0
 2024 07 11 08 49 00 000    4.03     1.66    -0.37  -353.10     18.40    -20.60    4.69     59684.0
 2024 07 11 08 50 00 000    4.26     1.38    -0.29  -352.10     16.90    -19.20    4.57     51903.0
 2024 07 11 08 51 00 000    4.26     1.18     0.03  -352.00     16.70    -19.20    4.58     52136.0
 2024 07 11 08 52 00 000    4.02     1.59     0.29  -351.80     15.70    -19.00    4.62     53562.0
 2024 07 11 08 53 00 000    4.06     1.62     0.08  -355.90     22.20    -13.50    4.92     61187.0
 2024 07 11 08 54 00 000    3.85     1.99     0.35  -354.00     23.40    -21.40    4.87     61683.0
 2024 07 11 08 55 00 000    3.89     1.89     0.33  -354.30     19.10    -21.10    4.80     56533.0
 2024 07 11 08 56 00 000    3.92     1.54     0.18  -359.40     21.70    -10.90    5.13     69650.0
 2024 07 11 08 57 00 000    3.84     1.72     0.08  -359.40     21.70    -10.90    5.13     69650.0
 2024 07 11 08 58 00 000    3.80     1.61     0.16  -359.40     21.70    -10.90    5.13     69650.0
 2024 07 11 08 59 00 000    3.79     1.04     0.74  -357.50     18.70    -24.70    5.14     73184.0
 2024 07 11 09 00 00 000    3.31    -1.60     1.73  -358.70      7.70    -17.40    5.17     70615.0
 2024 07 11 09 01 00 000    2.67    -1.90     1.52  -360.50     -9.80     -5.90    5.23     67592.0
 2024 07 11 09 02 00 000    1.09    -2.83     1.96  -361.70     -4.60    -13.40    5.11     73281.0
 2024 07 11 09 03 00 000   -0.59    -3.52     1.82  -368.30     -7.60    -12.00    4.64     52678.0
 2024 07 11 09 04 00 000   -0.57    -3.63     1.60  -376.40    -13.70    -16.70    5.05     51868.0
 2024 07 11 09 05 00 000   -0.57    -3.67     1.65  -376.40    -13.70    -16.70    5.05     51868.0
 2024 07 11 09 06 00 000    0.05    -3.63     2.02  -373.00    -16.90    -15.20    4.85     47291.0
 2024 07 11 09 07 00 000   -0.14    -3.71     1.97  -371.70    -18.00    -14.70    4.77     45620.0
 2024 07 11 09 08 00 000   -0.23    -3.93     1.71  -373.10    -13.90    -16.50    4.90     47833.0
 2024 07 11 09 09 00 000   -0.72    -3.62     1.72  -373.20    -13.50    -16.70    4.91     48038.0
 2024 07 11 09 10 00 000   -0.55    -3.82     1.46  -379.90    -12.20    -14.60    4.80     46177.0
 2024 07 11 09 11 00 000   -0.21    -3.80     1.44  -376.60    -13.30    -17.00    4.99     47644.0
 2024 07 11 09 12 00 000   -0.17    -3.76     1.56  -374.90     -7.00    -25.40    4.38     39371.0
 2024 07 11 09 13 00 000   -0.79    -3.97     1.16  -374.90     -7.00    -25.40    4.38     39371.0
 2024 07 11 09 14 00 000   -1.14    -3.93     1.04  -377.10    -18.20    -20.10    5.22     54486.0
 2024 07 11 09 15 00 000   -1.34    -3.87     1.03  -377.20    -17.80    -20.10    5.23     54989.0
 2024 07 11 09 16 00 000   -1.20    -3.90     1.12  -378.80    -12.80    -19.60    5.31     61209.0
 2024 07 11 09 17 00 000   -0.83    -3.76     1.63  -377.20    -12.20    -18.20    5.24     54083.0
 2024 07 11 09 18 00 000   -0.60    -3.85     1.73  -376.20    -12.00    -17.30    5.20     49764.0
 2024 07 11 09 19 00 000   -0.10    -3.84     1.95  -371.70    -14.60    -12.50    4.92     50459.0
 2024 07 11 09 20 00 000    0.42    -3.10     2.46  -368.50     -9.00     -6.30    5.04     51478.0
 2024 07 11 09 21 00 000    1.38    -2.11     3.37  -368.80     -9.50     -6.20    5.19     51077.0
 2024 07 11 09 22 00 000    2.07    -2.00     3.00  -361.20     -4.70     -0.00    5.27     53997.0
 2024 07 11 09 23 00 000    2.37    -1.19     3.17  -353.90      2.40      8.00    5.33     59017.0
 2024 07 11 09 24 00 000    2.23    -1.46     3.11  -357.00     -7.80      1.70    5.56     77773.0
 2024 07 11 09 25 00 000    2.42    -1.10     3.04  -358.30    -10.10     -1.10    5.47     71304.0
 2024 07 11 09 26 00 000    2.85    -1.09     2.79  -358.30     -8.00      0.40    5.44     68750.0
 2024 07 11 09 28 00 000    2.69    -1.19     2.82  -358.30     -8.00      0.40    5.44     68750.0
 2024 07 11 09 30 00 000    2.48    -0.80     3.05  -358.30     -8.00      0.40    5.44     68750.0
 2024 07 11 09 31 00 000    2.87    -0.97     2.77  -358.30     -8.00      0.40    5.44     68750.0
 2024 07 11 09 32 00 000    2.41    -0.69     3.25  -358.30     -8.00      0.40    5.44     68750.0
 2024 07 11 09 33 00 000    2.61    -1.03     2.92  -358.30     -8.00      0.40    5.44     68750.0
 2024 07 11 09 34 00 000    2.37    -0.82     3.22  -358.30     -8.00      0.40    5.44     68750.0
 2024 07 11 09 35 00 000    2.41    -0.86     3.16  -358.30     -8.00      0.40    5.44     68750.0
 2024 07 11 09 36 00 000    2.40    -1.02     3.11  -357.40    -18.00     -3.70    5.59     84444.0
 2024 07 12 02 01 00 000    1.96    -2.80     3.13  -350.20     -3.80     -0.20    6.52     59651.0
 2024 07 12 02 02 00 000    2.19    -3.08     2.33  -350.20     -3.80     -0.20    6.52     59651.0
 2024 07 12 02 03 00 000    2.30    -3.54    -0.61  -347.90    -10.90     -4.00    6.85     49505.0
 2024 07 12 02 04 00 000    2.06    -3.54    -2.10  -347.70    -11.40     -4.20    6.87     48831.0
 2024 07 12 02 05 00 000    2.11    -3.93    -1.57  -350.40     -1.90    -18.00    6.39     44925.0
 2024 07 12 02 06 00 000    2.25    -3.93    -1.57  -350.40     -1.90    -18.00    6.39     44925.0
 2024 07 12 02 07 00 000    2.33    -4.00    -1.62  -350.60     -2.20    -20.80    6.48     45790.0
 2024 07 12 02 08 00 000    2.29    -4.07    -1.58  -350.60     -2.20    -21.20    6.49     45920.0
 2024 07 12 02 09 00 000    2.55    -4.06    -1.16  -349.00      1.90    -16.50    6.47     46522.0
 2024 07 12 02 10 00 000    2.84    -3.99    -0.93  -349.00      1.90    -16.50    6.47     46522.0
 2024 07 12 02 11 00 000    2.41    -4.23    -0.46  -348.50      1.00    -15.40    6.64     52194.0
 2024 07 12 02 12 00 000    1.63    -4.54    -0.86  -347.70     -0.40    -13.70    6.89     60988.0
 2024 07 12 02 13 00 000    2.50    -4.17     0.10  -348.00     -1.10     -7.50    6.92     42566.0
 2024 07 12 02 14 00 000    1.99    -4.27     0.94  -348.10     -1.20     -6.80    6.90     40393.0
 2024 07 12 02 15 00 000    2.57    -4.23    -0.33  -350.70     -1.00     -8.70    6.39     46690.0
 2024 07 12 02 16 00 000    2.61    -3.17    -2.75  -350.70     -1.00     -8.70    6.39     46690.0
 2024 07 12 02 17 00 000    2.48    -3.12    -2.81  -356.50      6.20    -30.40    5.06     31038.0
 2024 07 12 02 18 00 000    1.22    -1.70    -4.47  -353.20      4.70    -28.40    5.67     37754.0
 2024 07 12 02 19 00 000    2.19    -1.45    -4.32  -349.70      3.10    -26.30    6.32     44910.0
 2024 07 12 02 20 00 000    2.01    -1.04    -4.45  -349.70      3.10    -26.30    6.32     44910.0
 2024 07 12 02 21 00 000    2.09    -2.22    -4.06  -349.50      5.70    -29.50    7.17     53510.0
 2024 07 12 02 22 00 000    1.00    -1.36    -4.82  -349.50      5.70    -29.50    7.17     53510.0
 2024 07 12 02 23 00 000    0.98    -1.50    -4.86  -349.50      5.70    -29.50    7.17     53510.0
 2024 07 12 02 24 00 000    2.19    -2.67    -3.39  -350.30     10.60    -23.90    6.60     28884.0
 2024 07 12 02 25 00 000    2.63    -1.88    -3.77  -350.10     10.10    -25.70    6.61     32697.0
 2024 07 12 02 26 00 000    2.12    -1.62    -4.23  -349.40      8.10    -33.30    6.66     48488.0
 2024 07 12 02 27 00 000    1.51    -2.39    -3.89  -349.40      8.10    -33.30    6.66     48488.0
 2024 07 12 02 28 00 000    2.51    -2.79    -3.09  -349.70      5.10    -29.90    6.43     44813.0
 2024 07 12 02 29 00 000    0.48    -2.73    -4.13  -347.00      0.90    -27.50    6.59     52548.0
 2024 07 12 02 30 00 000    0.65    -2.11    -4.55  -354.40     -1.30    -33.40    6.30     43902.0
 2024 07 12 02 31 00 000    1.16    -2.54    -4.20  -355.90     10.30    -39.40    5.81     37873.0
 2024 07 12 02 32 00 000    1.81    -3.14    -3.65  -355.90     10.30    -39.40    5.81     37873.0
 2024 07 12 02 33 00 000    1.34    -2.54    -4.01  -357.90     11.00    -42.60    5.26     32088.0
 2024 07 12 02 34 00 000    0.92    -1.91    -4.42  -358.50      8.70    -40.80    5.89     33897.0
 2024 07 12 02 35 00 000    0.86    -2.65    -3.67  -358.60      8.30    -40.50    5.99     34201.0
 2024 07 12 02 36 00 000    2.19    -3.58    -2.42  -358.60      8.30    -40.50    5.99     34201.0
 2024 07 12 02 37 00 000    2.60    -2.94    -2.96  -358.60      8.30    -40.50    5.99     34201.0
 2024 07 12 02 38 00 000    2.78    -2.97    -2.67  -345.10      5.90    -31.70    6.54     59309.0
 2024 07 12 02 39 00 000    3.15    -3.24    -0.96  -343.70      1.20    -26.80    6.71     62794.0
 2024 07 12 02 40 00 000    3.47    -3.46     0.33  -343.00     -3.80    -21.50    7.16     71629.0
 2024 07 12 02 41 00 000    2.21    -4.16    -1.68  -346.10     -1.80    -27.00    7.69     86290.0
 2024 07 12 02 42 00 000    2.27    -4.14    -1.85  -353.10      0.30    -26.30    6.06     37390.0
 2024 07 12 02 43 00 000    2.71    -4.05    -1.09  -353.10      0.30    -26.30    6.06     37390.0
 2024 07 12 02 44 00 000    2.48    -4.20    -1.27  -353.10      0.30    -26.30    6.06     37390.0
 2024 07 12 02 45 00 000    0.89    -1.27     4.11  -356.80     10.50      1.70    5.54     38025.0
 2024 07 12 02 46 00 000    2.42    -3.52    -0.28  -350.60      4.30     -6.80    6.08     45373.0
 2024 07 12 02 47 00 000    2.82    -3.64    -0.41  -343.90     -2.60    -15.20    6.63     53096.0
 2024 07 12 02 48 00 000    2.76    -3.25     0.44  -345.30     -3.40     -6.50    6.23     49833.0
 2024 07 12 02 49 00 000    2.99    -3.32    -1.31  -341.00     13.40    -14.70    6.58     62304.0
 2024 07 12 02 50 00 000    3.05    -2.32    -0.20  -340.30     16.30    -16.10    6.64     64415.0
 2024 07 12 02 51 00 000    3.12    -2.52     0.05  -344.80     -2.20    -26.80    7.35     58554.0
 2024 07 12 02 52 00 000    2.89    -2.89    -1.38  -344.80     -2.20    -26.80    7.35     58554.0
 2024 07 12 02 53 00 000    2.82    -3.00    -1.42  -343.60      6.30    -31.60    6.91     74832.0
 2024 07 12 02 54 00 000    2.87    -2.39     1.25  -343.40      6.70    -31.50    6.87     76446.0
 2024 07 12 02 55 00 000    2.05    -2.72     2.87  -345.60     -1.80     -6.30    6.43     74260.0
 2024 07 12 02 56 00 000    3.60    -1.65     2.08  -343.30     -3.30     -3.30    6.70     74702.0
 2024 07 12 02 57 00 000    3.80    -1.58     1.55  -343.30     -3.30     -3.30    6.70     74702.0
 2024 07 12 02 58 00 000    3.36    -2.10     1.39  -346.50     -5.30      6.10    6.10     49487.0
 2024 07 12 02 59 00 000    3.20    -2.08     1.66  -343.40     -2.30      0.90    6.26     53550.0
 2024 07 12 03 00 00 000    3.40    -1.23     2.58  -336.10      8.60    -10.90    6.69     62573.0
 2024 07 12 03 01 00 000    3.00    -0.87     3.81  -344.50     12.30      3.60    6.53     50481.0
 2024 07 12 03 02 00 000    2.33    -2.23     3.60  -345.30     -5.50      8.20    6.44     49660.0
 2024 07 12 03 03 00 000    1.77    -3.14     3.38  -345.40     -5.40      8.20    6.44     49682.0
 2024 07 12 03 04 00 000    0.58    -3.84     1.96  -349.50      0.10      5.80    6.49     51373.0
 2024 07 12 03 05 00 000   -2.37    -3.67    -2.94  -349.50      0.10      5.80    6.49     51373.0
 2024 07 12 03 06 00 000   -1.12    -4.41    -1.13  -349.50      0.10      5.80    6.49     51373.0
 2024 07 12 03 07 00 000   -0.06    -4.91     0.52  -359.20     -8.60     -8.10    6.16     44991.0
 2024 07 12 03 08 00 000    0.54    -4.37     2.08  -359.20     -8.60     -8.10    6.16     44991.0
 2024 07 12 03 09 00 000    0.55    -4.82     1.71  -358.40     -5.90     -6.40    6.14     41372.0
 2024 07 12 03 10 00 000    0.60    -4.84     1.59  -358.40     -4.80     -5.90    6.09     39388.0
 2024 07 12 03 11 00 000    0.30    -4.56     1.79  -360.50     -3.40     -6.00    5.78     33170.0
 2024 07 12 03 12 00 000   -0.23    -4.61     0.80  -360.60     -3.30     -6.00    5.76     32817.0
 2024 07 12 03 13 00 000    2.08    -0.46     3.95  -351.50     12.40     -3.60    6.97     53331.0
 2024 07 12 03 14 00 000    1.66    -1.41     4.35  -351.80     10.40      2.40    6.79     53872.0
 2024 07 12 03 15 00 000    1.68    -1.26     4.42  -352.00      8.90      6.70    6.67     54265.0
 2024 07 12 03 16 00 000    2.24    -1.78     4.11  -349.20      9.30      8.90    6.22     48522.0
 2024 07 12 03 17 00 000    2.31    -2.11     3.90  -349.20      9.30      8.90    6.22     48522.0
 2024 07 12 03 18 00 000    2.49    -2.21     3.76  -348.00      0.70      5.70    6.52     74367.0
 2024 07 12 03 19 00 000    2.46    -1.71     3.95  -348.00      0.70      5.70    6.52     74367.0
 2024 07 12 03 20 00 000    2.46    -2.05     3.78  -346.60     14.30      1.40    6.29     42936.0
 2024 07 12 03 21 00 000    2.52    -2.85     3.48  -346.70     11.60      2.20    6.32     43290.0
 2024 07 12 03 22 00 000    1.24    -2.75     4.08  -349.00     -2.30      5.90    6.41     45456.0
 2024 07 12 03 23 00 000    1.53    -2.52     4.26  -354.10      4.10      2.10    6.26     45522.0
 2024 07 12 03 24 00 000    3.15    -1.00     3.93  -343.10     11.10      7.50    6.36     51021.0
 2024 07 12 03 25 00 000    2.63    -1.37     4.14  -344.20     13.20      8.30    6.45     50846.0
 2024 07 12 03 26 00 000    2.49    -1.41     4.00  -346.70     16.00     11.00    6.46     49633.0
 2024 07 12 03 27 00 000    3.03    -1.03     4.02  -349.20      6.20      6.70    7.50     58503.0
 2024 07 12 03 28 00 000    3.36    -0.95     3.82  -349.20      6.00      6.60    7.52     58705.0
 2024 07 12 03 29 00 000    3.11    -1.63     3.77  -349.20      6.00      6.60    7.52     58705.0
 2024 07 12 03 30 00 000    3.11    -1.63     3.77  -349.20      6.00      6.60    7.52     58705.0
 2024 07 12 03 31 00 000    2.12    -2.30     3.96  -354.70      1.90      5.10    6.68     51232.0
 2024 07 12 03 32 00 000    2.08    -2.63     3.87  -350.60      3.40      3.70    6.62     50629.0
 2024 07 12 03 33 00 000    1.78    -2.06     4.30  -344.70      5.60      1.60    6.53     49775.0
 2024 07 12 03 34 00 000    1.74    -2.07     4.31  -350.80      7.30      4.20    5.71     45820.0
 2024 07 12 03 35 00 000    0.24    -3.69     3.63  -350.80      7.30      4.20    5.71     45820.0
 2024 07 12 03 36 00 000   -0.24    -4.12     3.03  -350.80      7.30      4.20    5.71     45820.0
 2024 07 12 03 37 00 000    1.73    -2.28     4.22  -350.80      7.30      4.20    5.71     45820.0
 2024 07 12 03 38 00 000    2.08    -2.30     4.02  -349.40      6.90      8.70    6.13     51868.0
 2024 07 12 03 39 00 000    2.06    -2.38     4.04  -349.10      6.00      7.80    6.11     49359.0
 2024 07 12 03 40 00 000    1.41    -1.37     4.69  -350.60      7.80      8.00    6.13     46718.0
 2024 07 12 03 41 00 000    1.33    -0.75     4.89  -352.40     11.10     10.00    6.20     50293.0
 2024 07 12 03 42 00 000    1.54    -0.72     4.80  -351.30     13.70      1.50    6.18     47534.0
 2024 07 12 03 43 00 000    1.69    -0.62     4.72  -351.20     13.80      2.00    6.16     46935.0
 2024 07 12 03 44 00 000    1.79    -1.03     4.61  -350.60     14.90      6.40    6.00     42166.0
 2024 07 12 03 45 00 000    1.77    -0.88     4.61  -350.60     14.90      6.40    6.00     42166.0
 2024 07 12 03 46 00 000    2.12    -1.12     3.93  -350.60     14.90      6.40    6.00     42166.0
 2024 07 12 03 47 00 000    0.84     1.76     4.75  -350.60     14.90      6.40    6.00     42166.0
 2024 07 12 03 48 00 000    1.43     0.81     4.74  -350.60     14.90      6.40    6.00     42166.0
 2024 07 12 05 04 00 000    4.05    -2.47    -2.13  -350.60     14.90      6.40    6.00     42166.0
 2024 07 12 05 05 00 000    4.50    -1.45    -2.42  -350.60     14.90      6.40    6.00     42166.0
 2024 07 12 05 06 00 000    4.29    -1.94    -2.27  -350.60     14.90      6.40    6.00     42166.0
 2024 07 12 05 07 00 000    4.17    -2.47    -1.78  -350.60     14.90      6.40    6.00     42166.0
 2024 07 12 05 08 00 000    4.65    -1.13    -2.14  -350.60     14.90      6.40    6.00     42166.0
 2024 07 12 05 09 00 000    4.55    -0.96    -2.40  -350.60     14.90      6.40    6.00     42166.0
 2024 07 12 05 10 00 000    3.11    -1.88    -1.58  -350.60     14.90      6.40    6.00     42166.0
 2024 07 12 05 11 00 000   -0.55    -4.98     0.41  -350.60     14.90      6.40    6.00     42166.0
 2024 07 12 05 12 00 000   -0.02    -5.02    -0.29  -350.60     14.90      6.40    6.00     42166.0
 2024 07 12 05 13 00 000   -0.92    -4.86    -0.03  -350.60     14.90      6.40    6.00     42166.0
 2024 07 12 05 14 00 000   -0.51    -4.96    -0.45  -350.60     14.90      6.40    6.00     42166.0
 2024 07 12 05 15 00 000    0.44    -4.90    -1.50  -350.60     14.90      6.40    6.00     42166.0
 2024 07 12 05 16 00 000    0.32    -4.98    -1.64  -350.60     14.90      6.40    6.00     42166.0
 2024 07 12 05 17 00 000   -0.50    -4.31    -2.87  -350.60     14.90      6.40    6.00     42166.0
 2024 07 12 05 18 00 000   -0.38    -4.28    -3.11  -350.60     14.90      6.40    6.00     42166.0
 2024 07 12 05 19 00 000   -1.10    -4.08    -3.27  -350.60     14.90      6.40    6.00     42166.0
 2024 07 12 05 20 00 000   -0.11    -3.88    -3.74  -350.60     14.90      6.40    6.00     42166.0
 2024 07 12 05 21 00 000   -0.47    -4.08    -3.58  -350.60     14.90      6.40    6.00     42166.0
 2024 07 12 05 22 00 000   -1.24    -3.20    -4.18  -350.60     14.90      6.40    6.00     42166.0
 2024 07 12 05 23 00 000    0.37    -3.54    -3.99  -350.60     14.90      6.40    6.00     42166.0
 2024 07 12 05 24 00 000   -1.45    -4.02    -3.36  -350.60     14.90      6.40    6.00     42166.0
 2024 07 12 05 25 00 000   -1.54    -4.13    -3.32  -350.60     14.90      6.40    6.00     42166.0
 2024 07 12 05 26 00 000   -1.21    -4.26    -3.19  -350.60     14.90      6.40    6.00     42166.0
 2024 07 12 05 27 00 000   -1.20    -3.89    -3.56  -350.60     14.90      6.40    6.00     42166.0
 2024 07 12 05 28 00 000   -1.01    -3.34    -4.19  -350.60     14.90      6.40    6.00     42166.0
 2024 07 12 05 29 00 000   -0.48    -2.57    -4.71  -350.60     14.90      6.40    6.00     42166.0
 2024 07 12 05 30 00 000   -1.23    -3.43    -3.80  -350.60     14.90      6.40    6.00     42166.0
 2024 07 12 05 31 00 000   -1.16    -3.30    -3.79  -350.60     14.90      6.40    6.00     42166.0
 2024 07 12 05 32 00 000   -2.08    -3.04    -3.76  -350.60     14.90      6.40    6.00     42166.0
 2024 07 12 05 33 00 000   -1.00    -4.20    -3.13  -350.60     14.90      6.40    6.00     42166.0
 2024 07 12 05 34 00 000   -0.92    -4.53    -2.54  -350.60     14.90      6.40    6.00     42166.0
 2024 07 12 05 35 00 000   -0.68    -3.87    -3.58  -350.60     14.90      6.40    6.00     42166.0
 2024 07 12 05 36 00 000    0.65    -2.81    -4.62  -350.60     14.90      6.40    6.00     42166.0
 2024 07 12 05 37 00 000    1.37    -2.19    -4.76  -350.60     14.90      6.40    6.00     42166.0
 2024 07 12 05 38 00 000   -0.72    -4.32    -3.51  -350.60     14.90      6.40    6.00     42166.0
 2024 07 12 05 39 00 000   -0.45    -4.22    -3.73  -359.20      0.00    -36.60    5.82     36672.0
 2024 07 12 05 40 00 000   -0.21    -4.22    -3.74  -359.20      0.00    -36.60    5.82     36672.0
 2024 07 12 05 41 00 000   -0.10    -3.09    -4.47  -360.20      9.90    -34.70    5.09     31684.0
 2024 07 12 05 42 00 000    0.19    -3.53    -4.08  -359.10      8.50    -35.30    5.18     31377.0
 2024 07 12 05 43 00 000    0.27    -2.77    -4.58  -357.10      2.40    -36.20    5.61     33289.0
 2024 07 12 05 44 00 000   -0.06    -3.06    -4.46  -357.10      2.40    -36.20    5.61     33289.0
 2024 07 12 05 45 00 000    0.21    -3.40    -4.39  -357.10      2.40    -36.20    5.61     33289.0
 2024 07 12 05 46 00 000    0.18    -3.84    -3.97  -357.10      2.40    -36.20    5.61     33289.0
 2024 07 12 05 47 00 000    0.61    -3.31    -3.74  -357.10      2.40    -36.20    5.61     33289.0
 2024 07 12 05 48 00 000    3.58    -0.32    -3.82  -357.10      2.40    -36.20    5.61     33289.0
 2024 07 12 05 49 00 000    3.53    -1.24    -3.69  -357.10      2.40    -36.20    5.61     33289.0
 2024 07 12 05 50 00 000    3.10    -1.95    -3.68  -357.10      2.40    -36.20    5.61     33289.0
 2024 07 12 05 51 00 000    2.42    -2.88    -3.76  -357.10      2.40    -36.20    5.61     33289.0
 2024 07 12 05 52 00 000    2.25    -3.25    -3.45  -357.10      2.40    -36.20    5.61     33289.0
 2024 07 12 05 53 00 000    1.80    -3.81    -3.25  -357.10      2.40    -36.20    5.61     33289.0
 2024 07 12 05 54 00 000    1.18    -3.66    -3.06  -357.10      2.40    -36.20    5.61     33289.0
 2024 07 12 05 55 00 000    0.83    -3.85    -3.26  -357.10      2.40    -36.20    5.61     33289.0
 2024 07 12 05 56 00 000   -0.08    -4.69    -2.12  -357.10      2.40    -36.20    5.61     33289.0
 2024 07 12 05 57 00 000   -0.24    -4.78    -1.97  -357.10      2.40    -36.20    5.61     33289.0
 2024 07 12 05 58 00 000    0.23    -4.60    -2.32  -357.10      2.40    -36.20    5.61     33289.0
 2024 07 12 05 59 00 000    0.64    -4.56    -2.39  -357.10      2.40    -36.20    5.61     33289.0
 2024 07 12 06 00 00 000    1.15    -3.69    -3.30  -357.10      2.40    -36.20    5.61     33289.0
 2024 07 12 06 01 00 000    1.78    -3.20    -3.39  -357.10      2.40    -36.20    5.61     33289.0
 2024 07 12 06 02 00 000    0.77    -3.83    -3.36  -357.10      2.40    -36.20    5.61     33289.0
 2024 07 12 06 03 00 000    0.83    -3.18    -3.92  -357.10      2.40    -36.20    5.61     33289.0
 2024 07 12 06 04 00 000    1.57    -3.44    -3.55  -357.10      2.40    -36.20    5.61     33289.0
 2024 07 12 06 05 00 000    1.64    -3.47    -3.51  -357.10      2.40    -36.20    5.61     33289.0
 2024 07 12 06 06 00 000    2.47    -2.64    -3.73  -357.10      2.40    -36.20    5.61     33289.0
 2024 07 12 06 07 00 000    2.52    -3.40    -3.05  -357.10      2.40    -36.20    5.61     33289.0
 2024 07 12 06 08 00 000    2.34    -3.90    -2.44  -357.10      2.40    -36.20    5.61     33289.0
 2024 07 12 06 09 00 000    1.91    -4.52    -1.49  -357.10      2.40    -36.20    5.61     33289.0
 2024 07 12 06 10 00 000    1.94    -4.66    -0.52  -357.10      2.40    -36.20    5.61     33289.0
 2024 07 12 06 11 00 000    1.51    -4.71    -0.40  -357.10      2.40    -36.20    5.61     33289.0
 2024 07 12 06 12 00 000    1.27    -4.38    -2.13  -357.10      2.40    -36.20    5.61     33289.0
 2024 07 12 06 13 00 000    1.16    -4.21    -2.84  -357.10      2.40    -36.20    5.61     33289.0
 2024 07 12 06 14 00 000    1.02    -4.19    -2.95  -357.10      2.40    -36.20    5.61     33289.0
 2024 07 12 06 15 00 000    0.48    -4.13    -3.28  -357.10      2.40    -36.20    5.61     33289.0
 2024 07 12 06 16 00 000    0.56    -4.05    -3.40  -357.10      2.40    -36.20    5.61     33289.0
 2024 07 12 06 17 00 000   -0.42    -3.08    -4.24  -357.00     -3.60    -30.90    6.85     50600.0
 2024 07 12 06 18 00 000   -1.27    -2.90    -4.38  -357.00     -3.60    -30.90    6.85     50600.0
 2024 07 12 06 19 00 000   -1.00    -3.30    -4.15  -357.00     -3.60    -30.90    6.85     50600.0
 2024 07 12 06 20 00 000   -0.50    -3.21    -4.29  -357.00     -3.60    -30.90    6.85     50600.0
 2024 07 12 06 21 00 000    0.17    -2.68    -4.62  -357.00     -3.60    -30.90    6.85     50600.0
 2024 07 12 06 22 00 000    1.15    -1.91    -4.81  -357.00     -3.60    -30.90    6.85     50600.0
 2024 07 12 06 23 00 000    0.88    -1.67    -4.94  -357.00     -3.60    -30.90    6.85     50600.0
 2024 07 12 06 24 00 000    0.80    -1.59    -4.89  -357.00     -3.60    -30.90    6.85     50600.0
 2024 07 12 06 25 00 000    0.12    -2.42    -4.44  -357.00     -3.60    -30.90    6.85     50600.0
 2024 07 12 06 26 00 000    0.36    -2.93    -4.17  -357.00     -3.60    -30.90    6.85     50600.0
 2024 07 12 06 27 00 000    0.44    -2.82    -4.38  -351.90      9.00    -32.70    5.85     38940.0
 2024 07 12 06 28 00 000    0.45    -2.40    -4.28  -351.90      9.00    -32.70    5.85     38940.0
 2024 07 12 06 29 00 000   -0.30    -1.71    -4.63  -351.90      9.00    -32.70    5.85     38940.0
 2024 07 12 06 30 00 000   -1.38    -0.97    -4.81  -351.90      9.00    -32.70    5.85     38940.0
 2024 07 12 06 31 00 000   -1.11    -1.31    -4.70  -351.90      9.00    -32.70    5.85     38940.0
 2024 07 12 06 32 00 000   -1.93    -1.14    -4.48  -351.90      9.00    -32.70    5.85     38940.0
 2024 07 12 06 33 00 000   -1.73     0.74    -4.66  -351.90      9.00    -32.70    5.85     38940.0
 2024 07 12 06 34 00 000   -0.35     1.47    -4.52  -351.90      9.00    -32.70    5.85     38940.0
 2024 07 12 06 35 00 000    0.03    -1.57    -4.73  -351.90      9.00    -32.70    5.85     38940.0
 2024 07 12 06 36 00 000   -0.27    -2.57    -4.31  -351.90      9.00    -32.70    5.85     38940.0
 2024 07 12 06 37 00 000    0.49    -3.09    -3.51  -351.90      9.00    -32.70    5.85     38940.0
 2024 07 12 06 38 00 000    1.77    -3.77    -2.32  -351.90      9.00    -32.70    5.85     38940.0
 2024 07 12 06 39 00 000    0.96    -4.00    -2.52  -351.90      9.00    -32.70    5.85     38940.0
 2024 07 12 06 40 00 000    0.41    -4.30    -2.45  -351.90      9.00    -32.70    5.85     38940.0
 2024 07 12 06 41 00 000    1.11    -3.26    -3.41  -351.90      9.00    -32.70    5.85     38940.0
 2024 07 12 06 42 00 000    0.11    -3.15    -3.78  -351.90      9.00    -32.70    5.85     38940.0
 2024 07 12 06 43 00 000    0.52    -3.35    -3.68  -351.90      9.00    -32.70    5.85     38940.0
 2024 07 12 06 44 00 000    0.45    -3.24    -3.75  -351.90      9.00    -32.70    5.85     38940.0
 2024 07 12 06 45 00 000    0.29    -2.02    -4.21  -351.90      9.00    -32.70    5.85     38940.0
 2024 07 12 06 46 00 000    0.41    -2.44    -3.82  -351.90      9.00    -32.70    5.85     38940.0
 2024 07 12 06 47 00 000    1.10    -4.37    -1.66  -351.90      9.00    -32.70    5.85     38940.0
 2024 07 12 06 48 00 000    0.04    -4.39    -2.43  -351.90      9.00    -32.70    5.85     38940.0
 2024 07 12 06 49 00 000    0.14    -4.25    -2.44  -351.90      9.00    -32.70    5.85     38940.0
 2024 07 12 06 50 00 000    0.38    -4.01    -3.19  -351.90      9.00    -32.70    5.85     38940.0
 2024 07 13 04 48 00 000    4.52    -1.89     3.24  -351.90      9.00    -32.70    5.85     38940.0
 2024 07 13 04 49 00 000    4.49    -1.48     3.49  -351.90      9.00    -32.70    5.85     38940.0
 2024 07 13 04 50 00 000    4.50    -1.64     3.35  -351.90      9.00    -32.70    5.85     38940.0
 2024 07 13 04 51 00 000    4.47    -1.70     3.38  -351.90      9.00    -32.70    5.85     38940.0
 2024 07 13 04 52 00 000    4.55    -1.53     3.33  -351.90      9.00    -32.70    5.85     38940.0
 2024 07 13 04 53 00 000    4.42    -1.67     3.46  -351.90      9.00    -32.70    5.85     38940.0
 2024 07 13 04 54 00 000    4.56    -1.64     3.29  -351.90      9.00    -32.70    5.85     38940.0
 2024 07 13 04 55 00 000    4.46    -1.82     3.34  -351.90      9.00    -32.70    5.85     38940.0
 2024 07 13 04 56 00 000    4.48    -2.14     3.13  -351.90      9.00    -32.70    5.85     38940.0
 2024 07 13 04 57 00 000    4.50    -2.04     3.12  -351.90      9.00    -32.70    5.85     38940.0
 2024 07 13 04 58 00 000    4.41    -2.15     3.17  -351.90      9.00    -32.70    5.85     38940.0
 2024 07 13 04 59 00 000    4.54    -1.84     3.25  -351.90      9.00    -32.70    5.85     38940.0
 2024 07 13 05 00 00 000    4.59    -1.88     3.21  -351.90      9.00    -32.70    5.85     38940.0
 2024 07 13 05 01 00 000    4.63    -2.35     2.88  -351.90      9.00    -32.70    5.85     38940.0
 2024 07 13 05 02 00 000    4.61    -2.75     2.68  -351.90      9.00    -32.70    5.85     38940.0
 2024 07 13 05 03 00 000    4.38    -3.93     1.62  -351.90      9.00    -32.70    5.85     38940.0
 2024 07 13 05 04 00 000    4.16    -4.27     1.56  -351.90      9.00    -32.70    5.85     38940.0
 2024 07 13 05 05 00 000    4.22    -4.03     1.72  -351.90      9.00    -32.70    5.85     38940.0
 2024 07 13 05 06 00 000    4.43    -3.19     2.61  -351.90      9.00    -32.70    5.85     38940.0
 2024 07 13 05 07 00 000    4.33    -3.39     2.58  -351.90      9.00    -32.70    5.85     38940.0
 2024 07 13 05 08 00 000    4.23    -3.48     2.61  -351.90      9.00    -32.70    5.85     38940.0
 2024 07 13 05 09 00 000    4.26    -3.48     2.59  -351.90      9.00    -32.70    5.85     38940.0
 2024 07 13 05 10 00 000    4.25    -3.54     2.59  -351.90      9.00    -32.70    5.85     38940.0
 2024 07 13 05 11 00 000    4.16    -3.59     2.64  -351.90      9.00    -32.70    5.85     38940.0
 2024 07 13 05 12 00 000    4.18    -3.60     2.62  -351.90      9.00    -32.70    5.85     38940.0
 2024 07 13 05 13 00 000    4.21    -3.57     2.63  -351.90      9.00    -32.70    5.85     38940.0
 2024 07 13 05 14 00 000    4.26    -3.55     2.62  -351.90      9.00    -32.70    5.85     38940.0
 2024 07 13 05 15 00 000    4.53    -3.41     2.27  -329.70     -8.80    -21.80    3.76     25974.0
 2024 07 13 05 16 00 000    4.86    -3.21     1.89  -329.70     -8.80    -21.80    3.76     25974.0
 2024 07 13 05 17 00 000    5.03    -3.24     1.38  -329.70     -8.80    -21.80    3.76     25974.0
 2024 07 13 05 18 00 000    4.64    -3.62     1.52  -329.70     -8.80    -21.80    3.76     25974.0
 2024 07 13 05 19 00 000    4.29    -3.92     1.66  -329.70     -8.80    -21.80    3.76     25974.0
 2024 07 13 05 20 00 000    4.63    -3.71     1.43  -329.70     -8.80    -21.80    3.76     25974.0
 2024 07 13 05 21 00 000    4.48    -3.90     1.38  -329.70     -8.80    -21.80    3.76     25974.0
 2024 07 13 05 22 00 000    4.77    -3.76     0.98  -329.70     -8.80    -21.80    3.76     25974.0
 2024 07 13 05 23 00 000    4.76    -3.77     1.14  -329.70     -8.80    -21.80    3.76     25974.0
 2024 07 13 05 24 00 000    4.40    -4.09     1.37  -329.70     -8.80    -21.80    3.76     25974.0
 2024 07 13 05 25 00 000    4.67    -3.90     0.76  -329.70     -8.80    -21.80    3.76     25974.0
 2024 07 13 05 26 00 000    4.65    -3.96     0.69  -329.70     -8.80    -21.80    3.76     25974.0
 2024 07 13 05 27 00 000    4.66    -3.98     0.60  -329.70     -8.80    -21.80    3.76     25974.0
 2024 07 13 05 28 00 000    4.57    -4.09     0.41  -328.10    -18.70    -27.80    4.15     39711.0
 2024 07 13 05 29 00 000    4.36    -4.32     0.32  -328.10    -18.70    -27.80    4.15     39711.0
 2024 07 13 05 30 00 000    4.24    -4.43     0.21  -328.10    -18.70    -27.80    4.15     39711.0
 2024 07 13 05 31 00 000    4.25    -4.43     0.12  -328.10    -18.70    -27.80    4.15     39711.0
 2024 07 13 05 32 00 000    4.59    -4.08    -0.12  -328.10    -18.70    -27.80    4.15     39711.0
 2024 07 13 05 33 00 000    4.61    -4.03    -0.06  -327.00    -16.60    -33.80    4.11     22140.0
 2024 07 13 05 34 00 000    4.34    -4.25    -0.10  -327.00    -16.60    -33.80    4.11     22140.0
 2024 07 13 05 35 00 000    4.02    -4.58    -0.25  -327.00    -16.60    -33.80    4.11     22140.0
 2024 07 13 05 36 00 000    3.91    -4.67    -0.44  -327.00    -16.60    -33.80    4.11     22140.0
 2024 07 13 05 37 00 000    3.81    -4.72    -0.52  -327.00    -16.60    -33.80    4.11     22140.0
 2024 07 13 05 38 00 000    4.18    -4.48    -0.10  -327.00    -16.60    -33.80    4.11     22140.0
 2024 07 13 05 39 00 000    4.15    -4.47    -0.36  -327.00    -16.60    -33.80    4.11     22140.0
 2024 07 13 05 40 00 000    4.20    -3.37     1.24  -327.00    -16.60    -33.80    4.11     22140.0
 2024 07 13 05 41 00 000    4.54    -2.33     3.07  -327.00    -16.60    -33.80    4.11     22140.0
 2024 07 13 05 42 00 000    4.41    -2.33     3.17  -327.00    -16.60    -33.80    4.11     22140.0
 2024 07 13 05 43 00 000    4.64    -2.90     2.23  -327.00    -16.60    -33.80    4.11     22140.0
 2024 07 13 05 44 00 000    4.70    -3.14     1.79  -327.00    -16.60    -33.80    4.11     22140.0
 2024 07 13 05 45 00 000    4.58    -2.86     2.35  -327.00    -16.60    -33.80    4.11     22140.0
 2024 07 13 05 46 00 000    4.48    -3.23     1.76  -327.00    -16.60    -33.80    4.11     22140.0
 2024 07 13 05 47 00 000    4.59    -3.90     0.80  -328.50    -15.40    -33.20    4.20     43162.0
 2024 07 13 05 48 00 000    4.63    -3.85     0.63  -328.50    -15.40    -33.20    4.20     43162.0
 2024 07 13 05 49 00 000    4.62    -3.74     1.15  -328.50    -15.40    -33.20    4.20     43162.0
 2024 07 13 05 50 00 000    4.74    -3.63     0.99  -328.50    -15.40    -33.20    4.20     43162.0
 2024 07 13 05 51 00 000    4.86    -3.55     0.80  -328.50    -15.40    -33.20    4.20     43162.0
 2024 07 13 05 52 00 000    4.76    -3.62     1.06  -328.50    -15.40    -33.20    4.20     43162.0
 2024 07 13 05 53 00 000    4.82    -3.49     1.21  -328.50    -15.40    -33.20    4.20     43162.0
 2024 07 13 05 54 00 000    4.89    -3.26     1.51  -328.50    -15.40    -33.20    4.20     43162.0
 2024 07 13 05 55 00 000    4.91    -3.11     1.67  -328.50    -15.40    -33.20    4.20     43162.0
 2024 07 13 05 56 00 000    4.82    -3.28     1.55  -328.50    -15.40    -33.20    4.20     43162.0
 2024 07 13 05 57 00 000    4.92    -3.22     1.48  -328.50    -15.40    -33.20    4.20     43162.0
 2024 07 13 05 58 00 000    5.33    -2.13     1.80  -323.50     -3.10    -11.20    4.34     41498.0
 2024 07 13 05 59 00 000    5.83    -0.85     1.13  -323.50     -3.10    -11.20    4.34     41498.0
 2024 07 13 06 00 00 000    5.57    -0.33     1.58  -323.50     -3.10    -11.20    4.34     41498.0
 2024 07 13 06 01 00 000    5.46    -0.35     1.97  -323.50     -3.10    -11.20    4.34     41498.0
 2024 07 13 06 02 00 000    5.30    -0.62     2.51  -321.30      0.20    -15.20    4.75     50670.0
 2024 07 13 06 03 00 000    5.36    -0.54     2.34  -321.30      0.20    -15.20    4.75     50670.0
 2024 07 13 06 04 00 000    5.22    -0.33     2.73  -321.30      0.20    -15.20    4.75     50670.0
 2024 07 13 06 05 00 000    4.73    -0.95     3.56  -321.30      0.20    -15.20    4.75     50670.0
 2024 07 13 06 06 00 000    3.89    -2.23     3.87  -321.30      0.20    -15.20    4.75     50670.0
 2024 07 13 06 07 00 000    3.85    -1.77     4.16  -321.30      0.20    -15.20    4.75     50670.0
 2024 07 13 06 08 00 000    3.60    -1.58     4.61  -321.30      0.20    -15.20    4.75     50670.0
 2024 07 13 06 09 00 000    3.57    -1.37     4.73  -321.30      0.20    -15.20    4.75     50670.0
 2024 07 13 06 10 00 000    3.60    -1.87     4.27  -321.30      0.20    -15.20    4.75     50670.0
 2024 07 13 06 11 00 000    3.37    -2.17     4.56  -321.30      0.20    -15.20    4.75     50670.0
 2024 07 13 06 12 00 000    4.01    -1.98     4.06  -321.30      0.20    -15.20    4.75     50670.0
 2024 07 13 06 13 00 000    4.24    -1.67     4.00  -321.30      0.20    -15.20    4.75     50670.0
 2024 07 13 06 14 00 000    4.09    -1.41     4.36  -321.30      0.20    -15.20    4.75     50670.0
 2024 07 13 06 15 00 000    4.32    -1.21     4.12  -321.30      0.20    -15.20    4.75     50670.0
 2024 07 13 06 16 00 000    4.96    -1.32     3.43  -321.30      0.20    -15.20    4.75     50670.0
 2024 07 13 06 17 00 000    5.16    -1.00     3.35  -321.30      0.20    -15.20    4.75     50670.0
 2024 07 13 06 18 00 000    5.15    -1.58     3.20  -321.30      0.20    -15.20    4.75     50670.0
 2024 07 13 06 19 00 000    5.30    -2.01     2.63  -321.30      0.20    -15.20    4.75     50670.0
 2024 07 13 06 20 00 000    5.39    -2.33     2.03  -321.30      0.20    -15.20    4.75     50670.0
 2024 07 13 06 21 00 000    5.26    -2.58     2.11  -321.30      0.20    -15.20    4.75     50670.0
 2024 07 13 06 22 00 000    5.46    -2.59     1.50  -321.30      0.20    -15.20    4.75     50670.0
 2024 07 13 06 23 00 000    5.01    -3.31     1.46  -321.30      0.20    -15.20    4.75     50670.0
 2024 07 13 06 24 00 000    5.13    -3.15     1.46  -321.30      0.20    -15.20    4.75     50670.0
 2024 07 13 06 25 00 000    5.18    -3.16     1.22  -321.30      0.20    -15.20    4.75     50670.0
 2024 07 13 06 26 00 000    5.14    -3.18     1.32  -321.30      0.20    -15.20    4.75     50670.0
 2024 07 13 06 27 00 000    4.91    -3.24     1.90  -321.30      0.20    -15.20    4.75     50670.0
 2024 07 13 06 28 00 000    4.73    -3.38     2.07  -321.30      0.20    -15.20    4.75     50670.0
 2024 07 13 06 29 00 000    4.83    -3.01     2.39  -321.30      0.20    -15.20    4.75     50670.0
 2024 07 13 06 30 00 000    4.92    -2.83     2.49  -321.30      0.20    -15.20    4.75     50670.0
 2024 07 13 06 31 00 000    5.02    -3.23     1.81  -321.30      0.20    -15.20    4.75     50670.0
 2024 07 13 06 32 00 000    5.21    -3.36     0.88  -321.30      0.20    -15.20    4.75     50670.0
 2024 07 13 06 33 00 000    4.76    -3.01     2.58  -321.30      0.20    -15.20    4.75     50670.0
 2024 07 13 06 34 00 000    4.79    -3.02     2.41  -321.30      0.20    -15.20    4.75     50670.0
 2024 07 13 08 41 00 000    5.05    -3.43    -1.12  -321.30      0.20    -15.20    4.75     50670.0
 2024 07 13 08 42 00 000    5.15    -3.31    -1.04  -321.30      0.20    -15.20    4.75     50670.0
 2024 07 13 08 43 00 000    5.12    -3.42    -0.38  -321.30      0.20    -15.20    4.75     50670.0
 2024 07 13 08 44 00 000    5.16    -3.44    -0.10  -321.30      0.20    -15.20    4.75     50670.0
 2024 07 13 08 45 00 000    5.17    -3.47     0.11  -321.30      0.20    -15.20    4.75     50670.0
 2024 07 13 08 46 00 000    5.00    -3.68     0.45  -321.30      0.20    -15.20    4.75     50670.0
 2024 07 13 08 47 00 000    4.94    -3.70     0.54  -321.30      0.20    -15.20    4.75     50670.0
 2024 07 13 08 48 00 000    5.06    -3.61     0.14  -317.40    -12.90    -23.60    4.04     36434.0
 2024 07 13 08 49 00 000    4.94    -3.72     0.46  -317.40    -12.90    -23.60    4.04     36434.0
 2024 07 13 08 50 00 000    5.04    -3.60     0.53  -317.40    -12.90    -23.60    4.04     36434.0
 2024 07 13 08 51 00 000    5.08    -3.43     1.03  -317.40    -12.90    -23.60    4.04     36434.0
 2024 07 13 08 52 00 000    4.78    -3.92     0.28  -317.40    -12.90    -23.60    4.04     36434.0
 2024 07 13 08 53 00 000    4.79    -3.94    -0.24  -317.40    -12.90    -23.60    4.04     36434.0
 2024 07 13 08 54 00 000    4.96    -3.75    -0.05  -317.40    -12.90    -23.60    4.04     36434.0
 2024 07 13 08 55 00 000    4.84    -3.80    -0.77  -317.40    -12.90    -23.60    4.04     36434.0
 2024 07 13 08 56 00 000    5.16    -3.43    -0.29  -317.40    -12.90    -23.60    4.04     36434.0
 2024 07 13 08 57 00 000    5.48    -2.88     0.46  -317.40    -12.90    -23.60    4.04     36434.0
 2024 07 13 08 58 00 000    5.49    -2.92     0.41  -317.40    -12.90    -23.60    4.04     36434.0
 2024 07 13 08 59 00 000    5.43    -3.02     0.54  -317.40    -12.90    -23.60    4.04     36434.0
 2024 07 13 09 00 00 000    5.45    -2.89     0.77  -317.40    -12.90    -23.60    4.04     36434.0
 2024 07 13 09 01 00 000    5.49    -2.91     0.45  -317.40    -12.90    -23.60    4.04     36434.0
 2024 07 13 09 02 00 000    5.32    -3.22     0.32  -317.40    -12.90    -23.60    4.04     36434.0
 2024 07 13 09 03 00 000    5.00    -3.58     0.82  -317.40    -12.90    -23.60    4.04     36434.0
 2024 07 13 09 04 00 000    4.99    -3.49     0.94  -317.40    -12.90    -23.60    4.04     36434.0
 2024 07 13 09 05 00 000    5.24    -3.22     0.71  -317.40    -12.90    -23.60    4.04     36434.0
 2024 07 13 09 06 00 000    5.27    -3.17     0.71  -317.40    -12.90    -23.60    4.04     36434.0
 2024 07 13 09 07 00 000    5.16    -3.35     0.80  -317.40    -12.90    -23.60    4.04     36434.0
 2024 07 13 09 08 00 000    5.11    -3.40     0.90  -317.40    -12.90    -23.60    4.04     36434.0
 2024 07 13 09 09 00 000    5.15    -3.29     1.07  -317.40    -12.90    -23.60    4.04     36434.0
 2024 07 13 09 10 00 000    5.11    -3.40     0.91  -317.40    -12.90    -23.60    4.04     36434.0
 2024 07 13 09 11 00 000    5.13    -3.43     0.85  -317.40    -12.90    -23.60    4.04     36434.0
 2024 07 13 09 12 00 000    5.03    -3.54     1.00  -317.40    -12.90    -23.60    4.04     36434.0
 2024 07 13 09 13 00 000    5.05    -3.53     0.97  -317.40    -12.90    -23.60    4.04     36434.0
 2024 07 13 09 14 00 000    5.25    -3.29     0.77  -317.40    -12.90    -23.60    4.04     36434.0
 2024 07 13 09 15 00 000    5.34    -3.10     0.79  -317.40    -12.90    -23.60    4.04     36434.0
 2024 07 13 09 16 00 000    5.31    -3.13     0.83  -317.40    -12.90    -23.60    4.04     36434.0
 2024 07 13 09 17 00 000    5.24    -3.25     0.88  -317.40    -12.90    -23.60    4.04     36434.0
 2024 07 13 09 18 00 000    5.06    -3.53     0.86  -317.40    -12.90    -23.60    4.04     36434.0
 2024 07 13 09 19 00 000    5.06    -3.51     1.01  -317.40    -12.90    -23.60    4.04     36434.0
 2024 07 13 09 20 00 000    5.06    -3.50     1.02  -317.40    -12.90    -23.60    4.04     36434.0
 2024 07 13 09 21 00 000    5.00    -3.65     0.77  -317.40    -12.90    -23.60    4.04     36434.0
 2024 07 13 09 22 00 000    4.94    -3.78     0.46  -317.40    -12.90    -23.60    4.04     36434.0
 2024 07 13 09 23 00 000    4.76    -3.87     1.13  -317.40    -12.90    -23.60    4.04     36434.0
 2024 07 13 09 24 00 000    4.80    -3.81     1.16  -317.40    -12.90    -23.60    4.04     36434.0
 2024 07 13 09 25 00 000    4.63    -3.94     1.34  -317.40    -12.90    -23.60    4.04     36434.0
 2024 07 13 09 26 00 000    4.50    -3.79     2.04  -317.40    -12.90    -23.60    4.04     36434.0
 2024 07 13 09 27 00 000    4.52    -3.86     1.94  -317.40    -12.90    -23.60    4.04     36434.0
 2024 07 13 09 28 00 000    4.76    -3.52     1.33  -317.40    -12.90    -23.60    4.04     36434.0
 2024 07 13 09 29 00 000    5.49    -2.73     0.16  -317.40    -12.90    -23.60    4.04     36434.0
 2024 07 13 09 30 00 000    5.26    -3.15     0.76  -317.40    -12.90    -23.60    4.04     36434.0
 2024 07 13 09 31 00 000    5.19    -3.17     1.05  -317.40    -12.90    -23.60    4.04     36434.0
 2024 07 13 09 32 00 000    5.05    -3.25     1.46  -317.40    -12.90    -23.60    4.04     36434.0
 2024 07 13 09 33 00 000    5.36    -2.87     1.24  -317.40    -12.90    -23.60    4.04     36434.0
 2024 07 13 09 34 00 000    5.28    -3.19     0.80  -317.40    -12.90    -23.60    4.04     36434.0
 2024 07 13 09 35 00 000    5.12    -3.46     0.82  -317.40    -12.90    -23.60    4.04     36434.0
 2024 07 13 09 36 00 000    5.01    -3.59     0.79  -317.40    -12.90    -23.60    4.04     36434.0
 2024 07 13 09 37 00 000    5.06    -3.31     1.35  -317.40    -12.90    -23.60    4.04     36434.0
 2024 07 13 09 38 00 000    5.23    -3.08     1.27  -317.40    -12.90    -23.60    4.04     36434.0
 2024 07 13 09 39 00 000    4.92    -2.94     2.26  -317.40    -12.90    -23.60    4.04     36434.0
 2024 07 13 09 40 00 000    4.95    -2.90     2.33  -317.40    -12.90    -23.60    4.04     36434.0
 2024 07 13 09 41 00 000    5.19    -3.23     1.18  -317.40    -12.90    -23.60    4.04     36434.0
 2024 07 13 09 42 00 000    5.18    -3.30     1.00  -317.40    -12.90    -23.60    4.04     36434.0
 2024 07 13 09 43 00 000    5.22    -3.27     0.98  -317.40    -12.90    -23.60    4.04     36434.0
 2024 07 13 09 44 00 000    5.21    -3.17     1.16  -317.40    -12.90    -23.60    4.04     36434.0
 2024 07 13 09 45 00 000    5.07    -3.45     1.00  -317.40    -12.90    -23.60    4.04     36434.0
 2024 07 13 09 46 00 000    5.28    -3.07     1.29  -317.40    -12.90    -23.60    4.04     36434.0
 2024 07 13 09 47 00 000    5.27    -3.18     1.01  -315.10     -9.60    -18.80    4.35     36464.0
 2024 07 13 09 48 00 000    5.25    -3.22     1.02  -315.20     -9.70    -18.40    4.35     36300.0
 2024 07 13 09 49 00 000    5.07    -3.45     1.04  -317.10    -11.40    -13.20    4.34     34231.0
 2024 07 13 09 50 00 000    5.22    -3.19     1.18  -317.40    -11.70    -12.30    4.34     33868.0
 2024 07 13 09 51 00 000    5.08    -3.38     1.24  -317.40    -11.70    -12.30    4.34     33868.0
 2024 07 13 09 52 00 000    4.83    -3.67     1.39  -317.40    -11.70    -12.30    4.34     33868.0
 2024 07 13 09 53 00 000    4.85    -3.59     1.63  -317.40    -11.70    -12.30    4.34     33868.0
 2024 07 13 09 54 00 000    5.00    -3.50     1.36  -317.40    -11.70    -12.30    4.34     33868.0
 2024 07 13 09 55 00 000    5.03    -3.44     1.39  -317.40    -11.70    -12.30    4.34     33868.0
 2024 07 13 09 56 00 000    5.04    -3.41     1.41  -317.40    -11.70    -12.30    4.34     33868.0
 2024 07 13 09 57 00 000    5.13    -3.51     0.37  -317.40    -11.70    -12.30    4.34     33868.0
 2024 07 13 09 58 00 000    5.50    -2.91    -0.54  -317.40    -11.70    -12.30    4.34     33868.0
 2024 07 13 09 59 00 000    5.70    -2.49     0.59  -317.40    -11.70    -12.30    4.34     33868.0
 2024 07 13 10 00 00 000    5.06    -3.50    -1.38  -317.40    -11.70    -12.30    4.34     33868.0
 2024 07 13 10 01 00 000    5.02    -3.67    -0.80  -317.40    -11.70    -12.30    4.34     33868.0
 2024 07 13 10 02 00 000    5.11    -3.70     0.00  -318.60    -13.70    -20.00    4.30     36672.0
 2024 07 13 10 03 00 000    5.25    -3.49    -0.25  -318.60    -13.70    -20.00    4.30     36672.0
 2024 07 13 10 04 00 000    5.39    -3.26    -0.47  -318.60    -13.70    -20.00    4.30     36672.0
 2024 07 13 10 05 00 000    5.29    -3.38    -0.24  -318.60    -13.70    -20.00    4.30     36672.0
 2024 07 13 10 06 00 000    5.41    -3.18     0.00  -318.60    -13.70    -20.00    4.30     36672.0
 2024 07 13 10 07 00 000    5.36    -3.27    -0.19  -318.60    -13.70    -20.00    4.30     36672.0
 2024 07 13 10 08 00 000    5.33    -3.34    -0.23  -318.60    -13.70    -20.00    4.30     36672.0
 2024 07 13 10 09 00 000    5.47    -3.05     0.16  -318.60    -13.70    -20.00    4.30     36672.0
 2024 07 13 10 10 00 000    5.48    -3.04     0.13  -318.60    -13.70    -20.00    4.30     36672.0
 2024 07 13 10 11 00 000    5.50    -2.94     0.11  -318.60    -13.70    -20.00    4.30     36672.0
 2024 07 13 10 12 00 000    5.72    -2.54    -0.08  -318.60    -13.70    -20.00    4.30     36672.0
 2024 07 13 10 13 00 000    5.77    -2.34    -0.41  -318.60    -13.70    -20.00    4.30     36672.0
 2024 07 13 10 14 00 000    5.68    -2.56    -0.46  -318.60    -13.70    -20.00    4.30     36672.0
 2024 07 13 10 15 00 000    5.63    -2.67    -0.81  -318.60    -13.70    -20.00    4.30     36672.0
 2024 07 13 10 16 00 000    5.63    -2.70    -0.64  -314.80     -2.00    -20.30    4.74     39495.0
 2024 07 13 10 17 00 000    5.85    -2.31    -0.22  -314.80     -2.00    -20.30    4.74     39495.0
 2024 07 13 10 18 00 000    5.86    -2.06    -1.06  -314.80     -2.00    -20.30    4.74     39495.0
 2024 07 13 10 19 00 000    5.70    -2.17    -1.56  -314.80     -2.00    -20.30    4.74     39495.0
 2024 07 13 10 20 00 000    5.64    -2.52    -1.36  -314.80     -2.00    -20.30    4.74     39495.0
 2024 07 13 10 21 00 000    5.39    -3.07    -1.03  -314.80     -2.00    -20.30    4.74     39495.0
 2024 07 13 10 22 00 000    4.82    -4.04    -0.82  -314.80     -2.00    -20.30    4.74     39495.0
 2024 07 13 10 23 00 000    4.89    -4.08    -0.13  -314.80     -2.00    -20.30    4.74     39495.0
 2024 07 13 10 24 00 000    5.06    -3.93    -0.21  -314.80     -2.00    -20.30    4.74     39495.0
 2024 07 13 10 25 00 000    5.15    -3.80    -0.24  -314.80     -2.00    -20.30    4.74     39495.0
 2024 07 13 10 26 00 000    5.13    -3.83    -0.01  -314.80     -2.00    -20.30    4.74     39495.0
 2024 07 13 10 27 00 000    5.45    -3.35     0.22  -314.80     -2.00    -20.30    4.74     39495.0
 2024 07 13 10 28 00 000    5.39    -3.48    -0.02  -314.80     -2.00    -20.30    4.74     39495.0
 2024 07 13 10 29 00 000    5.30    -3.62     0.01  -314.80     -2.00    -20.30    4.74     39495.0
 2024 07 13 10 30 00 000    5.23    -3.74    -0.26  -314.80     -2.00    -20.30    4.74     39495.0
 2024 07 13 10 31 00 000    5.20    -3.76    -0.47  -314.80     -2.00    -20.30    4.74     39495.0
 2024 07 13 10 32 00 000    5.18    -3.74    -0.80  -314.80     -2.00    -20.30    4.74     39495.0
 2024 07 13 10 33 00 000    5.13    -3.67    -1.28  -314.80     -2.00    -20.30    4.74     39495.0
 2024 07 13 10 34 00 000    5.23    -3.60    -0.95  -314.80     -2.00    -20.30    4.74     39495.0
 2024 07 13 10 35 00 000    5.45    -3.32    -0.70  -314.80     -2.00    -20.30    4.74     39495.0
 2024 07 13 10 36 00 000    5.15    -3.61    -1.10  -314.80     -2.00    -20.30    4.74     39495.0
 2024 07 13 10 37 00 000    5.20    -3.55    -1.17  -314.80     -2.00    -20.30    4.74     39495.0
 2024 07 13 10 38 00 000    5.22    -3.54    -1.18  -314.80     -2.00    -20.30    4.74     39495.0
 2024 07 13 10 39 00 000    5.27    -3.52    -1.02  -314.80     -2.00    -20.30    4.74     39495.0
 2024 07 13 10 40 00 000    5.13    -3.57    -1.52  -314.80     -2.00    -20.30    4.74     39495.0
 2024 07 13 10 41 00 000    5.20    -3.62    -0.15  -314.80     -2.00    -20.30    4.74     39495.0
 2024 07 13 10 42 00 000    5.02    -3.91    -0.13  -314.80     -2.00    -20.30    4.74     39495.0
 2024 07 13 10 43 00 000    5.07    -3.87    -0.56  -314.80     -2.00    -20.30    4.74     39495.0
 2024 07 13 10 44 00 000    4.97    -4.02    -0.29  -314.80     -2.00    -20.30    4.74     39495.0
 2024 07 13 10 45 00 000    4.98    -4.07    -0.08  -314.80     -2.00    -20.30    4.74     39495.0
 2024 07 13 10 46 00 000    4.89    -4.19    -0.29  -314.80     -2.00    -20.30    4.74     39495.0
 2024 07 13 10 47 00 000    4.91    -4.16    -0.18  -314.80     -2.00    -20.30    4.74     39495.0
 2024 07 13 10 48 00 000    4.85    -4.18    -0.24  -314.80     -2.00    -20.30    4.74     39495.0
 2024 07 13 10 49 00 000    4.59    -4.46    -0.11  -314.80     -2.00    -20.30    4.74     39495.0
 2024 07 13 10 50 00 000    4.58    -4.47     0.02  -314.80     -2.00    -20.30    4.74     39495.0
 2024 07 13 10 51 00 000    4.60    -4.43     0.24  -314.80     -2.00    -20.30    4.74     39495.0
 2024 07 13 10 52 00 000    4.83    -4.17     0.19  -314.80     -2.00    -20.30    4.74     39495.0
 2024 07 13 10 53 00 000    4.87    -4.10     0.13  -314.80     -2.00    -20.30    4.74     39495.0
 2024 07 13 10 54 00 000    5.45    -3.36    -0.34  -313.60     -9.10    -28.00    4.43     39155.0
 2024 07 13 10 55 00 000    5.21    -3.65     0.06  -314.00     -9.90    -28.30    4.48     38637.0
 2024 07 13 10 56 00 000    5.12    -3.74     0.09  -315.80    -13.70    -30.10    4.74     35990.0
 2024 07 13 10 57 00 000    5.15    -3.69     0.19  -315.80    -13.70    -30.10    4.74     35990.0
 2024 07 13 10 58 00 000    5.16    -3.67     0.27  -315.80    -13.70    -30.10    4.74     35990.0
 2024 07 13 10 59 00 000    5.26    -3.67     0.05  -315.80    -13.70    -30.10    4.74     35990.0
 2024 07 13 11 00 00 000    5.34    -3.56     0.17  -315.80    -13.70    -30.10    4.74     35990.0
 2024 07 13 11 01 00 000    4.91    -4.01    -0.21  -315.80    -13.70    -30.10    4.74     35990.0
 2024 07 13 11 02 00 000    4.74    -4.21    -0.23  -315.80    -13.70    -30.10    4.74     35990.0
 2024 07 13 11 03 00 000    4.69    -4.35    -0.16  -315.80    -13.70    -30.10    4.74     35990.0
 2024 07 13 11 04 00 000    5.05    -3.91     0.27  -315.80    -13.70    -30.10    4.74     35990.0
 2024 07 13 11 05 00 000    5.37    -3.35     0.77  -315.80    -13.70    -30.10    4.74     35990.0
 2024 07 13 11 06 00 000    4.74    -4.25     0.27  -315.80    -13.70    -30.10    4.74     35990.0
 2024 07 13 11 07 00 000    4.61    -4.41     0.14  -316.30    -17.50    -27.80    4.69     35110.0
 2024 07 13 11 08 00 000    4.80    -4.19     0.32  -316.30    -17.50    -27.80    4.69     35110.0
 2024 07 13 11 09 00 000    4.87    -4.05     0.50  -316.30    -17.50    -27.80    4.69     35110.0
 2024 07 13 11 10 00 000    4.70    -4.24     0.60  -316.30    -17.50    -27.80    4.69     35110.0
 2024 07 13 11 11 00 000    5.32    -3.44     0.08  -316.30    -17.50    -27.80    4.69     35110.0
 2024 07 13 11 12 00 000    5.46    -3.21     0.00  -316.30    -17.50    -27.80    4.69     35110.0
 2024 07 13 11 13 00 000    5.20    -3.58     0.30  -311.50    -13.30    -23.90    4.83     41150.0
 2024 07 13 11 14 00 000    5.16    -3.66     0.09  -311.50    -13.30    -23.90    4.83     41150.0
 2024 07 13 11 15 00 000    5.22    -3.58     0.53  -311.50    -13.30    -23.90    4.83     41150.0
 2024 07 13 11 16 00 000    5.24    -3.36     1.12  -311.50    -13.30    -23.90    4.83     41150.0
 2024 07 13 11 17 00 000    5.14    -3.72     0.64  -311.50    -13.30    -23.90    4.83     41150.0
 2024 07 13 11 18 00 000    5.10    -3.77     0.80  -311.50    -13.30    -23.90    4.83     41150.0
 2024 07 13 11 19 00 000    5.24    -3.44     0.99  -311.50    -13.30    -23.90    4.83     41150.0
 2024 07 13 11 20 00 000    5.24    -3.44     1.12  -311.50    -13.30    -23.90    4.83     41150.0
 2024 07 13 11 21 00 000    5.21    -3.60     0.62  -311.50    -13.30    -23.90    4.83     41150.0
 2024 07 13 11 22 00 000    5.26    -3.58     0.35  -311.50    -13.30    -23.90    4.83     41150.0
 2024 07 13 11 23 00 000    5.31    -3.53     0.20  -311.50    -13.30    -23.90    4.83     41150.0
 2024 07 13 11 24 00 000    5.07    -3.81     0.36  -311.50    -13.30    -23.90    4.83     41150.0
 2024 07 13 11 25 00 000    4.81    -4.07     0.76  -311.50    -13.30    -23.90    4.83     41150.0
 2024 07 13 11 26 00 000    4.64    -4.37     0.39  -311.50    -13.30    -23.90    4.83     41150.0
 2024 07 13 11 27 00 000    4.78    -4.23    -0.15  -311.50    -13.30    -23.90    4.83     41150.0
 2024 07 13 11 28 00 000    4.77    -4.29    -0.04  -311.50    -13.30    -23.90    4.83     41150.0
 2024 07 13 11 29 00 000    5.05    -3.99     0.33  -311.50    -13.30    -23.90    4.83     41150.0
 2024 07 13 11 30 00 000    4.75    -4.27     0.77  -311.50    -13.30    -23.90    4.83     41150.0
 2024 07 13 11 31 00 000    4.60    -4.39     0.98  -311.50    -13.30    -23.90    4.83     41150.0
 2024 07 13 11 32 00 000    4.27    -4.68     1.04  -311.50    -13.30    -23.90    4.83     41150.0
 2024 07 13 11 33 00 000    4.45    -4.54     0.91  -311.50    -13.30    -23.90    4.83     41150.0
 2024 07 13 11 34 00 000    4.46    -4.46     0.83  -311.50    -13.30    -23.90    4.83     41150.0
 2024 07 13 11 35 00 000    4.32    -4.63     1.05  -311.50    -13.30    -23.90    4.83     41150.0
 2024 07 13 11 36 00 000    4.14    -4.70     1.19  -311.50    -13.30    -23.90    4.83     41150.0
 2024 07 13 11 37 00 000    4.04    -4.85     1.29  -311.50    -13.30    -23.90    4.83     41150.0
 2024 07 13 11 38 00 000    4.02    -4.93     0.99  -311.50    -13.30    -23.90    4.83     41150.0
 2024 07 13 11 39 00 000    4.08    -4.86     0.71  -311.50    -13.30    -23.90    4.83     41150.0
 2024 07 13 11 40 00 000    4.17    -4.76     0.35  -319.40    -22.60    -22.30    4.76     35343.0
 2024 07 13 11 41 00 000    3.99    -4.90     0.76  -319.40    -22.60    -22.30    4.76     35343.0
 2024 07 13 11 42 00 000    4.38    -4.56     1.00  -319.40    -22.60    -22.30    4.76     35343.0
 2024 07 13 11 43 00 000    4.36    -4.60     0.98  -319.40    -22.60    -22.30    4.76     35343.0
 2024 07 13 11 44 00 000    3.98    -4.84     1.10  -319.40    -22.60    -22.30    4.76     35343.0
 2024 07 13 11 45 00 000    3.59    -5.19     0.69  -319.40    -22.60    -22.30    4.76     35343.0
 2024 07 13 11 46 00 000    3.39    -5.31     0.60  -319.40    -22.60    -22.30    4.76     35343.0
 2024 07 13 11 47 00 000    4.58    -4.29     0.86  -319.40    -22.60    -22.30    4.76     35343.0
 2024 07 13 11 48 00 000    4.42    -4.40     1.07  -319.40    -22.60    -22.30    4.76     35343.0
 2024 07 13 11 49 00 000    3.83    -4.90     0.98  -321.80    -27.70    -19.10    4.96     36642.0
 2024 07 13 11 50 00 000    3.39    -5.15     1.06  -321.80    -27.70    -19.10    4.96     36642.0
 2024 07 13 11 51 00 000    4.06    -4.86    -0.07  -321.80    -27.70    -19.10    4.96     36642.0
 2024 07 13 11 52 00 000    4.27    -4.74     0.12  -321.80    -27.70    -19.10    4.96     36642.0
 2024 07 13 11 53 00 000    4.17    -4.74     0.73  -321.80    -27.70    -19.10    4.96     36642.0
 2024 07 13 11 54 00 000    4.23    -4.56     1.17  -321.80    -27.70    -19.10    4.96     36642.0
 2024 07 13 11 55 00 000    4.17    -4.64     1.00  -321.80    -27.70    -19.10    4.96     36642.0
 2024 07 13 11 56 00 000    4.50    -4.16     1.30  -321.80    -27.70    -19.10    4.96     36642.0
 2024 07 13 11 57 00 000    3.75    -4.95     1.01  -321.80    -27.70    -19.10    4.96     36642.0
 2024 07 13 11 58 00 000    3.85    -4.83     1.07  -321.80    -27.70    -19.10    4.96     36642.0
 2024 07 13 11 59 00 000    3.87    -4.89     0.95  -321.80    -27.70    -19.10    4.96     36642.0
 2024 07 13 12 00 00 000    3.88    -4.86     1.14  -321.80    -27.70    -19.10    4.96     36642.0
 2024 07 13 12 01 00 000    4.14    -4.55     1.43  -321.80    -27.70    -19.10    4.96     36642.0
 2024 07 13 12 02 00 000    3.12    -5.45     0.82  -321.80    -27.70    -19.10    4.96     36642.0
 2024 07 13 12 03 00 000    3.18    -5.43     0.95  -321.80    -27.70    -19.10    4.96     36642.0
 2024 07 13 12 04 00 000    3.04    -5.37     1.98  -321.80    -27.70    -19.10    4.96     36642.0
 2024 07 13 12 05 00 000    3.19    -5.43     1.54  -321.80    -27.70    -19.10    4.96     36642.0
 2024 07 13 12 06 00 000    3.18    -5.64     0.74  -321.80    -27.70    -19.10    4.96     36642.0
 2024 07 13 12 07 00 000    2.99    -5.76     0.39  -321.80    -27.70    -19.10    4.96     36642.0
 2024 07 13 12 08 00 000    3.08    -5.69     1.00  -321.80    -27.70    -19.10    4.96     36642.0
 2024 07 13 12 09 00 000    2.73    -5.87     0.90  -321.80    -27.70    -19.10    4.96     36642.0
 2024 07 13 12 10 00 000    2.80    -5.88     0.81  -321.80    -27.70    -19.10    4.96     36642.0
 2024 07 13 12 11 00 000    2.58    -5.97     0.59  -321.80    -27.70    -19.10    4.96     36642.0
 2024 07 13 12 12 00 000    2.42    -6.13    -0.28  -321.80    -27.70    -19.10    4.96     36642.0
 2024 07 13 12 13 00 000    2.44    -6.08    -0.55  -321.80    -27.70    -19.10    4.96     36642.0
 2024 07 13 12 14 00 000    2.19    -6.19    -0.12  -321.80    -27.70    -19.10    4.96     36642.0
 2024 07 13 12 15 00 000    2.16    -6.19    -0.50  -321.80    -27.70    -19.10    4.96     36642.0
 2024 07 13 12 16 00 000    2.40    -6.16    -0.56  -329.80    -20.90    -31.80    4.57     33127.0
 2024 07 13 12 17 00 000    2.70    -5.98    -0.21  -329.80    -20.90    -31.80    4.57     33127.0
 2024 07 13 12 18 00 000    2.72    -6.00    -0.41  -329.80    -20.90    -31.80    4.57     33127.0
 2024 07 13 12 19 00 000    2.51    -6.18    -0.15  -329.80    -20.90    -31.80    4.57     33127.0
 2024 07 13 12 20 00 000    2.44    -6.18    -0.03  -329.80    -20.90    -31.80    4.57     33127.0
 2024 07 13 12 21 00 000    2.57    -6.06    -0.75  -329.80    -20.90    -31.80    4.57     33127.0
 2024 07 13 12 22 00 000    3.05    -5.92    -0.19  -329.80    -20.90    -31.80    4.57     33127.0
 2024 07 13 12 23 00 000    3.28    -5.78    -0.32  -329.80    -20.90    -31.80    4.57     33127.0
 2024 07 13 12 24 00 000    3.43    -5.72    -0.46  -329.80    -20.90    -31.80    4.57     33127.0
 2024 07 13 12 25 00 000    3.17    -5.76     0.11  -329.80    -20.90    -31.80    4.57     33127.0
 2024 07 13 12 26 00 000    2.94    -5.81     0.60  -329.80    -20.90    -31.80    4.57     33127.0
 2024 07 13 12 27 00 000    3.31    -5.70    -0.36  -329.80    -20.90    -31.80    4.57     33127.0
 2024 07 13 12 28 00 000    3.20    -5.76    -0.22  -329.80    -20.90    -31.80    4.57     33127.0
 2024 07 13 12 29 00 000    3.38    -5.66    -0.57  -329.80    -20.90    -31.80    4.57     33127.0
 2024 07 13 12 30 00 000    3.16    -5.76    -0.53  -329.80    -20.90    -31.80    4.57     33127.0
 2024 07 13 12 31 00 000    3.08    -5.84    -0.55  -329.80    -20.90    -31.80    4.57     33127.0
 2024 07 13 12 32 00 000    3.23    -5.67    -0.93  -329.80    -20.90    -31.80    4.57     33127.0
 2024 07 13 12 33 00 000    3.03    -5.77    -0.98  -329.80    -20.90    -31.80    4.57     33127.0
 2024 07 13 12 34 00 000    2.73    -5.96    -1.02  -329.80    -20.90    -31.80    4.57     33127.0
 2024 07 13 12 35 00 000    2.67    -6.00    -1.03  -329.80    -20.90    -31.80    4.57     33127.0
 2024 07 13 12 36 00 000    2.56    -6.03    -0.80  -329.80    -20.90    -31.80    4.57     33127.0
 2024 07 13 12 37 00 000    2.62    -5.95    -0.73  -329.80    -20.90    -31.80    4.57     33127.0
 2024 07 13 12 38 00 000    2.96    -5.84    -0.32  -329.80    -20.90    -31.80    4.57     33127.0
 2024 07 13 12 39 00 000    3.54    -5.62     0.40  -329.80    -20.90    -31.80    4.57     33127.0
 2024 07 13 12 40 00 000    3.63    -5.42     0.11  -329.80    -20.90    -31.80    4.57     33127.0
 2024 07 13 12 41 00 000    3.81    -5.31     0.36  -329.80    -20.90    -31.80    4.57     33127.0
 2024 07 13 12 42 00 000    3.77    -5.39     0.42  -329.80    -20.90    -31.80    4.57     33127.0
 2024 07 13 12 43 00 000    3.83    -5.37     0.12  -323.30    -21.40    -26.80    4.72     28699.0
 2024 07 13 12 44 00 000    3.88    -5.32     0.57  -323.30    -21.40    -26.80    4.72     28699.0
 2024 07 13 12 45 00 000    3.87    -5.32     0.63  -322.60    -21.80    -26.10    4.77     31920.0
 2024 07 13 12 46 00 000    3.89    -5.28     0.49  -322.60    -21.80    -26.10    4.77     31921.0
 2024 07 13 12 47 00 000    3.90    -5.27     0.21  -321.30    -21.00    -29.80    5.01     36256.0
 2024 07 13 12 48 00 000    3.80    -5.23    -0.13  -321.30    -21.00    -29.80    5.01     36256.0
 2024 07 13 12 49 00 000    3.74    -5.23    -0.41  -321.30    -21.00    -29.80    5.01     36256.0
 2024 07 13 12 50 00 000    3.73    -5.27    -0.36  -320.40    -23.50    -31.50    5.01     33696.0
 2024 07 13 12 51 00 000    3.88    -5.15    -0.45  -320.40    -23.50    -31.50    5.01     33696.0
 2024 07 13 12 52 00 000    4.10    -5.15     1.18  -322.40    -23.80    -24.80    5.07     37626.0
 2024 07 13 12 53 00 000    4.07    -5.16     1.14  -322.40    -23.80    -24.70    5.07     37661.0
 2024 07 13 12 54 00 000    4.00    -5.17     1.27  -322.40    -23.80    -24.70    5.07     37661.0
 2024 07 13 12 55 00 000    4.26    -4.99     1.07  -322.40    -23.80    -24.70    5.07     37661.0
 2024 07 13 12 56 00 000    4.18    -4.98     1.01  -320.50    -21.90    -21.70    4.69     32648.0
 2024 07 13 12 57 00 000    4.63    -4.54     1.20  -320.50    -21.90    -21.70    4.69     32648.0
 2024 07 13 12 58 00 000    4.65    -4.40     1.32  -320.50    -21.90    -21.70    4.69     32648.0
 2024 07 13 12 59 00 000    4.72    -4.36     1.61  -320.50    -21.90    -21.70    4.69     32648.0
 2024 07 13 13 00 00 000    4.80    -4.29     1.56  -320.50    -21.90    -21.70    4.69     32648.0
 2024 07 13 13 01 00 000    4.69    -4.31     1.52  -320.50    -21.90    -21.70    4.69     32648.0
 2024 07 13 13 02 00 000    4.79    -4.25     1.43  -320.50    -21.90    -21.70    4.69     32648.0
 2024 07 13 13 03 00 000    4.74    -4.41     1.22  -320.50    -21.90    -21.70    4.69     32648.0
 2024 07 13 13 04 00 000    4.54    -4.68     0.88  -320.50    -21.90    -21.70    4.69     32648.0
 2024 07 13 13 05 00 000    4.66    -4.60     0.54  -320.50    -21.90    -21.70    4.69     32648.0
 2024 07 13 13 06 00 000    5.21    -3.82     1.09  -320.50    -21.90    -21.70    4.69     32648.0
 2024 07 13 13 07 00 000    5.38    -3.56     0.84  -320.50    -21.90    -21.70    4.69     32648.0
 2024 07 13 13 08 00 000    5.08    -4.05     1.06  -320.50    -21.90    -21.70    4.69     32648.0
 2024 07 13 13 09 00 000    5.20    -3.80     1.32  -320.50    -21.90    -21.70    4.69     32648.0
 2024 07 13 13 10 00 000    5.51    -3.57     0.63  -320.50    -21.90    -21.70    4.69     32648.0
 2024 07 13 13 11 00 000    5.09    -3.94     0.91  -320.50    -21.90    -21.70    4.69     32648.0
 2024 07 13 13 12 00 000    4.73    -4.48     1.40  -320.50    -21.90    -21.70    4.69     32648.0
 2024 07 13 13 13 00 000    4.88    -4.35     1.06  -320.50    -21.90    -21.70    4.69     32648.0
 2024 07 13 13 14 00 000    4.92    -4.26     0.86  -320.50    -21.90    -21.70    4.69     32648.0
 2024 07 13 13 15 00 000    4.59    -4.62     0.82  -320.50    -21.90    -21.70    4.69     32648.0
 2024 07 13 13 16 00 000    4.52    -4.61     0.71  -320.50    -21.90    -21.70    4.69     32648.0
 2024 07 13 13 17 00 000    4.56    -4.66     0.58  -320.50    -21.90    -21.70    4.69     32648.0
 2024 07 13 13 18 00 000    4.83    -4.44     0.38  -320.50    -21.90    -21.70    4.69     32648.0
 2024 07 13 13 19 00 000    4.86    -4.40     0.15  -320.50    -21.90    -21.70    4.69     32648.0
 2024 07 13 13 20 00 000    4.52    -4.61     0.96  -320.50    -21.90    -21.70    4.69     32648.0
 2024 07 13 13 21 00 000    4.47    -4.71     0.73  -320.50    -21.90    -21.70    4.69     32648.0
 2024 07 13 13 22 00 000    4.35    -4.85     0.88  -320.50    -21.90    -21.70    4.69     32648.0
 2024 07 13 13 23 00 000    4.32    -4.97     0.45  -320.50    -21.90    -21.70    4.69     32648.0
 2024 07 13 13 24 00 000    4.50    -4.79     0.37  -320.50    -21.90    -21.70    4.69     32648.0
 2024 07 13 13 25 00 000    4.42    -4.80     0.09  -320.50    -21.90    -21.70    4.69     32648.0
 2024 07 13 13 26 00 000    4.44    -4.83    -0.12  -320.50    -21.90    -21.70    4.69     32648.0
 2024 07 13 13 27 00 000    4.44    -4.80     0.11  -320.50    -21.90    -21.70    4.69     32648.0
 2024 07 13 13 28 00 000    4.46    -4.77     0.25  -318.80    -19.80    -23.70    4.84     31175.0
 2024 07 13 13 29 00 000    4.15    -5.04     0.05  -318.80    -19.80    -23.70    4.84     31175.0
 2024 07 13 13 30 00 000    4.23    -4.84    -0.95  -318.80    -19.80    -23.70    4.84     31175.0
 2024 07 13 13 31 00 000    4.24    -4.82    -1.22  -318.80    -19.80    -23.70    4.84     31175.0
 2024 07 13 13 32 00 000    3.78    -4.85    -2.00  -322.80    -18.60    -35.40    4.72     31866.0
 2024 07 13 13 33 00 000    3.71    -4.87    -2.12  -322.80    -18.60    -35.40    4.72     31866.0
 2024 07 13 13 34 00 000    4.24    -4.96    -0.06  -322.80    -18.60    -35.40    4.72     31866.0
 2024 07 13 13 35 00 000    4.18    -4.89     0.87  -322.80    -18.60    -35.40    4.72     31866.0
 2024 07 13 13 36 00 000    4.11    -4.77     1.64  -321.30    -26.80    -13.00    5.19     34732.0
 2024 07 13 13 37 00 000    4.63    -4.47     1.06  -321.30    -26.80    -13.00    5.19     34732.0
 2024 07 13 13 38 00 000    4.47    -4.61     1.21  -321.30    -26.80    -13.00    5.19     34732.0
 2024 07 13 13 39 00 000    4.48    -4.73     0.89  -319.40    -21.60    -19.20    4.95     33868.0
 2024 07 13 13 40 00 000    4.47    -4.79     0.59  -319.40    -21.60    -19.20    4.95     33868.0
 2024 07 13 13 41 00 000    4.49    -4.77     0.28  -319.40    -21.60    -19.20    4.95     33868.0
 2024 07 13 13 42 00 000    4.22    -5.00    -0.11  -319.40    -21.60    -19.20    4.95     33868.0
 2024 07 13 13 43 00 000    4.27    -4.97     0.07  -319.40    -21.60    -19.20    4.95     33868.0
 2024 07 13 13 44 00 000    4.30    -4.94     0.43  -319.40    -21.60    -19.20    4.95     33868.0
 2024 07 13 13 45 00 000    4.51    -4.72     0.62  -319.40    -21.60    -19.20    4.95     33868.0
 2024 07 13 13 46 00 000    4.68    -4.61    -0.10  -319.40    -21.60    -19.20    4.95     33868.0
 2024 07 13 13 47 00 000    4.65    -4.58     0.53  -319.40    -21.60    -19.20    4.95     33868.0
 2024 07 13 13 48 00 000    4.82    -4.32     1.00  -319.40    -21.60    -19.20    4.95     33868.0
 2024 07 13 13 49 00 000    4.18    -4.75    -1.65  -319.40    -21.60    -19.20    4.95     33868.0
 2024 07 13 13 50 00 000    4.40    -4.85    -0.82  -319.40    -21.60    -19.20    4.95     33868.0
 2024 07 13 13 51 00 000    4.25    -4.98    -0.65  -319.40    -21.60    -19.20    4.95     33868.0
 2024 07 13 13 52 00 000    4.27    -5.00    -0.35  -319.40    -21.60    -19.20    4.95     33868.0
 2024 07 13 13 53 00 000    4.15    -5.10    -0.05  -319.40    -21.60    -19.20    4.95     33868.0
 2024 07 13 13 54 00 000    4.42    -4.68    -1.23  -319.80    -20.60    -32.50    4.56     33099.0
 2024 07 13 13 55 00 000    4.33    -4.83    -0.78  -319.80    -20.60    -32.50    4.56     33099.0
 2024 07 13 13 56 00 000    4.60    -4.59    -0.89  -319.80    -20.60    -32.50    4.56     33099.0
 2024 07 13 13 57 00 000    4.73    -4.51    -0.47  -319.80    -20.60    -32.50    4.56     33099.0
 2024 07 13 13 58 00 000    4.89    -4.35    -0.21  -319.60    -23.10    -26.00    4.78     33868.0
 2024 07 13 13 59 00 000    4.63    -4.57    -0.49  -319.60    -23.10    -26.00    4.78     33868.0
 2024 07 13 14 00 00 000    4.08    -5.02    -1.03  -319.60    -23.10    -26.00    4.78     33868.0
 2024 07 13 14 01 00 000    4.84    -4.35    -0.33  -319.60    -23.10    -26.00    4.78     33868.0
 2024 07 13 14 02 00 000    5.05    -4.19    -0.19  -318.50    -23.10    -26.00    4.77     35110.0
 2024 07 13 14 03 00 000    4.98    -4.22    -0.41  -318.50    -23.10    -26.00    4.77     35110.0
 2024 07 13 14 04 00 000    5.01    -4.17    -0.57  -318.50    -23.10    -26.00    4.77     35110.0
 2024 07 13 14 05 00 000    5.56    -3.40    -0.80  -318.50    -23.10    -26.00    4.77     35110.0
 2024 07 13 14 06 00 000    5.54    -3.43    -0.49  -318.50    -23.10    -26.00    4.77     35110.0
 2024 07 13 14 07 00 000    5.52    -3.49    -0.21  -318.50    -23.10    -26.00    4.77     35110.0
 2024 07 13 14 08 00 000    5.44    -3.62    -0.06  -318.50    -23.10    -26.00    4.77     35110.0
 2024 07 13 14 09 00 000    5.20    -3.97    -0.09  -318.50    -23.10    -26.00    4.77     35110.0
 2024 07 13 14 10 00 000    5.05    -4.18    -0.26  -318.50    -23.10    -26.00    4.77     35110.0
 2024 07 13 14 11 00 000    4.99    -4.34    -0.37  -318.50    -23.10    -26.00    4.77     35110.0
 2024 07 13 14 12 00 000    5.05    -4.30    -0.51  -318.50    -23.10    -26.00    4.77     35110.0
 2024 07 13 14 13 00 000    5.13    -4.17    -0.54  -318.50    -23.10    -26.00    4.77     35110.0
 2024 07 13 14 14 00 000    5.24    -3.92    -0.62  -318.50    -23.10    -26.00    4.77     35110.0
 2024 07 13 14 15 00 000    5.29    -3.88    -0.63  -318.50    -23.10    -26.00    4.77     35110.0
 2024 07 13 14 16 00 000    5.26    -4.00    -0.56  -318.50    -23.10    -26.00    4.77     35110.0
 2024 07 13 14 17 00 000    5.21    -4.04    -0.50  -318.50    -23.10    -26.00    4.77     35110.0
 2024 07 13 14 18 00 000    5.24    -4.03    -0.48  -318.50    -23.10    -26.00    4.77     35110.0
 2024 07 13 14 19 00 000    5.36    -3.83    -0.62  -318.50    -23.10    -26.00    4.77     35110.0
 2024 07 13 14 20 00 000    5.44    -3.70    -0.58  -318.50    -23.10    -26.00    4.77     35110.0
 2024 07 13 14 21 00 000    5.52    -3.62    -0.41  -318.50    -23.10    -26.00    4.77     35110.0
 2024 07 13 14 22 00 000    5.49    -3.66    -0.42  -318.50    -23.10    -26.00    4.77     35110.0
 2024 07 13 14 23 00 000    5.29    -3.86    -0.26  -314.10    -16.20    -30.70    4.78     38025.0
 2024 07 13 14 24 00 000    3.94    -5.02    -0.07  -314.10    -16.20    -30.70    4.78     38025.0
 2024 07 13 14 25 00 000    4.89    -4.24     0.34  -314.10    -16.20    -30.70    4.78     38025.0
 2024 07 13 14 26 00 000    4.77    -4.33     0.62  -314.10    -16.20    -30.70    4.78     38025.0
 2024 07 13 14 27 00 000    4.41    -4.67     0.08  -314.10    -16.20    -30.70    4.78     38025.0
 2024 07 13 14 28 00 000    4.37    -4.74     0.06  -320.00    -23.80    -25.20    5.13     35431.0
 2024 07 13 14 29 00 000    4.43    -4.75    -0.15  -320.00    -23.80    -25.20    5.13     35431.0
 2024 07 13 14 30 00 000    4.51    -4.71    -0.18  -320.00    -23.80    -25.20    5.13     35431.0
 2024 07 13 14 31 00 000    4.48    -4.70     0.05  -320.00    -23.80    -25.20    5.13     35431.0
 2024 07 13 14 32 00 000    4.49    -4.66     0.04  -320.00    -23.80    -25.20    5.13     35431.0
 2024 07 13 14 33 00 000    4.41    -4.77     0.10  -320.00    -23.80    -25.20    5.13     35431.0
 2024 07 13 14 34 00 000    4.45    -4.82     0.07  -320.00    -23.80    -25.20    5.13     35431.0
 2024 07 13 14 35 00 000    4.35    -4.92    -0.03  -320.00    -23.80    -25.20    5.13     35431.0
 2024 07 13 14 36 00 000    4.33    -4.94    -0.09  -320.00    -23.80    -25.20    5.13     35431.0
 2024 07 13 14 37 00 000    4.33    -4.92    -0.18  -320.00    -23.80    -25.20    5.13     35431.0
 2024 07 13 14 38 00 000    4.36    -4.90    -0.19  -320.00    -23.80    -25.20    5.13     35431.0
 2024 07 13 14 39 00 000    4.33    -4.91    -0.14  -320.00    -23.80    -25.20    5.13     35431.0
 2024 07 13 14 40 00 000    4.17    -5.03    -0.19  -320.00    -23.80    -25.20    5.13     35431.0
 2024 07 13 14 42 00 000    4.07    -5.06    -0.22  -320.00    -23.80    -25.20    5.13     35431.0
 2024 07 13 14 43 00 000    4.23    -4.91     0.04  -320.00    -23.80    -25.20    5.13     35431.0
 2024 07 13 14 44 00 000    4.16    -4.97    -0.13  -321.00    -22.40    -28.10    5.02     34703.0
 2024 07 13 14 45 00 000    4.14    -4.97    -0.18  -321.00    -22.40    -28.10    5.02     34703.0
 2024 07 13 14 46 00 000    4.13    -5.02    -0.20  -321.00    -22.40    -28.10    5.02     34703.0
 2024 07 13 14 47 00 000    4.22    -4.94    -0.04  -319.70    -21.80    -25.10    4.98     35227.0
 2024 07 13 14 48 00 000    4.07    -5.03    -0.15  -319.70    -21.80    -25.10    4.98     35227.0
 2024 07 13 14 49 00 000    3.98    -5.12    -0.16  -319.70    -21.80    -25.10    4.98     35227.0
 2024 07 13 14 50 00 000    4.05    -5.07    -0.15  -319.70    -21.80    -25.10    4.98     35227.0
 2024 07 13 14 51 00 000    4.08    -5.03    -0.39  -319.70    -21.80    -25.10    4.98     35227.0
 2024 07 13 14 52 00 000    4.11    -5.01    -0.47  -319.70    -21.80    -25.10    4.98     35227.0
 2024 07 13 14 53 00 000    3.94    -5.10    -0.60  -323.30    -22.60    -31.10    5.20     38634.0
 2024 07 13 14 54 00 000    4.04    -5.04    -0.27  -323.30    -22.60    -31.10    5.20     38634.0
 2024 07 13 14 55 00 000    4.02    -5.06    -0.37  -321.80    -24.90    -27.50    5.01     33725.0
 2024 07 13 14 56 00 000    3.99    -5.06    -0.38  -321.80    -24.90    -27.50    5.01     33725.0
 2024 07 13 14 57 00 000    3.92    -5.13    -0.38  -322.00    -25.10    -27.30    5.01     33725.0
 2024 07 13 14 58 00 000    3.92    -5.12    -0.32  -322.60    -25.70    -26.70    5.02     33725.0
 2024 07 13 14 59 00 000    3.98    -5.08    -0.32  -322.60    -25.70    -26.70    5.02     33725.0
 2024 07 13 15 00 00 000    3.97    -5.08    -0.40  -322.60    -25.70    -26.70    5.02     33725.0
 2024 07 13 15 01 00 000    4.04    -5.05    -0.42  -322.60    -25.70    -26.70    5.02     33725.0
 2024 07 13 15 02 00 000    3.96    -5.12    -0.35  -322.60    -25.70    -26.70    5.02     33725.0
 2024 07 13 15 03 00 000    4.25    -4.89    -0.49  -322.60    -25.70    -26.70    5.02     33725.0
 2024 07 13 15 04 00 000    4.47    -4.65    -0.80  -322.60    -25.70    -26.70    5.02     33725.0
 2024 07 13 15 05 00 000    4.50    -4.62    -1.02  -318.30    -19.30    -29.80    4.95     34877.0
 2024 07 13 15 06 00 000    4.64    -4.46    -1.11  -318.30    -19.30    -29.80    4.95     34877.0
 2024 07 13 15 07 00 000    4.61    -4.47    -1.20  -318.30    -19.30    -29.80    4.95     34877.0
 2024 07 13 15 08 00 000    4.47    -4.63    -0.98  -319.90    -19.70    -28.50    4.76     31340.0
 2024 07 13 15 09 00 000    4.57    -4.56    -0.65  -319.90    -19.70    -28.50    4.76     31340.0
 2024 07 13 15 10 00 000    4.72    -4.40    -0.57  -319.90    -19.70    -28.50    4.76     31340.0
 2024 07 13 15 11 00 000    4.67    -4.46    -0.54  -319.90    -19.70    -28.50    4.76     31340.0
 2024 07 13 15 12 00 000    4.54    -4.63    -0.47  -319.90    -19.70    -28.50    4.76     31340.0
 2024 07 13 15 13 00 000    4.62    -4.54    -0.55  -319.90    -19.70    -28.50    4.76     31340.0
 2024 07 13 15 14 00 000    4.68    -4.49    -0.47  -319.90    -19.70    -28.50    4.76     31340.0
 2024 07 13 15 15 00 000    4.76    -4.41    -0.45  -319.90    -19.70    -28.50    4.76     31340.0
 2024 07 13 15 16 00 000    4.68    -4.48    -0.48  -319.90    -19.70    -28.50    4.76     31340.0
 2024 07 13 15 17 00 000    4.86    -4.28    -0.25  -319.90    -19.70    -28.50    4.76     31340.0
 2024 07 13 15 18 00 000    4.52    -4.70    -0.28  -319.90    -19.70    -28.50    4.76     31340.0
 2024 07 13 15 19 00 000    4.46    -4.77    -0.37  -319.60    -20.40    -27.10    4.85     30874.0
 2024 07 13 15 20 00 000    4.40    -4.77    -0.52  -319.60    -19.80    -27.90    4.85     27706.0
 2024 07 13 15 21 00 000    4.58    -4.62    -0.44  -319.50    -18.20    -30.20    4.85     18592.0
 2024 07 13 15 22 00 000    4.72    -4.50    -0.36  -319.50    -18.20    -30.20    4.85     18592.0
 2024 07 13 15 23 00 000    4.58    -4.61    -0.49  -317.00    -19.60    -27.10    4.88     33269.0
 2024 07 13 15 24 00 000    4.59    -4.58    -0.55  -317.00    -19.70    -27.20    4.88     33269.0
 2024 07 13 15 25 00 000    4.50    -4.59    -0.91  -317.20    -20.40    -27.80    4.88     33464.0
 2024 07 13 15 26 00 000    3.77    -5.14    -0.50  -319.30    -21.80    -28.00    4.94     35148.0
 2024 07 13 15 27 00 000    3.69    -5.21    -0.02  -321.10    -25.60    -26.40    5.03     34150.0
 2024 07 13 15 28 00 000    3.53    -5.25    -0.36  -320.20    -22.30    -30.10    4.76     30465.0
 2024 07 13 15 29 00 000    3.47    -5.26    -0.58  -320.20    -22.30    -30.10    4.76     30465.0
 2024 07 13 15 30 00 000    3.42    -5.29    -0.44  -320.20    -22.30    -30.10    4.76     30465.0
 2024 07 13 15 31 00 000    3.44    -5.28    -0.64  -317.70    -21.50    -29.90    5.24     35695.0
 2024 07 13 15 32 00 000    3.47    -5.26    -0.65  -318.00    -22.10    -28.10    5.26     35668.0
 2024 07 13 15 33 00 000    2.62    -5.73    -1.34  -319.50    -23.50    -26.30    5.20     33780.0
 2024 07 13 15 34 00 000    2.60    -5.75    -1.25  -321.30    -24.20    -27.40    5.14     32095.0
 2024 07 13 15 35 00 000    2.91    -5.62    -1.22  -322.60    -23.60    -29.70    5.27     33813.0
 2024 07 13 15 36 00 000    3.31    -5.38    -1.00  -322.00    -24.30    -26.80    5.12     34225.0
 2024 07 13 15 37 00 000    3.57    -5.27    -0.80  -326.70    -25.70    -32.00    5.16     33286.0
 2024 07 13 15 38 00 000    3.81    -5.10    -0.50  -328.00    -26.10    -33.50    5.17     33014.0
 2024 07 13 15 39 00 000    4.19    -4.77    -0.74  -328.00    -26.10    -33.50    5.17     33014.0
 2024 07 13 15 40 00 000    3.99    -4.82    -1.28  -328.00    -26.10    -33.50    5.17     33014.0
 2024 07 13 15 41 00 000    4.37    -4.53    -0.78  -322.10    -19.50    -33.80    4.86     30113.0
 2024 07 13 15 42 00 000    5.35    -3.54    -0.25  -322.10    -19.50    -33.80    4.86     30113.0
 2024 07 13 15 43 00 000    5.37    -3.51     0.12  -322.10    -19.50    -33.80    4.86     30113.0
 2024 07 13 15 44 00 000    3.79    -5.05    -0.34  -318.10    -18.70    -24.20    5.08     32109.0
 2024 07 13 15 45 00 000    4.19    -4.53    -0.03  -324.60    -23.10    -28.10    4.92     27456.0
 2024 07 13 15 46 00 000    3.01    -5.56    -0.72  -317.80    -19.40    -22.00    5.01     31394.0
 2024 07 13 15 47 00 000    3.12    -5.62    -0.55  -320.60    -22.20    -24.20    5.04     30411.0
 2024 07 13 15 48 00 000    3.42    -5.45    -0.35  -322.70    -25.30    -26.20    5.14     29790.0
 2024 07 13 15 49 00 000    3.31    -5.52    -0.38  -322.60    -25.30    -25.90    5.10     29163.0
 2024 07 13 15 50 00 000    3.46    -5.44    -0.37  -322.60    -25.30    -25.80    5.08     28831.0
 2024 07 13 15 51 00 000    3.56    -5.39    -0.29  -319.80    -24.50    -24.70    5.19     31561.0
 2024 07 13 15 52 00 000    3.30    -5.51    -0.47  -319.80    -24.50    -24.70    5.19     31561.0
 2024 07 13 15 53 00 000    3.31    -5.53    -0.22  -322.10    -26.10    -28.10    5.29     33127.0
 2024 07 13 15 54 00 000    3.66    -5.32     0.18  -321.40    -26.30    -25.30    5.26     31796.0
 2024 07 13 15 55 00 000    3.38    -5.54    -0.16  -320.80    -26.40    -23.10    5.23     30709.0
 2024 07 13 15 56 00 000    3.32    -5.54    -0.26  -322.70    -27.20    -25.90    5.25     29872.0
 2024 07 13 15 57 00 000    3.52    -5.42    -0.36  -320.80    -27.70    -23.80    5.42     32138.0
 2024 07 13 15 58 00 000    3.91    -5.13     0.30  -320.40    -27.80    -23.50    5.48     33010.0
 2024 07 13 15 59 00 000    4.02    -5.04     0.44  -320.40    -27.80    -23.50    5.48     33010.0
 2024 07 13 16 00 00 000    3.96    -5.15     0.23  -318.90    -27.10    -22.10    5.37     32986.0
 2024 07 13 16 01 00 000    4.09    -5.07     0.33  -318.60    -25.30    -21.80    5.29     32396.0
 2024 07 13 16 02 00 000    4.02    -5.15     0.36  -318.30    -23.60    -21.60    5.21     31840.0
 2024 07 13 16 03 00 000    4.01    -5.09     0.35  -319.40    -24.60    -21.40    5.16     31727.0
 2024 07 13 16 04 00 000    4.85    -4.18     0.96  -319.40    -24.60    -21.40    5.16     31727.0
 2024 07 13 16 05 00 000    4.83    -4.21     0.93  -319.40    -24.60    -21.40    5.16     31727.0
 2024 07 13 16 06 00 000    4.85    -4.25     0.57  -312.10    -21.10    -17.30    4.92     29442.0
 2024 07 13 16 07 00 000    5.01    -4.07     0.46  -312.10    -21.10    -17.30    4.92     29442.0
 2024 07 13 16 08 00 000    5.05    -3.96     0.69  -312.10    -21.10    -17.30    4.92     29442.0
 2024 07 13 16 09 00 000    4.85    -4.24     0.64  -310.40    -20.40    -16.20    5.23     36108.0
 2024 07 13 16 10 00 000    4.75    -4.37     0.23  -310.40    -20.40    -16.20    5.23     36108.0
 2024 07 13 16 11 00 000    4.99    -4.09     0.38  -311.30    -20.50    -18.90    5.07     31395.0
 2024 07 13 16 12 00 000    4.82    -4.30     0.22  -311.30    -20.50    -18.90    5.07     31395.0
 2024 07 13 16 13 00 000    4.85    -4.28     0.27  -311.30    -20.50    -18.90    5.07     31395.0
 2024 07 13 16 14 00 000    4.95    -4.16     0.37  -311.30    -20.50    -18.90    5.07     31395.0
 2024 07 13 16 15 00 000    5.13    -3.93     0.36  -309.30    -15.40    -17.70    5.01     31038.0
 2024 07 13 16 16 00 000    4.92    -4.21     0.07  -309.80    -16.00    -18.40    5.03     31534.0
 2024 07 13 16 17 00 000    4.66    -4.47    -0.05  -311.50    -18.60    -20.70    5.14     32598.0
 2024 07 13 16 18 00 000    4.75    -4.39    -0.08  -312.20    -20.60    -21.50    5.16     31727.0
 2024 07 13 16 19 00 000    4.70    -4.41    -0.16  -312.10    -19.40    -22.00    5.61     38909.0
 2024 07 13 16 20 00 000    4.80    -4.32    -0.20  -312.10    -19.40    -22.00    5.61     38909.0
 2024 07 13 16 21 00 000    4.79    -4.34    -0.24  -312.10    -19.40    -22.00    5.61     38909.0
 2024 07 13 16 22 00 000    4.88    -4.27    -0.14  -310.70    -14.90    -22.00    5.15     35490.0
 2024 07 13 16 23 00 000    4.96    -4.19    -0.14  -310.70    -14.90    -22.00    5.15     35490.0
 2024 07 13 16 24 00 000    4.93    -4.20    -0.19  -309.40    -14.60    -22.10    5.18     34183.0
 2024 07 13 16 25 00 000    4.87    -4.26    -0.26  -309.40    -14.60    -22.10    5.18     34202.0
 2024 07 13 16 26 00 000    4.86    -4.28    -0.34  -309.60    -15.10    -21.60    5.19     34414.0
 2024 07 13 16 27 00 000    4.80    -4.36    -0.36  -309.60    -15.10    -21.60    5.19     34414.0
 2024 07 13 16 28 00 000    5.04    -4.06    -0.36  -309.60    -15.50    -22.60    5.15     34241.0
 2024 07 13 16 29 00 000    4.95    -4.19    -0.41  -310.00    -15.90    -23.00    5.15     33357.0
 2024 07 13 16 30 00 000    4.89    -4.24    -0.45  -310.50    -16.60    -23.50    5.16     31993.0
 2024 07 13 16 31 00 000    5.07    -4.02    -0.48  -310.10    -16.30    -23.30    5.18     32760.0
 2024 07 13 16 32 00 000    5.10    -4.00    -0.52  -310.20    -15.50    -23.50    5.10     32060.0
 2024 07 13 16 33 00 000    5.02    -4.06    -0.59  -310.20    -15.10    -24.00    5.08     31844.0
 2024 07 13 16 34 00 000    5.09    -3.98    -0.59  -310.30    -15.50    -25.20    5.17     32643.0
 2024 07 13 16 35 00 000    5.02    -3.94    -0.92  -310.50    -14.30    -30.20    4.99     32282.0
 2024 07 13 16 36 00 000    5.19    -3.79    -0.74  -308.70    -13.40    -24.50    5.08     31314.0
 2024 07 13 16 37 00 000    5.22    -3.77    -0.31  -308.40    -13.30    -23.50    5.10     31148.0
 2024 07 13 16 38 00 000    5.16    -3.83    -0.29  -308.40    -13.30    -23.50    5.10     31148.0
 2024 07 13 16 39 00 000    5.15    -3.85    -0.18  -308.40    -13.30    -23.50    5.10     31148.0
 2024 07 13 16 40 00 000    5.13    -3.85    -0.13  -307.80    -13.90    -21.70    5.26     33468.0
 2024 07 13 16 41 00 000    5.03    -4.00    -0.15  -308.20    -15.70    -21.70    5.33     36825.0
 2024 07 13 16 42 00 000    5.06    -3.94    -0.21  -309.80    -17.60    -21.90    5.33     35117.0
 2024 07 13 16 43 00 000    5.18    -3.90    -0.36  -310.00    -15.40    -22.50    5.17     32499.0
 2024 07 13 16 44 00 000    5.18    -3.83    -0.44  -309.90    -14.50    -22.60    5.12     32032.0
 2024 07 13 16 45 00 000    5.20    -3.78    -0.44  -309.00    -13.60    -23.50    5.26     35068.0
 2024 07 13 16 46 00 000    5.26    -3.71    -0.55  -308.70    -13.40    -23.80    5.30     35931.0
 2024 07 13 16 47 00 000    5.29    -3.69    -0.56  -308.50    -12.80    -24.40    5.12     35607.0
 2024 07 13 16 48 00 000    5.31    -3.69    -0.69  -308.50    -12.90    -24.40    5.11     35678.0
 2024 07 13 16 49 00 000    5.31    -3.71    -0.73  -308.70    -13.50    -24.20    5.03     36523.0
 2024 07 13 16 50 00 000    5.36    -3.64    -0.77  -308.70    -13.50    -24.20    5.03     36523.0
 2024 07 13 16 51 00 000    5.47    -3.46    -0.91  -308.00    -11.10    -24.60    5.13     38237.0
 2024 07 13 16 52 00 000    5.46    -3.47    -0.93  -308.10    -10.90    -24.80    5.15     38140.0
 2024 07 13 16 53 00 000    5.51    -3.36    -0.98  -308.20    -10.60    -25.20    5.19     37994.0
 2024 07 13 16 54 00 000    5.51    -3.33    -1.12  -307.60    -10.40    -25.00    5.17     39230.0
 2024 07 13 16 55 00 000    5.53    -3.27    -1.28  -307.70    -10.30    -25.40    5.20     39534.0
 2024 07 13 16 56 00 000    5.48    -3.33    -1.37  -308.20     -9.70    -27.00    5.33     40709.0
 2024 07 13 16 57 00 000    5.55    -3.14    -1.44  -308.50     -9.30    -26.90    5.10     38237.0
 2024 07 13 16 58 00 000    5.59    -3.08    -1.45  -308.50     -9.30    -26.90    5.08     38055.0
 2024 07 13 16 59 00 000    5.55    -3.20    -1.35  -308.10     -9.80    -26.70    5.18     37390.0
 2024 07 13 17 00 00 000    5.54    -3.28    -1.33  -307.80    -10.10    -26.60    5.26     36910.0
 2024 07 13 17 01 00 000    5.47    -3.46    -1.21  -309.00    -11.10    -25.70    4.96     35342.0
 2024 07 13 17 02 00 000    5.42    -3.53    -1.20  -309.10    -11.20    -25.60    4.92     35144.0
 2024 07 13 17 03 00 000    5.39    -3.55    -1.19  -308.60    -11.40    -26.30    4.94     35373.0
 2024 07 13 17 04 00 000    5.24    -3.81    -0.93  -308.60    -11.40    -26.30    4.94     35367.0
 2024 07 13 17 05 00 000    5.32    -3.75    -0.95  -309.80    -15.00    -24.20    5.01     34270.0
 2024 07 13 17 06 00 000    5.47    -3.45    -1.21  -309.70    -14.70    -24.30    5.00     34265.0
 2024 07 13 17 07 00 000    5.65    -2.96    -1.45  -308.50     -9.50    -26.20    4.82     34155.0
 2024 07 13 17 08 00 000    5.68    -2.95    -1.32  -308.50     -9.50    -26.20    4.82     34155.0
 2024 07 13 17 09 00 000    5.59    -3.17    -1.24  -307.70    -11.00    -25.40    5.03     36285.0
 2024 07 13 17 10 00 000    5.57    -3.24    -1.19  -307.70    -11.00    -25.40    5.03     36253.0
 2024 07 13 17 11 00 000    5.24    -3.63    -0.79  -307.40    -10.70    -24.60    4.87     35607.0
 2024 07 13 17 12 00 000    4.46    -4.38    -0.22  -307.30    -14.40    -28.90    5.45     40577.0
 2024 07 13 17 13 00 000    4.34    -4.52    -0.24  -307.30    -15.00    -29.60    5.55     41403.0
 2024 07 13 17 14 00 000    4.32    -4.55    -0.18  -307.30    -15.00    -29.60    5.55     41403.0
 2024 07 13 17 15 00 000    4.35    -4.54    -0.01  -307.30    -15.00    -29.60    5.55     41403.0
 2024 07 13 17 16 00 000    4.37    -4.52    -0.28  -307.30    -18.50    -22.90    5.34     38420.0
 2024 07 13 17 17 00 000    4.43    -4.37    -0.70  -307.20    -18.30    -23.50    5.34     38156.0
 2024 07 13 17 18 00 000    4.41    -4.42    -0.54  -306.80    -17.30    -26.10    5.34     37245.0
 2024 07 13 17 19 00 000    4.43    -4.38    -0.71  -307.10    -17.60    -23.90    5.40     38394.0
 2024 07 13 17 20 00 000    4.54    -4.20    -0.89  -306.40    -12.70    -26.50    5.43     38879.0
 2024 07 13 17 21 00 000    4.61    -4.22    -0.75  -306.40    -12.90    -26.50    5.43     38843.0
 2024 07 13 17 22 00 000    4.45    -4.42    -0.36  -306.70    -17.00    -26.60    5.45     38237.0
 2024 07 13 17 23 00 000    4.42    -4.50    -0.24  -306.70    -17.00    -26.60    5.45     38237.0
 2024 07 13 17 24 00 000    4.48    -4.43    -0.42  -307.80    -15.60    -24.40    5.40     38542.0
 2024 07 13 17 25 00 000    4.58    -4.35    -0.48  -307.80    -15.60    -24.40    5.40     38542.0
 2024 07 13 17 26 00 000    5.42    -3.57    -1.06  -311.00    -15.40    -24.50    4.96     36286.0
 2024 07 13 17 27 00 000    5.64    -3.35    -1.32  -311.50    -15.60    -24.70    4.92     36534.0
 2024 07 13 17 28 00 000    5.71    -3.26    -1.23  -311.50    -15.60    -24.70    4.92     36534.0
 2024 07 13 17 29 00 000    5.75    -3.15    -1.25  -310.30    -10.40    -25.10    4.86     34097.0
 2024 07 13 17 30 00 000    5.72    -3.24    -1.30  -311.10    -12.00    -24.90    4.89     34777.0
 2024 07 13 17 31 00 000    5.50    -3.63    -1.15  -312.30    -14.20    -24.60    4.93     35754.0
 2024 07 13 17 32 00 000    5.78    -3.01    -1.39  -313.00    -15.20    -23.40    4.81     33582.0
 2024 07 13 17 33 00 000    5.88    -2.67    -1.57  -313.00    -15.20    -23.40    4.81     33582.0
 2024 07 13 17 34 00 000    5.88    -2.60    -1.65  -310.60    -12.30    -26.00    5.15     36644.0
 2024 07 13 17 35 00 000    5.87    -2.67    -1.56  -310.70    -12.90    -26.30    5.16     36818.0
 2024 07 13 17 36 00 000    5.38    -3.76    -1.13  -311.90    -14.60    -26.60    5.13     37823.0
 2024 07 13 17 37 00 000    5.17    -4.13    -1.01  -313.00    -14.00    -26.60    5.19     41024.0
 2024 07 13 17 38 00 000    5.12    -4.13    -1.23  -314.70    -17.60    -24.80    4.77     31175.0
 2024 07 13 17 39 00 000    5.12    -4.11    -1.26  -314.70    -17.60    -24.80    4.77     31175.0
 2024 07 13 17 40 00 000    5.18    -4.05    -1.30  -313.90    -15.50    -25.80    4.90     33854.0
 2024 07 13 17 41 00 000    5.22    -3.99    -1.33  -313.00    -13.20    -26.90    5.04     36761.0
 2024 07 13 17 42 00 000    5.24    -3.99    -1.32  -313.00    -13.20    -26.90    5.04     36761.0
 2024 07 13 17 43 00 000    5.23    -3.98    -1.34  -314.70     -0.20    -18.90    4.78     32620.0
 2024 07 13 17 44 00 000    5.31    -3.88    -1.17  -314.40     -3.00    -19.70    4.78     32642.0
 2024 07 13 17 45 00 000    5.34    -3.90    -0.83  -313.20    -13.30    -22.50    4.79     32722.0
 2024 07 13 17 46 00 000    5.35    -3.93    -0.79  -313.40    -14.70    -20.70    5.05     35807.0
 2024 07 13 17 47 00 000    5.38    -3.85    -0.92  -313.40    -14.70    -20.70    5.05     35813.0
 2024 07 13 17 48 00 000    5.42    -3.80    -0.96  -313.40    -14.70    -20.70    5.05     35813.0
 2024 07 13 17 49 00 000    5.49    -3.71    -1.05  -313.40    -14.70    -20.70    5.05     35813.0
 2024 07 13 17 50 00 000    5.50    -3.64    -1.09  -313.40    -14.70    -20.70    5.05     35813.0
 2024 07 13 17 51 00 000    5.51    -3.66    -1.09  -313.40    -14.70    -20.70    5.05     35813.0
 2024 07 13 17 52 00 000    5.55    -3.50    -1.22  -313.40    -14.70    -20.70    5.05     35813.0
 2024 07 13 17 53 00 000    5.29    -3.36    -1.06  -313.40    -14.70    -20.70    5.05     35813.0
 2024 07 13 17 54 00 000    4.50    -4.28     0.07  -310.60    -20.20    -21.90    5.97     43844.0
 2024 07 13 17 55 00 000    4.42    -4.37     0.08  -310.60    -20.20    -21.90    5.97     43844.0
 2024 07 13 17 56 00 000    4.48    -4.31    -0.04  -310.60    -20.20    -21.90    5.97     43844.0
 2024 07 13 17 57 00 000    4.51    -4.26    -0.09  -310.60    -20.20    -21.90    5.97     43844.0
 2024 07 13 17 58 00 000    4.60    -4.17    -0.18  -310.60    -20.20    -21.90    5.97     43844.0
 2024 07 13 17 59 00 000    4.67    -4.05    -0.09  -310.60    -20.20    -21.90    5.97     43844.0
 2024 07 13 18 00 00 000    4.69    -4.02     0.08  -310.60    -20.20    -21.90    5.97     43844.0
 2024 07 13 18 01 00 000    4.71    -3.96     0.16  -310.60    -20.20    -21.90    5.97     43844.0
 2024 07 13 18 02 00 000    4.77    -3.96     0.11  -310.60    -20.20    -21.90    5.97     43844.0
 2024 07 13 18 03 00 000    4.76    -4.21    -0.73  -311.80    -17.40    -21.30    5.73     41847.0
 2024 07 13 18 04 00 000    4.74    -4.21    -0.84  -311.80    -17.40    -21.30    5.73     41847.0
 2024 07 13 18 05 00 000    4.76    -4.20    -0.74  -311.30    -17.70    -23.00    5.65     40057.0
 2024 07 13 18 06 00 000    4.77    -4.20    -0.59  -311.20    -17.70    -23.30    5.64     39711.0
 2024 07 13 18 07 00 000    4.69    -4.29    -0.53  -311.90    -18.30    -20.90    5.77     40898.0
 2024 07 13 18 08 00 000    4.79    -4.15    -0.52  -311.90    -18.30    -20.90    5.77     40898.0
 2024 07 13 18 09 00 000    4.86    -4.07    -0.61  -311.90    -18.30    -20.90    5.77     40898.0
 2024 07 13 18 10 00 000    4.98    -3.95    -0.77  -311.90    -18.30    -20.90    5.77     40898.0
 2024 07 13 18 11 00 000    4.96    -3.92    -0.73  -311.40    -15.00    -22.90    5.80     42807.0
 2024 07 13 18 12 00 000    4.98    -3.93    -0.70  -311.40    -15.00    -22.90    5.80     42807.0
 2024 07 13 18 13 00 000    5.15    -3.56    -0.93  -311.40    -15.00    -22.90    5.80     42807.0
 2024 07 13 18 14 00 000    5.28    -3.18    -1.41  -308.00     -8.40    -27.50    5.55     38787.0
 2024 07 13 18 15 00 000    5.26    -3.40    -1.27  -308.00     -8.40    -27.50    5.55     38787.0
 2024 07 13 18 16 00 000    5.30    -3.44    -1.14  -308.00     -8.40    -27.50    5.55     38787.0
 2024 07 13 18 17 00 000    5.29    -3.36    -1.10  -308.00     -8.40    -27.50    5.55     38787.0
 2024 07 13 18 18 00 000    5.34    -3.22    -1.21  -308.00     -8.40    -27.50    5.55     38787.0
 2024 07 13 18 19 00 000    5.36    -3.38    -0.93  -308.00     -8.40    -27.50    5.55     38787.0
 2024 07 13 18 20 00 000    5.23    -3.58    -0.61  -308.00     -8.40    -27.50    5.55     38787.0
 2024 07 13 18 21 00 000    5.33    -3.45    -0.67  -307.80    -12.50    -23.30    5.45     38328.0
 2024 07 13 18 22 00 000    5.34    -3.39    -0.83  -307.80    -12.50    -23.30    5.45     38328.0
 2024 07 13 18 23 00 000    5.28    -3.45    -0.83  -307.80    -12.50    -23.30    5.45     38328.0
 2024 07 13 18 24 00 000    5.23    -3.42    -0.87  -307.50    -11.20    -20.20    5.77     44760.0
 2024 07 13 18 25 00 000    5.23    -3.32    -0.91  -307.10    -11.50    -21.10    5.79     44921.0
 2024 07 13 18 26 00 000    5.15    -3.58    -0.61  -305.90    -12.50    -24.20    5.85     45451.0
 2024 07 13 18 27 00 000    5.18    -3.69    -0.63  -307.10    -14.10    -22.70    5.76     39587.0
 2024 07 13 18 28 00 000    5.32    -3.56    -0.68  -307.10    -14.10    -22.70    5.76     39587.0
 2024 07 13 18 29 00 000    5.29    -3.55    -0.82  -307.10    -14.10    -22.70    5.76     39587.0
 2024 07 13 18 30 00 000    5.25    -3.63    -0.66  -307.10    -14.10    -22.70    5.76     39587.0
 2024 07 13 18 31 00 000    5.27    -3.49    -0.82  -307.10    -14.10    -22.70    5.76     39587.0
 2024 07 13 18 32 00 000    5.22    -3.50    -0.82  -307.10    -14.10    -22.70    5.76     39587.0
 2024 07 13 18 33 00 000    5.31    -3.42    -0.77  -307.10    -14.10    -22.70    5.76     39587.0
 2024 07 13 18 34 00 000    5.31    -3.44    -0.81  -307.10    -14.10    -22.70    5.76     39587.0
 2024 07 13 18 35 00 000    5.27    -3.51    -0.88  -307.10    -14.10    -22.70    5.76     39587.0
 2024 07 13 18 36 00 000    5.31    -3.50    -0.81  -307.10    -14.10    -22.70    5.76     39587.0
 2024 07 13 18 37 00 000    5.29    -3.52    -0.84  -307.10    -14.10    -22.70    5.76     39587.0
 2024 07 13 18 38 00 000    5.19    -3.52    -0.74  -307.00    -14.60    -20.70    5.56     41024.0
 2024 07 13 18 39 00 000    5.11    -3.59    -0.82  -307.00    -14.60    -20.70    5.56     41024.0
 2024 07 13 18 40 00 000    5.14    -3.58    -0.96  -307.00    -14.60    -20.70    5.56     41024.0
 2024 07 13 18 41 00 000    5.01    -3.82    -0.90  -307.00    -14.60    -20.70    5.56     41024.0
 2024 07 13 18 42 00 000    4.84    -3.99    -0.74  -307.00    -14.60    -20.70    5.56     41024.0
 2024 07 13 18 43 00 000    4.65    -4.11    -0.76  -307.00    -14.60    -20.70    5.56     41024.0
 2024 07 13 18 44 00 000    4.47    -4.33    -0.58  -307.00    -14.60    -20.70    5.56     41024.0
 2024 07 13 18 45 00 000    4.42    -4.44    -0.42  -307.00    -14.60    -20.70    5.56     41024.0
 2024 07 13 18 46 00 000    4.48    -4.41    -0.36  -307.00    -14.60    -20.70    5.56     41024.0
 2024 07 13 18 47 00 000    4.54    -4.28    -0.47  -307.00    -14.60    -20.70    5.56     41024.0
 2024 07 13 18 48 00 000    4.58    -4.28    -0.48  -307.00    -14.60    -20.70    5.56     41024.0
 2024 07 13 18 49 00 000    4.64    -4.19    -0.48  -307.00    -14.60    -20.70    5.56     41024.0
 2024 07 13 18 50 00 000    4.63    -4.26    -0.47  -307.00    -14.60    -20.70    5.56     41024.0
 2024 07 13 18 51 00 000    4.66    -4.26    -0.44  -307.00    -14.60    -20.70    5.56     41024.0
 2024 07 13 18 52 00 000    4.73    -4.29    -0.43  -307.00    -14.60    -20.70    5.56     41024.0
 2024 07 13 18 53 00 000    4.69    -4.29    -0.37  -307.00    -14.60    -20.70    5.56     41024.0
 2024 07 13 18 54 00 000    4.62    -4.33    -0.44  -307.00    -14.60    -20.70    5.56     41024.0
 2024 07 13 18 55 00 000    4.69    -4.31    -0.52  -307.00    -14.60    -20.70    5.56     41024.0
 2024 07 13 18 56 00 000    4.75    -4.22    -0.74  -307.00    -14.60    -20.70    5.56     41024.0
 2024 07 13 18 57 00 000    4.63    -4.51    -0.44  -307.00    -14.60    -20.70    5.56     41024.0
 2024 07 13 18 58 00 000    4.60    -4.53    -0.58  -307.00    -14.60    -20.70    5.56     41024.0
 2024 07 13 18 59 00 000    4.61    -4.50    -0.70  -307.00    -14.60    -20.70    5.56     41024.0
 2024 07 13 19 00 00 000    4.71    -4.40    -0.82  -307.00    -14.60    -20.70    5.56     41024.0
 2024 07 13 19 01 00 000    4.77    -4.33    -0.94  -307.00    -14.60    -20.70    5.56     41024.0
 2024 07 13 19 02 00 000    4.74    -4.35    -1.00  -307.00    -14.60    -20.70    5.56     41024.0
 2024 07 13 19 03 00 000    4.76    -4.35    -0.88  -307.00    -14.60    -20.70    5.56     41024.0
 2024 07 13 19 04 00 000    4.77    -4.28    -1.14  -307.00    -14.60    -20.70    5.56     41024.0
 2024 07 13 19 05 00 000    4.85    -4.21    -1.08  -307.00    -14.60    -20.70    5.56     41024.0
 2024 07 13 19 06 00 000    5.01    -4.05    -0.93  -307.00    -14.60    -20.70    5.56     41024.0
 2024 07 13 19 07 00 000    4.91    -4.10    -1.25  -307.00    -14.60    -20.70    5.56     41024.0
 2024 07 13 19 08 00 000    4.79    -4.25    -0.91  -307.00    -14.60    -20.70    5.56     41024.0
 2024 07 13 19 09 00 000    5.05    -3.97    -1.00  -307.00    -14.60    -20.70    5.56     41024.0
 2024 07 13 19 10 00 000    4.99    -3.89    -1.22  -307.00    -14.60    -20.70    5.56     41024.0
 2024 07 13 19 11 00 000    5.01    -3.84    -1.14  -306.70    -15.50    -23.60    5.68     40584.0
 2024 07 13 19 12 00 000    5.01    -3.84    -1.00  -306.70    -15.50    -23.60    5.68     40536.0
 2024 07 13 19 13 00 000    5.00    -3.91    -0.64  -307.80    -15.60    -21.90    5.57     38756.0
 2024 07 13 19 14 00 000    5.10    -3.85    -0.49  -307.80    -15.60    -21.90    5.57     38756.0
 2024 07 13 19 15 00 000    5.21    -3.59    -0.75  -307.80    -15.60    -21.90    5.57     38756.0
 2024 07 13 19 16 00 000    5.13    -3.64    -0.85  -307.80    -15.60    -21.90    5.57     38756.0
 2024 07 13 19 17 00 000    5.05    -3.73    -0.82  -307.80    -15.60    -21.90    5.57     38756.0
 2024 07 13 19 18 00 000    5.09    -3.54    -1.49  -307.80    -15.60    -21.90    5.57     38756.0
 2024 07 13 19 19 00 000    5.09    -3.75    -0.58  -307.80    -15.60    -21.90    5.57     38756.0
 2024 07 13 19 20 00 000    5.03    -3.89    -0.54  -307.80    -15.60    -21.90    5.57     38756.0
 2024 07 13 19 21 00 000    5.03    -3.88    -0.65  -307.80    -15.60    -21.90    5.57     38756.0
 2024 07 13 19 22 00 000    5.20    -3.57    -1.61  -307.80    -15.60    -21.90    5.57     38756.0
 2024 07 13 19 23 00 000    5.34    -3.53    -1.87  -307.80    -15.60    -21.90    5.57     38756.0
 2024 07 13 19 24 00 000    5.42    -3.43    -1.85  -307.80    -15.60    -21.90    5.57     38756.0
 2024 07 13 19 25 00 000    5.36    -3.48    -1.68  -307.80    -15.60    -21.90    5.57     38756.0
 2024 07 13 19 26 00 000    5.47    -3.51    -1.57  -307.80    -15.60    -21.90    5.57     38756.0
 2024 07 13 19 27 00 000    5.53    -3.42    -1.41  -307.80    -15.60    -21.90    5.57     38756.0
 2024 07 13 19 28 00 000    5.48    -3.38    -1.28  -307.80    -15.60    -21.90    5.57     38756.0
 2024 07 13 19 29 00 000    5.52    -3.31    -1.46  -307.80    -15.60    -21.90    5.57     38756.0
 2024 07 13 19 30 00 000    5.47    -3.33    -1.52  -307.80    -15.60    -21.90    5.57     38756.0
 2024 07 13 19 31 00 000    5.53    -3.35    -1.52  -307.80    -15.60    -21.90    5.57     38756.0
 2024 07 13 19 32 00 000    5.52    -3.44    -1.48  -307.80    -15.60    -21.90    5.57     38756.0
 2024 07 13 19 33 00 000    5.47    -3.48    -1.55  -307.80    -15.60    -21.90    5.57     38756.0
 2024 07 13 19 34 00 000    5.38    -3.59    -1.51  -308.70    -21.40    -26.60    4.10     24540.0
 2024 07 13 19 35 00 000    5.36    -3.66    -1.55  -308.70    -21.40    -26.60    4.10     24540.0
 2024 07 13 19 36 00 000    5.47    -3.52    -1.57  -308.70    -15.00    -23.90    5.24     40180.0
 2024 07 13 19 37 00 000    5.75    -2.84    -1.84  -308.70    -13.30    -23.20    5.54     44301.0
 2024 07 13 19 38 00 000    5.74    -2.77    -1.88  -308.70    -13.30    -23.20    5.54     44301.0
 2024 07 13 19 39 00 000    5.74    -2.65    -1.87  -308.70    -13.30    -23.20    5.54     44301.0
 2024 07 13 19 40 00 000    5.60    -2.64    -1.81  -308.70    -13.30    -23.20    5.54     44301.0
 2024 07 13 19 41 00 000    5.47    -2.64    -1.67  -308.70    -13.30    -23.20    5.54     44301.0
 2024 07 13 19 42 00 000    5.56    -2.52    -1.78  -308.70    -13.30    -23.20    5.54     44301.0
 2024 07 13 19 43 00 000    5.59    -2.46    -1.87  -308.70    -13.30    -23.20    5.54     44301.0
 2024 07 13 19 44 00 000    4.86    -2.16    -1.73  -308.70    -13.30    -23.20    5.54     44301.0
 2024 07 13 19 45 00 000    4.80    -1.69    -1.95  -308.70    -13.30    -23.20    5.54     44301.0
 2024 07 13 19 46 00 000    5.00    -1.28    -2.50  -308.70    -13.30    -23.20    5.54     44301.0
 2024 07 13 19 47 00 000    5.00    -1.20    -2.60  -308.70    -13.30    -23.20    5.54     44301.0
 2024 07 13 19 48 00 000    4.48    -1.34    -1.84  -308.70    -13.30    -23.20    5.54     44301.0
 2024 07 13 19 49 00 000    4.51    -1.57    -2.31  -308.70    -13.30    -23.20    5.54     44301.0
 2024 07 13 19 50 00 000    4.37    -1.95    -2.10  -308.70    -13.30    -23.20    5.54     44301.0
 2024 07 13 19 51 00 000    4.82    -1.56    -0.58  -308.70    -13.30    -23.20    5.54     44301.0
 2024 07 13 19 52 00 000    4.45    -1.99    -0.38  -308.70    -13.30    -23.20    5.54     44301.0
 2024 07 13 19 53 00 000    3.80    -3.06    -0.86  -308.70    -13.30    -23.20    5.54     44301.0
 2024 07 13 19 54 00 000    2.44    -3.55    -0.74  -308.70    -13.30    -23.20    5.54     44301.0
 2024 07 13 19 55 00 000    3.83    -3.28    -0.43  -308.70    -13.30    -23.20    5.54     44301.0
 2024 07 13 19 56 00 000   -2.04    -3.52     1.36  -294.70    -18.60    -28.50    9.19     45322.0
 2024 07 13 19 57 00 000   -3.23    -3.12     0.44  -294.70    -18.60    -28.50    9.19     45322.0
 2024 07 13 19 58 00 000   -4.20    -2.39     1.87  -294.70    -18.60    -28.50    9.19     45322.0
 2024 07 13 19 59 00 000   -4.44    -2.87     1.97  -294.70    -18.60    -28.50    9.19     45322.0
 2024 07 13 20 00 00 000   -4.44    -2.87     1.98  -294.70    -18.60    -28.50    9.19     45322.0
 2024 07 13 20 02 00 000   -4.52    -2.33     2.46  -294.70    -18.60    -28.50    9.19     45322.0
 2024 07 13 20 03 00 000   -4.51    -2.08     2.59  -294.70    -18.60    -28.50    9.19     45322.0
 2024 07 13 20 04 00 000   -4.59    -1.67     2.64  -294.70    -18.60    -28.50    9.19     45322.0
 2024 07 13 20 05 00 000   -4.44    -1.74     2.42  -294.70    -18.60    -28.50    9.19     45322.0
 2024 07 13 20 06 00 000   -4.50    -1.65     2.36  -294.70    -18.60    -28.50    9.19     45322.0
 2024 07 13 20 07 00 000   -4.55    -1.45     2.44  -294.70    -18.60    -28.50    9.19     45322.0
 2024 07 13 20 08 00 000   -4.42    -0.82     2.44  -330.00     -7.20    -16.00    8.35     16332.0
 2024 07 13 20 09 00 000   -4.48    -1.10     2.23  -330.00     -7.20    -16.00    8.35     16332.0
 2024 07 13 20 10 00 000   -4.45    -1.34     2.16  -330.00     -7.20    -16.00    8.35     16332.0
 2024 07 13 20 11 00 000   -4.51    -1.37     2.09  -330.00     -7.20    -16.00    8.35     16332.0
 2024 07 13 20 12 00 000   -4.52    -1.28     2.00  -331.60     -4.80    -17.40    8.62     15084.0
 2024 07 13 20 13 00 000   -4.67    -0.82     2.07  -331.60     -4.80    -17.40    8.62     15084.0
 2024 07 13 20 14 00 000   -4.70    -0.75     2.07  -331.60     -4.80    -17.40    8.62     15084.0
 2024 07 13 20 15 00 000   -4.66    -0.63     2.04  -331.60     -4.80    -17.40    8.62     15084.0
 2024 07 13 20 16 00 000   -4.54    -0.98     2.12  -329.70     -8.70    -17.20    8.33     16015.0
 2024 07 13 20 17 00 000   -4.51    -1.22     2.09  -329.70     -8.70    -17.20    8.33     16015.0
 2024 07 13 20 18 00 000   -4.54    -1.12     2.09  -329.70     -8.70    -17.20    8.33     16015.0
 2024 07 13 20 19 00 000   -4.57    -0.79     2.07  -329.70     -8.70    -17.20    8.33     16015.0
 2024 07 13 20 20 00 000   -4.59    -0.90     1.93  -329.70     -8.70    -17.20    8.33     16015.0
 2024 07 13 20 21 00 000   -4.51    -1.20     1.86  -329.70     -8.70    -17.20    8.33     16015.0
 2024 07 13 20 22 00 000   -4.38    -2.08     1.65  -329.70     -8.70    -17.20    8.33     16015.0
 2024 07 13 20 23 00 000   -4.67    -1.66     1.58  -329.70     -8.70    -17.20    8.33     16015.0
 2024 07 13 20 24 00 000   -4.27    -2.38     1.56  -329.70     -8.70    -17.20    8.33     16015.0
 2024 07 13 20 25 00 000   -4.45    -2.35     1.36  -329.70     -8.70    -17.20    8.33     16015.0
 2024 07 13 20 26 00 000   -4.64    -1.67     1.55  -329.70     -8.70    -17.20    8.33     16015.0
 2024 07 13 20 27 00 000   -4.71    -1.52     1.50  -330.70     -7.70    -18.60    7.79     17878.0
 2024 07 13 20 28 00 000   -4.75    -1.22     1.39  -330.70     -7.70    -18.60    7.79     17878.0
 2024 07 13 20 29 00 000   -4.45    -2.71     1.28  -330.70     -7.70    -18.60    7.79     17878.0
 2024 07 13 20 30 00 000   -4.54    -2.82     1.14  -330.70     -7.70    -18.60    7.79     17878.0
 2024 07 13 20 31 00 000   -4.54    -2.74     1.10  -329.60    -12.40    -21.50    6.84     16913.0
 2024 07 13 20 32 00 000   -4.55    -2.75     0.96  -329.60    -12.40    -21.50    6.84     16913.0
 2024 07 13 20 33 00 000   -4.48    -2.82     1.06  -329.60    -12.40    -21.50    6.84     16913.0
 2024 07 13 20 34 00 000   -4.39    -3.00     0.81  -329.60    -12.40    -21.50    6.84     16913.0
 2024 07 13 20 35 00 000   -4.32    -2.97     0.70  -330.60     -8.60    -17.70    7.90     19864.0
 2024 07 13 20 36 00 000   -4.15    -3.10     1.31  -330.60     -8.60    -17.70    7.90     19864.0
 2024 07 13 20 37 00 000   -4.14    -3.22     1.03  -330.60     -8.60    -17.70    7.90     19864.0
 2024 07 13 20 38 00 000   -4.09    -3.30     1.04  -330.60     -8.60    -17.70    7.90     19864.0
 2024 07 13 20 39 00 000   -4.10    -3.33     0.93  -330.60     -8.60    -17.70    7.90     19864.0
 2024 07 13 20 40 00 000   -4.17    -3.31     0.95  -330.60     -8.60    -17.70    7.90     19864.0
 2024 07 13 20 41 00 000   -4.12    -3.29     1.12  -330.60     -8.60    -17.70    7.90     19864.0
 2024 07 13 20 42 00 000   -4.05    -3.48     0.87  -328.70    -12.80    -22.20    7.51     18341.0
 2024 07 13 20 43 00 000   -4.03    -3.54     0.75  -328.70    -13.70    -21.60    7.56     18518.0
 2024 07 13 20 44 00 000   -4.05    -3.46     0.86  -328.70    -13.70    -21.60    7.56     18518.0
 2024 07 13 20 45 00 000   -4.00    -3.42     1.17  -328.70    -13.70    -21.60    7.56     18518.0
 2024 07 13 20 46 00 000   -3.96    -3.44     1.19  -328.70    -13.70    -21.60    7.56     18518.0
 2024 07 13 20 47 00 000   -3.81    -3.76     0.94  -328.70    -13.70    -21.60    7.56     18518.0
 2024 07 13 20 48 00 000   -3.34    -4.29     0.77  -328.70    -13.70    -21.60    7.56     18518.0
 2024 07 13 20 49 00 000   -3.24    -4.29     0.68  -328.70    -13.70    -21.60    7.56     18518.0
 2024 07 13 20 50 00 000   -2.58    -4.77     0.12  -328.70    -13.70    -21.60    7.56     18518.0
 2024 07 13 20 51 00 000   -2.25    -4.93    -0.17  -328.70    -13.70    -21.60    7.56     18518.0
 2024 07 13 20 52 00 000   -2.11    -4.93    -0.12  -328.70    -13.70    -21.60    7.56     18518.0
 2024 07 13 20 53 00 000   -2.86    -4.00     0.25  -328.70    -13.70    -21.60    7.56     18518.0
 2024 07 13 20 54 00 000   -3.69    -3.50     0.79  -328.20    -15.30    -22.20    7.90     19342.0
 2024 07 13 20 55 00 000   -3.26    -4.12     0.49  -328.20    -15.30    -22.20    7.90     19342.0
 2024 07 13 20 56 00 000   -2.53    -4.79     0.21  -325.00    -18.20    -25.80    7.03     19271.0
 2024 07 13 20 57 00 000   -2.40    -4.87     0.16  -324.20    -18.90    -26.60    6.82     19255.0
 2024 07 13 20 58 00 000   -2.78    -4.63     0.23  -324.20    -18.90    -26.60    6.82     19255.0
 2024 07 13 20 59 00 000   -3.15    -4.37     0.42  -325.20    -16.20    -21.60    8.15     22699.0
 2024 07 13 21 00 00 000   -3.42    -4.15     0.61  -325.20    -16.20    -21.60    8.15     22699.0
 2024 07 13 21 01 00 000   -3.49    -4.09     0.81  -329.00    -16.20    -19.60    7.60     17076.0
 2024 07 13 21 02 00 000   -3.55    -4.18     0.73  -329.00    -16.20    -19.60    7.60     17076.0
 2024 07 13 21 03 00 000   -3.46    -4.26     0.63  -329.00    -16.20    -19.60    7.60     17076.0
 2024 07 13 21 04 00 000   -3.26    -4.42     0.62  -326.70    -16.20    -21.10    7.92     20976.0
 2024 07 13 21 05 00 000   -3.23    -4.45     0.62  -326.70    -16.20    -21.10    7.92     20976.0
 2024 07 13 21 06 00 000   -3.47    -4.16     0.88  -328.50    -15.30    -19.70    7.63     17303.0
 2024 07 13 21 07 00 000   -3.38    -4.15     0.98  -328.50    -15.30    -19.70    7.63     17279.0
 2024 07 13 21 08 00 000   -3.60    -3.91     1.20  -328.50    -15.30    -19.70    7.63     17279.0
 2024 07 13 21 09 00 000   -3.59    -4.08     0.77  -328.50    -15.30    -19.70    7.63     17279.0
 2024 07 13 21 10 00 000   -3.73    -3.97     0.69  -328.50    -15.30    -19.70    7.63     17279.0
 2024 07 13 21 11 00 000   -3.60    -4.09     0.65  -328.50    -15.30    -19.70    7.63     17279.0
 2024 07 13 21 12 00 000   -3.82    -3.76     0.78  -328.50    -15.30    -19.70    7.63     17279.0
 2024 07 13 21 13 00 000   -4.23    -3.16     0.80  -328.50    -15.30    -19.70    7.63     17279.0
 2024 07 13 21 14 00 000   -4.23    -3.02     0.60  -331.30    -14.20    -22.70    8.30     21474.0
 2024 07 13 21 15 00 000   -4.50    -2.46     0.74  -331.30    -14.20    -22.70    8.30     21474.0
 2024 07 13 21 16 00 000   -4.39    -2.66     0.71  -331.30    -14.20    -22.70    8.30     21474.0
 2024 07 13 21 17 00 000   -4.40    -2.65     0.63  -331.30    -14.20    -22.70    8.30     21474.0
 2024 07 13 21 18 00 000   -4.32    -2.79     0.59  -331.30    -14.20    -22.70    8.30     21474.0
 2024 07 13 21 19 00 000   -4.30    -2.80     0.60  -331.80    -10.60    -20.70    8.31     18655.0
 2024 07 13 21 20 00 000   -4.23    -2.82     0.75  -331.80    -10.60    -20.70    8.31     18655.0
 2024 07 13 21 21 00 000   -4.23    -2.94     0.68  -331.80    -10.60    -20.70    8.31     18655.0
 2024 07 13 21 22 00 000   -4.19    -2.96     0.88  -331.80    -10.20    -19.40    8.30     19104.0
 2024 07 13 21 23 00 000   -4.06    -3.19     0.69  -331.80    -10.20    -19.40    8.30     19104.0
 2024 07 13 21 24 00 000   -4.13    -3.11     0.72  -331.80    -10.20    -19.40    8.30     19104.0
 2024 07 13 21 25 00 000   -3.90    -3.40     0.66  -331.80    -10.20    -19.40    8.30     19104.0
 2024 07 13 21 26 00 000   -4.08    -3.17     0.78  -331.80    -10.20    -19.40    8.30     19104.0
 2024 07 13 21 27 00 000   -4.01    -3.18     0.85  -331.80    -10.20    -19.40    8.30     19104.0
 2024 07 13 21 28 00 000   -4.11    -3.01     0.96  -331.80    -10.20    -19.40    8.30     19104.0
 2024 07 13 21 29 00 000   -3.83    -3.39     0.72  -331.80    -10.20    -19.40    8.30     19104.0
 2024 07 13 21 30 00 000   -4.13    -3.03     0.95  -332.30    -12.70    -20.60    7.97     19930.0
 2024 07 13 21 31 00 000   -4.35    -2.57     1.26  -332.30    -12.70    -20.60    7.97     19930.0
 2024 07 13 21 32 00 000   -4.08    -3.08     1.01  -333.00     -9.50    -18.30    8.35     24858.0
 2024 07 13 21 33 00 000   -3.52    -3.99     0.52  -333.00     -9.50    -18.30    8.35     24858.0
 2024 07 13 21 34 00 000   -3.39    -4.15     0.30  -333.00     -9.50    -18.30    8.35     24858.0
 2024 07 13 21 35 00 000   -3.39    -4.15     0.16  -333.00     -9.50    -18.30    8.35     24858.0
 2024 07 13 21 36 00 000   -3.12    -4.39     0.05  -333.00     -9.50    -18.30    8.35     24858.0
 2024 07 13 21 37 00 000   -3.36    -4.29     0.22  -333.00     -9.50    -18.30    8.35     24858.0
 2024 07 13 21 38 00 000   -3.14    -4.39    -0.14  -333.00     -9.50    -18.30    8.35     24858.0
 2024 07 13 21 39 00 000   -2.94    -4.03     1.13  -333.00     -9.50    -18.30    8.35     24858.0
 2024 07 13 21 40 00 000   -2.84    -4.03     1.32  -333.00     -9.50    -18.30    8.35     24858.0
 2024 07 13 21 41 00 000   -2.90    -3.98     1.29  -333.00     -9.50    -18.30    8.35     24858.0
 2024 07 13 21 42 00 000   -3.22    -3.78     1.02  -333.00     -9.50    -18.30    8.35     24858.0
 2024 07 13 21 43 00 000   -3.36    -3.59     0.95  -333.00     -9.50    -18.30    8.35     24858.0
 2024 07 13 21 44 00 000   -3.33    -3.50     1.12  -333.00     -9.50    -18.30    8.35     24858.0
 2024 07 13 21 45 00 000   -3.26    -3.48     1.63  -333.00     -9.50    -18.30    8.35     24858.0
 2024 07 13 21 46 00 000   -3.15    -3.55     1.67  -333.00     -9.50    -18.30    8.35     24858.0
 2024 07 13 21 47 00 000   -3.19    -3.51     1.66  -333.00     -9.50    -18.30    8.35     24858.0
 2024 07 13 21 48 00 000   -3.48    -3.32     1.74  -333.00     -9.50    -18.30    8.35     24858.0
 2024 07 13 21 49 00 000   -3.65    -3.21     1.93  -333.00     -9.50    -18.30    8.35     24858.0
 2024 07 13 21 50 00 000   -3.64    -3.20     1.97  -333.00     -9.50    -18.30    8.35     24858.0
 2024 07 13 21 51 00 000   -3.52    -3.17     2.13  -324.60    -11.10    -18.60    8.23     24907.0
 2024 07 13 21 52 00 000   -3.08    -3.93     1.30  -324.60    -11.10    -18.60    8.23     24907.0
 2024 07 13 21 53 00 000   -3.16    -4.46     0.65  -324.10    -14.20    -22.70    8.13     18935.0
 2024 07 13 21 54 00 000   -3.03    -4.54     0.87  -324.10    -14.20    -22.70    8.13     18890.0
 2024 07 13 21 55 00 000   -3.25    -4.34     0.76  -324.10    -14.20    -22.70    8.13     18890.0
 2024 07 13 21 56 00 000   -3.35    -4.21     0.87  -324.10    -14.20    -22.70    8.13     18890.0
 2024 07 13 21 57 00 000   -3.59    -3.71     0.93  -324.10    -14.20    -22.70    8.13     18890.0
 2024 07 13 21 58 00 000   -3.46    -3.66     1.05  -324.10    -14.20    -22.70    8.13     18890.0
 2024 07 13 21 59 00 000   -3.46    -3.66     1.15  -324.10    -14.20    -22.70    8.13     18890.0
 2024 07 13 22 00 00 000   -3.41    -3.85     1.12  -324.10    -14.20    -22.70    8.13     18890.0
 2024 07 13 22 01 00 000   -3.29    -3.76     1.09  -324.10    -14.20    -22.70    8.13     18890.0
 2024 07 13 22 02 00 000   -3.30    -3.75     1.13  -324.10    -14.20    -22.70    8.13     18890.0
 2024 07 13 22 03 00 000   -3.30    -3.98     1.01  -324.10    -14.20    -22.70    8.13     18890.0
 2024 07 13 22 04 00 000   -3.35    -3.97     1.02  -324.10    -14.20    -22.70    8.13     18890.0
 2024 07 13 22 05 00 000   -3.05    -4.10     1.07  -324.10    -14.20    -22.70    8.13     18890.0
 2024 07 13 22 06 00 000   -3.33    -4.01     0.95  -324.10    -14.20    -22.70    8.13     18890.0
 2024 07 13 22 07 00 000   -3.41    -3.96     0.92  -324.10    -14.20    -22.70    8.13     18890.0
 2024 07 13 22 08 00 000   -3.52    -3.93     0.86  -324.10    -14.20    -22.70    8.13     18890.0
 2024 07 13 22 09 00 000   -3.44    -3.97     0.91  -324.10    -14.20    -22.70    8.13     18890.0
 2024 07 13 22 10 00 000   -3.48    -4.13     0.71  -324.10    -14.20    -22.70    8.13     18890.0
 2024 07 13 22 11 00 000   -3.37    -4.11     0.79  -324.10    -14.20    -22.70    8.13     18890.0
 2024 07 13 22 12 00 000   -3.36    -4.12     0.78  -324.10    -14.20    -22.70    8.13     18890.0
 2024 07 13 22 13 00 000   -3.32    -4.20     0.66  -324.10    -14.20    -22.70    8.13     18890.0
 2024 07 13 22 14 00 000   -3.14    -4.17     0.31  -324.10    -14.20    -22.70    8.13     18890.0
 2024 07 13 22 15 00 000   -2.96    -4.31     0.56  -324.10    -14.20    -22.70    8.13     18890.0
 2024 07 13 22 16 00 000   -2.92    -4.34     0.07  -324.10    -14.20    -22.70    8.13     18890.0
 2024 07 13 22 17 00 000   -3.08    -4.20    -0.39  -324.10    -14.20    -22.70    8.13     18890.0
 2024 07 13 22 18 00 000   -3.44    -4.21    -0.06  -324.10    -14.20    -22.70    8.13     18890.0
 2024 07 13 22 19 00 000   -3.35    -4.09     0.42  -324.10    -14.20    -22.70    8.13     18890.0
 2024 07 13 22 20 00 000   -3.19    -4.19     0.55  -324.10    -14.20    -22.70    8.13     18890.0
 2024 07 13 22 21 00 000   -3.18    -4.29     0.35  -324.10    -14.20    -22.70    8.13     18890.0
 2024 07 13 22 22 00 000   -3.24    -4.24     0.07  -324.10    -14.20    -22.70    8.13     18890.0
 2024 07 13 22 23 00 000   -3.43    -4.00     0.19  -324.10    -14.20    -22.70    8.13     18890.0
 2024 07 13 22 24 00 000   -3.45    -3.93     0.39  -324.10    -14.20    -22.70    8.13     18890.0
 2024 07 13 22 25 00 000   -3.47    -3.75     0.42  -324.10    -14.20    -22.70    8.13     18890.0
 2024 07 13 22 26 00 000   -3.45    -3.94    -0.09  -324.10    -14.20    -22.70    8.13     18890.0
 2024 07 13 22 27 00 000   -3.47    -3.88    -0.04  -324.10    -14.20    -22.70    8.13     18890.0
 2024 07 13 22 28 00 000   -3.08    -4.04     0.41  -324.10    -14.20    -22.70    8.13     18890.0
 2024 07 13 22 29 00 000   -3.03    -4.10     0.27  -324.10    -14.20    -22.70    8.13     18890.0
 2024 07 13 22 30 00 000   -3.10    -4.11     0.46  -324.10    -14.20    -22.70    8.13     18890.0
 2024 07 13 22 31 00 000   -3.16    -4.06     0.57  -324.10    -14.20    -22.70    8.13     18890.0
 2024 07 13 22 32 00 000   -3.03    -4.07     0.82  -324.10    -14.20    -22.70    8.13     18890.0
 2024 07 13 22 33 00 000   -3.19    -4.08     0.49  -324.10    -14.20    -22.70    8.13     18890.0
 2024 07 13 22 34 00 000   -2.97    -4.25     0.42  -321.70    -15.70    -25.10    8.39     19930.0
 2024 07 13 22 35 00 000   -3.00    -4.10     0.46  -321.70    -15.70    -25.10    8.39     19930.0
 2024 07 13 22 36 00 000   -3.29    -3.93     0.85  -321.70    -15.70    -25.10    8.39     19930.0
 2024 07 13 22 37 00 000   -3.51    -3.75     0.80  -321.70    -15.70    -25.10    8.39     19930.0
 2024 07 13 22 38 00 000   -3.49    -3.91     0.49  -321.70    -15.70    -25.10    8.39     19930.0
 2024 07 13 22 39 00 000   -3.45    -3.99     0.29  -321.70    -15.70    -25.10    8.39     19930.0
 2024 07 13 22 40 00 000   -3.40    -3.90     0.11  -324.20    -15.00    -23.70    8.64     18233.0
 2024 07 13 22 41 00 000   -3.37    -3.80    -0.03  -324.20    -15.00    -23.70    8.64     18233.0
 2024 07 13 22 42 00 000   -3.48    -3.47     0.01  -324.20    -15.00    -23.70    8.64     18233.0
 2024 07 13 22 43 00 000   -3.51    -3.64     0.04  -324.20    -15.00    -23.70    8.64     18233.0
 2024 07 13 22 44 00 000   -3.38    -3.83    -0.06  -324.20    -13.10    -24.60    8.49     19385.0
 2024 07 13 22 45 00 000   -3.37    -3.80     0.30  -324.20    -13.10    -24.60    8.49     19385.0
 2024 07 13 22 46 00 000   -3.45    -3.78     0.09  -324.20    -13.10    -24.60    8.49     19385.0
 2024 07 13 22 47 00 000   -3.34    -3.83     0.10  -324.20    -13.10    -24.60    8.49     19385.0
 2024 07 13 22 48 00 000   -3.33    -3.80    -0.01  -324.20    -13.10    -24.60    8.49     19385.0
 2024 07 13 22 49 00 000   -3.32    -3.75    -0.03  -324.20    -13.10    -24.60    8.49     19385.0
 2024 07 13 22 50 00 000   -3.44    -3.65    -0.01  -324.20    -13.10    -24.60    8.49     19385.0
 2024 07 13 22 51 00 000   -3.32    -3.78    -0.11  -324.20    -13.10    -24.60    8.49     19385.0
 2024 07 13 22 52 00 000   -3.27    -4.00    -0.40  -324.20    -13.10    -24.60    8.49     19385.0
 2024 07 13 22 53 00 000   -3.39    -4.01    -0.27  -324.20    -13.10    -24.60    8.49     19385.0
 2024 07 13 22 54 00 000   -3.46    -3.69    -0.09  -326.60    -13.70    -22.50    8.81     19974.0
 2024 07 13 22 55 00 000   -3.15    -3.93    -0.14  -326.60    -13.70    -22.50    8.81     19974.0
 2024 07 13 22 56 00 000   -3.19    -4.09    -0.32  -327.10    -10.20    -25.60    8.82     22384.0
 2024 07 13 22 57 00 000   -3.16    -4.35    -0.31  -327.20     -9.40    -26.30    8.82     22934.0
 2024 07 13 22 58 00 000   -3.40    -4.15    -0.62  -327.20     -9.40    -26.30    8.82     22934.0
 2024 07 13 22 59 00 000   -3.30    -4.16    -0.94  -327.20     -9.40    -26.30    8.82     22934.0
 2024 07 13 23 00 00 000   -3.48    -4.06    -0.93  -327.20     -9.40    -26.30    8.82     22934.0
 2024 07 13 23 01 00 000   -2.55    -4.59    -0.39  -327.20     -9.40    -26.30    8.82     22934.0
 2024 07 13 23 02 00 000   -2.17    -4.76    -0.03  -324.60    -14.10    -22.30    8.03     17546.0
 2024 07 13 23 03 00 000   -2.11    -4.99    -0.56  -323.00    -14.70    -23.50    8.05     19942.0
 2024 07 13 23 04 00 000   -2.50    -4.69    -1.14  -320.40    -15.80    -25.40    8.08     23959.0
 2024 07 13 23 05 00 000   -2.79    -4.54    -1.23  -320.40    -15.80    -25.40    8.08     23959.0
 2024 07 13 23 06 00 000   -1.92    -5.15    -0.49  -319.90    -17.50    -23.50    8.33     26935.0
 2024 07 13 23 07 00 000   -1.83    -5.20    -0.51  -319.90    -17.50    -23.50    8.33     26935.0
 2024 07 13 23 08 00 000   -1.66    -5.27    -0.38  -319.90    -17.50    -23.50    8.33     26935.0
 2024 07 13 23 09 00 000   -1.68    -5.26    -0.60  -319.90    -17.50    -23.50    8.33     26935.0
 2024 07 13 23 10 00 000   -1.46    -5.34    -0.26  -319.90    -17.50    -23.50    8.33     26935.0
 2024 07 13 23 11 00 000   -1.48    -5.31    -0.28  -319.90    -17.50    -23.50    8.33     26935.0
 2024 07 13 23 12 00 000   -1.40    -5.31    -0.34  -319.90    -17.50    -23.50    8.33     26935.0
 2024 07 13 23 13 00 000   -1.51    -5.34    -0.42  -319.90    -17.50    -23.50    8.33     26935.0
 2024 07 13 23 14 00 000   -1.60    -5.32    -0.44  -319.90    -17.50    -23.50    8.33     26935.0
 2024 07 13 23 15 00 000   -1.61    -5.28    -0.57  -319.90    -17.50    -23.50    8.33     26935.0
 2024 07 13 23 16 00 000   -1.68    -5.16    -0.64  -319.90    -17.50    -23.50    8.33     26935.0
 2024 07 13 23 17 00 000   -1.68    -5.18    -0.73  -319.90    -17.50    -23.50    8.33     26935.0
 2024 07 13 23 18 00 000   -1.67    -5.22    -0.47  -320.90    -20.10    -22.60    8.39     23790.0
 2024 07 13 23 19 00 000   -1.68    -5.23    -0.39  -320.90    -20.10    -22.60    8.39     23790.0
 2024 07 13 23 20 00 000   -1.38    -5.30    -0.44  -320.90    -20.10    -22.60    8.39     23790.0
 2024 07 13 23 21 00 000   -1.05    -5.38    -0.35  -320.90    -20.10    -22.60    8.39     23790.0
 2024 07 13 23 22 00 000   -1.82    -5.22    -0.47  -320.90    -20.10    -22.60    8.39     23790.0
 2024 07 13 23 23 00 000   -1.86    -5.31    -0.55  -320.90    -20.10    -22.60    8.39     23790.0
 2024 07 13 23 24 00 000   -1.84    -5.32    -0.50  -320.90    -20.10    -22.60    8.39     23790.0
 2024 07 13 23 25 00 000   -2.02    -5.36    -0.13  -320.90    -20.10    -22.60    8.39     23790.0
 2024 07 13 23 26 00 000   -1.68    -5.49    -0.46  -320.90    -20.10    -22.60    8.39     23790.0
 2024 07 13 23 27 00 000   -1.41    -5.57    -0.62  -320.90    -20.10    -22.60    8.39     23790.0
 2024 07 13 23 28 00 000   -1.56    -5.50    -0.62  -320.90    -20.10    -22.60    8.39     23790.0
 2024 07 13 23 29 00 000   -1.57    -5.42    -0.75  -320.90    -20.10    -22.60    8.39     23790.0
 2024 07 13 23 30 00 000   -1.58    -5.41    -0.79  -314.80    -20.70    -24.30    8.15     22372.0
 2024 07 13 23 31 00 000   -1.70    -5.36    -0.82  -314.80    -20.70    -24.30    8.15     22372.0
 2024 07 13 23 32 00 000   -1.82    -5.34    -0.77  -314.80    -20.70    -24.30    8.15     22372.0
 2024 07 13 23 33 00 000   -1.34    -5.41    -1.00  -314.80    -20.70    -24.30    8.15     22372.0
 2024 07 13 23 34 00 000   -1.34    -5.30    -0.97  -314.80    -20.70    -24.30    8.15     22372.0
 2024 07 13 23 35 00 000   -1.05    -5.18    -1.15  -314.80    -20.70    -24.30    8.15     22372.0
 2024 07 13 23 36 00 000   -0.92    -5.12    -1.25  -314.80    -20.70    -24.30    8.15     22372.0
 2024 07 13 23 37 00 000   -1.02    -5.11    -1.20  -314.80    -20.70    -24.30    8.15     22372.0
 2024 07 13 23 38 00 000   -0.99    -5.26    -1.13  -318.00    -19.00    -23.10    8.77     27037.0
 2024 07 13 23 39 00 000   -1.08    -5.23    -1.10  -318.00    -19.00    -23.10    8.77     27037.0
 2024 07 13 23 40 00 000   -1.06    -5.06    -1.05  -318.00    -19.00    -23.10    8.77     27037.0
 2024 07 13 23 41 00 000   -0.98    -5.04    -0.99  -318.00    -19.00    -23.10    8.77     27037.0
 2024 07 13 23 42 00 000   -1.07    -5.07    -0.98  -318.00    -19.00    -23.10    8.77     27037.0
 2024 07 13 23 43 00 000   -0.90    -5.16    -0.87  -318.00    -19.00    -23.10    8.77     27037.0
 2024 07 13 23 44 00 000   -1.32    -5.14    -1.32  -318.00    -19.00    -23.10    8.77     27037.0
 2024 07 13 23 45 00 000   -1.46    -5.27    -1.29  -318.00    -19.00    -23.10    8.77     27037.0
 2024 07 13 23 46 00 000   -1.63    -5.12    -1.18  -318.00    -19.00    -23.10    8.77     27037.0
 2024 07 13 23 47 00 000   -1.62    -4.85    -1.04  -318.00    -19.00    -23.10    8.77     27037.0
 2024 07 13 23 48 00 000   -2.22    -4.67    -0.84  -318.00    -19.00    -23.10    8.77     27037.0
 2024 07 13 23 49 00 000   -2.32    -4.88    -1.49  -318.00    -19.00    -23.10    8.77     27037.0
 2024 07 13 23 50 00 000   -2.23    -4.87    -1.61  -318.00    -19.00    -23.10    8.77     27037.0
 2024 07 13 23 51 00 000   -2.32    -4.97    -1.79  -318.00    -19.00    -23.10    8.77     27037.0
 2024 07 13 23 52 00 000   -2.14    -5.23    -1.93  -318.00    -19.00    -23.10    8.77     27037.0
 2024 07 13 23 53 00 000   -1.87    -5.37    -1.93  -318.00    -19.00    -23.10    8.77     27037.0
 2024 07 13 23 54 00 000   -1.77    -5.33    -1.96  -318.00    -19.00    -23.10    8.77     27037.0
 2024 07 13 23 55 00 000   -1.56    -5.27    -1.94  -318.00    -19.00    -23.10    8.77     27037.0
 2024 07 13 23 56 00 000   -1.49    -5.34    -1.92  -318.00    -19.00    -23.10    8.77     27037.0
 2024 07 13 23 57 00 000   -1.42    -5.22    -1.97  -315.30    -12.50    -24.80    7.75     20261.0
 2024 07 13 23 58 00 000   -1.56    -5.14    -2.11  -315.30    -12.50    -24.80    7.75     20261.0
 2024 07 13 23 59 00 000   -1.51    -5.12    -2.11  -315.60    -14.00    -24.80    7.61     20621.0
 2024 07 14 00 00 00 000   -1.48    -4.83    -2.61  -315.60    -14.10    -24.80    7.60     20651.0
 2024 07 14 00 01 00 000   -1.67    -4.87    -2.56  -315.30    -11.40    -26.00    7.81     21338.0
 2024 07 14 00 02 00 000   -1.55    -4.97    -2.56  -315.30    -11.40    -26.00    7.81     21338.0
 2024 07 14 00 03 00 000   -1.72    -4.81    -2.50  -315.30    -11.40    -26.00    7.81     21338.0
 2024 07 14 00 04 00 000   -1.71    -4.82    -2.47  -315.30    -11.40    -26.00    7.81     21338.0
 2024 07 14 00 05 00 000   -1.50    -4.81    -2.58  -315.30    -11.40    -26.00    7.81     21338.0
 2024 07 14 00 06 00 000   -1.36    -4.73    -2.73  -315.30    -11.40    -26.00    7.81     21338.0
 2024 07 14 00 07 00 000   -0.69    -4.93    -2.32  -315.30    -11.40    -26.00    7.81     21338.0
 2024 07 14 00 08 00 000   -0.95    -4.76    -2.63  -315.30    -11.40    -26.00    7.81     21338.0
 2024 07 14 00 09 00 000   -0.59    -4.71    -2.43  -315.30    -11.40    -26.00    7.81     21338.0
 2024 07 14 00 10 00 000    0.06    -4.93    -2.09  -315.30    -11.40    -26.00    7.81     21338.0
 2024 07 14 00 11 00 000    0.06    -4.93    -2.00  -315.30    -11.40    -26.00    7.81     21338.0
 2024 07 14 00 12 00 000   -0.16    -4.87    -2.10  -315.30    -11.40    -26.00    7.81     21338.0
 2024 07 14 00 13 00 000   -0.22    -4.80    -2.30  -315.30    -11.40    -26.00    7.81     21338.0
 2024 07 14 00 14 00 000   -0.20    -4.74    -2.57  -315.30    -11.40    -26.00    7.81     21338.0
 2024 07 14 00 15 00 000   -0.20    -4.69    -2.60  -315.30    -11.40    -26.00    7.81     21338.0
 2024 07 14 00 16 00 000   -0.27    -4.82    -2.27  -315.30    -11.40    -26.00    7.81     21338.0
 2024 07 14 00 17 00 000   -0.06    -4.30    -3.00  -315.30    -11.40    -26.00    7.81     21338.0
 2024 07 14 00 18 00 000   -0.23    -4.13    -3.32  -315.30    -11.40    -26.00    7.81     21338.0
 2024 07 14 00 19 00 000   -0.37    -4.32    -3.17  -315.30    -11.40    -26.00    7.81     21338.0
 2024 07 14 00 20 00 000   -0.28    -4.41    -3.23  -315.30    -11.40    -26.00    7.81     21338.0
 2024 07 14 00 21 00 000   -0.20    -4.43    -3.12  -315.30    -11.40    -26.00    7.81     21338.0
 2024 07 14 00 22 00 000   -0.12    -4.47    -2.96  -315.30    -11.40    -26.00    7.81     21338.0
 2024 07 14 00 23 00 000    0.01    -4.42    -3.06  -315.30    -11.40    -26.00    7.81     21338.0
 2024 07 14 00 24 00 000    0.06    -4.51    -2.94  -315.30    -11.40    -26.00    7.81     21338.0
 2024 07 14 00 25 00 000    0.00    -4.29    -3.02  -315.30    -11.40    -26.00    7.81     21338.0
 2024 07 14 00 26 00 000    0.06    -4.25    -2.98  -315.30    -11.40    -26.00    7.81     21338.0
 2024 07 14 00 27 00 000    0.03    -4.18    -2.96  -315.30    -11.40    -26.00    7.81     21338.0
 2024 07 14 00 28 00 000    0.05    -4.26    -2.95  -315.30    -11.40    -26.00    7.81     21338.0
 2024 07 14 00 29 00 000   -0.15    -4.08    -3.17  -315.30    -11.40    -26.00    7.81     21338.0
 2024 07 14 00 30 00 000   -0.05    -4.11    -2.98  -315.30    -11.40    -26.00    7.81     21338.0
 2024 07 14 00 31 00 000   -0.07    -4.27    -3.20  -309.80    -15.60    -30.10    8.24     17919.0
 2024 07 14 00 32 00 000   -0.21    -4.01    -3.45  -309.80    -15.60    -30.10    8.24     17919.0
 2024 07 14 00 33 00 000   -0.20    -3.79    -3.49  -309.80    -15.60    -30.10    8.24     17919.0
 2024 07 14 00 34 00 000   -0.09    -3.87    -3.33  -309.50    -17.40    -30.90    8.50     19974.0
 2024 07 14 00 35 00 000    0.05    -3.58    -3.36  -309.50    -17.40    -30.90    8.50     19974.0
 2024 07 14 00 36 00 000   -0.14    -3.54    -3.48  -309.50    -17.40    -30.90    8.50     19974.0
 2024 07 14 00 37 00 000   -0.07    -3.62    -3.44  -308.60    -18.80    -31.30    8.57     16511.0
 2024 07 14 00 38 00 000    0.04    -3.66    -3.36  -308.60    -18.80    -31.30    8.57     16511.0
 2024 07 14 00 39 00 000    0.10    -3.66    -3.35  -308.60    -18.80    -31.30    8.57     16511.0
 2024 07 14 00 40 00 000    0.30    -3.56    -3.50  -308.60    -18.80    -31.30    8.57     16511.0
 2024 07 14 00 41 00 000    0.31    -3.57    -3.54  -308.70    -19.40    -32.90    8.73     17732.0
 2024 07 14 00 42 00 000    0.58    -3.81    -3.22  -308.70    -19.40    -32.90    8.73     17732.0
 2024 07 14 00 43 00 000    0.35    -3.81    -3.26  -308.70    -19.40    -32.90    8.73     17732.0
 2024 07 14 00 44 00 000    0.56    -3.25    -3.89  -308.70    -19.40    -32.90    8.73     17732.0
 2024 07 14 00 45 00 000    2.21    -3.77    -2.03  -308.70    -13.60    -31.70    7.33     17730.0
 2024 07 14 00 46 00 000    3.15    -3.50    -1.03  -307.30    -15.00    -30.70    7.55     18269.0
 2024 07 14 00 47 00 000    2.77    -3.73    -1.27  -305.70    -16.70    -29.60    7.83     18897.0
 2024 07 14 00 48 00 000    2.38    -3.85    -1.72  -304.60    -18.10    -29.90    8.07     18954.0
 2024 07 14 00 49 00 000    2.23    -3.95    -1.95  -304.60    -18.10    -29.90    8.07     18954.0
 2024 07 14 00 50 00 000    2.04    -4.04    -2.28  -304.60    -18.10    -29.90    8.07     18954.0
 2024 07 14 00 51 00 000    2.03    -4.08    -2.22  -304.60    -18.10    -29.90    8.07     18954.0
 2024 07 14 00 52 00 000    2.09    -4.07    -2.23  -304.60    -18.10    -29.90    8.07     18954.0
 2024 07 14 00 53 00 000    2.09    -4.06    -2.23  -304.60    -18.10    -29.90    8.07     18954.0
 2024 07 14 00 54 00 000    2.02    -4.10    -2.23  -304.60    -18.10    -29.90    8.07     18954.0
 2024 07 14 00 55 00 000    1.99    -4.04    -2.27  -304.60    -18.10    -29.90    8.07     18954.0
 2024 07 14 00 56 00 000    1.87    -4.00    -1.99  -304.60    -18.10    -29.90    8.07     18954.0
 2024 07 14 00 57 00 000    1.89    -4.07    -1.73  -304.60    -18.10    -29.90    8.07     18954.0
 2024 07 14 00 58 00 000    1.90    -4.11    -1.90  -304.60    -18.10    -29.90    8.07     18954.0
 2024 07 14 00 59 00 000    1.90    -4.15    -2.06  -304.60    -18.10    -29.90    8.07     18954.0
 2024 07 14 01 00 00 000    1.96    -4.18    -2.00  -303.30    -17.00    -28.60    8.06     22676.0
 2024 07 14 01 01 00 000    1.96    -4.10    -1.98  -303.30    -17.00    -28.60    8.06     22676.0
 2024 07 14 01 02 00 000    1.87    -4.17    -2.23  -303.30    -17.00    -28.60    8.06     22676.0
 2024 07 14 01 03 00 000    2.55    -3.60    -2.36  -303.30    -17.00    -28.60    8.06     22676.0
 2024 07 14 01 04 00 000    3.21    -2.88    -2.58  -303.30    -17.00    -28.60    8.06     22676.0
 2024 07 14 01 05 00 000    2.35    -2.96    -2.94  -303.30    -17.00    -28.60    8.06     22676.0
 2024 07 14 01 06 00 000    1.81    -3.25    -2.93  -303.30    -17.00    -28.60    8.06     22676.0
 2024 07 14 01 07 00 000    2.19    -3.23    -2.69  -303.50    -17.20    -30.80    8.16     20820.0
 2024 07 14 01 08 00 000    0.51    -3.27    -3.70  -302.50    -17.20    -29.80    8.35     20854.0
 2024 07 14 01 09 00 000    0.61    -3.11    -3.81  -303.90    -17.30    -32.30    7.75     20440.0
 2024 07 14 01 10 00 000    0.43    -3.06    -3.88  -303.80    -17.30    -31.90    7.79     21143.0
 2024 07 14 01 11 00 000    0.12    -3.16    -3.83  -303.50    -17.20    -31.00    7.88     22699.0
 2024 07 14 01 12 00 000    0.04    -3.24    -3.78  -303.50    -17.20    -31.00    7.88     22699.0
 2024 07 14 01 13 00 000    1.05    -2.76    -3.85  -303.50    -17.20    -31.00    7.88     22699.0
 2024 07 14 01 14 00 000    1.20    -2.56    -3.95  -303.50    -17.20    -31.00    7.88     22699.0
 2024 07 14 01 15 00 000    1.31    -2.51    -3.90  -303.50    -17.20    -31.00    7.88     22699.0
 2024 07 14 01 16 00 000    2.91    -2.82    -1.96  -285.90    -57.60     -1.90    5.69     15334.0
 2024 07 14 01 17 00 000    1.31    -2.53    -3.85  -285.90    -57.60     -1.90    5.69     15334.0
 2024 07 14 01 18 00 000    1.34    -2.77    -3.58  -285.90    -57.60     -1.90    5.69     15334.0
 2024 07 14 01 19 00 000    2.46    -2.90    -2.40  -299.80    -16.90    -30.90    7.77     23384.0
 2024 07 14 01 20 00 000    1.14    -2.64    -3.83  -299.80    -16.90    -30.90    7.77     23384.0
 2024 07 14 01 22 00 000    3.39    -3.09    -1.56  -299.80    -16.90    -30.90    7.77     23384.0
 2024 07 14 01 23 00 000    2.49    -3.15    -2.58  -299.80    -16.90    -30.90    7.77     23384.0
 2024 07 14 01 24 00 000    2.26    -3.13    -2.94  -299.80    -16.90    -30.90    7.77     23384.0
 2024 07 14 01 25 00 000    2.33    -3.08    -2.90  -299.80    -16.90    -30.90    7.77     23384.0
 2024 07 14 01 26 00 000    3.28    -3.17    -2.18  -290.00    -22.70    -26.50    5.88     17940.0
 2024 07 14 01 27 00 000    4.38    -3.07    -1.25  -290.00    -22.70    -26.50    5.88     17940.0
 2024 07 14 01 28 00 000    4.34    -3.51     0.16  -290.00    -22.70    -26.50    5.88     17940.0
 2024 07 14 01 29 00 000    4.29    -3.53     0.01  -290.00    -22.70    -26.50    5.88     17940.0
 2024 07 14 01 30 00 000    4.18    -3.78    -0.29  -290.00    -22.70    -26.50    5.88     17940.0
 2024 07 14 01 31 00 000    4.24    -3.45    -0.50  -290.00    -22.70    -26.50    5.88     17940.0
 2024 07 14 01 32 00 000    4.22    -3.33    -0.74  -290.00    -22.70    -26.50    5.88     17940.0
 2024 07 14 01 33 00 000    4.30    -3.27    -0.54  -290.00    -22.70    -26.50    5.88     17940.0
 2024 07 14 01 34 00 000    4.53    -2.96    -0.53  -290.00    -22.70    -26.50    5.88     17940.0
 2024 07 14 01 35 00 000    4.53    -3.03    -0.48  -290.00    -22.70    -26.50    5.88     17940.0
 2024 07 14 01 36 00 000    4.46    -3.12    -0.45  -287.90    -22.70    -21.30    5.69     15566.0
 2024 07 14 01 37 00 000    4.41    -3.18    -0.43  -287.60    -22.40    -20.90    5.70     15654.0
 2024 07 14 01 38 00 000    4.32    -3.31    -0.31  -286.40    -21.10    -18.80    5.74     16131.0
 2024 07 14 01 39 00 000    4.40    -3.24    -0.33  -286.60    -21.30    -18.90    5.79     16283.0
 2024 07 14 01 40 00 000    4.66    -2.97    -0.13  -288.80    -22.30    -17.10    5.38     14842.0
 2024 07 14 01 41 00 000    4.66    -2.97    -0.18  -288.80    -22.30    -17.10    5.38     14837.0
 2024 07 14 01 42 00 000    4.65    -3.00    -0.25  -288.80    -22.30    -17.10    5.38     14837.0
 2024 07 14 01 43 00 000    4.67    -2.98    -0.22  -288.80    -22.30    -17.10    5.38     14837.0
 2024 07 14 01 44 00 000    4.65    -3.05    -0.21  -288.80    -22.30    -17.10    5.38     14837.0
 2024 07 14 01 45 00 000    4.71    -2.95    -0.27  -288.80    -22.30    -17.10    5.38     14837.0
 2024 07 14 01 46 00 000    4.73    -2.88    -0.24  -288.80    -22.30    -17.10    5.38     14837.0
 2024 07 14 01 47 00 000    4.77    -2.81    -0.24  -288.80    -22.30    -17.10    5.38     14837.0
 2024 07 14 01 48 00 000    4.69    -2.92    -0.27  -288.80    -22.30    -17.10    5.38     14837.0
 2024 07 14 01 49 00 000    4.64    -3.05    -0.34  -288.80    -22.30    -17.10    5.38     14837.0
 2024 07 14 01 50 00 000    4.62    -3.08    -0.36  -288.80    -22.30    -17.10    5.38     14837.0
 2024 07 14 01 51 00 000    4.64    -3.06    -0.35  -288.80    -22.30    -17.10    5.38     14837.0
 2024 07 14 01 52 00 000    4.65    -2.99    -0.36  -288.80    -22.30    -17.10    5.38     14837.0
 2024 07 14 01 53 00 000    4.62    -3.04    -0.36  -288.80    -22.30    -17.10    5.38     14837.0
 2024 07 14 01 54 00 000    4.44    -3.29    -0.56  -288.80    -22.30    -17.10    5.38     14837.0
 2024 07 14 01 55 00 000    4.30    -3.47    -0.65  -288.80    -22.30    -17.10    5.38     14837.0
 2024 07 14 01 56 00 000    4.30    -3.50    -0.76  -283.40    -19.60    -24.40    6.00     18282.0
 2024 07 14 01 57 00 000    4.37    -3.40    -0.75  -284.80    -20.60    -25.00    6.04     17547.0
 2024 07 14 01 58 00 000    4.64    -3.02    -0.38  -285.40    -21.10    -25.20    6.06     17218.0
 2024 07 14 01 59 00 000    4.70    -3.01    -0.35  -287.40    -17.70    -17.90    5.65     16631.0
 2024 07 14 02 00 00 000    4.82    -2.90    -0.26  -287.40    -17.70    -17.90    5.65     16631.0
 2024 07 14 02 01 00 000    4.81    -2.91    -0.24  -287.40    -17.70    -17.90    5.65     16631.0
 2024 07 14 02 02 00 000    4.84    -2.85    -0.41  -287.40    -17.70    -17.90    5.65     16631.0
 2024 07 14 02 03 00 000    4.79    -2.85    -0.37  -287.40    -17.70    -17.90    5.65     16631.0
 2024 07 14 02 04 00 000    4.83    -2.82    -0.34  -287.40    -17.70    -17.90    5.65     16631.0
 2024 07 14 02 05 00 000    4.90    -2.75    -0.43  -287.40    -17.70    -17.90    5.65     16631.0
 2024 07 14 02 06 00 000    4.89    -2.74    -0.43  -287.40    -17.70    -17.90    5.65     16631.0
 2024 07 14 02 07 00 000    4.88    -2.73    -0.55  -287.40    -17.70    -17.90    5.65     16631.0
 2024 07 14 02 11 00 000    4.83    -2.84    -0.53  -287.40    -17.70    -17.90    5.65     16631.0
 2024 07 14 02 12 00 000    4.86    -2.83    -0.52  -287.40    -17.70    -17.90    5.65     16631.0
 2024 07 14 02 13 00 000    4.82    -2.88    -0.59  -287.90     -3.00    -15.60    5.81     16312.0
 2024 07 14 02 14 00 000    4.80    -2.91    -0.72  -287.90     -3.00    -15.60    5.81     16312.0
 2024 07 14 02 15 00 000    4.76    -2.85    -0.76  -287.90     -3.00    -15.60    5.81     16312.0
 2024 07 14 02 16 00 000    4.82    -2.70    -0.88  -287.90     -3.00    -15.60    5.81     16312.0
 2024 07 14 02 17 00 000    4.81    -2.77    -0.88  -287.90     -3.00    -15.60    5.81     16312.0
 2024 07 14 02 18 00 000    4.76    -2.78    -0.82  -287.90     -3.00    -15.60    5.81     16312.0
 2024 07 14 02 19 00 000    4.70    -2.85    -0.82  -287.90     -3.00    -15.60    5.81     16312.0
 2024 07 14 02 20 00 000    4.63    -2.96    -0.80  -287.90     -3.00    -15.60    5.81     16312.0
 2024 07 14 02 21 00 000    4.72    -2.93    -0.78  -287.90     -3.00    -15.60    5.81     16312.0
 2024 07 14 02 22 00 000    4.77    -2.81    -0.84  -287.90     -3.00    -15.60    5.81     16312.0
 2024 07 14 02 23 00 000    4.73    -2.80    -0.89  -287.90     -3.00    -15.60    5.81     16312.0
 2024 07 14 02 24 00 000    4.74    -2.78    -0.95  -287.90     -3.00    -15.60    5.81     16312.0
 2024 07 14 02 25 00 000    4.68    -2.86    -1.01  -285.70    -17.90    -28.00    6.43     18868.0
 2024 07 14 02 26 00 000    4.67    -2.94    -1.05  -284.80    -18.10    -28.90    6.29     18505.0
 2024 07 14 02 27 00 000    4.68    -3.06    -0.96  -283.80    -18.40    -30.10    6.12     18065.0
 2024 07 14 02 28 00 000    4.68    -3.05    -0.97  -283.80    -18.40    -30.10    6.12     18065.0
 2024 07 14 02 29 00 000    4.63    -3.08    -0.98  -283.80    -18.40    -30.10    6.12     18065.0
 2024 07 14 02 30 00 000    4.57    -3.22    -0.93  -283.80    -18.40    -30.10    6.12     18065.0
 2024 07 14 02 31 00 000    4.61    -3.13    -0.91  -283.80    -18.40    -30.10    6.12     18065.0
 2024 07 14 02 32 00 000    4.56    -3.18    -0.94  -283.80    -18.40    -30.10    6.12     18065.0
 2024 07 14 02 33 00 000    4.70    -3.02    -0.98  -283.80    -18.40    -30.10    6.12     18065.0
 2024 07 14 02 34 00 000    4.75    -2.96    -1.06  -283.80    -18.40    -30.10    6.12     18065.0
 2024 07 14 02 35 00 000    4.87    -2.78    -1.21  -283.50    -17.50    -23.30    5.93     17898.0
 2024 07 14 02 36 00 000    4.83    -2.81    -1.20  -283.50    -17.50    -23.30    5.93     17898.0
 2024 07 14 02 37 00 000    4.85    -2.88    -1.02  -283.50    -17.50    -23.30    5.93     17898.0
 2024 07 14 02 38 00 000    4.90    -2.65    -1.13  -283.50    -17.50    -23.30    5.93     17898.0
 2024 07 14 02 39 00 000    4.80    -2.58    -1.14  -283.50    -17.50    -23.30    5.93     17898.0
 2024 07 14 02 40 00 000    4.70    -2.61    -1.15  -283.50    -17.50    -23.30    5.93     17898.0
 2024 07 14 02 41 00 000    4.56    -2.42    -1.16  -283.50    -17.50    -23.30    5.93     17898.0
 2024 07 14 02 42 00 000    4.50    -2.35    -1.19  -283.50    -17.50    -23.30    5.93     17898.0
 2024 07 14 02 43 00 000    4.69    -2.51    -1.21  -283.50    -17.50    -23.30    5.93     17898.0
 2024 07 14 02 44 00 000    4.80    -2.60    -1.27  -283.50    -17.50    -23.30    5.93     17898.0
 2024 07 14 02 45 00 000    4.81    -2.55    -1.28  -283.50    -17.50    -23.30    5.93     17898.0
 2024 07 14 02 46 00 000    4.84    -2.55    -1.34  -283.50    -17.50    -23.30    5.93     17898.0
 2024 07 14 02 47 00 000    4.85    -2.45    -1.27  -280.70    -13.10    -30.90    6.23     21224.0
 2024 07 14 02 48 00 000    4.92    -2.36    -1.28  -280.50    -13.40    -30.90    6.25     21051.0
 2024 07 14 02 49 00 000    4.99    -2.18    -1.25  -279.80    -14.30    -30.80    6.31     20483.0
 2024 07 14 02 50 00 000    4.93    -2.37    -1.21  -279.80    -14.30    -30.80    6.31     20483.0
 2024 07 14 02 51 00 000    4.89    -2.43    -1.16  -279.80    -14.30    -30.80    6.31     20483.0
 2024 07 14 02 52 00 000    4.93    -2.28    -1.20  -279.80    -14.30    -30.80    6.31     20483.0
 2024 07 14 02 53 00 000    4.87    -2.34    -1.16  -279.80    -14.30    -30.80    6.31     20483.0
 2024 07 14 02 54 00 000    4.90    -2.20    -1.21  -279.80    -14.30    -30.80    6.31     20483.0
 2024 07 14 02 55 00 000    4.88    -2.04    -1.34  -279.80    -14.30    -30.80    6.31     20483.0
 2024 07 14 02 56 00 000    4.90    -1.96    -1.39  -279.80    -14.30    -30.80    6.31     20483.0
 2024 07 14 02 57 00 000    4.91    -1.89    -1.40  -279.80    -14.30    -30.80    6.31     20483.0
 2024 07 14 02 58 00 000    4.90    -1.80    -1.46  -279.80    -14.30    -30.80    6.31     20483.0
 2024 07 14 02 59 00 000    4.92    -1.65    -1.56  -279.80    -14.30    -30.80    6.31     20483.0
 2024 07 14 03 00 00 000    4.79    -1.38    -1.90  -279.80    -14.30    -30.80    6.31     20483.0
 2024 07 14 03 01 00 000    4.81    -1.46    -1.79  -279.80    -14.30    -30.80    6.31     20483.0
 2024 07 14 03 02 00 000    4.85    -1.58    -1.60  -279.00    -13.40    -29.70    6.58     17774.0
 2024 07 14 03 03 00 000    4.87    -1.62    -1.47  -279.00    -13.40    -29.70    6.58     17774.0
 2024 07 14 03 04 00 000    4.90    -1.69    -1.43  -279.00    -13.40    -29.70    6.58     17774.0
 2024 07 14 03 05 00 000    4.87    -1.74    -1.53  -279.00    -13.40    -29.70    6.58     17774.0
 2024 07 14 03 06 00 000    4.89    -1.80    -1.39  -279.00    -13.40    -29.70    6.58     17774.0
 2024 07 14 03 07 00 000    4.91    -1.80    -1.40  -279.00    -13.40    -29.70    6.58     17774.0
 2024 07 14 03 08 00 000    4.93    -1.72    -1.43  -279.00    -13.40    -29.70    6.58     17774.0
 2024 07 14 03 09 00 000    4.93    -1.71    -1.45  -279.00    -13.40    -29.70    6.58     17774.0
 2024 07 14 03 10 00 000    4.95    -1.65    -1.41  -279.00    -13.40    -29.70    6.58     17774.0
 2024 07 14 03 11 00 000    4.95    -1.64    -1.43  -279.00    -13.40    -29.70    6.58     17774.0
 2024 07 14 03 12 00 000    4.98    -1.55    -1.43  -279.00    -13.40    -29.70    6.58     17774.0
 2024 07 14 03 13 00 000    4.97    -1.63    -1.40  -278.30    -14.60    -32.40    6.94     16611.0
 2024 07 14 03 14 00 000    5.00    -1.56    -1.37  -278.30    -14.60    -32.40    6.94     16611.0
 2024 07 14 03 15 00 000    5.03    -1.51    -1.38  -278.30    -14.60    -32.40    6.94     16611.0
 2024 07 14 03 16 00 000    5.03    -1.48    -1.34  -278.30    -14.60    -32.40    6.94     16611.0
 2024 07 14 03 17 00 000    4.88    -1.44    -1.34  -280.60    -13.20    -30.80    7.37     18698.0
 2024 07 14 03 18 00 000    4.87    -1.39    -1.37  -280.60    -13.20    -30.80    7.37     18698.0
 2024 07 14 03 19 00 000    4.92    -1.33    -1.28  -280.60    -13.20    -30.80    7.37     18698.0
 2024 07 14 03 20 00 000    4.90    -1.31    -1.29  -280.60    -13.20    -30.80    7.37     18698.0
 2024 07 14 03 21 00 000    4.99    -1.22    -1.33  -280.60    -13.20    -30.80    7.37     18698.0
 2024 07 14 03 22 00 000    5.00    -1.21    -1.32  -280.60    -13.20    -30.80    7.37     18698.0
 2024 07 14 03 23 00 000    5.03    -1.16    -1.34  -280.60    -13.20    -30.80    7.37     18698.0
 2024 07 14 03 24 00 000    5.32    -0.76    -1.24  -280.60    -13.20    -30.80    7.37     18698.0
 2024 07 14 03 25 00 000    5.27    -0.91    -1.23  -280.60    -13.20    -30.80    7.37     18698.0
 2024 07 14 03 26 00 000    5.08    -1.06    -1.29  -280.60    -13.20    -30.80    7.37     18698.0
 2024 07 14 03 27 00 000    4.98    -1.32    -1.30  -279.40     -9.80    -31.70    6.94     17464.0
 2024 07 14 03 28 00 000    5.13    -1.10    -1.20  -279.60    -10.00    -31.40    7.04     17794.0
 2024 07 14 03 29 00 000    5.09    -1.23    -1.23  -281.20    -11.50    -29.00    7.95     20742.0
 2024 07 14 03 30 00 000    5.16    -1.06    -1.23  -281.40    -11.50    -27.90    7.80     20313.0
 2024 07 14 03 31 00 000    5.17    -1.10    -1.27  -281.20    -10.30    -25.50    6.77     17157.0
 2024 07 14 03 32 00 000    5.15    -1.18    -1.35  -281.20    -10.30    -25.50    6.77     17157.0
 2024 07 14 03 33 00 000    5.17    -1.15    -1.35  -281.20    -10.30    -25.50    6.77     17157.0
 2024 07 14 03 34 00 000    5.20    -1.16    -1.40  -281.20    -10.30    -25.50    6.77     17157.0
 2024 07 14 03 35 00 000    5.19    -1.08    -1.30  -281.20    -10.30    -25.50    6.77     17157.0
 2024 07 14 03 36 00 000    5.09    -1.16    -1.29  -281.20    -10.30    -25.50    6.77     17157.0
 2024 07 14 03 37 00 000    5.19    -0.98    -1.40  -281.20    -10.30    -25.50    6.77     17157.0
 2024 07 14 03 38 00 000    5.18    -0.97    -1.45  -281.20    -10.30    -25.50    6.77     17157.0
 2024 07 14 03 39 00 000    5.13    -0.84    -1.54  -281.20    -10.30    -25.50    6.77     17157.0
 2024 07 14 03 40 00 000    5.19    -0.82    -1.49  -281.20    -10.30    -25.50    6.77     17157.0
 2024 07 14 03 41 00 000    5.20    -0.85    -1.45  -281.20    -10.30    -25.50    6.77     17157.0
 2024 07 14 03 42 00 000    5.25    -0.78    -1.43  -281.20    -10.30    -25.50    6.77     17157.0
 2024 07 14 03 43 00 000    5.16    -0.82    -1.49  -278.70      6.50    -24.70    7.44     19191.0
 2024 07 14 03 44 00 000    5.28    -0.68    -1.48  -280.40      3.50    -27.80    7.60     19567.0
 2024 07 14 03 45 00 000    5.27    -0.65    -1.55  -284.50     -5.00    -34.90    7.66     18740.0
 2024 07 14 03 46 00 000    5.32    -0.73    -1.46  -284.50     -5.00    -34.90    7.66     18740.0
 2024 07 14 03 47 00 000    5.28    -0.78    -1.38  -284.50     -5.00    -34.90    7.66     18740.0
 2024 07 14 03 48 00 000    5.27    -0.90    -1.26  -284.50     -5.00    -34.90    7.66     18740.0
 2024 07 14 03 49 00 000    5.28    -0.74    -1.50  -283.60     -5.80    -33.90    7.56     18296.0
 2024 07 14 03 50 00 000    5.41    -0.65    -1.51  -283.60     -5.80    -33.90    7.56     18296.0
 2024 07 14 03 51 00 000    5.34    -0.67    -1.51  -283.00     -4.30    -35.10    7.46     17793.0
 2024 07 14 03 52 00 000    5.56    -0.93    -1.51  -282.80     -3.80    -35.50    7.43     17629.0
 2024 07 14 03 53 00 000    5.73    -1.19    -1.52  -282.80     -3.80    -35.50    7.43     17629.0
 2024 07 14 03 54 00 000    5.78    -1.51    -1.42  -282.80     -3.80    -35.50    7.43     17629.0
 2024 07 14 03 55 00 000    5.72    -1.73    -1.50  -282.80     -3.80    -35.50    7.43     17629.0
 2024 07 14 03 56 00 000    5.78    -1.77    -1.50  -282.80     -3.80    -35.50    7.43     17629.0
 2024 07 14 03 57 00 000    5.58    -1.70    -1.46  -282.80     -3.80    -35.50    7.43     17629.0
 2024 07 14 03 58 00 000    5.49    -1.68    -1.42  -282.80     -3.80    -35.50    7.43     17629.0
 2024 07 14 03 59 00 000    5.50    -1.78    -1.37  -284.80    -10.10    -29.60    7.24     13091.0
 2024 07 14 04 00 00 000    5.54    -1.81    -1.33  -284.80    -10.10    -29.60    7.24     13091.0
 2024 07 14 04 01 00 000    5.55    -1.86    -1.34  -284.80    -10.10    -29.60    7.24     13091.0
 2024 07 14 04 02 00 000    5.46    -1.87    -1.31  -285.90     -8.80    -35.80    7.73     13685.0
 2024 07 14 04 03 00 000    5.42    -1.94    -1.36  -285.90     -8.80    -35.80    7.73     13685.0
 2024 07 14 04 04 00 000    5.43    -2.11    -1.43  -285.90     -8.80    -35.80    7.73     13685.0
 2024 07 14 04 05 00 000    5.70    -2.63    -1.42  -285.90     -8.80    -35.80    7.73     13685.0
 2024 07 14 04 06 00 000    5.78    -2.66    -1.73  -285.90     -8.80    -35.80    7.73     13685.0
 2024 07 14 04 07 00 000    5.82    -2.68    -1.97  -285.90     -8.80    -35.80    7.73     13685.0
 2024 07 14 04 08 00 000    5.96    -2.59    -1.77  -285.90     -8.80    -35.80    7.73     13685.0
 2024 07 14 04 09 00 000    5.92    -2.52    -1.93  -285.90     -8.80    -35.80    7.73     13685.0
 2024 07 14 04 10 00 000    6.10    -2.29    -1.78  -285.90     -8.80    -35.80    7.73     13685.0
 2024 07 14 04 11 00 000    6.14    -2.14    -1.77  -285.90     -8.80    -35.80    7.73     13685.0
 2024 07 14 04 12 00 000    6.09    -2.21    -1.74  -285.90     -8.80    -35.80    7.73     13685.0
 2024 07 14 04 13 00 000    6.09    -2.26    -1.69  -285.90     -8.80    -35.80    7.73     13685.0
 2024 07 14 04 14 00 000    6.22    -2.15    -1.52  -285.90     -8.80    -35.80    7.73     13685.0
 2024 07 14 04 15 00 000    6.25    -2.10    -1.46  -285.90     -8.80    -35.80    7.73     13685.0
 2024 07 14 04 16 00 000    6.16    -2.20    -1.72  -285.90     -8.80    -35.80    7.73     13685.0
 2024 07 14 04 17 00 000    6.22    -2.16    -1.74  -286.00     -7.20    -39.10    8.16     14015.0
 2024 07 14 04 18 00 000    6.25    -2.06    -1.65  -286.00     -7.20    -39.10    8.16     14015.0
 2024 07 14 04 19 00 000    6.28    -2.01    -1.63  -285.30     -6.50    -39.30    8.36     15429.0
 2024 07 14 04 20 00 000    6.37    -2.03    -1.62  -285.30     -6.50    -39.30    8.36     15430.0
 2024 07 14 04 21 00 000    6.38    -1.97    -1.62  -285.30     -6.50    -39.30    8.36     15430.0
 2024 07 14 04 22 00 000    6.39    -1.89    -1.60  -285.30     -6.50    -39.30    8.36     15430.0
 2024 07 14 04 23 00 000    6.37    -1.87    -1.65  -285.40     -6.10    -38.90    8.20     13342.0
 2024 07 14 04 24 00 000    6.34    -2.01    -1.65  -285.50     -6.00    -38.30    8.21     13501.0
 2024 07 14 04 25 00 000    6.29    -2.18    -1.68  -286.00     -5.30    -34.90    8.34     14393.0
 2024 07 14 04 26 00 000    6.00    -2.22    -1.71  -287.80     -5.70    -39.10    9.61     12312.0
 2024 07 14 04 27 00 000    6.11    -2.32    -1.82  -286.60     -6.80    -39.60    9.00     11485.0
 2024 07 14 04 28 00 000    6.06    -2.45    -1.88  -286.10     -7.20    -39.80    8.74     11157.0
 2024 07 14 04 29 00 000    6.03    -2.44    -1.91  -286.10     -7.20    -39.80    8.74     11157.0
 2024 07 14 04 30 00 000    5.98    -2.35    -1.92  -286.10     -7.20    -39.80    8.74     11157.0
 2024 07 14 04 31 00 000    5.95    -2.32    -2.03  -286.10     -7.20    -39.80    8.74     11157.0
 2024 07 14 04 32 00 000    6.00    -2.35    -1.87  -286.10     -7.20    -39.80    8.74     11157.0
 2024 07 14 04 33 00 000    5.88    -2.49    -1.98  -289.00     -7.40    -40.80    9.55     14162.0
 2024 07 14 04 34 00 000    5.88    -2.51    -2.03  -289.00     -7.40    -40.80    9.55     14162.0
 2024 07 14 04 35 00 000    5.88    -2.47    -2.01  -288.90     -7.10    -40.20    9.54     14215.0
 2024 07 14 04 36 00 000    5.96    -2.38    -2.01  -288.80     -6.70    -39.40    9.52     14293.0
 2024 07 14 04 37 00 000    5.92    -2.46    -2.05  -288.40     -7.00    -40.50    9.54     14356.0
 2024 07 14 04 38 00 000    5.87    -2.46    -2.07  -288.30     -7.00    -40.70    9.54     14367.0
 2024 07 14 04 39 00 000    5.84    -2.44    -2.05  -288.30     -7.00    -40.70    9.54     14367.0
 2024 07 14 04 40 00 000    5.79    -2.47    -2.05  -288.30     -7.00    -40.70    9.54     14367.0
 2024 07 14 04 41 00 000    5.82    -2.35    -2.18  -290.70     -6.00    -36.90    9.31     13450.0
 2024 07 14 04 42 00 000    5.82    -2.27    -2.30  -290.70     -6.00    -36.90    9.31     13450.0
 2024 07 14 04 43 00 000    5.97    -2.13    -2.23  -290.70     -6.00    -36.90    9.31     13450.0
 2024 07 14 04 44 00 000    5.97    -2.22    -2.25  -290.70     -6.00    -36.90    9.31     13450.0
 2024 07 14 04 45 00 000    5.99    -2.12    -2.27  -290.70     -6.00    -36.90    9.31     13450.0
 2024 07 14 04 46 00 000    5.99    -2.12    -2.19  -290.70     -6.00    -36.90    9.31     13450.0
 2024 07 14 04 47 00 000    5.98    -2.12    -2.28  -290.70     -6.00    -36.90    9.31     13450.0
 2024 07 14 04 48 00 000    6.06    -2.10    -2.13  -288.10     -5.50    -41.00    9.69     14442.0
 2024 07 14 04 49 00 000    6.15    -2.16    -1.94  -288.10     -5.50    -41.00    9.69     14442.0
 2024 07 14 04 50 00 000    6.15    -2.25    -1.83  -288.10     -5.50    -41.00    9.69     14442.0
 2024 07 14 04 51 00 000    6.18    -2.18    -1.78  -288.10     -5.50    -41.00    9.69     14442.0
 2024 07 14 04 52 00 000    6.19    -2.24    -1.76  -288.50     -6.10    -40.00    9.98     14498.0
 2024 07 14 04 53 00 000    6.26    -2.17    -1.82  -288.50     -6.10    -40.00    9.98     14498.0
 2024 07 14 04 54 00 000    6.34    -2.25    -1.70  -288.50     -6.10    -40.00    9.98     14498.0
 2024 07 14 04 55 00 000    6.39    -2.18    -1.79  -288.50     -6.10    -40.00    9.98     14498.0
 2024 07 14 04 56 00 000    6.43    -2.19    -1.77  -288.50     -6.10    -40.00    9.98     14498.0
 2024 07 14 04 57 00 000    6.49    -2.15    -1.71  -288.20     -4.90    -37.80   11.23     22256.0
 2024 07 14 04 58 00 000    6.61    -1.94    -1.71  -288.20     -4.90    -37.80   11.22     22201.0
 2024 07 14 04 59 00 000    6.67    -1.94    -1.67  -287.60     -3.80    -40.60   10.21     15220.0
 2024 07 14 05 00 00 000    6.73    -1.92    -1.61  -287.50     -3.50    -41.30    9.97     13576.0
 2024 07 14 05 01 00 000    6.78    -1.90    -1.63  -287.50     -3.50    -41.30    9.97     13576.0
 2024 07 14 05 02 00 000    6.78    -1.92    -1.55  -287.50     -3.50    -41.30    9.97     13576.0
 2024 07 14 05 03 00 000    6.84    -2.01    -1.39  -287.50     -3.50    -41.30    9.97     13576.0
 2024 07 14 05 04 00 000    6.88    -1.95    -1.40  -287.50     -3.50    -41.30    9.97     13576.0
 2024 07 14 05 05 00 000    7.01    -1.81    -1.57  -287.50     -3.50    -41.30    9.97     13576.0
 2024 07 14 05 06 00 000    6.90    -1.90    -1.64  -287.50     -3.50    -41.30    9.97     13576.0
 2024 07 14 05 07 00 000    6.78    -1.87    -1.64  -287.50     -3.50    -41.30    9.97     13576.0
 2024 07 14 05 08 00 000    6.75    -1.84    -1.73  -287.50     -3.50    -41.30    9.97     13576.0
 2024 07 14 05 09 00 000    6.72    -1.79    -1.68  -287.50     -3.50    -41.30    9.97     13576.0
 2024 07 14 05 10 00 000    6.75    -1.83    -1.61  -287.50     -3.50    -41.30    9.97     13576.0
 2024 07 14 05 11 00 000    6.77    -1.83    -1.58  -287.50     -3.50    -41.30    9.97     13576.0
 2024 07 14 05 12 00 000    6.75    -1.93    -1.53  -287.50     -3.50    -41.30    9.97     13576.0
 2024 07 14 05 13 00 000    6.75    -1.96    -1.46  -287.50     -3.50    -41.30    9.97     13576.0
 2024 07 14 05 14 00 000    6.81    -2.04    -1.45  -288.90     -5.30    -40.40   10.30     14913.0
 2024 07 14 05 15 00 000    6.83    -2.09    -1.38  -288.90     -5.30    -40.40   10.30     14913.0
 2024 07 14 05 16 00 000    6.85    -2.09    -1.35  -289.60     -5.30    -40.00   10.37     14498.0
 2024 07 14 05 17 00 000    6.93    -2.06    -1.19  -289.60     -5.30    -40.00   10.37     14498.0
 2024 07 14 05 18 00 000    6.90    -2.39    -0.90  -289.60     -5.30    -40.00   10.37     14498.0
 2024 07 14 05 19 00 000    6.62    -2.72    -1.02  -289.10    -12.40    -38.80    9.74     14479.0
 2024 07 14 05 20 00 000    6.48    -1.65    -1.34  -289.10    -12.40    -38.80    9.74     14479.0
 2024 07 14 05 21 00 000    6.98    -1.71    -1.45  -289.10    -12.40    -38.80    9.74     14479.0
 2024 07 14 05 22 00 000    7.07    -1.96    -1.45  -289.10    -12.40    -38.80    9.74     14479.0
 2024 07 14 05 23 00 000    7.01    -1.92    -1.60  -289.10    -12.40    -38.80    9.74     14479.0
 2024 07 14 05 24 00 000    6.84    -1.84    -1.53  -287.80     -7.40    -41.70   10.26     17402.0
 2024 07 14 05 25 00 000    6.77    -1.88    -1.49  -287.80     -7.40    -41.70   10.26     17402.0
 2024 07 14 05 26 00 000    6.69    -1.96    -1.47  -287.80     -7.40    -41.70   10.26     17402.0
 2024 07 14 05 27 00 000    6.55    -2.04    -1.42  -287.80     -7.40    -41.70   10.26     17402.0
 2024 07 14 05 28 00 000    6.42    -1.91    -1.31  -287.80     -7.40    -41.70   10.26     17402.0
 2024 07 14 05 29 00 000    6.28    -1.67    -1.27  -287.80     -7.40    -41.70   10.26     17402.0
 2024 07 14 05 31 00 000    5.64    -2.16    -1.17  -294.70     -8.30    -32.00   13.76     29176.0
 2024 07 14 05 32 00 000    5.07    -2.44    -1.17  -294.70     -8.30    -32.00   13.76     29176.0
 2024 07 14 05 33 00 000    5.41    -1.54    -1.15  -294.70     -8.30    -32.00   13.76     29176.0
 2024 07 14 05 34 00 000    5.54    -1.18    -1.31  -294.70     -8.30    -32.00   13.76     29176.0
 2024 07 14 05 35 00 000    4.88    -0.26    -0.99  -300.70      3.00    -36.50   14.26     37812.0
 2024 07 14 05 36 00 000    5.04    -0.97    -0.86  -300.70      3.00    -36.50   14.26     37812.0
 2024 07 14 05 37 00 000    5.21    -1.55    -0.81  -299.50      2.20    -35.40   14.70     36158.0
 2024 07 14 05 38 00 000    5.07    -1.42    -0.38  -296.10      0.00    -32.30   15.99     31368.0
 2024 07 14 05 39 00 000    5.01    -0.59    -0.31  -296.10      0.00    -32.30   15.99     31368.0
 2024 07 14 05 40 00 000    4.79    -1.33     0.02  -300.30     -9.40    -30.20   16.09     48763.0
 2024 07 14 05 41 00 000    4.54     0.41    -0.41  -300.30     -9.40    -30.20   16.09     48763.0
 2024 07 14 05 42 00 000    4.66     0.17    -1.22  -300.30     -9.40    -30.20   16.09     48763.0
 2024 07 14 05 43 00 000    4.63    -0.43    -1.34  -300.30     -9.40    -30.20   16.09     48763.0
 2024 07 14 05 44 00 000    4.50    -0.14    -1.44  -300.30     -9.40    -30.20   16.09     48763.0
 2024 07 14 05 45 00 000    4.25     0.75    -2.11  -300.30     -9.40    -30.20   16.09     48763.0
 2024 07 14 05 46 00 000    4.36     0.38    -2.02  -300.30     -9.40    -30.20   16.09     48763.0
 2024 07 14 05 47 00 000    4.36    -0.29    -2.00  -300.30     -9.40    -30.20   16.09     48763.0
 2024 07 14 05 48 00 000    4.44    -0.07    -1.77  -302.20     -5.20    -39.00   14.51     39711.0
 2024 07 14 05 49 00 000    4.43     0.49    -1.44  -302.20     -5.20    -39.00   14.51     39711.0
 2024 07 14 05 50 00 000    4.37     0.42    -1.60  -302.20     -5.20    -39.00   14.51     39711.0
 2024 07 14 05 51 00 000    4.31    -0.07    -1.52  -302.20     -5.20    -39.00   14.51     39711.0
 2024 07 14 05 52 00 000    4.45    -0.90    -1.04  -302.20     -5.20    -39.00   14.51     39711.0
 2024 07 14 05 53 00 000    4.31    -0.46    -1.31  -300.10     -6.60    -40.40   15.85     54196.0
 2024 07 14 05 54 00 000    3.97    -0.36    -2.04  -300.10     -6.60    -40.40   15.85     54196.0
 2024 07 14 05 55 00 000    4.18     1.32    -1.32  -300.10     -6.60    -40.40   15.85     54196.0
 2024 07 14 05 56 00 000    3.74     1.39    -1.83  -300.10     -6.60    -40.40   15.85     54196.0
 2024 07 14 05 57 00 000    3.86     0.94    -1.57  -305.90      3.70    -33.10   14.48     38146.0
 2024 07 14 05 58 00 000    3.93     1.25    -1.13  -305.90      3.70    -33.10   14.48     38146.0
 2024 07 14 05 59 00 000    3.01     2.19    -0.51  -321.60     14.30    -27.50   15.14     28911.0
 2024 07 14 06 00 00 000    2.60     1.64    -1.53  -321.60     14.30    -27.50   15.14     28911.0
 2024 07 14 06 01 00 000    3.69     1.32    -2.06  -321.60     14.30    -27.50   15.14     28911.0
 2024 07 14 06 02 00 000    3.14     2.00    -1.28  -321.60     14.30    -27.50   15.14     28911.0
 2024 07 14 06 03 00 000    2.47     2.79    -1.50  -321.60     14.30    -27.50   15.14     28911.0
 2024 07 14 06 04 00 000    1.78     3.75    -1.45  -321.60     14.30    -27.50   15.14     28911.0
 2024 07 14 06 05 00 000    0.28     4.57    -1.04  -321.60     14.30    -27.50   15.14     28911.0
 2024 07 14 06 06 00 000    1.05     4.46    -1.43  -321.60     14.30    -27.50   15.14     28911.0
 2024 07 14 06 07 00 000    1.38     4.26    -1.52  -321.60     14.30    -27.50   15.14     28911.0
 2024 07 14 06 08 00 000    0.73     4.34    -1.80  -321.60     14.30    -27.50   15.14     28911.0
 2024 07 14 06 09 00 000    0.73     4.34    -1.80  -321.60     14.30    -27.50   15.14     28911.0
 2024 07 14 06 10 00 000    0.58     4.25    -1.95  -321.60     14.30    -27.50   15.14     28911.0
 2024 07 14 06 11 00 000    0.31     4.32    -1.84  -321.60     14.30    -27.50   15.14     28911.0
 2024 07 14 06 12 00 000    0.78     4.46    -1.60  -321.60     14.30    -27.50   15.14     28911.0
 2024 07 14 06 13 00 000    0.99     4.05    -2.01  -321.60     14.30    -27.50   15.14     28911.0
 2024 07 14 06 14 00 000    1.92     4.05    -1.00  -321.60     14.30    -27.50   15.14     28911.0
 2024 07 14 06 15 00 000    2.12     3.48    -1.84  -321.60     14.30    -27.50   15.14     28911.0
 2024 07 14 06 16 00 000    1.62     3.64    -1.74  -321.60     14.30    -27.50   15.14     28911.0
 2024 07 14 06 17 00 000    2.08     3.45    -0.63  -321.60     14.30    -27.50   15.14     28911.0
 2024 07 14 06 18 00 000    0.69     3.90    -0.99  -321.60     14.30    -27.50   15.14     28911.0
 2024 07 14 06 19 00 000    2.24     3.22    -1.01  -311.20      7.60    -31.80   12.88     19799.0
 2024 07 14 06 20 00 000    1.79     3.10     0.49  -311.20      7.60    -31.80   12.88     19799.0
 2024 07 14 06 21 00 000    0.23     3.81    -0.14  -311.20      7.60    -31.80   12.88     19799.0
 2024 07 14 06 22 00 000    0.05     3.40     0.16  -311.20      7.60    -31.80   12.88     19799.0
 2024 07 14 06 23 00 000    1.41     3.80    -0.79  -311.20      7.60    -31.80   12.88     19799.0
 2024 07 14 06 24 00 000    0.18     4.53    -0.47  -311.20      7.60    -31.80   12.88     19799.0
 2024 07 14 06 25 00 000    0.24     4.06    -0.71  -317.20     15.20    -28.80   13.53     24224.0
 2024 07 14 06 26 00 000    0.88     3.57    -0.92  -320.00     15.40    -27.90   13.28     23234.0
 2024 07 14 06 27 00 000    0.86     3.37    -0.94  -321.60     15.50    -27.40   13.14     22676.0
 2024 07 14 06 28 00 000    0.74     3.48    -1.12  -321.60     15.50    -27.40   13.14     22676.0
 2024 07 14 06 29 00 000    1.67     2.89    -0.89  -321.60     15.50    -27.40   13.14     22676.0
 2024 07 14 06 30 00 000    1.94     2.99    -0.64  -320.10      0.10    -30.20   12.43     29817.0
 2024 07 14 06 31 00 000    1.94     2.98    -0.25  -320.10      0.10    -30.20   12.43     29817.0
 2024 07 14 06 32 00 000    1.77     3.07    -0.21  -320.10      0.10    -30.20   12.43     29817.0
 2024 07 14 06 33 00 000    1.03     3.15    -1.25  -313.50     10.10    -28.10   14.22     23503.0
 2024 07 14 06 35 00 000    1.01     3.81    -0.87  -311.20      0.30    -32.70   13.71     33588.0
 2024 07 14 06 36 00 000    0.95     3.95    -1.01  -311.10      0.00    -32.80   13.70     33868.0
 2024 07 14 06 37 00 000    0.76     3.97    -0.11  -311.10      0.00    -32.80   13.70     33868.0
 2024 07 14 06 38 00 000    1.21     3.36    -0.15  -311.10      0.00    -32.80   13.70     33868.0
 2024 07 14 06 39 00 000    0.15     3.85    -0.58  -311.10      0.00    -32.80   13.70     33868.0
 2024 07 14 06 40 00 000    0.54     3.73    -0.62  -311.10      0.00    -32.80   13.70     33868.0
 2024 07 14 06 41 00 000    0.68     4.02    -1.36  -311.10      0.00    -32.80   13.70     33868.0
 2024 07 14 06 42 00 000    0.60     4.42    -1.15  -311.10      0.00    -32.80   13.70     33868.0
 2024 07 14 06 43 00 000    0.59     4.37    -0.93  -311.10      0.00    -32.80   13.70     33868.0
 2024 07 14 06 44 00 000    0.75     4.39    -0.60  -311.10      0.00    -32.80   13.70     33868.0
 2024 07 14 06 45 00 000    0.56     4.30    -0.89  -311.10      0.00    -32.80   13.70     33868.0
 2024 07 14 06 46 00 000    0.79     4.20    -0.71  -311.10      0.00    -32.80   13.70     33868.0
 2024 07 14 06 47 00 000    1.03     4.23    -0.92  -311.10      0.00    -32.80   13.70     33868.0
 2024 07 14 06 48 00 000    1.61     4.10    -1.28  -311.10      0.00    -32.80   13.70     33868.0
 2024 07 14 06 49 00 000    1.50     4.07    -1.58  -311.10      0.00    -32.80   13.70     33868.0
 2024 07 14 06 50 00 000    1.41     4.16    -1.60  -311.10      0.00    -32.80   13.70     33868.0
 2024 07 14 06 51 00 000    1.44     4.09    -1.39  -311.10      0.00    -32.80   13.70     33868.0
 2024 07 14 06 52 00 000    1.17     3.79    -1.09  -311.10      0.00    -32.80   13.70     33868.0
 2024 07 14 06 53 00 000    1.07     3.68    -1.46  -311.10      0.00    -32.80   13.70     33868.0
 2024 07 14 06 54 00 000    1.08     4.04    -0.66  -311.10      0.00    -32.80   13.70     33868.0
 2024 07 14 06 55 00 000    1.04     4.10    -0.59  -311.10      0.00    -32.80   13.70     33868.0
 2024 07 14 06 56 00 000    1.09     4.33    -0.53  -311.10      0.00    -32.80   13.70     33868.0
 2024 07 14 06 57 00 000    1.21     4.70    -0.46  -311.10      0.00    -32.80   13.70     33868.0
 2024 07 14 06 58 00 000    1.00     4.43    -0.65  -311.10      0.00    -32.80   13.70     33868.0
 2024 07 14 06 59 00 000    0.90     4.37    -0.59  -309.40    -10.80    -31.40   11.77     29602.0
 2024 07 14 07 00 00 000    0.88     4.45    -0.50  -309.40    -10.80    -31.40   11.77     29602.0
 2024 07 14 07 01 00 000    1.01     4.43    -0.41  -309.40    -10.80    -31.40   11.77     29602.0
 2024 07 14 07 02 00 000    1.04     4.46    -0.46  -309.40    -10.80    -31.40   11.77     29602.0
 2024 07 14 07 03 00 000    1.13     4.53    -0.50  -309.40    -10.80    -31.40   11.77     29602.0
 2024 07 14 07 04 00 000    1.18     4.55    -0.54  -309.40    -10.80    -31.40   11.77     29602.0
 2024 07 14 07 05 00 000    1.20     4.54    -0.45  -309.40    -10.80    -31.40   11.77     29602.0
 2024 07 14 07 06 00 000    1.02     4.58    -0.50  -309.40    -10.80    -31.40   11.77     29602.0
 2024 07 14 07 07 00 000    1.00     4.62    -0.36  -309.40    -10.80    -31.40   11.77     29602.0
 2024 07 14 07 08 00 000    0.76     4.60    -0.45  -309.40    -10.80    -31.40   11.77     29602.0
 2024 07 14 07 09 00 000    0.63     4.65    -0.53  -309.40    -10.80    -31.40   11.77     29602.0
 2024 07 14 07 10 00 000    0.76     4.74    -0.17  -307.60     -9.00    -30.30   11.21     29122.0
 2024 07 14 07 11 00 000    0.23     4.52    -0.96  -307.60     -9.00    -30.30   11.21     29122.0
 2024 07 14 07 12 00 000    0.31     4.41    -1.13  -307.60     -9.00    -30.30   11.21     29122.0
 2024 07 14 07 13 00 000    0.60     4.28    -0.58  -311.20    -12.90    -30.90   12.41     32535.0
 2024 07 14 07 14 00 000    0.72     4.06    -0.91  -311.10    -12.50    -30.50   12.12     31212.0
 2024 07 14 07 15 00 000    0.59     3.80    -1.65  -310.70     -9.60    -27.20    9.72     20439.0
 2024 07 14 07 16 00 000    0.26     3.77    -2.25  -309.70    -11.30    -26.40   12.05     32584.0
 2024 07 14 07 17 00 000    0.30     4.24    -2.40  -309.60    -11.40    -26.30   12.24     33582.0
 2024 07 14 07 18 00 000    0.44     3.93    -2.85  -309.60    -11.40    -26.30   12.24     33582.0
 2024 07 14 07 19 00 000    0.27     4.36    -3.08  -308.90     -3.30    -29.10   10.02     28963.0
 2024 07 14 07 20 00 000    0.02     4.88    -3.04  -308.90     -3.30    -29.10   10.02     28963.0
 2024 07 14 07 21 00 000   -0.68     5.65    -1.44  -308.60     -3.10    -29.00   10.08     29240.0
 2024 07 14 07 22 00 000   -0.11     5.68    -0.15  -308.30     -2.80    -28.80   10.16     29576.0
 2024 07 14 07 23 00 000   -0.22     5.63     0.21  -308.30     -2.80    -28.80   10.16     29576.0
 2024 07 14 07 24 00 000    0.37     5.72     0.96  -308.30     -2.80    -28.80   10.16     29576.0
 2024 07 14 07 25 00 000    0.45     5.85     1.21  -308.30     -2.80    -28.80   10.16     29576.0
 2024 07 14 07 26 00 000    0.26     5.87     1.16  -308.30     -2.80    -28.80   10.16     29576.0
 2024 07 14 07 27 00 000    0.16     5.71     1.63  -308.30     -2.80    -28.80   10.16     29576.0
 2024 07 14 07 28 00 000    0.40     5.58     1.43  -308.30     -2.80    -28.80   10.16     29576.0
 2024 07 14 07 29 00 000    0.38     5.87     0.96  -308.30     -2.80    -28.80   10.16     29576.0
 2024 07 14 07 30 00 000    0.68     5.82     0.71  -308.30     -2.80    -28.80   10.16     29576.0
 2024 07 14 07 31 00 000    0.44     5.78     0.96  -308.30     -2.80    -28.80   10.16     29576.0
 2024 07 14 07 32 00 000    0.38     5.87     1.17  -308.30     -2.80    -28.80   10.16     29576.0
 2024 07 14 07 33 00 000    0.44     5.90     1.11  -307.90      1.80    -31.30    9.20     28805.0
 2024 07 14 07 34 00 000    0.36     5.91     0.81  -307.90      1.80    -31.30    9.19     28804.0
 2024 07 14 07 35 00 000    0.44     5.86     1.07  -307.10      2.30    -31.80    8.97     28754.0
 2024 07 14 07 36 00 000    0.50     5.78     0.92  -307.10      2.30    -31.80    8.96     28752.0
 2024 07 14 07 37 00 000    0.50     5.76     0.90  -307.10      2.30    -31.80    8.96     28752.0
 2024 07 14 07 38 00 000    0.73     5.76     0.93  -307.10      2.30    -31.80    8.96     28752.0
 2024 07 14 07 39 00 000    0.65     5.87     0.83  -307.10      2.50    -32.10    9.47     27551.0
 2024 07 14 07 40 00 000    0.65     5.83     0.73  -307.10      2.50    -32.10    9.47     27551.0
 2024 07 14 07 41 00 000    0.62     5.84     0.72  -307.10      2.50    -32.10    9.47     27551.0
 2024 07 14 07 42 00 000    0.71     5.85     0.68  -307.10      2.50    -32.10    9.47     27551.0
 2024 07 14 07 43 00 000    0.68     5.84     0.69  -307.10      2.50    -32.10    9.47     27551.0
 2024 07 14 07 44 00 000    0.64     5.86     0.68  -307.10      2.50    -32.10    9.47     27551.0
 2024 07 14 07 45 00 000    0.50     5.83     0.58  -308.00      1.70    -30.20    9.47     27707.0
 2024 07 14 07 46 00 000    0.43     5.83     0.54  -308.00      1.70    -30.20    9.47     27707.0
 2024 07 14 07 47 00 000    0.19     5.81     0.50  -308.00      1.70    -30.20    9.47     27707.0
 2024 07 14 07 48 00 000    0.48     5.80     0.60  -307.50      2.30    -30.90    9.78     28044.0
 2024 07 14 07 49 00 000    0.68     5.70     0.78  -307.50      2.30    -30.90    9.78     28044.0
 2024 07 14 07 50 00 000    1.02     5.51     1.30  -307.50      2.30    -30.90    9.78     28044.0
 2024 07 14 07 51 00 000    1.10     5.54     1.33  -307.50      2.30    -30.90    9.78     28044.0
 2024 07 14 07 52 00 000    1.41     5.44     1.21  -307.50      2.30    -30.90    9.78     28044.0
 2024 07 14 07 53 00 000    1.53     5.41     1.23  -307.50      2.30    -30.90    9.78     28044.0
 2024 07 14 07 54 00 000    1.34     5.55     0.97  -307.50      2.30    -30.90    9.78     28044.0
 2024 07 14 07 55 00 000    0.78     5.82     0.09  -307.50      2.30    -30.90    9.78     28044.0
 2024 07 14 07 56 00 000    0.66     5.74     0.06  -307.50      2.30    -30.90    9.78     28044.0
 2024 07 14 07 57 00 000    0.50     5.76     0.06  -306.90      1.60    -28.10    9.35     27012.0
 2024 07 14 07 58 00 000    0.32     5.79     0.12  -306.90      1.60    -28.10    9.35     27012.0
 2024 07 14 07 59 00 000    0.34     5.83     0.15  -305.70      1.90    -28.80    9.53     28253.0
 2024 07 14 08 00 00 000    0.49     5.86    -0.02  -305.70      1.90    -28.80    9.53     28253.0
 2024 07 14 08 01 00 000    0.73     5.89    -0.20  -305.70      1.90    -28.80    9.53     28253.0
 2024 07 14 08 02 00 000    0.67     6.01    -0.14  -305.70      1.90    -28.80    9.53     28253.0
 2024 07 14 08 03 00 000    0.75     6.01    -0.14  -305.70      1.90    -28.80    9.53     28253.0
 2024 07 14 08 04 00 000    0.62     5.91     0.07  -308.40      0.70    -26.10    9.08     25400.0
 2024 07 14 08 05 00 000    0.70     5.98    -0.11  -308.40      0.70    -26.10    9.08     25400.0
 2024 07 14 08 06 00 000    0.49     5.86    -0.05  -308.40      0.70    -26.10    9.08     25400.0
 2024 07 14 08 07 00 000    0.56     5.85    -0.13  -308.40      0.70    -26.10    9.08     25400.0
 2024 07 14 08 08 00 000    0.73     6.01    -0.23  -308.40      0.70    -26.10    9.08     25400.0
 2024 07 14 08 09 00 000    0.80     6.05    -0.30  -308.40      0.70    -26.10    9.08     25400.0
 2024 07 14 08 10 00 000    0.75     6.05    -0.38  -308.40      0.70    -26.10    9.08     25400.0
 2024 07 14 08 11 00 000    0.72     6.04    -0.52  -307.60      0.20    -27.60    9.18     26225.0
 2024 07 14 08 12 00 000    0.73     5.99    -0.61  -307.60      0.20    -27.60    9.18     26225.0
 2024 07 14 08 13 00 000    0.78     5.99    -0.69  -307.60      0.20    -27.60    9.18     26225.0
 2024 07 14 08 14 00 000    0.81     5.95    -0.89  -307.50      1.00    -27.60    9.20     26402.0
 2024 07 14 08 15 00 000    0.73     5.72    -0.42  -307.50      1.00    -27.60    9.20     26402.0
 2024 07 14 08 16 00 000    0.71     5.68    -0.56  -307.50      1.00    -27.60    9.20     26402.0
 2024 07 14 08 17 00 000    0.64     5.79    -0.52  -307.20      1.10    -29.60    9.41     27758.0
 2024 07 14 08 18 00 000    0.84     5.78    -0.92  -307.60      0.70    -28.90    9.35     27507.0
 2024 07 14 08 19 00 000    1.05     5.64    -1.04  -308.70     -0.30    -27.30    9.21     26898.0
 2024 07 14 08 20 00 000    0.73     5.72    -0.64  -308.00     -0.70    -28.60    9.28     26074.0
 2024 07 14 08 21 00 000    0.72     5.81    -0.70  -308.00     -0.70    -28.60    9.28     26074.0
 2024 07 14 08 22 00 000    0.67     5.78    -0.74  -308.10     -1.80    -29.30    9.28     27397.0
 2024 07 14 08 23 00 000    0.71     5.73    -0.77  -308.10     -1.80    -29.30    9.28     27397.0
 2024 07 14 08 24 00 000    0.71     5.65    -0.83  -308.90     -1.60    -27.20    9.50     28681.0
 2024 07 14 08 25 00 000    0.72     5.51    -0.95  -308.90     -1.60    -27.20    9.50     28699.0
 2024 07 14 08 26 00 000    0.89     5.49    -0.89  -308.60     -0.90    -26.90    9.81     29165.0
 2024 07 14 08 27 00 000    1.16     5.55    -0.88  -308.80     -0.50    -27.10    9.76     29158.0
 2024 07 14 08 28 00 000    1.32     5.44    -1.17  -309.70      1.40    -28.00    9.33     28884.0
 2024 07 14 08 29 00 000    1.15     5.49    -1.58  -309.20      0.30    -26.60    9.16     28101.0
 2024 07 14 08 30 00 000    0.91     5.63    -1.76  -309.20      0.20    -26.50    9.14     28018.0
 2024 07 14 08 31 00 000    0.63     5.59    -1.40  -307.90     -1.00    -27.70    9.75     31917.0
 2024 07 14 08 32 00 000    0.63     5.50    -1.54  -307.90     -1.00    -27.70    9.76     31949.0
 2024 07 14 08 33 00 000    0.85     5.36    -1.61  -308.20     -1.90    -26.40    9.47     28568.0
 2024 07 14 08 34 00 000    1.10     5.24    -1.99  -307.80     -1.70    -26.10    9.50     29057.0
 2024 07 14 08 35 00 000    1.30     4.83    -2.52  -307.10     -1.20    -25.40    9.55     30005.0
 2024 07 14 08 36 00 000    1.33     4.78    -2.64  -306.30     -2.80    -31.00    9.89     27655.0
 2024 07 14 08 37 00 000    1.46     4.67    -2.84  -306.30     -2.80    -31.00    9.89     27655.0
 2024 07 14 08 38 00 000    1.46     4.80    -2.85  -307.00     -4.30    -30.30    9.59     28239.0
 2024 07 14 08 39 00 000    1.64     5.11    -2.42  -307.20     -4.90    -30.00    9.48     28463.0
 2024 07 14 08 40 00 000    1.49     5.35    -2.10  -306.60     -2.40    -27.80    9.70     29844.0
 2024 07 14 08 41 00 000    1.54     5.47    -1.92  -306.70     -2.40    -27.80    9.66     29896.0
 2024 07 14 08 42 00 000    1.44     5.47    -1.84  -307.60     -1.80    -28.00    9.19     30465.0
 2024 07 14 08 43 00 000    1.41     5.46    -1.75  -307.60     -1.80    -28.00    9.19     30465.0
 2024 07 14 08 44 00 000    1.35     5.60    -1.57  -306.50     -1.70    -27.90    9.42     30655.0
 2024 07 14 08 45 00 000    1.26     5.74    -1.51  -306.50     -1.80    -28.00    9.39     30513.0
 2024 07 14 08 46 00 000    1.18     5.59    -1.83  -306.40     -2.70    -28.90    8.94     29069.0
 2024 07 14 08 47 00 000    1.18     5.62    -1.57  -306.40     -2.60    -28.50    9.45     31492.0
 2024 07 14 08 48 00 000    1.15     5.42    -1.38  -307.00     -3.10    -27.60    9.77     30518.0
 2024 07 14 08 49 00 000    0.92     5.43    -1.54  -307.40     -3.50    -26.90   10.06     29590.0
 2024 07 14 08 50 00 000    1.27     5.41    -1.52  -306.80     -3.30    -27.10   10.31     31175.0
 2024 07 14 08 51 00 000    1.14     5.57    -1.06  -306.50     -2.90    -27.60    9.53     28609.0
 2024 07 14 08 52 00 000    1.07     5.55    -0.97  -306.30     -2.80    -27.60    9.61     28781.0
 2024 07 14 08 53 00 000    1.28     5.49    -0.83  -306.00     -2.40    -27.60    9.77     29100.0
 2024 07 14 08 54 00 000    0.89     5.39    -0.95  -307.10     -1.20    -28.10    9.63     28052.0
 2024 07 14 08 55 00 000    0.46     5.65    -0.85  -306.30     -2.80    -27.70    9.83     29357.0
 2024 07 14 08 56 00 000    0.49     5.52    -0.96  -306.20     -3.00    -28.20    9.92     29495.0
 2024 07 14 08 57 00 000    0.49     5.67    -0.77  -306.30     -3.00    -29.30   10.05     29442.0
 2024 07 14 08 58 00 000    0.32     5.75    -0.26  -305.70     -2.60    -29.50    9.52     29817.0
 2024 07 14 08 59 00 000    0.35     5.55    -0.75  -305.70     -2.70    -29.50    9.57     29995.0
 2024 07 14 09 00 00 000    0.26     5.56    -0.73  -305.20     -4.20    -30.20   10.25     32564.0
 2024 07 14 09 01 00 000    0.31     5.49    -0.71  -304.90     -4.30    -30.80   10.13     30409.0
 2024 07 14 09 02 00 000    0.29     5.49    -0.70  -304.70     -4.30    -31.30   10.05     28884.0
 2024 07 14 09 03 00 000    0.27     5.62    -0.66  -304.90     -1.80    -30.20   10.02     30558.0
 2024 07 14 09 04 00 000    0.12     5.64    -0.48  -304.90     -1.70    -30.10   10.02     30655.0
 2024 07 14 09 05 00 000    0.20     5.53    -0.95  -305.00     -1.30    -30.30    9.77     31608.0
 2024 07 14 09 06 00 000    0.48     5.51    -1.36  -305.00     -1.30    -30.30    9.77     31616.0
 2024 07 14 09 07 00 000    0.57     5.54    -1.33  -305.00     -1.30    -30.30    9.77     31616.0
 2024 07 14 09 08 00 000    0.65     5.46    -1.42  -303.80     -2.20    -29.10    9.97     30113.0
 2024 07 14 09 09 00 000    0.86     5.53    -1.21  -303.80     -2.20    -29.20    9.97     30145.0
 2024 07 14 09 10 00 000    0.91     5.57    -0.96  -304.60     -1.50    -32.50   10.01     31533.0
 2024 07 14 09 11 00 000    0.93     5.65    -1.10  -304.60     -1.50    -32.50   10.01     31533.0
 2024 07 14 09 12 00 000    1.09     5.58    -1.36  -304.10     -1.90    -30.00    9.78     30628.0
 2024 07 14 09 13 00 000    1.10     5.60    -1.27  -304.10     -1.90    -30.00    9.78     30628.0
 2024 07 14 09 14 00 000    1.28     5.57    -1.34  -305.40     -1.00    -29.10   10.03     32367.0
 2024 07 14 09 15 00 000    1.23     5.50    -1.66  -305.40     -1.00    -29.10   10.03     32367.0
 2024 07 14 09 16 00 000    0.80     5.57    -1.40  -303.30     -1.30    -29.70    9.52     30086.0
 2024 07 14 09 17 00 000    0.68     5.53    -1.50  -303.30     -1.30    -29.70    9.52     30086.0
 2024 07 14 09 18 00 000    0.50     5.43    -1.47  -302.60      1.80    -30.80   10.39     33790.0
 2024 07 14 09 19 00 000    0.55     5.36    -1.41  -302.60      1.80    -30.80   10.40     33839.0
 2024 07 14 09 20 00 000    0.36     5.46    -1.57  -302.60      1.80    -30.80   10.40     33839.0
 2024 07 14 09 21 00 000    0.55     5.20    -2.11  -302.00     -2.50    -30.60   10.50     33925.0
 2024 07 14 09 22 00 000    1.07     4.48    -3.01  -302.40     -0.60    -29.20   10.53     33261.0
 2024 07 14 09 23 00 000    1.30     3.93    -3.44  -303.00      2.20    -27.10   10.58     32283.0
 2024 07 14 09 24 00 000    0.46     4.63    -2.44  -300.30      1.60    -34.70   10.55     35197.0
 2024 07 14 09 25 00 000    0.27     4.80    -2.07  -300.90      1.30    -34.90   10.90     35553.0
 2024 07 14 09 26 00 000    0.26     4.71    -2.37  -301.70      1.20    -34.80   11.15     35551.0
 2024 07 14 09 27 00 000    0.27     4.66    -2.30  -303.10      1.70    -34.10   11.05     34645.0
 2024 07 14 09 28 00 000    0.39     4.72    -2.49  -303.10      1.50    -34.20   11.04     34732.0
 2024 07 14 09 29 00 000    0.43     4.97    -1.82  -303.10      0.40    -34.70   10.93     35373.0
 2024 07 14 09 30 00 000    0.26     4.70    -2.59  -303.10      0.30    -34.70   10.93     35112.0
 2024 07 14 09 31 00 000    0.34     4.87    -2.20  -303.20     -0.20    -34.70   10.93     34097.0
 2024 07 14 09 32 00 000    0.33     5.00    -2.07  -303.30      0.40    -34.60   10.86     34116.0
 2024 07 14 09 33 00 000    0.54     5.07    -2.25  -303.90      3.50    -34.30   10.53     34212.0
 2024 07 14 09 34 00 000    0.53     5.46    -1.65  -304.00      3.60    -31.50   10.62     35830.0
 2024 07 14 09 35 00 000    0.67     5.90    -0.89  -304.00      3.60    -30.30   10.66     36493.0
 2024 07 14 09 36 00 000    0.75     6.01    -0.65  -303.20      7.60    -33.40    9.82     31533.0
 2024 07 14 09 37 00 000    1.03     6.12    -0.24  -303.60      7.20    -33.20    9.97     33653.0
 2024 07 14 09 38 00 000    0.99     6.13    -0.13  -304.30      6.50    -33.00   10.11     36271.0
 2024 07 14 09 39 00 000    0.85     6.17    -0.07  -305.00      5.00    -33.10    9.26     31285.0
 2024 07 14 09 40 00 000    1.00     6.14    -0.03  -305.10      4.60    -33.80    9.15     30888.0
 2024 07 14 09 41 00 000    0.41     6.20    -0.52  -305.10      4.50    -33.90    9.13     30819.0
 2024 07 14 09 42 00 000    0.28     6.19    -0.59  -305.10      4.50    -33.90    9.13     30819.0
 2024 07 14 09 43 00 000    0.60     6.19    -0.60  -303.60      3.40    -28.40    9.04     30329.0
 2024 07 14 09 44 00 000    0.49     6.16    -0.78  -303.60      3.40    -28.40    9.04     30329.0
 2024 07 14 09 45 00 000    0.50     6.17    -0.72  -303.60      3.40    -28.40    9.04     30329.0
 2024 07 14 09 46 00 000    0.55     6.19    -0.66  -303.60      3.40    -28.40    9.04     30329.0
 2024 07 14 09 47 00 000    0.66     6.28    -0.28  -303.60      3.40    -28.40    9.04     30329.0
 2024 07 14 09 48 00 000    0.78     6.32    -0.27  -303.60      3.40    -28.40    9.04     30329.0
 2024 07 14 09 50 00 000    0.76     6.31    -0.30  -303.60      3.40    -28.40    9.04     30329.0
 2024 07 14 09 52 00 000    0.62     6.26    -0.37  -302.80      4.60    -31.10    9.25     31727.0
 2024 07 14 09 53 00 000    0.63     6.23    -0.25  -302.80      4.60    -31.10    9.25     31727.0
 2024 07 14 09 54 00 000    0.62     6.21    -0.10  -302.80      4.60    -31.10    9.25     31727.0
 2024 07 14 09 55 00 000    0.36     6.21    -0.20  -303.60      5.60    -31.80    9.29     31949.0
 2024 07 14 09 56 00 000    0.24     6.13    -0.35  -303.50      4.90    -32.30    9.41     31704.0
 2024 07 14 09 57 00 000   -0.29     6.03    -0.79  -302.20      4.90    -31.20    9.63     32311.0
 2024 07 14 09 58 00 000    0.04     6.05    -0.52  -300.10      3.50    -30.20    9.42     30550.0
 2024 07 14 09 59 00 000   -0.19     6.18    -0.64  -300.10      3.90    -30.30    9.34     31949.0
 2024 07 14 10 00 00 000    0.01     6.11    -0.53  -300.20      4.30    -30.00    9.26     31047.0
 2024 07 14 10 01 00 000   -0.08     6.10    -0.53  -300.20      3.80    -29.80    9.27     30813.0
 2024 07 14 10 02 00 000    0.07     6.11    -0.21  -300.10      3.00    -29.60    9.29     30737.0
 2024 07 14 10 03 00 000    0.17     6.09     0.07  -301.00      4.10    -33.20    9.55     32815.0
 2024 07 14 10 04 00 000    0.20     6.05     0.07  -301.00      4.10    -33.20    9.55     32817.0
 2024 07 14 10 05 00 000    0.21     6.05     0.03  -300.30      3.90    -33.40    9.45     31848.0
 2024 07 14 10 06 00 000    0.23     6.04    -0.05  -300.30      3.90    -33.40    9.45     31838.0
 2024 07 14 10 07 00 000   -0.04     6.05    -0.24  -299.80      5.10    -31.60    9.50     32383.0
 2024 07 14 10 08 00 000    0.06     6.06    -0.18  -299.80      5.10    -31.60    9.50     32395.0
 2024 07 14 10 09 00 000    0.08     6.07    -0.16  -299.40      2.90    -30.40    9.43     30764.0
 2024 07 14 10 10 00 000    0.14     6.07    -0.13  -299.40      2.90    -30.40    9.43     30747.0
 2024 07 14 10 11 00 000   -0.01     6.08    -0.19  -299.80      4.60    -30.90    9.29     29709.0
 2024 07 14 10 12 00 000    0.13     6.09    -0.06  -300.70      4.20    -31.00    9.46     31630.0
 2024 07 14 10 13 00 000    0.03     6.08     0.01  -301.00      4.10    -31.00    9.53     32339.0
 2024 07 14 10 14 00 000    0.12     6.06     0.05  -299.30      4.10    -31.40    9.15     30574.0
 2024 07 14 10 15 00 000    0.53     6.10     0.02  -299.30      4.10    -31.40    9.15     30574.0
 2024 07 14 10 16 00 000    0.37     6.11     0.01  -299.40      3.80    -30.50    8.74     28435.0
 2024 07 14 10 17 00 000    0.50     6.10     0.03  -299.40      3.80    -30.50    8.72     28332.0
 2024 07 14 10 18 00 000    0.25     6.07     0.12  -299.60      3.80    -31.50    9.10     29951.0
 2024 07 14 10 19 00 000    0.14     6.07    -0.00  -299.60      3.90    -31.50    9.09     30048.0
 2024 07 14 10 20 00 000    0.20     6.14    -0.15  -299.60      4.20    -31.30    9.05     30601.0
 2024 07 14 10 21 00 000    0.13     6.08    -0.03  -299.60      4.20    -31.30    9.05     30601.0
 2024 07 14 10 22 00 000   -0.15     5.94     0.52  -299.60      4.20    -31.30    9.05     30601.0
 2024 07 14 10 23 00 000    0.18     6.02     0.05  -299.60      4.20    -31.30    9.05     30601.0
 2024 07 14 10 24 00 000    0.19     6.07     0.07  -299.60      4.20    -31.30    9.05     30601.0
 2024 07 14 10 25 00 000    0.11     6.07     0.25  -299.60      4.20    -31.30    9.05     30601.0
 2024 07 14 10 26 00 000    0.07     6.09     0.30  -299.60      4.20    -31.30    9.05     30601.0
 2024 07 14 10 27 00 000    0.11     6.09     0.33  -299.60      4.20    -31.30    9.05     30601.0
 2024 07 14 10 28 00 000    0.20     6.07     0.19  -299.60      4.20    -31.30    9.05     30601.0
 2024 07 14 10 29 00 000    0.23     6.06     0.15  -297.90      4.50    -32.70    9.05     31120.0
 2024 07 14 10 30 00 000    0.12     6.07     0.40  -297.90      4.50    -32.70    9.05     31120.0
 2024 07 14 10 31 00 000    0.10     6.08     0.41  -297.90      4.50    -32.70    9.05     31120.0
 2024 07 14 10 32 00 000    0.04     6.07     0.43  -297.90      4.50    -32.70    9.05     31120.0
 2024 07 14 10 33 00 000   -0.21     6.06     0.13  -297.90      4.50    -32.70    9.05     31120.0
 2024 07 14 10 34 00 000   -0.67     5.82    -0.26  -297.90      4.50    -32.70    9.05     31120.0
 2024 07 14 10 35 00 000   -0.34     5.93    -0.09  -297.90      4.50    -32.70    9.05     31120.0
 2024 07 14 10 36 00 000    0.29     6.01     0.43  -297.90      4.50    -32.70    9.05     31120.0
 2024 07 14 10 37 00 000    0.39     5.98     0.76  -297.90      4.50    -32.70    9.05     31120.0
 2024 07 14 10 38 00 000    0.05     6.01     0.45  -297.90      4.50    -32.70    9.05     31120.0
 2024 07 14 10 39 00 000   -0.02     5.99     0.37  -297.90      4.50    -32.70    9.05     31120.0
 2024 07 14 10 40 00 000   -0.01     5.93     0.66  -297.90      4.50    -32.70    9.05     31120.0
 2024 07 14 10 41 00 000    0.05     5.94     0.69  -297.90      4.50    -32.70    9.05     31120.0
 2024 07 14 10 42 00 000    0.02     5.92     0.85  -297.90      4.50    -32.70    9.05     31120.0
 2024 07 14 10 43 00 000   -0.14     5.88     0.87  -297.90      4.50    -32.70    9.05     31120.0
 2024 07 14 10 44 00 000   -0.20     5.86     0.89  -297.90      4.50    -32.70    9.05     31120.0
 2024 07 14 10 45 00 000   -0.29     5.81     1.16  -297.90      4.50    -32.70    9.05     31120.0
 2024 07 14 10 46 00 000   -0.34     5.83     0.91  -297.90      4.50    -32.70    9.05     31120.0
 2024 07 14 10 47 00 000   -0.32     5.84     0.94  -297.90      4.50    -32.70    9.05     31120.0
 2024 07 14 10 48 00 000   -0.29     5.83     0.81  -297.90      4.50    -32.70    9.05     31120.0
 2024 07 14 10 49 00 000   -0.19     5.84     0.73  -297.90      4.50    -32.70    9.05     31120.0
 2024 07 14 10 50 00 000   -0.13     5.65     0.53  -297.90      4.50    -32.70    9.05     31120.0
 2024 07 14 10 51 00 000   -2.66     3.43     2.01  -297.90      4.50    -32.70    9.05     31120.0
 2024 07 14 10 52 00 000   -1.01     4.60     1.04  -297.90      4.50    -32.70    9.05     31120.0
 2024 07 14 10 53 00 000    0.78     4.67    -0.68  -297.90      4.50    -32.70    9.05     31120.0
 2024 07 14 10 54 00 000    3.37    -2.98    -2.38  -297.90      4.50    -32.70    9.05     31120.0
 2024 07 14 10 55 00 000    3.85     0.51    -0.74  -297.90      4.50    -32.70    9.05     31120.0
 2024 07 14 10 56 00 000    4.55    -0.71    -1.85  -297.90      4.50    -32.70    9.05     31120.0
 2024 07 14 10 57 00 000    4.86    -1.43    -2.49  -297.90      4.50    -32.70    9.05     31120.0
 2024 07 14 10 58 00 000    4.62    -1.54    -2.47  -297.90      4.50    -32.70    9.05     31120.0
 2024 07 14 10 59 00 000    4.81    -2.01    -1.62  -297.90      4.50    -32.70    9.05     31120.0
 2024 07 14 11 00 00 000    4.82    -1.81    -1.60  -297.90      4.50    -32.70    9.05     31120.0
 2024 07 14 11 01 00 000    4.66    -1.48    -1.26  -297.90      4.50    -32.70    9.05     31120.0
 2024 07 14 11 02 00 000    5.24    -1.47    -2.71  -297.90      4.50    -32.70    9.05     31120.0
 2024 07 14 11 03 00 000    5.26    -1.38    -2.85  -297.90      4.50    -32.70    9.05     31120.0
 2024 07 14 11 04 00 000    5.23    -1.50    -2.96  -297.90      4.50    -32.70    9.05     31120.0
 2024 07 14 11 05 00 000    5.12    -1.92    -2.82  -297.90      4.50    -32.70    9.05     31120.0
 2024 07 14 11 06 00 000    4.90    -1.92    -2.99  -297.90      4.50    -32.70    9.05     31120.0
 2024 07 14 11 07 00 000    4.88    -2.00    -2.80  -297.90      4.50    -32.70    9.05     31120.0
 2024 07 14 11 08 00 000    4.87    -2.00    -2.87  -297.90      4.50    -32.70    9.05     31120.0
 2024 07 14 11 09 00 000    4.86    -2.06    -2.92  -297.90      4.50    -32.70    9.05     31120.0
 2024 07 14 11 10 00 000    4.82    -2.32    -2.74  -305.00      6.90    -31.00    8.44     34298.0
 2024 07 14 11 11 00 000    4.79    -2.35    -2.86  -305.00      6.90    -31.00    8.44     34298.0
 2024 07 14 11 12 00 000    4.94    -2.04    -3.22  -305.00      6.90    -31.00    8.44     34298.0
 2024 07 14 11 13 00 000    4.91    -1.89    -3.35  -305.00      6.90    -31.00    8.44     34298.0
 2024 07 14 11 14 00 000    4.73    -1.84    -3.44  -305.00      6.90    -31.00    8.44     34298.0
 2024 07 14 11 15 00 000    4.58    -1.76    -3.58  -303.70      3.50    -28.90    8.18     27397.0
 2024 07 14 11 16 00 000    4.58    -1.65    -3.57  -303.70      3.50    -28.90    8.18     27397.0
 2024 07 14 11 17 00 000    4.73    -1.64    -3.25  -303.70      3.50    -28.90    8.18     27397.0
 2024 07 14 11 18 00 000    4.74    -1.70    -3.14  -303.70      3.50    -28.90    8.18     27397.0
 2024 07 14 11 19 00 000    4.65    -2.00    -2.92  -305.30      1.00    -29.40    7.96     30275.0
 2024 07 14 11 20 00 000    4.64    -1.86    -3.08  -305.30      1.00    -29.40    7.96     30275.0
 2024 07 14 11 21 00 000    4.56    -1.70    -3.04  -305.30      1.00    -29.40    7.96     30275.0
 2024 07 14 11 22 00 000    4.70    -1.61    -3.18  -305.30      1.00    -29.40    7.96     30275.0
 2024 07 14 11 23 00 000    4.70    -1.38    -3.19  -305.30      1.00    -29.40    7.96     30275.0
 2024 07 14 11 24 00 000    4.75    -1.24    -3.12  -305.30      1.00    -29.40    7.96     30275.0
 2024 07 14 11 25 00 000    4.51    -2.30    -3.14  -305.80      4.30    -30.30    8.88     29309.0
 2024 07 14 11 26 00 000    4.18    -3.29    -2.95  -305.80      4.30    -30.30    8.88     29309.0
 2024 07 14 11 27 00 000    4.04    -3.28    -3.12  -305.80      4.30    -30.30    8.88     29309.0
 2024 07 14 11 28 00 000    4.11    -2.98    -3.28  -305.80      4.30    -30.30    8.88     29309.0
 2024 07 14 11 29 00 000    4.38    -2.39    -3.58  -305.80      4.30    -30.30    8.88     29309.0
 2024 07 14 11 30 00 000    4.47    -2.12    -3.66  -305.80      4.30    -30.30    8.88     29309.0
 2024 07 14 11 31 00 000    4.46    -2.08    -3.51  -305.80      4.30    -30.30    8.88     29309.0
 2024 07 14 11 32 00 000    4.12    -2.04    -3.25  -305.80      4.30    -30.30    8.88     29309.0
 2024 07 14 11 33 00 000    3.98    -1.97    -3.00  -304.50     -1.60    -34.60    8.47     31506.0
 2024 07 14 11 34 00 000    3.90    -1.52    -2.95  -304.50     -1.60    -34.60    8.47     31506.0
 2024 07 14 11 35 00 000    4.02    -1.11    -3.26  -304.50     -1.60    -34.60    8.47     31506.0
 2024 07 14 11 36 00 000    4.05    -0.53    -3.29  -304.50     -1.60    -34.60    8.47     31506.0
 2024 07 14 11 37 00 000    4.07    -1.74    -3.24  -304.50     -1.60    -34.60    8.47     31506.0
 2024 07 14 11 38 00 000    3.87    -3.16    -3.13  -304.50     -1.60    -34.60    8.47     31506.0
 2024 07 14 11 39 00 000    3.84    -3.24    -3.09  -304.50     -1.60    -34.60    8.47     31506.0
 2024 07 14 11 40 00 000    3.94    -3.38    -3.09  -304.50     -1.60    -34.60    8.47     31506.0
 2024 07 14 11 41 00 000    3.93    -3.42    -3.04  -304.50     -1.60    -34.60    8.47     31506.0
 2024 07 14 11 42 00 000    3.81    -3.39    -3.10  -304.50     -1.60    -34.60    8.47     31506.0
 2024 07 14 11 43 00 000    3.71    -3.39    -3.17  -304.50     -1.60    -34.60    8.47     31506.0
 2024 07 14 11 44 00 000    3.57    -3.49    -3.25  -304.50     -1.60    -34.60    8.47     31506.0
 2024 07 14 11 45 00 000    3.70    -3.36    -3.17  -306.30      1.90    -25.80    8.51     26630.0
 2024 07 14 11 46 00 000    3.54    -3.46    -3.21  -306.30      1.90    -25.80    8.51     26630.0
 2024 07 14 11 47 00 000    3.49    -3.50    -3.13  -306.30      1.90    -25.80    8.51     26630.0
 2024 07 14 11 48 00 000    3.04    -3.75    -3.14  -306.30      1.90    -25.80    8.51     26630.0
 2024 07 14 11 49 00 000    3.05    -3.70    -3.12  -306.30      1.90    -25.80    8.51     26630.0
 2024 07 14 11 50 00 000    2.98    -3.76    -3.06  -306.30      1.90    -25.80    8.51     26630.0
 2024 07 14 11 51 00 000    2.81    -3.88    -2.90  -306.30      1.90    -25.80    8.51     26630.0
 2024 07 14 11 52 00 000    2.96    -4.01    -3.11  -306.30      1.90    -25.80    8.51     26630.0
 2024 07 14 11 53 00 000    2.49    -3.68    -2.73  -306.30      1.90    -25.80    8.51     26630.0
 2024 07 14 11 54 00 000    0.99    -4.28    -1.88  -306.30      1.90    -25.80    8.51     26630.0
 2024 07 14 11 55 00 000    0.26    -4.61    -1.35  -306.30      1.90    -25.80    8.51     26630.0
 2024 07 14 11 56 00 000   -0.05    -4.59    -1.35  -306.30      1.90    -25.80    8.51     26630.0
 2024 07 14 11 57 00 000    0.07    -4.39    -1.27  -299.20      7.70    -28.10   13.72     17794.0
 2024 07 14 11 58 00 000   -0.10    -4.45    -1.00  -299.20      7.70    -28.10   13.72     17794.0
 2024 07 14 11 59 00 000    0.15    -4.27    -0.91  -298.40      9.30    -28.90   13.62     18545.0
 2024 07 14 12 00 00 000    1.20    -4.14    -1.67  -298.40      9.30    -28.90   13.62     18549.0
 2024 07 14 12 01 00 000    1.66    -3.92    -2.25  -300.20      6.50    -28.20   13.18     18826.0
 2024 07 14 12 02 00 000    0.40    -4.40    -1.31  -300.20      6.60    -28.20   13.21     18921.0
 2024 07 14 12 03 00 000    0.89    -4.08    -2.06  -300.10     10.20    -27.90   14.02     21520.0
 2024 07 14 12 04 00 000    1.06    -4.20    -2.38  -299.90      8.90    -28.10   12.96     19901.0
 2024 07 14 12 05 00 000    0.85    -4.23    -2.56  -299.70      7.60    -28.40   11.87     18254.0
 2024 07 14 12 06 00 000    0.83    -4.13    -2.74  -299.70      7.60    -28.40   11.87     18254.0
 2024 07 14 12 07 00 000    1.35    -3.48    -2.44  -295.40      6.80    -29.10   13.15     23723.0
 2024 07 14 12 08 00 000    2.31    -0.57    -1.89  -296.50      5.60    -31.80   14.04     26004.0
 2024 07 14 12 09 00 000    2.71     0.95    -1.42  -297.10      5.00    -33.20   14.52     27191.0
 2024 07 14 12 10 00 000    2.21     1.56    -1.53  -297.10      5.00    -33.20   14.52     27191.0
 2024 07 14 12 11 00 000    1.42     2.53    -1.07  -296.00     -5.90    -35.10   13.64     23489.0
 2024 07 14 12 12 00 000    2.34    -0.35    -1.50  -294.60     -4.90    -39.90   13.33     26655.0
 2024 07 14 12 13 00 000    3.06    -2.96    -3.56  -298.90      1.50    -34.10   13.88     13490.0
 2024 07 14 12 14 00 000    3.17    -2.78    -3.71  -299.20      1.90    -33.60   13.92     12580.0
 2024 07 14 12 15 00 000    3.21    -2.75    -3.86  -301.30     -1.20    -32.50   13.65     12389.0
 2024 07 14 12 16 00 000    3.33    -2.43    -3.75  -301.30     -2.10    -33.30   13.81     12559.0
 2024 07 14 12 17 00 000    2.82    -2.47    -3.66  -301.40     -3.90    -35.00   14.13     12914.0
 2024 07 14 12 18 00 000    2.62    -2.07    -3.30  -296.80      0.40    -33.70   15.12     16167.0
 2024 07 14 12 19 00 000    2.57    -1.57    -3.09  -296.70      0.50    -33.70   15.15     16252.0
 2024 07 14 12 20 00 000    2.72    -1.36    -2.99  -296.60     -1.70    -36.50   15.33     15623.0
 2024 07 14 12 21 00 000    2.62    -0.90    -2.97  -296.60     -2.00    -36.90   15.36     15527.0
 2024 07 14 12 22 00 000    2.71    -0.95    -2.93  -295.40     -0.80    -37.50   16.41     17912.0
 2024 07 14 12 23 00 000    2.80    -0.89    -2.91  -295.50     -1.00    -37.80   16.22     17895.0
 2024 07 14 12 24 00 000    2.86    -1.02    -2.82  -295.70     -1.40    -38.60   15.80     17844.0
 2024 07 14 12 25 00 000    2.92    -0.94    -2.94  -295.70     -1.40    -38.60   15.80     17844.0
 2024 07 14 12 26 00 000    2.94    -0.92    -2.98  -296.00     -4.40    -37.10   15.47     17259.0
 2024 07 14 12 27 00 000    3.12    -0.74    -2.99  -296.00     -4.40    -37.10   15.47     17259.0
 2024 07 14 12 28 00 000    3.31    -0.62    -3.18  -299.20     -3.90    -34.40   14.48     16352.0
 2024 07 14 12 29 00 000    2.65    -0.45    -2.59  -299.10     -3.90    -34.50   14.52     16463.0
 2024 07 14 12 30 00 000    2.62    -0.41    -2.62  -293.30     -2.60    -43.50   17.86     24881.0
 2024 07 14 12 31 00 000    2.89    -0.55    -2.99  -295.30     -2.90    -39.10   16.31     20138.0
 2024 07 14 12 32 00 000    2.95    -0.57    -2.95  -299.00     -4.80    -34.30   14.28     17380.0
 2024 07 14 12 33 00 000    2.80    -0.35    -2.04  -298.30     -4.50    -34.90   14.50     17870.0
 2024 07 14 12 34 00 000    2.27    -0.12    -1.84  -292.50     -2.70    -39.40   16.41     21509.0
 2024 07 14 12 35 00 000    2.27     0.07    -1.84  -292.80     -3.10    -37.80   15.95     20956.0
 2024 07 14 12 36 00 000    2.16     0.53    -1.83  -292.70     -2.40    -40.20   16.62     20656.0
 2024 07 14 12 37 00 000    1.03     1.24    -1.33  -291.20     -1.20    -42.10   20.35     27140.0
 2024 07 14 12 38 00 000    0.05     1.80    -0.66  -298.10      0.30    -36.60   18.19     23932.0
 2024 07 14 12 39 00 000    0.05     1.49     0.32  -300.00     -1.10    -33.70   18.61     20635.0
 2024 07 14 12 40 00 000    0.62     0.77    -0.43  -299.90     -0.90    -32.60   18.76     19593.0
 2024 07 14 12 41 00 000    0.47     0.27    -1.22  -299.30      0.00    -32.50   18.81     19489.0
 2024 07 14 12 42 00 000   -0.03     1.26    -0.97  -298.60      1.30    -34.70   19.44     20002.0
 2024 07 14 12 43 00 000    0.02     1.28    -0.94  -300.20      3.80    -35.80   19.00     21014.0
 2024 07 14 12 44 00 000    0.30     1.17    -0.91  -300.20      3.80    -35.80   19.00     21021.0
 2024 07 14 12 45 00 000    0.10     1.13    -0.65  -298.70      1.30    -33.90   19.30     19221.0
 2024 07 14 12 46 00 000   -1.18     0.89    -1.13  -299.30      0.50    -33.90   19.46     18657.0
 2024 07 14 12 47 00 000   -1.33     0.87    -1.15  -299.30      0.50    -33.90   19.46     18657.0
 2024 07 14 12 48 00 000   -1.74     0.90    -1.11  -299.30      0.50    -33.90   19.46     18657.0
 2024 07 14 12 49 00 000   -1.83     1.40    -0.92  -299.30      0.50    -33.90   19.46     18657.0
 2024 07 14 12 50 00 000   -1.75     1.79    -0.46  -300.00     -1.60    -34.30   18.94     21451.0
 2024 07 14 12 51 00 000   -1.77     1.75    -0.34  -300.00     -1.60    -34.30   18.94     21451.0
 2024 07 14 12 52 00 000   -1.65     1.57    -0.19  -300.00     -1.60    -34.30   18.94     21451.0
 2024 07 14 12 53 00 000   -1.57     1.45    -0.05  -297.20     -3.00    -35.20   20.06     17980.0
 2024 07 14 12 54 00 000   -1.58     1.36    -0.09  -296.50     -3.70    -33.60   18.94     17041.0
 2024 07 14 12 55 00 000   -1.81     1.13    -0.22  -296.30     -3.40    -34.20   19.08     17137.0
 2024 07 14 12 56 00 000   -1.61     1.95    -0.32  -297.90     -4.50    -34.10   18.98     19354.0
 2024 07 14 12 57 00 000   -1.78     2.15    -0.27  -299.20     -5.50    -33.90   18.84     21156.0
 2024 07 14 12 58 00 000   -1.82     2.22    -0.26  -299.20     -5.50    -33.90   18.84     21156.0
 2024 07 14 12 59 00 000   -1.90     2.17    -0.21  -299.20     -5.50    -33.90   18.84     21156.0
 2024 07 14 13 00 00 000   -2.05     2.17    -0.03  -299.20     -5.50    -33.90   18.84     21156.0
 2024 07 14 13 01 00 000   -2.17     2.21     0.08  -299.20     -3.90    -34.40   16.60     18465.0
 2024 07 14 13 02 00 000   -2.14     2.34     0.00  -299.20     -3.90    -34.40   16.60     18465.0
 2024 07 14 13 03 00 000   -2.01     2.21    -0.27  -298.70     -3.80    -34.50   16.97     19099.0
 2024 07 14 13 04 00 000   -1.80     2.07    -0.62  -298.30     -3.70    -34.50   17.25     19580.0
 2024 07 14 13 05 00 000   -1.72     1.97    -0.79  -298.30     -3.70    -34.30   17.23     19465.0
 2024 07 14 13 06 00 000   -1.52     1.74    -0.66  -298.00     -3.80    -32.70   17.11     18634.0
 2024 07 14 13 07 00 000   -1.43     1.57    -0.63  -298.00     -3.80    -32.70   17.11     18634.0
 2024 07 14 13 08 00 000   -1.40     1.62    -0.73  -298.20     -3.10    -32.80   18.47     19864.0
 2024 07 14 13 09 00 000   -1.64     1.72    -0.69  -298.20     -3.10    -32.80   18.47     19864.0
 2024 07 14 13 10 00 000   -1.75     2.01    -0.42  -298.60     -2.50    -32.70   17.62     17958.0
 2024 07 14 13 11 00 000   -1.59     1.90    -0.29  -298.60     -2.50    -32.70   17.61     17940.0
 2024 07 14 13 12 00 000   -1.06     1.22     0.40  -298.60     -2.50    -32.70   17.61     17940.0
 2024 07 14 13 13 00 000   -1.29     1.30    -0.92  -299.40     -2.80    -29.30   19.23     17649.0
 2024 07 14 13 14 00 000   -1.40     1.25    -1.05  -299.40     -2.80    -29.30   19.23     17649.0
 2024 07 14 13 15 00 000   -1.33     1.34    -0.89  -299.10     -2.90    -33.10   19.25     20122.0
 2024 07 14 13 16 00 000   -1.57     1.73    -0.39  -298.70     -4.30    -33.90   19.07     18252.0
 2024 07 14 13 17 00 000   -1.35     1.84     0.03  -298.40     -5.30    -34.50   18.95     16853.0
 2024 07 14 13 18 00 000   -1.12     1.41    -0.05  -298.00     -6.70    -31.20   19.29     17177.0
 2024 07 14 13 19 00 000   -0.96     1.23     0.26  -298.00     -6.70    -31.20   19.29     17177.0
 2024 07 14 13 20 00 000   -0.66     0.69     1.09  -299.00     -4.80    -31.70   20.36     17022.0
 2024 07 14 13 21 00 000   -0.58     0.86     0.44  -299.00     -4.70    -31.70   20.41     17015.0
 2024 07 14 13 22 00 000   -0.57     0.70     0.65  -299.00     -4.50    -31.70   20.42     16946.0
 2024 07 14 13 23 00 000   -0.54     0.70     0.69  -299.20     -2.90    -31.70   20.51     16312.0
 2024 07 14 13 24 00 000   -0.55     1.10     0.25  -299.60     -5.20    -30.20   20.47     16184.0
 2024 07 14 13 25 00 000   -0.61     1.26    -0.33  -299.70     -5.80    -29.80   20.46     16150.0
 2024 07 14 13 26 00 000   -0.66     1.21    -0.21  -300.00     -4.90    -28.10   20.46     15799.0
 2024 07 14 13 27 00 000   -0.72     1.18     0.01  -300.00     -4.90    -28.10   20.46     15799.0
 2024 07 14 13 28 00 000   -0.73     1.12     0.20  -299.50     -3.50    -30.60   20.67     15218.0
 2024 07 14 13 29 00 000   -0.75     1.14     0.42  -299.50     -3.50    -30.60   20.67     15218.0
 2024 07 14 13 30 00 000   -0.70     1.25     0.50  -299.60     -3.50    -31.40   20.55     15460.0
 2024 07 14 13 31 00 000   -0.51     1.22     0.72  -299.60     -3.50    -31.40   20.55     15469.0
 2024 07 14 13 32 00 000   -0.57     1.32     0.86  -299.40     -4.40    -32.00   20.61     17910.0
 2024 07 14 13 33 00 000   -0.80     1.50     0.91  -299.40     -4.50    -32.10   20.62     18149.0
 2024 07 14 13 34 00 000   -0.17     1.55     1.29  -300.70     -4.20    -33.40   19.62     15721.0
 2024 07 14 13 35 00 000   -0.42     1.64     1.06  -300.70     -4.20    -33.40   19.62     15721.0
 2024 07 14 13 36 00 000   -0.54     1.58     1.07  -299.60     -4.10    -33.10   21.00     16873.0
 2024 07 14 13 37 00 000   -0.55     1.60     0.98  -299.60     -4.10    -33.10   21.00     16873.0
 2024 07 14 13 38 00 000   -0.61     1.58     1.04  -299.20     -3.70    -33.60   19.90     15995.0
 2024 07 14 13 39 00 000   -0.43     1.72     0.91  -299.80     -4.00    -33.80   20.53     17006.0
 2024 07 14 13 40 00 000   -0.61     1.83     0.64  -300.80     -4.50    -34.10   21.60     18698.0
 2024 07 14 13 41 00 000   -0.74     1.92     0.50  -299.30     -5.10    -33.60   19.30     14837.0
 2024 07 14 13 42 00 000   -0.51     1.99     0.45  -299.30     -5.10    -33.60   19.30     14853.0
 2024 07 14 13 43 00 000   -0.57     1.98     0.47  -299.80     -5.30    -33.30   19.35     15391.0
 2024 07 14 13 44 00 000   -0.45     1.82     0.47  -300.20     -5.30    -34.10   19.63     15480.0
 2024 07 14 13 45 00 000   -0.04     1.79     0.18  -300.30     -5.30    -34.30   19.71     15507.0
 2024 07 14 13 46 00 000    0.16     1.65     0.38  -300.40     -4.70    -33.10   19.97     15507.0
 2024 07 14 13 47 00 000   -0.02     1.72     0.46  -300.40     -4.90    -33.20   20.11     16664.0
 2024 07 14 13 48 00 000   -0.51     1.86     0.33  -300.40     -5.20    -33.50   20.22     17697.0
 2024 07 14 13 49 00 000   -0.38     2.00     0.44  -301.70     -5.20    -34.50   19.75     15161.0
 2024 07 14 13 50 00 000   -0.19     1.91     0.54  -302.90     -5.20    -33.90   19.71     15004.0
 2024 07 14 13 51 00 000   -0.06     1.96     0.43  -303.00     -5.40    -33.90   19.62     14864.0
 2024 07 14 13 52 00 000   -0.08     1.96     0.47  -302.90     -5.90    -34.20   19.44     14629.0
 2024 07 14 13 53 00 000   -0.53     1.90     0.32  -302.70     -6.50    -34.10   19.87     15506.0
 2024 07 14 13 54 00 000   -0.99     1.76     0.16  -302.70     -6.50    -34.10   19.86     15503.0
 2024 07 14 13 55 00 000   -1.00     1.79     0.13  -302.80     -6.20    -33.90   19.63     15141.0
 2024 07 14 13 56 00 000   -0.58     1.96     0.18  -302.70     -7.10    -33.70   19.28     15309.0
 2024 07 14 13 57 00 000   -0.79     1.93     0.27  -302.60     -7.40    -33.60   19.15     15372.0
 2024 07 14 13 58 00 000   -1.75     1.58    -0.08  -300.00     -7.30    -33.80   19.26     16631.0
 2024 07 14 13 59 00 000   -2.16     1.24    -0.22  -300.00     -7.30    -33.80   19.26     16631.0
 2024 07 14 14 00 00 000   -2.21     1.28    -0.40  -299.70     -7.30    -33.50   19.15     16142.0
 2024 07 14 14 01 00 000   -2.23     1.30    -0.42  -298.20     -7.50    -32.30   18.67     13941.0
 2024 07 14 14 02 00 000   -2.15     1.40    -0.40  -297.80     -7.50    -32.20   19.08     15148.0
 2024 07 14 14 03 00 000   -2.05     1.53    -0.41  -297.20     -7.50    -32.10   19.70     16913.0
 2024 07 14 14 04 00 000   -2.09     1.38    -0.36  -297.70     -7.90    -32.90   18.86     13601.0
 2024 07 14 14 05 00 000   -2.11     1.36    -0.32  -297.90     -7.90    -32.80   18.92     13455.0
 2024 07 14 14 06 00 000   -2.13     1.35    -0.30  -298.40     -7.80    -32.70   19.17     13468.0
 2024 07 14 14 07 00 000   -2.12     1.34    -0.28  -298.20     -7.60    -32.50   19.21     13310.0
 2024 07 14 14 08 00 000   -2.13     1.32    -0.24  -298.20     -7.60    -32.50   19.22     13323.0
 2024 07 14 14 09 00 000   -2.16     1.29    -0.25  -298.00     -7.70    -33.00   19.34     13486.0
 2024 07 14 14 10 00 000   -2.17     1.31    -0.22  -298.20     -7.30    -33.00   19.29     13408.0
 2024 07 14 14 11 00 000   -2.16     1.32    -0.20  -298.20     -7.20    -33.00   19.29     13446.0
 2024 07 14 14 12 00 000   -2.18     1.30    -0.18  -298.30     -7.60    -33.10   19.51     14367.0
 2024 07 14 14 13 00 000   -2.20     1.26    -0.14  -298.50     -7.70    -33.00   19.45     14099.0
 2024 07 14 14 14 00 000   -2.17     1.28    -0.10  -298.60     -7.70    -33.00   19.44     14035.0
 2024 07 14 14 15 00 000   -2.14     1.29    -0.11  -298.30     -7.80    -33.20   19.24     14199.0
 2024 07 14 14 16 00 000   -2.07     1.42    -0.09  -298.10     -8.10    -33.30   19.63     16010.0
 2024 07 14 14 17 00 000   -2.01     1.52    -0.04  -298.00     -8.30    -33.30   19.81     16823.0
 2024 07 14 14 18 00 000   -2.02     1.54    -0.02  -298.80     -8.60    -33.10   19.46     14479.0
 2024 07 14 14 19 00 000   -2.01     1.54    -0.03  -298.80     -8.60    -33.10   19.46     14479.0
 2024 07 14 14 20 00 000   -2.22     1.71    -0.02  -298.80     -8.60    -33.10   19.46     14479.0
 2024 07 14 14 21 00 000   -2.24     1.72    -0.10  -298.80     -8.60    -33.10   19.46     14479.0
 2024 07 14 14 22 00 000   -2.20     1.72    -0.06  -298.20    -10.00    -34.40   18.60     15663.0
 2024 07 14 14 23 00 000   -2.17     1.70    -0.11  -298.30    -10.00    -34.40   18.61     15667.0
 2024 07 14 14 24 00 000   -2.12     1.67    -0.11  -299.00    -10.50    -34.50   18.72     15702.0
 2024 07 14 14 25 00 000   -2.17     1.50    -0.09  -298.80    -10.60    -33.60   18.77     15787.0
 2024 07 14 14 26 00 000   -2.26     1.22    -0.09  -298.70    -10.60    -33.20   18.79     15818.0
 2024 07 14 14 27 00 000   -1.97     1.73    -0.04  -299.80    -10.40    -33.00   18.56     14612.0
 2024 07 14 14 28 00 000   -1.62     2.11     0.01  -299.40    -10.20    -33.20   18.62     15367.0
 2024 07 14 14 29 00 000   -1.50     1.81     0.04  -298.90    -10.00    -33.50   18.69     16177.0
 2024 07 14 14 30 00 000   -1.41     1.90    -0.05  -299.50     -8.60    -33.00   19.62     18589.0
 2024 07 14 14 31 00 000   -1.03     1.89     0.10  -301.00     -8.80    -32.80   19.29     16603.0
 2024 07 14 14 32 00 000   -0.92     1.99     0.21  -301.40     -9.10    -32.90   19.12     15981.0
 2024 07 14 14 33 00 000   -0.93     2.13     0.19  -301.50     -9.80    -33.00   18.91     15760.0
 2024 07 14 14 34 00 000   -0.67     1.98     0.13  -301.40     -9.20    -32.60   19.08     15072.0
 2024 07 14 14 35 00 000   -0.65     2.01     0.17  -301.40     -9.10    -32.60   19.29     15164.0
 2024 07 14 14 36 00 000   -0.80     2.06     0.20  -301.40     -8.80    -32.80   19.90     15469.0
 2024 07 14 14 37 00 000   -0.69     2.02     0.24  -300.70     -9.00    -33.20   19.29     15186.0
 2024 07 14 14 38 00 000   -0.75     1.97     0.19  -300.70     -9.00    -33.20   19.28     15180.0
 2024 07 14 14 39 00 000   -0.75     2.04     0.17  -300.70     -9.00    -33.20   19.28     15180.0
 2024 07 14 14 40 00 000   -0.84     1.98     0.02  -300.20     -8.40    -32.60   20.00     15122.0
 2024 07 14 14 41 00 000   -0.85     2.05     0.03  -300.20     -8.40    -32.60   19.99     15123.0
 2024 07 14 14 42 00 000   -0.69     2.07     0.28  -301.00     -9.00    -32.30   19.77     15141.0
 2024 07 14 14 43 00 000   -0.63     1.98     0.22  -300.90     -8.90    -32.70   20.30     16893.0
 2024 07 14 14 44 00 000   -0.50     2.09     0.29  -300.90     -8.90    -32.60   20.29     16915.0
 2024 07 14 14 45 00 000   -0.55     2.26     0.37  -300.70     -9.10    -32.20   19.83     15643.0
 2024 07 14 14 46 00 000   -0.62     2.26     0.28  -301.00    -10.10    -32.60   19.40     15591.0
 2024 07 14 14 47 00 000   -0.61     2.19     0.18  -301.00    -10.20    -32.60   19.37     15779.0
 2024 07 14 14 48 00 000   -0.50     2.10     0.20  -301.10    -10.20    -32.20   19.43     16312.0
 2024 07 14 14 49 00 000    0.09     2.15     0.38  -300.40     -9.70    -32.50   19.39     15990.0
 2024 07 14 14 50 00 000   -0.02     2.16     0.37  -300.40     -9.70    -32.50   19.39     15976.0
 2024 07 14 14 51 00 000   -0.29     2.24     0.33  -299.30     -9.70    -31.70   19.26     16436.0
 2024 07 14 14 52 00 000   -1.29     2.76    -0.03  -298.70    -11.10    -33.00   19.37     17287.0
 2024 07 14 14 53 00 000   -1.37     2.75     0.09  -298.00    -12.80    -33.20   18.31     15878.0
 2024 07 14 14 54 00 000   -1.20     2.78     0.22  -297.90    -13.10    -33.00   17.92     15254.0
 2024 07 14 14 55 00 000   -1.13     2.75     0.26  -298.60    -12.80    -33.00   18.20     16633.0
 2024 07 14 14 56 00 000   -1.12     2.80     0.11  -297.90    -12.70    -32.70   18.59     17934.0
 2024 07 14 14 57 00 000   -1.05     2.83     0.19  -297.60    -12.70    -32.60   18.75     18465.0
 2024 07 14 14 58 00 000   -0.97     2.77     0.25  -297.60    -12.70    -32.60   18.75     18465.0
 2024 07 14 14 59 00 000   -0.83     2.79     0.13  -297.60    -12.70    -32.60   18.75     18465.0
 2024 07 14 15 00 00 000   -0.81     2.68    -0.01  -297.60    -12.70    -32.60   18.75     18465.0
 2024 07 14 15 01 00 000   -0.77     2.64     0.02  -297.60    -12.70    -32.60   18.75     18465.0
 2024 07 14 15 02 00 000   -0.86     2.69     0.04  -297.80    -13.60    -32.20   18.20     16035.0
 2024 07 14 15 03 00 000   -0.77     2.65     0.07  -297.70    -13.50    -32.20   18.20     15999.0
 2024 07 14 15 04 00 000   -0.74     2.76     0.03  -296.90    -12.40    -32.00   18.24     15546.0
 2024 07 14 15 05 00 000   -0.79     2.81     0.00  -296.20    -12.70    -32.20   18.07     15513.0
 2024 07 14 15 06 00 000   -0.78     2.73     0.10  -295.60    -13.00    -32.40   17.93     15488.0
 2024 07 14 15 07 00 000   -1.35     2.43     0.26  -293.50    -10.60    -32.30   16.36     13040.0
 2024 07 14 15 08 00 000   -1.07     2.48     0.05  -293.50    -10.50    -32.30   16.33     13003.0
 2024 07 14 15 09 00 000   -0.70     2.79    -0.14  -293.60    -11.00    -32.50   17.19     14818.0
 2024 07 14 15 10 00 000   -0.42     3.02    -0.09  -294.50    -11.90    -32.20   17.30     15045.0
 2024 07 14 15 11 00 000   -1.03     2.65     0.27  -296.00    -13.50    -31.60   17.49     15430.0
 2024 07 14 15 12 00 000   -1.39     2.49     0.31  -295.00    -10.80    -31.90   17.52     14877.0
 2024 07 14 15 13 00 000   -1.46     2.54    -0.24  -294.90    -10.50    -31.90   17.52     14818.0
 2024 07 14 15 14 00 000   -1.37     2.51    -0.25  -294.90    -10.50    -31.90   17.52     14818.0
 2024 07 14 15 15 00 000   -1.65     2.36    -0.09  -291.00    -11.10    -29.50   18.70     18954.0
 2024 07 14 15 16 00 000   -0.72     2.76     0.32  -292.10    -11.60    -29.90   18.21     17486.0
 2024 07 14 15 17 00 000   -0.54     2.50     0.23  -294.80    -12.40    -30.70   17.47     14966.0
 2024 07 14 15 18 00 000   -0.83     2.49     0.10  -296.40    -12.20    -30.80   17.99     15741.0
 2024 07 14 15 19 00 000   -0.70     2.46    -0.03  -296.40    -12.20    -30.80   17.99     15741.0
 2024 07 14 15 20 00 000   -0.54     2.52    -0.03  -294.80    -12.40    -29.10   17.65     14535.0
 2024 07 14 15 21 00 000   -1.19     2.47     0.14  -294.80    -12.40    -29.10   17.65     14535.0
 2024 07 14 15 22 00 000   -1.61     2.43     0.04  -292.30    -11.90    -28.80   16.92     14573.0
 2024 07 14 15 23 00 000   -0.80     2.55     0.15  -292.30    -11.90    -28.80   16.92     14574.0
 2024 07 14 15 24 00 000   -0.99     2.71     0.14  -293.40    -12.80    -28.90   17.33     14912.0
 2024 07 14 15 25 00 000   -0.79     2.84     0.12  -293.60    -12.80    -28.80   17.33     14919.0
 2024 07 14 15 26 00 000   -0.31     2.99    -0.02  -294.50    -13.10    -28.10   17.34     14983.0
 2024 07 14 15 27 00 000    0.59     3.03    -0.07  -295.60    -13.60    -28.70   17.19     15298.0
 2024 07 14 15 28 00 000    0.80     2.99     0.01  -296.60    -13.30    -28.30   16.64     15334.0
 2024 07 14 15 29 00 000    0.89     3.00    -0.02  -296.90    -13.20    -28.10   16.49     15334.0
 2024 07 14 15 30 00 000    0.81     3.05    -0.03  -295.20    -13.70    -27.80   17.21     18506.0
 2024 07 14 15 31 00 000    0.74     3.02     0.00  -293.90    -14.20    -27.50   17.78     21064.0
 2024 07 14 15 32 00 000    0.82     3.01    -0.03  -295.20    -14.00    -28.30   16.60     16288.0
 2024 07 14 15 33 00 000    0.40     2.90    -0.00  -295.30    -13.80    -28.30   16.37     15170.0
 2024 07 14 15 34 00 000    0.17     2.78     0.06  -294.00    -12.50    -28.00   16.38     14070.0
 2024 07 14 15 35 00 000    0.28     2.87    -0.02  -293.60    -12.60    -28.00   16.19     13515.0
 2024 07 14 15 36 00 000    0.24     2.80    -0.20  -292.70    -12.90    -28.00   15.77     12337.0
 2024 07 14 15 37 00 000    0.22     2.84    -0.03  -292.70    -12.70    -27.70   16.16     13169.0
 2024 07 14 15 38 00 000    0.25     2.77     0.09  -292.80    -12.30    -27.20   16.97     14951.0
 2024 07 14 15 39 00 000   -0.16     2.76    -0.23  -292.60    -12.50    -27.20   16.56     14990.0
 2024 07 14 15 40 00 000   -0.59     2.79     0.19  -292.50    -12.60    -27.20   16.37     15008.0
 2024 07 14 15 41 00 000   -0.41     2.80     0.16  -289.30    -12.80    -28.30   16.65     14875.0
 2024 07 14 15 42 00 000   -0.80     2.72     0.17  -289.30    -12.80    -28.30   16.65     14875.0
 2024 07 14 15 43 00 000   -0.93     2.72     0.18  -290.10    -13.30    -27.50   15.97     13396.0
 2024 07 14 15 44 00 000   -0.63     2.79    -0.02  -290.10    -13.30    -27.50   15.97     13396.0
 2024 07 14 15 45 00 000   -0.84     2.73    -0.02  -291.20    -13.50    -26.70   16.23     13540.0
 2024 07 14 15 46 00 000   -0.54     2.81    -0.36  -291.20    -13.50    -26.70   16.23     13556.0
 2024 07 14 15 47 00 000   -0.55     2.83    -0.18  -292.70    -15.20    -25.50   17.37     17949.0
 2024 07 14 15 48 00 000    0.11     2.93    -0.42  -292.30    -14.90    -26.80   16.54     15313.0
 2024 07 14 15 49 00 000   -0.02     2.92    -0.48  -292.20    -15.10    -26.90   15.86     13410.0
 2024 07 14 15 50 00 000   -0.08     2.88    -0.56  -292.20    -15.20    -26.80   15.72     13038.0
 2024 07 14 15 51 00 000   -0.68     2.66    -0.28  -293.10    -15.80    -25.50   15.87     13082.0
 2024 07 14 15 52 00 000   -0.86     2.57    -0.22  -293.10    -16.20    -24.80   16.18     13066.0
 2024 07 14 15 53 00 000   -1.03     2.56    -0.13  -292.90    -16.20    -24.90   16.25     13050.0
 2024 07 14 15 54 00 000   -1.19     2.48    -0.07  -292.10    -16.30    -24.90   16.47     13288.0
 2024 07 14 15 55 00 000   -1.00     2.52    -0.13  -292.10    -16.10    -25.10   16.32     13077.0
 2024 07 14 15 56 00 000   -0.94     2.46    -0.20  -292.10    -15.90    -25.30   16.13     12809.0
 2024 07 14 15 57 00 000   -1.03     2.37    -0.09  -291.70    -14.80    -25.00   16.30     13020.0
 2024 07 14 15 58 00 000   -1.41     2.06     0.09  -291.70    -14.80    -25.00   16.30     13020.0
 2024 07 14 15 59 00 000   -1.55     1.90     0.15  -291.80    -16.10    -24.80   16.15     13522.0
 2024 07 14 16 00 00 000   -1.36     2.03     0.03  -291.80    -16.10    -24.80   16.15     13522.0
 2024 07 14 16 01 00 000   -1.15     2.23    -0.15  -292.30    -16.70    -24.40   17.56     17898.0
 2024 07 14 16 02 00 000   -1.18     2.21    -0.13  -292.30    -16.70    -24.40   17.56     17891.0
 2024 07 14 16 03 00 000   -1.33     2.19    -0.05  -292.30    -17.00    -24.50   16.00     13091.0
 2024 07 14 16 04 00 000   -1.17     2.32    -0.10  -292.30    -17.00    -24.50   16.00     13091.0
 2024 07 14 16 05 00 000   -1.06     2.34    -0.16  -291.50    -15.40    -24.20   16.30     13360.0
 2024 07 14 16 06 00 000   -0.98     2.32    -0.12  -291.50    -15.40    -24.20   16.30     13360.0
 2024 07 14 16 07 00 000   -0.96     2.33    -0.06  -290.90    -16.10    -23.90   16.09     13073.0
 2024 07 14 16 08 00 000   -0.80     2.45     0.06  -290.90    -16.10    -23.90   16.09     13073.0
 2024 07 14 16 09 00 000   -0.67     2.57    -0.13  -290.10    -14.70    -23.20   15.72     13360.0
 2024 07 14 16 10 00 000   -0.84     2.52    -0.16  -290.10    -14.70    -23.20   15.72     13360.0
 2024 07 14 16 11 00 000   -0.72     2.49    -0.41  -290.70    -15.10    -23.60   15.94     13110.0
 2024 07 14 16 12 00 000   -0.86     2.34    -0.40  -290.60    -14.90    -23.70   15.88     13001.0
 2024 07 14 16 13 00 000   -1.31     1.78    -0.03  -290.50    -14.40    -24.10   15.72     12720.0
 2024 07 14 16 14 00 000   -1.45     1.33     0.21  -290.90    -12.30    -24.00   15.85     12391.0
 2024 07 14 16 15 00 000   -1.46     1.03     0.38  -290.90    -12.10    -24.00   15.90     12437.0
 2024 07 14 16 16 00 000   -1.40     0.86     0.44  -290.50    -10.30    -24.10   16.85     13850.0
 2024 07 14 16 17 00 000   -1.35     0.73     0.47  -290.10    -10.10    -23.50   16.71     13146.0
 2024 07 14 16 18 00 000   -1.24     0.89     0.54  -290.10    -10.20    -23.40   17.02     13669.0
 2024 07 14 16 19 00 000   -1.36     0.65     0.68  -290.20    -10.50    -23.30   18.07     15702.0
 2024 07 14 16 20 00 000   -1.49     0.57     0.72  -289.80    -10.10    -23.40   17.28     14591.0
 2024 07 14 16 21 00 000   -1.56     0.91     0.54  -289.30     -9.60    -23.50   16.36     13280.0
 2024 07 14 16 22 00 000   -1.49     1.21     0.18  -288.90    -10.50    -22.90   16.60     13763.0
 2024 07 14 16 23 00 000   -0.99     1.60    -0.19  -288.20    -10.30    -23.30   16.38     13574.0
 2024 07 14 16 24 00 000   -0.75     1.76    -0.44  -286.00     -9.10    -25.80   16.67     14333.0
 2024 07 14 16 25 00 000   -1.76     1.06     0.21  -285.50     -9.40    -25.90   16.49     14171.0
 2024 07 14 16 26 00 000   -1.34     1.43    -0.42  -284.80     -9.70    -26.40   16.37     14333.0
 2024 07 14 16 27 00 000   -1.40     1.41    -0.39  -284.80     -9.70    -26.40   16.37     14333.0
 2024 07 14 16 28 00 000   -1.49     1.36    -0.23  -284.80     -9.70    -26.40   16.37     14333.0
 2024 07 14 16 29 00 000   -1.62     1.31     0.00  -284.60     -9.50    -24.60   16.75     17218.0
 2024 07 14 16 30 00 000   -1.59     1.37    -0.36  -284.60     -9.50    -24.60   16.75     17218.0
 2024 07 14 16 31 00 000   -1.59     1.38    -0.21  -284.60     -9.50    -24.60   16.75     17218.0
 2024 07 14 16 32 00 000   -1.50     1.42    -0.22  -284.30     -9.70    -26.40   16.43     13996.0
 2024 07 14 16 33 00 000   -1.67     1.10    -0.11  -284.30     -9.70    -26.40   16.43     13996.0
 2024 07 14 16 34 00 000   -1.49     1.35    -0.26  -284.30     -9.70    -26.40   16.43     13996.0
 2024 07 14 16 35 00 000   -1.47     1.43    -0.23  -284.30     -9.70    -26.40   16.43     13996.0
 2024 07 14 16 36 00 000   -1.63     1.26    -0.24  -283.10     -8.40    -27.00   16.28     13667.0
 2024 07 14 16 37 00 000   -1.69     1.20    -0.31  -283.10     -8.40    -27.00   16.28     13667.0
 2024 07 14 16 38 00 000   -1.38     1.53    -0.03  -283.10     -8.40    -27.00   16.28     13667.0
 2024 07 14 16 39 00 000   -1.56     1.41    -0.15  -282.80     -9.50    -25.30   16.45     12967.0
 2024 07 14 16 40 00 000   -1.66     1.27    -0.28  -282.80     -9.50    -25.30   16.45     12967.0
 2024 07 14 16 41 00 000   -1.65     1.39    -0.38  -282.60    -10.30    -25.40   16.43     13234.0
 2024 07 14 16 42 00 000   -1.71     1.40    -0.41  -282.60    -10.30    -25.40   16.43     13234.0
 2024 07 14 16 43 00 000   -1.86     1.26    -0.59  -282.70    -10.50    -25.40   16.08     12721.0
 2024 07 14 16 44 00 000   -1.55     1.54    -0.52  -282.70    -10.50    -25.40   16.08     12720.0
 2024 07 14 16 45 00 000   -1.60     1.31    -0.57  -282.60     -9.90    -25.50   16.49     13109.0
 2024 07 14 16 46 00 000   -1.65     1.25    -0.64  -282.60     -9.90    -25.50   16.49     13109.0
 2024 07 14 16 47 00 000   -1.61     1.43    -0.46  -282.60     -9.70    -24.90   16.33     13056.0
 2024 07 14 16 48 00 000   -1.58     1.48    -0.42  -282.60     -9.70    -24.90   16.33     13056.0
 2024 07 14 16 49 00 000   -1.63     1.47    -0.53  -282.60     -8.80    -24.70   16.21     12978.0
 2024 07 14 16 50 00 000   -1.66     1.36    -0.86  -283.20     -9.20    -24.10   16.27     14951.0
 2024 07 14 16 51 00 000   -1.63     1.19    -0.97  -283.40     -9.30    -23.80   16.30     15780.0
 2024 07 14 16 52 00 000   -1.61     1.08    -1.13  -283.90     -9.90    -24.70   16.58     12528.0
 2024 07 14 16 53 00 000   -1.60     1.02    -1.27  -283.90     -9.90    -24.70   16.58     12528.0
 2024 07 14 16 54 00 000   -1.68     0.97    -1.34  -284.00    -10.00    -24.80   16.15     12518.0
 2024 07 14 16 55 00 000   -1.72     1.00    -1.36  -284.00    -10.10    -24.90   15.80     12510.0
 2024 07 14 16 56 00 000   -1.73     1.01    -1.35  -282.70     -9.60    -25.30   16.21     12909.0
 2024 07 14 16 57 00 000   -1.71     0.97    -1.39  -282.70     -9.60    -25.30   16.22     12914.0
 2024 07 14 16 58 00 000   -1.70     0.99    -1.40  -282.70     -9.60    -25.30   16.22     12914.0
 2024 07 14 16 59 00 000   -1.70     0.98    -1.43  -281.80     -9.80    -25.70   16.29     12949.0
 2024 07 14 17 00 00 000   -1.66     0.99    -1.47  -281.80     -9.80    -25.70   16.29     12949.0
 2024 07 14 17 01 00 000   -1.67     1.02    -1.45  -281.80     -9.80    -25.70   16.29     12949.0
 2024 07 14 17 02 00 000   -1.66     0.95    -1.46  -282.10     -9.30    -25.10   16.27     12985.0
 2024 07 14 17 03 00 000   -1.65     0.85    -1.56  -282.10     -9.30    -25.10   16.27     12985.0
 2024 07 14 17 04 00 000   -1.58     0.80    -1.50  -282.10     -9.30    -25.10   16.27     12985.0
 2024 07 14 17 05 00 000   -1.62     0.82    -1.50  -282.50     -9.20    -25.10   16.31     13002.0
 2024 07 14 17 06 00 000   -1.66     0.84    -1.50  -282.50     -9.20    -25.10   16.31     13002.0
 2024 07 14 17 07 00 000   -1.63     0.92    -1.54  -281.70     -9.10    -24.40   16.37     13342.0
 2024 07 14 17 08 00 000   -1.64     0.86    -1.52  -281.70     -9.10    -24.40   16.37     13342.0
 2024 07 14 17 09 00 000   -1.68     0.86    -1.36  -281.70     -8.90    -25.70   16.42     12580.0
 2024 07 14 17 10 00 000   -1.67     0.83    -1.49  -281.70     -8.90    -25.70   16.42     12580.0
 2024 07 14 17 11 00 000   -1.75     0.62    -1.51  -282.00     -8.40    -23.70   16.60     15383.0
 2024 07 14 17 12 00 000   -1.81     0.60    -1.44  -282.10     -8.20    -23.00   16.67     16371.0
 2024 07 14 17 13 00 000   -1.90     0.66    -1.32  -282.10     -8.20    -23.00   16.67     16371.0
 2024 07 14 17 14 00 000   -1.91     0.49    -1.39  -280.90     -7.00    -25.50   16.32     12808.0
 2024 07 14 17 15 00 000   -1.62     0.72    -1.60  -281.60     -7.70    -25.00   16.32     12888.0
 2024 07 14 17 16 00 000   -1.24     1.07    -1.78  -283.00     -9.00    -23.90   16.31     13055.0
 2024 07 14 17 17 00 000   -1.18     1.08    -1.79  -283.00     -9.00    -23.90   16.31     13055.0
 2024 07 14 17 18 00 000   -1.12     1.04    -1.78  -283.20     -9.10    -24.10   16.37     13073.0
 2024 07 14 17 19 00 000   -1.12     1.06    -1.79  -283.20     -9.10    -24.10   16.37     13073.0
 2024 07 14 17 20 00 000   -1.19     1.00    -1.75  -282.30     -8.20    -24.10   16.45     12985.0
 2024 07 14 17 21 00 000   -1.29     0.90    -1.76  -282.30     -8.20    -24.10   16.45     12985.0
 2024 07 14 17 22 00 000   -1.46     0.84    -1.65  -282.30     -8.20    -24.10   16.45     12985.0
 2024 07 14 17 23 00 000   -1.48     0.86    -1.60  -282.60     -8.70    -24.20   17.04     13468.0
 2024 07 14 17 24 00 000   -1.52     0.89    -1.73  -282.60     -8.70    -24.20   17.04     13468.0
 2024 07 14 17 25 00 000   -1.61     0.71    -1.60  -282.70     -9.20    -24.50   16.54     13073.0
 2024 07 14 17 26 00 000   -1.59     0.76    -1.57  -282.70     -9.20    -24.50   16.54     13073.0
 2024 07 14 17 27 00 000   -1.78     0.60    -1.60  -282.70     -9.20    -24.50   16.54     13073.0
 2024 07 14 17 28 00 000   -2.06     0.41    -1.41  -283.30     -8.60    -25.10   15.94     13038.0
 2024 07 14 17 29 00 000   -2.15     0.38    -1.24  -283.30     -8.60    -25.10   15.94     13038.0
 2024 07 14 17 30 00 000   -2.08     0.27    -1.19  -283.30     -8.60    -25.10   15.94     13038.0
 2024 07 14 17 31 00 000   -1.82     0.58    -1.56  -283.30     -8.60    -25.10   15.94     13038.0
 2024 07 14 17 32 00 000   -2.41    -0.00    -0.90  -280.30     -4.80    -26.80   17.21     13795.0
 2024 07 14 17 33 00 000   -2.55    -0.31    -0.40  -280.30     -4.80    -26.80   17.21     13795.0
 2024 07 14 17 34 00 000   -2.43    -0.20    -0.57  -280.30     -3.20    -27.50   16.49     15838.0
 2024 07 14 17 35 00 000   -2.21     0.09    -1.11  -280.30     -3.20    -27.50   16.49     15838.0
 2024 07 14 17 36 00 000   -2.24     0.13    -1.22  -279.80     -4.10    -26.10   16.40     12476.0
 2024 07 14 17 37 00 000   -2.21     0.17    -1.32  -279.80     -4.10    -26.10   16.40     12476.0
 2024 07 14 17 38 00 000   -2.22     0.14    -1.21  -279.80     -4.10    -26.10   16.40     12476.0
 2024 07 14 17 39 00 000   -2.30     0.10    -1.09  -280.20     -4.70    -26.10   16.85     12685.0
 2024 07 14 17 40 00 000   -2.47     0.03    -0.77  -280.20     -4.70    -26.10   16.85     12685.0
 2024 07 14 17 41 00 000   -2.50    -0.06    -0.77  -280.20     -4.70    -26.10   16.85     12685.0
 2024 07 14 17 42 00 000   -2.52    -0.02    -0.75  -279.50     -4.30    -26.40   16.61     12808.0
 2024 07 14 17 43 00 000   -2.56    -0.05    -0.65  -279.50     -4.30    -26.40   16.61     12808.0
 2024 07 14 17 44 00 000   -2.46    -0.02    -0.71  -279.50     -4.30    -26.40   16.61     12808.0
 2024 07 14 17 45 00 000   -2.41    -0.04    -0.80  -278.20     -3.90    -28.30   16.68     12668.0
 2024 07 14 17 46 00 000   -2.40    -0.02    -0.81  -278.20     -3.90    -28.30   16.68     12668.0
 2024 07 14 17 47 00 000   -2.49    -0.10    -0.62  -278.20     -3.90    -28.30   16.68     12668.0
 2024 07 14 17 48 00 000   -2.54    -0.19    -0.49  -278.50     -3.70    -28.30   16.50     12234.0
 2024 07 14 17 49 00 000   -2.55    -0.24    -0.42  -278.50     -3.70    -28.30   16.50     12234.0
 2024 07 14 17 50 00 000   -2.56    -0.17    -0.47  -278.20     -3.60    -27.50   16.52     11740.0
 2024 07 14 17 51 00 000   -2.78    -0.45    -0.20  -278.20     -3.60    -27.50   16.52     11740.0
 2024 07 14 17 52 00 000   -2.74    -0.45    -0.28  -278.20     -3.60    -27.50   16.52     11740.0
 2024 07 14 17 53 00 000   -2.68    -0.50    -0.26  -278.50     -4.00    -27.50   16.17     11977.0
 2024 07 14 17 54 00 000   -2.65    -0.41    -0.23  -278.50     -4.00    -27.50   16.17     11976.0
 2024 07 14 17 55 00 000   -2.60    -0.37    -0.23  -279.20     -3.00    -27.70   16.17     11773.0
 2024 07 14 17 56 00 000   -2.38    -0.27    -0.70  -279.10     -3.10    -26.90   16.24     12890.0
 2024 07 14 17 57 00 000   -2.30    -0.22    -0.84  -279.00     -3.40    -25.10   16.40     15199.0
 2024 07 14 17 58 00 000   -2.25    -0.24    -0.91  -279.00     -3.40    -25.10   16.40     15199.0
 2024 07 14 17 59 00 000   -2.22    -0.24    -0.97  -279.00     -3.40    -25.10   16.40     15199.0
 2024 07 14 18 00 00 000   -2.20    -0.28    -0.92  -277.40     -2.60    -26.70   16.93     12685.0
 2024 07 14 18 01 00 000   -2.17    -0.34    -0.75  -277.40     -2.60    -26.70   16.93     12685.0
 2024 07 14 18 02 00 000   -2.20    -0.45    -0.65  -277.80     -1.80    -27.30   16.66     12079.0
 2024 07 14 18 03 00 000   -2.24    -0.66    -0.45  -277.80     -1.80    -27.40   16.59     12108.0
 2024 07 14 18 04 00 000   -2.29    -0.62    -0.27  -277.10     -1.60    -29.60   15.39     12624.0
 2024 07 14 18 05 00 000   -2.34    -0.47    -0.10  -277.80     -1.30    -26.90   16.28     11663.0
 2024 07 14 18 06 00 000   -2.30    -0.62     0.22  -277.90     -1.30    -26.60   16.37     11572.0
 2024 07 14 18 07 00 000   -2.27    -0.68    -0.18  -277.90     -1.30    -26.60   16.37     11572.0
 2024 07 14 18 08 00 000   -2.24    -0.59    -0.32  -277.40     -0.90    -27.40   15.80     12510.0
 2024 07 14 18 09 00 000   -2.32    -0.62     0.01  -277.40     -1.30    -27.30   15.92     12487.0
 2024 07 14 18 10 00 000   -2.30    -0.61    -0.15  -277.60     -2.40    -27.60   16.16     12204.0
 2024 07 14 18 11 00 000   -2.22    -0.58    -0.31  -277.60     -0.90    -29.00   15.62     12008.0
 2024 07 14 18 12 00 000   -2.30    -0.71    -0.18  -277.60     -1.80    -27.90   15.21     12570.0
 2024 07 14 18 13 00 000   -2.27    -0.63    -0.15  -277.60     -1.30    -27.00   15.68     12180.0
 2024 07 14 18 14 00 000   -2.28    -0.76     0.04  -277.50     -1.30    -27.30   15.75     12099.0
 2024 07 14 18 15 00 000   -2.32    -0.84     0.28  -277.80     -0.10    -30.00   16.30     12165.0
 2024 07 14 18 16 00 000   -2.36    -0.71     0.34  -277.70     -0.40    -29.60   16.07     12041.0
 2024 07 14 18 17 00 000   -2.22    -0.92     0.55  -277.50     -0.90    -28.60   15.45     11770.0
 2024 07 14 18 18 00 000   -2.32    -0.64     0.08  -278.10      0.10    -28.60   15.80     12502.0
 2024 07 14 18 19 00 000   -2.20    -0.44     0.57  -278.00     -1.20    -28.30   15.74     14117.0
 2024 07 14 18 20 00 000   -2.11    -0.44     0.78  -278.30     -2.10    -29.00   15.57     13126.0
 2024 07 14 18 21 00 000   -1.99    -0.40     1.06  -278.40     -1.80    -29.80   15.81     12944.0
 2024 07 14 18 22 00 000   -2.11    -0.25     0.94  -279.40      0.90    -30.70   15.19     13606.0
 2024 07 14 18 23 00 000   -2.06    -0.39     0.92  -278.40     -1.20    -28.50   15.70     11540.0
 2024 07 14 18 24 00 000   -2.16    -0.67     0.55  -278.30     -1.40    -28.30   15.75     11372.0
 2024 07 14 18 25 00 000   -2.10    -1.22     0.33  -278.90      3.40    -25.50   15.27     14107.0
 2024 07 14 18 26 00 000   -1.94    -1.02     0.36  -278.90      3.40    -25.50   15.27     14107.0
 2024 07 14 18 27 00 000   -1.54    -1.05    -0.35  -278.90      3.40    -25.50   15.27     14107.0
 2024 07 14 18 28 00 000   -1.00    -1.64    -1.11  -282.80      0.80    -20.30   15.70     12690.0
 2024 07 14 18 29 00 000   -0.87    -1.36    -0.77  -282.80      0.20    -21.70   15.82     12964.0
 2024 07 14 18 30 00 000   -0.53    -1.44    -0.82  -285.20      0.80    -20.10   15.84     13975.0
 2024 07 14 18 31 00 000   -0.98    -1.51    -0.62  -285.30      2.20    -18.70   14.64     10945.0
 2024 07 14 18 32 00 000   -0.75    -1.77    -0.59  -285.00      2.60    -19.30   14.94     11368.0
 2024 07 14 18 33 00 000   -0.85    -1.65    -1.01  -284.80      2.90    -19.70   15.07     11539.0
 2024 07 14 18 34 00 000   -0.91    -2.03    -0.55  -284.70      3.10    -20.20   14.78     11008.0
 2024 07 14 18 35 00 000   -0.83    -2.27    -0.88  -285.30      4.70    -20.70   14.67     11351.0
 2024 07 14 18 36 00 000   -0.91    -2.11    -0.94  -285.50      4.40    -20.20   14.74     11498.0
 2024 07 14 18 37 00 000   -0.97    -2.21    -0.86  -285.70      3.70    -19.40   14.86     11706.0
 2024 07 14 18 38 00 000   -1.17    -2.24    -0.67  -285.70      3.70    -19.40   14.86     11708.0
 2024 07 14 18 39 00 000   -1.84    -1.98    -0.04  -283.80      4.00    -23.90   14.35     12028.0
 2024 07 14 18 40 00 000   -1.83    -2.00    -0.45  -283.80      4.00    -23.90   14.35     12028.0
 2024 07 14 18 41 00 000   -1.57    -2.28    -0.54  -283.70      2.50    -21.80   15.08     12545.0
 2024 07 14 18 42 00 000   -1.68    -2.33    -0.50  -283.70      2.50    -21.80   15.08     12545.0
 2024 07 14 18 43 00 000   -1.43    -2.39    -0.56  -285.00      3.20    -19.80   14.66     14442.0
 2024 07 14 18 44 00 000   -1.10    -2.42    -0.49  -285.30      4.70    -19.80   14.40     12367.0
 2024 07 14 18 45 00 000   -1.19    -2.39    -0.27  -284.40      5.40    -22.30   14.89     12348.0
 2024 07 14 18 46 00 000   -1.97    -1.15     0.65  -283.80      5.30    -23.60   15.23     12896.0
 2024 07 14 18 47 00 000   -2.21    -1.41     0.75  -285.00      5.30    -21.00   14.29     13675.0
 2024 07 14 18 48 00 000   -2.53     0.29     1.66  -283.30     -0.20    -27.80   14.73     14826.0
 2024 07 14 18 49 00 000   -2.62    -0.61     1.37  -282.30     -2.50    -30.30   15.13     15955.0
 2024 07 14 18 50 00 000   -2.89    -1.30     1.37  -282.30     -2.30    -30.00   15.14     15976.0
 2024 07 14 18 51 00 000   -2.98    -0.51     1.47  -285.90     -2.50    -25.30   13.33     12506.0
 2024 07 14 18 52 00 000   -2.95    -1.73     0.97  -286.20     -1.70    -25.00   13.10     12232.0
 2024 07 14 18 53 00 000   -2.92    -2.19     0.54  -286.80      2.20    -23.00   12.52     12152.0
 2024 07 14 18 54 00 000   -2.85    -2.51     0.68  -286.60      3.20    -20.60   12.73     13083.0
 2024 07 14 18 55 00 000   -2.91    -2.19     1.30  -286.00      4.20    -23.50   13.16     13748.0
 2024 07 14 18 56 00 000   -2.86    -2.74     1.20  -286.80      4.30    -24.30   12.60     11951.0
 2024 07 14 18 57 00 000   -2.61    -3.06     1.11  -287.40      5.00    -23.80   11.93     10896.0
 2024 07 14 18 58 00 000   -2.45    -3.34     0.94  -287.40      5.00    -23.80   11.93     10896.0
 2024 07 14 18 59 00 000   -2.51    -3.34     0.98  -289.10      6.90    -22.70   11.70     12337.0
 2024 07 14 19 00 00 000   -1.79    -4.18     0.36  -289.10      6.90    -22.70   11.70     12337.0
 2024 07 14 19 01 00 000   -3.67    -1.44     1.89  -287.50      3.40    -25.90   10.54     15122.0
 2024 07 14 19 02 00 000   -3.74    -1.20     1.91  -287.50      3.40    -25.90   10.54     15122.0
 2024 07 14 19 03 00 000   -3.52    -1.64     1.79  -287.50      3.40    -25.90   10.54     15122.0
 2024 07 14 19 04 00 000   -3.44    -1.67     1.94  -288.80      4.70    -23.80   11.23     16591.0
 2024 07 14 19 05 00 000   -3.71    -2.04     1.79  -288.80      4.70    -23.80   11.23     16591.0
 2024 07 14 19 06 00 000   -4.11    -2.01     1.64  -292.30      1.20    -21.20   10.25     15897.0
 2024 07 14 19 07 00 000   -4.08    -2.41     1.41  -292.30      1.20    -21.20   10.25     15897.0
 2024 07 14 19 08 00 000   -3.78    -2.75     1.54  -293.00      0.90    -22.10   10.40     16064.0
 2024 07 14 19 09 00 000   -3.29    -3.69     0.74  -291.90      2.10    -23.70   10.90     18034.0
 2024 07 14 19 10 00 000   -3.12    -3.96     0.30  -291.60      2.40    -24.20   11.04     18613.0
 2024 07 14 19 11 00 000   -2.95    -4.03     0.54  -293.50      3.70    -22.60   10.06     11740.0
 2024 07 14 19 12 00 000   -2.96    -4.14     0.49  -293.50      3.70    -22.60   10.04     11732.0
 2024 07 14 19 13 00 000   -2.54    -4.66    -0.20  -292.30      4.90    -22.70    8.87     11108.0
 2024 07 14 19 14 00 000   -2.26    -4.85    -0.76  -292.30      4.90    -22.70    8.87     11108.0
 2024 07 14 19 15 00 000   -2.33    -4.76    -0.54  -294.50      5.90    -18.50    9.20     12165.0
 2024 07 14 19 16 00 000   -2.39    -4.78    -0.09  -294.50      5.90    -18.50    9.20     12165.0
 2024 07 14 19 17 00 000   -1.56    -5.02    -1.22  -294.50      5.90    -18.50    9.20     12165.0
 2024 07 14 19 18 00 000   -0.93    -4.95    -1.89  -299.30      8.20    -11.50    9.10     18740.0
 2024 07 14 19 19 00 000   -0.89    -4.76    -1.84  -299.30      8.20    -11.50    9.10     18740.0
 2024 07 14 19 20 00 000   -0.69    -4.83    -2.12  -298.80      8.30    -11.80    8.93     18588.0
 2024 07 14 19 21 00 000   -0.28    -4.73    -2.30  -297.90      8.50    -12.40    8.64     18338.0
 2024 07 14 19 22 00 000   -0.33    -4.73    -2.23  -297.10     10.60    -11.40    8.76     18627.0
 2024 07 14 19 23 00 000   -0.37    -4.82    -2.34  -297.50     10.50    -11.20    8.67     18451.0
 2024 07 14 19 24 00 000   -0.09    -4.91    -2.49  -300.80      8.80    -10.60    8.06     17212.0
 2024 07 14 19 25 00 000    0.05    -5.02    -3.00  -299.60      5.60    -14.30    7.43     18380.0
 2024 07 14 19 26 00 000   -0.25    -4.98    -2.70  -302.00      7.50    -10.70    7.87     17160.0
 2024 07 14 19 27 00 000   -0.83    -4.83    -1.69  -303.80      9.00     -7.90    8.20     16232.0
 2024 07 14 19 28 00 000   -0.52    -4.69    -2.29  -297.30     10.70    -12.20    7.93     18807.0
 2024 07 14 19 29 00 000   -0.12    -4.59    -2.51  -297.10     10.80    -12.30    7.92     18890.0
 2024 07 14 19 30 00 000   -0.40    -4.82    -2.40  -298.30     13.10     -9.00    6.94     21270.0
 2024 07 14 19 31 00 000   -0.55    -5.00    -2.28  -298.00     14.20     -9.10    6.96     21107.0
 2024 07 14 19 32 00 000   -0.71    -4.74    -1.97  -296.70     18.20     -9.40    7.03     20483.0
 2024 07 14 19 33 00 000   -0.68    -4.58    -1.95  -302.60     15.70     -1.30    8.14     26759.0
 2024 07 14 19 34 00 000   -0.59    -4.71    -1.90  -304.90     14.80     -1.10    8.36     26495.0
 2024 07 14 19 35 00 000    0.08    -4.33    -2.97  -305.90     14.90     -5.70    8.44     27151.0
 2024 07 14 19 36 00 000    0.08    -4.65    -2.84  -305.70     15.10     -7.30    7.75     26263.0
 2024 07 14 19 37 00 000    0.13    -5.01    -2.50  -305.80     15.00     -7.60    6.59     23337.0
 2024 07 14 19 38 00 000    0.17    -4.94    -2.25  -306.30     15.90     -6.20    7.21     26486.0
 2024 07 14 19 39 00 000    0.14    -4.91    -2.18  -306.30     15.80     -6.20    7.22     26439.0
 2024 07 14 19 40 00 000    0.15    -4.82    -2.17  -306.40     13.60     -8.00    7.11     21887.0
 2024 07 14 19 41 00 000   -0.06    -4.75    -2.04  -306.40     13.60     -8.00    7.11     21890.0
 2024 07 14 19 42 00 000   -0.53    -4.90    -1.64  -305.70     13.80     -7.60    8.21     23147.0
 2024 07 14 19 43 00 000   -1.06    -4.79    -1.39  -305.70     13.80     -7.60    8.21     23147.0
 2024 07 14 19 44 00 000   -0.19    -4.79    -2.08  -305.10     11.80     -5.00    8.20     24491.0
 2024 07 14 19 45 00 000   -0.06    -4.90    -2.21  -305.10     11.80     -5.00    8.20     24491.0
 2024 07 14 19 46 00 000   -0.01    -4.76    -1.90  -308.80     10.10     -4.90    8.77     25227.0
 2024 07 14 19 47 00 000   -0.21    -4.62    -1.79  -318.70      5.60     -4.70   10.31     27217.0
 2024 07 14 19 48 00 000   -0.53    -4.95    -1.52  -306.30      9.80     -7.30    7.49     23127.0
 2024 07 14 19 49 00 000   -0.48    -5.04    -1.54  -304.20     10.50     -7.70    7.02     22442.0
 2024 07 14 19 50 00 000   -0.55    -4.95    -1.75  -307.70     16.80      2.10    6.81     29951.0
 2024 07 14 19 51 00 000   -0.86    -4.95    -1.45  -307.70     16.80      2.10    6.81     29951.0
 2024 07 14 19 52 00 000   -0.78    -4.98    -1.70  -303.60     10.70     -6.90    8.13     22597.0
 2024 07 14 19 53 00 000   -0.81    -4.93    -1.64  -303.10      9.90     -8.10    8.30     21611.0
 2024 07 14 19 54 00 000   -0.71    -4.95    -1.51  -303.30      7.10    -14.60    7.50     16934.0
 2024 07 14 19 55 00 000   -1.15    -4.91    -1.27  -303.90     11.60     -8.20    8.46     19937.0
 2024 07 14 19 56 00 000   -0.54    -4.58    -1.42  -305.10     14.00     -4.90    7.98     23438.0
 2024 07 14 19 57 00 000   -0.15    -5.11    -1.16  -308.90     15.50     -8.30    8.03     27988.0
 2024 07 14 19 58 00 000    0.08    -4.91    -1.17  -311.90     14.80    -10.90    8.04     23411.0
 2024 07 14 19 59 00 000   -0.10    -4.99    -1.16  -314.10     10.30     -7.90    8.26     31408.0
 2024 07 14 20 00 00 000    0.97    -4.58    -1.28  -313.40     13.00     -4.30    7.16     28932.0
 2024 07 14 20 01 00 000    0.17    -5.24    -0.96  -311.70     15.80     -9.30    8.28     21538.0
 2024 07 14 20 02 00 000   -0.09    -5.33    -0.97  -311.70     15.80     -9.30    8.29     21520.0
 2024 07 14 20 03 00 000   -0.11    -5.29    -1.02  -309.60     16.20     -7.10    8.59     24668.0
 2024 07 14 20 04 00 000    0.18    -5.22    -1.02  -309.50     16.20     -7.00    8.60     24760.0
 2024 07 14 20 05 00 000    1.15    -5.09    -1.05  -309.50     16.20     -7.00    8.60     24760.0
 2024 07 14 20 06 00 000    1.12    -5.30    -0.87  -311.60      4.60    -12.00    8.58     15122.0
 2024 07 14 20 07 00 000    1.11    -5.29    -0.86  -311.60      4.60    -12.00    8.58     15122.0
 2024 07 14 20 08 00 000    0.93    -5.33    -0.99  -311.50      5.50    -10.30    8.31     17320.0
 2024 07 14 20 09 00 000    0.88    -5.35    -1.08  -311.50      5.50    -10.30    8.31     17320.0
 2024 07 14 20 10 00 000    0.78    -5.33    -1.15  -311.50      5.50    -10.30    8.31     17320.0
 2024 07 14 20 11 00 000    0.53    -5.32    -1.23  -306.90      3.10    -12.00    8.50     12826.0
 2024 07 14 20 12 00 000    0.35    -5.32    -1.19  -306.90      3.10    -12.00    8.50     12826.0
 2024 07 14 20 13 00 000    0.53    -5.29    -1.27  -306.90      3.10    -12.00    8.50     12826.0
 2024 07 14 20 14 00 000   -0.09    -5.22    -1.03  -306.90      3.10    -12.00    8.50     12826.0
 2024 07 14 20 15 00 000   -0.75    -5.14    -0.86  -300.20      6.90    -11.80    9.12     13941.0
 2024 07 14 20 16 00 000   -1.52    -4.81    -0.83  -300.20      6.90    -11.80    9.12     13941.0
 2024 07 14 20 17 00 000   -1.29    -4.85    -0.95  -300.70      8.20    -11.20    9.22     16503.0
 2024 07 14 20 18 00 000    0.16    -5.01    -1.01  -300.80      8.40    -11.10    9.24     16954.0
 2024 07 14 20 19 00 000    1.69    -4.84    -1.27  -303.50     10.20    -10.00    8.67     21659.0
 2024 07 14 20 20 00 000    1.80    -4.88    -1.07  -304.10     10.60     -9.80    8.55     22629.0
 2024 07 14 20 21 00 000    1.84    -4.94    -1.29  -304.20     13.00     -9.00    7.71     19298.0
 2024 07 14 20 22 00 000    1.48    -5.16    -1.31  -304.20     13.00     -9.00    7.71     19298.0
 2024 07 14 20 23 00 000    1.37    -5.25    -1.33  -304.20     13.00     -9.00    7.71     19298.0
 2024 07 14 20 24 00 000    1.47    -5.20    -1.46  -301.60     13.40     -9.30    7.89     19886.0
 2024 07 14 20 25 00 000    1.39    -5.21    -1.40  -301.60     13.40     -9.30    7.89     19886.0
 2024 07 14 20 26 00 000    1.22    -5.27    -1.42  -301.60     13.40     -9.30    7.89     19886.0
 2024 07 14 20 27 00 000    1.40    -5.17    -1.63  -301.60     13.40     -9.30    7.89     19886.0
 2024 07 14 20 28 00 000    1.27    -5.10    -1.64  -302.50     11.60     -8.00    8.41     24589.0
 2024 07 14 20 29 00 000    1.29    -5.19    -1.67  -302.50     11.60     -8.00    8.41     24589.0
 2024 07 14 20 30 00 000    1.10    -5.29    -1.74  -302.50     11.60     -8.00    8.41     24589.0
 2024 07 14 20 31 00 000    1.08    -5.33    -1.71  -303.90      6.90     -9.60    7.46     19799.0
 2024 07 14 20 32 00 000    1.07    -5.38    -1.65  -303.90      6.90     -9.60    7.46     19799.0
 2024 07 14 20 33 00 000    0.75    -5.40    -1.52  -303.90      6.90     -9.60    7.46     19799.0
 2024 07 14 20 34 00 000    0.05    -5.48    -1.40  -303.90      6.90     -9.60    7.46     19799.0
 2024 07 14 20 35 00 000   -0.21    -5.49    -1.52  -303.00     15.30     -6.90    6.67     19472.0
 2024 07 14 20 36 00 000   -0.86    -5.61    -1.37  -303.60     15.70     -5.90    6.66     19865.0
 2024 07 14 20 37 00 000   -1.77    -5.83    -0.83  -301.70     18.10     -5.20    6.39     18495.0
 2024 07 14 20 38 00 000   -1.74    -5.52    -0.68  -301.40     14.60     -7.20    6.25     20305.0
 2024 07 14 20 39 00 000   -1.43    -5.18    -0.75  -299.00     16.10     -8.00    7.04     20880.0
 2024 07 14 20 40 00 000   -0.84    -5.06    -1.29  -298.20     16.20     -8.90    7.43     21070.0
 2024 07 14 20 41 00 000   -0.59    -5.37    -1.44  -302.40     17.70     -4.80    8.06     23271.0
 2024 07 14 20 42 00 000   -0.62    -5.21    -1.08  -303.60     18.10     -6.30    8.20     22835.0
 2024 07 14 20 43 00 000   -0.77    -4.95    -1.72  -304.50     18.10     -7.00    8.39     23289.0
 2024 07 14 20 44 00 000   -0.52    -5.14    -1.25  -302.40     19.70      0.30    7.85     25128.0
 2024 07 14 20 45 00 000   -0.63    -5.21    -1.07  -302.40     19.70      0.30    7.85     25128.0
 2024 07 14 20 46 00 000   -0.71    -5.12    -1.37  -301.60     18.10     -0.00    8.36     23389.0
 2024 07 14 20 47 00 000   -0.83    -5.13    -0.94  -301.40     17.70     -0.10    8.49     22934.0
 2024 07 14 20 48 00 000   -0.98    -5.24    -0.70  -299.70     16.60     -3.70    8.29     22303.0
 2024 07 14 20 49 00 000   -1.04    -5.25    -0.71  -299.70     16.80     -3.80    8.29     22148.0
 2024 07 14 20 50 00 000   -0.89    -5.40    -0.63  -299.90     18.90     -4.70    8.26     20684.0
 2024 07 14 20 51 00 000   -1.00    -5.49    -0.39  -299.80     19.30     -5.40    8.10     20602.0
 2024 07 14 20 52 00 000   -0.90    -5.42    -0.60  -299.80     19.70     -6.00    7.94     20532.0
 2024 07 14 20 53 00 000   -1.11    -5.08    -0.23  -301.60     16.40     -6.90    8.51     21605.0
 2024 07 14 20 54 00 000   -1.28    -4.87     0.04  -302.20     15.40     -6.80    9.10     25135.0
 2024 07 14 20 55 00 000   -1.07    -4.80    -0.22  -302.70     14.70     -6.70    9.55     27914.0
 2024 07 14 20 56 00 000   -1.04    -4.97    -0.40  -302.00     14.50     -8.40    9.37     20732.0
 2024 07 14 20 57 00 000   -1.03    -5.03    -0.46  -302.00     14.50     -8.40    9.37     20729.0
 2024 07 14 20 58 00 000   -0.62    -5.21    -0.66  -302.90     16.20     -6.30    9.43     22419.0
 2024 07 14 20 59 00 000   -0.32    -5.26    -0.99  -303.90     15.50     -6.70    8.67     22888.0
 2024 07 14 21 00 00 000   -0.30    -4.97    -1.13  -304.40     15.20     -6.90    8.29     23123.0
 2024 07 14 21 01 00 000   -0.21    -4.74    -1.46  -304.90      9.70     -7.90    9.36     23456.0
 2024 07 14 21 02 00 000    0.14    -4.73    -1.52  -304.90      9.80     -8.70    9.27     23633.0
 2024 07 14 21 03 00 000   -0.48    -4.74    -1.53  -304.80     10.20    -10.60    9.06     24055.0
 2024 07 14 21 04 00 000   -0.43    -4.83    -0.97  -304.80     10.20    -10.60    9.06     24055.0
 2024 07 14 21 05 00 000   -0.10    -5.03    -1.37  -304.90     15.40     -3.20    8.28     30411.0
 2024 07 14 21 06 00 000   -0.43    -5.17    -1.11  -305.10     16.90     -4.40    8.03     31047.0
 2024 07 14 21 07 00 000   -1.08    -4.98    -0.56  -305.30     17.80     -5.20    7.87     31446.0
 2024 07 14 21 08 00 000   -1.59    -4.81    -0.20  -303.50     17.90     -4.00    9.25     30956.0
 2024 07 14 21 09 00 000   -1.01    -4.91    -0.64  -303.80     17.90     -4.20    9.19     30555.0
 2024 07 14 21 10 00 000   -1.19    -4.80    -0.39  -305.30     17.80     -5.10    8.94     28855.0
 2024 07 14 21 11 00 000   -1.24    -4.77    -0.41  -304.30     17.00     -9.10    9.16     25266.0
 2024 07 14 21 12 00 000   -1.02    -4.79    -0.70  -304.30     17.00     -9.10    9.16     25227.0
 2024 07 14 21 13 00 000   -0.65    -4.82    -0.92  -305.10     17.70     -6.30   10.02     29844.0
 2024 07 14 21 14 00 000   -0.76    -4.87    -0.65  -305.00     17.00     -7.60    9.84     28651.0
 2024 07 14 21 15 00 000   -0.70    -4.88    -0.71  -304.90     16.30     -9.00    9.66     27448.0
 2024 07 14 21 16 00 000   -0.70    -4.80    -0.71  -305.00     18.10     -8.10    9.65     27500.0
 2024 07 14 21 17 00 000   -0.22    -4.72    -1.23  -304.90     16.80     -9.60    9.94     25590.0
 2024 07 14 21 18 00 000    0.36    -4.57    -1.58  -304.90     16.20    -10.30   10.06     24760.0
 2024 07 14 21 19 00 000   -0.19    -4.72    -1.16  -307.70     17.80     -2.20   11.70     35695.0
 2024 07 14 21 20 00 000    0.04    -4.54    -1.37  -307.60     17.00     -3.60   11.41     33191.0
 2024 07 14 21 21 00 000   -0.15    -4.43    -1.26  -307.40     15.00     -6.90   10.72     27133.0
 2024 07 14 21 22 00 000    0.58    -4.06    -1.72  -312.60     15.90     -1.30   11.37     26782.0
 2024 07 14 21 23 00 000    0.24    -4.11    -1.67  -312.60     15.90     -1.30   11.37     26782.0
 2024 07 14 21 24 00 000   -0.08    -4.27    -1.25  -312.60     15.90     -1.30   11.37     26782.0
 2024 07 14 21 25 00 000   -0.58    -4.32    -0.80  -308.80     16.30     -2.90   10.61     24613.0
 2024 07 14 21 26 00 000   -0.46    -4.48    -0.76  -308.80     16.40     -3.00   10.69     25550.0
 2024 07 14 21 27 00 000   -0.60    -4.45    -0.51  -308.40     16.00     -4.50   10.77     28078.0
 2024 07 14 21 28 00 000   -0.85    -4.44    -0.41  -307.70     14.50     -6.80   10.45     27689.0
 2024 07 14 21 29 00 000   -0.09    -4.43    -0.59  -307.70     14.50     -6.80   10.45     27689.0
 2024 07 14 21 30 00 000   -0.07    -4.42    -0.67  -307.70     14.50     -6.80   10.45     27689.0
 2024 07 14 21 31 00 000   -0.43    -4.49    -0.16  -307.40     17.60     -7.20   10.65     26376.0
 2024 07 14 21 32 00 000   -0.57    -4.55    -0.05  -307.40     17.60     -7.20   10.65     26376.0
 2024 07 14 21 33 00 000   -0.81    -4.51     0.02  -307.40     17.60     -7.20   10.65     26376.0
 2024 07 14 21 34 00 000   -0.21    -4.54     0.18  -307.50     13.30     -4.90   11.33     28805.0
 2024 07 14 21 35 00 000   -0.72    -4.51     0.04  -307.60     13.40     -5.20   11.23     28159.0
 2024 07 14 21 36 00 000   -0.94    -4.48     0.30  -308.30     14.40     -7.00   10.62     23983.0
 2024 07 14 21 37 00 000   -1.11    -4.43     0.25  -308.30     14.40     -7.00   10.61     23910.0
 2024 07 14 21 38 00 000   -1.12    -4.41     0.33  -305.30     15.60     -7.40   10.34     21851.0
 2024 07 14 21 39 00 000   -2.12    -3.37     1.28  -302.50     14.80     -9.60   10.10     20898.0
 2024 07 14 21 40 00 000   -3.30    -1.98     1.76  -301.40     14.40    -10.50   10.00     20505.0
 2024 07 14 21 41 00 000   -4.02    -1.21     1.68  -305.80      5.20     -5.70    9.32     45687.0
 2024 07 14 21 42 00 000   -3.88    -1.27     1.74  -305.80      5.20     -5.70    9.32     45687.0
 2024 07 14 21 43 00 000   -3.52    -1.78     1.90  -303.50      6.50     -8.00   10.54     49514.0
 2024 07 14 21 44 00 000   -3.44    -1.35     2.38  -304.70      8.80     -8.70   10.04     50809.0
 2024 07 14 21 45 00 000   -3.56    -0.91     2.64  -307.10      7.40     -7.60    9.71     49371.0
 2024 07 14 21 46 00 000   -2.60    -3.00     1.64  -310.10      3.60     -5.40    9.57     44542.0
 2024 07 14 21 47 00 000   -2.21    -3.91     0.73  -308.00      9.40     -9.30    9.78     31236.0
 2024 07 14 21 48 00 000   -1.46    -4.33     0.36  -308.20     10.40    -10.10    9.76     30013.0
 2024 07 14 21 49 00 000   -1.54    -4.30     0.42  -310.60     11.10     -8.50    9.65     27681.0
 2024 07 14 21 50 00 000   -1.16    -4.53     0.38  -310.30     11.10     -8.60    9.64     27400.0
 2024 07 14 21 51 00 000   -1.10    -4.47     0.56  -307.70     11.20     -9.50    9.53     24564.0
 2024 07 14 21 52 00 000   -1.42    -4.33     0.71  -307.70     11.20     -9.50    9.53     24564.0
 2024 07 14 21 53 00 000   -1.30    -4.42     1.08  -304.70      9.10     -8.40    9.69     29255.0
 2024 07 14 21 54 00 000   -2.33    -3.91     1.51  -304.70      9.10     -8.40    9.69     29255.0
 2024 07 14 21 55 00 000   -2.48    -3.86     1.02  -308.70      9.80     -6.90    9.40     29669.0
 2024 07 14 21 56 00 000   -2.37    -4.00     1.04  -308.10      9.80     -7.70    9.49     30609.0
 2024 07 14 21 57 00 000   -3.23    -3.69     1.63  -306.90      9.80     -8.90    9.67     32088.0
 2024 07 14 21 58 00 000   -3.12    -3.76     1.70  -309.50      7.10     -7.40    8.44     26516.0
 2024 07 14 21 59 00 000   -2.57    -3.97     1.39  -309.60      7.00     -7.40    8.40     26351.0
 2024 07 14 22 00 00 000   -2.64    -3.97     1.50  -311.50     11.10     -5.30    9.38     28858.0
 2024 07 14 22 01 00 000   -3.14    -3.71     1.69  -311.50     10.20     -5.40    9.27     28584.0
 2024 07 14 22 02 00 000   -3.48    -3.11     1.91  -311.40      6.60     -5.80    8.79     27448.0
 2024 07 14 22 03 00 000   -3.46    -3.21     1.83  -306.90      6.30     -9.20    9.11     28415.0
 2024 07 14 22 04 00 000   -3.64    -3.24     2.14  -306.70      5.70     -9.50    8.94     27807.0
 2024 07 14 22 05 00 000   -3.69    -3.41     1.89  -306.40      2.80    -10.20    8.14     24956.0
 2024 07 14 22 06 00 000   -3.74    -3.38     1.82  -306.40      2.80    -10.20    8.14     24956.0
 2024 07 14 22 07 00 000   -3.67    -3.27     2.08  -306.00      1.90     -8.00    8.54     29202.0
 2024 07 14 22 08 00 000   -3.80    -2.92     2.27  -306.10      1.90     -8.00    8.53     29142.0
 2024 07 14 22 09 00 000   -3.94    -2.79     2.23  -308.60      3.20     -6.30    8.15     27069.0
 2024 07 14 22 10 00 000   -3.91    -2.60     2.44  -307.80      1.90     -7.50    8.40     28953.0
 2024 07 14 22 11 00 000   -3.98    -2.17     2.79  -307.10      0.90     -8.50    8.61     30438.0
 2024 07 14 22 12 00 000   -4.04    -1.91     2.91  -309.20      1.80     -6.50    8.04     28709.0
 2024 07 14 22 13 00 000   -4.00    -1.80     2.97  -309.30      1.80     -6.40    8.02     28647.0
 2024 07 14 22 14 00 000   -3.87    -1.76     3.02  -309.30      1.80     -6.40    8.02     28647.0
 2024 07 14 22 15 00 000   -3.76    -1.89     2.95  -308.20      2.90     -2.50    8.00     28831.0
 2024 07 14 22 16 00 000   -3.80    -2.01     2.56  -308.20      2.90     -2.50    8.00     28831.0
 2024 07 14 22 17 00 000   -4.07    -1.95     2.18  -305.40     -0.10     -4.10    8.55     34500.0
 2024 07 14 22 18 00 000   -4.08    -1.32     2.63  -305.40     -0.10     -4.10    8.55     34500.0
 2024 07 14 22 19 00 000   -3.84    -1.68     2.90  -306.80     -1.00     -5.30    8.33     34653.0
 2024 07 14 22 20 00 000   -3.76    -1.14     3.20  -308.40     -1.90     -6.70    8.10     34819.0
 2024 07 14 22 21 00 000   -3.53    -1.08     3.21  -308.40      0.40     -6.10    8.62     34211.0
 2024 07 14 22 22 00 000   -3.62    -1.15     3.12  -308.30      0.40     -6.10    8.71     33754.0
 2024 07 14 22 23 00 000   -3.63    -0.99     3.07  -307.90     -1.40     -8.30    8.29     31774.0
 2024 07 14 22 24 00 000   -3.52    -0.77     3.31  -312.70    -11.80    -18.30    8.12     33854.0
 2024 07 14 22 25 00 000   -3.36    -0.48     3.67  -308.20     -2.00     -7.80    7.85     28173.0
 2024 07 14 22 26 00 000   -3.36     1.04     3.54  -308.30     -2.00     -7.90    7.76     27873.0
 2024 07 14 22 27 00 000   -3.74     0.96     3.26  -312.60      2.20     -5.80    6.53     23575.0
 2024 07 14 22 28 00 000   -3.53     0.95     3.51  -312.60      2.20     -5.80    6.53     23575.0
 2024 07 14 22 29 00 000   -2.43     1.59     3.62  -312.60      2.20     -5.80    6.53     23575.0
 2024 07 14 22 30 00 000   -3.49     1.09     3.57  -312.60      2.20     -5.80    6.53     23575.0
 2024 07 14 22 31 00 000   -2.50     1.81     3.32  -309.30      4.30     -2.50    7.16     29924.0
 2024 07 14 22 32 00 000   -1.76     2.16     3.00  -309.30      4.30     -2.50    7.16     29924.0
 2024 07 14 22 33 00 000   -2.91     1.67     3.46  -309.30      4.30     -2.50    7.16     29924.0
 2024 07 14 22 34 00 000   -2.09     2.12     3.26  -308.60     -1.10     -8.90    8.25     28471.0
 2024 07 14 22 35 00 000   -2.56     1.71     3.16  -303.70     -1.00     -9.90    9.12     29594.0
 2024 07 14 22 36 00 000   -1.70     1.81     3.38  -301.60     -0.90     -9.60    9.41     27925.0
 2024 07 14 22 37 00 000   -1.17     2.10     3.30  -298.40     -1.50     -9.40    9.09     20908.0
 2024 07 14 22 38 00 000   -2.17     1.59     3.32  -301.70     -3.10    -10.80    9.10     22304.0
 2024 07 14 22 39 00 000   -2.10     1.79     3.44  -307.00     -4.10     -8.60    8.77     27343.0
 2024 07 14 22 40 00 000   -1.64     1.82     3.50  -304.70     -4.50     -8.90    9.00     25954.0
 2024 07 14 22 41 00 000   -1.48     2.16     3.32  -301.60     -4.10     -9.70    9.55     25088.0
 2024 07 14 22 42 00 000   -1.16     2.28     3.37  -296.50     -0.90     -7.60    9.99     22466.0
 2024 07 14 22 43 00 000   -1.49     2.20     3.25  -297.30     -0.80     -6.70    9.94     22367.0
 2024 07 14 22 44 00 000   -1.34     2.34     3.20  -298.60     -0.30     -7.00   10.19     26566.0
 2024 07 14 22 45 00 000   -1.47     2.23     3.26  -298.50     -2.00     -6.90   10.21     24434.0
 2024 07 14 22 46 00 000   -1.49     2.17     3.25  -298.10     -1.80     -6.00   10.19     22326.0
 2024 07 14 22 47 00 000   -1.68     2.41     3.05  -298.10     -1.50     -5.80   10.20     22326.0
 2024 07 14 22 48 00 000   -1.80     2.42     2.89  -298.70     -4.40     -3.90   10.23     26860.0
 2024 07 14 22 49 00 000   -1.27     2.14     3.26  -299.10     -5.10     -3.70   10.25     27871.0
 2024 07 14 22 50 00 000   -0.94     2.04     3.53  -300.80     -5.00     -5.30   10.29     27061.0
 2024 07 14 22 51 00 000   -0.82     2.10     3.65  -300.90     -6.50     -5.60    9.03     22856.0
 2024 07 14 22 52 00 000   -1.24     2.13     3.59  -301.40     -7.00     -5.70    9.25     23556.0
 2024 07 14 22 53 00 000   -1.28     2.23     3.58  -302.70     -7.90     -5.90    9.69     25140.0
 2024 07 14 22 54 00 000   -1.08     2.53     3.62  -304.90     -6.90     -7.50    8.81     24986.0
 2024 07 14 22 55 00 000   -2.37     3.24     2.18  -305.00     -6.90     -7.60    8.78     24981.0
 2024 07 14 22 56 00 000   -2.53     3.22     2.01  -307.70     -3.30     -7.80    8.94     26604.0
 2024 07 14 22 57 00 000   -1.69     2.48     3.40  -308.50     -3.60     -7.20    8.95     26302.0
 2024 07 14 22 58 00 000   -1.67     2.43     3.43  -309.60     -4.10     -6.40    8.97     25893.0
 2024 07 14 22 59 00 000   -1.60     2.56     3.48  -309.10     -4.50     -4.90    8.61     25799.0
 2024 07 14 23 00 00 000   -1.82     2.45     3.43  -309.10     -4.50     -4.90    8.61     25799.0
 2024 07 14 23 01 00 000   -1.90     2.96     3.03  -309.10     -4.50     -4.90    8.61     25799.0
 2024 07 14 23 02 00 000   -1.85     3.01     3.00  -310.10     -2.50     -4.00    8.71     26604.0
 2024 07 14 23 03 00 000   -1.87     3.01     3.11  -310.10     -2.50     -4.00    8.71     26604.0
 2024 07 14 23 04 00 000   -1.94     2.95     3.05  -310.10     -2.50     -4.00    8.71     26604.0
 2024 07 14 23 05 00 000   -2.08     2.75     3.09  -311.90     -3.30     -3.60    8.68     27320.0
 2024 07 14 23 06 00 000   -2.07     2.69     3.06  -311.90     -3.30     -3.60    8.68     27320.0
 2024 07 14 23 07 00 000   -2.06     2.74     3.14  -311.90     -3.30     -3.60    8.68     27320.0
 2024 07 14 23 08 00 000   -2.20     2.62     3.13  -311.90     -3.30     -3.60    8.68     27320.0
 2024 07 14 23 09 00 000   -2.24     2.36     3.09  -312.60     -5.80     -5.90    8.77     25649.0
 2024 07 14 23 10 00 000   -2.32     2.39     3.02  -312.60     -5.80     -5.90    8.77     25649.0
 2024 07 14 23 11 00 000   -2.17     2.20     3.03  -312.60     -5.80     -5.90    8.77     25649.0
 2024 07 14 23 12 00 000   -2.26     2.32     2.82  -312.60     -5.80     -5.90    8.77     25649.0
 2024 07 14 23 13 00 000   -2.34     2.16     2.94  -312.40     -2.90     -9.20    9.32     28673.0
 2024 07 14 23 14 00 000   -2.24     2.33     2.93  -312.40     -2.90     -9.20    9.32     28673.0
 2024 07 14 23 15 00 000   -2.10     2.36     3.11  -312.00     -1.20     -5.00   10.11     34558.0
 2024 07 14 23 16 00 000   -2.09     2.27     3.11  -311.90     -1.10     -5.60    9.95     33751.0
 2024 07 14 23 17 00 000   -2.35     2.36     3.12  -311.50     -0.60    -10.30    8.80     27709.0
 2024 07 14 23 18 00 000   -2.54     1.71     3.65  -313.00     -9.80     -8.60    7.59     24281.0
 2024 07 14 23 19 00 000   -2.37     2.36     3.61  -313.20    -10.70     -8.40    7.47     23959.0
 2024 07 14 23 20 00 000   -1.89     3.49     2.88  -307.10      6.20    -13.70    8.87     29096.0
 2024 07 14 23 21 00 000   -1.92     3.73     2.65  -307.70      4.60    -13.80    8.86     28395.0
 2024 07 14 23 22 00 000   -1.81     3.69     2.59  -309.70     -1.00    -14.10    8.84     25992.0
 2024 07 14 23 23 00 000   -1.62     3.96     2.26  -310.00     -2.80    -11.70    7.69     18296.0
 2024 07 14 23 24 00 000   -1.25     4.26     1.82  -310.00     -2.80    -11.70    7.69     18296.0
 2024 07 14 23 25 00 000   -1.31     4.18     1.87  -308.60     -3.00    -12.00    8.81     25450.0
 2024 07 14 23 26 00 000   -2.07     3.89     2.85  -308.60     -3.00    -12.00    8.81     25450.0
 2024 07 14 23 27 00 000   -2.03     4.02     2.99  -312.30      3.30     -3.60    7.28     35695.0
 2024 07 14 23 28 00 000   -2.09     3.88     3.18  -312.30      3.70     -4.60    6.92     31935.0
 2024 07 14 23 29 00 000   -2.15     4.07     2.84  -313.10      4.30     -5.30    6.38     27047.0
 2024 07 14 23 30 00 000   -2.10     4.22     2.65  -313.80      4.30     -4.70    6.27     26777.0
 2024 07 14 23 31 00 000   -2.29     4.00     2.92  -314.10      6.10     -5.10    6.21     26554.0
 2024 07 14 23 32 00 000   -2.14     4.32     2.55  -314.00      6.40     -4.70    6.32     27016.0
 2024 07 14 23 33 00 000   -2.15     4.20     2.68  -314.00      6.70     -4.40    6.43     27422.0
 2024 07 14 23 34 00 000   -2.07     4.52     2.56  -312.30      5.10     -4.60    6.08     26770.0
 2024 07 14 23 35 00 000   -1.84     4.79     2.20  -312.20      4.80     -4.90    6.08     26512.0
 2024 07 14 23 36 00 000   -1.87     4.83     2.12  -311.00      2.70     -7.00    6.19     24491.0
 2024 07 14 23 37 00 000   -1.84     4.85     1.72  -310.50      1.90     -9.60    6.26     23322.0
 2024 07 14 23 38 00 000   -1.77     4.86     1.66  -310.60     -0.10     -9.00    6.70     25252.0
 2024 07 14 23 39 00 000   -1.78     4.29     1.76  -311.50      2.20     -8.20    7.14     26038.0
 2024 07 14 23 40 00 000   -1.74     4.18     1.82  -313.20      7.50     -7.40    7.64     26150.0
 2024 07 14 23 41 00 000   -1.74     3.98     2.03  -314.80      8.40     -6.20    7.53     27210.0
 2024 07 14 23 42 00 000   -1.59     3.72     2.06  -314.80      8.40     -6.20    7.53     27217.0
 2024 07 14 23 43 00 000   -1.66     3.77     1.95  -311.70      6.10     -4.80    8.12     27012.0
 2024 07 14 23 44 00 000   -1.20     3.44     2.63  -311.70      6.10     -4.80    8.12     27012.0
 2024 07 14 23 45 00 000   -1.10     3.38     2.60  -311.00      4.00     -6.90    8.58     29754.0
 2024 07 14 23 46 00 000   -1.16     3.46     2.40  -310.90      3.80     -7.10    8.63     30059.0
 2024 07 14 23 47 00 000   -1.15     3.54     2.29  -310.90      3.80     -7.10    8.63     30059.0
 2024 07 14 23 48 00 000   -1.25     3.40     2.28  -310.90      3.80     -7.10    8.63     30059.0
 2024 07 14 23 49 00 000   -1.24     3.36     2.31  -310.00      4.50     -6.00    9.06     31478.0
 2024 07 14 23 50 00 000   -1.21     3.38     2.34  -310.00      4.50     -6.00    9.06     31478.0
 2024 07 14 23 51 00 000   -1.24     3.35     2.33  -310.00      4.50     -6.00    9.06     31478.0
 2024 07 14 23 52 00 000   -1.22     3.42     2.34  -310.00      4.50     -6.00    9.06     31478.0
 2024 07 14 23 53 00 000   -1.07     3.48     2.35  -310.00      4.50     -6.00    9.06     31478.0
 2024 07 14 23 54 00 000   -0.97     3.69     2.46  -310.20      4.00     -6.60    8.87     32311.0
 2024 07 14 23 55 00 000   -0.97     3.62     2.40  -310.20      4.00     -6.60    8.87     32311.0
 2024 07 14 23 56 00 000   -1.59     3.56     2.70  -310.20      4.00     -6.60    8.87     32311.0
 2024 07 14 23 57 00 000   -1.92     3.52     2.83  -310.20      4.00     -6.60    8.87     32311.0
 2024 07 14 23 58 00 000   -1.83     3.58     2.80  -314.90      6.90     -3.70    7.23     25674.0
 2024 07 14 23 59 00 000   -1.83     3.54     2.84  -314.90      6.90     -3.70    7.23     25674.0
 2024 07 15 00 00 00 000   -1.97     3.40     2.86  -314.90      6.90     -3.70    7.23     25674.0
 2024 07 15 00 01 00 000   -2.03     3.40     2.81  -314.90      6.90     -3.70    7.23     25674.0
 2024 07 15 00 02 00 000   -1.86     3.49     2.73  -314.90      6.90     -3.70    7.23     25674.0
 2024 07 15 00 03 00 000   -1.76     3.53     2.64  -318.90      3.70      1.00    8.42     33440.0
 2024 07 15 00 04 00 000   -1.95     3.54     2.53  -318.90      3.70      1.00    8.42     33440.0
 2024 07 15 00 05 00 000   -1.78     3.34     2.86  -309.00      7.80     -3.20    8.35     32367.0
 2024 07 15 00 06 00 000   -1.85     3.28     2.88  -309.00      7.80     -3.20    8.35     32367.0
 2024 07 15 00 07 00 000   -3.11     2.33     2.34  -311.80      7.10     -4.70    8.37     30092.0
 2024 07 15 00 08 00 000   -3.39     2.10     2.21  -314.00      7.00     -4.30    7.98     31540.0
 2024 07 15 00 09 00 000   -3.42     2.36     2.10  -311.50      3.90     -5.00    8.07     30293.0
 2024 07 15 00 10 00 000   -3.85     2.38     1.35  -312.00      3.40     -6.20    7.86     32460.0
 2024 07 15 00 11 00 000   -3.53     2.71     1.46  -312.40      2.30     -6.90    8.07     33877.0
 2024 07 15 00 12 00 000   -3.28     2.62     1.82  -310.50      2.10     -7.80    7.77     29790.0
 2024 07 15 00 13 00 000   -3.32     2.73     2.09  -310.60      2.40     -6.10    7.93     31977.0
 2024 07 15 00 14 00 000   -3.06     2.84     2.04  -310.60      2.60     -5.10    8.03     33326.0
 2024 07 15 00 15 00 000   -1.84     2.76     2.71  -310.60      2.60     -5.10    8.03     33326.0
 2024 07 15 00 16 00 000   -2.09     2.74     2.43  -308.00     -0.40     -4.70    8.61     29602.0
 2024 07 15 00 17 00 000   -1.79     2.57     2.59  -308.00     -0.40     -4.70    8.61     29607.0
 2024 07 15 00 18 00 000   -2.08     3.00     2.33  -308.50      0.70     -4.50    8.71     29836.0
 2024 07 15 00 19 00 000   -2.08     3.10     2.36  -308.70      1.10     -5.60    8.85     30129.0
 2024 07 15 00 20 00 000   -1.86     3.36     2.23  -309.10      2.50     -6.50    8.67     29242.0
 2024 07 15 00 21 00 000   -1.98     4.03     2.15  -312.50      7.30     -0.50    7.62     29149.0
 2024 07 15 00 22 00 000   -1.46     4.80     2.22  -310.90      4.10     -4.30    6.61     26660.0
 2024 07 15 00 23 00 000   -1.80     4.69     2.13  -310.50      3.20     -5.30    6.33     25999.0
 2024 07 15 00 24 00 000   -2.54     4.04     1.99  -307.60      4.20     -9.10    6.70     24297.0
 2024 07 15 00 25 00 000   -2.56     4.00     1.80  -308.10      3.20     -8.10    6.85     25467.0
 2024 07 15 00 26 00 000   -2.47     4.10     1.62  -309.80     -0.60     -4.20    7.46     29897.0
 2024 07 15 00 27 00 000   -2.39     4.22     1.67  -309.60      0.70     -4.70    7.32     26257.0
 2024 07 15 00 28 00 000   -1.97     4.63     2.13  -309.70      1.60     -5.00    7.13     24688.0
 2024 07 15 00 29 00 000   -1.83     4.68     2.56  -312.20      5.30     -6.60    5.78     22236.0
 2024 07 15 00 30 00 000   -1.96     4.74     2.46  -312.30      5.40     -6.60    5.74     22164.0
 2024 07 15 00 31 00 000   -2.04     4.80     2.35  -312.30      5.40     -6.60    5.74     22164.0
 2024 07 15 00 32 00 000   -1.76     4.78     2.57  -309.40      5.80     -0.80    5.13     23886.0
 2024 07 15 00 33 00 000   -1.64     4.53     2.28  -309.50      4.70     -1.30    5.86     24932.0
 2024 07 15 00 34 00 000   -2.26     4.48     1.37  -309.60      2.90     -2.20    7.06     26630.0
 2024 07 15 00 35 00 000   -2.27     4.36     1.79  -310.70      5.30      0.40    6.70     26175.0
 2024 07 15 00 36 00 000   -2.19     4.42     1.99  -310.80      5.20      0.00    6.67     26379.0
 2024 07 15 00 37 00 000   -2.24     4.23     2.12  -311.30      4.80     -2.00    6.51     27526.0
 2024 07 15 00 38 00 000   -2.39     4.13     2.05  -311.30      4.80     -2.00    6.51     27526.0
 2024 07 15 00 39 00 000   -2.35     4.06     2.05  -309.60      4.20     -4.40    6.92     26986.0
 2024 07 15 00 40 00 000   -2.53     3.98     2.03  -309.60      4.20     -4.40    6.92     26986.0
 2024 07 15 00 41 00 000   -2.34     4.14     2.14  -308.70      4.60     -7.40    7.00     27786.0
 2024 07 15 00 42 00 000   -2.35     4.14     2.12  -308.40      4.80     -8.60    7.03     28096.0
 2024 07 15 00 43 00 000   -2.44     4.20     1.82  -310.00      4.10     -2.90    6.93     26961.0
 2024 07 15 00 44 00 000   -2.45     4.19     1.95  -310.00      4.10     -2.90    6.93     26961.0
 2024 07 15 00 45 00 000   -2.16     4.11     2.38  -309.80      6.00     -4.30    6.98     27387.0
 2024 07 15 00 46 00 000   -2.37     4.25     1.69  -309.60      6.10     -4.70    6.99     27166.0
 2024 07 15 00 47 00 000   -2.19     4.33     2.13  -308.70      3.50     -5.50    6.96     24809.0
 2024 07 15 00 48 00 000   -2.26     4.38     2.14  -309.90      7.30     -5.40    6.37     26314.0
 2024 07 15 00 49 00 000   -1.89     4.30     1.66  -308.60      3.70     -8.00    7.40     27025.0
 2024 07 15 00 50 00 000   -1.13     4.85     0.77  -308.10     -0.50     -9.60    8.18     26805.0
 2024 07 15 00 51 00 000   -0.76     5.04     0.18  -309.60     -3.00     -8.10    7.86     25128.0
 2024 07 15 00 52 00 000   -0.79     5.03    -0.27  -309.80     -2.00     -6.00    8.13     23960.0
 2024 07 15 00 53 00 000   -0.76     5.00    -0.08  -309.70     -2.10     -6.40    8.10     24387.0
 2024 07 15 00 54 00 000   -0.83     4.87    -0.02  -309.30     -2.60     -8.00    7.99     26150.0
 2024 07 15 00 55 00 000   -1.15     4.79     0.26  -309.90     -2.30     -7.30    8.20     29631.0
 2024 07 15 00 56 00 000   -0.59     4.84    -0.24  -309.00     -2.70    -10.10    8.01     25747.0
 2024 07 15 00 57 00 000    0.05     4.87    -0.37  -308.10     -3.10    -12.90    7.82     21933.0
 2024 07 15 00 58 00 000   -0.22     4.84    -0.25  -308.10     -3.10    -12.90    7.82     21933.0
 2024 07 15 00 59 00 000   -0.92     4.75    -0.59  -307.30     -3.60     -8.30    8.51     26757.0
 2024 07 15 01 00 00 000   -1.12     4.60    -1.22  -307.50     -3.00     -9.20    8.22     26417.0
 2024 07 15 01 01 00 000   -0.80     4.60    -1.13  -307.80     -2.30    -10.10    7.91     26052.0
 2024 07 15 01 02 00 000   -0.48     4.67    -0.57  -308.30     -2.30    -11.10    8.10     26554.0
 2024 07 15 01 03 00 000   -0.39     4.67    -0.26  -308.30     -2.30    -11.10    8.10     26554.0
 2024 07 15 01 04 00 000   -0.31     4.66    -0.40  -308.00     -2.00     -9.90    7.82     22279.0
 2024 07 15 01 05 00 000   -0.29     4.68    -0.48  -308.00     -2.00     -9.90    7.82     22294.0
 2024 07 15 01 06 00 000   -0.26     4.74    -0.49  -307.60     -1.00    -10.60    7.65     25699.0
 2024 07 15 01 07 00 000   -0.09     4.63    -0.56  -307.60     -1.00    -10.60    7.65     25699.0
 2024 07 15 01 08 00 000   -0.32     4.10    -0.44  -310.20     -0.40     -5.00    8.52     32032.0
 2024 07 15 01 09 00 000    0.28     4.08    -1.15  -310.20     -0.40     -5.00    8.52     32032.0
 2024 07 15 01 10 00 000    0.39     3.95    -0.99  -310.20     -0.40     -5.00    8.52     32032.0
 2024 07 15 01 11 00 000    0.57     3.86    -1.39  -310.20     -0.40     -5.00    8.52     32032.0
 2024 07 15 01 12 00 000    0.63     3.80    -1.57  -309.00     -2.70     -7.80    8.57     21338.0
 2024 07 15 01 13 00 000    0.71     3.97    -1.71  -309.00     -2.70     -7.80    8.57     21338.0
 2024 07 15 01 14 00 000    0.62     4.01    -1.72  -309.80     -2.40     -6.70    8.45     20840.0
 2024 07 15 01 15 00 000    0.82     3.99    -1.78  -310.60     -1.80     -6.80    8.30     20856.0
 2024 07 15 01 16 00 000    0.95     3.93    -1.68  -310.50     -1.20    -10.10    8.28     22219.0
 2024 07 15 01 17 00 000    0.82     3.88    -1.76  -309.90     -1.30     -7.80    8.44     22606.0
 2024 07 15 01 18 00 000    0.81     3.76    -2.04  -309.90     -1.30     -7.80    8.44     22606.0
 2024 07 15 01 19 00 000    1.20     3.50    -1.91  -309.80     -1.70     -7.90    8.64     21899.0
 2024 07 15 01 20 00 000    1.11     3.47    -2.03  -309.80     -1.70     -7.90    8.65     21863.0
 2024 07 15 01 21 00 000    1.25     3.43    -2.08  -307.90     -1.00     -7.40    8.66     23194.0
 2024 07 15 01 22 00 000    1.20     3.26    -2.24  -307.90     -1.00     -7.40    8.66     23194.0
 2024 07 15 01 23 00 000    1.18     3.32    -2.22  -307.80     -1.70     -9.00    8.60     22567.0
 2024 07 15 01 24 00 000    1.29     3.30    -2.24  -307.80     -1.70     -9.00    8.60     22559.0
 2024 07 15 01 25 00 000    1.23     3.12    -2.46  -307.40     -1.10     -7.90    8.44     22864.0
 2024 07 15 01 26 00 000    1.10     3.11    -2.49  -307.40     -1.10     -7.90    8.44     22864.0
 2024 07 15 01 27 00 000    1.17     3.42    -2.39  -307.40     -1.10     -7.90    8.44     22864.0
 2024 07 15 01 28 00 000    1.17     3.18    -2.44  -307.40     -1.10     -7.90    8.44     22864.0
 2024 07 15 01 29 00 000    1.22     2.63    -2.86  -307.40     -1.10     -7.90    8.44     22864.0
 2024 07 15 01 30 00 000    1.30     2.23    -2.62  -308.90     -6.10     -7.60    9.09     26706.0
 2024 07 15 01 31 00 000    1.13     1.87    -2.12  -308.90     -6.10     -7.60    9.09     26706.0
 2024 07 15 01 32 00 000    1.05     1.93    -1.70  -308.60     -0.20     -4.60    9.60     31058.0
 2024 07 15 01 33 00 000    1.03     1.92    -1.53  -308.60     -0.20     -4.70    9.59     30990.0
 2024 07 15 01 34 00 000    0.91     2.03    -1.38  -308.40     -0.30     -6.60    9.41     29817.0
 2024 07 15 01 35 00 000    0.86     2.10    -1.23  -308.30     -0.10     -6.10    9.40     29817.0
 2024 07 15 01 36 00 000    0.93     2.07    -1.54  -308.10      0.70     -4.10    9.37     29817.0
 2024 07 15 01 37 00 000    0.71     2.43    -1.20  -308.10      0.70     -4.10    9.37     29817.0
 2024 07 15 01 38 00 000    0.89     2.69    -0.97  -307.10     -1.20     -3.10    9.64     28673.0
 2024 07 15 01 39 00 000    0.84     2.79    -1.07  -307.20     -1.50     -3.20    9.60     28038.0
 2024 07 15 01 40 00 000    1.07     2.43    -1.25  -307.70     -3.00     -3.60    9.41     25301.0
 2024 07 15 01 41 00 000    1.22     1.48    -2.26  -308.00      0.50     -0.60    9.80     26926.0
 2024 07 15 01 42 00 000    1.09     1.45    -2.49  -308.10      1.80      0.60    9.95     27551.0
 2024 07 15 01 43 00 000    1.09     1.16    -2.17  -307.20      3.10      1.20   10.06     27162.0
 2024 07 15 01 44 00 000    1.04     1.16    -1.85  -306.20      4.50      1.70   10.20     26979.0
 2024 07 15 01 45 00 000    0.87     1.88    -0.50  -307.00      3.50     -1.60   10.25     29791.0
 2024 07 15 01 46 00 000   -0.05     1.23     0.48  -300.60      2.20    -15.30   10.11     27018.0
 2024 07 15 01 47 00 000    0.72     0.64    -0.97  -300.10      0.90    -16.30    9.87     26536.0
 2024 07 15 01 48 00 000   -0.25     0.10     0.26  -300.20      0.10    -16.10    9.73     26427.0
 2024 07 15 01 49 00 000   -0.15     0.13     0.45  -300.80      2.40    -19.40   10.15     30534.0
 2024 07 15 01 50 00 000   -0.24     1.32     1.51  -300.50      2.70    -19.40   10.14     30554.0
 2024 07 15 01 51 00 000   -0.79     1.54     1.30  -299.70      3.30    -19.20   10.11     30601.0
 2024 07 15 01 52 00 000   -1.29     0.69     1.57  -304.60     -0.10    -12.00    9.47     21933.0
 2024 07 15 01 53 00 000   -1.52    -0.40     1.12  -304.60     -0.10    -12.00    9.47     21933.0
 2024 07 15 01 54 00 000   -1.84     0.70     0.76  -305.10      1.10    -10.50   10.33     23585.0
 2024 07 15 01 55 00 000   -1.65     1.60     0.57  -306.60      0.00     -9.80   10.63     23237.0
 2024 07 15 01 56 00 000   -1.56     1.62     0.66  -308.00      0.20    -10.80   10.62     22578.0
 2024 07 15 01 57 00 000   -1.40     1.55     0.39  -308.00      0.90    -11.90   10.45     22034.0
 2024 07 15 01 58 00 000   -1.11     1.66     0.64  -306.00      1.10     -9.10   10.39     23675.0
 2024 07 15 01 59 00 000   -0.94     1.73     0.97  -307.10      1.30    -12.30   10.24     23402.0
 2024 07 15 02 00 00 000   -0.26     1.31     1.64  -307.30      1.70    -13.60    9.82     21896.0
 2024 07 15 02 01 00 000   -0.46     1.97     1.05  -307.70      0.30    -14.70    9.87     23130.0
 2024 07 15 02 02 00 000   -0.74     2.05     0.69  -307.60     -0.40    -14.50    9.86     23594.0
 2024 07 15 02 03 00 000   -0.79     1.94     0.57  -305.80     -1.30     -9.00    9.41     22864.0
 2024 07 15 02 04 00 000   -0.80     1.98     0.70  -305.80     -1.30     -9.00    9.41     22864.0
 2024 07 15 02 05 00 000   -0.77     2.07     0.59  -305.80     -1.30     -9.00    9.41     22864.0
 2024 07 15 02 06 00 000   -1.03     1.68    -0.60  -303.30     -0.90    -10.30    9.46     25311.0
 2024 07 15 02 07 00 000   -0.83     1.01    -2.14  -303.80     -4.70     -9.40    9.41     27314.0
 2024 07 15 02 08 00 000   -0.85     0.63    -2.12  -304.20     -7.40     -8.80    9.38     28752.0
 2024 07 15 02 09 00 000   -0.81     0.54    -2.01  -302.40     -7.80     -8.50   10.40     33042.0
 2024 07 15 02 10 00 000   -0.99     0.29    -2.25  -302.40     -7.80     -8.50   10.40     33042.0
 2024 07 15 02 11 00 000   -1.15    -0.20    -2.05  -302.40     -7.80     -8.50   10.40     33042.0
 2024 07 15 02 12 00 000   -0.96    -1.70    -1.50  -302.80     -5.50    -11.10    9.56     28227.0
 2024 07 15 02 13 00 000   -0.64    -0.54    -2.20  -302.90     -6.40    -10.70    9.63     26692.0
 2024 07 15 02 14 00 000   -0.34    -0.89    -2.16  -303.00     -7.30    -10.20    9.70     25030.0
 2024 07 15 02 15 00 000    0.01    -1.24    -2.08  -304.20     -2.20    -10.20   10.03     23862.0
 2024 07 15 02 17 00 000    0.06    -0.58    -2.40  -304.20     -2.20    -10.20   10.03     23862.0
 2024 07 15 02 18 00 000    0.10    -0.39    -2.39  -301.70     -8.40     -7.10   10.13     21933.0
 2024 07 15 02 19 00 000   -0.13    -0.05    -2.27  -301.70     -8.40     -7.10   10.13     21933.0
 2024 07 15 02 20 00 000    0.05    -0.16    -2.30  -300.90     -9.20     -6.70   10.32     21512.0
 2024 07 15 02 21 00 000   -0.30     0.31    -1.25  -301.10     -9.00     -8.30   10.52     21916.0
 2024 07 15 02 22 00 000   -1.15     0.77    -0.64  -301.00     -8.80    -10.30   11.00     20820.0
 2024 07 15 02 23 00 000   -1.12     0.78    -0.71  -300.60     -9.90    -10.50   11.59     18291.0
 2024 07 15 02 24 00 000   -0.64     0.80    -1.09  -301.50    -10.10     -9.80   11.79     18206.0
 2024 07 15 02 25 00 000   -0.55     0.98    -1.02  -301.10    -10.70     -9.70   11.02     18379.0
 2024 07 15 02 26 00 000   -0.55     0.59    -1.31  -301.70    -10.90    -10.00   11.21     17595.0
 2024 07 15 02 27 00 000   -0.70     0.08    -1.46  -301.30     -9.90    -12.60   10.11     22575.0
 2024 07 15 02 28 00 000   -1.00     0.57    -1.14  -301.10     -9.70    -10.40   10.95     21184.0
 2024 07 15 02 29 00 000   -1.02     0.78    -1.13  -301.00     -9.50     -9.00   11.53     20187.0
 2024 07 15 02 30 00 000   -1.01     0.43    -0.97  -299.60     -8.70     -7.60   11.93     18740.0
 2024 07 15 02 31 00 000   -1.09     0.47    -0.64  -299.60     -9.00     -7.80   11.98     18770.0
 2024 07 15 02 32 00 000   -1.32     0.62     0.03  -299.50     -9.60     -8.40   12.11     18847.0
 2024 07 15 02 33 00 000   -1.13     0.93    -0.46  -301.00     -8.00    -10.40   11.87     18980.0
 2024 07 15 02 34 00 000   -1.27     0.93     0.10  -302.90     -6.90    -11.10   12.18     19960.0
 2024 07 15 02 35 00 000   -1.28     0.59     0.29  -303.50     -6.60    -11.20   12.22     19977.0
 2024 07 15 02 37 00 000   -1.75     0.79     1.33  -303.50     -6.60    -11.20   12.22     19977.0
 2024 07 15 02 38 00 000   -1.79     0.78     1.41  -303.50     -6.60    -11.20   12.22     19977.0
 2024 07 15 02 39 00 000   -1.84     0.87     1.26  -303.50     -6.60    -11.20   12.22     19977.0
 2024 07 15 02 40 00 000   -1.85     0.93     1.19  -303.50     -6.60    -11.20   12.22     19977.0
 2024 07 15 02 41 00 000   -1.91     0.86     1.22  -303.50     -6.60    -11.20   12.22     19977.0
 2024 07 15 02 42 00 000   -1.81     0.74     1.09  -303.80     -4.90    -13.20   11.58     16471.0
 2024 07 15 02 43 00 000   -1.77     0.67     0.99  -303.80     -4.90    -13.20   11.58     16471.0
 2024 07 15 02 44 00 000   -1.85     0.83     1.03  -303.80     -4.90    -13.20   11.58     16471.0
 2024 07 15 02 45 00 000   -1.85     0.75     1.17  -304.00     -4.20    -12.70   11.40     15838.0
 2024 07 15 02 46 00 000   -1.89     0.71     1.30  -304.00     -4.20    -12.70   11.40     15838.0
 2024 07 15 02 47 00 000   -1.85     0.69     1.33  -304.00     -4.20    -12.70   11.40     15838.0
 2024 07 15 02 49 00 000   -1.89     0.79     1.13  -304.00     -4.20    -12.70   11.40     15838.0
 2024 07 15 02 52 00 000   -1.90     0.78     1.16  -304.00     -4.20    -12.70   11.40     15838.0
 2024 07 15 02 53 00 000   -1.89     0.76     1.16  -304.30     -5.30     -9.60   11.66     17320.0
 2024 07 15 02 54 00 000   -1.88     0.68     1.16  -304.30     -5.30     -9.60   11.66     17320.0
 2024 07 15 02 55 00 000   -1.92     0.69     1.22  -304.30     -5.30     -9.60   11.66     17320.0
 2024 07 15 02 56 00 000   -1.99     0.69     1.28  -304.30     -5.30     -9.60   11.66     17320.0
 2024 07 15 02 57 00 000   -2.04     0.71     1.34  -303.70     -5.40    -10.40   11.59     18783.0
 2024 07 15 02 58 00 000   -2.05     0.60     1.44  -303.70     -5.40    -10.40   11.59     18783.0
 2024 07 15 02 59 00 000   -2.03     0.57     1.47  -303.70     -5.40    -10.40   11.59     18783.0
 2024 07 15 03 00 00 000   -2.06     0.51     1.50  -303.10     -6.10    -10.20   11.28     15956.0
 2024 07 15 03 01 00 000   -2.10     0.56     1.47  -303.10     -6.10    -10.20   11.28     15956.0
 2024 07 15 03 02 00 000   -2.17     0.63     1.40  -303.50     -5.00     -9.90   11.19     15488.0
 2024 07 15 03 03 00 000   -2.10     0.54     1.46  -303.50     -5.00     -9.90   11.19     15488.0
 2024 07 15 03 04 00 000   -2.09     0.59     1.47  -303.00     -6.50     -9.50   11.27     15838.0
 2024 07 15 03 05 00 000   -2.09     0.46     1.41  -303.00     -6.50     -9.50   11.27     15838.0
 2024 07 15 03 06 00 000   -2.11     0.56     1.14  -304.90     -7.30     -7.80   11.65     16994.0
 2024 07 15 03 07 00 000   -2.25     0.45     1.02  -304.90     -6.90     -8.20   11.69     16719.0
 2024 07 15 03 08 00 000   -2.29     0.47     0.98  -304.90     -6.40     -8.90   11.75     16312.0
 2024 07 15 03 09 00 000   -2.30     0.51     1.10  -304.50     -7.00     -9.50   11.70     15996.0
 2024 07 15 03 10 00 000   -2.30     0.61     1.12  -304.50     -7.00     -9.50   11.70     15995.0
 2024 07 15 03 11 00 000   -1.95     0.78     0.97  -303.60     -6.10     -9.60   11.02     13776.0
 2024 07 15 03 12 00 000   -1.72     1.00     0.89  -303.60     -6.10     -9.60   11.02     13776.0
 2024 07 15 03 13 00 000   -1.86     0.76     0.74  -303.60     -6.10     -9.60   11.02     13776.0
 2024 07 15 03 14 00 000   -1.71     0.70     0.94  -299.70     -6.30    -12.30   12.68     20150.0
 2024 07 15 03 15 00 000   -1.71     0.66     0.99  -299.70     -6.30    -12.30   12.68     20150.0
 2024 07 15 03 16 00 000   -1.72     0.81     0.89  -299.80     -6.40    -12.20   12.60     19696.0
 2024 07 15 03 17 00 000   -1.82     1.14     0.72  -300.90     -7.40    -11.60   11.91     15741.0
 2024 07 15 03 18 00 000   -2.28     0.85     1.06  -302.90     -6.70    -10.90   11.52     15601.0
 2024 07 15 03 19 00 000   -2.30     0.80     1.01  -303.90     -6.40    -10.60   11.32     15527.0
 2024 07 15 03 20 00 000   -2.29     0.74     0.92  -303.90     -6.40    -10.60   11.32     15527.0
 2024 07 15 03 21 00 000   -2.38     0.84     1.00  -302.70     -4.40     -9.90   11.44     15469.0
 2024 07 15 03 22 00 000   -2.41     0.86     1.01  -302.70     -4.40     -9.90   11.44     15489.0
 2024 07 15 03 23 00 000   -2.39     0.87     1.09  -302.90     -4.80     -9.90   11.43     16055.0
 2024 07 15 03 24 00 000   -2.37     0.83     1.15  -302.90     -4.90    -10.00   11.40     15905.0
 2024 07 15 03 25 00 000   -2.42     0.82     1.08  -302.80     -5.10    -10.10   11.33     15585.0
 2024 07 15 03 26 00 000   -2.43     0.76     1.04  -302.80     -5.10     -9.90   11.38     15653.0
 2024 07 15 03 27 00 000   -2.45     0.68     0.86  -302.90     -5.20     -9.60   11.50     15790.0
 2024 07 15 03 28 00 000   -2.22     0.43     1.08  -302.30     -6.00    -12.10   11.31     15254.0
 2024 07 15 03 29 00 000   -2.24     0.57     1.03  -302.20     -6.10    -12.50   11.28     15161.0
 2024 07 15 03 30 00 000   -2.55     0.75     1.12  -302.40     -6.00     -9.60   11.35     13795.0
 2024 07 15 03 31 00 000   -2.41     0.69     1.17  -302.40     -6.00     -9.60   11.35     13795.0
 2024 07 15 03 32 00 000   -2.49     0.73     1.13  -302.60     -6.20    -10.00   12.01     17169.0
 2024 07 15 03 33 00 000   -2.52     0.73     1.16  -302.70     -6.20    -10.10   12.17     17961.0
 2024 07 15 03 34 00 000   -2.45     0.71     1.10  -303.50     -6.20     -8.80   11.71     14894.0
 2024 07 15 03 35 00 000   -2.44     0.72     1.05  -303.50     -6.20     -8.80   11.71     14894.0
 2024 07 15 03 36 00 000   -2.44     0.74     1.13  -303.60     -6.10     -9.70   11.70     14703.0
 2024 07 15 03 37 00 000   -2.50     0.70     1.05  -303.60     -6.10     -9.90   11.70     14667.0
 2024 07 15 03 38 00 000   -2.43     0.79     1.17  -302.90     -5.60     -8.80   11.75     14932.0
 2024 07 15 03 39 00 000   -2.45     0.79     1.22  -303.00     -5.60     -8.90   11.73     14909.0
 2024 07 15 03 40 00 000   -2.49     0.85     1.16  -303.50     -5.90    -10.20   11.55     14650.0
 2024 07 15 03 41 00 000   -2.50     0.89     1.13  -303.30     -6.20    -10.90   11.47     14080.0
 2024 07 15 03 42 00 000   -2.45     0.90     1.09  -303.20     -6.20    -11.00   11.46     13978.0
 2024 07 15 03 43 00 000   -2.40     0.90     1.15  -303.50     -5.30     -9.10   11.76     14423.0
 2024 07 15 03 44 00 000   -2.46     0.93     1.19  -303.50     -5.30     -9.10   11.76     14423.0
 2024 07 15 03 45 00 000   -2.39     0.93     1.20  -303.70     -5.90     -9.60   11.70     14423.0
 2024 07 15 03 46 00 000   -2.41     1.01     1.11  -303.80     -6.10     -9.70   11.70     14504.0
 2024 07 15 03 47 00 000   -2.40     1.08     1.11  -304.10     -6.90     -9.90   11.83     15046.0
 2024 07 15 03 48 00 000   -2.41     1.04     1.25  -303.40     -7.10    -10.00   12.07     17735.0
 2024 07 15 03 49 00 000   -2.42     1.39     1.06  -303.30     -7.10    -10.00   12.11     18170.0
 2024 07 15 03 50 00 000   -2.42     1.27     1.13  -303.60     -6.90     -9.80   11.41     13703.0
 2024 07 15 03 51 00 000   -2.62     1.05     1.01  -303.60     -6.90     -9.80   11.41     13703.0
 2024 07 15 03 52 00 000   -2.63     1.10     0.90  -302.30     -6.40    -10.00   11.46     14015.0
 2024 07 15 03 53 00 000   -2.54     1.25     0.86  -302.20     -6.20    -10.30   11.52     13917.0
 2024 07 15 03 54 00 000   -2.39     1.33     0.91  -302.20     -6.10    -10.50   11.58     13831.0
 2024 07 15 03 55 00 000   -2.48     1.15     0.93  -301.60     -6.90    -10.70   11.82     14479.0
 2024 07 15 03 56 00 000   -2.28     1.18     0.82  -301.50     -6.90    -10.70   11.87     14624.0
 2024 07 15 03 57 00 000   -2.44     1.27     0.91  -300.80     -6.90    -11.20   12.49     16312.0
 2024 07 15 03 58 00 000   -2.51     1.25     0.91  -300.80     -6.90    -11.20   12.49     16312.0
 2024 07 15 03 59 00 000   -2.17     1.26     0.87  -300.80     -6.90    -11.20   12.49     16312.0
 2024 07 15 04 00 00 000   -2.55     1.00     1.02  -301.70     -7.40     -8.30   11.79     14918.0
 2024 07 15 04 01 00 000   -2.51     1.02     0.98  -301.80     -7.20     -8.50   11.70     14552.0
 2024 07 15 04 02 00 000   -2.47     1.06     0.97  -300.90     -7.00     -9.40   11.82     13795.0
 2024 07 15 04 03 00 000   -2.41     1.08     0.94  -300.90     -7.00     -9.40   11.82     13795.0
 2024 07 15 04 04 00 000   -2.52     1.24     0.99  -301.40     -6.90     -8.60   12.00     16944.0
 2024 07 15 04 05 00 000   -2.44     1.28     0.84  -301.30     -7.10     -9.10   11.83     15658.0
 2024 07 15 04 06 00 000   -2.45     1.28     0.85  -300.60     -7.30    -10.30   11.66     13777.0
 2024 07 15 04 07 00 000   -2.34     1.30     0.91  -300.60     -7.30    -10.40   11.66     13758.0
 2024 07 15 04 08 00 000   -2.02     1.59     0.75  -298.40     -8.90    -11.50   11.49     13612.0
 2024 07 15 04 09 00 000   -1.92     1.71     0.67  -298.20     -8.50    -11.40   11.73     14068.0
 2024 07 15 04 10 00 000   -1.95     1.78     0.60  -298.60     -8.10    -10.90   11.93     14172.0
 2024 07 15 04 11 00 000   -1.87     1.85     0.45  -297.50     -8.50    -12.00   11.99     14440.0
 2024 07 15 04 12 00 000   -1.86     1.91     0.42  -297.80     -8.70    -11.80   11.86     14442.0
 2024 07 15 04 13 00 000   -1.98     1.49     0.70  -297.80     -8.70    -11.80   11.86     14442.0
 2024 07 15 04 14 00 000   -1.81     1.67     0.61  -298.20     -9.20    -11.50   12.04     14799.0
 2024 07 15 04 15 00 000   -1.90     1.71     0.50  -298.20     -9.20    -11.50   12.04     14799.0
 2024 07 15 04 16 00 000   -1.98     1.56     0.44  -297.70     -8.70    -12.50   12.67     18165.0
 2024 07 15 04 17 00 000   -2.00     1.52     0.44  -297.70     -8.70    -12.50   12.67     18170.0
 2024 07 15 04 18 00 000   -2.04     1.53     0.41  -298.10     -8.70    -12.70   11.98     14591.0
 2024 07 15 04 19 00 000   -1.99     1.61     0.37  -298.10     -8.70    -12.70   11.98     14591.0
 2024 07 15 04 20 00 000   -1.94     1.69     0.35  -298.10     -8.70    -12.70   11.98     14591.0
 2024 07 15 04 21 00 000   -1.98     1.65     0.31  -298.10     -8.70    -12.70   11.98     14591.0
 2024 07 15 04 22 00 000   -1.86     1.77     0.44  -297.40     -8.00    -12.30   12.04     14648.0
 2024 07 15 04 23 00 000   -1.87     1.79     0.40  -297.40     -8.00    -12.30   12.04     14648.0
 2024 07 15 04 24 00 000   -1.85     1.76     0.48  -297.40     -8.00    -12.30   12.04     14648.0
 2024 07 15 04 25 00 000   -1.82     1.71     0.47  -297.40     -8.00    -12.30   12.04     14648.0
 2024 07 15 04 26 00 000   -1.91     1.69     0.48  -297.10     -8.10    -12.30   11.79     14052.0
 2024 07 15 04 27 00 000   -1.91     1.65     0.58  -297.10     -8.10    -12.30   11.79     14052.0
 2024 07 15 04 28 00 000   -1.53     1.87     0.40  -296.00     -7.70    -12.60   11.67     13886.0
 2024 07 15 04 29 00 000   -1.54     1.83     0.40  -296.50     -7.70    -12.20   11.80     14153.0
 2024 07 15 04 30 00 000   -1.64     1.85     0.32  -297.30     -7.80    -11.40   12.02     14629.0
 2024 07 15 04 31 00 000   -1.44     1.93     0.32  -295.30     -9.50    -12.70   11.98     17753.0
 2024 07 15 04 32 00 000   -1.28     2.04     0.36  -295.90     -9.30    -12.40   11.88     16009.0
 2024 07 15 04 33 00 000   -1.26     2.03     0.26  -296.40     -9.30    -12.00   11.79     14894.0
 2024 07 15 04 34 00 000   -1.37     2.03     0.36  -296.60     -9.30    -11.70   11.64     14404.0
 2024 07 15 04 35 00 000   -1.32     2.07     0.35  -295.60     -9.00    -11.10   11.52     14591.0
 2024 07 15 04 36 00 000   -1.28     2.05     0.28  -295.60     -9.00    -11.10   11.52     14591.0
 2024 07 15 04 37 00 000   -1.15     2.11     0.20  -295.60     -9.00    -11.10   11.52     14591.0
 2024 07 15 04 38 00 000   -1.16     2.11     0.20  -295.60     -8.00    -11.70   11.41     14404.0
 2024 07 15 04 39 00 000   -1.11     2.09     0.28  -295.60     -8.00    -11.70   11.41     14404.0
 2024 07 15 04 40 00 000   -1.21     1.97     0.33  -295.60     -8.00    -11.70   11.41     14404.0
 2024 07 15 04 41 00 000   -1.08     1.94     0.18  -296.10     -7.50    -11.30   11.46     14800.0
 2024 07 15 04 42 00 000   -0.53     1.42    -0.06  -296.40     -7.50    -10.80   11.47     15528.0
 2024 07 15 04 43 00 000    2.24    -0.20    -1.15  -294.90     -8.80    -13.00    8.62     21559.0
 2024 07 15 04 44 00 000    2.21     0.27    -0.75  -295.50     -8.30    -12.70    9.25     21080.0
 2024 07 15 04 45 00 000    3.53     0.14    -0.97  -286.60    -10.30    -23.90   11.02     32171.0
 2024 07 15 04 46 00 000    3.66     0.05    -1.08  -285.50    -10.60    -25.20   11.11     33440.0
 2024 07 15 04 47 00 000    3.55     0.04    -1.07  -285.50    -10.60    -25.20   11.11     33440.0
 2024 07 15 04 48 00 000    3.54     0.10    -1.06  -285.50    -10.60    -25.20   11.11     33440.0
 2024 07 15 04 49 00 000    3.44     0.26    -0.94  -294.80     -7.10     -5.20    6.68     18065.0
 2024 07 15 04 50 00 000    2.83     0.90    -0.23  -294.80     -7.10     -5.20    6.68     18065.0
 2024 07 15 04 51 00 000    2.91     1.01    -0.21  -283.70     -3.50    -19.50   10.48     29442.0
 2024 07 15 04 52 00 000    3.38     0.16    -1.56  -283.70     -3.50    -19.50   10.48     29442.0
 2024 07 15 04 53 00 000    3.36    -0.53    -2.59  -283.70     -3.50    -19.50   10.48     29442.0
 2024 07 15 04 54 00 000    3.52    -0.49    -2.47  -283.70     -3.50    -19.50   10.48     29442.0
 2024 07 15 04 55 00 000    3.54    -0.56    -2.45  -283.70     -3.50    -19.50   10.48     29442.0
 2024 07 15 04 56 00 000    3.72    -1.01    -2.39  -299.10     -5.00     -7.50    6.18     16232.0
 2024 07 15 04 57 00 000    3.74    -1.11    -2.43  -298.20     -4.70     -7.60    6.45     17709.0
 2024 07 15 04 58 00 000    3.58    -0.41    -2.35  -296.10     -4.10     -7.70    7.09     21131.0
 2024 07 15 04 59 00 000    3.54    -0.43    -2.39  -294.90     -5.30     -9.80    6.94     17836.0
 2024 07 15 05 00 00 000    3.40    -1.30    -2.23  -296.80     -5.80     -9.20    6.96     17827.0
 2024 07 15 05 01 00 000    3.40    -1.35    -2.20  -299.30     -6.50     -8.50    6.98     17815.0
 2024 07 15 05 02 00 000    3.40    -1.27    -2.16  -298.50     -5.40     -9.00    7.14     17754.0
 2024 07 15 05 03 00 000    3.31    -1.48    -2.09  -298.50     -5.40     -9.00    7.14     17753.0
 2024 07 15 05 04 00 000    3.39    -1.23    -2.19  -298.70     -6.00     -7.70    6.81     17706.0
 2024 07 15 05 05 00 000    3.50    -0.95    -2.29  -297.50     -6.20     -9.00    6.99     17799.0
 2024 07 15 05 06 00 000    3.32    -1.37    -2.13  -298.30     -6.60     -9.90    7.13     17416.0
 2024 07 15 05 07 00 000    3.38    -1.51    -2.18  -297.90     -6.40    -10.10    7.40     21156.0
 2024 07 15 05 08 00 000    3.34    -1.66    -2.12  -297.90     -6.40    -10.10    7.40     21156.0
 2024 07 15 05 09 00 000    3.28    -1.72    -2.10  -298.40     -8.70     -9.70    7.50     18677.0
 2024 07 15 05 10 00 000    3.18    -1.65    -2.29  -298.40     -8.70     -9.70    7.50     18677.0
 2024 07 15 05 11 00 000    3.03    -1.83    -2.34  -298.70     -9.10    -10.30    7.52     17794.0
 2024 07 15 05 12 00 000    2.97    -1.86    -2.31  -298.70     -9.10    -10.30    7.52     17732.0
 2024 07 15 05 13 00 000    3.03    -2.00    -2.14  -298.60     -8.30     -8.50    7.60     18065.0
 2024 07 15 05 14 00 000    2.95    -2.10    -2.15  -298.60     -8.30     -8.50    7.60     18065.0
 2024 07 15 05 15 00 000    3.02    -2.33    -2.01  -298.10     -9.50     -9.80    7.50     16799.0
 2024 07 15 05 16 00 000    2.96    -2.25    -2.23  -297.80    -10.20    -10.50    7.44     16133.0
 2024 07 15 05 17 00 000    3.00    -2.22    -2.20  -298.00     -9.10     -9.20    7.42     16571.0
 2024 07 15 05 18 00 000    3.16    -2.12    -2.00  -298.00     -9.10     -9.20    7.42     16571.0
 2024 07 15 05 19 00 000    3.50    -1.86    -1.67  -298.00     -9.10     -9.20    7.42     16571.0
 2024 07 15 05 20 00 000    3.42    -1.95    -1.69  -296.80     -6.10     -7.30    7.60     14723.0
 2024 07 15 05 21 00 000    3.38    -1.98    -1.77  -296.80     -6.10     -7.30    7.60     14723.0
 2024 07 15 05 22 00 000    3.46    -1.78    -1.80  -296.90     -7.40     -7.80    7.80     14498.0
 2024 07 15 05 23 00 000    3.23    -2.22    -2.23  -299.60     -6.60     -6.60    7.47     16819.0
 2024 07 15 05 24 00 000    3.24    -2.16    -2.22  -299.50     -5.90     -5.70    7.74     16763.0
 2024 07 15 05 25 00 000    2.79    -2.40    -2.04  -300.80     -5.80     -4.90    7.30     15998.0
 2024 07 15 05 26 00 000    2.75    -2.63    -1.91  -301.80     -5.20     -4.70    6.96     16445.0
 2024 07 15 05 27 00 000    2.43    -2.75    -1.75  -301.70     -1.50     -4.70    6.95     17753.0
 2024 07 15 05 28 00 000    2.24    -3.00    -1.69  -302.20     -1.60     -2.80    7.49     20779.0
 2024 07 15 05 29 00 000    2.06    -2.18    -1.33  -303.20     -4.50     -5.20    7.99     26600.0
 2024 07 15 05 30 00 000    1.62    -2.15    -1.11  -304.80     -5.90     -0.30    8.30     27194.0
 2024 07 15 05 31 00 000    1.61    -2.11    -1.15  -304.70     -5.30      0.10    8.35     26534.0
 2024 07 15 05 32 00 000    1.69    -2.11    -1.08  -302.70     -2.40     -3.70    8.49     25326.0
 2024 07 15 05 33 00 000    1.68    -2.22    -1.02  -302.70     -2.50     -4.00    8.25     24195.0
 2024 07 15 05 34 00 000    1.36    -2.45    -1.06  -302.70     -2.20     -4.10    8.25     24124.0
 2024 07 15 05 35 00 000    1.63    -2.14    -1.19  -302.60     -0.40     -4.40    8.53     25079.0
 2024 07 15 05 36 00 000    1.42    -2.36    -1.10  -302.60     -0.40     -4.40    8.53     25079.0
 2024 07 15 05 37 00 000    1.55    -2.11    -1.40  -301.90     -1.20     -2.70    8.74     30140.0
 2024 07 15 05 38 00 000    1.34    -2.34    -1.12  -301.90     -1.20     -2.70    8.74     30140.0
 2024 07 15 05 39 00 000    1.55    -2.24    -0.84  -302.20      0.70     -1.70    8.34     23768.0
 2024 07 15 05 40 00 000    1.49    -2.12    -0.85  -302.20      0.70     -1.70    8.34     23766.0
 2024 07 15 05 41 00 000    1.32    -1.74    -0.70  -302.20      0.70     -1.70    8.34     23766.0
 2024 07 15 05 42 00 000    1.24    -1.08    -0.82  -297.80     -2.60     -3.00    8.89     26732.0
 2024 07 15 05 43 00 000    0.83    -0.50    -0.41  -298.00     -3.00     -2.80    8.85     26685.0
 2024 07 15 05 44 00 000    0.64    -0.44    -0.44  -297.60     -4.60     -4.20    9.04     27008.0
 2024 07 15 05 45 00 000    0.25    -1.62    -0.12  -297.60     -4.60     -4.20    9.04     27008.0
 2024 07 15 05 46 00 000    0.12    -1.72     0.11  -298.80     -4.80     -4.30    9.01     25774.0
 2024 07 15 05 47 00 000   -0.06    -1.66     0.18  -298.80     -4.80     -4.30    9.01     25774.0
 2024 07 15 05 48 00 000   -0.35    -1.76     0.48  -298.80     -6.00     -4.40    8.96     27371.0
 2024 07 15 05 49 00 000   -0.21    -1.82     0.17  -298.60     -5.90     -4.10    9.04     27285.0
 2024 07 15 05 50 00 000    0.82    -0.55    -1.11  -297.50     -4.80     -4.10    9.09     28089.0
 2024 07 15 05 51 00 000    1.58    -0.55    -1.65  -294.60      0.10     -6.90    8.55     32648.0
 2024 07 15 05 52 00 000    1.62    -1.09    -1.75  -294.60      0.10     -6.90    8.55     32648.0
 2024 07 15 05 53 00 000    1.46    -1.23    -1.75  -290.90      8.80     -4.60    8.62     36434.0
 2024 07 15 05 54 00 000    2.06    -0.68    -2.01  -290.90      8.80     -4.60    8.62     36434.0
 2024 07 15 05 55 00 000    2.29    -0.43    -2.10  -290.90      8.80     -4.60    8.62     36434.0
 2024 07 15 05 56 00 000    2.28     0.10    -1.91  -290.90      8.80     -4.60    8.62     36434.0
 2024 07 15 05 57 00 000    2.03     0.23    -1.96  -290.90      8.80     -4.60    8.62     36434.0
 2024 07 15 05 58 00 000    2.02     0.18    -1.95  -290.90      8.80     -4.60    8.62     36434.0
 2024 07 15 05 59 00 000    2.04     0.54    -1.79  -290.90      8.80     -4.60    8.62     36434.0
 2024 07 15 06 00 00 000    2.06     0.41    -1.75  -290.90      8.80     -4.60    8.62     36434.0
 2024 07 15 06 01 00 000    2.12     0.38    -1.71  -290.90      8.80     -4.60    8.62     36434.0
 2024 07 15 06 02 00 000    2.30     0.48    -1.48  -290.90      8.80     -4.60    8.62     36434.0
 2024 07 15 06 03 00 000    2.10     0.43    -1.67  -290.90      8.80     -4.60    8.62     36434.0
 2024 07 15 06 04 00 000    2.21     0.30    -1.61  -290.90      8.80     -4.60    8.62     36434.0
 2024 07 15 06 05 00 000    2.22     0.29    -1.48  -290.90      8.80     -4.60    8.62     36434.0
 2024 07 15 06 06 00 000    2.38     0.06    -1.14  -290.90      8.80     -4.60    8.62     36434.0
 2024 07 15 06 07 00 000    2.32    -0.08    -1.09  -290.90      8.80     -4.60    8.62     36434.0
 2024 07 15 06 08 00 000    2.08    -0.21    -0.84  -290.90      8.80     -4.60    8.62     36434.0
 2024 07 15 06 09 00 000    1.60     1.21    -0.50  -290.90      8.80     -4.60    8.62     36434.0
 2024 07 15 06 10 00 000    1.21     3.06     0.15  -290.90      8.80     -4.60    8.62     36434.0
 2024 07 15 06 11 00 000    1.41     4.03    -0.15  -290.90      8.80     -4.60    8.62     36434.0
 2024 07 15 06 12 00 000    1.57     4.09    -0.05  -290.90      8.80     -4.60    8.62     36434.0
 2024 07 15 06 13 00 000    1.31     4.02     0.42  -290.90      8.80     -4.60    8.62     36434.0
 2024 07 15 06 14 00 000    1.83     4.03    -0.47  -290.90      8.80     -4.60    8.62     36434.0
 2024 07 15 06 15 00 000    1.85     4.33    -0.19  -296.40      1.90     -2.00    4.60     25874.0
 2024 07 15 06 16 00 000    1.84     4.22    -0.19  -296.40      1.90     -2.00    4.60     25874.0
 2024 07 15 06 17 00 000    1.91     4.21    -0.32  -296.40      1.90     -2.00    4.60     25874.0
 2024 07 15 06 18 00 000    2.01     4.47    -0.69  -296.40      1.90     -2.00    4.60     25874.0
 2024 07 15 06 19 00 000    2.03     4.61    -0.79  -296.40      1.90     -2.00    4.60     25874.0
 2024 07 15 06 20 00 000    2.10     4.65    -0.84  -296.40      1.90     -2.00    4.60     25874.0
 2024 07 15 06 21 00 000    1.99     4.16    -0.92  -296.40      1.90     -2.00    4.60     25874.0
 2024 07 15 06 22 00 000    1.86     2.79    -1.24  -296.40      1.90     -2.00    4.60     25874.0
 2024 07 15 06 23 00 000    0.19    -2.71    -1.68  -296.40      1.90     -2.00    4.60     25874.0
 2024 07 15 06 24 00 000   -0.68    -4.96    -1.37  -296.40      1.90     -2.00    4.60     25874.0
 2024 07 15 06 25 00 000   -0.59    -5.13    -1.32  -296.40      1.90     -2.00    4.60     25874.0
 2024 07 15 06 26 00 000   -0.58    -5.13    -1.31  -296.40      1.90     -2.00    4.60     25874.0
 2024 07 15 06 27 00 000   -0.50    -5.09    -1.38  -296.40      1.90     -2.00    4.60     25874.0
 2024 07 15 06 28 00 000   -0.35    -5.05    -1.35  -296.40      1.90     -2.00    4.60     25874.0
 2024 07 15 06 29 00 000   -0.27    -5.08    -1.37  -296.40      1.90     -2.00    4.60     25874.0
 2024 07 15 06 30 00 000   -0.32    -5.02    -1.37  -296.40      1.90     -2.00    4.60     25874.0
 2024 07 15 06 31 00 000   -0.38    -4.92    -1.43  -296.40      1.90     -2.00    4.60     25874.0
 2024 07 15 06 32 00 000   -0.23    -4.68    -1.44  -296.40      1.90     -2.00    4.60     25874.0
 2024 07 15 06 33 00 000   -0.17    -4.62    -1.43  -296.40      1.90     -2.00    4.60     25874.0
 2024 07 15 06 34 00 000   -0.23    -4.61    -1.42  -296.40      1.90     -2.00    4.60     25874.0
 2024 07 15 06 35 00 000   -0.23    -4.63    -1.42  -296.40      1.90     -2.00    4.60     25874.0
 2024 07 15 06 36 00 000    0.14    -4.63    -1.64  -296.40      1.90     -2.00    4.60     25874.0
 2024 07 15 06 37 00 000   -0.11    -4.71    -1.59  -299.40     22.00      9.20    5.02     27862.0
 2024 07 15 06 38 00 000   -0.51    -4.88    -1.41  -299.40     22.00      9.20    5.02     27862.0
 2024 07 15 06 39 00 000   -0.40    -4.81    -1.43  -299.40     22.00      9.20    5.02     27862.0
 2024 07 15 06 40 00 000   -0.55    -4.84    -1.28  -299.40     22.00      9.20    5.02     27862.0
 2024 07 15 06 41 00 000   -0.56    -4.87    -1.20  -299.40     22.00      9.20    5.02     27862.0
 2024 07 15 06 42 00 000   -0.79    -4.84    -1.15  -301.90     18.30     11.20    5.10     27836.0
 2024 07 15 06 43 00 000   -0.49    -4.75    -1.42  -301.90     18.30     11.20    5.10     27836.0
 2024 07 15 06 44 00 000    0.30    -4.63    -1.91  -301.90     18.30     11.20    5.10     27836.0
 2024 07 15 06 45 00 000   -0.11    -4.67    -1.41  -301.90     18.30     11.20    5.10     27836.0
 2024 07 15 06 46 00 000   -0.32    -4.80    -1.20  -301.90     18.30     11.20    5.10     27836.0
 2024 07 15 06 47 00 000   -0.19    -4.61    -1.41  -301.90     18.30     11.20    5.10     27836.0
 2024 07 15 06 48 00 000   -0.46    -4.30    -1.35  -300.90     17.70      8.70    6.65     27422.0
 2024 07 15 06 49 00 000   -0.49    -4.28    -1.34  -300.90     17.70      8.70    6.65     27422.0
 2024 07 15 06 50 00 000   -0.35    -4.16    -1.42  -300.90     17.70      8.70    6.65     27422.0
 2024 07 15 06 51 00 000   -0.39    -4.16    -1.48  -300.90     17.70      8.70    6.65     27422.0
 2024 07 15 06 52 00 000   -0.25    -4.18    -1.62  -300.90     17.70      8.70    6.65     27422.0
 2024 07 15 06 54 00 000   -0.38    -4.26    -1.25  -300.90     17.70      8.70    6.65     27422.0
 2024 07 15 06 55 00 000   -0.67    -4.51    -0.74  -300.90     17.70      8.70    6.65     27422.0
 2024 07 15 06 56 00 000   -1.10    -4.37     0.06  -300.90     17.70      8.70    6.65     27422.0
 2024 07 15 06 57 00 000   -1.01    -4.31     0.11  -300.90     17.70      8.70    6.65     27422.0
 2024 07 15 06 58 00 000   -0.94    -4.32    -0.14  -300.90     17.70      8.70    6.65     27422.0
 2024 07 15 06 59 00 000   -0.89    -4.13    -0.26  -300.90     17.70      8.70    6.65     27422.0
 2024 07 15 07 00 00 000   -0.50    -4.38    -0.96  -300.90     17.70      8.70    6.65     27422.0
 2024 07 15 07 01 00 000   -0.16    -4.29    -1.18  -300.90     17.70      8.70    6.65     27422.0
 2024 07 15 07 02 00 000   -0.28    -4.28    -1.09  -300.90     17.70      8.70    6.65     27422.0
 2024 07 15 07 03 00 000   -0.58    -3.91    -0.85  -300.90     17.70      8.70    6.65     27422.0
 2024 07 15 07 04 00 000   -0.60    -3.77    -0.70  -300.90     17.70      8.70    6.65     27422.0
 2024 07 15 07 05 00 000   -0.86    -3.45    -0.56  -300.90     17.70      8.70    6.65     27422.0
 2024 07 15 07 06 00 000   -1.05    -2.92    -0.40  -300.90     17.70      8.70    6.65     27422.0
 2024 07 15 07 07 00 000   -1.36    -2.66    -0.37  -300.90     17.70      8.70    6.65     27422.0
 2024 07 15 07 08 00 000   -1.52    -2.90    -0.46  -300.90     17.70      8.70    6.65     27422.0
 2024 07 15 07 09 00 000   -1.75    -2.99    -0.66  -300.90     17.70      8.70    6.65     27422.0
 2024 07 15 07 10 00 000   -1.62    -2.98    -0.72  -300.90     17.70      8.70    6.65     27422.0
 2024 07 15 07 11 00 000   -1.59    -2.79    -0.64  -300.90     17.70      8.70    6.65     27422.0
 2024 07 15 07 12 00 000   -1.31    -3.06    -0.71  -300.90     17.70      8.70    6.65     27422.0
 2024 07 15 07 13 00 000   -0.99    -3.24    -0.51  -300.90     17.70      8.70    6.65     27422.0
 2024 07 15 07 14 00 000   -0.97    -3.42    -0.67  -300.90     17.70      8.70    6.65     27422.0
 2024 07 15 07 15 00 000   -0.87    -3.38    -0.83  -300.90     17.70      8.70    6.65     27422.0
 2024 07 15 07 16 00 000   -0.88    -3.37    -0.76  -300.90     17.70      8.70    6.65     27422.0
 2024 07 15 07 17 00 000   -0.95    -3.20    -0.74  -300.90     17.70      8.70    6.65     27422.0
 2024 07 15 07 18 00 000   -0.89    -3.08    -0.57  -300.90     17.70      8.70    6.65     27422.0
 2024 07 15 07 19 00 000   -0.84    -3.04    -0.52  -300.90     17.70      8.70    6.65     27422.0
 2024 07 15 07 20 00 000   -0.68    -2.84    -0.62  -300.90     17.70      8.70    6.65     27422.0
 2024 07 15 07 21 00 000   -0.98    -3.69    -0.66  -300.90     17.70      8.70    6.65     27422.0
 2024 07 15 07 22 00 000   -0.68    -3.14    -0.88  -300.90     17.70      8.70    6.65     27422.0
 2024 07 15 07 23 00 000   -0.97    -3.30    -0.70  -300.90     17.70      8.70    6.65     27422.0
 2024 07 15 07 24 00 000   -1.14    -3.49    -0.52  -300.90     17.70      8.70    6.65     27422.0
 2024 07 15 07 25 00 000   -1.92    -4.29    -0.48  -300.90     17.70      8.70    6.65     27422.0
 2024 07 15 07 26 00 000   -1.54    -3.90    -0.35  -300.90     17.70      8.70    6.65     27422.0
 2024 07 15 07 27 00 000   -1.20    -4.14    -0.83  -300.90     17.70      8.70    6.65     27422.0
 2024 07 15 07 28 00 000   -0.75    -3.91    -1.15  -300.90     17.70      8.70    6.65     27422.0
 2024 07 15 07 29 00 000   -1.29    -3.99    -0.84  -300.90     17.70      8.70    6.65     27422.0
 2024 07 15 07 30 00 000   -1.69    -4.33    -0.29  -300.90     17.70      8.70    6.65     27422.0
 2024 07 15 07 31 00 000   -1.65    -4.40    -0.20  -300.90     17.70      8.70    6.65     27422.0
 2024 07 15 07 32 00 000   -1.98    -3.87    -0.30  -300.90     17.70      8.70    6.65     27422.0
 2024 07 15 07 33 00 000   -1.58    -3.77    -0.02  -300.90     17.70      8.70    6.65     27422.0
 2024 07 15 07 34 00 000   -1.05    -0.25     0.43  -300.90     17.70      8.70    6.65     27422.0
 2024 07 15 07 35 00 000   -1.47     1.17     0.52  -291.40     21.80      4.10    6.94     61103.0
 2024 07 15 07 36 00 000   -1.85     0.07     0.61  -291.40     21.80      4.10    6.94     61103.0
 2024 07 15 07 37 00 000   -2.15     0.57     0.93  -291.40     21.80      4.10    6.94     61103.0
 2024 07 15 07 38 00 000   -2.29     2.80     1.54  -299.40     12.50      6.40    6.26     52258.0
 2024 07 15 07 39 00 000   -2.46     2.76     1.41  -299.40     12.50      6.40    6.26     52258.0
 2024 07 15 07 40 00 000   -3.31     2.13     2.37  -301.80     20.70     12.50    5.69     47897.0
 2024 07 15 07 41 00 000   -3.50     1.71     2.60  -303.60     27.10     17.20    5.24     44497.0
 2024 07 15 07 42 00 000   -3.48     1.30     2.48  -302.10     27.00     15.20    4.73     38237.0
 2024 07 15 07 43 00 000   -3.44     1.18     2.46  -301.80     25.10     14.40    4.85     40723.0
 2024 07 15 07 44 00 000   -3.47     1.14     2.38  -298.60      4.90      6.20    6.11     67249.0
 2024 07 15 07 45 00 000   -3.52     1.19     2.40  -298.60      4.90      6.20    6.11     67249.0
 2024 07 15 07 46 00 000   -3.48     1.23     2.54  -298.60      4.90      6.20    6.11     67249.0
 2024 07 15 07 47 00 000   -3.53     1.18     2.59  -298.60      4.90      6.20    6.11     67249.0
 2024 07 15 07 48 00 000   -3.53     1.29     2.54  -298.10     24.30     17.80    5.69     47500.0
 2024 07 15 07 49 00 000   -3.65     1.33     2.52  -298.10     24.30     17.80    5.69     47499.0
 2024 07 15 07 50 00 000   -3.70     1.34     2.31  -299.30     24.80     18.10    5.48     47743.0
 2024 07 15 07 51 00 000   -4.04     1.21     2.10  -300.10     24.70     17.60    5.65     48757.0
 2024 07 15 07 52 00 000   -3.98     1.58     2.54  -302.10     25.50     15.90    4.95     38572.0
 2024 07 15 07 53 00 000   -3.89     1.74     2.53  -300.30     24.80     16.60    5.40     43836.0
 2024 07 15 07 54 00 000   -3.84     1.84     2.54  -303.00     25.10     15.00    4.69     30775.0
 2024 07 15 07 55 00 000   -3.74     1.94     2.55  -303.10     24.50     14.60    4.76     31397.0
 2024 07 15 07 56 00 000   -3.78     1.88     2.47  -301.50     20.10     12.10    4.90     33123.0
 2024 07 15 07 57 00 000   -3.81     1.94     2.54  -299.90     16.60     10.10    4.96     34183.0
 2024 07 15 07 58 00 000   -3.88     1.88     2.54  -298.70     22.10     11.60    4.93     35666.0
 2024 07 15 07 59 00 000   -3.81     1.97     2.48  -298.70     22.10     11.60    4.93     35666.0
 2024 07 15 08 00 00 000   -4.10     2.41     2.48  -298.70     22.10     11.60    4.93     35666.0
 2024 07 15 08 01 00 000   -3.96     1.81     2.63  -309.60     21.60     23.50    5.48     39830.0
 2024 07 15 08 02 00 000   -3.89     1.06     2.95  -312.10     20.80     24.90    5.39     34947.0
 2024 07 15 08 03 00 000   -3.93     0.75     3.16  -314.70     19.70     26.30    5.31     30236.0
 2024 07 15 08 04 00 000   -3.82     1.13     3.05  -314.20     20.60     25.00    5.32     28869.0
 2024 07 15 08 05 00 000   -3.55     2.07     2.91  -314.10     20.80     24.30    5.31     28915.0
 2024 07 15 08 06 00 000   -3.38     2.29     2.84  -315.10     18.90     25.60    5.40     30140.0
 2024 07 15 08 07 00 000   -3.36     2.11     2.91  -307.40     19.90     20.20    5.48     31478.0
 2024 07 15 08 08 00 000   -3.51     2.02     3.02  -307.40     19.90     20.20    5.48     31478.0
 2024 07 15 08 09 00 000   -3.30     2.43     2.82  -306.30     21.10     21.20    5.54     28911.0
 2024 07 15 08 10 00 000   -2.41     3.63     2.13  -309.30     18.60     21.70    5.46     28024.0
 2024 07 15 08 11 00 000   -1.85     3.78     1.74  -314.00     14.50     22.40    5.35     26604.0
 2024 07 15 08 12 00 000   -1.90     3.68     1.78  -312.70     12.90     21.70    6.26     30846.0
 2024 07 15 08 13 00 000   -1.87     3.75     1.78  -312.70     12.90     21.70    6.26     30846.0
 2024 07 15 08 14 00 000   -1.98     3.50     1.90  -310.00     16.10     22.50    6.56     29790.0
 2024 07 15 08 15 00 000   -2.02     3.37     2.09  -310.90     13.90     22.80    6.50     30589.0
 2024 07 15 08 16 00 000   -2.04     3.23     2.22  -311.90     11.50     23.00    6.44     31455.0
 2024 07 15 08 17 00 000   -2.22     3.01     2.27  -311.90     11.50     23.00    6.44     31455.0
 2024 07 15 08 18 00 000   -2.25     2.98     2.24  -311.40     15.50     23.20    6.44     28436.0
 2024 07 15 08 19 00 000   -2.33     2.95     2.23  -311.40     15.50     23.20    6.44     28436.0
 2024 07 15 08 20 00 000   -2.47     2.90     2.18  -310.40     14.50     22.90    6.28     29255.0
 2024 07 15 08 21 00 000   -2.56     2.76     2.30  -310.40     14.50     22.90    6.28     29255.0
 2024 07 15 08 22 00 000   -2.58     2.51     2.34  -310.80     15.30     23.20    6.09     26498.0
 2024 07 15 08 23 00 000   -1.84     3.41     2.08  -310.80     15.30     23.20    6.08     26376.0
 2024 07 15 08 24 00 000   -1.65     3.66     1.91  -312.30     14.30     23.40    6.37     25475.0
 2024 07 15 08 25 00 000   -1.50     3.78     1.82  -312.50     14.10     23.40    6.33     25475.0
 2024 07 15 08 26 00 000   -1.50     3.85     1.84  -313.50     12.60     23.30    6.10     25430.0
 2024 07 15 08 27 00 000   -1.49     3.91     1.84  -312.90     12.70     22.50    6.11     22933.0
 2024 07 15 08 28 00 000   -1.50     4.00     1.85  -312.30     12.90     22.80    6.09     25076.0
 2024 07 15 08 29 00 000   -1.67     3.96     1.93  -312.20     12.90     22.80    6.08     25453.0
 2024 07 15 08 30 00 000   -1.07     3.73     1.59  -308.70     14.20     21.00    6.04     28182.0
 2024 07 15 08 31 00 000   -1.36     3.78     1.70  -303.90     17.00     16.80    6.39     34431.0
 2024 07 15 08 32 00 000   -1.43     3.74     1.70  -310.60     15.00     22.20    6.01     25370.0
 2024 07 15 08 33 00 000   -1.45     3.28     1.66  -310.40     14.90     22.40    6.03     25326.0
 2024 07 15 08 34 00 000   -1.13     3.23     1.40  -311.30     16.30     22.80    6.38     35431.0
 2024 07 15 08 35 00 000   -0.90     3.31     1.27  -311.30     16.30     22.80    6.38     35431.0
 2024 07 15 08 36 00 000   -0.76     3.01     0.90  -311.30     16.30     22.80    6.38     35431.0
 2024 07 15 08 37 00 000    0.45     2.85     0.20  -311.30     16.30     22.80    6.38     35431.0
 2024 07 15 08 38 00 000    0.89     2.53    -0.13  -287.50     25.60      0.60    6.49     43648.0
 2024 07 15 08 39 00 000    0.61     3.17     0.07  -297.90     15.80     10.30    6.94     43061.0
 2024 07 15 08 40 00 000    1.15     3.22    -0.13  -301.90     13.60     14.20    7.05     38371.0
 2024 07 15 08 41 00 000    1.81     2.91    -0.02  -297.80     12.70     11.50    6.90     39873.0
 2024 07 15 08 42 00 000    1.95     3.04     0.18  -291.10     12.60      7.00    6.49     36551.0
 2024 07 15 08 43 00 000    1.57     2.75     0.63  -282.70     16.50      5.10    6.59     40022.0
 2024 07 15 08 44 00 000    2.06     2.84     0.17  -282.70     16.50      5.10    6.59     40022.0
 2024 07 15 08 45 00 000    1.50     2.94     0.22  -294.40     19.80     10.90    6.30     40505.0
 2024 07 15 08 46 00 000    1.60     2.83    -0.03  -294.10     13.90     13.60    6.23     38745.0
 2024 07 15 08 47 00 000    1.50     2.94     0.05  -293.00     11.30      7.80    6.19     40018.0
 2024 07 15 08 48 00 000    1.01     2.92     0.31  -291.10     13.10      4.00    6.28     41891.0
 2024 07 15 08 49 00 000    1.63     3.02    -0.23  -291.10     13.10      4.00    6.28     41911.0
 2024 07 15 08 50 00 000   -0.69     2.67     0.71  -291.10     13.10      4.00    6.28     41911.0
 2024 07 15 08 51 00 000    0.57     2.86     0.17  -291.10     13.10      4.00    6.28     41911.0
 2024 07 15 08 52 00 000    0.21     2.83     0.24  -309.20      8.70     15.70    7.12     40396.0
 2024 07 15 08 53 00 000    0.03     2.77     0.63  -309.20      8.70     15.70    7.12     40396.0
 2024 07 15 08 54 00 000   -1.05     2.65     0.52  -309.20      8.70     15.70    7.12     40396.0
 2024 07 15 08 55 00 000    0.04     2.82     0.08  -309.20      8.70     15.70    7.12     40396.0
 2024 07 15 08 56 00 000   -1.01     2.57     0.69  -309.20      8.70     15.70    7.12     40396.0
 2024 07 15 08 57 00 000    0.32     2.83    -0.23  -296.10     21.10      4.30    6.85     41720.0
 2024 07 15 08 58 00 000    0.21     2.77    -0.14  -302.40     12.80      7.40    7.46     47790.0
 2024 07 15 08 59 00 000    0.24     2.87    -0.24  -311.90      0.40     11.90    8.38     56835.0
 2024 07 15 09 00 00 000    0.77     3.02    -0.03  -293.70     12.00      9.40    6.74     42230.0
 2024 07 15 09 01 00 000    0.24     2.90     0.64  -300.80     10.90     14.10    7.06     41591.0
 2024 07 15 09 02 00 000    0.27     2.68     1.27  -302.20     10.60     15.00    7.13     41367.0
 2024 07 15 09 03 00 000    0.31     2.85     0.24  -300.60     11.80     13.80    6.98     39441.0
 2024 07 15 09 04 00 000    0.90     2.73     0.11  -297.00     13.60     11.60    6.66     39093.0
 2024 07 15 09 05 00 000    1.20     2.94     0.19  -297.70     12.50     14.10    6.91     39388.0
 2024 07 15 09 06 00 000    0.62     2.80     0.69  -300.60     13.20     17.00    7.25     37966.0
 2024 07 15 09 07 00 000    0.43     2.68     0.94  -303.20      8.90     17.50    7.34     36034.0
 2024 07 15 09 08 00 000    0.57     2.87     0.31  -303.30      8.70     17.50    7.34     35960.0
 2024 07 15 09 09 00 000   -0.49     2.71     0.51  -303.30      8.70     17.50    7.34     35960.0
 2024 07 15 09 10 00 000   -0.49     2.71     0.51  -303.30      8.70     17.50    7.34     35960.0
 2024 07 15 09 11 00 000   -0.37     2.78     0.64  -303.30      8.70     17.50    7.34     35960.0
 2024 07 15 09 12 00 000   -0.37     2.78     0.63  -303.30      8.70     17.50    7.34     35960.0
 2024 07 15 09 13 00 000   -0.18     2.80     1.05  -303.30      8.70     17.50    7.34     35960.0
 2024 07 15 09 15 00 000   -0.22     2.73     0.82  -308.00      8.50     16.60    7.28     42166.0
 2024 07 15 09 17 00 000   -0.49     2.76    -0.01  -308.00      8.50     16.60    7.28     42166.0
 2024 07 15 09 18 00 000    0.08     3.06    -0.74  -307.10     12.90     13.10    7.27     40804.0
 2024 07 15 09 19 00 000   -0.12     2.83     0.32  -307.10     12.90     13.10    7.27     40804.0
 2024 07 15 09 20 00 000    0.09     2.88     0.30  -306.70      9.30     17.50    7.58     41666.0
 2024 07 15 09 21 00 000   -0.02     2.85     0.45  -307.30     12.40     15.80    7.51     38682.0
 2024 07 15 09 22 00 000    0.09     2.81     0.11  -306.80     11.70     17.30    7.40     39040.0
 2024 07 15 09 23 00 000   -0.05     2.95     0.35  -307.00     15.10     13.60    7.81     38055.0
 2024 07 15 09 24 00 000   -0.05     2.82     0.59  -307.10     13.10     15.80    7.80     37741.0
 2024 07 15 09 25 00 000   -0.14     2.90     0.55  -307.20     10.50     19.00    7.78     37741.0
 2024 07 15 09 26 00 000   -0.20     2.91     0.52  -304.90     11.90     18.90    7.79     44741.0
 2024 07 15 09 27 00 000   -0.28     2.89     0.45  -305.90     12.20     13.90    7.65     34536.0
 2024 07 15 09 28 00 000   -0.21     2.84     0.49  -307.20     12.50     13.90    7.95     32676.0
 2024 07 15 09 29 00 000   -0.38     2.72     0.80  -307.20     12.50     13.90    7.95     32676.0
 2024 07 15 09 30 00 000   -0.13     2.79    -0.09  -306.50     13.00     15.70    8.07     30870.0
 2024 07 15 09 31 00 000    0.15     2.72    -0.50  -307.20     11.10     15.40    8.10     31826.0
 2024 07 15 09 32 00 000    0.09     2.67    -0.54  -307.50      9.70     15.40    8.12     33260.0
 2024 07 15 09 33 00 000   -0.03     2.70    -0.33  -307.60      8.10     16.00    8.12     35343.0
 2024 07 15 09 34 00 000   -0.09     2.69    -0.23  -307.30      8.20     16.10    8.08     33262.0
 2024 07 15 09 35 00 000   -0.08     2.60    -0.30  -307.00      8.10     17.80    8.08     31977.0
 2024 07 15 09 36 00 000   -0.06     2.65    -0.11  -307.00      8.10     17.80    8.08     31977.0
 2024 07 15 09 37 00 000   -0.13     2.57     0.19  -307.00      8.10     17.80    8.08     31977.0
 2024 07 15 09 38 00 000   -0.05     2.56     0.39  -306.90      9.10     18.60    8.18     31478.0
 2024 07 15 09 39 00 000    0.09     2.54     0.73  -306.90      9.10     18.60    8.18     31478.0
 2024 07 15 09 40 00 000   -0.13     2.47     0.85  -307.10      8.90     19.20    8.24     31800.0
 2024 07 15 09 41 00 000   -0.19     2.53     0.31  -307.20      8.90     19.20    8.26     32115.0
 2024 07 15 09 42 00 000   -0.29     2.59     0.37  -308.20      9.10     18.50    8.35     34270.0
 2024 07 15 09 43 00 000   -0.33     2.67     0.80  -308.00      8.10     18.40    8.18     32700.0
 2024 07 15 09 44 00 000   -0.29     2.64     0.66  -308.00      8.00     18.50    8.16     32464.0
 2024 07 15 09 45 00 000   -0.36     2.71     0.65  -308.20      8.20     19.10    8.18     32060.0
 2024 07 15 09 47 00 000   -0.36     2.72     0.70  -308.20      7.60     17.30    8.02     32592.0
 2024 07 15 09 48 00 000   -0.31     2.62     0.70  -308.20      7.60     17.30    8.02     32592.0
 2024 07 15 09 49 00 000   -0.12     2.66     0.12  -307.10      4.20     15.40    8.10     32093.0
 2024 07 15 09 50 00 000   -0.02     2.62    -0.06  -306.70      5.20     13.80    8.29     33367.0
 2024 07 15 09 51 00 000    0.03     2.48    -0.34  -306.30      6.20     12.30    8.49     34616.0
 2024 07 15 09 52 00 000    0.00     2.71    -0.49  -306.60      6.90     14.10    8.17     32324.0
 2024 07 15 09 53 00 000    0.02     2.58    -0.58  -306.70      6.80     14.20    8.11     32494.0
 2024 07 15 09 54 00 000   -0.15     2.62    -0.35  -306.90      6.70     14.30    8.03     32739.0
 2024 07 15 09 55 00 000   -0.12     2.64    -0.48  -306.90      6.70     14.30    8.03     32739.0
 2024 07 15 09 56 00 000   -0.21     2.67    -0.52  -306.40      6.30     13.80    8.29     31588.0
 2024 07 15 09 57 00 000   -0.12     2.70    -0.62  -306.40      6.30     13.80    8.29     31588.0
 2024 07 15 09 58 00 000   -0.22     2.74    -0.54  -306.40      6.30     13.80    8.29     31588.0
 2024 07 15 09 59 00 000    0.10     2.68    -0.92  -306.60      6.20     13.80    8.10     30601.0
 2024 07 15 10 00 00 000    0.37     2.55    -1.25  -307.20      7.30     14.00    8.15     32569.0
 2024 07 15 10 01 00 000    0.65     2.35    -1.52  -307.40      7.60     14.30    8.24     33609.0
 2024 07 15 10 02 00 000    0.55     2.33    -1.61  -307.10      7.30     14.70    8.40     33668.0
 2024 07 15 10 03 00 000    0.56     2.13    -1.82  -307.10      7.30     14.70    8.40     33668.0
 2024 07 15 10 04 00 000    0.52     2.16    -1.79  -307.10      7.30     14.70    8.40     33668.0
 2024 07 15 10 05 00 000    0.64     2.08    -1.86  -307.10      7.30     14.70    8.40     33668.0
 2024 07 15 10 06 00 000    0.77     2.00    -1.94  -306.90     10.70     11.70    7.95     34270.0
 2024 07 15 10 07 00 000    0.49     2.84    -1.00  -306.90     10.70     11.70    7.95     34270.0
 2024 07 15 10 08 00 000    0.33     3.14    -0.59  -305.20      7.80      5.60    7.69     32620.0
 2024 07 15 10 09 00 000    0.24     3.08    -0.40  -305.20      7.80      5.60    7.69     32620.0
 2024 07 15 10 10 00 000    0.24     3.03    -0.49  -305.20      7.80      5.60    7.69     32620.0
 2024 07 15 10 11 00 000    0.55     3.07    -0.53  -304.90      7.70      8.20    7.49     30601.0
 2024 07 15 10 12 00 000    0.38     2.97    -0.53  -304.90      7.70      8.20    7.49     30601.0
 2024 07 15 10 13 00 000    0.41     3.02    -0.58  -305.20      6.80      9.90    7.71     32079.0
 2024 07 15 10 14 00 000    0.34     3.14    -0.69  -305.20      6.80     10.00    7.72     32144.0
 2024 07 15 10 15 00 000    0.25     3.17    -0.62  -305.20      6.80     10.00    7.72     32144.0
 2024 07 15 10 16 00 000    0.22     3.18    -0.66  -305.20      6.80     10.00    7.72     32144.0
 2024 07 15 10 17 00 000    0.07     3.23    -0.54  -306.70      8.50     11.10    7.64     31616.0
 2024 07 15 10 18 00 000    0.06     3.24    -0.50  -306.70      8.50     11.10    7.64     31616.0
 2024 07 15 10 19 00 000   -0.01     3.27    -0.39  -306.10      9.40     10.50    7.61     33982.0
 2024 07 15 10 20 00 000   -0.14     3.31    -0.11  -306.10      9.30     10.60    7.62     33931.0
 2024 07 15 10 21 00 000   -0.35     3.23     0.07  -307.10      7.40     13.00    7.74     32714.0
 2024 07 15 10 22 00 000   -0.54     3.31     0.45  -308.20      7.00     13.90    7.74     31375.0
 2024 07 15 10 23 00 000   -0.57     3.34     0.44  -308.80      7.20     14.10    7.71     30601.0
 2024 07 15 10 24 00 000   -0.34     3.03     0.24  -308.40      5.00     12.50    8.13     33302.0
 2024 07 15 10 25 00 000   -0.21     3.14     0.29  -308.50      6.00     12.90    8.02     32073.0
 2024 07 15 10 26 00 000   -0.35     3.09     0.39  -308.60      7.40     13.10    7.95     30388.0
 2024 07 15 10 27 00 000   -0.44     3.18     0.45  -308.40      6.70     11.80    8.05     30293.0
 2024 07 15 10 28 00 000   -0.53     3.16     0.25  -307.90      6.80     11.70    7.94     30141.0
 2024 07 15 10 29 00 000   -0.63     3.13     0.18  -307.70      8.30     12.70    7.85     29822.0
 2024 07 15 10 30 00 000   -0.65     3.09     0.12  -307.50      8.70     13.00    8.07     30683.0
 2024 07 15 10 31 00 000   -0.58     3.05     0.08  -306.80      6.50     12.40    8.26     31643.0
 2024 07 15 10 32 00 000   -0.53     3.00     0.14  -306.80      6.50     12.40    8.26     31644.0
 2024 07 15 10 33 00 000   -0.49     2.93     0.40  -306.80      6.80     12.70    8.43     32881.0
 2024 07 15 10 34 00 000   -0.40     2.98     0.34  -306.80      6.80     12.70    8.45     33042.0
 2024 07 15 10 35 00 000   -0.35     3.05     0.30  -306.70      4.80     12.10    8.06     30240.0
 2024 07 15 10 36 00 000   -0.43     3.09     0.33  -306.70      4.60     12.10    8.03     30032.0
 2024 07 15 10 37 00 000   -0.72     2.79     0.78  -306.00      7.00     10.50    8.25     32929.0
 2024 07 15 10 38 00 000   -0.64     2.78     0.84  -306.40      6.20     10.30    8.23     31026.0
 2024 07 15 10 39 00 000   -0.10     2.88    -0.44  -306.80      5.50     10.10    8.20     29296.0
 2024 07 15 10 40 00 000    0.00     2.97    -0.67  -305.50      8.90      6.60    7.90     33440.0
 2024 07 15 10 41 00 000    0.05     2.97    -0.51  -305.30      8.60      6.70    7.95     32763.0
 2024 07 15 10 42 00 000    0.04     2.93    -0.59  -304.90      7.80      6.80    8.07     31175.0
 2024 07 15 10 43 00 000    0.06     2.91    -0.70  -305.10      7.90      6.60    7.95     30223.0
 2024 07 15 10 44 00 000    0.14     2.81    -0.93  -305.30      8.00      6.40    7.77     28858.0
 2024 07 15 10 45 00 000   -0.02     2.80    -0.46  -305.60      8.10      6.30    7.89     29137.0
 2024 07 15 10 46 00 000   -0.32     2.66     0.08  -305.60      8.10      6.30    7.91     29176.0
 2024 07 15 10 47 00 000   -0.73     2.22     1.14  -305.60      8.10      6.30    7.91     29176.0
 2024 07 15 10 48 00 000   -0.83     2.09     1.24  -307.60      9.60      1.90    7.81     22582.0
 2024 07 15 10 49 00 000   -0.80     2.13     1.11  -307.60      9.60      1.90    7.81     22582.0
 2024 07 15 10 50 00 000   -0.84     2.10     1.17  -307.60      9.60      1.90    7.81     22582.0
 2024 07 15 10 51 00 000   -0.89     2.11     1.17  -305.00     10.90      8.40    8.35     26402.0
 2024 07 15 10 52 00 000   -1.04     2.22     1.15  -305.00     10.90      8.40    8.35     26439.0
 2024 07 15 10 53 00 000   -1.01     2.13     1.12  -304.80     12.00      7.60    8.68     31005.0
 2024 07 15 10 54 00 000   -1.04     2.07     1.15  -304.80     12.00      7.60    8.68     31010.0
 2024 07 15 10 55 00 000   -1.17     1.75     1.37  -303.90     12.60      8.10    8.51     27707.0
 2024 07 15 10 56 00 000   -1.43     0.53     1.64  -303.90     12.60      8.10    8.51     27707.0
 2024 07 15 10 57 00 000   -0.85     2.08     0.54  -303.30     12.90      7.70    8.50     28726.0
 2024 07 15 10 58 00 000   -0.33     2.16     0.37  -303.50     12.70      8.00    8.49     28780.0
 2024 07 15 10 59 00 000   -0.38     2.39     0.65  -305.90     10.70     11.10    8.38     29309.0
 2024 07 15 11 00 00 000   -0.29     2.28     0.33  -305.90     10.70     11.10    8.38     29309.0
 2024 07 15 11 01 00 000   -0.44     2.49     0.38  -306.50      8.40      9.50    8.42     30261.0
 2024 07 15 11 02 00 000   -0.38     2.55     0.36  -306.70      8.80      9.10    8.37     29709.0
 2024 07 15 11 03 00 000   -0.35     2.21     0.37  -306.70      8.10      8.20    8.45     30725.0
 2024 07 15 11 04 00 000   -0.30     2.32     0.26  -306.70      7.60      8.00    8.50     31340.0
 2024 07 15 11 05 00 000   -0.36     2.66     0.09  -307.00      6.50      8.70    8.47     28419.0
 2024 07 15 11 06 00 000   -0.54     2.53     0.09  -307.20      6.70     10.20    8.50     28275.0
 2024 07 15 11 07 00 000   -1.15     1.65     1.36  -305.30      7.90      7.80    8.71     30379.0
 2024 07 15 11 08 00 000   -0.60     2.40     0.70  -305.10      8.10      7.40    8.74     30655.0
 2024 07 15 11 09 00 000   -0.54     2.46     0.69  -306.40      7.10      9.40    8.60     26655.0
 2024 07 15 11 10 00 000   -0.48     2.47     0.60  -306.40      7.10      9.50    8.61     26726.0
 2024 07 15 11 11 00 000   -0.47     2.48     0.64  -306.80      7.30     10.50    8.76     27526.0
 2024 07 15 11 12 00 000   -0.44     2.49     0.60  -307.10      7.10     10.80    8.68     28006.0
 2024 07 15 11 13 00 000   -0.39     2.42     0.56  -307.30      7.00     11.00    8.65     28227.0
 2024 07 15 11 14 00 000   -0.49     2.38     0.69  -306.20      5.50      9.70    9.05     27243.0
 2024 07 15 11 15 00 000   -0.39     2.43     0.51  -306.20      5.50      9.70    9.05     27242.0
 2024 07 15 11 16 00 000   -0.46     2.47     0.36  -306.20      5.50      9.70    9.05     27242.0
 2024 07 15 11 17 00 000   -0.47     2.43     0.62  -307.20      5.10     10.60    8.83     26024.0
 2024 07 15 11 18 00 000   -0.51     2.42     0.66  -307.10      5.00     10.60    8.89     25523.0
 2024 07 15 11 19 00 000   -0.53     2.41     0.82  -307.00      4.90     10.30    8.94     24871.0
 2024 07 15 11 20 00 000   -0.72     2.53     0.69  -307.10      5.10      9.80    8.92     24735.0
 2024 07 15 11 21 00 000   -0.72     2.55     0.75  -307.10      5.10      9.80    8.92     24735.0
 2024 07 15 11 22 00 000   -0.68     2.54     0.79  -306.30      6.10     10.50    8.77     25237.0
 2024 07 15 11 23 00 000   -0.87     2.41     0.93  -306.10      6.10      9.70    8.84     26663.0
 2024 07 15 11 24 00 000   -0.95     2.19     1.15  -305.60      6.80      8.80    8.95     27363.0
 2024 07 15 11 25 00 000   -0.94     1.80     1.43  -305.20      7.70      9.10    8.96     26049.0
 2024 07 15 11 26 00 000   -0.97     1.72     1.48  -305.10      7.80      8.80    9.02     26006.0
 2024 07 15 11 27 00 000   -1.05     1.40     1.69  -305.10      7.80      8.50    9.07     25974.0
 2024 07 15 11 28 00 000   -1.03     1.46     1.66  -305.50      7.40      8.30    9.11     26329.0
 2024 07 15 11 29 00 000   -1.10     1.68     1.41  -305.50      7.40      8.30    9.12     26376.0
 2024 07 15 11 30 00 000   -1.19     1.70     1.54  -304.80      7.90      9.10    9.03     26225.0
 2024 07 15 11 31 00 000   -0.81     2.38     0.80  -304.80      7.90      9.10    9.03     26225.0
 2024 07 15 11 32 00 000   -0.79     2.31     0.83  -305.30      5.80      8.00    9.19     25360.0
 2024 07 15 11 33 00 000   -0.79     2.13     1.14  -306.20      4.20     10.50    8.90     25068.0
 2024 07 15 11 34 00 000   -0.46     2.24     0.66  -306.00      4.80      8.90    9.03     24908.0
 2024 07 15 11 35 00 000   -0.29     2.28     0.48  -305.70      6.10      7.70    8.85     25133.0
 2024 07 15 11 36 00 000   -0.48     2.21     0.56  -305.70      6.40      7.50    8.81     25178.0
 2024 07 15 11 37 00 000   -1.05     1.96     1.00  -305.50      6.40      8.60    9.16     25104.0
 2024 07 15 11 38 00 000   -0.71     2.19     0.97  -305.80      6.20      8.70    9.13     25957.0
 2024 07 15 11 39 00 000   -0.81     2.12     0.97  -306.80      5.60      9.10    9.03     29309.0
 2024 07 15 11 40 00 000   -0.83     2.01     1.03  -305.10      6.30      9.00    9.43     25117.0
 2024 07 15 11 41 00 000   -0.99     1.96     1.09  -305.40      6.60      9.60    9.26     26561.0
 2024 07 15 11 42 00 000   -0.92     1.98     1.11  -305.10      7.60      9.20    9.14     25768.0
 2024 07 15 11 43 00 000   -0.95     1.95     1.08  -305.10      7.80      8.00    9.21     24959.0
 2024 07 15 11 44 00 000   -0.92     1.68     1.40  -305.30      7.50      8.10    9.22     24802.0
 2024 07 15 11 45 00 000   -1.46     1.81     0.60  -305.20      8.60      8.10    9.19     26466.0
 2024 07 15 11 46 00 000   -1.46     1.81     0.60  -305.70      7.30      7.80    9.39     28138.0
 2024 07 15 11 47 00 000   -1.48     1.76     0.64  -305.70      7.30      7.80    9.39     28149.0
 2024 07 15 11 48 00 000   -1.48     1.76     0.64  -305.70      7.30      7.80    9.39     28149.0
 2024 07 15 11 50 00 000   -1.49     1.82     0.52  -305.70      7.30      7.80    9.39     28149.0
 2024 07 15 11 52 00 000   -1.54     1.76     0.51  -305.70      7.30      7.80    9.39     28149.0
 2024 07 15 11 54 00 000   -1.60     1.71     0.43  -305.70      7.30      7.80    9.39     28149.0
 2024 07 15 11 56 00 000   -1.58     1.71     0.42  -305.70      7.30      7.80    9.39     28149.0
 2024 07 15 11 58 00 000   -1.61     1.72     0.41  -305.70      7.30      7.80    9.39     28149.0
 2024 07 15 12 00 00 000   -1.52     1.82     0.56  -305.70      7.30      7.80    9.39     28149.0
 2024 07 15 12 02 00 000   -1.54     1.80     0.55  -306.30      6.60      7.80    9.19     24662.0
 2024 07 15 12 04 00 000   -1.44     1.83     0.71  -306.30      6.60      7.80    9.19     24662.0
 2024 07 15 12 06 00 000   -1.51     1.79     0.73  -306.30      6.60      7.80    9.19     24662.0
 2024 07 15 12 07 00 000   -1.82     1.44     0.79  -306.30      6.60      7.90    9.11     24882.0
 2024 07 15 12 08 00 000   -1.73     1.55     0.77  -306.20      6.50      8.30    9.18     24828.0
 2024 07 15 12 09 00 000   -1.66     1.63     0.81  -306.10      6.50      8.40    9.20     24809.0
 2024 07 15 12 10 00 000   -1.64     1.65     0.74  -306.10      6.50      8.40    9.20     24809.0
 2024 07 15 12 14 00 000    0.34     2.03    -0.02  -304.00      2.30      5.70    9.63     27089.0
 2024 07 15 12 15 00 000   -1.05     1.67     0.59  -304.50      3.10      6.30    9.52     26624.0
 2024 07 15 12 16 00 000   -1.70     1.39     0.72  -306.50      5.30      8.00    9.19     25305.0
 2024 07 15 12 17 00 000   -0.22     1.81     0.34  -306.70      5.10      7.00    9.61     26287.0
 2024 07 15 12 18 00 000   -0.29     1.75     0.40  -306.80      4.40      6.00   10.65     28125.0
 2024 07 15 12 19 00 000    0.19     1.98     0.19  -306.50      2.90      5.90   10.22     28240.0
 2024 07 15 12 20 00 000    0.35     2.05     0.15  -304.60      3.00      5.60    9.98     27520.0
 2024 07 15 12 21 00 000    0.31     2.08     0.08  -305.90      3.60      5.40   10.49     30119.0
 2024 07 15 12 22 00 000    0.31     2.09     0.07  -304.50      2.80      5.40    9.88     28205.0
 2024 07 15 12 23 00 000    0.35     2.03     0.03  -306.80      3.70      5.20   10.49     28924.0
 2024 07 15 12 24 00 000    0.38     2.07     0.01  -306.80      4.00      5.40   10.57     28856.0
 2024 07 15 12 25 00 000    0.25     1.94     0.13  -304.40      3.00      5.90    9.82     26909.0
 2024 07 15 12 26 00 000    0.19     1.87     0.27  -309.00      4.10      5.10   11.01     29668.0
 2024 07 15 12 27 00 000    0.26     2.04     0.03  -309.20      4.20      5.10   11.07     29779.0
 2024 07 15 12 28 00 000    0.30     2.17    -0.30  -309.10      4.20      4.50   11.18     28831.0
 2024 07 15 12 29 00 000    0.33     2.10    -0.44  -309.10      4.20      4.50   11.18     28831.0
 2024 07 15 12 30 00 000    0.33     2.04    -0.47  -308.50      4.50      4.90   11.21     29683.0
 2024 07 15 12 31 00 000    0.43     1.88    -0.02  -308.50      4.50      4.90   11.21     29683.0
 2024 07 15 12 32 00 000    0.62     1.70     0.15  -308.50      4.50      4.90   11.21     29683.0
 2024 07 15 12 33 00 000    0.48     1.74    -0.37  -309.50      4.00      3.90   11.73     30411.0
 2024 07 15 12 34 00 000    0.58     1.72    -0.52  -309.30      4.10      3.60   11.62     30057.0
 2024 07 15 12 35 00 000    0.56     1.83    -0.34  -308.40      4.10      3.40   11.25     28921.0
 2024 07 15 12 36 00 000    0.54     1.71    -0.38  -307.60      4.70      4.30   11.51     31459.0
 2024 07 15 12 37 00 000    0.52     1.73    -0.41  -307.60      5.90      4.00   11.55     32720.0
 2024 07 15 12 38 00 000    0.66     1.84    -0.43  -309.50      6.00      5.20   11.48     30652.0
 2024 07 15 12 39 00 000    0.77     1.92    -0.67  -308.80      6.10      5.10   11.28     29602.0
 2024 07 15 12 40 00 000    0.62     1.97    -0.63  -308.80      5.80      4.10   11.51     29837.0
 2024 07 15 12 41 00 000    0.43     1.80    -0.69  -308.70      5.30      4.10   11.53     29926.0
 2024 07 15 12 42 00 000    0.67     2.06    -0.55  -308.20      5.90      4.90   11.59     30843.0
 2024 07 15 12 43 00 000    0.96     2.42    -0.43  -308.00      6.40      5.40   11.62     31395.0
 2024 07 15 12 44 00 000    0.97     2.39    -0.34  -307.70      8.60      5.40   11.31     31285.0
 2024 07 15 12 45 00 000    1.01     2.40    -0.22  -307.70      8.60      5.40   11.31     31285.0
 2024 07 15 12 46 00 000    1.05     2.47    -0.24  -307.70      8.60      5.40   11.31     31285.0
 2024 07 15 12 47 00 000    1.01     2.44    -0.23  -307.10      8.90      6.20   11.41     31368.0
 2024 07 15 12 48 00 000    0.38     2.27     0.48  -307.10      8.90      6.20   11.41     31368.0
 2024 07 15 12 49 00 000    0.40     2.32     0.48  -309.20      6.10      6.70   11.82     30650.0
 2024 07 15 12 50 00 000    1.01     2.41    -0.34  -309.40      5.80      6.80   11.86     30574.0
 2024 07 15 12 51 00 000    0.99     2.38    -0.42  -307.70      8.60      4.60   11.64     32992.0
 2024 07 15 12 52 00 000    0.85     2.49    -0.31  -307.60      8.70      4.50   11.63     33071.0
 2024 07 15 12 53 00 000    0.80     2.58    -0.41  -307.70      9.20      5.90   11.35     31838.0
 2024 07 15 12 54 00 000    0.93     2.54    -0.51  -307.70      9.20      5.90   11.35     31838.0
 2024 07 15 12 55 00 000    1.04     2.52    -0.54  -307.60      8.50      5.10   11.19     29709.0
 2024 07 15 12 56 00 000    1.00     2.44    -0.57  -307.60      8.50      5.10   11.19     29729.0
 2024 07 15 12 57 00 000    1.01     2.30    -0.63  -307.70      9.20      5.80   11.52     31310.0
 2024 07 15 12 58 00 000    1.19     2.17    -0.77  -307.40      8.90      6.20   11.40     30426.0
 2024 07 15 12 59 00 000    1.03     1.93    -1.25  -307.60      8.60      6.50   11.50     30560.0
 2024 07 15 13 00 00 000    1.03     1.94    -1.07  -308.30      8.30      6.00   11.72     30558.0
 2024 07 15 13 01 00 000    0.95     1.75    -1.16  -308.10      7.80      5.60   11.79     31607.0
 2024 07 15 13 02 00 000    0.83     1.75    -1.27  -308.80      7.10      4.70   11.99     32367.0
 2024 07 15 13 03 00 000    0.67     1.74    -1.42  -308.50      8.20      5.50   11.74     29905.0
 2024 07 15 13 04 00 000    0.72     1.85    -1.42  -309.20      7.80      5.60   11.83     30492.0
 2024 07 15 13 05 00 000    0.84     1.86    -1.36  -309.50      8.00      5.40   11.90     30406.0
 2024 07 15 13 06 00 000    0.79     1.84    -1.45  -309.90      8.20      5.10   12.00     30275.0
 2024 07 15 13 07 00 000   -0.29     1.02    -2.03  -308.30     10.40      5.20   12.04     27687.0
 2024 07 15 13 08 00 000    0.58     1.68    -1.62  -308.60     10.10      5.20   12.17     28287.0
 2024 07 15 13 09 00 000    0.78     1.73    -1.50  -309.60      9.10      5.20   12.49     30005.0
 2024 07 15 13 10 00 000    0.82     1.73    -1.47  -309.70      9.00      5.10   12.71     29978.0
 2024 07 15 13 11 00 000    0.81     1.78    -1.49  -309.70      9.00      5.10   12.71     29983.0
 2024 07 15 13 12 00 000    0.82     2.01    -1.30  -310.20      9.30      5.30   12.72     30194.0
 2024 07 15 13 13 00 000    0.86     2.05    -1.30  -310.30      9.40      5.10   12.59     30093.0
 2024 07 15 13 14 00 000    0.96     1.99    -1.33  -310.50      9.60      4.80   12.41     29951.0
 2024 07 15 13 15 00 000    0.88     2.01    -1.41  -310.80      8.80      4.90   12.80     32100.0
 2024 07 15 13 16 00 000    0.83     2.10    -1.81  -310.80      8.70      4.90   12.85     32339.0
 2024 07 15 13 17 00 000    0.80     2.04    -1.86  -310.80      8.70      4.90   12.85     32339.0
 2024 07 15 13 18 00 000    0.79     2.05    -1.78  -310.80      8.70      4.90   12.85     32339.0
 2024 07 15 13 19 00 000    0.81     2.06    -1.82  -310.50      9.40      4.40   12.89     29897.0
 2024 07 15 13 20 00 000    0.74     1.99    -1.86  -310.50      9.40      4.40   12.88     29879.0
 2024 07 15 13 21 00 000    0.80     2.09    -1.93  -310.60      9.40      4.50   12.73     29415.0
 2024 07 15 13 22 00 000    0.78     2.13    -2.02  -310.30      9.90      5.20   12.75     29073.0
 2024 07 15 13 23 00 000    0.83     1.88    -1.83  -310.20      9.90      5.50   12.76     29027.0
 2024 07 15 13 24 00 000    0.87     1.73    -1.78  -310.50      8.70      6.70   12.92     29442.0
 2024 07 15 13 25 00 000    0.88     1.63    -1.88  -310.40      8.70      7.00   12.94     29442.0
 2024 07 15 13 26 00 000    0.87     1.66    -1.91  -310.40      8.70      7.10   12.94     29442.0
 2024 07 15 13 27 00 000    0.80     1.67    -1.90  -310.10      8.90      6.50   12.93     29683.0
 2024 07 15 13 28 00 000    0.78     1.78    -2.00  -309.90      9.10      6.30   12.88     29820.0
 2024 07 15 13 29 00 000    0.22     1.04    -2.46  -309.40      9.90      5.60   12.69     30275.0
 2024 07 15 13 30 00 000    0.03     0.84    -2.44  -308.20     10.70      7.10   12.92     31201.0
 2024 07 15 13 31 00 000    0.10     0.75    -2.44  -308.20     10.70      6.80   13.06     31694.0
 2024 07 15 13 32 00 000    0.00     0.80    -2.39  -308.30     10.60      6.00   13.52     33269.0
 2024 07 15 13 33 00 000   -0.15     0.67    -2.45  -309.60     11.70      4.90   13.07     30456.0
 2024 07 15 13 34 00 000    0.12     1.04    -2.64  -309.60     11.80      4.90   13.06     30390.0
 2024 07 15 13 35 00 000    0.10     1.20    -2.86  -308.70     13.60      4.10   13.35     31038.0
 2024 07 15 13 36 00 000   -0.01     1.19    -3.01  -308.80     13.40      4.00   13.33     30789.0
 2024 07 15 13 37 00 000   -0.03     1.19    -3.18  -309.70     11.90      3.60   13.18     29282.0
 2024 07 15 13 38 00 000    0.09     1.55    -2.98  -309.40     12.10      4.60   13.02     28793.0
 2024 07 15 13 39 00 000    0.18     1.78    -2.93  -309.20     12.20      5.10   12.94     28568.0
 2024 07 15 13 40 00 000    0.21     1.69    -2.92  -309.50     11.90      5.10   12.96     29016.0
 2024 07 15 13 41 00 000    0.18     1.75    -2.88  -309.20     11.90      5.50   12.94     28466.0
 2024 07 15 13 42 00 000    0.21     1.65    -2.88  -308.90     11.90      5.90   12.92     27845.0
 2024 07 15 13 43 00 000    0.17     1.48    -2.86  -309.60     11.60      6.00   13.19     29011.0
 2024 07 15 13 44 00 000    0.23     1.36    -2.89  -309.50     11.60      5.60   13.25     28845.0
 2024 07 15 13 45 00 000    0.51     1.36    -2.94  -309.50     11.60      5.30   13.30     28699.0
 2024 07 15 13 46 00 000    0.51     1.35    -2.96  -309.70     10.50      4.40   13.32     30648.0
 2024 07 15 13 47 00 000    0.57     1.23    -2.99  -309.90     11.10      4.80   13.32     30197.0
 2024 07 15 13 48 00 000    0.57     1.14    -2.83  -310.10     11.70      5.30   13.33     29656.0
 2024 07 15 13 49 00 000    0.50     1.03    -2.51  -308.70      9.90      4.80   13.08     32255.0
 2024 07 15 13 50 00 000    0.74     1.31    -2.79  -308.80      9.90      4.80   13.08     32028.0
 2024 07 15 13 51 00 000    0.56     1.46    -2.97  -310.00      9.80      5.00   13.02     29360.0
 2024 07 15 13 52 00 000   -0.78     1.32    -2.66  -309.20     11.30      3.50   13.57     29239.0
 2024 07 15 13 53 00 000   -2.36     0.89    -2.21  -309.10     11.40      3.30   13.63     29229.0
 2024 07 15 13 54 00 000   -1.47     0.17    -2.64  -309.10     11.40      3.30   13.63     29229.0
 2024 07 15 13 55 00 000    1.05     1.57    -2.99  -314.80      8.90      2.20   12.99     28515.0
 2024 07 15 13 56 00 000    0.86     1.60    -2.94  -314.60      8.90      2.30   12.96     28219.0
 2024 07 15 13 57 00 000    1.04     1.36    -3.15  -312.50      9.20      2.70   12.75     25475.0
 2024 07 15 13 58 00 000    1.06     1.46    -3.23  -314.20     10.10      2.10   12.96     26741.0
 2024 07 15 13 59 00 000    1.01     1.40    -3.18  -312.60     10.00      2.00   13.29     28576.0
 2024 07 15 14 00 00 000    1.15     1.46    -3.06  -313.70      9.80      2.70   13.13     28413.0
 2024 07 15 14 01 00 000    1.12     1.43    -3.12  -314.10      9.80      3.00   13.07     28358.0
 2024 07 15 14 02 00 000    1.12     1.45    -3.18  -314.10      9.80      3.00   13.07     28358.0
 2024 07 15 14 03 00 000    1.34     1.45    -3.07  -314.10      9.80      3.00   13.07     28358.0
 2024 07 15 14 04 00 000    1.36     1.45    -3.11  -313.60     10.10      2.70   13.00     27577.0
 2024 07 15 14 05 00 000    1.26     1.66    -3.06  -313.60     10.10      2.70   13.00     27577.0
 2024 07 15 14 06 00 000    0.85     1.06    -3.26  -313.60     10.10      2.70   13.00     27577.0
 2024 07 15 14 07 00 000    1.24     1.59    -3.24  -313.30      8.70      1.50   13.30     28647.0
 2024 07 15 14 08 00 000    1.29     2.00    -2.99  -313.30      8.70      1.50   13.30     28647.0
 2024 07 15 14 09 00 000    1.49     1.80    -3.01  -313.30      8.70      1.50   13.30     28647.0
 2024 07 15 14 10 00 000    1.41     1.93    -3.07  -313.30      8.70      1.50   13.30     28647.0
 2024 07 15 14 11 00 000    1.36     1.95    -3.04  -313.30      8.70      1.50   13.30     28647.0
 2024 07 15 14 12 00 000    1.35     2.07    -2.98  -313.30      8.70      1.50   13.30     28647.0
 2024 07 15 14 13 00 000    1.28     2.13    -2.93  -313.30      8.70      1.50   13.30     28647.0
 2024 07 15 14 14 00 000    1.14     2.21    -3.13  -311.90      9.70      0.40   13.11     28778.0
 2024 07 15 14 15 00 000    1.10     2.24    -3.14  -311.90      9.70      0.40   13.11     28778.0
 2024 07 15 14 16 00 000    1.09     2.14    -3.15  -311.60      9.50     -1.10   12.60     26554.0
 2024 07 15 14 17 00 000    1.15     2.08    -3.15  -311.60      9.50     -1.10   12.60     26554.0
 2024 07 15 14 18 00 000    1.27     2.10    -3.07  -311.60      9.50     -1.10   12.60     26554.0
 2024 07 15 14 19 00 000    1.22     2.12    -3.13  -310.00     10.50     -0.80   12.86     27268.0
 2024 07 15 14 20 00 000    1.12     2.21    -3.14  -310.60     10.30     -2.70   12.78     28398.0
 2024 07 15 14 21 00 000    1.09     2.31    -3.07  -310.80      9.90     -3.60   12.72     28607.0
 2024 07 15 14 22 00 000    1.36     1.98    -3.24  -310.40      8.90     -3.30   12.66     27217.0
 2024 07 15 14 23 00 000    1.17     2.00    -3.13  -310.40      8.30     -2.90   12.67     25780.0
 2024 07 15 14 24 00 000    1.31     2.06    -3.11  -310.40      8.20     -2.90   12.67     25624.0
 2024 07 15 14 25 00 000    1.44     2.02    -3.13  -310.10      9.90     -1.90   12.81     27732.0
 2024 07 15 14 26 00 000    1.18     2.21    -3.01  -310.40     10.00     -1.80   12.77     27383.0
 2024 07 15 14 27 00 000    1.31     1.99    -3.01  -311.00     10.10     -1.60   12.68     26680.0
 2024 07 15 14 28 00 000    1.58     1.68    -3.10  -310.00      8.80     -2.70   12.76     26055.0
 2024 07 15 14 29 00 000    1.24     1.97    -3.12  -310.20      8.90     -2.60   12.83     26086.0
 2024 07 15 14 30 00 000    1.53     1.56    -3.18  -311.70      9.80     -1.70   13.24     26326.0
 2024 07 15 14 31 00 000    1.47     1.58    -3.07  -311.10      9.60     -3.00   13.31     27226.0
 2024 07 15 14 32 00 000    1.36     1.43    -3.21  -311.10      9.60     -3.20   13.33     27312.0
 2024 07 15 14 33 00 000    1.32     1.53    -3.18  -311.40      9.30     -3.80   13.40     27269.0
 2024 07 15 14 34 00 000    1.27     1.66    -3.12  -311.60      8.70     -4.80   13.40     28500.0
 2024 07 15 14 35 00 000    1.18     1.76    -3.06  -311.60      8.50     -4.90   13.37     28215.0
 2024 07 15 14 36 00 000    1.35     1.68    -3.02  -311.50      7.40     -5.20   13.22     26655.0
 2024 07 15 14 37 00 000    1.52     1.45    -3.03  -312.30      6.80     -4.90   13.25     27759.0
 2024 07 15 14 38 00 000    1.50     1.68    -3.04  -312.40      6.70     -4.80   13.26     27966.0
 2024 07 15 14 39 00 000    1.53     1.62    -3.05  -312.60      5.00     -6.50   13.07     28515.0
 2024 07 15 14 40 00 000    1.39     1.38    -3.01  -312.40      6.20     -6.60   13.07     28011.0
 2024 07 15 14 41 00 000    1.23     1.70    -2.96  -312.10      8.40     -6.90   13.06     27114.0
 2024 07 15 14 42 00 000    1.09     1.64    -2.97  -312.10      8.40     -6.90   13.06     27114.0
 2024 07 15 14 43 00 000    1.14     1.11    -3.16  -310.50      6.60     -8.10   13.13     27114.0
 2024 07 15 14 44 00 000    1.32     1.17    -3.08  -311.80      6.50     -8.20   13.13     27230.0
 2024 07 15 14 45 00 000    1.03     0.93    -3.23  -312.50      6.60     -8.20   13.15     27362.0
 2024 07 15 14 46 00 000    0.88     0.20    -3.15  -311.30      7.90     -6.40   13.53     28647.0
 2024 07 15 14 47 00 000    0.75     1.05    -3.04  -311.30      7.90     -6.40   13.53     28647.0
 2024 07 15 14 48 00 000    0.22     1.26    -3.16  -306.80      6.70     -8.40   12.32     23147.0
 2024 07 15 14 49 00 000    0.64     0.31    -3.25  -308.40      8.30     -8.10   13.00     25775.0
 2024 07 15 14 50 00 000    0.41     0.65    -3.46  -309.40      9.40     -7.80   13.42     27412.0
 2024 07 15 14 51 00 000    1.59     2.60    -2.53  -309.50      9.90     -7.10   12.48     25079.0
 2024 07 15 14 52 00 000    1.82     2.95    -2.35  -309.50      9.90     -7.10   12.48     25079.0
 2024 07 15 14 53 00 000    1.67     2.60    -2.74  -308.00     10.30     -3.60   12.59     25699.0
 2024 07 15 14 54 00 000    1.64     2.60    -2.84  -308.20     10.30     -4.70   12.59     25411.0
 2024 07 15 14 55 00 000    1.65     2.65    -2.86  -308.50     10.40     -6.00   12.59     25054.0
 2024 07 15 14 56 00 000    1.58     2.73    -2.88  -308.40     10.20     -6.20   12.24     24062.0
 2024 07 15 14 57 00 000    1.54     2.78    -2.83  -308.40     10.20     -6.20   12.24     24055.0
 2024 07 15 14 58 00 000    1.39     2.91    -2.63  -307.40     10.50     -7.30   12.69     24491.0
 2024 07 15 14 59 00 000    1.61     2.99    -2.57  -307.40     10.50     -7.30   12.68     24480.0
 2024 07 15 15 00 00 000    1.75     3.09    -2.50  -307.50     10.40     -6.70   12.37     24031.0
 2024 07 15 15 01 00 000    1.71     3.06    -2.50  -306.30     13.30     -6.60   12.56     25014.0
 2024 07 15 15 02 00 000    1.71     2.25    -3.15  -305.70     14.90     -6.50   12.67     25549.0
 2024 07 15 15 03 00 000    1.73     2.17    -3.13  -305.70     15.40     -4.40   12.62     24321.0
 2024 07 15 15 04 00 000    1.73     2.26    -2.98  -305.60     15.40     -4.50   12.71     24793.0
 2024 07 15 15 05 00 000    1.74     2.04    -3.09  -305.20     15.30     -5.10   13.09     26706.0
 2024 07 15 15 06 00 000    1.95     2.38    -2.76  -305.00     15.60     -5.00   12.65     24737.0
 2024 07 15 15 07 00 000    2.04     2.40    -2.71  -304.90     15.80     -4.90   12.46     23862.0
 2024 07 15 15 08 00 000    1.80     2.23    -2.85  -303.90     16.70     -3.70   12.86     24590.0
 2024 07 15 15 09 00 000    1.72     2.52    -2.64  -303.80     16.80     -3.60   12.89     24638.0
 2024 07 15 15 10 00 000    1.82     2.64    -2.36  -303.60     15.20     -3.80   12.36     22817.0
 2024 07 15 15 11 00 000    1.78     2.66    -2.18  -303.60     15.20     -3.80   12.36     22817.0
 2024 07 15 15 12 00 000    1.72     2.66    -2.19  -301.20     16.60     -7.10   12.88     23886.0
 2024 07 15 15 13 00 000    1.79     2.54    -2.26  -301.20     16.60     -7.10   12.88     23886.0
 2024 07 15 15 14 00 000    1.84     2.48    -2.29  -301.30     15.00     -6.70   12.99     24443.0
 2024 07 15 15 15 00 000    1.54     2.65    -2.43  -301.30     15.00     -6.70   12.99     24443.0
 2024 07 15 15 16 00 000    0.81     2.36    -3.03  -298.70     16.60     -4.40   12.34     21224.0
 2024 07 15 15 17 00 000    1.22     2.40    -2.79  -298.70     16.60     -4.40   12.34     21225.0
 2024 07 15 15 18 00 000    1.78     2.56    -2.29  -300.00     15.30     -5.10   12.77     23289.0
 2024 07 15 15 19 00 000    1.81     2.27    -2.56  -301.30     15.10     -4.30   12.77     24041.0
 2024 07 15 15 20 00 000    1.93     1.84    -2.75  -302.00     14.90     -3.90   12.81     24688.0
 2024 07 15 15 21 00 000    1.20     2.55    -2.49  -302.80     13.30     -4.30   13.41     28778.0
 2024 07 15 15 22 00 000    1.58     2.02    -2.69  -302.90     12.90     -4.80   13.14     26954.0
 2024 07 15 15 23 00 000    1.72     1.95    -2.71  -303.00     12.60     -5.20   12.89     25202.0
 2024 07 15 15 24 00 000    1.65     1.87    -2.87  -302.40     14.20     -3.00   12.77     25133.0
 2024 07 15 15 25 00 000    1.51     1.89    -2.90  -302.40     14.30     -2.80   12.78     25186.0
 2024 07 15 15 26 00 000    1.19     1.91    -2.99  -302.90     14.60     -1.90   13.31     26376.0
 2024 07 15 15 27 00 000    1.29     1.97    -2.99  -302.90     14.60     -1.90   13.31     26376.0
 2024 07 15 15 28 00 000    1.74     1.98    -2.60  -302.00     14.50     -3.30   12.83     24686.0
 2024 07 15 15 29 00 000    1.93     1.57    -2.78  -301.70     14.60     -3.30   12.88     25186.0
 2024 07 15 15 30 00 000    1.69     1.46    -3.05  -300.70     14.70     -3.20   13.02     26604.0
 2024 07 15 15 31 00 000    1.59     1.22    -3.28  -300.70     13.80     -1.30   12.61     25255.0
 2024 07 15 15 32 00 000    1.27     0.93    -3.42  -300.70     14.10     -0.90   12.55     24980.0
 2024 07 15 15 33 00 000    0.73     0.82    -3.50  -300.50     16.40      1.00   12.30     23862.0
 2024 07 15 15 34 00 000    0.86     0.75    -3.53  -300.80     14.50     -2.10   12.70     23773.0
 2024 07 15 15 35 00 000    0.60     0.51    -3.58  -300.80     14.30     -2.30   12.73     23766.0
 2024 07 15 15 36 00 000    0.89     0.60    -3.44  -300.60     14.40     -2.40   13.52     27359.0
 2024 07 15 15 37 00 000    1.10     0.99    -3.24  -300.60     14.60     -2.10   13.32     26049.0
 2024 07 15 15 38 00 000    1.18     1.21    -3.13  -300.60     14.90     -1.40   12.85     22934.0
 2024 07 15 15 39 00 000    1.07     0.93    -3.23  -300.80     15.10     -1.20   12.84     23142.0
 2024 07 15 15 40 00 000    0.98     0.66    -3.20  -300.80     15.10     -1.20   12.84     23147.0
 2024 07 15 15 41 00 000    0.82     0.53    -3.26  -300.10     16.00     -4.40   13.48     22256.0
 2024 07 15 15 42 00 000    0.93     0.77    -3.20  -300.10     16.00     -4.40   13.47     22256.0
 2024 07 15 15 43 00 000    0.91     0.78    -3.22  -300.30     15.40     -5.70   13.20     22256.0
 2024 07 15 15 44 00 000    1.00     0.64    -3.22  -300.80     15.20     -5.80   13.13     22356.0
 2024 07 15 15 45 00 000    0.77     0.67    -3.27  -301.20     15.10     -5.80   13.09     22419.0
 2024 07 15 15 46 00 000    0.74     0.79    -3.26  -301.20     15.10     -5.80   13.09     22419.0
 2024 07 15 15 47 00 000    0.86     0.52    -3.31  -301.20     15.10     -5.80   13.09     22419.0
 2024 07 15 15 48 00 000    0.92     0.54    -3.14  -299.40     13.20     -7.90   13.25     23479.0
 2024 07 15 15 49 00 000    0.80     0.75    -3.13  -299.40     13.20     -7.90   13.25     23479.0
 2024 07 15 15 50 00 000    0.85     0.87    -3.12  -299.50     14.30     -7.60   13.33     22590.0
 2024 07 15 15 51 00 000    1.11     0.96    -2.93  -299.30     14.40     -6.80   13.39     25299.0
 2024 07 15 15 52 00 000    1.08     1.09    -2.88  -299.10     14.50     -5.90   13.46     28175.0
 2024 07 15 15 53 00 000    0.99     0.93    -2.95  -299.10     14.50     -5.90   13.46     28175.0
 2024 07 15 15 54 00 000    0.80     0.66    -2.88  -299.80     12.50     -6.80   12.56     23566.0
 2024 07 15 15 55 00 000    0.83     0.41    -2.86  -298.80     13.90     -6.00   12.73     24596.0
 2024 07 15 15 56 00 000    1.30     0.81    -2.67  -298.80     13.90     -5.60   12.61     24432.0
 2024 07 15 15 57 00 000    1.46     0.63    -2.66  -299.30     13.20     -5.30   12.28     23527.0
 2024 07 15 15 58 00 000    0.81     0.97    -2.79  -299.30     13.90     -4.30   12.66     25001.0
 2024 07 15 15 59 00 000    0.34     0.93    -3.03  -299.30     14.00     -4.20   12.69     25128.0
 2024 07 15 16 00 00 000    0.20     0.83    -3.05  -297.80     13.90     -3.70   13.08     24662.0
 2024 07 15 16 01 00 000   -0.05     0.66    -3.05  -297.70     15.10     -3.50   13.10     24592.0
 2024 07 15 16 02 00 000    0.26     0.77    -3.08  -297.60     16.50     -3.30   13.12     24516.0
 2024 07 15 16 03 00 000    0.27     0.51    -3.19  -296.50     16.40     -1.50   12.79     23171.0
 2024 07 15 16 04 00 000    0.33     0.59    -3.01  -296.50     16.40     -1.70   12.80     23105.0
 2024 07 15 16 05 00 000   -0.38     0.22    -3.21  -296.80     17.20     -7.20   13.17     21270.0
 2024 07 15 16 06 00 000    0.01     0.45    -3.08  -296.30     17.00     -5.00   13.42     25429.0
 2024 07 15 16 07 00 000   -0.88    -0.55    -3.04  -296.10     16.90     -4.10   13.51     27012.0
 2024 07 15 16 08 00 000   -1.60    -1.82    -1.90  -298.50     14.90     -7.20   13.06     25599.0
 2024 07 15 16 09 00 000   -1.69    -1.96    -1.88  -298.50     14.90     -7.30   13.01     25482.0
 2024 07 15 16 10 00 000   -1.56    -1.31    -2.39  -299.10     14.80     -8.50   12.45     24079.0
 2024 07 15 16 11 00 000   -1.24    -0.65    -2.74  -299.00     14.10     -8.80   12.59     23219.0
 2024 07 15 16 12 00 000   -1.35    -0.92    -2.66  -298.90     13.70     -9.00   12.71     22454.0
 2024 07 15 16 13 00 000   -1.35    -0.93    -2.62  -297.80     16.60     -7.40   12.77     21997.0
 2024 07 15 16 14 00 000   -1.55    -1.13    -2.41  -298.90     16.50     -0.10   10.69     16946.0
 2024 07 15 16 15 00 000   -1.31    -0.51    -2.80  -298.30     16.00     -2.90   11.76     20230.0
 2024 07 15 16 16 00 000   -1.40    -0.92    -2.64  -298.30     16.00     -2.90   11.76     20230.0
 2024 07 15 16 17 00 000   -1.57    -1.26    -2.36  -297.40     15.70     -4.90   12.35     24103.0
 2024 07 15 16 18 00 000   -1.29    -0.45    -2.88  -297.40     15.70     -4.90   12.35     24103.0
 2024 07 15 16 19 00 000   -1.01     0.62    -3.53  -297.80     13.10     -4.30   12.03     22316.0
 2024 07 15 16 20 00 000   -0.93     0.66    -3.36  -297.70     13.10     -4.50   12.13     23068.0
 2024 07 15 16 21 00 000   -1.06     0.46    -3.38  -297.30     13.60     -5.90   12.84     27966.0
 2024 07 15 16 22 00 000   -1.30    -2.38    -1.68  -299.10     12.40     -5.20   12.14     24743.0
 2024 07 15 16 23 00 000   -1.40    -2.44    -1.71  -299.30     12.30     -5.10   12.06     24367.0
 2024 07 15 16 24 00 000   -1.57    -2.37    -1.86  -299.20     11.40     -5.10   11.96     24055.0
 2024 07 15 16 25 00 000   -1.60    -2.15    -2.13  -299.20     11.40     -5.10   11.96     24056.0
 2024 07 15 16 26 00 000   -1.59    -1.00    -2.59  -298.40      9.30     -3.90   12.09     24809.0
 2024 07 15 16 27 00 000   -1.41    -0.96    -2.69  -298.50      9.10     -3.80   12.13     25242.0
 2024 07 15 16 28 00 000   -1.59    -0.70    -2.48  -298.60      8.60     -3.60   12.20     26074.0
 2024 07 15 16 29 00 000   -1.62    -1.10    -2.41  -298.60      8.60     -3.60   12.20     26074.0
 2024 07 15 16 30 00 000   -1.47    -2.43    -1.65  -298.60      8.60     -3.60   12.20     26074.0
 2024 07 15 16 31 00 000   -1.64    -2.07    -2.01  -300.00     12.50     -5.70   12.25     23242.0
 2024 07 15 16 32 00 000   -1.67    -2.18    -2.00  -300.00     12.60     -5.60   12.24     23173.0
 2024 07 15 16 33 00 000   -1.84    -2.50    -1.03  -299.30     14.10     -4.00   12.12     22094.0
 2024 07 15 16 34 00 000   -1.91    -2.52    -0.80  -299.30     14.10     -4.00   12.12     22094.0
 2024 07 15 16 35 00 000   -2.19    -1.94    -1.34  -299.60     13.20     -6.20   11.98     23862.0
 2024 07 15 16 36 00 000   -1.79    -2.82    -0.52  -299.80     13.00     -6.60   12.23     24875.0
 2024 07 15 16 37 00 000   -1.67    -2.75    -1.29  -300.40     12.30     -7.70   12.95     27718.0
 2024 07 15 16 38 00 000   -0.98    -0.71    -3.15  -301.40     10.10     -0.70   12.40     24540.0
 2024 07 15 16 39 00 000   -0.16    -0.30    -3.68  -302.80      8.70     -0.30   12.17     23288.0
 2024 07 15 16 40 00 000   -0.44    -0.02    -3.72  -307.50      4.00      0.90   11.39     18997.0
 2024 07 15 16 41 00 000   -0.27     0.08    -3.74  -304.50      5.90     -4.60   11.56     20462.0
 2024 07 15 16 42 00 000   -0.24    -0.15    -3.81  -304.40      6.00     -4.80   11.57     20527.0
 2024 07 15 16 43 00 000   -0.27    -0.09    -3.65  -303.80      4.10     -4.80   11.79     19996.0
 2024 07 15 16 44 00 000   -0.36    -0.11    -3.68  -303.80      4.10     -4.80   11.79     19996.0
 2024 07 15 16 45 00 000   -0.26    -0.31    -3.77  -302.70      6.30     -4.90   11.69     20250.0
 2024 07 15 16 46 00 000   -0.63    -0.58    -3.62  -301.80      8.00     -5.00   11.62     20438.0
 2024 07 15 16 47 00 000   -1.07    -0.63    -3.44  -301.80      8.00     -5.00   11.62     20438.0
 2024 07 15 16 48 00 000   -1.15    -0.96    -3.21  -302.70      6.10     -5.80   11.41     19755.0
 2024 07 15 16 49 00 000   -1.50    -1.55    -2.86  -302.60      6.40     -6.20   11.48     20222.0
 2024 07 15 16 50 00 000   -1.44    -1.21    -3.07  -302.40      7.20     -7.10   11.66     21545.0
 2024 07 15 16 51 00 000   -1.34    -0.93    -3.24  -303.60      6.10     -4.30   11.41     19040.0
 2024 07 15 16 52 00 000   -1.87    -1.82    -2.46  -303.00      6.70     -4.40   11.81     21655.0
 2024 07 15 16 53 00 000   -1.74    -1.66    -2.67  -302.70      7.00     -4.60   12.06     23289.0
 2024 07 15 16 54 00 000   -1.82    -1.71    -2.67  -303.40      6.50     -3.70   11.10     19357.0
 2024 07 15 16 55 00 000   -1.88    -1.71    -2.58  -304.20      6.50     -2.80   11.14     19449.0
 2024 07 15 16 56 00 000   -1.97    -1.80    -2.71  -304.70      6.50     -2.30   11.17     19515.0
 2024 07 15 16 57 00 000   -1.99    -1.98    -2.28  -304.70      4.80     -3.70   10.85     18868.0
 2024 07 15 16 58 00 000   -2.04    -2.08    -2.26  -304.40      5.40     -3.00   10.92     19071.0
 2024 07 15 16 59 00 000   -2.11    -2.17    -2.60  -304.00      6.00     -2.30   11.00     19277.0
 2024 07 15 17 00 00 000   -2.11    -2.16    -2.54  -305.30      4.70     -2.40   10.69     18613.0
 2024 07 15 17 01 00 000   -2.19    -2.23    -2.45  -305.30      4.70     -2.40   10.69     18609.0
 2024 07 15 17 02 00 000   -2.22    -2.19    -2.42  -305.40      4.40     -2.30   10.71     18254.0
 2024 07 15 17 03 00 000   -2.27    -2.19    -2.35  -305.60      5.10     -1.60   10.68     18029.0
 2024 07 15 17 04 00 000   -2.34    -2.20    -2.28  -305.50      5.40     -1.80   10.62     17854.0
 2024 07 15 17 05 00 000   -2.32    -2.28    -2.21  -305.30      5.60     -2.20   10.56     17670.0
 2024 07 15 17 06 00 000   -2.22    -2.24    -2.19  -305.20      6.00     -1.00   10.93     20592.0
 2024 07 15 17 07 00 000   -2.19    -2.15    -2.31  -305.00      5.60     -0.60   10.83     19311.0
 2024 07 15 17 08 00 000   -2.26    -2.29    -2.34  -305.10      5.40      0.80   10.43     18596.0
 2024 07 15 17 09 00 000   -2.36    -2.35    -2.70  -305.80      4.50      1.20   10.26     17624.0
 2024 07 15 17 10 00 000   -2.39    -2.23    -2.87  -307.00      2.70      2.00    9.97     15819.0
 2024 07 15 17 11 00 000   -2.25    -1.98    -3.11  -307.20      3.60     -0.90    9.84     15762.0
 2024 07 15 17 12 00 000   -2.35    -1.98    -3.35  -307.20      3.60     -1.00    9.83     15760.0
 2024 07 15 17 13 00 000   -2.91    -2.36    -2.90  -308.80      2.40     -2.20    8.62     17712.0
 2024 07 15 17 14 00 000   -3.00    -2.38    -2.73  -308.80      2.40     -2.20    8.62     17712.0
 2024 07 15 17 15 00 000   -2.94    -2.17    -2.98  -308.80      3.20     -3.80    8.42     17567.0
 2024 07 15 17 16 00 000   -2.46    -1.39    -3.51  -308.80      3.20     -3.60    8.44     17463.0
 2024 07 15 17 17 00 000   -2.28    -1.30    -3.54  -308.50      3.20     -0.90    8.85     15604.0
 2024 07 15 17 18 00 000   -2.13    -1.37    -3.61  -308.50      3.20     -0.90    8.85     15604.0
 2024 07 15 17 19 00 000   -2.26    -1.53    -3.45  -309.00      2.30     -0.10    8.74     15334.0
 2024 07 15 17 20 00 000   -2.30    -1.62    -3.37  -309.00      2.30     -0.10    8.74     15334.0
 2024 07 15 17 21 00 000   -2.42    -1.62    -3.33  -309.00      2.30     -0.10    8.74     15334.0
 2024 07 15 17 22 00 000   -2.38    -1.69    -3.33  -309.00      2.30     -0.10    8.74     15334.0
 2024 07 15 17 23 00 000   -2.38    -1.68    -3.32  -308.20      1.50      0.10    8.92     17670.0
 2024 07 15 17 24 00 000   -2.40    -1.78    -3.35  -308.20      1.50      0.10    8.92     17670.0
 2024 07 15 17 25 00 000   -2.39    -1.72    -3.43  -308.20      1.50      0.10    8.92     17670.0
 2024 07 15 17 26 00 000   -2.42    -1.72    -3.40  -308.20      1.50      0.10    8.92     17670.0
 2024 07 15 17 27 00 000   -2.36    -1.73    -3.37  -308.20      1.50      0.10    8.92     17670.0
 2024 07 15 17 28 00 000   -2.35    -1.73    -3.37  -307.20      3.00     -1.70    8.64     16173.0
 2024 07 15 17 29 00 000   -2.30    -1.59    -3.45  -307.20      3.00     -1.70    8.64     16173.0
 2024 07 15 17 30 00 000   -2.30    -1.55    -3.49  -307.20      3.00     -1.70    8.64     16173.0
 2024 07 15 17 31 00 000   -2.34    -1.65    -3.50  -307.20      3.00     -1.70    8.64     16173.0
 2024 07 15 17 32 00 000   -2.59    -1.70    -3.44  -307.20      3.00     -1.70    8.64     16173.0
 2024 07 15 17 33 00 000   -2.86    -2.03    -3.30  -308.10      2.10     -4.00    8.65     18422.0
 2024 07 15 17 34 00 000   -3.02    -2.10    -3.18  -308.10      2.10     -4.00    8.65     18422.0
 2024 07 15 17 35 00 000   -2.99    -2.13    -3.23  -308.10      2.10     -4.00    8.65     18422.0
 2024 07 15 17 37 00 000   -3.07    -2.11    -3.08  -308.10      2.10     -4.00    8.65     18422.0
 2024 07 15 17 38 00 000   -3.04    -2.05    -3.11  -308.10      2.10     -4.00    8.65     18422.0
 2024 07 15 17 40 00 000   -3.07    -2.03    -3.14  -308.10      2.10     -4.00    8.65     18422.0
 2024 07 15 17 41 00 000   -3.04    -1.79    -3.20  -308.00     -0.20      0.30    8.25     16733.0
 2024 07 15 17 42 00 000   -3.36    -1.61    -2.99  -308.20      0.40     -2.50    8.21     16796.0
 2024 07 15 17 43 00 000   -3.41    -1.47    -2.99  -308.20      0.40     -3.10    8.14     17059.0
 2024 07 15 17 44 00 000   -3.37    -1.46    -3.03  -307.50     -0.30     -3.70    8.26     18081.0
 2024 07 15 17 45 00 000   -3.44    -1.61    -2.85  -307.20      0.90     -4.60    8.22     18459.0
 2024 07 15 17 46 00 000   -3.48    -1.56    -2.85  -306.80      2.50     -5.30    8.04     17578.0
 2024 07 15 17 47 00 000   -3.46    -1.56    -2.88  -306.70      2.80     -5.60    7.98     17134.0
 2024 07 15 17 48 00 000   -3.44    -1.44    -2.99  -306.40      0.40     -3.80    8.12     19255.0
 2024 07 15 17 49 00 000   -3.49    -1.47    -2.94  -307.00      1.80     -4.40    8.14     18172.0
 2024 07 15 17 50 00 000   -3.70    -1.58    -2.59  -307.10      2.40     -4.90    8.00     17532.0
 2024 07 15 17 51 00 000   -3.59    -1.75    -2.64  -306.40      2.60     -6.10    8.39     19693.0
 2024 07 15 17 52 00 000   -3.54    -1.88    -2.68  -307.50      4.10     -6.10    8.31     18682.0
 2024 07 15 17 53 00 000   -3.65    -1.78    -2.59  -307.90      4.10     -6.10    8.32     18157.0
 2024 07 15 17 54 00 000   -3.71    -1.74    -2.52  -307.70      3.70     -6.10    8.35     18275.0
 2024 07 15 17 55 00 000   -3.66    -1.82    -2.60  -306.90      3.90     -6.30    8.26     18254.0
 2024 07 15 17 56 00 000   -3.80    -1.21    -2.94  -306.60      2.00     -5.90    8.15     18133.0
 2024 07 15 17 57 00 000   -3.92    -0.98    -2.87  -305.10     -3.10     -4.90    7.84     18393.0
 2024 07 15 17 58 00 000   -3.88    -1.19    -2.76  -305.00     -1.60     -5.40    7.95     18388.0
 2024 07 15 17 59 00 000   -3.95    -1.01    -2.82  -303.90     -6.60     -6.90    8.00     19406.0
 2024 07 15 18 00 00 000   -3.89    -1.00    -2.84  -306.10     -3.30     -4.40    7.88     21532.0
 2024 07 15 18 01 00 000   -4.17    -0.39    -2.46  -306.90     -2.80     -3.60    7.66     20150.0
 2024 07 15 18 02 00 000   -4.00    -0.52    -2.67  -307.20     -7.30     -7.00    7.55     18976.0
 2024 07 15 18 03 00 000   -3.84    -0.83    -2.95  -306.60     -6.10     -7.30    8.00     19208.0
 2024 07 15 18 04 00 000   -4.08     0.08    -2.11  -306.40     -1.40     -5.40    8.34     19733.0
 2024 07 15 18 05 00 000   -4.24     0.48    -1.84  -307.40    -10.40    -13.10    7.52     19134.0
 2024 07 15 18 06 00 000   -3.79    -0.80    -2.98  -307.40    -10.80    -13.40    7.49     19104.0
 2024 07 15 18 07 00 000   -3.81    -1.02    -3.00  -306.60     -2.60     -6.00    7.50     20106.0
 2024 07 15 18 08 00 000   -4.02    -0.77    -2.98  -308.40     -1.70     -4.60    7.79     19258.0
 2024 07 15 18 09 00 000   -3.98    -0.93    -3.01  -309.10     -1.40     -4.10    7.90     18954.0
 2024 07 15 18 10 00 000   -3.76    -1.36    -3.21  -309.10     -1.40     -4.10    7.90     18954.0
 2024 07 15 18 11 00 000   -3.84    -1.10    -3.22  -310.20      2.50     -1.40    7.71     18783.0
 2024 07 15 18 12 00 000   -3.99    -0.81    -3.14  -310.20      2.50     -1.40    7.71     18783.0
 2024 07 15 18 13 00 000   -3.92    -0.80    -3.21  -311.60      3.10     -2.30    7.79     19169.0
 2024 07 15 18 14 00 000   -4.00    -0.46    -3.15  -311.60      3.10     -2.30    7.79     19169.0
 2024 07 15 18 15 00 000   -3.96    -0.52    -3.24  -311.60      3.10     -2.30    7.79     19169.0
 2024 07 15 18 16 00 000   -3.93    -0.55    -3.28  -311.60      3.10     -2.30    7.79     19169.0
 2024 07 15 18 17 00 000   -3.86    -0.59    -3.33  -311.60      3.10     -2.30    7.79     19169.0
 2024 07 15 18 19 00 000   -3.82    -0.61    -3.38  -311.60      3.10     -2.30    7.79     19169.0
 2024 07 15 18 21 00 000   -3.82    -0.64    -3.38  -313.20      1.10      0.30    7.74     21565.0
 2024 07 15 18 22 00 000   -3.78    -0.78    -3.37  -313.20      1.10      0.30    7.74     21565.0
 2024 07 15 18 23 00 000   -3.72    -0.83    -3.43  -313.20      1.10      0.30    7.74     21565.0
 2024 07 15 18 24 00 000   -3.74    -1.10    -3.33  -311.90      3.60      0.10    7.88     19320.0
 2024 07 15 18 25 00 000   -3.56    -1.44    -3.35  -312.40      4.00      0.40    7.82     19048.0
 2024 07 15 18 26 00 000   -3.36    -1.84    -3.42  -313.80      5.10      1.20    7.65     18317.0
 2024 07 15 18 27 00 000   -3.54    -1.78    -3.27  -313.80      5.10      1.20    7.65     18317.0
 2024 07 15 18 28 00 000   -3.68    -1.44    -3.34  -312.60      6.50      0.60    7.62     18486.0
 2024 07 15 18 29 00 000   -4.10    -0.45    -3.10  -312.70      1.00     -0.80    7.57     18918.0
 2024 07 15 18 30 00 000   -4.05    -0.53    -3.17  -312.50     -0.00     -0.60    7.58     19118.0
 2024 07 15 18 31 00 000   -4.02    -0.76    -3.18  -312.60      4.10      0.90    7.60     18874.0
 2024 07 15 18 32 00 000   -3.87    -0.97    -3.09  -313.00      6.20      0.90    7.53     18786.0
 2024 07 15 18 33 00 000   -4.04    -1.00    -3.15  -312.50      7.60     -0.40    7.43     19733.0
 2024 07 15 18 34 00 000   -4.14    -1.02    -3.08  -312.60      7.80     -0.30    7.45     19567.0
 2024 07 15 18 35 00 000   -4.02    -1.24    -3.15  -312.90      8.60      0.40    7.56     18740.0
 2024 07 15 18 36 00 000   -4.07    -1.10    -3.13  -312.90      9.50      0.50    7.62     20528.0
 2024 07 15 18 37 00 000   -3.68    -1.31    -3.20  -313.30     10.00      1.10    7.88     21688.0
 2024 07 15 18 38 00 000   -3.47    -1.42    -3.37  -315.00     11.00      0.00    7.77     19733.0
 2024 07 15 18 39 00 000   -3.30    -1.79    -3.47  -314.80     10.70     -0.40    7.70     19376.0
 2024 07 15 18 40 00 000   -3.13    -2.06    -3.47  -314.50     10.40     -0.50    7.70     19332.0
 2024 07 15 18 41 00 000   -3.37    -1.94    -3.36  -315.20     12.00     -0.70    7.43     17815.0
 2024 07 15 18 42 00 000   -3.42    -1.91    -3.31  -315.20     12.00     -0.70    7.43     17815.0
 2024 07 15 18 43 00 000   -3.48    -1.83    -3.29  -315.20     12.00     -0.70    7.43     17815.0
 2024 07 15 18 44 00 000   -3.57    -1.62    -3.33  -315.20     12.00     -0.70    7.43     17815.0
 2024 07 15 18 45 00 000   -3.65    -1.54    -3.33  -314.20     11.80      0.00    7.86     19996.0
 2024 07 15 18 46 00 000   -3.40    -1.76    -3.51  -314.20     11.80      0.00    7.86     19996.0
 2024 07 15 18 47 00 000   -3.48    -1.79    -3.39  -314.20     11.80      0.00    7.86     19996.0
 2024 07 15 18 48 00 000   -3.30    -1.94    -3.47  -314.20     11.80      0.00    7.86     19996.0
 2024 07 15 18 49 00 000   -3.28    -1.86    -3.50  -316.60     14.70      1.00    7.80     20350.0
 2024 07 15 18 50 00 000   -3.20    -1.97    -3.63  -316.60     14.70      1.00    7.80     20350.0
 2024 07 15 18 51 00 000   -3.26    -2.09    -3.54  -316.60     14.70      1.00    7.80     20350.0
 2024 07 15 18 52 00 000   -3.29    -1.99    -3.57  -315.30     12.30      1.30    7.52     19277.0
 2024 07 15 18 53 00 000   -3.37    -1.89    -3.53  -315.30     12.30      1.30    7.52     19277.0
 2024 07 15 18 54 00 000   -3.40    -1.96    -3.54  -315.70     13.60      1.50    7.73     19689.0
 2024 07 15 18 55 00 000   -3.36    -1.88    -3.50  -315.70     13.60      1.50    7.73     19689.0
 2024 07 15 18 56 00 000   -3.48    -1.85    -3.29  -314.60     13.30      1.40    7.49     24833.0
 2024 07 15 18 57 00 000   -3.33    -2.10    -3.35  -314.60     13.30      1.40    7.49     24833.0
 2024 07 15 18 58 00 000   -3.25    -1.93    -3.38  -315.20     12.70      1.90    8.17     19394.0
 2024 07 15 18 59 00 000   -3.20    -2.38    -3.22  -315.20     12.70      1.90    8.20     19061.0
 2024 07 15 19 00 00 000   -3.11    -2.39    -3.31  -315.40     15.80      0.70    8.05     18719.0
 2024 07 15 19 01 00 000   -3.07    -2.55    -3.32  -315.40     15.80      0.70    8.05     18719.0
 2024 07 15 19 02 00 000   -2.90    -2.71    -3.25  -314.30     15.60      1.80    8.00     18466.0
 2024 07 15 19 03 00 000   -3.01    -2.59    -3.17  -314.20     15.90      2.20    7.99     18261.0
 2024 07 15 19 04 00 000   -2.86    -2.60    -3.05  -314.30     16.30      2.40    8.00     18023.0
 2024 07 15 19 05 00 000   -2.58    -2.69    -3.05  -310.60     14.70      1.60    8.11     19428.0
 2024 07 15 19 06 00 000   -2.82    -2.95    -2.95  -310.60     14.70      1.60    8.11     19428.0
 2024 07 15 19 07 00 000   -2.69    -3.05    -2.88  -311.30     13.80      1.20    8.06     18719.0
 2024 07 15 19 08 00 000   -2.72    -2.54    -3.02  -311.40     13.50      1.50    8.02     18443.0
 2024 07 15 19 09 00 000   -2.80    -2.17    -3.03  -311.40     13.30      1.80    8.01     18251.0
 2024 07 15 19 10 00 000   -3.03    -1.72    -2.97  -311.40     13.70      2.50    9.16     18911.0
 2024 07 15 19 11 00 000   -3.16    -1.28    -3.01  -312.10     16.40      2.60    9.35     19298.0
 2024 07 15 19 12 00 000   -3.11    -1.46    -2.94  -312.50     18.00      2.70    9.46     19537.0
 2024 07 15 19 13 00 000   -2.98    -1.70    -2.97  -313.50     15.30      2.00    9.36     17324.0
 2024 07 15 19 14 00 000   -3.21    -1.49    -2.96  -313.50     15.30      2.00    9.36     17320.0
 2024 07 15 19 15 00 000   -3.04    -1.75    -2.97  -313.60     17.90      2.50    9.64     16391.0
 2024 07 15 19 16 00 000   -2.98    -1.86    -2.95  -313.60     17.90      2.50    9.64     16391.0
 2024 07 15 19 17 00 000   -3.05    -1.93    -2.96  -312.80     17.00      2.80    9.67     18254.0
 2024 07 15 19 18 00 000   -2.75    -2.18    -2.88  -313.10     17.40      2.80    9.63     17923.0
 2024 07 15 19 19 00 000   -2.58    -1.91    -2.62  -314.60     19.00      2.80    9.45     16502.0
 2024 07 15 19 20 00 000   -2.61    -2.02    -2.63  -315.30     21.10      4.60    9.26     20661.0
 2024 07 15 19 21 00 000   -2.60    -2.16    -2.61  -315.30     21.20      4.70    9.25     20908.0
 2024 07 15 19 22 00 000   -2.67    -2.19    -2.65  -313.90     18.90      1.60    9.81     20018.0
 2024 07 15 19 23 00 000   -2.76    -2.07    -2.69  -313.90     18.90      1.60    9.81     20018.0
 2024 07 15 19 24 00 000   -2.90    -1.98    -2.78  -311.90     16.20      1.10    9.68     18677.0
 2024 07 15 19 25 00 000   -2.82    -2.26    -2.58  -312.00     16.50      1.00    9.69     18662.0
 2024 07 15 19 26 00 000   -2.91    -1.97    -2.68  -312.70     20.20      0.50    9.79     18935.0
 2024 07 15 19 27 00 000   -2.96    -1.98    -2.85  -311.40     18.10      1.60    9.94     21618.0
 2024 07 15 19 28 00 000   -2.90    -1.98    -2.81  -311.20     17.10      0.70    9.64     20198.0
 2024 07 15 19 29 00 000   -2.95    -1.82    -2.69  -311.20     16.30     -0.20    9.36     18655.0
 2024 07 15 19 30 00 000   -2.77    -2.20    -2.59  -315.40     18.10      1.70    9.22     23357.0
 2024 07 15 19 31 00 000   -2.81    -2.14    -2.68  -312.40     19.40      1.10    9.44     20702.0
 2024 07 15 19 32 00 000   -2.89    -2.16    -2.64  -314.90     20.30      1.60    9.63     22043.0
 2024 07 15 19 33 00 000   -2.91    -2.19    -2.75  -314.60     19.90      1.50    9.71     21349.0
 2024 07 15 19 34 00 000   -3.15    -1.75    -2.60  -314.70     17.00      2.30    9.15     22030.0
 2024 07 15 19 35 00 000   -3.21    -1.53    -2.63  -315.10     21.10      2.90    9.45     26766.0
 2024 07 15 19 36 00 000   -3.52    -1.42    -2.50  -315.40     20.30      3.50    9.54     27820.0
 2024 07 15 19 37 00 000   -3.70    -1.37    -2.41  -314.40     21.30      4.00    9.36     25104.0
 2024 07 15 19 38 00 000   -3.80    -1.18    -2.23  -314.40     21.30      4.00    9.36     25104.0
 2024 07 15 19 39 00 000   -3.86    -0.86    -2.42  -314.30     21.00      3.90    9.30     24621.0
 2024 07 15 19 40 00 000   -2.97    -2.04    -2.67  -314.00     20.50      3.60    9.18     23742.0
 2024 07 15 19 41 00 000   -2.63    -2.31    -2.80  -314.00     20.50      3.60    9.18     23742.0
 2024 07 15 19 42 00 000   -2.67    -2.31    -2.86  -315.50     18.90      2.60    9.92     19143.0
 2024 07 15 19 43 00 000   -2.62    -2.38    -2.74  -315.00     19.10      1.30    9.85     18158.0
 2024 07 15 19 44 00 000   -2.26    -2.50    -2.73  -315.40     19.50      1.30   10.13     17898.0
 2024 07 15 19 45 00 000   -2.24    -2.52    -2.90  -316.80     19.90      2.90   10.72     18826.0
 2024 07 15 19 46 00 000   -2.37    -2.53    -2.79  -316.80     19.90      2.90   10.72     18826.0
 2024 07 15 19 47 00 000   -2.35    -2.55    -2.81  -316.30     21.00      1.70   10.19     17794.0
 2024 07 15 19 48 00 000   -2.26    -2.56    -2.84  -316.40     21.00      1.70   10.18     17760.0
 2024 07 15 19 49 00 000   -2.86    -2.02    -2.63  -317.80     20.10      1.30    9.86     17055.0
 2024 07 15 19 50 00 000   -2.93    -2.10    -2.46  -315.30     18.30      2.30   10.31     17793.0
 2024 07 15 19 51 00 000   -2.83    -2.18    -2.65  -315.80     18.30      2.70   10.56     20040.0
 2024 07 15 19 52 00 000   -2.80    -2.31    -2.71  -316.10     18.40      2.80   10.66     21088.0
 2024 07 15 19 53 00 000   -2.73    -2.37    -2.73  -316.10     18.40      2.80   10.66     21088.0
 2024 07 15 19 54 00 000   -2.57    -2.46    -2.76  -317.80     20.30      2.80    9.76     16934.0
 2024 07 15 19 55 00 000   -2.47    -2.62    -2.71  -317.80     20.30      2.80    9.76     16934.0
 2024 07 15 19 56 00 000   -1.76    -2.75    -2.49  -317.80     20.30      2.80    9.76     16934.0
 2024 07 15 19 57 00 000   -1.32    -2.74    -2.37  -317.80     20.30      2.80    9.76     16934.0
 2024 07 15 19 58 00 000   -1.28    -2.73    -2.42  -317.80     20.30      2.80    9.76     16934.0
 2024 07 15 19 59 00 000   -1.16    -2.76    -2.32  -310.20     19.10      4.70   11.85     17649.0
 2024 07 15 20 00 00 000   -0.96    -2.84    -2.29  -310.20     19.10      4.70   11.85     17649.0
 2024 07 15 20 01 00 000   -0.72    -2.99    -2.27  -310.20     19.10      4.70   11.85     17649.0
 2024 07 15 20 02 00 000   -0.43    -3.08    -2.22  -314.00     20.70      4.50   11.92     17464.0
 2024 07 15 20 03 00 000   -0.38    -3.06    -2.17  -314.00     20.70      4.50   11.92     17464.0
 2024 07 15 20 04 00 000   -0.33    -3.12    -2.07  -314.50     20.30      4.80   12.25     19018.0
 2024 07 15 20 05 00 000   -0.14    -3.06    -2.03  -314.50     20.30      4.80   12.25     19018.0
 2024 07 15 20 06 00 000   -0.43    -2.99    -2.01  -314.50     20.30      4.80   12.25     19018.0
 2024 07 15 20 07 00 000    0.52    -2.86    -1.59  -313.50     21.50      7.50   12.62     20416.0
 2024 07 15 20 08 00 000    0.82    -2.77    -1.94  -313.50     21.50      7.50   12.62     20416.0
 2024 07 15 20 09 00 000    0.50    -3.06    -1.72  -313.50     21.50      7.50   12.62     20416.0
 2024 07 15 20 10 00 000    0.39    -2.99    -1.84  -314.40     23.10      5.80   12.20     19083.0
 2024 07 15 20 11 00 000    0.47    -3.02    -1.75  -314.40     23.10      5.80   12.20     19083.0
 2024 07 15 20 12 00 000    0.68    -2.82    -1.68  -314.40     23.10      5.80   12.20     19088.0
 2024 07 15 20 13 00 000    0.75    -2.92    -1.86  -315.70     22.20      4.00   12.50     19755.0
 2024 07 15 20 14 00 000    0.95    -3.01    -1.93  -315.70     22.20      4.10   12.47     19628.0
 2024 07 15 20 15 00 000    1.00    -2.96    -1.91  -316.50     21.80      6.40   11.97     17402.0
 2024 07 15 20 16 00 000    1.04    -2.97    -1.96  -316.50     21.80      6.40   11.97     17402.0
 2024 07 15 20 17 00 000    0.99    -3.04    -1.95  -315.50     20.20      6.10   12.50     21497.0
 2024 07 15 20 18 00 000    0.85    -3.21    -1.83  -315.50     20.20      6.10   12.50     21497.0
 2024 07 15 20 19 00 000    0.61    -3.25    -1.81  -316.00     22.10      5.60   12.16     17382.0
 2024 07 15 20 20 00 000    0.44    -3.18    -1.95  -316.00     22.10      5.60   12.16     17382.0
 2024 07 15 20 21 00 000    0.24    -2.93    -2.28  -316.00     22.10      5.60   12.16     17382.0
 2024 07 15 20 22 00 000    0.40    -2.80    -2.15  -313.90     20.60      6.20   11.56     19385.0
 2024 07 15 20 23 00 000    0.66    -2.68    -1.75  -315.30     19.70      5.10   11.76     19021.0
 2024 07 15 20 24 00 000    0.89    -2.63    -1.76  -317.10     18.40      3.50   12.01     18541.0
 2024 07 15 20 25 00 000    0.77    -2.59    -1.70  -319.80     22.10      5.10   11.51     19864.0
 2024 07 15 20 26 00 000    0.74    -2.29    -1.79  -318.80     21.40      5.00   12.41     21334.0
 2024 07 15 20 27 00 000    1.01    -1.50    -2.11  -318.40     20.30      6.00   12.84     23258.0
 2024 07 15 20 28 00 000    1.62    -1.06    -2.29  -319.20     19.40      7.60   12.14     24186.0
 2024 07 15 20 29 00 000    1.25    -1.32    -2.49  -319.20     19.40      7.60   12.14     24186.0
 2024 07 15 20 30 00 000    0.51    -1.77    -2.56  -319.20     19.40      7.60   12.14     24186.0
 2024 07 15 20 31 00 000    0.23    -1.99    -2.50  -319.20     19.40      7.60   12.14     24186.0
 2024 07 15 20 32 00 000    0.25    -1.89    -2.69  -318.10     18.70     10.20   13.42     23052.0
 2024 07 15 20 33 00 000    0.01    -2.06    -2.67  -318.10     18.70     10.20   13.42     23052.0
 2024 07 15 20 34 00 000    0.31    -2.18    -2.45  -318.10     18.70     10.20   13.42     23052.0
 2024 07 15 20 35 00 000   -0.68    -2.41    -2.12  -318.10     18.70     10.20   13.42     23052.0
 2024 07 15 20 36 00 000   -0.27    -1.47    -1.49  -318.10     18.70     10.20   13.42     23052.0
 2024 07 15 20 37 00 000    0.06    -2.07    -2.11  -315.20     15.60      3.30   13.17     25310.0
 2024 07 15 20 38 00 000    0.12    -2.08    -1.84  -316.10     17.20      4.00   13.03     25299.0
 2024 07 15 20 39 00 000    0.11    -1.61    -2.10  -316.20     18.40      5.90   12.91     25271.0
 2024 07 15 20 40 00 000    0.01    -0.71    -0.55  -315.50     17.70      6.10   12.91     24611.0
 2024 07 15 20 42 00 000   -0.95    -0.74    -0.45  -315.50     17.70      6.10   12.91     24611.0
 2024 07 15 20 44 00 000   -0.39    -0.30    -0.25  -312.40     10.80      1.70   12.98     28858.0
 2024 07 15 20 45 00 000    0.05     0.30     0.49  -312.40     10.80      1.70   12.98     28858.0
 2024 07 15 20 46 00 000    0.05     0.30     0.49  -312.40     10.80      1.70   12.98     28858.0
 2024 07 15 20 49 00 000    1.14     1.17     1.75  -314.40      9.70      1.80   13.86     32704.0
 2024 07 15 20 50 00 000    1.67     1.46     1.65  -314.40      9.70      1.80   13.86     32704.0
 2024 07 15 20 53 00 000   -0.86    -1.07    -1.42  -314.40      9.70      1.80   13.86     32704.0
 2024 07 15 20 54 00 000   -0.70    -0.85    -1.15  -312.80     15.80      5.40   13.25     30277.0
 2024 07 15 20 55 00 000   -0.55     0.27    -0.88  -313.10     14.60      6.40   13.55     33322.0
 2024 07 15 20 56 00 000    0.18     1.08     0.84  -313.20     14.10      6.80   13.68     34645.0
 2024 07 15 20 57 00 000    0.81     1.31     1.14  -318.30      6.30     -2.60   14.28     31010.0
 2024 07 15 20 58 00 000    1.30     0.58     0.27  -318.30      6.30     -2.60   14.28     31010.0
 2024 07 15 20 59 00 000    0.91    -1.27    -1.27  -321.90     16.00      4.40   13.52     27141.0
 2024 07 15 21 00 00 000    1.41    -1.66    -1.72  -320.90     16.10      4.60   13.24     26093.0
 2024 07 15 21 01 00 000    0.38    -1.93    -1.47  -319.50     18.20      2.70   13.41     26143.0
 2024 07 15 21 02 00 000    0.32    -0.65    -1.03  -318.80     16.60      1.90   13.34     26681.0
 2024 07 15 21 03 00 000    0.41     0.29     0.06  -318.80     19.00      3.00   13.46     25674.0
 2024 07 15 21 04 00 000    0.31    -0.02    -0.02  -317.30     17.70      6.90   13.57     30126.0
 2024 07 15 21 05 00 000    0.46    -0.23    -1.06  -315.80     13.30      1.50   13.53     30500.0
 2024 07 15 21 06 00 000    0.33    -0.91    -1.45  -314.80     10.40     -1.90   13.51     30737.0
 2024 07 15 21 07 00 000    0.39    -1.55    -1.78  -314.80     10.40     -1.90   13.51     30737.0
 2024 07 15 21 08 00 000    0.34    -1.32    -1.73  -317.60     18.20      5.90   13.74     26376.0
 2024 07 15 21 09 00 000    0.12    -1.22    -1.50  -317.60     18.20      5.90   13.74     26376.0
 2024 07 15 21 10 00 000    0.62    -2.25    -2.54  -317.60     18.20      5.90   13.74     26376.0
 2024 07 15 21 11 00 000    0.25    -1.64    -2.17  -317.60     18.20      5.90   13.74     26376.0
 2024 07 15 21 12 00 000   -0.56    -1.27    -1.66  -317.60     18.20      5.90   13.74     26376.0
 2024 07 15 21 13 00 000   -1.27    -1.47    -2.01  -311.50     13.50      3.50   14.08     29978.0
 2024 07 15 21 14 00 000   -0.58    -1.68    -2.06  -311.70     13.60      3.60   14.12     30444.0
 2024 07 15 21 15 00 000    0.07    -1.61    -2.04  -315.10     14.90      5.10   14.74     37725.0
 2024 07 15 21 16 00 000    0.19    -1.33    -2.31  -316.60     14.70      5.20   14.13     32866.0
 2024 07 15 21 17 00 000   -0.25    -1.40    -1.93  -317.60     14.10      5.00   13.27     25376.0
 2024 07 15 21 18 00 000   -0.37    -1.30    -1.86  -317.60     14.10      5.00   13.27     25376.0
 2024 07 15 21 19 00 000    0.09    -1.41    -2.02  -317.60     14.10      5.00   13.27     25376.0
 2024 07 15 21 20 00 000   -0.19    -1.32    -1.68  -317.20     14.90      3.30   13.89     30416.0
 2024 07 15 21 21 00 000   -0.54    -2.32    -1.64  -316.00     14.80      2.70   14.10     30009.0
 2024 07 15 21 22 00 000   -0.23    -2.17    -1.52  -313.20     16.90      0.70   13.48     24043.0
 2024 07 15 21 23 00 000   -0.14    -0.67    -2.07  -313.40      8.10      0.60   13.56     30784.0
 2024 07 15 21 24 00 000   -1.04     0.64    -0.34  -309.70      3.80     -8.00   13.35     33997.0
 2024 07 15 21 25 00 000   -1.76     1.20     0.06  -312.00      4.90     -1.90   13.15     32921.0
 2024 07 15 21 26 00 000   -1.48     0.73     1.49  -307.60      0.70     -4.90   12.91     29353.0
 2024 07 15 21 27 00 000   -1.48     0.70     1.40  -306.30      2.60    -16.60   13.38     32704.0
 2024 07 15 21 28 00 000   -1.87     0.85     1.53  -305.40      2.20    -18.80   13.53     33799.0
 2024 07 15 21 29 00 000   -2.33     1.00     1.50  -305.10      2.00    -19.60   13.59     34228.0
 2024 07 15 21 30 00 000   -2.03     1.47     0.93  -302.20     -1.30    -17.70   13.91     35314.0
 2024 07 15 21 31 00 000   -2.61     2.05     1.24  -302.20     -1.30    -17.70   13.91     35314.0
 2024 07 15 21 32 00 000   -2.94     2.03     1.23  -303.90     -2.80    -14.40   12.00     26503.0
 2024 07 15 21 33 00 000   -2.63     1.81     1.13  -303.90     -2.80    -14.40   12.00     26503.0
 2024 07 15 21 34 00 000   -2.62     1.94     1.27  -303.90     -2.80    -14.40   12.00     26503.0
 2024 07 15 21 35 00 000   -3.01     1.99     1.47  -301.30     -0.60    -18.60   12.06     24224.0
 2024 07 15 21 36 00 000   -3.40     1.96     1.18  -301.30     -0.60    -18.60   12.06     24224.0
 2024 07 15 21 37 00 000   -2.76     2.01     1.11  -301.30     -0.60    -18.60   12.06     24224.0
 2024 07 15 21 38 00 000   -3.15     1.28     1.03  -304.00     -4.10    -16.00   13.92     39556.0
 2024 07 15 21 39 00 000   -3.71     0.82     0.69  -304.00     -4.10    -16.00   13.92     39556.0
 2024 07 15 21 40 00 000   -3.85     0.65     0.77  -304.00     -4.10    -16.00   13.92     39556.0
 2024 07 15 21 41 00 000   -3.75     0.71     0.78  -304.00     -4.10    -16.00   13.92     39556.0
 2024 07 15 21 42 00 000   -3.69     0.42     0.93  -304.00     -4.10    -16.00   13.92     39556.0
 2024 07 15 21 43 00 000   -3.53     0.37     1.26  -298.30      3.10    -17.50   11.97     24956.0
 2024 07 15 21 44 00 000   -3.28     0.19     0.89  -298.30      3.10    -17.50   11.97     24956.0
 2024 07 15 21 45 00 000   -2.98    -1.30    -0.15  -298.30      3.10    -17.50   11.97     24956.0
 2024 07 15 21 46 00 000   -3.09    -1.28    -0.30  -303.80      3.80    -10.80   13.18     41593.0
 2024 07 15 21 47 00 000   -1.47    -1.69    -1.91  -303.80      3.80    -10.80   13.18     41587.0
 2024 07 15 21 48 00 000    1.15    -1.34    -2.82  -321.90      8.40      2.80   12.98     26361.0
 2024 07 15 21 49 00 000    1.37    -1.65    -2.83  -322.50      8.60      3.30   12.97     25849.0
 2024 07 15 21 50 00 000    0.20    -2.73    -2.40  -322.50      8.60      3.30   12.97     25849.0
 2024 07 15 21 51 00 000    0.43    -2.92    -1.83  -322.50      8.60      3.30   12.97     25849.0
 2024 07 15 21 52 00 000    1.52    -2.11    -2.10  -319.10     17.90      7.00   15.71     43065.0
 2024 07 15 21 53 00 000    2.06    -1.29    -2.38  -321.80     13.40      3.00   14.75     35939.0
 2024 07 15 21 54 00 000    2.06    -1.29    -2.31  -323.80     10.20      0.10   14.06     30874.0
 2024 07 15 21 55 00 000    2.08    -1.29    -2.40  -323.80     10.20      0.10   14.06     30874.0
 2024 07 15 21 56 00 000   -0.53    -1.90    -2.76  -323.80     10.20      0.10   14.06     30874.0
 2024 07 15 21 57 00 000   -0.92    -1.77    -3.18  -323.80     10.20      0.10   14.06     30874.0
 2024 07 15 21 58 00 000   -1.47    -2.11    -3.53  -323.80     10.20      0.10   14.06     30874.0
 2024 07 15 21 59 00 000   -2.21    -2.00    -3.08  -311.80      8.80      0.30   12.40     27810.0
 2024 07 15 22 00 00 000   -4.28    -0.39     0.07  -311.80      8.80      0.30   12.40     27810.0
 2024 07 15 22 01 00 000   -3.64    -2.09    -2.14  -311.60      8.80     -0.40   12.33     28071.0
 2024 07 15 22 02 00 000   -3.19    -2.74    -2.62  -309.20      8.80     -8.10   11.59     30901.0
 2024 07 15 22 03 00 000   -3.97    -1.58    -2.41  -309.20      8.80     -8.10   11.59     30901.0
 2024 07 15 22 04 00 000   -4.11    -1.90    -1.71  -309.20      8.80     -8.10   11.59     30901.0
 2024 07 15 22 05 00 000   -4.17    -1.29    -1.84  -309.20      8.80     -8.10   11.59     30901.0
 2024 07 15 22 06 00 000   -4.09    -1.14    -2.03  -309.20      8.80     -8.10   11.59     30901.0
 2024 07 15 22 07 00 000   -3.96    -1.53    -2.30  -309.20      8.80     -8.10   11.59     30901.0
 2024 07 15 22 08 00 000   -3.90    -1.59    -2.63  -309.90      7.90      0.60   11.79     31921.0
 2024 07 15 22 09 00 000   -4.41    -1.46    -1.66  -309.90      7.90      0.60   11.79     31921.0
 2024 07 15 22 10 00 000   -3.82    -1.53    -1.67  -309.80     14.10     -1.90   12.08     36731.0
 2024 07 15 22 11 00 000   -2.98    -1.96    -2.64  -309.80     14.10     -1.90   12.08     36694.0
 2024 07 15 22 12 00 000   -3.75    -2.02    -2.34  -311.90      8.00      1.60   10.80     26436.0
 2024 07 15 22 13 00 000   -5.16    -2.27    -2.42  -311.90      7.90      1.60   10.79     26326.0
 2024 07 15 22 14 00 000   -5.20    -2.11    -2.29  -311.90      7.90      1.60   10.79     26326.0
 2024 07 15 22 15 00 000   -5.51    -1.95    -1.86  -310.90      9.10      1.00    9.66     22210.0
 2024 07 15 22 16 00 000   -5.68    -1.97    -1.72  -311.40     10.40      0.30    9.52     21455.0
 2024 07 15 22 17 00 000   -5.74    -2.03    -1.71  -311.70     10.90     -0.10    9.46     21138.0
 2024 07 15 22 18 00 000   -5.76    -2.00    -1.82  -311.30     12.30      3.00    9.38     21021.0
 2024 07 15 22 19 00 000   -5.90    -2.12    -1.88  -310.10     13.00      2.00    9.43     21079.0
 2024 07 15 22 20 00 000   -5.84    -2.23    -2.29  -308.50     13.90      0.80    9.48     21262.0
 2024 07 15 22 21 00 000   -5.82    -2.40    -2.19  -310.90     12.10      3.50    9.12     23076.0
 2024 07 15 22 22 00 000   -5.60    -2.45    -1.97  -309.60     12.20      2.50    9.87     23991.0
 2024 07 15 22 23 00 000   -5.42    -2.66    -2.41  -309.30     12.20      2.20   10.06     24224.0
 2024 07 15 22 24 00 000   -5.53    -2.76    -2.55  -309.60     13.20     -0.30    9.45     19342.0
 2024 07 15 22 25 00 000   -5.82    -2.86    -2.54  -309.60     13.20     -0.30    9.43     19328.0
 2024 07 15 22 26 00 000   -6.41    -2.83    -2.16  -309.30     14.70     -0.70    8.68     19451.0
 2024 07 15 22 27 00 000   -6.83    -2.95    -2.45  -309.80     16.70     -0.00    8.58     20205.0
 2024 07 15 22 28 00 000   -6.62    -3.21    -2.64  -311.00     20.70      4.00    8.98     20864.0
 2024 07 15 22 29 00 000   -6.70    -3.04    -2.61  -311.00     21.60      4.60    9.30     21170.0
 2024 07 15 22 30 00 000   -6.60    -3.60    -2.65  -311.40     22.50      4.60    9.59     21900.0
 2024 07 15 22 31 00 000   -6.72    -3.45    -2.66  -311.60     22.20      3.00    9.61     21953.0
 2024 07 15 22 32 00 000   -6.65    -3.76    -2.68  -310.70     20.40      3.10    9.28     20127.0
 2024 07 15 22 33 00 000   -6.47    -3.78    -2.57  -310.70     20.40      3.10    9.28     20127.0
 2024 07 15 22 34 00 000   -6.37    -3.75    -2.46  -313.30     19.60      2.80   10.35     22629.0
 2024 07 15 22 35 00 000   -6.61    -3.51    -2.53  -313.10     19.50      2.60   10.35     22637.0
 2024 07 15 22 36 00 000   -6.73    -3.65    -2.22  -311.30     18.80      0.90   10.35     22645.0
 2024 07 15 22 37 00 000   -7.01    -3.51    -2.15  -311.20     19.40     -0.50    9.94     21644.0
 2024 07 15 22 38 00 000   -6.53    -4.27    -3.23  -314.50     21.20      4.30   10.05     24570.0
 2024 07 15 22 39 00 000   -6.32    -4.85    -3.16  -316.90     22.10      8.10   10.10     25971.0
 2024 07 15 22 40 00 000   -6.31    -4.96    -2.94  -316.80     21.70      8.00   10.04     25121.0
 2024 07 15 22 41 00 000   -6.31    -5.06    -3.80  -322.60     24.20     12.10    9.23     22929.0
 2024 07 15 22 42 00 000   -6.59    -5.49    -3.03  -323.40     23.90     11.40    9.21     22797.0
 2024 07 15 22 43 00 000   -6.78    -5.54    -2.48  -322.10     25.00      2.00    9.31     23446.0
 2024 07 15 22 44 00 000   -6.89    -5.39    -2.44  -320.50     26.30     -1.20    9.42     25306.0
 2024 07 15 22 45 00 000   -6.73    -5.44    -2.96  -323.20     25.70      4.30    8.97     21474.0
 2024 07 15 22 46 00 000   -6.59    -5.57    -2.99  -323.20     25.70      4.30    8.97     21451.0
 2024 07 15 22 47 00 000   -6.51    -5.64    -3.10  -322.30     25.50      2.10    9.00     22614.0
 2024 07 15 22 48 00 000   -6.42    -5.73    -3.11  -321.60     25.40      0.40    9.02     23551.0
 2024 07 15 22 49 00 000   -6.60    -5.71    -2.92  -322.50     25.10      2.10    8.93     22677.0
 2024 07 15 22 50 00 000   -5.86    -5.88    -4.15  -322.70     25.10      2.40    8.92     22542.0
 2024 07 15 22 51 00 000   -5.67    -5.94    -4.33  -331.20     23.90     10.70    8.87     24321.0
 2024 07 15 22 52 00 000   -5.25    -6.16    -4.88  -331.20     23.90     10.70    8.87     24321.0
 2024 07 15 22 53 00 000   -4.90    -6.12    -5.63  -331.20     23.90     10.70    8.87     24321.0
 2024 07 15 22 54 00 000   -4.82    -5.98    -5.90  -338.90     18.50     20.00    8.34     21497.0
 2024 07 15 22 55 00 000   -4.93    -6.08    -5.72  -338.90     18.50     20.00    8.34     21497.0
 2024 07 15 22 56 00 000   -4.94    -6.10    -5.76  -337.40     20.40     16.30    8.22     19964.0
 2024 07 15 22 57 00 000   -4.85    -6.40    -5.44  -337.70     21.10     15.70    8.24     19445.0
 2024 07 15 22 58 00 000   -4.75    -6.38    -5.66  -338.60     21.60     15.00    8.69     20591.0
 2024 07 15 22 59 00 000   -4.52    -6.38    -6.03  -338.20     21.80     13.20    8.60     20712.0
 2024 07 15 23 00 00 000   -4.99    -6.24    -5.80  -336.70     21.30     12.80    8.77     20765.0
 2024 07 15 23 01 00 000   -5.20    -6.45    -5.30  -335.20     21.30     11.50    8.59     20130.0
 2024 07 15 23 02 00 000   -5.01    -6.31    -5.28  -333.10     21.10      7.60    8.00     18975.0
 2024 07 15 23 03 00 000   -4.91    -6.30    -5.35  -334.00     20.80     10.20    8.55     27728.0
 2024 07 15 23 04 00 000   -4.53    -6.61    -5.40  -335.30     21.40     11.00    8.51     27157.0
 2024 07 15 23 05 00 000   -4.43    -6.70    -5.29  -337.40     22.70     11.70    8.26     22827.0
 2024 07 15 23 06 00 000   -4.04    -6.21    -6.16  -339.30     22.20     15.20    9.16     21979.0
 2024 07 15 23 07 00 000   -2.81    -5.69    -7.27  -339.30     22.20     15.20    9.16     21979.0
 2024 07 15 23 08 00 000   -2.06    -4.66    -8.19  -339.30     22.20     15.20    9.16     21979.0
 2024 07 15 23 09 00 000   -1.89    -4.73    -8.26  -339.30     22.20     15.20    9.16     21979.0
 2024 07 15 23 10 00 000   -3.46    -5.90    -6.99  -347.60     11.00     19.20    8.20     25128.0
 2024 07 15 23 11 00 000   -3.71    -6.18    -6.83  -347.00     11.10     19.60    8.28     25684.0
 2024 07 15 23 12 00 000   -3.76    -6.17    -6.89  -347.40     13.20     20.60    8.29     27833.0
 2024 07 15 23 13 00 000   -3.81    -6.12    -6.96  -346.00      9.70     17.80    7.97     25724.0
 2024 07 15 23 14 00 000   -3.77    -6.04    -7.13  -346.00      9.70     17.80    7.97     25724.0
 2024 07 15 23 15 00 000   -3.83    -5.91    -7.23  -347.30     10.50     18.20    7.96     26016.0
 2024 07 15 23 16 00 000   -4.19    -6.56    -6.04  -347.50     12.40     17.20    8.39     29647.0
 2024 07 15 23 17 00 000   -4.61    -6.49    -5.33  -345.20     15.30     19.40    9.73     28816.0
 2024 07 15 23 18 00 000   -4.73    -6.94    -4.76  -343.70     16.80     20.90   10.48     27707.0
 2024 07 15 23 19 00 000   -4.44    -6.98    -4.89  -343.90     19.90     18.50   10.62     28618.0
 2024 07 15 23 20 00 000   -4.21    -7.02    -5.17  -343.90     19.90     18.50   10.62     28620.0
 2024 07 15 23 21 00 000   -3.96    -6.52    -5.83  -343.90     19.90     18.50   10.62     28620.0
 2024 07 15 23 22 00 000   -3.96    -6.52    -5.99  -346.40     14.20     27.00    9.89     26351.0
 2024 07 15 23 23 00 000   -3.75    -6.22    -6.89  -346.40     14.20     27.00    9.89     26351.0
 2024 07 15 23 24 00 000   -3.71    -6.48    -6.72  -350.30     12.90     24.80    8.96     25849.0
 2024 07 15 23 25 00 000   -3.67    -6.48    -6.66  -350.30     12.90     24.80    8.96     25849.0
 2024 07 15 23 26 00 000   -3.80    -6.64    -6.44  -350.30     12.90     24.80    8.96     25849.0
 2024 07 15 23 27 00 000   -3.58    -6.41    -6.87  -350.30     12.90     24.80    8.96     25849.0
 2024 07 15 23 28 00 000   -3.47    -6.43    -6.93  -351.90     14.50     27.80    9.32     25624.0
 2024 07 15 23 29 00 000   -3.17    -6.33    -7.19  -351.90     14.50     27.80    9.32     25624.0
 2024 07 15 23 30 00 000   -3.52    -6.83    -6.68  -348.80     19.50     24.30    9.01     23790.0
 2024 07 15 23 31 00 000   -3.78    -7.06    -6.73  -348.80     19.50     24.30    9.01     23790.0
 2024 07 15 23 32 00 000   -3.54    -6.93    -7.43  -348.80     19.40     24.10    8.99     23802.0
 2024 07 15 23 33 00 000   -3.39    -7.07    -7.42  -351.10     12.40      8.60    7.39     24638.0
 2024 07 15 23 34 00 000   -3.42    -7.20    -7.34  -350.80     12.60      8.90    7.27     25472.0
 2024 07 15 23 35 00 000   -3.30    -7.36    -7.24  -350.20     13.10      9.60    7.03     27063.0
 2024 07 15 23 36 00 000   -2.83    -7.37    -7.47  -354.30     10.70     12.30    6.81     24064.0
 2024 07 15 23 37 00 000   -2.58    -7.39    -7.63  -358.60      8.30     15.00    6.59     20953.0
 2024 07 15 23 38 00 000   -2.71    -7.64    -7.45  -353.90     11.10     12.80    6.69     21864.0
 2024 07 15 23 39 00 000   -3.01    -8.01    -7.00  -351.60     12.80      8.60    6.92     23384.0
 2024 07 15 23 40 00 000   -3.36    -7.93    -6.92  -352.30     13.80      6.80    7.16     23181.0
 2024 07 15 23 41 00 000   -3.32    -7.93    -6.84  -352.60     13.90      6.70    7.20     23029.0
 2024 07 15 23 42 00 000   -3.52    -8.04    -6.67  -353.60     13.50      9.20    7.17     20194.0
 2024 07 15 23 43 00 000   -3.78    -8.05    -6.64  -353.60     13.50      9.20    7.17     20194.0
 2024 07 15 23 44 00 000   -3.52    -7.86    -6.97  -353.60     13.50      9.20    7.17     20194.0
 2024 07 15 23 45 00 000   -3.55    -7.84    -6.95  -353.60     13.50      9.20    7.17     20194.0
 2024 07 15 23 46 00 000   -3.75    -8.04    -6.69  -350.60     10.10     11.80    7.53     23242.0
 2024 07 15 23 47 00 000   -3.94    -7.92    -6.53  -350.60     10.10     11.80    7.53     23242.0
 2024 07 15 23 48 00 000   -4.22    -7.81    -6.54  -346.50     15.00     10.70    7.88     22793.0
 2024 07 15 23 49 00 000   -4.27    -7.86    -6.54  -346.50     15.00     10.70    7.88     22793.0
 2024 07 15 23 50 00 000   -4.10    -7.90    -6.62  -346.40     15.00     10.30    8.27     27351.0
 2024 07 15 23 51 00 000   -4.31    -7.95    -6.49  -346.40     15.00     10.20    8.38     28568.0
 2024 07 15 23 52 00 000   -4.62    -8.04    -6.20  -343.70     14.50     10.40    7.63     24031.0
 2024 07 15 23 53 00 000   -4.79    -8.12    -5.77  -344.10     15.30     12.20    7.90     23704.0
 2024 07 15 23 54 00 000   -4.90    -8.21    -5.56  -344.40     16.40     14.80    8.32     23321.0
 2024 07 15 23 55 00 000   -4.91    -8.39    -5.31  -340.00     17.10     11.70    8.60     25128.0
 2024 07 15 23 56 00 000   -5.37    -8.26    -5.01  -340.20     16.80     10.80    8.31     23633.0
 2024 07 15 23 57 00 000   -5.44    -8.21    -4.86  -340.20     16.80     10.50    8.23     23224.0
 2024 07 15 23 58 00 000   -5.75    -8.13    -4.53  -337.80     18.70      5.70    8.53     24224.0
 2024 07 15 23 59 00 000   -5.96    -7.95    -4.48  -337.80     18.70      5.70    8.53     24224.0
