File created by python code using SuperMAGGetIndices

============================================================
<year>  <month>  <day>  <hour>  <min>  <sec>  <SME (nT)>  <SML (nT)>  <SMU (nT)>
2003  11  02  00  00  00   482.56  -266.20   216.37
2003  11  02  00  01  00   490.67  -278.98   211.69
2003  11  02  00  02  00   452.99  -241.61   211.38
2003  11  02  00  03  00   440.00  -221.76   218.25
2003  11  02  00  04  00   426.93  -208.79   218.15
2003  11  02  00  05  00   447.04  -228.63   218.40
2003  11  02  00  06  00   459.15  -233.56   225.59
2003  11  02  00  07  00   452.75  -237.50   215.25
2003  11  02  00  08  00   423.21  -214.06   209.15
2003  11  02  00  09  00   394.61  -181.89   212.71
2003  11  02  00  10  00   404.48  -188.71   215.77
2003  11  02  00  11  00   409.85  -182.39   227.46
2003  11  02  00  12  00   394.51  -166.97   227.54
2003  11  02  00  13  00   391.33  -164.42   226.92
2003  11  02  00  14  00   407.70  -183.22   224.47
2003  11  02  00  15  00   413.54  -188.86   224.69
2003  11  02  00  16  00   401.04  -173.52   227.52
2003  11  02  00  17  00   391.09  -163.73   227.36
2003  11  02  00  18  00   386.52  -157.36   229.16
2003  11  02  00  19  00   395.62  -160.26   235.35
2003  11  02  00  20  00   392.86  -158.42   234.44
2003  11  02  00  21  00   396.07  -166.30   229.77
2003  11  02  00  22  00   408.84  -176.07   232.77
2003  11  02  00  23  00   419.92  -184.48   235.44
2003  11  02  00  24  00   427.57  -186.51   241.06
2003  11  02  00  25  00   436.42  -188.31   248.11
2003  11  02  00  26  00   436.22  -192.87   243.35
2003  11  02  00  27  00   428.75  -197.60   231.16
2003  11  02  00  28  00   460.37  -219.93   240.44
2003  11  02  00  29  00   453.61  -198.57   255.05
2003  11  02  00  30  00   463.12  -206.44   256.68
2003  11  02  00  31  00   471.23  -213.77   257.46
2003  11  02  00  32  00   454.95  -220.29   234.67
2003  11  02  00  33  00   460.47  -226.01   234.46
2003  11  02  00  34  00   444.49  -220.80   223.70
2003  11  02  00  35  00   441.64  -219.24   222.40
2003  11  02  00  36  00   430.70  -215.80   214.90
2003  11  02  00  37  00   418.88  -203.22   215.66
2003  11  02  00  38  00   411.19  -195.27   215.92
2003  11  02  00  39  00   409.89  -192.05   217.84
2003  11  02  00  40  00   411.91  -192.34   219.57
2003  11  02  00  41  00   407.90  -188.14   219.77
2003  11  02  00  42  00   392.07  -176.07   216.00
2003  11  02  00  43  00   396.30  -182.80   213.50
2003  11  02  00  44  00   396.77  -184.59   212.18
2003  11  02  00  45  00   402.06  -190.56   211.49
2003  11  02  00  46  00   411.15  -195.83   215.33
2003  11  02  00  47  00   414.44  -205.53   208.91
2003  11  02  00  48  00   440.74  -243.26   197.48
2003  11  02  00  49  00   437.21  -236.71   200.49
2003  11  02  00  50  00   444.49  -236.91   207.58
2003  11  02  00  51  00   429.81  -221.96   207.85
2003  11  02  00  52  00   417.60  -201.04   216.56
2003  11  02  00  53  00   426.94  -207.37   219.58
2003  11  02  00  54  00   428.44  -214.46   213.98
2003  11  02  00  55  00   419.65  -213.62   206.03
2003  11  02  00  56  00   423.64  -201.06   222.58
2003  11  02  00  57  00   425.40  -202.76   222.63
2003  11  02  00  58  00   419.72  -185.55   234.18
2003  11  02  00  59  00   462.00  -229.92   232.08
2003  11  02  01  00  00   495.32  -231.80   263.52
2003  11  02  01  01  00   441.31  -175.93   265.38
2003  11  02  01  02  00   432.73  -193.19   239.54
2003  11  02  01  03  00   419.45  -168.32   251.13
2003  11  02  01  04  00   401.31  -157.29   244.02
2003  11  02  01  05  00   382.01  -145.76   236.24
2003  11  02  01  06  00   472.43  -244.67   227.76
2003  11  02  01  07  00   441.33  -231.46   209.87
2003  11  02  01  08  00   383.26  -185.62   197.64
2003  11  02  01  09  00   319.02  -118.47   200.55
2003  11  02  01  10  00   322.12  -129.87   192.25
2003  11  02  01  11  00   339.03  -145.11   193.92
2003  11  02  01  12  00   354.45  -170.72   183.73
2003  11  02  01  13  00   368.32  -187.76   180.56
2003  11  02  01  14  00   414.64  -203.52   211.13
2003  11  02  01  15  00   453.11  -213.93   239.18
2003  11  02  01  16  00   418.23  -222.79   195.44
2003  11  02  01  17  00   379.36  -211.16   168.20
2003  11  02  01  18  00   371.11  -192.32   178.79
2003  11  02  01  19  00   417.86  -200.06   217.79
2003  11  02  01  20  00   451.51  -222.43   229.09
2003  11  02  01  21  00   427.56  -216.73   210.82
2003  11  02  01  22  00   432.94  -207.40   225.53
2003  11  02  01  23  00   426.27  -180.91   245.36
2003  11  02  01  24  00   446.20  -193.71   252.49
2003  11  02  01  25  00   431.24  -193.27   237.97
2003  11  02  01  26  00   406.07  -181.49   224.58
2003  11  02  01  27  00   384.89  -157.29   227.60
2003  11  02  01  28  00   396.78  -171.68   225.10
2003  11  02  01  29  00   383.16  -158.24   224.92
2003  11  02  01  30  00   365.94  -147.12   218.82
2003  11  02  01  31  00   376.10  -153.50   222.60
2003  11  02  01  32  00   364.76  -138.28   226.48
2003  11  02  01  33  00   339.40  -123.97   215.44
2003  11  02  01  34  00   342.44  -132.57   209.87
2003  11  02  01  35  00   344.48  -129.60   214.89
2003  11  02  01  36  00   363.27  -140.63   222.65
2003  11  02  01  37  00   381.86  -151.32   230.54
2003  11  02  01  38  00   380.07  -148.09   231.98
2003  11  02  01  39  00   376.98  -136.62   240.36
2003  11  02  01  40  00   373.47  -129.64   243.83
2003  11  02  01  41  00   344.44  -104.34   240.10
2003  11  02  01  42  00   343.18  -100.28   242.90
2003  11  02  01  43  00   330.28   -79.56   250.72
2003  11  02  01  44  00   341.03   -90.42   250.61
2003  11  02  01  45  00   345.25   -91.86   253.39
2003  11  02  01  46  00   329.27   -79.18   250.09
2003  11  02  01  47  00   367.06  -107.95   259.11
2003  11  02  01  48  00   374.85  -108.45   266.39
2003  11  02  01  49  00   376.26  -116.59   259.67
2003  11  02  01  50  00   316.56   -88.55   228.00
2003  11  02  01  51  00   340.68  -101.09   239.59
2003  11  02  01  52  00   348.04   -96.27   251.77
2003  11  02  01  53  00   358.39  -100.86   257.52
2003  11  02  01  54  00   393.90  -143.75   250.15
2003  11  02  01  55  00   345.56  -110.01   235.55
2003  11  02  01  56  00   339.03  -109.14   229.88
2003  11  02  01  57  00   360.79  -112.06   248.73
2003  11  02  01  58  00   397.74  -166.94   230.80
2003  11  02  01  59  00   383.68  -171.93   211.74
2003  11  02  02  00  00   286.80   -84.52   202.28
2003  11  02  02  01  00   297.46   -84.85   212.61
2003  11  02  02  02  00   314.70   -91.57   223.13
2003  11  02  02  03  00   353.49  -129.32   224.17
2003  11  02  02  04  00   465.61  -251.91   213.71
2003  11  02  02  05  00   429.27  -207.82   221.45
2003  11  02  02  06  00   360.81  -134.52   226.30
2003  11  02  02  07  00   330.96  -122.04   208.93
2003  11  02  02  08  00   303.12   -95.52   207.60
2003  11  02  02  09  00   302.99   -86.06   216.93
2003  11  02  02  10  00   304.09   -98.83   205.26
2003  11  02  02  11  00   279.56   -96.61   182.96
2003  11  02  02  12  00   292.31  -104.15   188.16
2003  11  02  02  13  00   405.45  -118.55   286.91
2003  11  02  02  14  00   332.28  -108.88   223.40
2003  11  02  02  15  00   339.64  -127.93   211.71
2003  11  02  02  16  00   354.77  -120.50   234.27
2003  11  02  02  17  00   373.95  -123.35   250.59
2003  11  02  02  18  00   362.77  -124.89   237.87
2003  11  02  02  19  00   347.44  -110.91   236.52
2003  11  02  02  20  00   332.71  -100.09   232.62
2003  11  02  02  21  00   323.02   -90.03   232.99
2003  11  02  02  22  00   311.46   -80.14   231.32
2003  11  02  02  23  00   295.80   -73.62   222.19
2003  11  02  02  24  00   290.56   -71.57   218.98
2003  11  02  02  25  00   283.50   -69.17   214.33
2003  11  02  02  26  00   276.85   -66.34   210.51
2003  11  02  02  27  00   283.90   -79.61   204.29
2003  11  02  02  28  00   310.22  -105.61   204.61
2003  11  02  02  29  00   321.32  -116.44   204.88
2003  11  02  02  30  00   333.09  -132.32   200.77
2003  11  02  02  31  00   346.10  -139.97   206.13
2003  11  02  02  32  00   338.84  -132.44   206.40
2003  11  02  02  33  00   343.54  -116.38   227.16
2003  11  02  02  34  00   374.85  -105.37   269.48
2003  11  02  02  35  00   377.57   -90.26   287.32
2003  11  02  02  36  00   311.42   -78.29   233.13
2003  11  02  02  37  00   303.02   -85.83   217.19
2003  11  02  02  38  00   313.19   -97.32   215.87
2003  11  02  02  39  00   308.50   -95.08   213.42
2003  11  02  02  40  00   285.74   -72.92   212.81
2003  11  02  02  41  00   278.90   -67.41   211.49
2003  11  02  02  42  00   279.24   -64.97   214.27
2003  11  02  02  43  00   283.97   -66.10   217.88
2003  11  02  02  44  00   286.67   -70.03   216.64
2003  11  02  02  45  00   295.55   -73.51   222.03
2003  11  02  02  46  00   298.36   -76.01   222.35
2003  11  02  02  47  00   295.82   -76.70   219.12
2003  11  02  02  48  00   298.50   -77.42   221.08
2003  11  02  02  49  00   303.02   -78.07   224.95
2003  11  02  02  50  00   307.86   -75.63   232.23
2003  11  02  02  51  00   312.71   -75.72   236.99
2003  11  02  02  52  00   312.66   -72.36   240.30
2003  11  02  02  53  00   309.98   -70.00   239.98
2003  11  02  02  54  00   305.77   -67.01   238.76
2003  11  02  02  55  00   296.46   -61.97   234.48
2003  11  02  02  56  00   290.47   -58.59   231.88
2003  11  02  02  57  00   278.60   -55.05   223.55
2003  11  02  02  58  00   284.91   -60.80   224.11
2003  11  02  02  59  00   288.56   -61.59   226.97
2003  11  02  03  00  00   289.21   -59.08   230.13
2003  11  02  03  01  00   300.09   -56.46   243.63
2003  11  02  03  02  00   317.79   -65.24   252.55
2003  11  02  03  03  00   321.39   -65.88   255.51
2003  11  02  03  04  00   320.11   -66.54   253.57
2003  11  02  03  05  00   322.65   -62.23   260.42
2003  11  02  03  06  00   291.49   -53.79   237.70
2003  11  02  03  07  00   281.90   -62.47   219.42
2003  11  02  03  08  00   318.97   -86.88   232.09
2003  11  02  03  09  00   363.48  -110.96   252.52
2003  11  02  03  10  00   331.13  -106.89   224.24
2003  11  02  03  11  00   323.52  -128.54   194.98
2003  11  02  03  12  00   355.38  -138.75   216.63
2003  11  02  03  13  00   327.42  -110.98   216.44
2003  11  02  03  14  00   293.45   -69.75   223.71
2003  11  02  03  15  00   300.58   -76.49   224.10
2003  11  02  03  16  00   292.91   -76.54   216.37
2003  11  02  03  17  00   310.46   -84.55   225.91
2003  11  02  03  18  00   305.16   -78.91   226.25
2003  11  02  03  19  00   299.95   -76.37   223.59
2003  11  02  03  20  00   284.91   -77.77   207.15
2003  11  02  03  21  00   329.86  -135.60   194.26
2003  11  02  03  22  00   392.83  -183.99   208.84
2003  11  02  03  23  00   362.73  -146.64   216.09
2003  11  02  03  24  00   478.78  -270.19   208.59
2003  11  02  03  25  00   539.18  -332.07   207.11
2003  11  02  03  26  00   437.66  -227.90   209.75
2003  11  02  03  27  00   468.84  -262.73   206.10
2003  11  02  03  28  00   487.62  -291.41   196.21
2003  11  02  03  29  00   477.68  -284.34   193.35
2003  11  02  03  30  00   482.58  -282.50   200.09
2003  11  02  03  31  00   540.81  -332.87   207.94
2003  11  02  03  32  00   554.04  -341.57   212.47
2003  11  02  03  33  00   545.60  -329.42   216.19
2003  11  02  03  34  00   535.85  -323.39   212.45
2003  11  02  03  35  00   523.84  -314.21   209.63
2003  11  02  03  36  00   553.65  -339.26   214.39
2003  11  02  03  37  00   533.09  -314.86   218.23
2003  11  02  03  38  00   466.79  -246.71   220.08
2003  11  02  03  39  00   502.72  -278.56   224.16
2003  11  02  03  40  00   506.11  -286.03   220.08
2003  11  02  03  41  00   501.97  -282.72   219.26
2003  11  02  03  42  00   472.81  -250.11   222.70
2003  11  02  03  43  00   449.29  -226.04   223.25
2003  11  02  03  44  00   423.66  -201.76   221.90
2003  11  02  03  45  00   393.55  -175.72   217.83
2003  11  02  03  46  00   371.80  -151.53   220.27
2003  11  02  03  47  00   350.11  -133.15   216.96
2003  11  02  03  48  00   317.45  -104.26   213.20
2003  11  02  03  49  00   318.11  -102.86   215.25
2003  11  02  03  50  00   312.86   -99.17   213.69
2003  11  02  03  51  00   320.65  -107.58   213.07
2003  11  02  03  52  00   328.91  -110.96   217.95
2003  11  02  03  53  00   312.25   -94.32   217.93
2003  11  02  03  54  00   340.27  -120.47   219.80
2003  11  02  03  55  00   348.56  -126.25   222.31
2003  11  02  03  56  00   337.23  -115.64   221.59
2003  11  02  03  57  00   345.24  -126.28   218.95
2003  11  02  03  58  00   359.30  -141.30   218.00
2003  11  02  03  59  00   348.62  -131.48   217.15
2003  11  02  04  00  00   333.06  -117.23   215.83
2003  11  02  04  01  00   328.78  -116.49   212.29
2003  11  02  04  02  00   333.70  -120.43   213.28
2003  11  02  04  03  00   352.25  -132.53   219.72
2003  11  02  04  04  00   364.17  -140.17   224.00
2003  11  02  04  05  00   360.61  -139.32   221.30
2003  11  02  04  06  00   363.94  -149.94   214.00
2003  11  02  04  07  00   353.14  -140.56   212.59
2003  11  02  04  08  00   360.72  -147.03   213.69
2003  11  02  04  09  00   371.44  -152.59   218.85
2003  11  02  04  10  00   336.16  -120.87   215.29
2003  11  02  04  11  00   310.71  -102.74   207.96
2003  11  02  04  12  00   324.43  -121.47   202.96
2003  11  02  04  13  00   344.52  -133.39   211.14
2003  11  02  04  14  00   343.82  -126.90   216.92
2003  11  02  04  15  00   373.66  -159.01   214.65
2003  11  02  04  16  00   626.91  -413.96   212.95
2003  11  02  04  17  00   571.46  -360.93   210.53
2003  11  02  04  18  00   577.72  -362.02   215.70
2003  11  02  04  19  00   596.47  -382.45   214.02
2003  11  02  04  20  00   612.41  -398.29   214.12
2003  11  02  04  21  00   586.91  -373.40   213.51
2003  11  02  04  22  00   593.00  -380.07   212.92
2003  11  02  04  23  00   595.96  -383.13   212.82
2003  11  02  04  24  00   631.13  -421.60   209.53
2003  11  02  04  25  00   637.48  -428.22   209.26
2003  11  02  04  26  00   802.65  -595.29   207.36
2003  11  02  04  27  00   956.31  -748.34   207.97
2003  11  02  04  28  00   971.19  -763.92   207.27
2003  11  02  04  29  00   904.87  -701.47   203.40
2003  11  02  04  30  00   843.37  -643.86   199.51
2003  11  02  04  31  00   814.35  -607.85   206.50
2003  11  02  04  32  00   799.76  -590.08   209.68
2003  11  02  04  33  00   701.46  -497.30   204.16
2003  11  02  04  34  00   662.86  -462.00   200.87
2003  11  02  04  35  00   722.38  -519.73   202.65
2003  11  02  04  36  00   699.55  -500.00   199.55
2003  11  02  04  37  00   656.92  -458.98   197.95
2003  11  02  04  38  00   702.09  -504.96   197.13
2003  11  02  04  39  00   668.19  -472.17   196.02
2003  11  02  04  40  00   641.72  -442.53   199.20
2003  11  02  04  41  00   645.33  -438.62   206.70
2003  11  02  04  42  00   602.08  -393.97   208.11
2003  11  02  04  43  00   592.43  -386.70   205.72
2003  11  02  04  44  00   624.31  -421.45   202.86
2003  11  02  04  45  00   629.34  -425.13   204.21
2003  11  02  04  46  00   538.67  -337.14   201.54
2003  11  02  04  47  00   519.19  -317.45   201.75
2003  11  02  04  48  00   560.53  -342.68   217.85
2003  11  02  04  49  00   534.27  -310.67   223.60
2003  11  02  04  50  00   547.87  -318.41   229.46
2003  11  02  04  51  00   533.84  -302.71   231.13
2003  11  02  04  52  00   481.85  -255.94   225.91
2003  11  02  04  53  00   401.86  -181.03   220.83
2003  11  02  04  54  00   385.59  -172.13   213.46
2003  11  02  04  55  00   414.32  -203.03   211.29
2003  11  02  04  56  00   439.66  -232.53   207.13
2003  11  02  04  57  00   518.52  -287.31   231.21
2003  11  02  04  58  00   562.38  -302.33   260.05
2003  11  02  04  59  00   535.47  -260.59   274.88
2003  11  02  05  00  00   542.56  -255.49   287.07
2003  11  02  05  01  00   565.40  -264.05   301.35
2003  11  02  05  02  00   577.37  -240.09   337.27
2003  11  02  05  03  00   558.80  -225.50   333.29
2003  11  02  05  04  00   510.53  -202.88   307.64
2003  11  02  05  05  00   521.13  -229.14   292.00
2003  11  02  05  06  00   530.26  -259.70   270.55
2003  11  02  05  07  00   512.99  -264.87   248.13
2003  11  02  05  08  00   493.42  -262.57   230.85
2003  11  02  05  09  00   505.56  -277.09   228.47
2003  11  02  05  10  00   511.43  -287.19   224.24
2003  11  02  05  11  00   510.36  -290.62   219.74
2003  11  02  05  12  00   472.30  -252.34   219.96
2003  11  02  05  13  00   425.58  -204.52   221.06
2003  11  02  05  14  00   433.17  -213.87   219.30
2003  11  02  05  15  00   434.26  -209.00   225.26
2003  11  02  05  16  00   453.21  -220.68   232.53
2003  11  02  05  17  00   496.81  -262.62   234.19
2003  11  02  05  18  00   458.13  -217.13   241.00
2003  11  02  05  19  00   432.89  -189.38   243.51
2003  11  02  05  20  00   446.05  -202.92   243.13
2003  11  02  05  21  00   459.31  -220.22   239.09
2003  11  02  05  22  00   486.37  -241.71   244.66
2003  11  02  05  23  00   467.60  -213.25   254.35
2003  11  02  05  24  00   431.89  -178.55   253.34
2003  11  02  05  25  00   395.75  -160.44   235.31
2003  11  02  05  26  00   413.29  -173.52   239.77
2003  11  02  05  27  00   473.26  -214.62   258.65
2003  11  02  05  28  00   484.12  -217.58   266.54
2003  11  02  05  29  00   463.92  -187.41   276.51
2003  11  02  05  30  00   447.28  -186.98   260.30
2003  11  02  05  31  00   406.20  -181.69   224.51
2003  11  02  05  32  00   386.70  -170.38   216.32
2003  11  02  05  33  00   380.08  -156.00   224.08
2003  11  02  05  34  00   364.06  -137.87   226.19
2003  11  02  05  35  00   378.29  -161.42   216.87
2003  11  02  05  36  00   375.15  -146.26   228.88
2003  11  02  05  37  00   341.68  -123.80   217.88
2003  11  02  05  38  00   336.61  -121.50   215.11
2003  11  02  05  39  00   344.40  -128.29   216.11
2003  11  02  05  40  00   335.99  -117.51   218.48
2003  11  02  05  41  00   328.45  -106.72   221.73
2003  11  02  05  42  00   321.94   -98.16   223.78
2003  11  02  05  43  00   333.18  -104.69   228.50
2003  11  02  05  44  00   338.43  -118.29   220.13
2003  11  02  05  45  00   334.59  -132.15   202.44
2003  11  02  05  46  00   339.71  -131.02   208.69
2003  11  02  05  47  00   333.75  -116.14   217.61
2003  11  02  05  48  00   339.06  -110.89   228.17
2003  11  02  05  49  00   322.59  -100.19   222.40
2003  11  02  05  50  00   306.10   -97.18   208.93
2003  11  02  05  51  00   325.16  -116.96   208.21
2003  11  02  05  52  00   337.71  -124.90   212.81
2003  11  02  05  53  00   325.29  -121.19   204.10
2003  11  02  05  54  00   326.25  -120.06   206.20
2003  11  02  05  55  00   322.17  -116.69   205.49
2003  11  02  05  56  00   305.46  -105.58   199.88
2003  11  02  05  57  00   288.74  -101.06   187.68
2003  11  02  05  58  00   274.16   -81.64   192.52
2003  11  02  05  59  00   291.74   -88.69   203.04
2003  11  02  06  00  00   279.56   -74.91   204.65
2003  11  02  06  01  00   294.39   -80.57   213.81
2003  11  02  06  02  00   303.98   -82.36   221.62
2003  11  02  06  03  00   319.62  -100.21   219.41
2003  11  02  06  04  00   365.58  -146.92   218.67
2003  11  02  06  05  00   393.39  -171.19   222.20
2003  11  02  06  06  00   363.93  -135.81   228.13
2003  11  02  06  07  00   337.43  -107.10   230.33
2003  11  02  06  08  00   324.44   -96.68   227.76
2003  11  02  06  09  00   322.37  -101.45   220.93
2003  11  02  06  10  00   345.92  -126.64   219.28
2003  11  02  06  11  00   370.32  -151.18   219.14
2003  11  02  06  12  00   336.01  -121.62   214.39
2003  11  02  06  13  00   308.02   -96.11   211.91
2003  11  02  06  14  00   305.72   -92.52   213.20
2003  11  02  06  15  00   288.37   -73.83   214.53
2003  11  02  06  16  00   296.23   -82.45   213.78
2003  11  02  06  17  00   325.74  -106.05   219.69
2003  11  02  06  18  00   339.54  -111.56   227.98
2003  11  02  06  19  00   325.87   -93.07   232.80
2003  11  02  06  20  00   316.08   -82.93   233.15
2003  11  02  06  21  00   308.60   -79.84   228.75
2003  11  02  06  22  00   322.95   -94.77   228.18
2003  11  02  06  23  00   342.45  -112.35   230.10
2003  11  02  06  24  00   352.99  -125.15   227.84
2003  11  02  06  25  00   347.46  -120.67   226.79
2003  11  02  06  26  00   327.59   -97.37   230.23
2003  11  02  06  27  00   345.22  -113.04   232.18
2003  11  02  06  28  00   334.43   -97.23   237.21
2003  11  02  06  29  00   350.35  -114.42   235.92
2003  11  02  06  30  00   368.13  -132.28   235.85
2003  11  02  06  31  00   376.71  -137.84   238.87
2003  11  02  06  32  00   376.51  -136.30   240.21
2003  11  02  06  33  00   383.58  -142.23   241.36
2003  11  02  06  34  00   377.02  -133.03   243.99
2003  11  02  06  35  00   354.23  -108.61   245.63
2003  11  02  06  36  00   351.64  -108.18   243.46
2003  11  02  06  37  00   341.53   -99.84   241.69
2003  11  02  06  38  00   348.59  -108.67   239.92
2003  11  02  06  39  00   347.56  -110.27   237.28
2003  11  02  06  40  00   362.46  -126.56   235.90
2003  11  02  06  41  00   410.20  -177.37   232.83
2003  11  02  06  42  00   400.77  -172.18   228.59
2003  11  02  06  43  00   356.96  -129.73   227.22
2003  11  02  06  44  00   362.96  -132.54   230.42
2003  11  02  06  45  00   360.24  -126.81   233.43
2003  11  02  06  46  00   350.08  -117.83   232.25
2003  11  02  06  47  00   341.53  -112.12   229.41
2003  11  02  06  48  00   360.68  -130.55   230.14
2003  11  02  06  49  00   353.16  -122.79   230.37
2003  11  02  06  50  00   334.92  -109.02   225.89
2003  11  02  06  51  00   386.69  -166.68   220.01
2003  11  02  06  52  00   394.50  -178.16   216.34
2003  11  02  06  53  00   365.76  -153.57   212.19
2003  11  02  06  54  00   350.91  -141.49   209.42
2003  11  02  06  55  00   339.45  -130.73   208.72
2003  11  02  06  56  00   325.15  -121.41   203.74
2003  11  02  06  57  00   334.09  -131.92   202.18
2003  11  02  06  58  00   319.65  -116.26   203.39
2003  11  02  06  59  00   298.18   -94.59   203.59
2003  11  02  07  00  00   293.45   -90.27   203.18
2003  11  02  07  01  00   289.61   -89.70   199.91
2003  11  02  07  02  00   277.84   -80.21   197.63
2003  11  02  07  03  00   276.65   -76.22   200.43
2003  11  02  07  04  00   272.61   -70.90   201.72
2003  11  02  07  05  00   250.48   -53.74   196.74
2003  11  02  07  06  00   242.84   -42.25   200.59
2003  11  02  07  07  00   249.21   -44.12   205.09
2003  11  02  07  08  00   263.85   -58.28   205.58
2003  11  02  07  09  00   266.88   -61.21   205.66
2003  11  02  07  10  00   313.91  -108.33   205.58
2003  11  02  07  11  00   307.37  -106.71   200.66
2003  11  02  07  12  00   295.36   -93.45   201.91
2003  11  02  07  13  00   303.29   -92.41   210.89
2003  11  02  07  14  00   296.72   -82.37   214.35
2003  11  02  07  15  00   284.77   -71.43   213.34
2003  11  02  07  16  00   259.03   -50.36   208.67
2003  11  02  07  17  00   266.71   -55.61   211.10
2003  11  02  07  18  00   259.71   -44.20   215.51
2003  11  02  07  19  00   277.17   -56.56   220.61
2003  11  02  07  20  00   273.07   -48.15   224.93
2003  11  02  07  21  00   271.81   -43.98   227.83
2003  11  02  07  22  00   271.14   -43.82   227.32
2003  11  02  07  23  00   263.91   -38.56   225.35
2003  11  02  07  24  00   309.48   -87.88   221.60
2003  11  02  07  25  00   334.91  -113.27   221.64
2003  11  02  07  26  00   340.47  -118.31   222.16
2003  11  02  07  27  00   330.42  -110.13   220.29
2003  11  02  07  28  00   315.34   -97.92   217.43
2003  11  02  07  29  00   317.07   -98.83   218.24
2003  11  02  07  30  00   327.38  -103.56   223.82
2003  11  02  07  31  00   331.22   -98.64   232.58
2003  11  02  07  32  00   302.66   -72.48   230.18
2003  11  02  07  33  00   291.59   -67.05   224.54
2003  11  02  07  34  00   299.57   -74.58   224.99
2003  11  02  07  35  00   291.37   -63.98   227.39
2003  11  02  07  36  00   303.76   -74.56   229.20
2003  11  02  07  37  00   291.71   -64.36   227.35
2003  11  02  07  38  00   286.54   -60.17   226.37
2003  11  02  07  39  00   325.37   -97.30   228.07
2003  11  02  07  40  00   336.13  -105.37   230.75
2003  11  02  07  41  00   329.03   -98.87   230.15
2003  11  02  07  42  00   335.74  -110.53   225.21
2003  11  02  07  43  00   329.33  -103.66   225.68
2003  11  02  07  44  00   329.03  -102.04   226.99
2003  11  02  07  45  00   321.67   -94.28   227.40
2003  11  02  07  46  00   333.81  -103.40   230.41
2003  11  02  07  47  00   328.54  -100.30   228.24
2003  11  02  07  48  00   331.15  -102.79   228.37
2003  11  02  07  49  00   324.29   -91.83   232.46
2003  11  02  07  50  00   322.30   -88.41   233.89
2003  11  02  07  51  00   312.84   -76.43   236.41
2003  11  02  07  52  00   349.63  -110.95   238.68
2003  11  02  07  53  00   402.22  -166.24   235.98
2003  11  02  07  54  00   400.53  -172.20   228.33
2003  11  02  07  55  00   392.80  -177.31   215.49
2003  11  02  07  56  00   393.37  -184.41   208.96
2003  11  02  07  57  00   356.89  -154.46   202.44
2003  11  02  07  58  00   359.50  -159.26   200.24
2003  11  02  07  59  00   349.27  -143.98   205.29
2003  11  02  08  00  00   320.94  -115.10   205.84
2003  11  02  08  01  00   309.48  -103.22   206.26
2003  11  02  08  02  00   303.60  -100.29   203.31
2003  11  02  08  03  00   285.69   -85.83   199.85
2003  11  02  08  04  00   286.93   -82.90   204.03
2003  11  02  08  05  00   302.52   -96.60   205.92
2003  11  02  08  06  00   323.14  -119.38   203.76
2003  11  02  08  07  00   360.82  -108.37   252.45
2003  11  02  08  08  00   334.25   -83.12   251.14
2003  11  02  08  09  00   294.43   -86.13   208.30
2003  11  02  08  10  00   302.34   -87.84   214.50
2003  11  02  08  11  00   338.67  -124.44   214.23
2003  11  02  08  12  00   348.90  -137.51   211.39
2003  11  02  08  13  00   335.68  -126.65   209.03
2003  11  02  08  14  00   321.81  -111.07   210.74
2003  11  02  08  15  00   287.26   -76.70   210.56
2003  11  02  08  16  00   279.63   -67.54   212.09
2003  11  02  08  17  00   288.59   -75.87   212.72
2003  11  02  08  18  00   306.41   -91.06   215.34
2003  11  02  08  19  00   337.10  -118.44   218.66
2003  11  02  08  20  00   361.77  -139.19   222.58
2003  11  02  08  21  00   359.99  -135.67   224.31
2003  11  02  08  22  00   378.05  -157.30   220.75
2003  11  02  08  23  00   366.14  -147.66   218.49
2003  11  02  08  24  00   338.45  -124.61   213.83
2003  11  02  08  25  00   342.82  -135.07   207.75
2003  11  02  08  26  00   325.77  -118.72   207.04
2003  11  02  08  27  00   317.51  -105.64   211.87
2003  11  02  08  28  00   323.84  -108.24   215.60
2003  11  02  08  29  00   332.55  -115.71   216.84
2003  11  02  08  30  00   391.75  -173.84   217.91
2003  11  02  08  31  00   523.83  -309.24   214.59
2003  11  02  08  32  00   513.23  -298.18   215.05
2003  11  02  08  33  00   474.28  -255.59   218.69
2003  11  02  08  34  00   485.84  -272.08   213.76
2003  11  02  08  35  00   494.04  -283.43   210.61
2003  11  02  08  36  00   502.91  -291.38   211.53
2003  11  02  08  37  00   460.52  -245.50   215.02
2003  11  02  08  38  00   453.40  -234.85   218.55
2003  11  02  08  39  00   461.33  -242.25   219.08
2003  11  02  08  40  00   456.29  -238.24   218.05
2003  11  02  08  41  00   430.16  -208.03   222.12
2003  11  02  08  42  00   410.04  -185.55   224.50
2003  11  02  08  43  00   443.47  -219.11   224.36
2003  11  02  08  44  00   440.60  -217.13   223.47
2003  11  02  08  45  00   447.99  -223.70   224.29
2003  11  02  08  46  00   429.74  -206.79   222.95
2003  11  02  08  47  00   429.43  -208.90   220.53
2003  11  02  08  48  00   400.16  -178.68   221.48
2003  11  02  08  49  00   462.17  -241.04   221.13
2003  11  02  08  50  00   435.00  -216.43   218.57
2003  11  02  08  51  00   419.25  -204.62   214.63
2003  11  02  08  52  00   412.29  -200.47   211.82
2003  11  02  08  53  00   434.95  -222.87   212.08
2003  11  02  08  54  00   473.11  -261.27   211.84
2003  11  02  08  55  00   465.02  -253.43   211.60
2003  11  02  08  56  00   463.52  -250.86   212.66
2003  11  02  08  57  00   407.99  -192.45   215.54
2003  11  02  08  58  00   414.55  -196.46   218.10
2003  11  02  08  59  00   437.50  -218.06   219.45
2003  11  02  09  00  00   432.14  -213.81   218.34
2003  11  02  09  01  00   465.70  -243.87   221.83
2003  11  02  09  02  00   415.59  -183.22   232.38
2003  11  02  09  03  00   401.53  -164.80   236.73
2003  11  02  09  04  00   411.31  -174.09   237.22
2003  11  02  09  05  00   424.02  -187.29   236.74
2003  11  02  09  06  00   436.79  -195.99   240.80
2003  11  02  09  07  00   452.42  -208.17   244.25
2003  11  02  09  08  00   470.81  -227.59   243.22
2003  11  02  09  09  00   480.26  -235.76   244.51
2003  11  02  09  10  00   443.40  -196.79   246.61
2003  11  02  09  11  00   460.96  -211.69   249.27
2003  11  02  09  12  00   519.48  -264.91   254.57
2003  11  02  09  13  00   563.64  -303.97   259.67
2003  11  02  09  14  00   555.79  -299.76   256.03
2003  11  02  09  15  00   548.18  -292.41   255.77
2003  11  02  09  16  00   548.82  -293.90   254.92
2003  11  02  09  17  00   633.90  -375.98   257.93
2003  11  02  09  18  00   627.56  -365.88   261.69
2003  11  02  09  19  00   591.15  -326.36   264.79
2003  11  02  09  20  00   632.63  -369.82   262.81
2003  11  02  09  21  00   641.39  -378.88   262.51
2003  11  02  09  22  00   677.01  -411.53   265.48
2003  11  02  09  23  00   689.25  -418.29   270.96
2003  11  02  09  24  00   682.66  -410.28   272.39
2003  11  02  09  25  00   679.18  -407.50   271.68
2003  11  02  09  26  00   689.26  -414.55   274.71
2003  11  02  09  27  00   721.63  -445.31   276.32
2003  11  02  09  28  00   751.01  -470.43   280.58
2003  11  02  09  29  00   740.27  -457.61   282.67
2003  11  02  09  30  00   731.85  -447.06   284.79
2003  11  02  09  31  00   737.32  -446.66   290.67
2003  11  02  09  32  00   749.35  -446.54   302.82
2003  11  02  09  33  00   745.90  -438.20   307.70
2003  11  02  09  34  00   761.16  -443.02   318.14
2003  11  02  09  35  00   812.10  -482.23   329.87
2003  11  02  09  36  00   810.56  -486.72   323.84
2003  11  02  09  37  00   825.14  -498.44   326.70
2003  11  02  09  38  00   817.21  -491.91   325.30
2003  11  02  09  39  00   807.58  -483.61   323.96
2003  11  02  09  40  00   818.36  -484.87   333.49
2003  11  02  09  41  00   781.59  -449.66   331.93
2003  11  02  09  42  00   720.68  -400.31   320.37
2003  11  02  09  43  00   710.87  -397.34   313.53
2003  11  02  09  44  00   718.04  -406.14   311.90
2003  11  02  09  45  00   714.73  -406.15   308.57
2003  11  02  09  46  00   703.35  -389.23   314.12
2003  11  02  09  47  00   691.58  -381.48   310.11
2003  11  02  09  48  00   695.88  -392.19   303.69
2003  11  02  09  49  00   761.52  -459.28   302.24
2003  11  02  09  50  00   752.14  -448.78   303.36
2003  11  02  09  51  00   746.37  -443.27   303.10
2003  11  02  09  52  00   716.01  -414.47   301.54
2003  11  02  09  53  00   691.79  -386.90   304.89
2003  11  02  09  54  00   704.10  -398.88   305.22
2003  11  02  09  55  00   722.73  -417.81   304.93
2003  11  02  09  56  00   732.57  -425.53   307.05
2003  11  02  09  57  00   746.04  -438.76   307.28
2003  11  02  09  58  00   752.20  -438.09   314.11
2003  11  02  09  59  00   751.36  -428.56   322.80
2003  11  02  10  00  00   754.26  -431.22   323.04
2003  11  02  10  01  00   763.19  -442.31   320.88
2003  11  02  10  02  00   772.92  -454.73   318.19
2003  11  02  10  03  00   792.40  -481.76   310.64
2003  11  02  10  04  00   775.87  -469.08   306.79
2003  11  02  10  05  00   752.31  -455.64   296.67
2003  11  02  10  06  00   748.69  -458.67   290.02
2003  11  02  10  07  00   742.15  -458.77   283.38
2003  11  02  10  08  00   711.80  -423.87   287.94
2003  11  02  10  09  00   675.63  -377.77   297.86
2003  11  02  10  10  00   655.40  -352.72   302.67
2003  11  02  10  11  00   669.37  -361.97   307.41
2003  11  02  10  12  00   720.42  -408.77   311.65
2003  11  02  10  13  00   786.84  -466.76   320.08
2003  11  02  10  14  00   819.30  -500.24   319.06
2003  11  02  10  15  00   829.88  -509.11   320.77
2003  11  02  10  16  00   834.54  -508.18   326.36
2003  11  02  10  17  00   836.62  -514.28   322.34
2003  11  02  10  18  00   775.17  -453.68   321.50
2003  11  02  10  19  00   743.41  -423.36   320.04
2003  11  02  10  20  00   754.04  -434.33   319.72
2003  11  02  10  21  00   723.77  -398.59   325.18
2003  11  02  10  22  00   748.02  -418.13   329.90
2003  11  02  10  23  00   739.22  -412.36   326.86
2003  11  02  10  24  00   693.92  -372.36   321.56
2003  11  02  10  25  00   632.23  -320.66   311.57
2003  11  02  10  26  00   615.65  -308.27   307.39
2003  11  02  10  27  00   611.60  -305.15   306.45
2003  11  02  10  28  00   616.04  -311.66   304.38
2003  11  02  10  29  00   629.36  -325.36   304.00
2003  11  02  10  30  00   621.71  -316.98   304.72
2003  11  02  10  31  00   579.45  -273.56   305.88
2003  11  02  10  32  00   532.07  -228.41   303.66
2003  11  02  10  33  00   555.36  -248.44   306.92
2003  11  02  10  34  00   583.80  -271.88   311.92
2003  11  02  10  35  00   637.18  -318.77   318.41
2003  11  02  10  36  00   629.73  -307.73   322.00
2003  11  02  10  37  00   629.15  -313.27   315.88
2003  11  02  10  38  00   642.05  -326.82   315.23
2003  11  02  10  39  00   664.39  -346.50   317.89
2003  11  02  10  40  00   667.40  -344.27   323.13
2003  11  02  10  41  00   651.13  -319.32   331.80
2003  11  02  10  42  00   658.68  -318.00   340.69
2003  11  02  10  43  00   667.70  -316.44   351.26
2003  11  02  10  44  00   699.52  -333.92   365.60
2003  11  02  10  45  00   733.21  -361.84   371.37
2003  11  02  10  46  00   732.37  -358.15   374.21
2003  11  02  10  47  00   750.36  -374.30   376.06
2003  11  02  10  48  00   762.93  -391.02   371.91
2003  11  02  10  49  00   754.54  -379.25   375.29
2003  11  02  10  50  00   742.53  -365.80   376.73
2003  11  02  10  51  00   746.67  -362.72   383.95
2003  11  02  10  52  00   744.72  -351.48   393.24
2003  11  02  10  53  00   761.09  -356.92   404.17
2003  11  02  10  54  00   761.53  -353.81   407.72
2003  11  02  10  55  00   736.45  -321.48   414.97
2003  11  02  10  56  00   636.27  -321.21   315.05
2003  11  02  10  57  00   536.44  -322.33   214.10
2003  11  02  10  58  00   508.93  -300.50   208.43
2003  11  02  10  59  00   499.68  -294.33   205.35
2003  11  02  11  00  00   531.89  -293.87   238.02
2003  11  02  11  01  00   523.35  -279.66   243.69
2003  11  02  11  02  00   537.66  -288.57   249.09
2003  11  02  11  03  00   527.16  -276.23   250.93
2003  11  02  11  04  00   490.09  -239.57   250.52
2003  11  02  11  05  00   474.57  -224.87   249.70
2003  11  02  11  06  00   444.77  -199.59   245.18
2003  11  02  11  07  00   434.03  -192.47   241.56
2003  11  02  11  08  00   424.10  -185.29   238.81
2003  11  02  11  09  00   435.87  -192.86   243.01
2003  11  02  11  10  00   443.59  -194.27   249.32
2003  11  02  11  11  00   450.51  -199.04   251.46
2003  11  02  11  12  00   475.60  -215.93   259.67
2003  11  02  11  13  00   466.07  -204.79   261.28
2003  11  02  11  14  00   448.99  -185.56   263.43
2003  11  02  11  15  00   426.50  -158.18   268.33
2003  11  02  11  16  00   404.63  -135.31   269.31
2003  11  02  11  17  00   384.07  -126.30   257.77
2003  11  02  11  18  00   370.98  -135.06   235.93
2003  11  02  11  19  00   384.42  -157.88   226.54
2003  11  02  11  20  00   398.27  -177.37   220.90
2003  11  02  11  21  00   393.78  -180.87   212.91
2003  11  02  11  22  00   405.50  -190.06   215.44
2003  11  02  11  23  00   418.17  -201.20   216.97
2003  11  02  11  24  00   389.89  -179.35   210.54
2003  11  02  11  25  00   363.25  -157.48   205.77
2003  11  02  11  26  00   382.01  -184.16   197.85
2003  11  02  11  27  00   374.43  -183.33   191.10
2003  11  02  11  28  00   397.24  -206.84   190.40
2003  11  02  11  29  00   406.93  -209.74   197.19
2003  11  02  11  30  00   429.30  -215.70   213.60
2003  11  02  11  31  00   442.00  -218.18   223.82
2003  11  02  11  32  00   415.82  -200.87   214.95
2003  11  02  11  33  00   407.00  -196.76   210.24
2003  11  02  11  34  00   403.64  -194.77   208.87
2003  11  02  11  35  00   388.80  -177.22   211.58
2003  11  02  11  36  00   376.62  -161.19   215.43
2003  11  02  11  37  00   364.92  -150.34   214.58
2003  11  02  11  38  00   370.64  -156.07   214.57
2003  11  02  11  39  00   382.13  -161.43   220.71
2003  11  02  11  40  00   385.57  -157.19   228.38
2003  11  02  11  41  00   393.10  -144.56   248.55
2003  11  02  11  42  00   388.05  -132.56   255.50
2003  11  02  11  43  00   357.46  -122.59   234.86
2003  11  02  11  44  00   314.57  -109.29   205.28
2003  11  02  11  45  00   287.67  -106.85   180.83
2003  11  02  11  46  00   266.83  -110.50   156.33
2003  11  02  11  47  00   289.80  -135.31   154.49
2003  11  02  11  48  00   320.09  -153.30   166.79
2003  11  02  11  49  00   332.00  -155.82   176.17
2003  11  02  11  50  00   343.41  -154.37   189.04
2003  11  02  11  51  00   350.56  -143.11   207.45
2003  11  02  11  52  00   340.57  -108.48   232.08
2003  11  02  11  53  00   377.82  -110.24   267.57
2003  11  02  11  54  00   413.14  -105.41   307.73
2003  11  02  11  55  00   431.25  -109.23   322.02
2003  11  02  11  56  00   446.90  -117.28   329.62
2003  11  02  11  57  00   454.86  -123.70   331.16
2003  11  02  11  58  00   462.84  -147.63   315.21
2003  11  02  11  59  00   441.06  -172.23   268.83
2003  11  02  12  00  00   431.62  -198.13   233.49
2003  11  02  12  01  00   408.23  -211.54   196.69
2003  11  02  12  02  00   380.13  -214.02   166.11
2003  11  02  12  03  00   365.72  -219.92   145.80
2003  11  02  12  04  00   409.80  -260.78   149.02
2003  11  02  12  05  00   457.65  -306.59   151.06
2003  11  02  12  06  00   470.54  -318.60   151.94
2003  11  02  12  07  00   453.47  -321.42   132.05
2003  11  02  12  08  00   450.37  -324.91   125.47
2003  11  02  12  09  00   456.58  -323.22   133.36
2003  11  02  12  10  00   458.51  -325.14   133.36
2003  11  02  12  11  00   459.14  -327.75   131.39
2003  11  02  12  12  00   495.68  -349.30   146.37
2003  11  02  12  13  00   549.83  -397.82   152.01
2003  11  02  12  14  00   496.74  -359.82   136.91
2003  11  02  12  15  00   477.39  -354.57   122.82
2003  11  02  12  16  00   469.27  -358.96   110.31
2003  11  02  12  17  00   477.80  -374.59   103.21
2003  11  02  12  18  00   484.00  -380.15   103.85
2003  11  02  12  19  00   525.59  -391.20   134.39
2003  11  02  12  20  00   558.12  -421.23   136.89
2003  11  02  12  21  00   580.56  -438.97   141.59
2003  11  02  12  22  00   563.19  -427.68   135.52
2003  11  02  12  23  00   512.57  -398.54   114.04
2003  11  02  12  24  00   477.50  -379.31    98.19
2003  11  02  12  25  00   484.97  -387.75    97.22
2003  11  02  12  26  00   494.61  -387.36   107.26
2003  11  02  12  27  00   484.43  -374.14   110.28
2003  11  02  12  28  00   471.49  -357.24   114.25
2003  11  02  12  29  00   471.89  -347.64   124.25
2003  11  02  12  30  00   471.09  -351.87   119.22
2003  11  02  12  31  00   469.60  -369.43   100.17
2003  11  02  12  32  00   471.89  -382.74    89.15
2003  11  02  12  33  00   479.76  -397.39    82.36
2003  11  02  12  34  00   450.52  -368.94    81.58
2003  11  02  12  35  00   409.05  -326.73    82.33
2003  11  02  12  36  00   393.16  -315.27    77.89
2003  11  02  12  37  00   398.97  -315.06    83.91
2003  11  02  12  38  00   398.12  -313.24    84.87
2003  11  02  12  39  00   385.99  -302.14    83.86
2003  11  02  12  40  00   370.26  -283.44    86.82
2003  11  02  12  41  00   358.57  -271.82    86.76
2003  11  02  12  42  00   344.85  -268.14    76.70
2003  11  02  12  43  00   349.51  -268.61    80.90
2003  11  02  12  44  00   357.00  -279.18    77.82
2003  11  02  12  45  00   382.89  -296.69    86.20
2003  11  02  12  46  00   403.39  -305.55    97.84
2003  11  02  12  47  00   411.71  -305.46   106.26
2003  11  02  12  48  00   406.29  -301.96   104.33
2003  11  02  12  49  00   420.46  -289.78   130.68
2003  11  02  12  50  00   420.71  -276.94   143.76
2003  11  02  12  51  00   430.20  -270.91   159.29
2003  11  02  12  52  00   437.78  -275.85   161.94
2003  11  02  12  53  00   451.37  -279.23   172.14
2003  11  02  12  54  00   442.03  -275.80   166.23
2003  11  02  12  55  00   431.72  -265.38   166.33
2003  11  02  12  56  00   410.50  -252.22   158.28
2003  11  02  12  57  00   404.79  -242.01   162.77
2003  11  02  12  58  00   398.76  -232.73   166.03
2003  11  02  12  59  00   396.03  -227.92   168.10
2003  11  02  13  00  00   385.47  -228.62   156.85
2003  11  02  13  01  00   372.49  -230.89   141.60
2003  11  02  13  02  00   357.79  -231.21   126.58
2003  11  02  13  03  00   352.45  -227.62   124.83
2003  11  02  13  04  00   340.94  -229.31   111.63
2003  11  02  13  05  00   340.97  -226.75   114.22
2003  11  02  13  06  00   328.93  -217.20   111.73
2003  11  02  13  07  00   321.82  -207.98   113.84
2003  11  02  13  08  00   320.17  -203.56   116.61
2003  11  02  13  09  00   321.61  -202.40   119.21
2003  11  02  13  10  00   326.76  -204.42   122.34
2003  11  02  13  11  00   330.19  -213.31   116.87
2003  11  02  13  12  00   341.09  -228.73   112.36
2003  11  02  13  13  00   348.85  -236.71   112.15
2003  11  02  13  14  00   347.03  -238.00   109.04
2003  11  02  13  15  00   342.49  -233.67   108.82
2003  11  02  13  16  00   340.07  -224.19   115.88
2003  11  02  13  17  00   331.41  -217.11   114.30
2003  11  02  13  18  00   307.55  -196.89   110.66
2003  11  02  13  19  00   293.84  -186.92   106.92
2003  11  02  13  20  00   341.71  -214.24   127.47
2003  11  02  13  21  00   319.76  -198.29   121.47
2003  11  02  13  22  00   303.61  -194.19   109.42
2003  11  02  13  23  00   325.45  -221.37   104.08
2003  11  02  13  24  00   332.97  -236.74    96.23
2003  11  02  13  25  00   323.21  -227.69    95.52
2003  11  02  13  26  00   295.02  -194.84   100.18
2003  11  02  13  27  00   304.58  -200.49   104.09
2003  11  02  13  28  00   293.27  -192.95   100.32
2003  11  02  13  29  00   280.16  -190.65    89.51
2003  11  02  13  30  00   283.25  -198.75    84.50
2003  11  02  13  31  00   287.92  -203.43    84.48
2003  11  02  13  32  00   273.35  -190.87    82.48
2003  11  02  13  33  00   269.87  -190.32    79.54
2003  11  02  13  34  00   274.50  -190.66    83.84
2003  11  02  13  35  00   275.80  -193.26    82.53
2003  11  02  13  36  00   270.90  -192.32    78.57
2003  11  02  13  37  00   282.29  -196.72    85.56
2003  11  02  13  38  00   297.92  -204.39    93.53
2003  11  02  13  39  00   295.75  -196.20    99.54
2003  11  02  13  40  00   290.80  -191.23    99.57
2003  11  02  13  41  00   299.54  -195.98   103.56
2003  11  02  13  42  00   315.23  -203.70   111.53
2003  11  02  13  43  00   328.18  -213.63   114.54
2003  11  02  13  44  00   331.97  -211.98   119.99
2003  11  02  13  45  00   341.01  -224.32   116.69
2003  11  02  13  46  00   351.00  -237.38   113.62
2003  11  02  13  47  00   361.28  -247.89   113.40
2003  11  02  13  48  00   365.56  -250.06   115.49
2003  11  02  13  49  00   353.68  -237.67   116.01
2003  11  02  13  50  00   360.26  -235.41   124.85
2003  11  02  13  51  00   348.43  -231.08   117.36
2003  11  02  13  52  00   338.24  -232.55   105.69
2003  11  02  13  53  00   336.95  -242.17    94.78
2003  11  02  13  54  00   358.98  -256.28   102.70
2003  11  02  13  55  00   391.74  -277.70   114.03
2003  11  02  13  56  00   397.50  -276.22   121.28
2003  11  02  13  57  00   419.77  -292.25   127.52
2003  11  02  13  58  00   422.03  -289.12   132.90
2003  11  02  13  59  00   427.79  -295.32   132.47
2003  11  02  14  00  00   447.63  -307.15   140.48
2003  11  02  14  01  00   470.43  -321.88   148.55
2003  11  02  14  02  00   468.68  -319.39   149.28
2003  11  02  14  03  00   468.47  -315.27   153.19
2003  11  02  14  04  00   463.05  -324.52   138.53
2003  11  02  14  05  00   456.42  -332.14   124.28
2003  11  02  14  06  00   440.55  -316.03   124.51
2003  11  02  14  07  00   422.68  -296.86   125.82
2003  11  02  14  08  00   383.56  -275.03   108.53
2003  11  02  14  09  00   414.11  -274.82   139.29
2003  11  02  14  10  00   406.81  -274.41   132.41
2003  11  02  14  11  00   379.42  -262.83   116.59
2003  11  02  14  12  00   382.96  -259.42   123.53
2003  11  02  14  13  00   415.30  -292.89   122.41
2003  11  02  14  14  00   405.70  -293.99   111.71
2003  11  02  14  15  00   397.95  -277.27   120.68
2003  11  02  14  16  00   394.40  -275.75   118.66
2003  11  02  14  17  00   400.30  -288.80   111.51
2003  11  02  14  18  00   420.15  -304.67   115.48
2003  11  02  14  19  00   429.54  -310.55   118.99
2003  11  02  14  20  00   427.89  -310.38   117.51
2003  11  02  14  21  00   431.54  -313.42   118.12
2003  11  02  14  22  00   440.30  -320.73   119.57
2003  11  02  14  23  00   432.90  -313.90   119.00
2003  11  02  14  24  00   433.41  -312.62   120.79
2003  11  02  14  25  00   431.91  -315.89   116.03
2003  11  02  14  26  00   423.73  -306.39   117.33
2003  11  02  14  27  00   410.39  -286.81   123.58
2003  11  02  14  28  00   401.56  -277.60   123.95
2003  11  02  14  29  00   395.34  -274.50   120.84
2003  11  02  14  30  00   397.97  -280.78   117.19
2003  11  02  14  31  00   397.91  -273.72   124.19
2003  11  02  14  32  00   399.49  -276.29   123.20
2003  11  02  14  33  00   375.24  -261.67   113.57
2003  11  02  14  34  00   362.48  -256.25   106.23
2003  11  02  14  35  00   360.58  -262.47    98.12
2003  11  02  14  36  00   376.79  -271.10   105.69
2003  11  02  14  37  00   394.69  -284.13   110.56
2003  11  02  14  38  00   391.58  -279.75   111.83
2003  11  02  14  39  00   395.42  -281.23   114.18
2003  11  02  14  40  00   379.16  -268.70   110.47
2003  11  02  14  41  00   372.61  -259.95   112.66
2003  11  02  14  42  00   363.44  -250.39   113.05
2003  11  02  14  43  00   352.74  -243.27   109.47
2003  11  02  14  44  00   350.13  -231.59   118.53
2003  11  02  14  45  00   357.59  -237.55   120.04
2003  11  02  14  46  00   359.37  -235.38   123.99
2003  11  02  14  47  00   356.96  -228.88   128.08
2003  11  02  14  48  00   394.77  -260.85   133.93
2003  11  02  14  49  00   388.89  -255.86   133.03
2003  11  02  14  50  00   353.42  -221.10   132.32
2003  11  02  14  51  00   365.56  -224.30   141.26
2003  11  02  14  52  00   380.57  -228.09   152.49
2003  11  02  14  53  00   393.96  -239.28   154.68
2003  11  02  14  54  00   412.19  -262.18   150.01
2003  11  02  14  55  00   415.54  -267.21   148.32
2003  11  02  14  56  00   409.36  -264.36   145.00
2003  11  02  14  57  00   424.76  -283.66   141.10
2003  11  02  14  58  00   431.38  -293.81   137.57
2003  11  02  14  59  00   398.40  -259.51   138.89
2003  11  02  15  00  00   367.70  -231.12   136.58
2003  11  02  15  01  00   364.09  -230.74   133.35
2003  11  02  15  02  00   375.74  -248.10   127.64
2003  11  02  15  03  00   380.06  -252.01   128.05
2003  11  02  15  04  00   378.50  -250.99   127.52
2003  11  02  15  05  00   367.43  -242.80   124.64
2003  11  02  15  06  00   360.21  -230.05   130.16
2003  11  02  15  07  00   383.88  -242.03   141.85
2003  11  02  15  08  00   456.21  -307.98   148.24
2003  11  02  15  09  00   450.59  -299.41   151.18
2003  11  02  15  10  00   524.39  -376.12   148.27
2003  11  02  15  11  00   681.72  -523.32   158.40
2003  11  02  15  12  00   653.38  -483.02   170.35
2003  11  02  15  13  00   539.88  -379.95   159.94
2003  11  02  15  14  00   562.59  -402.29   160.30
2003  11  02  15  15  00   559.87  -410.39   149.48
2003  11  02  15  16  00   573.25  -415.64   157.60
2003  11  02  15  17  00   588.10  -427.00   161.10
2003  11  02  15  18  00   571.98  -408.29   163.70
2003  11  02  15  19  00   574.09  -414.90   159.18
2003  11  02  15  20  00   568.78  -416.57   152.21
2003  11  02  15  21  00   576.54  -427.80   148.73
2003  11  02  15  22  00   587.29  -441.02   146.27
2003  11  02  15  23  00   545.64  -388.96   156.68
2003  11  02  15  24  00   466.24  -306.32   159.93
2003  11  02  15  25  00   488.62  -336.94   151.69
2003  11  02  15  26  00   448.74  -309.55   139.19
2003  11  02  15  27  00   441.67  -307.15   134.52
2003  11  02  15  28  00   462.58  -331.54   131.04
2003  11  02  15  29  00   456.71  -325.70   131.02
2003  11  02  15  30  00   442.87  -315.45   127.42
2003  11  02  15  31  00   458.62  -335.66   122.96
2003  11  02  15  32  00   472.03  -352.24   119.79
2003  11  02  15  33  00   460.04  -338.13   121.91
2003  11  02  15  34  00   447.22  -319.47   127.75
2003  11  02  15  35  00   505.35  -376.52   128.83
2003  11  02  15  36  00   547.54  -411.38   136.16
2003  11  02  15  37  00   554.58  -409.50   145.08
2003  11  02  15  38  00   551.00  -404.69   146.31
2003  11  02  15  39  00   639.38  -495.15   144.23
2003  11  02  15  40  00   612.05  -473.73   138.32
2003  11  02  15  41  00   509.51  -377.39   132.12
2003  11  02  15  42  00   458.60  -331.74   126.86
2003  11  02  15  43  00   477.69  -363.58   114.10
2003  11  02  15  44  00   505.56  -382.18   123.38
2003  11  02  15  45  00   516.52  -399.91   116.61
2003  11  02  15  46  00   568.81  -454.88   113.93
2003  11  02  15  47  00   538.38  -428.25   110.12
2003  11  02  15  48  00   503.90  -396.91   106.99
2003  11  02  15  49  00   520.10  -400.58   119.51
2003  11  02  15  50  00   558.48  -421.28   137.20
2003  11  02  15  51  00   543.47  -392.04   151.42
2003  11  02  15  52  00   490.60  -334.54   156.06
2003  11  02  15  53  00   502.17  -332.45   169.72
2003  11  02  15  54  00   510.35  -334.10   176.25
2003  11  02  15  55  00   524.44  -338.69   185.74
2003  11  02  15  56  00   564.24  -372.47   191.78
2003  11  02  15  57  00   594.56  -405.61   188.95
2003  11  02  15  58  00   580.06  -396.13   183.93
2003  11  02  15  59  00   594.67  -399.68   195.00
2003  11  02  16  00  00   553.18  -361.19   191.98
2003  11  02  16  01  00   516.64  -331.09   185.55
2003  11  02  16  02  00   507.47  -324.59   182.88
2003  11  02  16  03  00   501.85  -322.63   179.22
2003  11  02  16  04  00   464.46  -288.59   175.87
2003  11  02  16  05  00   476.27  -300.43   175.84
2003  11  02  16  06  00   484.52  -305.76   178.76
2003  11  02  16  07  00   485.28  -302.95   182.33
2003  11  02  16  08  00   469.46  -271.16   198.30
2003  11  02  16  09  00   487.91  -281.38   206.53
2003  11  02  16  10  00   506.26  -298.11   208.15
2003  11  02  16  11  00   505.71  -303.12   202.60
2003  11  02  16  12  00   510.71  -319.33   191.39
2003  11  02  16  13  00   500.80  -322.55   178.25
2003  11  02  16  14  00   502.34  -327.59   174.75
2003  11  02  16  15  00   503.88  -327.58   176.30
2003  11  02  16  16  00   478.37  -300.81   177.56
2003  11  02  16  17  00   460.54  -286.93   173.61
2003  11  02  16  18  00   455.04  -283.28   171.75
2003  11  02  16  19  00   477.86  -307.60   170.26
2003  11  02  16  20  00   492.42  -326.74   165.68
2003  11  02  16  21  00   484.26  -320.69   163.56
2003  11  02  16  22  00   470.00  -307.32   162.68
2003  11  02  16  23  00   434.16  -278.56   155.60
2003  11  02  16  24  00   419.17  -270.81   148.36
2003  11  02  16  25  00   411.02  -263.63   147.38
2003  11  02  16  26  00   423.13  -266.53   156.60
2003  11  02  16  27  00   434.15  -258.35   175.81
2003  11  02  16  28  00   448.19  -266.41   181.78
2003  11  02  16  29  00   436.21  -263.73   172.48
2003  11  02  16  30  00   448.22  -278.24   169.98
2003  11  02  16  31  00   441.16  -276.08   165.09
2003  11  02  16  32  00   445.01  -284.29   160.72
2003  11  02  16  33  00   471.79  -307.38   164.41
2003  11  02  16  34  00   500.33  -333.96   166.36
2003  11  02  16  35  00   511.84  -341.44   170.40
2003  11  02  16  36  00   576.07  -394.34   181.73
2003  11  02  16  37  00   623.73  -422.29   201.43
2003  11  02  16  38  00   654.08  -445.85   208.22
2003  11  02  16  39  00   695.21  -493.52   201.69
2003  11  02  16  40  00   750.74  -550.75   199.98
2003  11  02  16  41  00   754.46  -549.24   205.22
2003  11  02  16  42  00   718.91  -506.67   212.24
2003  11  02  16  43  00   656.26  -438.22   218.04
2003  11  02  16  44  00   630.87  -417.17   213.70
2003  11  02  16  45  00   616.50  -412.64   203.86
2003  11  02  16  46  00   588.17  -393.27   194.90
2003  11  02  16  47  00   575.35  -376.40   198.95
2003  11  02  16  48  00   578.60  -370.83   207.76
2003  11  02  16  49  00   565.83  -358.00   207.83
2003  11  02  16  50  00   564.43  -349.33   215.10
2003  11  02  16  51  00   566.70  -348.38   218.32
2003  11  02  16  52  00   567.62  -346.44   221.19
2003  11  02  16  53  00   564.09  -337.36   226.73
2003  11  02  16  54  00   570.74  -348.21   222.53
2003  11  02  16  55  00   578.32  -354.26   224.07
2003  11  02  16  56  00   617.95  -377.54   240.40
2003  11  02  16  57  00   644.07  -399.83   244.24
2003  11  02  16  58  00   647.95  -410.20   237.75
2003  11  02  16  59  00   627.05  -416.34   210.71
2003  11  02  17  00  00   627.58  -434.28   193.30
2003  11  02  17  01  00   608.53  -412.81   195.72
2003  11  02  17  02  00   614.00  -410.72   203.28
2003  11  02  17  03  00   668.32  -460.90   207.42
2003  11  02  17  04  00   689.81  -496.99   192.82
2003  11  02  17  05  00   691.77  -501.35   190.41
2003  11  02  17  06  00   682.88  -493.65   189.22
2003  11  02  17  07  00   656.84  -466.85   189.99
2003  11  02  17  08  00   632.29  -438.61   193.68
2003  11  02  17  09  00   574.93  -384.09   190.84
2003  11  02  17  10  00   573.16  -375.78   197.38
2003  11  02  17  11  00   556.34  -352.22   204.12
2003  11  02  17  12  00   570.48  -364.67   205.81
2003  11  02  17  13  00   605.50  -404.68   200.82
2003  11  02  17  14  00   608.54  -426.87   181.68
2003  11  02  17  15  00   612.85  -441.14   171.71
2003  11  02  17  16  00   600.15  -434.03   166.12
2003  11  02  17  17  00   598.09  -429.89   168.20
2003  11  02  17  18  00   573.55  -395.65   177.90
2003  11  02  17  19  00   525.43  -331.51   193.92
2003  11  02  17  20  00   522.84  -324.59   198.25
2003  11  02  17  21  00   574.15  -347.17   226.98
2003  11  02  17  22  00   600.70  -341.24   259.46
2003  11  02  17  23  00   609.08  -336.31   272.77
2003  11  02  17  24  00   623.03  -328.20   294.83
2003  11  02  17  25  00   630.10  -321.88   308.22
2003  11  02  17  26  00   615.23  -310.20   305.04
2003  11  02  17  27  00   610.12  -304.27   305.85
2003  11  02  17  28  00   614.39  -301.90   312.48
2003  11  02  17  29  00   615.89  -303.10   312.79
2003  11  02  17  30  00   615.79  -292.61   323.18
2003  11  02  17  31  00   625.31  -307.07   318.24
2003  11  02  17  32  00   666.43  -342.72   323.72
2003  11  02  17  33  00   690.57  -353.63   336.94
2003  11  02  17  34  00   669.34  -344.92   324.41
2003  11  02  17  35  00   683.07  -361.94   321.13
2003  11  02  17  36  00   691.04  -364.70   326.34
2003  11  02  17  37  00   703.90  -386.08   317.82
2003  11  02  17  38  00   715.15  -405.28   309.87
2003  11  02  17  39  00   699.21  -400.13   299.09
2003  11  02  17  40  00   676.37  -390.23   286.14
2003  11  02  17  41  00   637.85  -360.74   277.10
2003  11  02  17  42  00   645.68  -376.19   269.49
2003  11  02  17  43  00   613.24  -364.70   248.53
2003  11  02  17  44  00   606.29  -365.30   241.00
2003  11  02  17  45  00   610.47  -386.67   223.80
2003  11  02  17  46  00   609.83  -404.48   205.34
2003  11  02  17  47  00   617.56  -419.00   198.56
2003  11  02  17  48  00   600.89  -403.95   196.94
2003  11  02  17  49  00   576.53  -389.04   187.49
2003  11  02  17  50  00   577.73  -395.28   182.45
2003  11  02  17  51  00   580.85  -395.94   184.91
2003  11  02  17  52  00   559.88  -376.34   183.54
2003  11  02  17  53  00   583.65  -405.82   177.84
2003  11  02  17  54  00   568.73  -404.68   164.05
2003  11  02  17  55  00   688.01  -534.33   153.68
2003  11  02  17  56  00   678.22  -519.58   158.65
2003  11  02  17  57  00   700.80  -534.44   166.36
2003  11  02  17  58  00   694.42  -531.93   162.49
2003  11  02  17  59  00   663.72  -511.52   152.20
2003  11  02  18  00  00   664.15  -517.05   147.10
2003  11  02  18  01  00   672.00  -507.74   164.26
2003  11  02  18  02  00   639.72  -465.98   173.74
2003  11  02  18  03  00   620.22  -447.22   173.01
2003  11  02  18  04  00   613.90  -444.83   169.07
2003  11  02  18  05  00   623.49  -451.76   171.73
2003  11  02  18  06  00   694.51  -516.01   178.50
2003  11  02  18  07  00   699.83  -514.94   184.90
2003  11  02  18  08  00   688.47  -505.27   183.20
2003  11  02  18  09  00   739.76  -559.61   180.15
2003  11  02  18  10  00   764.42  -574.28   190.14
2003  11  02  18  11  00   763.12  -556.14   206.99
2003  11  02  18  12  00   730.12  -531.94   198.18
2003  11  02  18  13  00   743.60  -555.06   188.54
2003  11  02  18  14  00   753.60  -565.29   188.31
2003  11  02  18  15  00   782.28  -583.15   199.14
2003  11  02  18  16  00   800.89  -598.42   202.46
2003  11  02  18  17  00   828.29  -625.55   202.74
2003  11  02  18  18  00   878.61  -677.62   201.00
2003  11  02  18  19  00   901.99  -693.02   208.97
2003  11  02  18  20  00   882.52  -681.56   200.96
2003  11  02  18  21  00   863.08  -670.80   192.28
2003  11  02  18  22  00   830.34  -639.75   190.59
2003  11  02  18  23  00   868.87  -675.93   192.95
2003  11  02  18  24  00   930.73  -728.41   202.31
2003  11  02  18  25  00   904.16  -711.13   193.03
2003  11  02  18  26  00   902.90  -713.22   189.68
2003  11  02  18  27  00   846.94  -666.38   180.56
2003  11  02  18  28  00   792.76  -615.13   177.63
2003  11  02  18  29  00   738.47  -572.39   166.08
2003  11  02  18  30  00   680.88  -516.06   164.82
2003  11  02  18  31  00   687.17  -522.99   164.18
2003  11  02  18  32  00   729.02  -568.64   160.38
2003  11  02  18  33  00   761.68  -608.80   152.87
2003  11  02  18  34  00   741.57  -607.22   134.35
2003  11  02  18  35  00   728.19  -598.48   129.71
2003  11  02  18  36  00   726.46  -599.72   126.75
2003  11  02  18  37  00   735.50  -617.48   118.02
2003  11  02  18  38  00   749.01  -640.15   108.86
2003  11  02  18  39  00   725.73  -620.70   105.03
2003  11  02  18  40  00   660.57  -564.08    96.49
2003  11  02  18  41  00   605.92  -519.30    86.63
2003  11  02  18  42  00   576.01  -475.58   100.44
2003  11  02  18  43  00   587.05  -468.38   118.67
2003  11  02  18  44  00   600.74  -476.80   123.94
2003  11  02  18  45  00   609.41  -478.29   131.12
2003  11  02  18  46  00   637.17  -459.34   177.83
2003  11  02  18  47  00   662.66  -463.76   198.90
2003  11  02  18  48  00   739.84  -522.91   216.93
2003  11  02  18  49  00   754.49  -532.91   221.59
2003  11  02  18  50  00   763.44  -534.43   229.01
2003  11  02  18  51  00   806.67  -585.32   221.35
2003  11  02  18  52  00   873.72  -658.40   215.32
2003  11  02  18  53  00  1002.94  -780.97   221.96
2003  11  02  18  54  00  1132.29  -908.49   223.80
2003  11  02  18  55  00  1188.96  -934.43   254.53
2003  11  02  18  56  00  1195.80  -914.22   281.58
2003  11  02  18  57  00  1197.93  -876.39   321.54
2003  11  02  18  58  00  1142.69  -789.27   353.42
2003  11  02  18  59  00  1146.69  -741.58   405.11
2003  11  02  19  00  00  1077.58  -643.97   433.61
2003  11  02  19  01  00  1077.63  -658.73   418.91
2003  11  02  19  02  00  1221.73  -819.03   402.70
2003  11  02  19  03  00  1064.42  -713.57   350.85
2003  11  02  19  04  00   867.85  -551.80   316.05
2003  11  02  19  05  00   887.35  -555.22   332.13
2003  11  02  19  06  00   929.01  -609.17   319.84
2003  11  02  19  07  00   919.35  -619.29   300.06
2003  11  02  19  08  00   898.63  -571.92   326.70
2003  11  02  19  09  00   864.58  -535.21   329.37
2003  11  02  19  10  00   888.68  -572.28   316.39
2003  11  02  19  11  00   877.91  -557.25   320.66
2003  11  02  19  12  00   889.18  -542.55   346.63
2003  11  02  19  13  00   883.95  -519.15   364.80
2003  11  02  19  14  00   879.38  -522.90   356.48
2003  11  02  19  15  00   885.69  -519.71   365.98
2003  11  02  19  16  00   891.57  -514.27   377.30
2003  11  02  19  17  00   877.86  -522.83   355.03
2003  11  02  19  18  00   896.65  -549.77   346.89
2003  11  02  19  19  00   885.93  -548.15   337.78
2003  11  02  19  20  00   872.44  -520.47   351.97
2003  11  02  19  21  00   870.96  -529.34   341.63
2003  11  02  19  22  00   873.50  -525.78   347.72
2003  11  02  19  23  00   866.66  -533.53   333.14
2003  11  02  19  24  00   865.35  -563.95   301.40
2003  11  02  19  25  00   864.54  -564.39   300.16
2003  11  02  19  26  00   859.37  -564.79   294.58
2003  11  02  19  27  00   834.45  -566.11   268.35
2003  11  02  19  28  00   828.41  -568.22   260.19
2003  11  02  19  29  00   812.19  -556.32   255.87
2003  11  02  19  30  00   757.91  -504.36   253.55
2003  11  02  19  31  00   715.53  -471.96   243.57
2003  11  02  19  32  00   713.99  -477.07   236.92
2003  11  02  19  33  00   716.73  -487.96   228.78
2003  11  02  19  34  00   683.63  -454.91   228.71
2003  11  02  19  35  00   667.37  -446.22   221.15
2003  11  02  19  36  00   647.44  -440.60   206.84
2003  11  02  19  37  00   613.44  -425.91   187.53
2003  11  02  19  38  00   569.00  -384.78   184.22
2003  11  02  19  39  00   535.69  -370.60   165.08
2003  11  02  19  40  00   481.66  -328.72   152.94
2003  11  02  19  41  00   482.38  -326.16   156.22
2003  11  02  19  42  00   463.72  -312.26   151.47
2003  11  02  19  43  00   467.87  -309.48   158.39
2003  11  02  19  44  00   458.24  -322.93   135.31
2003  11  02  19  45  00   438.45  -298.01   140.44
2003  11  02  19  46  00   438.52  -298.22   140.31
2003  11  02  19  47  00   447.47  -287.29   160.17
2003  11  02  19  48  00   433.38  -270.29   163.09
2003  11  02  19  49  00   410.11  -252.84   157.26
2003  11  02  19  50  00   406.92  -244.45   162.47
2003  11  02  19  51  00   396.98  -231.38   165.60
2003  11  02  19  52  00   387.09  -222.94   164.15
2003  11  02  19  53  00   357.33  -204.38   152.95
2003  11  02  19  54  00   328.08  -183.57   144.51
2003  11  02  19  55  00   314.57  -180.26   134.31
2003  11  02  19  56  00   287.69  -171.40   116.29
2003  11  02  19  57  00   251.68  -147.50   104.18
2003  11  02  19  58  00   227.76  -134.68    93.07
2003  11  02  19  59  00   313.81  -232.94    80.86
2003  11  02  20  00  00   364.04  -275.18    88.86
2003  11  02  20  01  00   306.97  -214.09    92.87
2003  11  02  20  02  00   176.42   -81.53    94.89
2003  11  02  20  03  00   163.83   -69.92    93.91
2003  11  02  20  04  00   152.85   -64.92    87.94
2003  11  02  20  05  00   148.49   -61.52    86.97
2003  11  02  20  06  00   142.72   -56.70    86.02
2003  11  02  20  07  00   131.54   -48.11    83.43
2003  11  02  20  08  00   149.42   -63.33    86.09
2003  11  02  20  09  00   158.12   -72.86    85.26
2003  11  02  20  10  00   152.65   -65.73    86.92
2003  11  02  20  11  00   161.59   -73.26    88.33
2003  11  02  20  12  00   147.74   -64.32    83.42
2003  11  02  20  13  00   145.85   -71.09    74.76
2003  11  02  20  14  00   149.19   -75.50    73.69
2003  11  02  20  15  00   139.66   -66.21    73.46
2003  11  02  20  16  00   140.51   -63.95    76.56
2003  11  02  20  17  00   144.68   -61.60    83.08
2003  11  02  20  18  00   147.05   -57.04    90.01
2003  11  02  20  19  00   147.20   -53.90    93.30
2003  11  02  20  20  00   136.08   -43.91    92.18
2003  11  02  20  21  00   137.11   -45.28    91.83
2003  11  02  20  22  00   128.86   -34.72    94.13
2003  11  02  20  23  00   126.53   -31.02    95.52
2003  11  02  20  24  00   130.69   -36.44    94.24
2003  11  02  20  25  00   137.30   -44.96    92.34
2003  11  02  20  26  00   136.90   -48.11    88.79
2003  11  02  20  27  00   145.34   -60.68    84.65
2003  11  02  20  28  00   140.82   -57.44    83.38
2003  11  02  20  29  00   139.55   -59.66    79.89
2003  11  02  20  30  00   138.44   -60.43    78.01
2003  11  02  20  31  00   140.82   -59.25    81.57
2003  11  02  20  32  00   167.44   -63.42   104.02
2003  11  02  20  33  00   175.55   -62.49   113.06
2003  11  02  20  34  00   150.55   -51.04    99.51
2003  11  02  20  35  00   127.14   -44.89    82.25
2003  11  02  20  36  00   119.30   -37.38    81.92
2003  11  02  20  37  00   122.65   -34.72    87.94
2003  11  02  20  38  00   129.36   -38.56    90.79
2003  11  02  20  39  00   121.19   -31.24    89.94
2003  11  02  20  40  00   112.64   -20.49    92.15
2003  11  02  20  41  00   122.40   -16.08   106.32
2003  11  02  20  42  00   143.77   -11.69   132.07
2003  11  02  20  43  00   184.37   -43.81   140.56
2003  11  02  20  44  00   210.40   -68.87   141.53
2003  11  02  20  45  00   224.31  -101.58   122.73
2003  11  02  20  46  00   200.27   -90.24   110.03
2003  11  02  20  47  00   166.72   -76.72    90.01
2003  11  02  20  48  00   156.67   -74.72    81.95
2003  11  02  20  49  00   155.99   -57.66    98.33
2003  11  02  20  50  00   162.18   -49.47   112.71
2003  11  02  20  51  00   153.15   -50.19   102.96
2003  11  02  20  52  00   129.45   -40.60    88.84
2003  11  02  20  53  00   154.78   -53.66   101.12
2003  11  02  20  54  00   150.29   -52.42    97.87
2003  11  02  20  55  00   182.26   -80.26   102.00
2003  11  02  20  56  00   201.48   -90.15   111.33
2003  11  02  20  57  00   194.44   -86.58   107.86
2003  11  02  20  58  00   178.96   -77.62   101.34
2003  11  02  20  59  00   157.67   -61.09    96.58
2003  11  02  21  00  00   151.87   -53.16    98.71
2003  11  02  21  01  00   147.33   -49.83    97.50
2003  11  02  21  02  00   157.65   -59.84    97.80
2003  11  02  21  03  00   173.86   -75.92    97.94
2003  11  02  21  04  00   181.75   -85.71    96.03
2003  11  02  21  05  00   198.49   -96.52   101.97
2003  11  02  21  06  00   208.78  -100.00   108.78
2003  11  02  21  07  00   202.12   -84.61   117.51
2003  11  02  21  08  00   183.63   -61.47   122.16
2003  11  02  21  09  00   173.13   -53.40   119.72
2003  11  02  21  10  00   176.48   -59.18   117.29
2003  11  02  21  11  00   159.89   -44.44   115.45
2003  11  02  21  12  00   164.50   -43.64   120.86
2003  11  02  21  13  00   173.85   -44.66   129.19
2003  11  02  21  14  00   184.26   -49.66   134.60
2003  11  02  21  15  00   193.14   -57.13   136.02
2003  11  02  21  16  00   210.38   -73.86   136.51
2003  11  02  21  17  00   217.82   -77.89   139.93
2003  11  02  21  18  00   220.91   -71.47   149.43
2003  11  02  21  19  00   234.49   -93.64   140.86
2003  11  02  21  20  00   213.68   -89.73   123.95
2003  11  02  21  21  00   185.92   -79.30   106.62
2003  11  02  21  22  00   173.59   -74.15    99.43
2003  11  02  21  23  00   167.25   -76.57    90.68
2003  11  02  21  24  00   165.87   -77.94    87.93
2003  11  02  21  25  00   176.72   -87.54    89.18
2003  11  02  21  26  00   187.48   -92.06    95.43
2003  11  02  21  27  00   197.86   -99.19    98.67
2003  11  02  21  28  00   191.84   -96.92    94.92
2003  11  02  21  29  00   190.27   -91.72    98.56
2003  11  02  21  30  00   191.36   -84.94   106.42
2003  11  02  21  31  00   184.78   -72.80   111.97
2003  11  02  21  32  00   181.04   -63.78   117.26
2003  11  02  21  33  00   191.93   -63.48   128.45
2003  11  02  21  34  00   201.14   -69.79   131.35
2003  11  02  21  35  00   192.11   -72.84   119.27
2003  11  02  21  36  00   172.52   -65.21   107.31
2003  11  02  21  37  00   163.65   -58.51   105.14
2003  11  02  21  38  00   190.30   -71.92   118.39
2003  11  02  21  39  00   207.86   -82.22   125.63
2003  11  02  21  40  00   213.16   -89.28   123.88
2003  11  02  21  41  00   216.63   -88.51   128.12
2003  11  02  21  42  00   222.84   -85.47   137.37
2003  11  02  21  43  00   232.15   -88.52   143.63
2003  11  02  21  44  00   249.40   -93.53   155.87
2003  11  02  21  45  00   267.38  -101.26   166.12
2003  11  02  21  46  00   287.53  -121.16   166.37
2003  11  02  21  47  00   274.27  -120.66   153.61
2003  11  02  21  48  00   249.74  -101.89   147.86
2003  11  02  21  49  00   274.51  -111.41   163.10
2003  11  02  21  50  00   301.59  -120.25   181.34
2003  11  02  21  51  00   339.97  -158.38   181.59
2003  11  02  21  52  00   324.18  -162.36   161.82
2003  11  02  21  53  00   315.57  -167.52   148.05
2003  11  02  21  54  00   317.69  -175.39   142.30
2003  11  02  21  55  00   304.72  -170.18   134.55
2003  11  02  21  56  00   283.15  -152.34   130.80
2003  11  02  21  57  00   288.34  -159.29   129.05
2003  11  02  21  58  00   290.43  -173.12   117.30
2003  11  02  21  59  00   303.55  -190.01   113.54
2003  11  02  22  00  00   301.02  -181.24   119.78
2003  11  02  22  01  00   285.01  -163.99   121.02
2003  11  02  22  02  00   290.39  -173.13   117.26
2003  11  02  22  03  00   343.23  -233.73   109.50
2003  11  02  22  04  00   425.73  -327.02    98.72
2003  11  02  22  05  00   485.13  -387.18    97.95
2003  11  02  22  06  00   481.78  -377.58   104.20
2003  11  02  22  07  00   492.89  -386.45   106.44
2003  11  02  22  08  00   502.36  -400.69   101.66
2003  11  02  22  09  00   576.38  -478.29    98.09
2003  11  02  22  10  00   626.78  -527.43    99.35
2003  11  02  22  11  00   573.66  -470.30   103.36
2003  11  02  22  12  00   489.39  -384.81   104.59
2003  11  02  22  13  00   479.06  -369.23   109.83
2003  11  02  22  14  00   466.49  -347.42   119.06
2003  11  02  22  15  00   372.18  -241.88   130.30
2003  11  02  22  16  00   349.76  -208.25   141.51
2003  11  02  22  17  00   357.04  -211.29   145.74
2003  11  02  22  18  00   357.92  -211.93   145.99
2003  11  02  22  19  00   360.05  -213.82   146.23
2003  11  02  22  20  00   351.67  -204.21   147.46
2003  11  02  22  21  00   330.77  -190.12   140.65
2003  11  02  22  22  00   335.18  -193.43   141.74
2003  11  02  22  23  00   329.29  -187.59   141.71
2003  11  02  22  24  00   295.19  -161.83   133.35
2003  11  02  22  25  00   299.89  -165.98   133.90
2003  11  02  22  26  00   289.78  -154.60   135.18
2003  11  02  22  27  00   278.76  -139.18   139.58
2003  11  02  22  28  00   279.63  -140.42   139.21
2003  11  02  22  29  00   264.99  -138.32   126.66
2003  11  02  22  30  00   245.90  -133.84   112.06
2003  11  02  22  31  00   258.33  -135.26   123.07
2003  11  02  22  32  00   284.92  -139.97   144.95
2003  11  02  22  33  00   305.91  -146.93   158.98
2003  11  02  22  34  00   327.26  -153.79   173.47
2003  11  02  22  35  00   334.68  -165.82   168.85
2003  11  02  22  36  00   325.11  -172.04   153.07
2003  11  02  22  37  00   303.21  -171.41   131.80
2003  11  02  22  38  00   279.74  -167.32   112.42
2003  11  02  22  39  00   264.87  -162.36   102.51
2003  11  02  22  40  00   257.17  -156.73   100.44
2003  11  02  22  41  00   249.61  -151.92    97.69
2003  11  02  22  42  00   244.53  -149.23    95.30
2003  11  02  22  43  00   238.04  -144.98    93.06
2003  11  02  22  44  00   239.11  -141.01    98.10
2003  11  02  22  45  00   257.80  -144.43   113.37
2003  11  02  22  46  00   288.35  -151.78   136.57
2003  11  02  22  47  00   312.75  -160.76   151.99
2003  11  02  22  48  00   329.33  -173.41   155.93
2003  11  02  22  49  00   344.43  -178.94   165.49
2003  11  02  22  50  00   363.79  -187.01   176.78
2003  11  02  22  51  00   379.80  -188.86   190.94
2003  11  02  22  52  00   385.32  -180.38   204.94
2003  11  02  22  53  00   390.77  -185.22   205.56
2003  11  02  22  54  00   374.21  -183.06   191.15
2003  11  02  22  55  00   349.02  -175.90   173.12
2003  11  02  22  56  00   337.72  -175.19   162.53
2003  11  02  22  57  00   334.36  -176.67   157.68
2003  11  02  22  58  00   348.66  -174.80   173.86
2003  11  02  22  59  00   354.44  -166.55   187.89
2003  11  02  23  00  00   355.18  -164.93   190.25
2003  11  02  23  01  00   361.65  -169.73   191.92
2003  11  02  23  02  00   366.49  -173.56   192.93
2003  11  02  23  03  00   368.81  -177.65   191.16
2003  11  02  23  04  00   361.91  -176.28   185.63
2003  11  02  23  05  00   363.59  -178.01   185.57
2003  11  02  23  06  00   351.22  -171.39   179.83
2003  11  02  23  07  00   333.13  -160.65   172.49
2003  11  02  23  08  00   327.26  -168.09   159.17
2003  11  02  23  09  00   334.83  -178.22   156.61
2003  11  02  23  10  00   344.63  -186.11   158.52
2003  11  02  23  11  00   339.68  -193.63   146.06
2003  11  02  23  12  00   321.46  -193.18   128.28
2003  11  02  23  13  00   309.36  -187.52   121.84
2003  11  02  23  14  00   299.55  -180.61   118.94
2003  11  02  23  15  00   279.18  -163.56   115.62
2003  11  02  23  16  00   276.92  -165.55   111.37
2003  11  02  23  17  00   296.36  -190.04   106.31
2003  11  02  23  18  00   325.18  -214.09   111.09
2003  11  02  23  19  00   366.25  -239.79   126.46
2003  11  02  23  20  00   392.46  -253.83   138.62
2003  11  02  23  21  00   373.80  -225.36   148.45
2003  11  02  23  22  00   330.86  -181.57   149.29
2003  11  02  23  23  00   321.15  -161.27   159.88
2003  11  02  23  24  00   302.35  -139.98   162.37
2003  11  02  23  25  00   297.27  -131.53   165.75
2003  11  02  23  26  00   313.57  -148.88   164.69
2003  11  02  23  27  00   309.96  -139.74   170.22
2003  11  02  23  28  00   291.62  -127.62   164.00
2003  11  02  23  29  00   266.70  -117.76   148.94
2003  11  02  23  30  00   263.99  -123.79   140.20
2003  11  02  23  31  00   277.05  -132.01   145.04
2003  11  02  23  32  00   284.89  -146.22   138.67
2003  11  02  23  33  00   288.79  -151.44   137.36
2003  11  02  23  34  00   295.99  -156.15   139.84
2003  11  02  23  35  00   291.55  -148.70   142.86
2003  11  02  23  36  00   301.91  -157.33   144.57
2003  11  02  23  37  00   297.08  -153.80   143.28
2003  11  02  23  38  00   300.38  -153.20   147.18
2003  11  02  23  39  00   300.82  -150.86   149.96
2003  11  02  23  40  00   319.85  -163.94   155.91
2003  11  02  23  41  00   336.83  -183.51   153.31
2003  11  02  23  42  00   336.17  -180.09   156.08
2003  11  02  23  43  00   349.42  -183.61   165.81
2003  11  02  23  44  00   358.27  -185.58   172.70
2003  11  02  23  45  00   369.29  -194.76   174.53
2003  11  02  23  46  00   377.62  -203.48   174.14
2003  11  02  23  47  00   378.82  -200.96   177.85
2003  11  02  23  48  00   383.45  -211.69   171.76
2003  11  02  23  49  00   375.01  -213.14   161.87
2003  11  02  23  50  00   374.23  -217.19   157.05
2003  11  02  23  51  00   371.01  -216.57   154.44
2003  11  02  23  52  00   362.09  -207.74   154.36
2003  11  02  23  53  00   350.71  -196.75   153.96
2003  11  02  23  54  00   367.01  -210.91   156.09
2003  11  02  23  55  00   370.77  -216.66   154.11
2003  11  02  23  56  00   363.26  -208.60   154.65
2003  11  02  23  57  00   349.13  -194.56   154.57
2003  11  02  23  58  00   353.18  -194.91   158.27
2003  11  02  23  59  00   364.39  -202.41   161.98
2003  11  03  00  00  00   379.33  -214.26   165.06
2003  11  03  00  01  00   395.06  -226.91   168.14
2003  11  03  00  02  00   405.58  -234.04   171.54
2003  11  03  00  03  00   404.86  -226.14   178.73
2003  11  03  00  04  00   396.14  -214.34   181.80
2003  11  03  00  05  00   396.29  -209.52   186.77
2003  11  03  00  06  00   400.67  -207.03   193.64
2003  11  03  00  07  00   408.82  -204.53   204.29
2003  11  03  00  08  00   425.14  -214.94   210.20
2003  11  03  00  09  00   407.82  -195.51   212.31
2003  11  03  00  10  00   404.83  -194.21   210.63
2003  11  03  00  11  00   401.71  -189.30   212.41
2003  11  03  00  12  00   407.78  -195.48   212.30
2003  11  03  00  13  00   392.58  -180.38   212.20
2003  11  03  00  14  00   370.95  -175.63   195.33
2003  11  03  00  15  00   371.80  -198.43   173.37
2003  11  03  00  16  00   386.76  -206.22   180.54
2003  11  03  00  17  00   437.05  -251.55   185.50
2003  11  03  00  18  00   420.92  -236.16   184.76
2003  11  03  00  19  00   333.46  -154.17   179.29
2003  11  03  00  20  00   311.83  -138.96   172.87
2003  11  03  00  21  00   319.74  -141.59   178.14
2003  11  03  00  22  00   334.74  -148.46   186.27
2003  11  03  00  23  00   370.15  -181.76   188.39
2003  11  03  00  24  00   389.10  -194.17   194.93
2003  11  03  00  25  00   381.49  -180.01   201.48
2003  11  03  00  26  00   362.53  -164.31   198.22
2003  11  03  00  27  00   371.47  -173.65   197.82
2003  11  03  00  28  00   379.52  -184.94   194.58
2003  11  03  00  29  00   408.87  -201.40   207.47
2003  11  03  00  30  00   429.57  -214.59   214.99
2003  11  03  00  31  00   414.24  -205.65   208.59
2003  11  03  00  32  00   404.34  -190.77   213.57
2003  11  03  00  33  00   408.33  -191.05   217.28
2003  11  03  00  34  00   420.13  -195.54   224.60
2003  11  03  00  35  00   440.34  -200.18   240.16
2003  11  03  00  36  00   469.13  -218.30   250.83
2003  11  03  00  37  00   485.94  -233.28   252.66
2003  11  03  00  38  00   490.89  -248.47   242.42
2003  11  03  00  39  00   481.35  -258.81   222.54
2003  11  03  00  40  00   474.92  -256.26   218.66
2003  11  03  00  41  00   470.42  -258.79   211.63
2003  11  03  00  42  00   465.67  -257.27   208.40
2003  11  03  00  43  00   463.14  -257.32   205.81
2003  11  03  00  44  00   480.08  -268.95   211.12
2003  11  03  00  45  00   485.03  -277.46   207.58
2003  11  03  00  46  00   493.88  -298.70   195.18
2003  11  03  00  47  00   510.61  -329.40   181.20
2003  11  03  00  48  00   512.82  -338.62   174.20
2003  11  03  00  49  00   518.16  -338.31   179.85
2003  11  03  00  50  00   507.73  -330.78   176.94
2003  11  03  00  51  00   502.74  -327.43   175.31
2003  11  03  00  52  00   531.74  -358.69   173.05
2003  11  03  00  53  00   491.31  -337.91   153.40
2003  11  03  00  54  00   475.17  -338.58   136.59
2003  11  03  00  55  00   447.73  -333.50   114.22
2003  11  03  00  56  00   433.88  -319.85   114.03
2003  11  03  00  57  00   435.48  -318.02   117.45
2003  11  03  00  58  00   473.06  -351.88   121.19
2003  11  03  00  59  00   471.58  -353.39   118.19
2003  11  03  01  00  00   484.82  -372.83   111.99
2003  11  03  01  01  00   475.86  -367.70   108.16
2003  11  03  01  02  00   458.74  -348.22   110.52
2003  11  03  01  03  00   410.33  -295.76   114.57
2003  11  03  01  04  00   454.53  -338.41   116.12
2003  11  03  01  05  00   444.47  -324.56   119.91
2003  11  03  01  06  00   409.83  -287.89   121.93
2003  11  03  01  07  00   418.72  -293.46   125.27
2003  11  03  01  08  00   422.00  -291.32   130.68
2003  11  03  01  09  00   437.81  -304.89   132.92
2003  11  03  01  10  00   420.27  -286.96   133.31
2003  11  03  01  11  00   424.26  -288.00   136.26
2003  11  03  01  12  00   437.34  -296.07   141.27
2003  11  03  01  13  00   449.76  -303.77   146.00
2003  11  03  01  14  00   460.62  -304.36   156.26
2003  11  03  01  15  00   471.03  -301.93   169.10
2003  11  03  01  16  00   477.85  -295.83   182.03
2003  11  03  01  17  00   460.21  -271.19   189.02
2003  11  03  01  18  00   452.27  -255.94   196.33
2003  11  03  01  19  00   458.00  -258.28   199.72
2003  11  03  01  20  00   461.39  -252.54   208.86
2003  11  03  01  21  00   447.37  -220.18   227.19
2003  11  03  01  22  00   471.78  -236.09   235.69
2003  11  03  01  23  00   519.36  -243.34   276.02
2003  11  03  01  24  00   545.75  -270.97   274.78
2003  11  03  01  25  00   594.76  -309.94   284.82
2003  11  03  01  26  00   606.68  -314.82   291.86
2003  11  03  01  27  00   723.99  -389.67   334.32
2003  11  03  01  28  00   626.54  -269.39   357.15
2003  11  03  01  29  00   576.99  -281.81   295.18
2003  11  03  01  30  00   604.57  -316.02   288.55
2003  11  03  01  31  00   555.96  -326.81   229.14
2003  11  03  01  32  00   506.16  -305.70   200.46
2003  11  03  01  33  00   495.82  -287.98   207.84
2003  11  03  01  34  00   494.94  -285.65   209.29
2003  11  03  01  35  00   478.59  -279.75   198.84
2003  11  03  01  36  00   479.17  -270.92   208.25
2003  11  03  01  37  00   513.42  -272.61   240.82
2003  11  03  01  38  00   517.74  -266.16   251.58
2003  11  03  01  39  00   519.49  -265.83   253.66
2003  11  03  01  40  00   514.62  -260.91   253.72
2003  11  03  01  41  00   498.93  -251.63   247.30
2003  11  03  01  42  00   501.10  -248.49   252.61
2003  11  03  01  43  00   514.21  -249.11   265.10
2003  11  03  01  44  00   541.95  -258.05   283.90
2003  11  03  01  45  00   529.99  -257.01   272.97
2003  11  03  01  46  00   526.54  -255.02   271.52
2003  11  03  01  47  00   502.21  -249.54   252.67
2003  11  03  01  48  00   482.88  -244.62   238.27
2003  11  03  01  49  00   477.50  -233.09   244.41
2003  11  03  01  50  00   474.77  -220.11   254.66
2003  11  03  01  51  00   462.61  -210.02   252.58
2003  11  03  01  52  00   450.54  -200.33   250.20
2003  11  03  01  53  00   428.53  -187.66   240.87
2003  11  03  01  54  00   402.26  -176.75   225.52
2003  11  03  01  55  00   405.87  -171.67   234.21
2003  11  03  01  56  00   388.78  -166.13   222.66
2003  11  03  01  57  00   361.85  -161.49   200.35
2003  11  03  01  58  00   341.21  -152.55   188.66
2003  11  03  01  59  00   328.29  -147.60   180.69
2003  11  03  02  00  00   322.37  -146.53   175.84
2003  11  03  02  01  00   328.42  -143.26   185.16
2003  11  03  02  02  00   328.27  -137.91   190.36
2003  11  03  02  03  00   328.23  -132.02   196.22
2003  11  03  02  04  00   320.19  -123.81   196.38
2003  11  03  02  05  00   298.74  -117.38   181.36
2003  11  03  02  06  00   286.52  -117.32   169.20
2003  11  03  02  07  00   287.23  -116.12   171.12
2003  11  03  02  08  00   295.93  -116.15   179.78
2003  11  03  02  09  00   301.73  -119.07   182.66
2003  11  03  02  10  00   316.48  -121.01   195.48
2003  11  03  02  11  00   331.50  -122.96   208.54
2003  11  03  02  12  00   344.02  -123.78   220.24
2003  11  03  02  13  00   348.20  -119.60   228.60
2003  11  03  02  14  00   347.80  -115.10   232.70
2003  11  03  02  15  00   333.90  -111.25   222.64
2003  11  03  02  16  00   319.88  -109.94   209.95
2003  11  03  02  17  00   293.60  -108.31   185.29
2003  11  03  02  18  00   270.23  -102.12   168.11
2003  11  03  02  19  00   263.40   -92.85   170.56
2003  11  03  02  20  00   246.02   -82.92   163.10
2003  11  03  02  21  00   242.41   -74.87   167.54
2003  11  03  02  22  00   251.74   -85.29   166.45
2003  11  03  02  23  00   247.34   -87.25   160.09
2003  11  03  02  24  00   245.09   -82.54   162.55
2003  11  03  02  25  00   239.11   -80.58   158.53
2003  11  03  02  26  00   230.92   -79.62   151.30
2003  11  03  02  27  00   215.13   -73.33   141.80
2003  11  03  02  28  00   209.23   -57.87   151.36
2003  11  03  02  29  00   215.94   -60.32   155.62
2003  11  03  02  30  00   238.46   -88.38   150.09
2003  11  03  02  31  00   257.44  -111.33   146.11
2003  11  03  02  32  00   284.45  -132.27   152.18
2003  11  03  02  33  00   308.01  -157.26   150.75
2003  11  03  02  34  00   324.87  -169.28   155.59
2003  11  03  02  35  00   334.04  -182.23   151.81
2003  11  03  02  36  00   353.69  -193.20   160.49
2003  11  03  02  37  00   374.24  -209.20   165.04
2003  11  03  02  38  00   387.05  -214.18   172.87
2003  11  03  02  39  00   385.29  -210.16   175.13
2003  11  03  02  40  00   383.01  -206.12   176.89
2003  11  03  02  41  00   378.80  -203.10   175.69
2003  11  03  02  42  00   374.11  -197.09   177.02
2003  11  03  02  43  00   353.05  -178.07   174.98
2003  11  03  02  44  00   325.61  -165.06   160.55
2003  11  03  02  45  00   315.66  -165.89   149.77
2003  11  03  02  46  00   327.02  -179.18   147.84
2003  11  03  02  47  00   328.96  -179.79   149.17
2003  11  03  02  48  00   309.34  -164.94   144.40
2003  11  03  02  49  00   273.86  -136.44   137.42
2003  11  03  02  50  00   297.42  -164.22   133.20
2003  11  03  02  51  00   330.07  -186.90   143.17
2003  11  03  02  52  00   357.02  -205.01   152.01
2003  11  03  02  53  00   364.91  -214.54   150.37
2003  11  03  02  54  00   376.33  -229.81   146.51
2003  11  03  02  55  00   382.80  -222.59   160.21
2003  11  03  02  56  00   347.78  -195.03   152.75
2003  11  03  02  57  00   351.64  -196.06   155.58
2003  11  03  02  58  00   322.29  -166.16   156.13
2003  11  03  02  59  00   302.47  -143.69   158.78
2003  11  03  03  00  00   287.38  -137.51   149.87
2003  11  03  03  01  00   267.50  -126.73   140.77
2003  11  03  03  02  00   270.87  -138.61   132.27
2003  11  03  03  03  00   309.66  -171.97   137.69
2003  11  03  03  04  00   336.43  -187.66   148.78
2003  11  03  03  05  00   464.16  -318.01   146.16
2003  11  03  03  06  00   455.25  -318.93   136.32
2003  11  03  03  07  00   420.67  -281.62   139.05
2003  11  03  03  08  00   405.76  -265.72   140.05
2003  11  03  03  09  00   424.61  -285.65   138.96
2003  11  03  03  10  00   418.56  -286.08   132.48
2003  11  03  03  11  00   426.44  -295.26   131.18
2003  11  03  03  12  00   402.43  -267.86   134.57
2003  11  03  03  13  00   392.21  -259.89   132.32
2003  11  03  03  14  00   390.66  -254.04   136.61
2003  11  03  03  15  00   364.34  -222.89   141.45
2003  11  03  03  16  00   399.19  -272.60   126.59
2003  11  03  03  17  00   438.28  -322.02   116.26
2003  11  03  03  18  00   413.04  -281.31   131.72
2003  11  03  03  19  00   434.89  -298.45   136.44
2003  11  03  03  20  00   438.54  -307.79   130.75
2003  11  03  03  21  00   421.06  -285.96   135.09
2003  11  03  03  22  00   452.08  -311.94   140.14
2003  11  03  03  23  00   468.75  -324.75   144.00
2003  11  03  03  24  00   449.52  -313.80   135.72
2003  11  03  03  25  00   448.19  -308.01   140.18
2003  11  03  03  26  00   454.69  -311.69   143.00
2003  11  03  03  27  00   453.53  -303.93   149.60
2003  11  03  03  28  00   478.89  -305.99   172.90
2003  11  03  03  29  00   475.44  -302.34   173.10
2003  11  03  03  30  00   450.56  -280.42   170.14
2003  11  03  03  31  00   467.88  -292.80   175.08
2003  11  03  03  32  00   446.75  -266.08   180.68
2003  11  03  03  33  00   457.69  -282.49   175.20
2003  11  03  03  34  00   424.02  -268.85   155.17
2003  11  03  03  35  00   421.89  -280.43   141.47
2003  11  03  03  36  00   423.12  -291.18   131.94
2003  11  03  03  37  00   425.86  -281.75   144.11
2003  11  03  03  38  00   426.84  -280.54   146.30
2003  11  03  03  39  00   437.74  -303.25   134.48
2003  11  03  03  40  00   441.98  -308.90   133.08
2003  11  03  03  41  00   424.01  -289.96   134.05
2003  11  03  03  42  00   411.41  -267.82   143.59
2003  11  03  03  43  00   438.05  -283.03   155.03
2003  11  03  03  44  00   446.03  -286.15   159.88
2003  11  03  03  45  00   486.44  -303.96   182.48
2003  11  03  03  46  00   542.14  -334.74   207.40
2003  11  03  03  47  00   543.82  -353.09   190.73
2003  11  03  03  48  00   519.14  -322.10   197.04
2003  11  03  03  49  00   515.35  -330.54   184.81
2003  11  03  03  50  00   502.14  -340.98   161.16
2003  11  03  03  51  00   517.67  -365.91   151.76
2003  11  03  03  52  00   534.44  -383.51   150.93
2003  11  03  03  53  00   511.20  -356.68   154.52
2003  11  03  03  54  00   486.07  -325.53   160.54
2003  11  03  03  55  00   476.76  -300.54   176.22
2003  11  03  03  56  00   475.02  -282.38   192.64
2003  11  03  03  57  00   464.99  -262.05   202.94
2003  11  03  03  58  00   443.84  -232.22   211.62
2003  11  03  03  59  00   418.60  -207.72   210.87
2003  11  03  04  00  00   399.58  -194.64   204.94
2003  11  03  04  01  00   396.29  -197.17   199.13
2003  11  03  04  02  00   356.37  -173.29   183.08
2003  11  03  04  03  00   337.26  -165.53   171.73
2003  11  03  04  04  00   344.12  -175.05   169.07
2003  11  03  04  05  00   334.70  -176.13   158.56
2003  11  03  04  06  00   333.18  -178.62   154.56
2003  11  03  04  07  00   332.02  -174.19   157.83
2003  11  03  04  08  00   347.68  -183.69   163.99
2003  11  03  04  09  00   375.51  -203.64   171.87
2003  11  03  04  10  00   378.30  -204.21   174.09
2003  11  03  04  11  00   387.56  -212.78   174.78
2003  11  03  04  12  00   395.63  -202.71   192.92
2003  11  03  04  13  00   382.22  -176.15   206.07
2003  11  03  04  14  00   371.56  -177.37   194.19
2003  11  03  04  15  00   380.63  -203.33   177.29
2003  11  03  04  16  00   396.05  -204.69   191.36
2003  11  03  04  17  00   420.91  -217.45   203.47
2003  11  03  04  18  00   454.11  -243.53   210.58
2003  11  03  04  19  00   450.23  -244.57   205.66
2003  11  03  04  20  00   449.36  -252.60   196.76
2003  11  03  04  21  00   460.75  -259.93   200.82
2003  11  03  04  22  00   448.67  -233.70   214.97
2003  11  03  04  23  00   448.84  -224.80   224.04
2003  11  03  04  24  00   420.72  -192.58   228.14
2003  11  03  04  25  00   438.30  -219.07   219.23
2003  11  03  04  26  00   439.69  -224.35   215.33
2003  11  03  04  27  00   423.83  -223.44   200.39
2003  11  03  04  28  00   431.31  -248.88   182.44
2003  11  03  04  29  00   423.91  -248.44   175.47
2003  11  03  04  30  00   393.29  -223.77   169.52
2003  11  03  04  31  00   381.54  -205.99   175.55
2003  11  03  04  32  00   379.64  -194.09   185.56
2003  11  03  04  33  00   435.80  -239.22   196.58
2003  11  03  04  34  00   349.90  -164.28   185.62
2003  11  03  04  35  00   346.12  -160.49   185.63
2003  11  03  04  36  00   439.89  -254.31   185.59
2003  11  03  04  37  00   389.65  -195.10   194.54
2003  11  03  04  38  00   459.95  -249.47   210.48
2003  11  03  04  39  00   471.11  -256.67   214.43
2003  11  03  04  40  00   473.73  -254.34   219.39
2003  11  03  04  41  00   465.96  -243.87   222.08
2003  11  03  04  42  00   460.66  -242.91   217.75
2003  11  03  04  43  00   468.57  -257.78   210.79
2003  11  03  04  44  00   448.77  -243.93   204.84
2003  11  03  04  45  00   423.00  -217.68   205.32
2003  11  03  04  46  00   434.05  -225.55   208.51
2003  11  03  04  47  00   467.18  -252.60   214.58
2003  11  03  04  48  00   491.69  -275.16   216.52
2003  11  03  04  49  00   483.56  -273.84   209.72
2003  11  03  04  50  00   506.77  -285.39   221.38
2003  11  03  04  51  00   488.17  -270.74   217.43
2003  11  03  04  52  00   476.80  -259.06   217.73
2003  11  03  04  53  00   505.02  -281.11   223.92
2003  11  03  04  54  00   501.78  -268.48   233.30
2003  11  03  04  55  00   525.04  -278.81   246.23
2003  11  03  04  56  00   539.81  -268.64   271.17
2003  11  03  04  57  00   526.21  -242.08   284.13
2003  11  03  04  58  00   519.12  -227.07   292.06
2003  11  03  04  59  00   505.95  -205.96   299.99
2003  11  03  05  00  00   499.26  -206.33   292.93
2003  11  03  05  01  00   478.53  -211.71   266.82
2003  11  03  05  02  00   486.42  -213.37   273.05
2003  11  03  05  03  00   474.71  -194.47   280.24
2003  11  03  05  04  00   456.60  -178.24   278.36
2003  11  03  05  05  00   460.36  -189.55   270.80
2003  11  03  05  06  00   493.74  -234.75   258.99
2003  11  03  05  07  00   493.63  -244.25   249.38
2003  11  03  05  08  00   449.26  -190.14   259.12
2003  11  03  05  09  00   431.72  -161.19   270.53
2003  11  03  05  10  00   433.64  -155.04   278.60
2003  11  03  05  11  00   423.08  -143.98   279.11
2003  11  03  05  12  00   425.50  -155.16   270.35
2003  11  03  05  13  00   394.44  -141.00   253.43
2003  11  03  05  14  00   390.09  -154.31   235.78
2003  11  03  05  15  00   374.16  -150.83   223.33
2003  11  03  05  16  00   374.43  -158.26   216.17
2003  11  03  05  17  00   406.77  -191.46   215.31
2003  11  03  05  18  00   457.58  -245.23   212.35
2003  11  03  05  19  00   443.51  -234.59   208.92
2003  11  03  05  20  00   420.85  -211.25   209.60
2003  11  03  05  21  00   420.34  -213.27   207.07
2003  11  03  05  22  00   431.82  -238.18   193.65
2003  11  03  05  23  00   394.40  -217.24   177.16
2003  11  03  05  24  00   348.62  -180.51   168.11
2003  11  03  05  25  00   298.07  -129.11   168.97
2003  11  03  05  26  00   313.11  -145.53   167.58
2003  11  03  05  27  00   337.42  -167.00   170.42
2003  11  03  05  28  00   381.44  -203.64   177.80
2003  11  03  05  29  00   375.14  -197.80   177.35
2003  11  03  05  30  00   351.22  -179.89   171.34
2003  11  03  05  31  00   313.40  -146.05   167.35
2003  11  03  05  32  00   284.55  -121.39   163.16
2003  11  03  05  33  00   287.04  -122.47   164.57
2003  11  03  05  34  00   281.66  -112.90   168.76
2003  11  03  05  35  00   253.89   -91.65   162.24
2003  11  03  05  36  00   230.31   -80.47   149.84
2003  11  03  05  37  00   209.16   -68.72   140.44
2003  11  03  05  38  00   220.27   -81.49   138.79
2003  11  03  05  39  00   232.39   -93.68   138.71
2003  11  03  05  40  00   248.29  -110.42   137.87
2003  11  03  05  41  00   233.81   -86.77   147.04
2003  11  03  05  42  00   224.15   -71.12   153.02
2003  11  03  05  43  00   222.51   -66.15   156.36
2003  11  03  05  44  00   220.30   -65.04   155.26
2003  11  03  05  45  00   209.06   -61.47   147.59
2003  11  03  05  46  00   215.54   -74.44   141.10
2003  11  03  05  47  00   194.08   -53.93   140.15
2003  11  03  05  48  00   172.97   -35.80   137.18
2003  11  03  05  49  00   172.04   -41.40   130.64
2003  11  03  05  50  00   164.38   -43.57   120.81
2003  11  03  05  51  00   174.78   -49.35   125.43
2003  11  03  05  52  00   189.15   -55.87   133.28
2003  11  03  05  53  00   201.64   -69.53   132.11
2003  11  03  05  54  00   204.56   -77.63   126.93
2003  11  03  05  55  00   195.29   -81.56   113.73
2003  11  03  05  56  00   204.65   -79.65   125.00
2003  11  03  05  57  00   205.51   -65.53   139.98
2003  11  03  05  58  00   187.36   -37.80   149.57
2003  11  03  05  59  00   173.79   -22.54   151.26
2003  11  03  06  00  00   165.60   -15.86   149.74
2003  11  03  06  01  00   161.61   -17.37   144.24
2003  11  03  06  02  00   151.95   -17.62   134.33
2003  11  03  06  03  00   156.09   -20.36   135.73
2003  11  03  06  04  00   154.38   -22.66   131.72
2003  11  03  06  05  00   159.18   -24.87   134.31
2003  11  03  06  06  00   161.05   -25.35   135.70
2003  11  03  06  07  00   161.65   -24.15   137.50
2003  11  03  06  08  00   157.19   -23.90   133.29
2003  11  03  06  09  00   158.83   -25.64   133.19
2003  11  03  06  10  00   165.27   -28.79   136.49
2003  11  03  06  11  00   161.66   -31.78   129.88
2003  11  03  06  12  00   153.98   -36.22   117.76
2003  11  03  06  13  00   170.71   -36.63   134.08
2003  11  03  06  14  00   179.39   -33.32   146.07
2003  11  03  06  15  00   165.59   -34.61   130.97
2003  11  03  06  16  00   158.02   -34.81   123.21
2003  11  03  06  17  00   141.23   -33.00   108.23
2003  11  03  06  18  00   123.87   -31.28    92.59
2003  11  03  06  19  00   125.20   -30.51    94.69
2003  11  03  06  20  00   124.86   -32.11    92.75
2003  11  03  06  21  00   125.09   -34.32    90.78
2003  11  03  06  22  00   124.27   -35.34    88.93
2003  11  03  06  23  00   122.15   -36.37    85.78
2003  11  03  06  24  00   120.32   -37.72    82.60
2003  11  03  06  25  00   124.61   -38.36    86.26
2003  11  03  06  26  00   134.63   -38.50    96.14
2003  11  03  06  27  00   155.79   -56.37    99.42
2003  11  03  06  28  00   157.03   -67.49    89.54
2003  11  03  06  29  00   170.83   -64.19   106.64
2003  11  03  06  30  00   180.49   -70.62   109.88
2003  11  03  06  31  00   184.73   -69.46   115.27
2003  11  03  06  32  00   162.17   -58.89   103.28
2003  11  03  06  33  00   152.52   -45.40   107.12
2003  11  03  06  34  00   144.11   -36.66   107.45
2003  11  03  06  35  00   130.28   -32.48    97.80
2003  11  03  06  36  00   119.37   -29.64    89.74
2003  11  03  06  37  00   106.27   -27.27    79.00
2003  11  03  06  38  00    92.76   -27.07    65.69
2003  11  03  06  39  00    97.46   -29.15    68.31
2003  11  03  06  40  00   107.47   -31.41    76.06
2003  11  03  06  41  00   111.77   -32.12    79.64
2003  11  03  06  42  00   112.20   -32.41    79.79
2003  11  03  06  43  00   109.86   -32.57    77.29
2003  11  03  06  44  00   112.46   -32.52    79.94
2003  11  03  06  45  00   123.05   -33.40    89.65
2003  11  03  06  46  00   125.89   -28.67    97.21
2003  11  03  06  47  00   127.32   -26.58   100.75
2003  11  03  06  48  00   121.34   -24.51    96.83
2003  11  03  06  49  00   113.24   -23.09    90.14
2003  11  03  06  50  00   103.26   -22.21    81.05
2003  11  03  06  51  00   108.58   -29.60    78.98
2003  11  03  06  52  00   117.14   -35.31    81.82
2003  11  03  06  53  00   121.77   -31.86    89.91
2003  11  03  06  54  00   145.56   -30.68   114.89
2003  11  03  06  55  00   153.14   -30.27   122.87
2003  11  03  06  56  00   157.49   -26.31   131.18
2003  11  03  06  57  00   182.81   -21.92   160.89
2003  11  03  06  58  00   190.56   -26.68   163.87
2003  11  03  06  59  00   183.30   -35.75   147.55
2003  11  03  07  00  00   151.16   -40.48   110.67
2003  11  03  07  01  00   115.19   -36.71    78.48
2003  11  03  07  02  00   114.78   -25.72    89.07
2003  11  03  07  03  00   113.54   -36.56    76.98
2003  11  03  07  04  00   131.21   -53.10    78.10
2003  11  03  07  05  00   145.95   -64.85    81.10
2003  11  03  07  06  00   136.85   -67.41    69.44
2003  11  03  07  07  00   133.98   -62.46    71.52
2003  11  03  07  08  00   114.54   -49.50    65.04
2003  11  03  07  09  00    99.43   -30.04    69.39
2003  11  03  07  10  00   121.10   -30.77    90.33
2003  11  03  07  11  00   151.66   -48.20   103.46
2003  11  03  07  12  00   175.20   -63.55   111.65
2003  11  03  07  13  00   175.16   -63.98   111.18
2003  11  03  07  14  00   166.84   -63.58   103.25
2003  11  03  07  15  00   169.17   -74.85    94.32
2003  11  03  07  16  00   154.58   -71.77    82.81
2003  11  03  07  17  00   144.70   -69.04    75.67
2003  11  03  07  18  00   139.10   -72.38    66.71
2003  11  03  07  19  00   135.10   -77.07    58.02
2003  11  03  07  20  00   156.98   -95.01    61.96
2003  11  03  07  21  00   188.01  -111.78    76.24
2003  11  03  07  22  00   204.49  -114.79    89.70
2003  11  03  07  23  00   182.56   -86.78    95.78
2003  11  03  07  24  00   153.42   -53.01   100.41
2003  11  03  07  25  00   149.67   -46.14   103.53
2003  11  03  07  26  00   126.06   -39.15    86.91
2003  11  03  07  27  00    96.62   -32.98    63.64
2003  11  03  07  28  00   113.12   -32.78    80.34
2003  11  03  07  29  00   135.94   -39.49    96.44
2003  11  03  07  30  00   132.14   -30.56   101.58
2003  11  03  07  31  00   128.86   -33.41    95.45
2003  11  03  07  32  00   115.40   -34.78    80.62
2003  11  03  07  33  00   113.90   -35.53    78.37
2003  11  03  07  34  00   113.63   -37.08    76.55
2003  11  03  07  35  00   111.25   -45.17    66.09
2003  11  03  07  36  00   117.12   -58.80    58.31
2003  11  03  07  37  00   119.09   -68.39    50.70
2003  11  03  07  38  00   143.07   -80.86    62.21
2003  11  03  07  39  00   167.62   -93.53    74.09
2003  11  03  07  40  00   180.94   -97.27    83.66
2003  11  03  07  41  00   172.68   -91.59    81.09
2003  11  03  07  42  00   214.45   -83.11   131.35
2003  11  03  07  43  00   238.01   -80.01   158.00
2003  11  03  07  44  00   216.78   -79.34   137.44
2003  11  03  07  45  00   230.42   -77.61   152.81
2003  11  03  07  46  00   177.65   -72.43   105.22
2003  11  03  07  47  00   166.52   -63.55   102.97
2003  11  03  07  48  00   242.15   -92.69   149.46
2003  11  03  07  49  00   276.93   -89.01   187.92
2003  11  03  07  50  00   157.72   -48.58   109.14
2003  11  03  07  51  00   187.73   -71.17   116.56
2003  11  03  07  52  00   179.39   -71.77   107.62
2003  11  03  07  53  00   169.04   -69.36    99.68
2003  11  03  07  54  00   174.90   -90.05    84.85
2003  11  03  07  55  00   204.52   -93.73   110.79
2003  11  03  07  56  00   184.12   -80.05   104.08
2003  11  03  07  57  00   215.52  -101.11   114.41
2003  11  03  07  58  00   189.29   -83.88   105.41
2003  11  03  07  59  00   169.76   -67.79   101.97
2003  11  03  08  00  00   182.91   -57.27   125.64
2003  11  03  08  01  00   183.10   -55.94   127.16
2003  11  03  08  02  00   168.02   -49.64   118.38
2003  11  03  08  03  00   154.95   -41.93   113.02
2003  11  03  08  04  00   140.51   -41.88    98.63
2003  11  03  08  05  00   130.26   -37.06    93.20
2003  11  03  08  06  00   142.57   -45.71    96.86
2003  11  03  08  07  00   170.62   -60.44   110.18
2003  11  03  08  08  00   191.29   -59.95   131.33
2003  11  03  08  09  00   190.46   -69.76   120.70
2003  11  03  08  10  00   186.96   -77.28   109.68
2003  11  03  08  11  00   186.46   -82.65   103.81
2003  11  03  08  12  00   185.38   -86.11    99.28
2003  11  03  08  13  00   208.13   -98.33   109.80
2003  11  03  08  14  00   222.11  -114.56   107.55
2003  11  03  08  15  00   215.80  -111.84   103.96
2003  11  03  08  16  00   235.54  -134.48   101.06
2003  11  03  08  17  00   221.90  -137.52    84.38
2003  11  03  08  18  00   193.90  -122.01    71.89
2003  11  03  08  19  00   184.39  -113.90    70.49
2003  11  03  08  20  00   182.93  -101.29    81.65
2003  11  03  08  21  00   197.24  -101.67    95.57
2003  11  03  08  22  00   215.27  -103.15   112.12
2003  11  03  08  23  00   214.75  -106.62   108.12
2003  11  03  08  24  00   209.53  -111.67    97.86
2003  11  03  08  25  00   210.64  -108.30   102.34
2003  11  03  08  26  00   215.24  -108.46   106.78
2003  11  03  08  27  00   212.62  -107.63   105.00
2003  11  03  08  28  00   226.36  -121.60   104.77
2003  11  03  08  29  00   237.41  -132.50   104.92
2003  11  03  08  30  00   228.05  -130.48    97.58
2003  11  03  08  31  00   225.85  -134.23    91.62
2003  11  03  08  32  00   225.32  -135.40    89.91
2003  11  03  08  33  00   249.57  -158.02    91.55
2003  11  03  08  34  00   262.24  -166.32    95.91
2003  11  03  08  35  00   254.15  -146.98   107.17
2003  11  03  08  36  00   220.92  -107.07   113.85
2003  11  03  08  37  00   233.08  -106.55   126.54
2003  11  03  08  38  00   243.76  -108.93   134.83
2003  11  03  08  39  00   276.15  -139.82   136.33
2003  11  03  08  40  00   338.53  -204.05   134.48
2003  11  03  08  41  00   316.72  -192.79   123.93
2003  11  03  08  42  00   331.82  -202.59   129.23
2003  11  03  08  43  00   318.82  -206.64   112.18
2003  11  03  08  44  00   328.58  -219.89   108.69
2003  11  03  08  45  00   312.67  -213.57    99.10
2003  11  03  08  46  00   271.09  -179.61    91.48
2003  11  03  08  47  00   235.12  -146.27    88.85
2003  11  03  08  48  00   217.35  -123.45    93.90
2003  11  03  08  49  00   216.83  -106.72   110.11
2003  11  03  08  50  00   241.93  -109.43   132.50
2003  11  03  08  51  00   327.89  -152.62   175.28
2003  11  03  08  52  00   382.22  -181.51   200.71
2003  11  03  08  53  00   383.95  -172.67   211.29
2003  11  03  08  54  00   373.99  -157.74   216.25
2003  11  03  08  55  00   357.47  -161.96   195.51
2003  11  03  08  56  00   336.95  -162.90   174.06
2003  11  03  08  57  00   324.75  -159.52   165.23
2003  11  03  08  58  00   323.49  -160.95   162.54
2003  11  03  08  59  00   304.98  -157.80   147.19
2003  11  03  09  00  00   307.10  -155.30   151.80
2003  11  03  09  01  00   304.90  -153.69   151.22
2003  11  03  09  02  00   310.27  -158.84   151.42
2003  11  03  09  03  00   325.38  -172.23   153.15
2003  11  03  09  04  00   336.19  -177.95   158.24
2003  11  03  09  05  00   339.74  -178.19   161.55
2003  11  03  09  06  00   348.45  -187.73   160.72
2003  11  03  09  07  00   346.14  -191.07   155.07
2003  11  03  09  08  00   353.01  -197.13   155.88
2003  11  03  09  09  00   360.20  -198.97   161.23
2003  11  03  09  10  00   347.92  -185.58   162.34
2003  11  03  09  11  00   351.02  -189.89   161.13
2003  11  03  09  12  00   343.22  -188.21   155.00
2003  11  03  09  13  00   326.84  -178.86   147.98
2003  11  03  09  14  00   316.11  -172.26   143.85
2003  11  03  09  15  00   314.72  -161.33   153.39
2003  11  03  09  16  00   318.18  -162.02   156.17
2003  11  03  09  17  00   320.35  -163.07   157.28
2003  11  03  09  18  00   319.99  -164.40   155.59
2003  11  03  09  19  00   318.16  -162.70   155.46
2003  11  03  09  20  00   308.02  -159.52   148.49
2003  11  03  09  21  00   312.83  -171.12   141.72
2003  11  03  09  22  00   318.77  -185.07   133.70
2003  11  03  09  23  00   287.71  -163.15   124.56
2003  11  03  09  24  00   276.71  -156.95   119.76
2003  11  03  09  25  00   265.37  -146.62   118.75
2003  11  03  09  26  00   254.81  -137.92   116.89
2003  11  03  09  27  00   243.48  -127.43   116.05
2003  11  03  09  28  00   236.02  -125.10   110.92
2003  11  03  09  29  00   224.48  -118.45   106.02
2003  11  03  09  30  00   210.60  -112.29    98.31
2003  11  03  09  31  00   208.89  -108.73   100.16
2003  11  03  09  32  00   215.37  -115.51    99.86
2003  11  03  09  33  00   218.10  -120.89    97.21
2003  11  03  09  34  00   191.24   -96.63    94.61
2003  11  03  09  35  00   203.24  -111.44    91.79
2003  11  03  09  36  00   200.33  -108.55    91.78
2003  11  03  09  37  00   191.50  -102.12    89.38
2003  11  03  09  38  00   206.33  -111.30    95.02
2003  11  03  09  39  00   208.11  -111.85    96.26
2003  11  03  09  40  00   248.50  -156.23    92.27
2003  11  03  09  41  00   262.79  -169.12    93.67
2003  11  03  09  42  00   246.88  -152.92    93.96
2003  11  03  09  43  00   259.54  -166.96    92.57
2003  11  03  09  44  00   237.75  -147.38    90.37
2003  11  03  09  45  00   237.93  -149.27    88.66
2003  11  03  09  46  00   250.82  -157.77    93.05
2003  11  03  09  47  00   265.81  -165.61   100.20
2003  11  03  09  48  00   269.65  -167.84   101.81
2003  11  03  09  49  00   271.11  -162.95   108.17
2003  11  03  09  50  00   271.39  -163.20   108.19
2003  11  03  09  51  00   284.62  -176.41   108.21
2003  11  03  09  52  00   325.66  -207.13   118.53
2003  11  03  09  53  00   331.66  -196.28   135.38
2003  11  03  09  54  00   360.34  -231.48   128.86
2003  11  03  09  55  00   478.99  -347.54   131.45
2003  11  03  09  56  00   460.82  -328.36   132.46
2003  11  03  09  57  00   416.19  -279.35   136.84
2003  11  03  09  58  00   422.24  -285.17   137.06
2003  11  03  09  59  00   453.16  -292.52   160.64
2003  11  03  10  00  00   478.95  -295.92   183.03
2003  11  03  10  01  00   482.71  -323.02   159.68
2003  11  03  10  02  00   402.20  -250.22   151.98
2003  11  03  10  03  00   410.69  -264.43   146.26
2003  11  03  10  04  00   415.69  -269.02   146.67
2003  11  03  10  05  00   435.10  -284.07   151.04
2003  11  03  10  06  00   441.19  -281.24   159.96
2003  11  03  10  07  00   464.21  -302.45   161.75
2003  11  03  10  08  00   503.96  -349.13   154.83
2003  11  03  10  09  00   558.19  -408.29   149.90
2003  11  03  10  10  00   511.73  -370.73   141.01
2003  11  03  10  11  00   484.44  -364.00   120.43
2003  11  03  10  12  00   484.45  -370.14   114.31
2003  11  03  10  13  00   461.58  -343.90   117.69
2003  11  03  10  14  00   467.08  -348.79   118.29
2003  11  03  10  15  00   468.91  -346.25   122.66
2003  11  03  10  16  00   471.46  -349.17   122.28
2003  11  03  10  17  00   454.07  -331.58   122.49
2003  11  03  10  18  00   457.00  -332.52   124.48
2003  11  03  10  19  00   469.80  -338.97   130.83
2003  11  03  10  20  00   455.49  -328.41   127.08
2003  11  03  10  21  00   438.57  -326.92   111.65
2003  11  03  10  22  00   426.48  -323.14   103.34
2003  11  03  10  23  00   424.11  -319.56   104.54
2003  11  03  10  24  00   417.65  -309.34   108.32
2003  11  03  10  25  00   428.65  -313.19   115.46
2003  11  03  10  26  00   433.95  -317.49   116.46
2003  11  03  10  27  00   411.69  -303.54   108.15
2003  11  03  10  28  00   394.57  -294.90    99.67
2003  11  03  10  29  00   421.56  -311.18   110.37
2003  11  03  10  30  00   402.07  -290.29   111.78
2003  11  03  10  31  00   393.44  -295.03    98.40
2003  11  03  10  32  00   392.18  -290.66   101.52
2003  11  03  10  33  00   380.71  -275.23   105.48
2003  11  03  10  34  00   366.66  -267.76    98.90
2003  11  03  10  35  00   368.16  -266.56   101.60
2003  11  03  10  36  00   356.90  -257.05    99.85
2003  11  03  10  37  00   346.55  -248.82    97.73
2003  11  03  10  38  00   348.24  -249.52    98.72
2003  11  03  10  39  00   331.30  -236.21    95.09
2003  11  03  10  40  00   332.11  -239.78    92.33
2003  11  03  10  41  00   327.30  -233.22    94.08
2003  11  03  10  42  00   312.91  -221.49    91.42
2003  11  03  10  43  00   300.15  -209.99    90.16
2003  11  03  10  44  00   289.59  -198.76    90.83
2003  11  03  10  45  00   284.21  -196.51    87.70
2003  11  03  10  46  00   291.35  -204.63    86.73
2003  11  03  10  47  00   294.35  -207.41    86.94
2003  11  03  10  48  00   286.21  -204.46    81.74
2003  11  03  10  49  00   281.90  -198.09    83.81
2003  11  03  10  50  00   283.46  -201.60    81.85
2003  11  03  10  51  00   279.11  -201.20    77.92
2003  11  03  10  52  00   269.83  -195.65    74.18
2003  11  03  10  53  00   261.69  -191.64    70.05
2003  11  03  10  54  00   264.56  -189.94    74.62
2003  11  03  10  55  00   263.78  -186.00    77.77
2003  11  03  10  56  00   255.09  -179.14    75.95
2003  11  03  10  57  00   251.27  -179.88    71.40
2003  11  03  10  58  00   272.02  -180.70    91.32
2003  11  03  10  59  00   262.95  -172.75    90.20
2003  11  03  11  00  00   253.58  -165.42    88.16
2003  11  03  11  01  00   244.25  -155.76    88.49
2003  11  03  11  02  00   240.60  -149.00    91.60
2003  11  03  11  03  00   240.65  -146.82    93.83
2003  11  03  11  04  00   237.20  -144.80    92.40
2003  11  03  11  05  00   235.29  -145.51    89.77
2003  11  03  11  06  00   236.45  -146.71    89.74
2003  11  03  11  07  00   241.30  -151.00    90.29
2003  11  03  11  08  00   241.00  -151.26    89.74
2003  11  03  11  09  00   231.01  -144.83    86.18
2003  11  03  11  10  00   221.70  -138.50    83.20
2003  11  03  11  11  00   223.61  -135.42    88.19
2003  11  03  11  12  00   222.27  -130.87    91.40
2003  11  03  11  13  00   209.34  -121.53    87.81
2003  11  03  11  14  00   203.09  -118.47    84.62
2003  11  03  11  15  00   200.13  -119.58    80.55
2003  11  03  11  16  00   193.27  -112.57    80.69
2003  11  03  11  17  00   191.11  -104.76    86.34
2003  11  03  11  18  00   185.37   -97.17    88.20
2003  11  03  11  19  00   174.36   -88.91    85.45
2003  11  03  11  20  00   168.48   -82.74    85.74
2003  11  03  11  21  00   167.98   -81.01    86.97
2003  11  03  11  22  00   170.03   -81.67    88.36
2003  11  03  11  23  00   173.32   -85.66    87.66
2003  11  03  11  24  00   169.82   -85.40    84.42
2003  11  03  11  25  00   169.91   -87.04    82.88
2003  11  03  11  26  00   165.18   -81.62    83.56
2003  11  03  11  27  00   162.93   -79.46    83.47
2003  11  03  11  28  00   161.28   -80.26    81.01
2003  11  03  11  29  00   159.01   -80.52    78.49
2003  11  03  11  30  00   159.45   -81.13    78.33
2003  11  03  11  31  00   159.78   -80.30    79.48
2003  11  03  11  32  00   161.08   -79.46    81.61
2003  11  03  11  33  00   164.29   -79.60    84.70
2003  11  03  11  34  00   166.12   -79.81    86.31
2003  11  03  11  35  00   166.00   -77.38    88.62
2003  11  03  11  36  00   169.41   -79.85    89.56
2003  11  03  11  37  00   169.67   -80.85    88.82
2003  11  03  11  38  00   171.15   -83.08    88.07
2003  11  03  11  39  00   167.81   -78.94    88.88
2003  11  03  11  40  00   163.00   -73.31    89.69
2003  11  03  11  41  00   161.32   -73.53    87.79
2003  11  03  11  42  00   162.39   -75.69    86.70
2003  11  03  11  43  00   164.00   -78.00    86.00
2003  11  03  11  44  00   157.99   -73.84    84.16
2003  11  03  11  45  00   147.57   -65.03    82.53
2003  11  03  11  46  00   142.09   -60.37    81.72
2003  11  03  11  47  00   137.54   -55.30    82.24
2003  11  03  11  48  00   134.39   -51.18    83.21
2003  11  03  11  49  00   138.91   -46.83    92.08
2003  11  03  11  50  00   161.29   -45.14   116.15
2003  11  03  11  51  00   167.92   -43.68   124.24
2003  11  03  11  52  00   165.05   -39.77   125.28
2003  11  03  11  53  00   156.83   -35.49   121.34
2003  11  03  11  54  00   157.48   -34.04   123.44
2003  11  03  11  55  00   164.61   -33.11   131.51
2003  11  03  11  56  00   185.60   -39.09   146.51
2003  11  03  11  57  00   206.13   -45.73   160.39
2003  11  03  11  58  00   218.76   -51.46   167.30
2003  11  03  11  59  00   210.50   -49.06   161.44
2003  11  03  12  00  00   192.34   -44.62   147.72
2003  11  03  12  01  00   178.58   -43.61   134.96
2003  11  03  12  02  00   175.12   -44.02   131.10
2003  11  03  12  03  00   174.79   -44.57   130.22
2003  11  03  12  04  00   173.89   -46.61   127.28
2003  11  03  12  05  00   178.27   -46.12   132.14
2003  11  03  12  06  00   169.11   -41.00   128.10
2003  11  03  12  07  00   168.00   -42.66   125.34
2003  11  03  12  08  00   168.86   -48.23   120.62
2003  11  03  12  09  00   166.44   -54.66   111.78
2003  11  03  12  10  00   159.24   -53.30   105.94
2003  11  03  12  11  00   157.03   -51.36   105.67
2003  11  03  12  12  00   150.06   -50.71    99.34
2003  11  03  12  13  00   152.78   -57.58    95.20
2003  11  03  12  14  00   162.11   -68.40    93.71
2003  11  03  12  15  00   180.15   -77.11   103.04
2003  11  03  12  16  00   179.28   -75.00   104.28
2003  11  03  12  17  00   174.14   -70.46   103.69
2003  11  03  12  18  00   162.03   -67.17    94.86
2003  11  03  12  19  00   137.65   -67.46    70.19
2003  11  03  12  20  00   139.46   -71.10    68.35
2003  11  03  12  21  00   148.06   -79.86    68.20
2003  11  03  12  22  00   156.81   -86.23    70.58
2003  11  03  12  23  00   161.17   -87.05    74.11
2003  11  03  12  24  00   169.20   -91.44    77.76
2003  11  03  12  25  00   172.97   -91.19    81.78
2003  11  03  12  26  00   171.00   -85.76    85.24
2003  11  03  12  27  00   169.40   -81.56    87.84
2003  11  03  12  28  00   169.65   -81.44    88.21
2003  11  03  12  29  00   174.65   -87.93    86.72
2003  11  03  12  30  00   175.23   -87.38    87.85
2003  11  03  12  31  00   163.71   -72.50    91.20
2003  11  03  12  32  00   153.74   -61.99    91.75
2003  11  03  12  33  00   148.75   -53.19    95.56
2003  11  03  12  34  00   153.41   -55.12    98.29
2003  11  03  12  35  00   156.29   -59.22    97.07
2003  11  03  12  36  00   156.40   -59.21    97.19
2003  11  03  12  37  00   166.41   -60.07   106.35
2003  11  03  12  38  00   192.80   -62.97   129.83
2003  11  03  12  39  00   215.29   -65.81   149.49
2003  11  03  12  40  00   236.48   -64.68   171.81
2003  11  03  12  41  00   250.71   -64.81   185.90
2003  11  03  12  42  00   258.72   -71.97   186.75
2003  11  03  12  43  00   246.77   -79.75   167.02
2003  11  03  12  44  00   231.33   -78.11   153.22
2003  11  03  12  45  00   211.88   -69.98   141.90
2003  11  03  12  46  00   175.18   -61.76   113.42
2003  11  03  12  47  00   154.32   -63.62    90.70
2003  11  03  12  48  00   183.62   -75.84   107.78
2003  11  03  12  49  00   185.23   -85.89    99.34
2003  11  03  12  50  00   167.64   -80.91    86.73
2003  11  03  12  51  00   179.20   -91.18    88.02
2003  11  03  12  52  00   188.26   -98.06    90.20
2003  11  03  12  53  00   192.39  -100.94    91.45
2003  11  03  12  54  00   202.55  -108.27    94.28
2003  11  03  12  55  00   214.54  -105.85   108.69
2003  11  03  12  56  00   200.43   -95.51   104.92
2003  11  03  12  57  00   184.49   -92.85    91.64
2003  11  03  12  58  00   177.63   -91.29    86.34
2003  11  03  12  59  00   158.94   -76.65    82.30
2003  11  03  13  00  00   161.31   -81.55    79.76
2003  11  03  13  01  00   169.74   -89.71    80.04
2003  11  03  13  02  00   206.18  -123.42    82.76
2003  11  03  13  03  00   167.11   -79.85    87.26
2003  11  03  13  04  00   195.77   -78.14   117.63
2003  11  03  13  05  00   241.97   -80.50   161.47
2003  11  03  13  06  00   256.70   -90.26   166.44
2003  11  03  13  07  00   192.98   -76.04   116.94
2003  11  03  13  08  00   243.32  -120.28   123.04
2003  11  03  13  09  00   233.83  -128.20   105.62
2003  11  03  13  10  00   184.91   -83.06   101.85
2003  11  03  13  11  00   229.07  -128.24   100.83
2003  11  03  13  12  00   249.27  -158.03    91.24
2003  11  03  13  13  00   227.63  -143.70    83.93
2003  11  03  13  14  00   206.86  -121.23    85.63
2003  11  03  13  15  00   190.65  -105.87    84.79
2003  11  03  13  16  00   206.41   -86.75   119.66
2003  11  03  13  17  00   214.10  -102.41   111.69
2003  11  03  13  18  00   218.16  -123.66    94.49
2003  11  03  13  19  00   205.27  -120.99    84.28
2003  11  03  13  20  00   179.03   -98.28    80.75
2003  11  03  13  21  00   151.68   -72.74    78.93
2003  11  03  13  22  00   142.90   -54.24    88.66
2003  11  03  13  23  00   167.39   -63.98   103.41
2003  11  03  13  24  00   192.68   -81.29   111.38
2003  11  03  13  25  00   188.08   -78.90   109.17
2003  11  03  13  26  00   181.21   -73.08   108.13
2003  11  03  13  27  00   173.55   -70.15   103.40
2003  11  03  13  28  00   166.03   -70.45    95.59
2003  11  03  13  29  00   174.15   -79.71    94.44
2003  11  03  13  30  00   183.88   -87.92    95.96
2003  11  03  13  31  00   173.09   -73.36    99.73
2003  11  03  13  32  00   186.86   -70.26   116.59
2003  11  03  13  33  00   186.68   -63.48   123.20
2003  11  03  13  34  00   191.46   -63.74   127.72
2003  11  03  13  35  00   199.84   -64.43   135.41
2003  11  03  13  36  00   194.18   -63.17   131.01
2003  11  03  13  37  00   181.83   -54.63   127.20
2003  11  03  13  38  00   167.99   -50.60   117.39
2003  11  03  13  39  00   149.53   -48.95   100.58
2003  11  03  13  40  00   132.39   -44.53    87.85
2003  11  03  13  41  00   122.96   -43.42    79.54
2003  11  03  13  42  00   135.93   -52.84    83.08
2003  11  03  13  43  00   160.49   -72.56    87.93
2003  11  03  13  44  00   180.81   -81.02    99.78
2003  11  03  13  45  00   139.98   -42.26    97.73
2003  11  03  13  46  00   151.32   -53.57    97.75
2003  11  03  13  47  00   174.12   -62.90   111.22
2003  11  03  13  48  00   175.24   -68.51   106.72
2003  11  03  13  49  00   161.93   -71.21    90.72
2003  11  03  13  50  00   153.46   -83.11    70.36
2003  11  03  13  51  00   146.34   -83.85    62.50
2003  11  03  13  52  00   150.13   -89.20    60.93
2003  11  03  13  53  00   153.40   -92.15    61.25
2003  11  03  13  54  00   162.02   -98.23    63.79
2003  11  03  13  55  00   170.69  -106.00    64.68
2003  11  03  13  56  00   185.09   -98.24    86.85
2003  11  03  13  57  00   189.84   -81.61   108.23
2003  11  03  13  58  00   215.09  -119.94    95.15
2003  11  03  13  59  00   197.78   -99.73    98.05
2003  11  03  14  00  00   169.24   -66.60   102.64
2003  11  03  14  01  00   216.75  -101.86   114.89
2003  11  03  14  02  00   200.18   -87.36   112.82
2003  11  03  14  03  00   153.95   -50.09   103.85
2003  11  03  14  04  00   133.53   -37.54    95.99
2003  11  03  14  05  00   193.44   -30.33   163.12
2003  11  03  14  06  00   155.53   -39.17   116.36
2003  11  03  14  07  00   130.83   -34.02    96.81
2003  11  03  14  08  00   140.79   -38.36   102.44
2003  11  03  14  09  00   151.46   -44.48   106.97
2003  11  03  14  10  00   143.53   -48.44    95.08
2003  11  03  14  11  00   142.51   -50.15    92.36
2003  11  03  14  12  00   143.84   -39.86   103.98
2003  11  03  14  13  00   151.78   -51.82    99.96
2003  11  03  14  14  00   147.58   -42.57   105.01
2003  11  03  14  15  00   139.73   -36.27   103.47
2003  11  03  14  16  00   168.18   -67.50   100.68
2003  11  03  14  17  00   155.11   -58.22    96.89
2003  11  03  14  18  00   148.95   -55.85    93.11
2003  11  03  14  19  00   147.45   -61.13    86.32
2003  11  03  14  20  00   133.31   -49.10    84.20
2003  11  03  14  21  00   134.16   -42.61    91.56
2003  11  03  14  22  00   173.06   -61.80   111.26
2003  11  03  14  23  00   204.58   -55.36   149.23
2003  11  03  14  24  00   190.10   -39.72   150.37
2003  11  03  14  25  00   192.82   -43.68   149.14
2003  11  03  14  26  00   189.99   -46.20   143.79
2003  11  03  14  27  00   165.91   -25.14   140.77
2003  11  03  14  28  00   176.64   -32.50   144.14
2003  11  03  14  29  00   222.99   -59.79   163.20
2003  11  03  14  30  00   199.52   -63.43   136.08
2003  11  03  14  31  00   143.67   -32.82   110.85
2003  11  03  14  32  00   140.15   -40.11   100.04
2003  11  03  14  33  00   169.25   -62.36   106.89
2003  11  03  14  34  00   187.41   -65.64   121.77
2003  11  03  14  35  00   187.05   -62.30   124.75
2003  11  03  14  36  00   212.91   -63.77   149.14
2003  11  03  14  37  00   236.53   -72.85   163.69
2003  11  03  14  38  00   187.90   -58.24   129.66
2003  11  03  14  39  00   185.83   -35.05   150.78
2003  11  03  14  40  00   269.11   -72.50   196.61
2003  11  03  14  41  00   255.81   -65.98   189.83
2003  11  03  14  42  00   193.44   -35.77   157.68
2003  11  03  14  43  00   188.57   -38.12   150.45
2003  11  03  14  44  00   200.82   -42.44   158.38
2003  11  03  14  45  00   249.10   -72.05   177.06
2003  11  03  14  46  00   246.33   -79.86   166.47
2003  11  03  14  47  00   223.64   -52.57   171.07
2003  11  03  14  48  00   228.84   -56.36   172.48
2003  11  03  14  49  00   234.30   -65.03   169.26
2003  11  03  14  50  00   247.36   -84.07   163.29
2003  11  03  14  51  00   236.65   -78.33   158.32
2003  11  03  14  52  00   216.40   -59.40   157.00
2003  11  03  14  53  00   245.00   -58.84   186.17
2003  11  03  14  54  00   295.12   -73.86   221.26
2003  11  03  14  55  00   336.24  -104.94   231.30
2003  11  03  14  56  00   348.26  -127.86   220.40
2003  11  03  14  57  00   324.57  -112.94   211.64
2003  11  03  14  58  00   293.51   -89.78   203.73
2003  11  03  14  59  00   253.10   -85.35   167.75
2003  11  03  15  00  00   250.32  -113.35   136.98
2003  11  03  15  01  00   216.74  -113.16   103.58
2003  11  03  15  02  00   219.00  -110.75   108.25
2003  11  03  15  03  00   202.86   -99.03   103.83
2003  11  03  15  04  00   234.11   -94.44   139.68
2003  11  03  15  05  00   291.86  -150.11   141.75
2003  11  03  15  06  00   253.95  -116.73   137.22
2003  11  03  15  07  00   274.52  -142.23   132.29
2003  11  03  15  08  00   243.33  -140.42   102.92
2003  11  03  15  09  00   240.18  -120.39   119.79
2003  11  03  15  10  00   234.51  -114.22   120.28
2003  11  03  15  11  00   252.06  -133.99   118.08
2003  11  03  15  12  00   236.13  -127.63   108.50
2003  11  03  15  13  00   227.20  -130.77    96.43
2003  11  03  15  14  00   219.30  -122.63    96.67
2003  11  03  15  15  00   202.65  -119.83    82.81
2003  11  03  15  16  00   214.99  -121.39    93.60
2003  11  03  15  17  00   247.30  -139.19   108.11
2003  11  03  15  18  00   262.43  -152.23   110.20
2003  11  03  15  19  00   274.68  -169.24   105.44
2003  11  03  15  20  00   275.37  -161.90   113.47
2003  11  03  15  21  00   254.32  -139.90   114.42
2003  11  03  15  22  00   228.68  -118.11   110.57
2003  11  03  15  23  00   235.14  -120.87   114.28
2003  11  03  15  24  00   245.94  -129.37   116.57
2003  11  03  15  25  00   226.87  -113.32   113.55
2003  11  03  15  26  00   199.15   -90.74   108.42
2003  11  03  15  27  00   196.03   -91.12   104.91
2003  11  03  15  28  00   203.53   -99.03   104.50
2003  11  03  15  29  00   212.86  -104.16   108.70
2003  11  03  15  30  00   197.30   -86.34   110.97
2003  11  03  15  31  00   178.06   -67.12   110.93
2003  11  03  15  32  00   194.23   -69.10   125.14
2003  11  03  15  33  00   229.95   -80.77   149.18
2003  11  03  15  34  00   236.57   -75.62   160.95
2003  11  03  15  35  00   242.70   -70.27   172.43
2003  11  03  15  36  00   252.18   -85.12   167.07
2003  11  03  15  37  00   229.71   -81.95   147.76
2003  11  03  15  38  00   196.04   -53.84   142.21
2003  11  03  15  39  00   179.43   -29.31   150.11
2003  11  03  15  40  00   201.39   -39.20   162.19
2003  11  03  15  41  00   206.93   -32.66   174.26
2003  11  03  15  42  00   233.14   -39.40   193.74
2003  11  03  15  43  00   240.64   -33.96   206.68
2003  11  03  15  44  00   227.94   -28.13   199.81
2003  11  03  15  45  00   223.20   -28.93   194.27
2003  11  03  15  46  00   220.85   -34.28   186.57
2003  11  03  15  47  00   228.56   -36.98   191.57
2003  11  03  15  48  00   230.13   -32.72   197.41
2003  11  03  15  49  00   227.97   -31.38   196.59
2003  11  03  15  50  00   221.48   -30.56   190.92
2003  11  03  15  51  00   217.53   -24.89   192.64
2003  11  03  15  52  00   228.29   -23.81   204.48
2003  11  03  15  53  00   240.83   -24.81   216.03
2003  11  03  15  54  00   252.02   -28.53   223.49
2003  11  03  15  55  00   270.39   -34.93   235.45
2003  11  03  15  56  00   285.90   -33.49   252.41
2003  11  03  15  57  00   299.35   -29.93   269.41
2003  11  03  15  58  00   301.91   -32.60   269.32
2003  11  03  15  59  00   294.57   -33.82   260.76
2003  11  03  16  00  00   280.09   -39.08   241.00
2003  11  03  16  01  00   262.12   -34.99   227.12
2003  11  03  16  02  00   253.21   -31.89   221.32
2003  11  03  16  03  00   279.81   -52.22   227.59
2003  11  03  16  04  00   309.75   -80.67   229.08
2003  11  03  16  05  00   331.08   -76.86   254.22
2003  11  03  16  06  00   312.83   -64.14   248.68
2003  11  03  16  07  00   310.45   -63.79   246.65
2003  11  03  16  08  00   336.33   -89.77   246.56
2003  11  03  16  09  00   287.89   -51.77   236.11
2003  11  03  16  10  00   288.87   -48.15   240.73
2003  11  03  16  11  00   285.50   -37.94   247.56
2003  11  03  16  12  00   314.02   -34.62   279.39
2003  11  03  16  13  00   349.59   -44.63   304.96
2003  11  03  16  14  00   352.79   -48.93   303.86
2003  11  03  16  15  00   326.49   -33.18   293.30
2003  11  03  16  16  00   327.59   -34.17   293.42
2003  11  03  16  17  00   325.31   -39.69   285.62
2003  11  03  16  18  00   325.23   -49.17   276.06
2003  11  03  16  19  00   302.39   -37.05   265.34
2003  11  03  16  20  00   296.09   -35.58   260.51
2003  11  03  16  21  00   298.05   -38.32   259.73
2003  11  03  16  22  00   307.67   -44.29   263.38
2003  11  03  16  23  00   321.70   -50.01   271.70
2003  11  03  16  24  00   312.02   -46.82   265.20
2003  11  03  16  25  00   295.44   -40.33   255.11
2003  11  03  16  26  00   281.32   -35.68   245.64
2003  11  03  16  27  00   278.11   -44.15   233.95
2003  11  03  16  28  00   274.11   -51.18   222.93
2003  11  03  16  29  00   284.38   -67.29   217.09
2003  11  03  16  30  00   313.44   -76.90   236.54
2003  11  03  16  31  00   315.63   -75.68   239.94
2003  11  03  16  32  00   283.78   -65.10   218.68
2003  11  03  16  33  00   255.30   -57.38   197.92
2003  11  03  16  34  00   253.96   -70.22   183.74
2003  11  03  16  35  00   235.15   -73.01   162.14
2003  11  03  16  36  00   200.46   -69.77   130.70
2003  11  03  16  37  00   160.59   -60.63    99.96
2003  11  03  16  38  00   213.87   -92.86   121.00
2003  11  03  16  39  00   175.18   -71.45   103.72
2003  11  03  16  40  00   143.24   -61.71    81.53
2003  11  03  16  41  00   154.62   -72.05    82.57
2003  11  03  16  42  00   184.71  -100.81    83.90
2003  11  03  16  43  00   146.79   -62.83    83.96
2003  11  03  16  44  00   145.48   -50.46    95.02
2003  11  03  16  45  00   169.88   -68.11   101.77
2003  11  03  16  46  00   230.20  -108.30   121.90
2003  11  03  16  47  00   223.18   -87.31   135.87
2003  11  03  16  48  00   149.19   -54.96    94.23
2003  11  03  16  49  00   133.17   -42.49    90.67
2003  11  03  16  50  00   160.80   -66.63    94.17
2003  11  03  16  51  00   163.51   -81.46    82.05
2003  11  03  16  52  00   140.78   -56.82    83.95
2003  11  03  16  53  00   144.61   -58.34    86.27
2003  11  03  16  54  00   142.98   -52.78    90.19
2003  11  03  16  55  00   178.17   -79.03    99.14
2003  11  03  16  56  00   186.82   -96.02    90.80
2003  11  03  16  57  00   183.10   -87.56    95.54
2003  11  03  16  58  00   173.68   -53.07   120.61
2003  11  03  16  59  00   221.42   -84.06   137.36
2003  11  03  17  00  00   199.86   -83.45   116.41
2003  11  03  17  01  00   229.25   -65.91   163.34
2003  11  03  17  02  00   183.56   -61.96   121.60
2003  11  03  17  03  00   196.13   -64.76   131.37
2003  11  03  17  04  00   201.12   -61.68   139.44
2003  11  03  17  05  00   207.23   -61.44   145.78
2003  11  03  17  06  00   283.17   -67.83   215.34
2003  11  03  17  07  00   328.63   -60.72   267.91
2003  11  03  17  08  00   355.11   -67.99   287.12
2003  11  03  17  09  00   366.63   -74.00   292.63
2003  11  03  17  10  00   399.43   -82.23   317.21
2003  11  03  17  11  00   431.31   -81.38   349.93
2003  11  03  17  12  00   455.71   -86.00   369.71
2003  11  03  17  13  00   436.50   -87.74   348.77
2003  11  03  17  14  00   392.18   -65.67   326.51
2003  11  03  17  15  00   393.93   -67.19   326.75
2003  11  03  17  16  00   396.88   -81.15   315.73
2003  11  03  17  17  00   373.43   -76.85   296.58
2003  11  03  17  18  00   343.86   -55.50   288.36
2003  11  03  17  19  00   373.38   -62.36   311.02
2003  11  03  17  20  00   431.64   -79.02   352.62
2003  11  03  17  21  00   469.02   -82.32   386.69
2003  11  03  17  22  00   485.72   -71.05   414.67
2003  11  03  17  23  00   486.31   -77.00   409.31
2003  11  03  17  24  00   467.94   -76.25   391.70
2003  11  03  17  25  00   448.71   -87.80   360.91
2003  11  03  17  26  00   408.73   -86.90   321.82
2003  11  03  17  27  00   383.67   -82.72   300.96
2003  11  03  17  28  00   376.68   -79.65   297.03
2003  11  03  17  29  00   412.57   -93.12   319.45
2003  11  03  17  30  00   455.86  -108.59   347.28
2003  11  03  17  31  00   459.82   -91.33   368.49
2003  11  03  17  32  00   448.91   -73.45   375.45
2003  11  03  17  33  00   444.45   -81.78   362.68
2003  11  03  17  34  00   441.92   -95.11   346.81
2003  11  03  17  35  00   408.22   -92.64   315.58
2003  11  03  17  36  00   355.24   -74.00   281.25
2003  11  03  17  37  00   302.77   -62.10   240.67
2003  11  03  17  38  00   319.04   -72.12   246.92
2003  11  03  17  39  00   338.82   -70.14   268.68
2003  11  03  17  40  00   362.80   -80.99   281.81
2003  11  03  17  41  00   366.61   -74.85   291.76
2003  11  03  17  42  00   357.46   -49.15   308.31
2003  11  03  17  43  00   358.39   -43.00   315.39
2003  11  03  17  44  00   370.32   -51.84   318.48
2003  11  03  17  45  00   392.95   -61.45   331.50
2003  11  03  17  46  00   385.94   -57.27   328.67
2003  11  03  17  47  00   345.48   -43.21   302.27
2003  11  03  17  48  00   305.18   -46.87   258.31
2003  11  03  17  49  00   300.36   -57.70   242.66
2003  11  03  17  50  00   315.65   -65.47   250.18
2003  11  03  17  51  00   309.85   -58.75   251.10
2003  11  03  17  52  00   289.12   -46.81   242.31
2003  11  03  17  53  00   295.47   -59.74   235.73
2003  11  03  17  54  00   310.56   -77.91   232.66
2003  11  03  17  55  00   322.37   -76.96   245.41
2003  11  03  17  56  00   296.95   -67.59   229.36
2003  11  03  17  57  00   281.68   -68.60   213.08
2003  11  03  17  58  00   287.63   -80.37   207.26
2003  11  03  17  59  00   293.71   -73.95   219.76
2003  11  03  18  00  00   297.25   -72.38   224.87
2003  11  03  18  01  00   293.43   -74.68   218.75
2003  11  03  18  02  00   282.23   -72.20   210.03
2003  11  03  18  03  00   261.57   -64.23   197.33
2003  11  03  18  04  00   248.02   -56.45   191.57
2003  11  03  18  05  00   242.85   -54.95   187.90
2003  11  03  18  06  00   244.62   -51.26   193.37
2003  11  03  18  07  00   242.86   -52.45   190.41
2003  11  03  18  08  00   263.74   -62.47   201.27
2003  11  03  18  09  00   294.07   -69.49   224.58
2003  11  03  18  10  00   315.07   -65.43   249.64
2003  11  03  18  11  00   322.33   -67.18   255.15
2003  11  03  18  12  00   319.77   -70.38   249.39
2003  11  03  18  13  00   320.18   -65.31   254.87
2003  11  03  18  14  00   306.70   -57.96   248.75
2003  11  03  18  15  00   322.93   -57.85   265.07
2003  11  03  18  16  00   332.59   -69.97   262.61
2003  11  03  18  17  00   348.98   -75.12   273.86
2003  11  03  18  18  00   342.53   -70.08   272.45
2003  11  03  18  19  00   312.43   -59.14   253.29
2003  11  03  18  20  00   305.68   -59.39   246.28
2003  11  03  18  21  00   299.42   -64.30   235.11
2003  11  03  18  22  00   297.87   -67.97   229.90
2003  11  03  18  23  00   297.14   -69.96   227.18
2003  11  03  18  24  00   286.04   -64.51   221.53
2003  11  03  18  25  00   270.78   -61.38   209.40
2003  11  03  18  26  00   257.18   -63.25   193.93
2003  11  03  18  27  00   248.97   -65.43   183.54
2003  11  03  18  28  00   255.97   -68.32   187.65
2003  11  03  18  29  00   268.69   -72.26   196.42
2003  11  03  18  30  00   293.35   -91.65   201.70
2003  11  03  18  31  00   307.29   -99.15   208.14
2003  11  03  18  32  00   264.56   -79.08   185.49
2003  11  03  18  33  00   215.72   -59.04   156.68
2003  11  03  18  34  00   224.28   -74.99   149.30
2003  11  03  18  35  00   220.11   -86.65   133.46
2003  11  03  18  36  00   208.75   -80.44   128.30
2003  11  03  18  37  00   196.27   -74.77   121.50
2003  11  03  18  38  00   198.30   -80.23   118.07
2003  11  03  18  39  00   191.40   -85.50   105.89
2003  11  03  18  40  00   192.87   -81.41   111.47
2003  11  03  18  41  00   176.89   -75.62   101.27
2003  11  03  18  42  00   177.87   -84.87    93.00
2003  11  03  18  43  00   187.76   -96.78    90.98
2003  11  03  18  44  00   191.32  -102.04    89.28
2003  11  03  18  45  00   174.35   -83.33    91.03
2003  11  03  18  46  00   171.60   -79.50    92.10
2003  11  03  18  47  00   164.12   -70.88    93.24
2003  11  03  18  48  00   171.36   -74.37    96.99
2003  11  03  18  49  00   191.03   -86.19   104.84
2003  11  03  18  50  00   200.32   -90.74   109.58
2003  11  03  18  51  00   184.57   -73.28   111.29
2003  11  03  18  52  00   168.04   -51.92   116.12
2003  11  03  18  53  00   178.24   -68.05   110.20
2003  11  03  18  54  00   200.42   -95.99   104.42
2003  11  03  18  55  00   225.88  -127.24    98.63
2003  11  03  18  56  00   202.81  -103.19    99.62
2003  11  03  18  57  00   166.66   -73.84    92.82
2003  11  03  18  58  00   156.20   -72.19    84.00
2003  11  03  18  59  00   177.44   -97.46    79.98
2003  11  03  19  00  00   209.66  -122.12    87.54
2003  11  03  19  01  00   159.18   -69.01    90.17
2003  11  03  19  02  00   179.19   -69.70   109.48
2003  11  03  19  03  00   252.10  -131.88   120.22
2003  11  03  19  04  00   213.44   -95.99   117.45
2003  11  03  19  05  00   195.57   -79.72   115.85
2003  11  03  19  06  00   171.57   -65.13   106.44
2003  11  03  19  07  00   260.02  -157.84   102.18
2003  11  03  19  08  00   199.02   -96.77   102.25
2003  11  03  19  09  00   140.56   -53.02    87.54
2003  11  03  19  10  00   148.97   -67.00    81.97
2003  11  03  19  11  00   149.22   -73.44    75.78
2003  11  03  19  12  00   164.22   -96.35    67.88
2003  11  03  19  13  00   175.73  -100.23    75.49
2003  11  03  19  14  00   177.45   -97.68    79.76
2003  11  03  19  15  00   197.26  -108.14    89.12
2003  11  03  19  16  00   212.43  -109.81   102.62
2003  11  03  19  17  00   179.48   -90.01    89.48
2003  11  03  19  18  00   146.23   -60.66    85.57
2003  11  03  19  19  00   133.47   -60.24    73.22
2003  11  03  19  20  00   190.18   -74.70   115.48
2003  11  03  19  21  00   259.71   -75.35   184.36
2003  11  03  19  22  00   230.14   -87.18   142.95
2003  11  03  19  23  00   200.57   -94.96   105.61
2003  11  03  19  24  00   207.06   -96.89   110.17
2003  11  03  19  25  00   186.32   -85.10   101.21
2003  11  03  19  26  00   178.13   -74.00   104.14
2003  11  03  19  27  00   215.72   -65.08   150.65
2003  11  03  19  28  00   185.28   -87.35    97.93
2003  11  03  19  29  00   208.01  -106.87   101.14
2003  11  03  19  30  00   211.39  -102.61   108.78
2003  11  03  19  31  00   182.64   -93.85    88.79
2003  11  03  19  32  00   156.89   -77.93    78.96
2003  11  03  19  33  00   153.70   -62.39    91.31
2003  11  03  19  34  00   143.19   -59.11    84.08
2003  11  03  19  35  00   177.63   -88.81    88.82
2003  11  03  19  36  00   218.75  -108.14   110.61
2003  11  03  19  37  00   246.54  -136.42   110.12
2003  11  03  19  38  00   238.40  -151.26    87.14
2003  11  03  19  39  00   274.53  -176.49    98.04
2003  11  03  19  40  00   314.32  -196.41   117.90
2003  11  03  19  41  00   332.28  -212.89   119.39
2003  11  03  19  42  00   321.06  -209.39   111.68
2003  11  03  19  43  00   302.10  -191.98   110.13
2003  11  03  19  44  00   330.86  -179.56   151.30
2003  11  03  19  45  00   355.54  -174.26   181.28
2003  11  03  19  46  00   380.91  -179.16   201.75
2003  11  03  19  47  00   404.14  -181.95   222.18
2003  11  03  19  48  00   395.01  -174.19   220.81
2003  11  03  19  49  00   351.00  -147.24   203.76
2003  11  03  19  50  00   309.57  -127.22   182.36
2003  11  03  19  51  00   256.51   -88.09   168.41
2003  11  03  19  52  00   246.85   -83.26   163.59
2003  11  03  19  53  00   325.07  -167.16   157.91
2003  11  03  19  54  00   432.69  -284.38   148.32
2003  11  03  19  55  00   391.99  -255.73   136.26
2003  11  03  19  56  00   433.19  -299.52   133.68
2003  11  03  19  57  00   420.15  -296.29   123.86
2003  11  03  19  58  00   389.58  -271.10   118.49
2003  11  03  19  59  00   373.06  -253.81   119.25
2003  11  03  20  00  00   312.01  -202.57   109.43
2003  11  03  20  01  00   276.44  -167.41   109.03
2003  11  03  20  02  00   258.44  -151.70   106.74
2003  11  03  20  03  00   271.71  -167.92   103.79
2003  11  03  20  04  00   248.90  -147.64   101.26
2003  11  03  20  05  00   217.72  -123.82    93.90
2003  11  03  20  06  00   208.31  -128.61    79.70
2003  11  03  20  07  00   201.22  -132.96    68.26
2003  11  03  20  08  00   192.83  -131.67    61.16
2003  11  03  20  09  00   242.62  -181.48    61.14
2003  11  03  20  10  00   228.77  -163.59    65.19
2003  11  03  20  11  00   198.51  -136.14    62.37
2003  11  03  20  12  00   182.70  -124.90    57.80
2003  11  03  20  13  00   141.12   -97.52    43.60
2003  11  03  20  14  00   151.52   -85.67    65.85
2003  11  03  20  15  00   164.37   -84.28    80.09
2003  11  03  20  16  00   201.57   -90.79   110.78
2003  11  03  20  17  00   253.56  -136.82   116.73
2003  11  03  20  18  00   311.62  -186.50   125.12
2003  11  03  20  19  00   309.68  -186.36   123.32
2003  11  03  20  20  00   318.07  -208.24   109.83
2003  11  03  20  21  00   302.74  -200.26   102.48
2003  11  03  20  22  00   250.44  -162.96    87.48
2003  11  03  20  23  00   224.49  -155.34    69.16
2003  11  03  20  24  00   234.92  -162.98    71.94
2003  11  03  20  25  00   261.33  -178.64    82.69
2003  11  03  20  26  00   257.99  -168.15    89.84
2003  11  03  20  27  00   249.93  -151.84    98.09
2003  11  03  20  28  00   248.91  -141.54   107.37
2003  11  03  20  29  00   232.02  -115.29   116.73
2003  11  03  20  30  00   272.99  -135.00   138.00
2003  11  03  20  31  00   295.99  -145.93   150.06
2003  11  03  20  32  00   302.00  -141.38   160.62
2003  11  03  20  33  00   294.45  -141.04   153.41
2003  11  03  20  34  00   289.94  -135.44   154.50
2003  11  03  20  35  00   273.47  -135.84   137.64
2003  11  03  20  36  00   266.79  -136.18   130.61
2003  11  03  20  37  00   242.53  -134.90   107.64
2003  11  03  20  38  00   220.64  -123.90    96.74
2003  11  03  20  39  00   209.01  -112.18    96.83
2003  11  03  20  40  00   222.54  -114.16   108.38
2003  11  03  20  41  00   218.14   -90.37   127.77
2003  11  03  20  42  00   246.25  -104.80   141.45
2003  11  03  20  43  00   238.47   -79.84   158.63
2003  11  03  20  44  00   255.79   -81.63   174.16
2003  11  03  20  45  00   247.16   -86.86   160.30
2003  11  03  20  46  00   255.89  -104.60   151.29
2003  11  03  20  47  00   231.09   -90.95   140.14
2003  11  03  20  48  00   203.63   -81.31   122.31
2003  11  03  20  49  00   180.63   -85.95    94.68
2003  11  03  20  50  00   151.86   -68.80    83.06
2003  11  03  20  51  00   140.16   -69.83    70.33
2003  11  03  20  52  00   139.85   -74.07    65.77
2003  11  03  20  53  00   132.00   -67.11    64.89
2003  11  03  20  54  00   149.45   -88.58    60.87
2003  11  03  20  55  00   149.55   -95.83    53.72
2003  11  03  20  56  00   127.06   -74.74    52.32
2003  11  03  20  57  00   138.76   -84.70    54.06
2003  11  03  20  58  00   179.26   -89.52    89.74
2003  11  03  20  59  00   212.24   -91.05   121.19
2003  11  03  21  00  00   201.81  -126.33    75.49
2003  11  03  21  01  00   212.09  -146.32    65.77
2003  11  03  21  02  00   228.87  -154.93    73.94
2003  11  03  21  03  00   216.40  -128.62    87.78
2003  11  03  21  04  00   179.12  -105.23    73.89
2003  11  03  21  05  00   167.35   -93.02    74.33
2003  11  03  21  06  00   164.51   -79.86    84.66
2003  11  03  21  07  00   166.02   -75.72    90.31
2003  11  03  21  08  00   171.50   -79.23    92.28
2003  11  03  21  09  00   179.05   -89.58    89.47
2003  11  03  21  10  00   183.15   -95.42    87.73
2003  11  03  21  11  00   186.58   -97.39    89.19
2003  11  03  21  12  00   187.53   -98.96    88.58
2003  11  03  21  13  00   197.14  -107.30    89.84
2003  11  03  21  14  00   187.27   -96.38    90.89
2003  11  03  21  15  00   173.24   -80.58    92.65
2003  11  03  21  16  00   177.03   -85.30    91.73
2003  11  03  21  17  00   178.63   -84.43    94.20
2003  11  03  21  18  00   183.49   -88.69    94.80
2003  11  03  21  19  00   177.49   -89.39    88.10
2003  11  03  21  20  00   171.02   -83.94    87.08
2003  11  03  21  21  00   166.54   -79.75    86.79
2003  11  03  21  22  00   162.80   -78.83    83.98
2003  11  03  21  23  00   161.41   -75.90    85.51
2003  11  03  21  24  00   159.10   -72.30    86.81
2003  11  03  21  25  00   154.21   -74.86    79.36
2003  11  03  21  26  00   166.31   -63.45   102.86
2003  11  03  21  27  00   169.10   -79.23    89.88
2003  11  03  21  28  00   168.26  -101.51    66.76
2003  11  03  21  29  00   208.68  -122.25    86.43
2003  11  03  21  30  00   260.80  -140.63   120.17
2003  11  03  21  31  00   306.16  -158.10   148.06
2003  11  03  21  32  00   320.28  -150.59   169.69
2003  11  03  21  33  00   316.45  -140.82   175.63
2003  11  03  21  34  00   319.43  -118.79   200.64
2003  11  03  21  35  00   308.46   -89.55   218.91
2003  11  03  21  36  00   279.82   -88.95   190.87
2003  11  03  21  37  00   240.89   -78.97   161.92
2003  11  03  21  38  00   220.94   -80.82   140.11
2003  11  03  21  39  00   193.52   -71.61   121.91
2003  11  03  21  40  00   200.81   -79.25   121.56
2003  11  03  21  41  00   182.01   -83.16    98.85
2003  11  03  21  42  00   184.40   -81.24   103.15
2003  11  03  21  43  00   198.99  -105.46    93.53
2003  11  03  21  44  00   205.34  -119.06    86.28
2003  11  03  21  45  00   211.09  -110.60   100.48
2003  11  03  21  46  00   208.01  -100.31   107.71
2003  11  03  21  47  00   215.64   -94.89   120.75
2003  11  03  21  48  00   214.75   -97.84   116.91
2003  11  03  21  49  00   185.11  -103.74    81.37
2003  11  03  21  50  00   200.52  -120.94    79.59
2003  11  03  21  51  00   188.18  -104.37    83.80
2003  11  03  21  52  00   196.73  -110.02    86.71
2003  11  03  21  53  00   209.47  -110.33    99.14
2003  11  03  21  54  00   212.18   -98.00   114.18
2003  11  03  21  55  00   216.38  -102.07   114.32
2003  11  03  21  56  00   225.54  -102.54   123.00
2003  11  03  21  57  00   242.93  -112.27   130.66
2003  11  03  21  58  00   260.21  -124.67   135.53
2003  11  03  21  59  00   251.21  -120.61   130.60
2003  11  03  22  00  00   275.67  -125.83   149.84
2003  11  03  22  01  00   295.46  -139.82   155.64
2003  11  03  22  02  00   300.97  -140.72   160.25
2003  11  03  22  03  00   285.85  -144.46   141.40
2003  11  03  22  04  00   294.90  -158.36   136.53
2003  11  03  22  05  00   300.21  -154.03   146.17
2003  11  03  22  06  00   316.87  -170.47   146.40
2003  11  03  22  07  00   336.95  -192.22   144.73
2003  11  03  22  08  00   374.31  -209.61   164.71
2003  11  03  22  09  00   396.17  -229.23   166.94
2003  11  03  22  10  00   414.01  -237.48   176.54
2003  11  03  22  11  00   393.16  -224.33   168.83
2003  11  03  22  12  00   367.38  -208.55   158.84
2003  11  03  22  13  00   373.77  -220.63   153.14
2003  11  03  22  14  00   368.15  -223.73   144.42
2003  11  03  22  15  00   350.03  -215.45   134.58
2003  11  03  22  16  00   341.49  -192.62   148.88
2003  11  03  22  17  00   326.17  -187.25   138.92
2003  11  03  22  18  00   314.64  -182.12   132.52
2003  11  03  22  19  00   292.08  -170.43   121.65
2003  11  03  22  20  00   282.53  -167.97   114.56
2003  11  03  22  21  00   277.27  -163.55   113.72
2003  11  03  22  22  00   271.11  -160.35   110.76
2003  11  03  22  23  00   291.70  -159.09   132.61
2003  11  03  22  24  00   311.85  -158.07   153.78
2003  11  03  22  25  00   318.51  -164.80   153.70
2003  11  03  22  26  00   333.68  -177.85   155.83
2003  11  03  22  27  00   367.00  -181.70   185.30
2003  11  03  22  28  00   394.05  -188.93   205.12
2003  11  03  22  29  00   397.76  -194.46   203.29
2003  11  03  22  30  00   335.64  -200.74   134.90
2003  11  03  22  31  00   336.69  -208.67   128.02
2003  11  03  22  32  00   347.73  -217.55   130.18
2003  11  03  22  33  00   367.16  -224.31   142.85
2003  11  03  22  34  00   384.04  -221.89   162.15
2003  11  03  22  35  00   368.70  -215.10   153.60
2003  11  03  22  36  00   355.48  -201.75   153.73
2003  11  03  22  37  00   361.63  -195.19   166.44
2003  11  03  22  38  00   355.29  -182.06   173.23
2003  11  03  22  39  00   353.43  -166.25   187.17
2003  11  03  22  40  00   351.26  -153.38   197.88
2003  11  03  22  41  00   363.26  -159.20   204.07
2003  11  03  22  42  00   383.15  -160.39   222.77
2003  11  03  22  43  00   432.90  -202.39   230.51
2003  11  03  22  44  00   501.20  -270.74   230.45
2003  11  03  22  45  00   523.92  -275.24   248.68
2003  11  03  22  46  00   555.38  -295.08   260.30
2003  11  03  22  47  00   578.04  -315.92   262.11
2003  11  03  22  48  00   587.53  -332.77   254.76
2003  11  03  22  49  00   586.21  -316.72   269.49
2003  11  03  22  50  00   653.56  -378.58   274.99
2003  11  03  22  51  00   675.84  -410.31   265.53
2003  11  03  22  52  00   647.10  -380.18   266.92
2003  11  03  22  53  00   655.16  -388.02   267.14
2003  11  03  22  54  00   677.81  -418.03   259.78
2003  11  03  22  55  00   721.55  -456.88   264.67
2003  11  03  22  56  00   717.34  -450.72   266.62
2003  11  03  22  57  00   672.33  -404.61   267.72
2003  11  03  22  58  00   682.33  -407.55   274.78
2003  11  03  22  59  00   673.89  -398.42   275.46
2003  11  03  23  00  00   687.55  -421.48   266.07
2003  11  03  23  01  00   711.22  -418.22   292.99
2003  11  03  23  02  00   721.35  -395.92   325.44
2003  11  03  23  03  00   719.45  -391.79   327.66
2003  11  03  23  04  00   768.50  -419.39   349.11
2003  11  03  23  05  00   748.73  -405.28   343.45
2003  11  03  23  06  00   723.39  -390.19   333.19
2003  11  03  23  07  00   700.61  -360.00   340.60
2003  11  03  23  08  00   694.88  -337.88   357.00
2003  11  03  23  09  00   735.59  -363.97   371.62
2003  11  03  23  10  00   765.65  -403.69   361.96
2003  11  03  23  11  00   770.38  -420.34   350.04
2003  11  03  23  12  00   782.30  -424.96   357.34
2003  11  03  23  13  00   790.26  -445.26   344.99
2003  11  03  23  14  00   837.87  -512.91   324.96
2003  11  03  23  15  00   869.44  -529.84   339.59
2003  11  03  23  16  00   883.76  -532.83   350.93
2003  11  03  23  17  00   798.93  -455.38   343.55
2003  11  03  23  18  00   742.32  -384.14   358.18
2003  11  03  23  19  00   761.22  -397.90   363.32
2003  11  03  23  20  00   782.18  -418.08   364.10
2003  11  03  23  21  00   859.59  -524.17   335.42
2003  11  03  23  22  00   837.60  -527.05   310.55
2003  11  03  23  23  00   853.44  -530.09   323.35
2003  11  03  23  24  00   848.06  -533.10   314.96
2003  11  03  23  25  00   780.78  -489.09   291.69
2003  11  03  23  26  00   837.88  -548.00   289.88
2003  11  03  23  27  00   832.86  -535.81   297.05
2003  11  03  23  28  00   763.34  -474.23   289.12
2003  11  03  23  29  00   787.96  -497.69   290.27
2003  11  03  23  30  00   778.87  -492.86   286.01
2003  11  03  23  31  00   786.89  -484.77   302.12
2003  11  03  23  32  00   833.40  -528.58   304.83
2003  11  03  23  33  00   884.69  -562.94   321.75
2003  11  03  23  34  00   927.99  -592.34   335.65
2003  11  03  23  35  00   973.75  -618.42   355.33
2003  11  03  23  36  00   959.71  -608.98   350.72
2003  11  03  23  37  00   980.17  -628.19   351.98
2003  11  03  23  38  00   985.24  -636.71   348.53
2003  11  03  23  39  00   911.91  -586.27   325.64
2003  11  03  23  40  00   902.01  -594.52   307.49
2003  11  03  23  41  00   878.62  -576.88   301.74
2003  11  03  23  42  00   866.44  -567.55   298.89
2003  11  03  23  43  00   869.16  -571.04   298.12
2003  11  03  23  44  00   899.86  -602.12   297.74
2003  11  03  23  45  00   893.27  -585.73   307.54
2003  11  03  23  46  00   863.56  -553.88   309.67
2003  11  03  23  47  00   868.80  -564.01   304.79
2003  11  03  23  48  00   830.02  -539.47   290.55
2003  11  03  23  49  00   802.86  -534.00   268.86
2003  11  03  23  50  00   794.33  -549.16   245.16
2003  11  03  23  51  00   799.15  -546.75   252.40
2003  11  03  23  52  00   823.25  -553.61   269.65
2003  11  03  23  53  00   794.03  -502.21   291.82
2003  11  03  23  54  00   765.70  -483.97   281.74
2003  11  03  23  55  00   730.66  -466.91   263.75
2003  11  03  23  56  00   711.46  -470.75   240.71
2003  11  03  23  57  00   683.85  -445.33   238.52
2003  11  03  23  58  00   675.84  -433.18   242.66
2003  11  03  23  59  00   679.56  -436.23   243.32
2003  11  04  00  00  00   693.30  -442.35   250.94
2003  11  04  00  01  00   722.09  -471.75   250.34
2003  11  04  00  02  00   708.96  -457.00   251.95
2003  11  04  00  03  00   714.13  -461.19   252.94
2003  11  04  00  04  00   718.41  -463.22   255.18
2003  11  04  00  05  00   669.40  -401.18   268.22
2003  11  04  00  06  00   649.21  -383.09   266.12
2003  11  04  00  07  00   576.50  -322.27   254.23
2003  11  04  00  08  00   582.40  -326.80   255.59
2003  11  04  00  09  00   569.25  -318.93   250.32
2003  11  04  00  10  00   586.13  -354.73   231.40
2003  11  04  00  11  00   595.06  -390.18   204.88
2003  11  04  00  12  00   551.32  -358.42   192.91
2003  11  04  00  13  00   528.94  -342.94   186.00
2003  11  04  00  14  00   563.71  -330.83   232.87
2003  11  04  00  15  00   503.04  -328.46   174.58
2003  11  04  00  16  00   515.01  -335.56   179.45
2003  11  04  00  17  00   515.80  -319.42   196.38
2003  11  04  00  18  00   524.53  -315.30   209.23
2003  11  04  00  19  00   515.89  -298.80   217.09
2003  11  04  00  20  00   503.91  -282.74   221.17
2003  11  04  00  21  00   510.08  -282.68   227.39
2003  11  04  00  22  00   460.24  -242.68   217.56
2003  11  04  00  23  00   404.96  -199.47   205.48
2003  11  04  00  24  00   380.05  -197.59   182.47
2003  11  04  00  25  00   367.73  -188.14   179.59
2003  11  04  00  26  00   359.56  -178.15   181.41
2003  11  04  00  27  00   367.58  -180.31   187.28
2003  11  04  00  28  00   361.83  -168.64   193.19
2003  11  04  00  29  00   355.16  -165.23   189.93
2003  11  04  00  30  00   350.27  -158.88   191.40
2003  11  04  00  31  00   339.84  -153.41   186.43
2003  11  04  00  32  00   336.30  -156.95   179.35
2003  11  04  00  33  00   309.27  -152.92   156.34
2003  11  04  00  34  00   299.75  -150.44   149.31
2003  11  04  00  35  00   309.63  -165.18   144.45
2003  11  04  00  36  00   325.40  -172.17   153.23
2003  11  04  00  37  00   351.34  -185.33   166.01
2003  11  04  00  38  00   364.27  -189.41   174.86
2003  11  04  00  39  00   346.76  -173.99   172.77
2003  11  04  00  40  00   319.62  -157.74   161.88
2003  11  04  00  41  00   306.72  -153.99   152.73
2003  11  04  00  42  00   306.55  -161.62   144.92
2003  11  04  00  43  00   293.98  -143.09   150.89
2003  11  04  00  44  00   301.64  -153.99   147.65
2003  11  04  00  45  00   285.84  -154.13   131.71
2003  11  04  00  46  00   240.52  -119.66   120.86
2003  11  04  00  47  00   268.59  -103.30   165.29
2003  11  04  00  48  00   219.23   -91.80   127.43
2003  11  04  00  49  00   240.34   -89.83   150.51
2003  11  04  00  50  00   262.52  -102.01   160.51
2003  11  04  00  51  00   265.16  -114.39   150.78
2003  11  04  00  52  00   263.22  -120.25   142.97
2003  11  04  00  53  00   245.19  -114.22   130.98
2003  11  04  00  54  00   232.98  -108.19   124.79
2003  11  04  00  55  00   228.30  -110.56   117.75
2003  11  04  00  56  00   221.36  -104.82   116.54
2003  11  04  00  57  00   265.40  -103.59   161.81
2003  11  04  00  58  00   325.08  -100.07   225.00
2003  11  04  00  59  00   319.29   -99.84   219.44
2003  11  04  01  00  00   244.25   -95.91   148.34
2003  11  04  01  01  00   223.54   -90.16   133.38
2003  11  04  01  02  00   228.78   -87.68   141.11
2003  11  04  01  03  00   252.16  -106.40   145.77
2003  11  04  01  04  00   244.11   -93.62   150.49
2003  11  04  01  05  00   221.80   -70.28   151.52
2003  11  04  01  06  00   210.99   -60.35   150.65
2003  11  04  01  07  00   210.71   -59.00   151.71
2003  11  04  01  08  00   211.76   -61.06   150.70
2003  11  04  01  09  00   210.67   -67.22   143.46
2003  11  04  01  10  00   210.71   -79.27   131.44
2003  11  04  01  11  00   215.09   -93.21   121.88
2003  11  04  01  12  00   256.58  -104.24   152.33
2003  11  04  01  13  00   240.05  -101.22   138.83
2003  11  04  01  14  00   206.16   -76.10   130.06
2003  11  04  01  15  00   211.95   -73.33   138.63
2003  11  04  01  16  00   384.03  -216.08   167.95
2003  11  04  01  17  00   299.28  -103.45   195.83
2003  11  04  01  18  00   235.36   -66.74   168.62
2003  11  04  01  19  00   364.39   -87.08   277.31
2003  11  04  01  20  00   286.43   -89.91   196.53
2003  11  04  01  21  00   191.63   -82.28   109.35
2003  11  04  01  22  00   191.91   -69.81   122.11
2003  11  04  01  23  00   186.98   -56.09   130.90
2003  11  04  01  24  00   193.35   -57.63   135.72
2003  11  04  01  25  00   197.36   -64.57   132.79
2003  11  04  01  26  00   190.65   -63.79   126.86
2003  11  04  01  27  00   190.71   -69.77   120.94
2003  11  04  01  28  00   185.67   -73.72   111.95
2003  11  04  01  29  00   184.27   -82.32   101.96
2003  11  04  01  30  00   186.16   -82.19   103.97
2003  11  04  01  31  00   202.56   -88.16   114.41
2003  11  04  01  32  00   182.63   -87.89    94.74
2003  11  04  01  33  00   184.22   -84.23    99.98
2003  11  04  01  34  00   181.82   -84.41    97.40
2003  11  04  01  35  00   174.44   -78.36    96.09
2003  11  04  01  36  00   174.24   -76.09    98.16
2003  11  04  01  37  00   171.71   -77.29    94.42
2003  11  04  01  38  00   178.16   -76.53   101.62
2003  11  04  01  39  00   188.54   -78.79   109.75
2003  11  04  01  40  00   207.22   -79.35   127.87
2003  11  04  01  41  00   203.76   -72.16   131.61
2003  11  04  01  42  00   180.61   -70.64   109.97
2003  11  04  01  43  00   177.97   -79.47    98.50
2003  11  04  01  44  00   182.64   -74.91   107.73
2003  11  04  01  45  00   180.96   -64.34   116.62
2003  11  04  01  46  00   166.99   -53.06   113.93
2003  11  04  01  47  00   163.26   -60.67   102.60
2003  11  04  01  48  00   161.25   -56.51   104.74
2003  11  04  01  49  00   150.48   -49.71   100.77
2003  11  04  01  50  00   144.66   -58.23    86.43
2003  11  04  01  51  00   149.71   -65.93    83.78
2003  11  04  01  52  00   158.54   -73.21    85.33
2003  11  04  01  53  00   157.70   -70.65    87.05
2003  11  04  01  54  00   140.41   -55.43    84.98
2003  11  04  01  55  00   140.07   -56.02    84.04
2003  11  04  01  56  00   154.63   -66.35    88.28
2003  11  04  01  57  00   157.12   -70.26    86.86
2003  11  04  01  58  00   157.12   -71.67    85.45
2003  11  04  01  59  00   155.18   -70.50    84.68
2003  11  04  02  00  00   157.04   -70.24    86.80
2003  11  04  02  01  00   174.03   -74.26    99.77
2003  11  04  02  02  00   177.58   -77.84    99.74
2003  11  04  02  03  00   186.03   -77.66   108.37
2003  11  04  02  04  00   201.64   -75.57   126.06
2003  11  04  02  05  00   207.68   -70.88   136.80
2003  11  04  02  06  00   215.51   -73.10   142.41
2003  11  04  02  07  00   226.80   -83.81   142.99
2003  11  04  02  08  00   232.42   -92.59   139.83
2003  11  04  02  09  00   232.13   -98.20   133.92
2003  11  04  02  10  00   230.05  -103.90   126.15
2003  11  04  02  11  00   227.17  -107.77   119.40
2003  11  04  02  12  00   225.66  -108.13   117.52
2003  11  04  02  13  00   226.19  -108.41   117.78
2003  11  04  02  14  00   232.96  -114.02   118.93
2003  11  04  02  15  00   239.91  -122.05   117.86
2003  11  04  02  16  00   238.65  -121.08   117.58
2003  11  04  02  17  00   233.57  -116.44   117.13
2003  11  04  02  18  00   225.38  -109.80   115.58
2003  11  04  02  19  00   220.17  -109.83   110.34
2003  11  04  02  20  00   221.39  -114.02   107.37
2003  11  04  02  21  00   226.59  -119.13   107.46
2003  11  04  02  22  00   225.80  -122.66   103.14
2003  11  04  02  23  00   221.77  -124.64    97.13
2003  11  04  02  24  00   204.48  -114.44    90.05
2003  11  04  02  25  00   188.67  -100.40    88.27
2003  11  04  02  26  00   189.34   -98.78    90.57
2003  11  04  02  27  00   197.43   -98.66    98.77
2003  11  04  02  28  00   208.47   -92.72   115.76
2003  11  04  02  29  00   224.75   -79.00   145.75
2003  11  04  02  30  00   256.92   -73.22   183.71
2003  11  04  02  31  00   316.87   -99.16   217.71
2003  11  04  02  32  00   348.99  -113.21   235.78
2003  11  04  02  33  00   360.98  -126.27   234.70
2003  11  04  02  34  00   366.72  -135.41   231.31
2003  11  04  02  35  00   355.59  -135.74   219.85
2003  11  04  02  36  00   368.31  -140.96   227.34
2003  11  04  02  37  00   376.51  -155.78   220.73
2003  11  04  02  38  00   332.63  -152.12   180.51
2003  11  04  02  39  00   301.12  -153.02   148.09
2003  11  04  02  40  00   274.32  -134.51   139.81
2003  11  04  02  41  00   261.08  -127.18   133.90
2003  11  04  02  42  00   262.10  -130.28   131.83
2003  11  04  02  43  00   277.11  -147.63   129.48
2003  11  04  02  44  00   283.37  -157.94   125.43
2003  11  04  02  45  00   266.16  -143.86   122.30
2003  11  04  02  46  00   241.30  -122.21   119.09
2003  11  04  02  47  00   233.08  -116.21   116.87
2003  11  04  02  48  00   229.94  -113.81   116.13
2003  11  04  02  49  00   224.77  -108.60   116.17
2003  11  04  02  50  00   225.59  -108.02   117.57
2003  11  04  02  51  00   232.03  -114.40   117.62
2003  11  04  02  52  00   232.64  -114.50   118.15
2003  11  04  02  53  00   236.25  -104.59   131.66
2003  11  04  02  54  00   212.13  -100.56   111.58
2003  11  04  02  55  00   219.51  -108.31   111.20
2003  11  04  02  56  00   230.16  -118.32   111.85
2003  11  04  02  57  00   236.65  -122.30   114.35
2003  11  04  02  58  00   250.03  -124.96   125.07
2003  11  04  02  59  00   244.84  -120.04   124.80
2003  11  04  03  00  00   243.95  -114.37   129.58
2003  11  04  03  01  00   248.81  -122.43   126.38
2003  11  04  03  02  00   255.45  -136.05   119.40
2003  11  04  03  03  00   260.20  -144.04   116.16
2003  11  04  03  04  00   249.94  -135.86   114.07
2003  11  04  03  05  00   246.82  -124.44   122.39
2003  11  04  03  06  00   254.64  -121.40   133.24
2003  11  04  03  07  00   263.43  -129.35   134.08
2003  11  04  03  08  00   246.00  -123.96   122.05
2003  11  04  03  09  00   221.07  -128.34    92.73
2003  11  04  03  10  00   241.57  -171.70    69.86
2003  11  04  03  11  00   232.86  -173.79    59.07
2003  11  04  03  12  00   187.50  -139.11    48.39
2003  11  04  03  13  00   191.40  -130.26    61.15
2003  11  04  03  14  00   198.47  -118.34    80.13
2003  11  04  03  15  00   197.34  -107.08    90.26
2003  11  04  03  16  00   194.34   -97.65    96.69
2003  11  04  03  17  00   182.08   -90.81    91.27
2003  11  04  03  18  00   196.30   -86.37   109.94
2003  11  04  03  19  00   215.74   -88.45   127.29
2003  11  04  03  20  00   234.04   -97.37   136.67
2003  11  04  03  21  00   296.46  -109.62   186.83
2003  11  04  03  22  00   263.23  -105.55   157.69
2003  11  04  03  23  00   238.77   -96.97   141.80
2003  11  04  03  24  00   211.79  -101.71   110.08
2003  11  04  03  25  00   186.99   -87.88    99.11
2003  11  04  03  26  00   192.35   -80.35   112.01
2003  11  04  03  27  00   216.68   -69.56   147.12
2003  11  04  03  28  00   253.21   -60.35   192.86
2003  11  04  03  29  00   249.20   -54.31   194.89
2003  11  04  03  30  00   254.75   -77.79   176.96
2003  11  04  03  31  00   195.28   -74.63   120.65
2003  11  04  03  32  00   188.45   -76.16   112.29
2003  11  04  03  33  00   182.50   -68.35   114.14
2003  11  04  03  34  00   171.89   -54.29   117.60
2003  11  04  03  35  00   163.32   -48.97   114.35
2003  11  04  03  36  00   157.01   -51.73   105.28
2003  11  04  03  37  00   163.56   -61.90   101.66
2003  11  04  03  38  00   173.76   -78.24    95.52
2003  11  04  03  39  00   193.93   -82.07   111.85
2003  11  04  03  40  00   171.86   -78.82    93.05
2003  11  04  03  41  00   166.67   -75.47    91.20
2003  11  04  03  42  00   139.89   -66.55    73.34
2003  11  04  03  43  00   135.06   -61.36    73.70
2003  11  04  03  44  00   144.60   -75.85    68.75
2003  11  04  03  45  00   160.19   -96.16    64.02
2003  11  04  03  46  00   162.72  -102.14    60.58
2003  11  04  03  47  00   166.10  -101.70    64.40
2003  11  04  03  48  00   178.63  -100.84    77.80
2003  11  04  03  49  00   195.26  -104.23    91.04
2003  11  04  03  50  00   166.87  -103.78    63.09
2003  11  04  03  51  00   175.74  -112.41    63.32
2003  11  04  03  52  00   201.69  -118.21    83.48
2003  11  04  03  53  00   223.34  -118.76   104.58
2003  11  04  03  54  00   212.98   -98.30   114.68
2003  11  04  03  55  00   198.47   -81.18   117.28
2003  11  04  03  56  00   180.78   -83.06    97.72
2003  11  04  03  57  00   182.70   -95.52    87.18
2003  11  04  03  58  00   193.67  -108.64    85.04
2003  11  04  03  59  00   229.46  -118.34   111.12
2003  11  04  04  00  00   251.24  -122.05   129.19
2003  11  04  04  01  00   275.36  -119.09   156.27
2003  11  04  04  02  00   308.64  -115.29   193.35
2003  11  04  04  03  00   307.65  -108.24   199.41
2003  11  04  04  04  00   278.95   -96.52   182.43
2003  11  04  04  05  00   265.79   -98.04   167.75
2003  11  04  04  06  00   266.20  -100.64   165.55
2003  11  04  04  07  00   263.40   -98.75   164.65
2003  11  04  04  08  00   241.31   -88.60   152.71
2003  11  04  04  09  00   221.67   -82.91   138.77
2003  11  04  04  10  00   240.31  -101.48   138.83
2003  11  04  04  11  00   220.57   -98.64   121.93
2003  11  04  04  12  00   208.43  -112.78    95.64
2003  11  04  04  13  00   216.79  -122.23    94.56
2003  11  04  04  14  00   221.99  -123.10    98.89
2003  11  04  04  15  00   231.48  -135.68    95.80
2003  11  04  04  16  00   241.31  -153.98    87.33
2003  11  04  04  17  00   238.75  -152.69    86.06
2003  11  04  04  18  00   232.25  -142.61    89.64
2003  11  04  04  19  00   226.32  -132.55    93.77
2003  11  04  04  20  00   222.67  -121.39   101.29
2003  11  04  04  21  00   222.62  -113.13   109.49
2003  11  04  04  22  00   264.04  -113.62   150.42
2003  11  04  04  23  00   297.80  -104.36   193.44
2003  11  04  04  24  00   285.81   -83.35   202.45
2003  11  04  04  25  00   285.65   -83.20   202.45
2003  11  04  04  26  00   276.27   -66.80   209.47
2003  11  04  04  27  00   299.40   -82.95   216.45
2003  11  04  04  28  00   326.24   -85.80   240.45
2003  11  04  04  29  00   333.15   -92.70   240.45
2003  11  04  04  30  00   325.81   -92.43   233.38
2003  11  04  04  31  00   412.94  -123.64   289.30
2003  11  04  04  32  00   437.04  -123.72   313.32
2003  11  04  04  33  00   463.63  -153.23   310.40
2003  11  04  04  34  00   488.23  -152.85   335.38
2003  11  04  04  35  00   463.94  -133.73   330.21
2003  11  04  04  36  00   484.35  -134.13   350.22
2003  11  04  04  37  00   538.39  -164.14   374.25
2003  11  04  04  38  00   594.07  -194.86   399.20
2003  11  04  04  39  00   624.90  -202.73   422.18
2003  11  04  04  40  00   620.63  -201.38   419.24
2003  11  04  04  41  00   604.44  -201.27   403.17
2003  11  04  04  42  00   632.53  -198.44   434.09
2003  11  04  04  43  00   651.47  -215.34   436.12
2003  11  04  04  44  00   633.56  -225.38   408.18
2003  11  04  04  45  00   610.21  -221.11   389.10
2003  11  04  04  46  00   585.31  -220.29   365.03
2003  11  04  04  47  00   568.18  -243.21   324.98
2003  11  04  04  48  00   580.86  -246.01   334.85
2003  11  04  04  49  00   564.77  -243.02   321.75
2003  11  04  04  50  00   558.67  -242.86   315.80
2003  11  04  04  51  00   558.81  -236.10   322.71
2003  11  04  04  52  00   526.78  -243.20   283.58
2003  11  04  04  53  00   494.76  -252.22   242.54
2003  11  04  04  54  00   495.35  -264.81   230.54
2003  11  04  04  55  00   506.41  -281.95   224.46
2003  11  04  04  56  00   513.13  -276.77   236.36
2003  11  04  04  57  00   511.81  -258.17   253.65
2003  11  04  04  58  00   522.18  -272.92   249.26
2003  11  04  04  59  00   502.38  -280.23   222.15
2003  11  04  05  00  00   484.89  -260.82   224.07
2003  11  04  05  01  00   441.34  -222.34   219.00
2003  11  04  05  02  00   386.89  -172.43   214.46
2003  11  04  05  03  00   367.64  -156.91   210.73
2003  11  04  05  04  00   335.32  -141.34   193.99
2003  11  04  05  05  00   304.84  -133.34   171.50
2003  11  04  05  06  00   308.92  -149.05   159.87
2003  11  04  05  07  00   304.97  -134.66   170.31
2003  11  04  05  08  00   352.29  -168.42   183.87
2003  11  04  05  09  00   392.15  -210.50   181.65
2003  11  04  05  10  00   414.94  -244.74   170.20
2003  11  04  05  11  00   388.83  -232.80   156.03
2003  11  04  05  12  00   342.78  -192.14   150.64
2003  11  04  05  13  00   295.49  -147.90   147.59
2003  11  04  05  14  00   287.76  -135.79   151.97
2003  11  04  05  15  00   279.92  -118.66   161.27
2003  11  04  05  16  00   277.78  -124.77   153.01
2003  11  04  05  17  00   315.15  -176.14   139.02
2003  11  04  05  18  00   323.17  -196.11   127.06
2003  11  04  05  19  00   305.76  -186.36   119.40
2003  11  04  05  20  00   286.18  -172.06   114.11
2003  11  04  05  21  00   279.32  -163.04   116.28
2003  11  04  05  22  00   272.26  -165.61   106.65
2003  11  04  05  23  00   272.33  -180.19    92.14
2003  11  04  05  24  00   267.27  -170.19    97.08
2003  11  04  05  25  00   255.51  -161.44    94.07
2003  11  04  05  26  00   249.93  -153.24    96.70
2003  11  04  05  27  00   220.82  -152.29    68.53
2003  11  04  05  28  00   244.36  -166.75    77.61
2003  11  04  05  29  00   244.38  -168.46    75.92
2003  11  04  05  30  00   260.33  -161.26    99.07
2003  11  04  05  31  00   277.66  -131.54   146.12
2003  11  04  05  32  00   284.43  -104.96   179.47
2003  11  04  05  33  00   279.82  -114.32   165.50
2003  11  04  05  34  00   231.44  -123.08   108.36
2003  11  04  05  35  00   258.07  -166.83    91.23
2003  11  04  05  36  00   243.18  -132.90   110.28
2003  11  04  05  37  00   241.71   -93.96   147.75
2003  11  04  05  38  00   242.00   -71.68   170.32
2003  11  04  05  39  00   271.22  -103.03   168.19
2003  11  04  05  40  00   272.81  -141.39   131.42
2003  11  04  05  41  00   258.57  -149.92   108.65
2003  11  04  05  42  00   300.13  -177.23   122.90
2003  11  04  05  43  00   339.83  -206.75   133.08
2003  11  04  05  44  00   354.85  -211.24   143.61
2003  11  04  05  45  00   333.98  -202.28   131.71
2003  11  04  05  46  00   340.47  -203.78   136.69
2003  11  04  05  47  00   355.27  -218.80   136.47
2003  11  04  05  48  00   345.27  -220.31   124.96
2003  11  04  05  49  00   369.55  -240.65   128.90
2003  11  04  05  50  00   372.35  -228.15   144.20
2003  11  04  05  51  00   375.58  -213.75   161.84
2003  11  04  05  52  00   385.60  -224.93   160.67
2003  11  04  05  53  00   388.00  -238.77   149.24
2003  11  04  05  54  00   374.36  -240.28   134.08
2003  11  04  05  55  00   372.36  -237.48   134.88
2003  11  04  05  56  00   384.06  -242.33   141.74
2003  11  04  05  57  00   393.14  -232.96   160.18
2003  11  04  05  58  00   382.54  -192.61   189.93
2003  11  04  05  59  00   365.24  -161.62   203.62
2003  11  04  06  00  00   374.94  -147.30   227.64
2003  11  04  06  01  00   375.30  -136.13   239.17
2003  11  04  06  02  00   388.20  -143.70   244.50
2003  11  04  06  03  00   415.75  -150.23   265.52
2003  11  04  06  04  00   376.87  -118.61   258.25
2003  11  04  06  05  00   355.66  -114.36   241.31
2003  11  04  06  06  00   331.68   -99.24   232.44
2003  11  04  06  07  00   326.95  -100.32   226.63
2003  11  04  06  08  00   300.79   -98.09   202.70
2003  11  04  06  09  00   284.69   -92.27   192.42
2003  11  04  06  10  00   291.50  -116.02   175.48
2003  11  04  06  11  00   310.62  -129.18   181.44
2003  11  04  06  12  00   322.57  -123.28   199.29
2003  11  04  06  13  00   331.37  -127.25   204.13
2003  11  04  06  14  00   333.25  -133.28   199.97
2003  11  04  06  15  00   326.69  -129.88   196.82
2003  11  04  06  16  00   321.42  -132.74   188.68
2003  11  04  06  17  00   312.59  -128.04   184.55
2003  11  04  06  18  00   304.36  -110.95   193.41
2003  11  04  06  19  00   304.52  -109.25   195.27
2003  11  04  06  20  00   298.62  -104.52   194.11
2003  11  04  06  21  00   310.06  -105.08   204.98
2003  11  04  06  22  00   334.06  -115.18   218.88
2003  11  04  06  23  00   390.57  -127.80   262.77
2003  11  04  06  24  00   391.40  -114.75   276.65
2003  11  04  06  25  00   367.16   -84.63   282.53
2003  11  04  06  26  00   500.46  -227.05   273.41
2003  11  04  06  27  00   562.55  -187.54   375.02
2003  11  04  06  28  00   733.99  -236.53   497.47
2003  11  04  06  29  00   876.05  -335.05   541.00
2003  11  04  06  30  00   766.01  -239.37   526.65
2003  11  04  06  31  00   654.79  -219.41   435.39
2003  11  04  06  32  00   995.53  -261.82   733.71
2003  11  04  06  33  00   891.19  -300.79   590.39
2003  11  04  06  34  00   585.63  -259.29   326.34
2003  11  04  06  35  00   467.38  -217.05   250.33
2003  11  04  06  36  00   498.81  -257.66   241.16
2003  11  04  06  37  00   493.03  -218.80   274.23
2003  11  04  06  38  00   581.73  -238.45   343.28
2003  11  04  06  39  00   508.65  -206.22   302.43
2003  11  04  06  40  00   474.87  -239.17   235.70
2003  11  04  06  41  00   449.39  -243.53   205.87
2003  11  04  06  42  00   378.02  -179.78   198.25
2003  11  04  06  43  00   552.00  -227.03   324.97
2003  11  04  06  44  00   574.32  -247.36   326.96
2003  11  04  06  45  00   565.97  -268.70   297.27
2003  11  04  06  46  00   500.64  -284.60   216.04
2003  11  04  06  47  00   601.03  -315.18   285.85
2003  11  04  06  48  00   839.21  -426.27   412.93
2003  11  04  06  49  00   871.07  -370.16   500.91
2003  11  04  06  50  00  1083.53  -616.83   466.70
2003  11  04  06  51  00  1175.32  -751.90   423.42
2003  11  04  06  52  00  1061.79  -746.38   315.41
2003  11  04  06  53  00  1138.34  -823.37   314.97
2003  11  04  06  54  00  1108.50  -799.09   309.41
2003  11  04  06  55  00  1102.12  -820.87   281.25
2003  11  04  06  56  00  1203.36  -932.60   270.75
2003  11  04  06  57  00  1194.37  -927.89   266.48
2003  11  04  06  58  00  1211.88  -930.25   281.62
2003  11  04  06  59  00  1236.33  -961.76   274.57
2003  11  04  07  00  00  1273.31  -984.89   288.42
2003  11  04  07  01  00  1284.94  -989.66   295.29
2003  11  04  07  02  00  1310.85 -1015.13   295.72
2003  11  04  07  03  00  1314.00 -1018.68   295.31
2003  11  04  07  04  00  1246.63  -976.15   270.48
2003  11  04  07  05  00  1148.17  -895.11   253.06
2003  11  04  07  06  00  1313.88 -1017.60   296.28
2003  11  04  07  07  00  1253.40  -974.89   278.51
2003  11  04  07  08  00  1213.23  -938.70   274.52
2003  11  04  07  09  00  1220.03  -952.88   267.15
2003  11  04  07  10  00  1206.59  -946.27   260.32
2003  11  04  07  11  00  1243.49  -974.13   269.36
2003  11  04  07  12  00  1184.93  -933.42   251.51
2003  11  04  07  13  00  1184.37  -907.26   277.11
2003  11  04  07  14  00  1107.04  -840.88   266.16
2003  11  04  07  15  00  1038.58  -795.26   243.32
2003  11  04  07  16  00  1014.63  -777.21   237.42
2003  11  04  07  17  00  1112.51  -847.69   264.82
2003  11  04  07  18  00  1076.21  -788.18   288.02
2003  11  04  07  19  00  1027.66  -780.57   247.09
2003  11  04  07  20  00   992.98  -751.19   241.79
2003  11  04  07  21  00  1053.69  -792.44   261.25
2003  11  04  07  22  00  1072.05  -805.55   266.50
2003  11  04  07  23  00  1043.94  -783.43   260.51
2003  11  04  07  24  00  1072.81  -775.63   297.18
2003  11  04  07  25  00  1123.96  -802.56   321.40
2003  11  04  07  26  00  1147.98  -831.32   316.66
2003  11  04  07  27  00  1179.31  -877.84   301.47
2003  11  04  07  28  00  1234.25  -935.14   299.11
2003  11  04  07  29  00  1229.91  -912.34   317.57
2003  11  04  07  30  00  1153.41  -831.23   322.18
2003  11  04  07  31  00  1080.79  -782.53   298.25
2003  11  04  07  32  00  1062.36  -755.48   306.89
2003  11  04  07  33  00   947.29  -623.78   323.51
2003  11  04  07  34  00   964.33  -643.36   320.97
2003  11  04  07  35  00   989.81  -658.55   331.26
2003  11  04  07  36  00   980.75  -657.37   323.39
2003  11  04  07  37  00   955.00  -651.59   303.40
2003  11  04  07  38  00  1035.08  -695.96   339.12
2003  11  04  07  39  00  1077.18  -706.75   370.43
2003  11  04  07  40  00  1036.68  -693.81   342.87
2003  11  04  07  41  00  1048.73  -706.10   342.63
2003  11  04  07  42  00  1050.45  -721.03   329.42
2003  11  04  07  43  00  1035.49  -697.30   338.19
2003  11  04  07  44  00  1031.71  -689.01   342.70
2003  11  04  07  45  00  1046.68  -731.20   315.48
2003  11  04  07  46  00  1189.98  -857.41   332.57
2003  11  04  07  47  00  1249.28  -900.66   348.62
2003  11  04  07  48  00  1279.66  -936.41   343.25
2003  11  04  07  49  00  1277.75  -978.83   298.93
2003  11  04  07  50  00  1200.87  -913.00   287.87
2003  11  04  07  51  00  1084.29  -805.43   278.86
2003  11  04  07  52  00   914.00  -619.54   294.47
2003  11  04  07  53  00   828.10  -498.66   329.44
2003  11  04  07  54  00   801.44  -465.44   336.00
2003  11  04  07  55  00   749.71  -436.21   313.50
2003  11  04  07  56  00   745.02  -414.62   330.40
2003  11  04  07  57  00   794.46  -434.24   360.22
2003  11  04  07  58  00   803.23  -412.13   391.10
2003  11  04  07  59  00   792.48  -422.90   369.58
2003  11  04  08  00  00   760.76  -430.51   330.25
2003  11  04  08  01  00   777.12  -465.64   311.49
2003  11  04  08  02  00   854.52  -482.10   372.42
2003  11  04  08  03  00   949.03  -536.52   412.52
2003  11  04  08  04  00   827.41  -451.78   375.63
2003  11  04  08  05  00   805.39  -454.33   351.06
2003  11  04  08  06  00   850.86  -499.91   350.96
2003  11  04  08  07  00   863.15  -504.99   358.16
2003  11  04  08  08  00   935.62  -452.81   482.81
2003  11  04  08  09  00  1066.97  -482.23   584.75
2003  11  04  08  10  00  1150.49  -551.53   598.96
2003  11  04  08  11  00  1129.38  -542.38   587.00
2003  11  04  08  12  00   974.46  -392.20   582.26
2003  11  04  08  13  00   955.80  -402.06   553.74
2003  11  04  08  14  00   882.62  -366.97   515.66
2003  11  04  08  15  00   874.40  -383.12   491.28
2003  11  04  08  16  00   811.14  -369.23   441.91
2003  11  04  08  17  00   806.58  -364.52   442.06
2003  11  04  08  18  00   712.29  -261.45   450.83
2003  11  04  08  19  00   757.90  -280.79   477.11
2003  11  04  08  20  00   702.88  -237.80   465.08
2003  11  04  08  21  00   549.28  -202.71   346.57
2003  11  04  08  22  00   545.70  -236.93   308.77
2003  11  04  08  23  00   565.29  -193.94   371.35
2003  11  04  08  24  00   645.12  -233.50   411.62
2003  11  04  08  25  00   598.46  -184.15   414.30
2003  11  04  08  26  00   636.68  -232.95   403.73
2003  11  04  08  27  00   636.13  -285.25   350.87
2003  11  04  08  28  00   612.10  -300.86   311.24
2003  11  04  08  29  00   628.18  -299.14   329.05
2003  11  04  08  30  00   651.41  -347.39   304.01
2003  11  04  08  31  00   590.43  -311.57   278.86
2003  11  04  08  32  00   577.89  -297.91   279.97
2003  11  04  08  33  00   559.23  -252.17   307.06
2003  11  04  08  34  00   518.08  -241.00   277.08
2003  11  04  08  35  00   579.67  -301.45   278.22
2003  11  04  08  36  00   644.99  -334.93   310.06
2003  11  04  08  37  00   635.51  -336.45   299.06
2003  11  04  08  38  00   708.10  -340.31   367.78
2003  11  04  08  39  00   743.06  -341.41   401.65
2003  11  04  08  40  00   744.53  -334.11   410.42
2003  11  04  08  41  00   721.90  -301.10   420.80
2003  11  04  08  42  00   708.36  -286.88   421.48
2003  11  04  08  43  00   640.80  -229.97   410.83
2003  11  04  08  44  00   550.85  -155.76   395.09
2003  11  04  08  45  00   540.78  -155.53   385.25
2003  11  04  08  46  00   544.43  -153.32   391.11
2003  11  04  08  47  00   535.32  -164.07   371.24
2003  11  04  08  48  00   575.62  -231.78   343.83
2003  11  04  08  49  00   510.29  -161.65   348.63
2003  11  04  08  50  00   538.56  -160.45   378.11
2003  11  04  08  51  00   565.81  -168.20   397.61
2003  11  04  08  52  00   558.44  -200.51   357.93
2003  11  04  08  53  00   572.32  -215.73   356.59
2003  11  04  08  54  00   664.77  -237.56   427.21
2003  11  04  08  55  00   734.28  -236.21   498.07
2003  11  04  08  56  00   839.50  -345.17   494.33
2003  11  04  08  57  00   884.92  -452.98   431.94
2003  11  04  08  58  00   829.45  -473.81   355.64
2003  11  04  08  59  00   744.63  -414.40   330.22
2003  11  04  09  00  00   733.16  -404.52   328.64
2003  11  04  09  01  00   748.91  -395.28   353.63
2003  11  04  09  02  00   755.24  -411.92   343.32
2003  11  04  09  03  00   720.78  -393.60   327.18
2003  11  04  09  04  00   673.68  -353.65   320.03
2003  11  04  09  05  00   674.88  -344.75   330.13
2003  11  04  09  06  00   738.70  -360.34   378.36
2003  11  04  09  07  00   746.30  -344.64   401.66
2003  11  04  09  08  00   787.55  -380.69   406.86
2003  11  04  09  09  00   820.78  -433.20   387.57
2003  11  04  09  10  00   842.75  -441.74   401.02
2003  11  04  09  11  00   916.34  -480.96   435.38
2003  11  04  09  12  00  1038.01  -599.87   438.14
2003  11  04  09  13  00  1071.57  -648.28   423.29
2003  11  04  09  14  00  1029.17  -628.99   400.18
2003  11  04  09  15  00  1148.26  -733.95   414.31
2003  11  04  09  16  00  1211.81  -851.94   359.87
2003  11  04  09  17  00  1253.56  -906.64   346.92
2003  11  04  09  18  00  1265.37  -871.88   393.48
2003  11  04  09  19  00  1248.50  -823.49   425.00
2003  11  04  09  20  00  1265.46  -798.20   467.26
2003  11  04  09  21  00  1227.02  -759.61   467.42
2003  11  04  09  22  00  1202.21  -726.70   475.52
2003  11  04  09  23  00  1178.24  -676.41   501.82
2003  11  04  09  24  00  1161.46  -641.95   519.51
2003  11  04  09  25  00  1109.26  -601.48   507.78
2003  11  04  09  26  00  1112.78  -577.16   535.62
2003  11  04  09  27  00  1094.60  -535.75   558.84
2003  11  04  09  28  00  1083.79  -540.54   543.25
2003  11  04  09  29  00  1083.55  -559.90   523.65
2003  11  04  09  30  00  1002.60  -512.19   490.41
2003  11  04  09  31  00  1005.24  -498.96   506.28
2003  11  04  09  32  00  1023.74  -519.83   503.90
2003  11  04  09  33  00  1048.89  -529.40   519.50
2003  11  04  09  34  00  1045.49  -508.27   537.22
2003  11  04  09  35  00  1069.95  -538.37   531.58
2003  11  04  09  36  00  1056.51  -516.17   540.34
2003  11  04  09  37  00  1205.65  -677.31   528.35
2003  11  04  09  38  00  1308.23  -797.76   510.47
2003  11  04  09  39  00  1377.17  -859.47   517.70
2003  11  04  09  40  00  1449.63  -932.98   516.65
2003  11  04  09  41  00  1510.63 -1028.90   481.73
2003  11  04  09  42  00  1552.32 -1091.47   460.85
2003  11  04  09  43  00  1593.49 -1109.72   483.77
2003  11  04  09  44  00  1619.22 -1100.77   518.45
2003  11  04  09  45  00  1699.07 -1101.78   597.30
2003  11  04  09  46  00  1661.82 -1055.02   606.80
2003  11  04  09  47  00  1774.57 -1059.80   714.76
2003  11  04  09  48  00  1828.79 -1066.93   761.86
2003  11  04  09  49  00  1810.57 -1077.25   733.32
2003  11  04  09  50  00  1717.14  -989.69   727.44
2003  11  04  09  51  00  1672.57  -956.40   716.16
2003  11  04  09  52  00  1693.23 -1023.77   669.46
2003  11  04  09  53  00  1718.68 -1095.30   623.38
2003  11  04  09  54  00  1697.35 -1100.19   597.16
2003  11  04  09  55  00  1777.87 -1177.69   600.18
2003  11  04  09  56  00  1976.72 -1428.36   548.36
2003  11  04  09  57  00  1990.80 -1518.13   472.67
2003  11  04  09  58  00  1863.86 -1423.46   440.39
2003  11  04  09  59  00  1764.35 -1335.77   428.59
2003  11  04  10  00  00  1752.48 -1322.64   429.84
2003  11  04  10  01  00  1743.24 -1293.03   450.21
2003  11  04  10  02  00  1642.66 -1165.62   477.04
2003  11  04  10  03  00  1803.31 -1279.27   524.04
2003  11  04  10  04  00  1777.10 -1240.23   536.87
2003  11  04  10  05  00  1708.84 -1138.14   570.70
2003  11  04  10  06  00  1794.89 -1181.72   613.16
2003  11  04  10  07  00  1885.83 -1231.69   654.13
2003  11  04  10  08  00  1884.54 -1187.15   697.39
2003  11  04  10  09  00  1877.56 -1132.94   744.62
2003  11  04  10  10  00  1899.28 -1161.06   738.23
2003  11  04  10  11  00  2170.54 -1404.63   765.91
2003  11  04  10  12  00  2251.94 -1430.19   821.75
2003  11  04  10  13  00  2267.70 -1437.64   830.06
2003  11  04  10  14  00  2199.12 -1377.89   821.24
2003  11  04  10  15  00  2156.35 -1280.56   875.80
2003  11  04  10  16  00  2127.05 -1258.88   868.17
2003  11  04  10  17  00  2175.79 -1320.26   855.53
2003  11  04  10  18  00  2203.55 -1342.58   860.97
2003  11  04  10  19  00  2139.16 -1271.27   867.90
2003  11  04  10  20  00  2104.72 -1215.10   889.62
2003  11  04  10  21  00  1974.06 -1112.91   861.15
2003  11  04  10  22  00  2018.27 -1152.95   865.32
2003  11  04  10  23  00  1982.40 -1145.34   837.06
2003  11  04  10  24  00  1859.84 -1046.86   812.98
2003  11  04  10  25  00  1813.06 -1007.46   805.60
2003  11  04  10  26  00  1784.85 -1007.48   777.38
2003  11  04  10  27  00  1720.86  -967.85   753.01
2003  11  04  10  28  00  1699.01  -924.20   774.81
2003  11  04  10  29  00  1660.74  -918.48   742.26
2003  11  04  10  30  00  1627.52  -913.23   714.29
2003  11  04  10  31  00  1677.54  -911.20   766.34
2003  11  04  10  32  00  1691.61  -901.89   789.73
2003  11  04  10  33  00  1763.18  -928.12   835.06
2003  11  04  10  34  00  1850.34  -901.34   949.00
2003  11  04  10  35  00  1667.84  -795.50   872.35
2003  11  04  10  36  00  1605.65  -740.45   865.20
2003  11  04  10  37  00  1578.07  -721.64   856.43
2003  11  04  10  38  00  1564.59  -763.52   801.07
2003  11  04  10  39  00  1345.34  -657.44   687.90
2003  11  04  10  40  00  1192.55  -552.31   640.24
2003  11  04  10  41  00  1142.67  -563.51   579.17
2003  11  04  10  42  00  1126.87  -587.02   539.84
2003  11  04  10  43  00  1127.71  -574.29   553.42
2003  11  04  10  44  00  1144.79  -597.82   546.97
2003  11  04  10  45  00  1089.42  -545.25   544.17
2003  11  04  10  46  00  1014.27  -521.20   493.07
2003  11  04  10  47  00   915.49  -489.62   425.86
2003  11  04  10  48  00   872.76  -473.33   399.43
2003  11  04  10  49  00   797.83  -390.70   407.13
2003  11  04  10  50  00   768.07  -358.95   409.12
2003  11  04  10  51  00   691.32  -332.50   358.82
2003  11  04  10  52  00   713.95  -389.04   324.91
2003  11  04  10  53  00   675.81  -361.77   314.04
2003  11  04  10  54  00   648.11  -339.82   308.30
2003  11  04  10  55  00   600.68  -329.66   271.03
2003  11  04  10  56  00   574.38  -303.17   271.21
2003  11  04  10  57  00   567.60  -303.84   263.76
2003  11  04  10  58  00   585.32  -317.91   267.41
2003  11  04  10  59  00   580.05  -322.64   257.41
2003  11  04  11  00  00   549.62  -309.07   240.56
2003  11  04  11  01  00   579.74  -308.01   271.73
2003  11  04  11  02  00   602.25  -326.74   275.51
2003  11  04  11  03  00   558.00  -320.21   237.79
2003  11  04  11  04  00   597.05  -362.06   234.99
2003  11  04  11  05  00   567.89  -334.83   233.06
2003  11  04  11  06  00   523.22  -314.58   208.64
2003  11  04  11  07  00   503.72  -321.02   182.70
2003  11  04  11  08  00   497.30  -318.23   179.08
2003  11  04  11  09  00   489.70  -315.89   173.82
2003  11  04  11  10  00   502.48  -331.96   170.52
2003  11  04  11  11  00   515.14  -329.30   185.85
2003  11  04  11  12  00   511.88  -312.91   198.96
2003  11  04  11  13  00   531.12  -319.36   211.76
2003  11  04  11  14  00   521.35  -304.06   217.28
2003  11  04  11  15  00   464.13  -282.37   181.76
2003  11  04  11  16  00   452.12  -278.73   173.38
2003  11  04  11  17  00   446.07  -273.53   172.53
2003  11  04  11  18  00   445.64  -275.63   170.01
2003  11  04  11  19  00   442.22  -277.06   165.16
2003  11  04  11  20  00   421.56  -261.97   159.59
2003  11  04  11  21  00   433.73  -270.17   163.56
2003  11  04  11  22  00   439.83  -242.21   197.62
2003  11  04  11  23  00   454.82  -224.24   230.59
2003  11  04  11  24  00   456.70  -224.09   232.61
2003  11  04  11  25  00   462.29  -241.57   220.72
2003  11  04  11  26  00   489.57  -237.82   251.75
2003  11  04  11  27  00   506.17  -238.09   268.07
2003  11  04  11  28  00   458.17  -229.26   228.91
2003  11  04  11  29  00   424.90  -211.58   213.32
2003  11  04  11  30  00   479.24  -267.89   211.35
2003  11  04  11  31  00   447.70  -227.36   220.34
2003  11  04  11  32  00   454.93  -216.97   237.95
2003  11  04  11  33  00   454.13  -207.04   247.08
2003  11  04  11  34  00   542.18  -266.08   276.10
2003  11  04  11  35  00   516.58  -202.65   313.93
2003  11  04  11  36  00   474.28  -180.38   293.90
2003  11  04  11  37  00   442.27  -174.66   267.62
2003  11  04  11  38  00   393.26  -181.12   212.14
2003  11  04  11  39  00   408.29  -207.16   201.12
2003  11  04  11  40  00   523.34  -272.85   250.49
2003  11  04  11  41  00   474.58  -213.86   260.72
2003  11  04  11  42  00   459.94  -195.01   264.94
2003  11  04  11  43  00   484.01  -200.65   283.35
2003  11  04  11  44  00   474.00  -208.22   265.78
2003  11  04  11  45  00   459.84  -213.96   245.88
2003  11  04  11  46  00   488.77  -239.08   249.69
2003  11  04  11  47  00   495.27  -233.24   262.04
2003  11  04  11  48  00   492.45  -226.36   266.09
2003  11  04  11  49  00   531.68  -249.13   282.56
2003  11  04  11  50  00   525.72  -260.35   265.37
2003  11  04  11  51  00   493.77  -240.42   253.35
2003  11  04  11  52  00   509.29  -244.10   265.19
2003  11  04  11  53  00   526.31  -263.09   263.22
2003  11  04  11  54  00   529.97  -248.34   281.62
2003  11  04  11  55  00   540.39  -253.61   286.78
2003  11  04  11  56  00   540.97  -264.27   276.70
2003  11  04  11  57  00   522.71  -268.11   254.60
2003  11  04  11  58  00   528.20  -272.87   255.33
2003  11  04  11  59  00   534.84  -295.03   239.81
2003  11  04  12  00  00   536.01  -302.55   233.46
2003  11  04  12  01  00   544.14  -300.21   243.94
2003  11  04  12  02  00   537.69  -300.88   236.81
2003  11  04  12  03  00   503.37  -292.82   210.55
2003  11  04  12  04  00   471.97  -294.16   177.80
2003  11  04  12  05  00   451.16  -304.15   147.01
2003  11  04  12  06  00   484.02  -306.66   177.36
2003  11  04  12  07  00   513.36  -310.99   202.37
2003  11  04  12  08  00   506.62  -296.50   210.12
2003  11  04  12  09  00   509.44  -293.51   215.93
2003  11  04  12  10  00   519.14  -296.43   222.70
2003  11  04  12  11  00   511.62  -287.10   224.52
2003  11  04  12  12  00   500.43  -270.20   230.23
2003  11  04  12  13  00   504.72  -258.56   246.16
2003  11  04  12  14  00   496.55  -255.46   241.09
2003  11  04  12  15  00   469.93  -244.63   225.30
2003  11  04  12  16  00   451.75  -250.81   200.93
2003  11  04  12  17  00   441.00  -247.33   193.67
2003  11  04  12  18  00   474.16  -249.93   224.24
2003  11  04  12  19  00   488.53  -251.05   237.49
2003  11  04  12  20  00   513.81  -273.84   239.98
2003  11  04  12  21  00   536.51  -279.51   257.01
2003  11  04  12  22  00   529.70  -270.26   259.45
2003  11  04  12  23  00   530.56  -285.95   244.61
2003  11  04  12  24  00   509.05  -264.72   244.33
2003  11  04  12  25  00   546.62  -283.04   263.58
2003  11  04  12  26  00   551.88  -286.46   265.42
2003  11  04  12  27  00   523.71  -273.80   249.91
2003  11  04  12  28  00   522.10  -265.64   256.45
2003  11  04  12  29  00   523.12  -258.48   264.65
2003  11  04  12  30  00   533.33  -270.05   263.27
2003  11  04  12  31  00   534.22  -275.38   258.85
2003  11  04  12  32  00   511.97  -265.88   246.08
2003  11  04  12  33  00   517.92  -263.79   254.13
2003  11  04  12  34  00   491.97  -249.30   242.66
2003  11  04  12  35  00   478.95  -255.12   223.83
2003  11  04  12  36  00   486.35  -269.04   217.31
2003  11  04  12  37  00   482.09  -269.56   212.53
2003  11  04  12  38  00   478.58  -277.22   201.36
2003  11  04  12  39  00   477.16  -275.73   201.44
2003  11  04  12  40  00   478.85  -263.57   215.28
2003  11  04  12  41  00   482.05  -268.49   213.55
2003  11  04  12  42  00   478.99  -284.24   194.76
2003  11  04  12  43  00   477.76  -288.47   189.29
2003  11  04  12  44  00   473.89  -292.98   180.91
2003  11  04  12  45  00   456.82  -284.48   172.33
2003  11  04  12  46  00   441.92  -276.17   165.75
2003  11  04  12  47  00   414.78  -257.40   157.37
2003  11  04  12  48  00   393.67  -247.97   145.70
2003  11  04  12  49  00   397.13  -244.64   152.49
2003  11  04  12  50  00   385.20  -226.74   158.46
2003  11  04  12  51  00   411.66  -238.07   173.59
2003  11  04  12  52  00   445.49  -261.96   183.53
2003  11  04  12  53  00   469.86  -279.74   190.12
2003  11  04  12  54  00   462.48  -273.28   189.20
2003  11  04  12  55  00   460.29  -274.06   186.23
2003  11  04  12  56  00   427.51  -257.44   170.08
2003  11  04  12  57  00   438.28  -278.93   159.35
2003  11  04  12  58  00   440.75  -292.92   147.84
2003  11  04  12  59  00   424.74  -299.91   124.83
2003  11  04  13  00  00   409.94  -310.83    99.11
2003  11  04  13  01  00   402.62  -308.47    94.15
2003  11  04  13  02  00   409.05  -299.21   109.84
2003  11  04  13  03  00   426.12  -317.46   108.66
2003  11  04  13  04  00   421.65  -322.57    99.07
2003  11  04  13  05  00   387.29  -304.06    83.24
2003  11  04  13  06  00   367.93  -290.55    77.38
2003  11  04  13  07  00   353.38  -276.36    77.01
2003  11  04  13  08  00   348.27  -272.36    75.91
2003  11  04  13  09  00   347.03  -263.35    83.68
2003  11  04  13  10  00   358.90  -261.99    96.91
2003  11  04  13  11  00   363.32  -265.29    98.04
2003  11  04  13  12  00   343.04  -240.59   102.45
2003  11  04  13  13  00   332.76  -232.07   100.69
2003  11  04  13  14  00   316.56  -233.06    83.50
2003  11  04  13  15  00   298.25  -226.81    71.44
2003  11  04  13  16  00   308.49  -240.68    67.81
2003  11  04  13  17  00   339.17  -269.01    70.16
2003  11  04  13  18  00   342.88  -289.97    52.91
2003  11  04  13  19  00   327.36  -281.02    46.34
2003  11  04  13  20  00   304.22  -263.00    41.22
2003  11  04  13  21  00   293.59  -250.47    43.12
2003  11  04  13  22  00   302.33  -247.77    54.57
2003  11  04  13  23  00   308.99  -263.47    45.52
2003  11  04  13  24  00   328.57  -269.35    59.22
2003  11  04  13  25  00   354.10  -276.65    77.46
2003  11  04  13  26  00   336.70  -289.94    46.76
2003  11  04  13  27  00   372.45  -296.83    75.62
2003  11  04  13  28  00   346.93  -278.12    68.81
2003  11  04  13  29  00   304.73  -265.98    38.75
2003  11  04  13  30  00   324.03  -270.11    53.93
2003  11  04  13  31  00   298.29  -264.23    34.06
2003  11  04  13  32  00   275.12  -241.09    34.02
2003  11  04  13  33  00   287.01  -245.54    41.47
2003  11  04  13  34  00   291.58  -244.66    46.91
2003  11  04  13  35  00   296.69  -235.77    60.91
2003  11  04  13  36  00   253.42  -198.71    54.70
2003  11  04  13  37  00   235.36  -185.39    49.97
2003  11  04  13  38  00   243.90  -194.12    49.78
2003  11  04  13  39  00   263.10  -208.32    54.78
2003  11  04  13  40  00   309.03  -229.50    79.53
2003  11  04  13  41  00   319.10  -237.34    81.76
2003  11  04  13  42  00   343.89  -234.79   109.09
2003  11  04  13  43  00   359.62  -229.31   130.31
2003  11  04  13  44  00   341.84  -219.58   122.26
2003  11  04  13  45  00   289.16  -201.75    87.41
2003  11  04  13  46  00   285.35  -205.45    79.91
2003  11  04  13  47  00   257.91  -190.65    67.26
2003  11  04  13  48  00   252.96  -195.01    57.95
2003  11  04  13  49  00   287.98  -209.33    78.64
2003  11  04  13  50  00   262.06  -197.99    64.07
2003  11  04  13  51  00   275.17  -196.82    78.35
2003  11  04  13  52  00   287.63  -210.01    77.62
2003  11  04  13  53  00   303.34  -226.60    76.74
2003  11  04  13  54  00   274.24  -221.93    52.31
2003  11  04  13  55  00   297.50  -228.50    68.99
2003  11  04  13  56  00   307.14  -247.01    60.14
2003  11  04  13  57  00   290.67  -221.41    69.26
2003  11  04  13  58  00   243.75  -202.48    41.27
2003  11  04  13  59  00   312.15  -217.80    94.35
2003  11  04  14  00  00   292.16  -225.21    66.94
2003  11  04  14  01  00   255.04  -201.94    53.10
2003  11  04  14  02  00   221.32  -184.49    36.83
2003  11  04  14  03  00   301.20  -200.15   101.05
2003  11  04  14  04  00   318.19  -243.74    74.45
2003  11  04  14  05  00   293.97  -232.43    61.54
2003  11  04  14  06  00   254.20  -203.77    50.43
2003  11  04  14  07  00   252.20  -190.71    61.49
2003  11  04  14  08  00   247.18  -189.16    58.02
2003  11  04  14  09  00   269.04  -206.59    62.46
2003  11  04  14  10  00   281.55  -213.44    68.10
2003  11  04  14  11  00   281.76  -231.69    50.07
2003  11  04  14  12  00   288.96  -236.52    52.43
2003  11  04  14  13  00   313.83  -222.57    91.26
2003  11  04  14  14  00   314.22  -227.54    86.68
2003  11  04  14  15  00   344.02  -265.08    78.94
2003  11  04  14  16  00   376.61  -281.87    94.74
2003  11  04  14  17  00   378.12  -272.05   106.07
2003  11  04  14  18  00   318.62  -241.68    76.94
2003  11  04  14  19  00   253.08  -202.32    50.76
2003  11  04  14  20  00   274.15  -207.90    66.25
2003  11  04  14  21  00   283.52  -204.11    79.41
2003  11  04  14  22  00   256.96  -193.28    63.68
2003  11  04  14  23  00   246.06  -187.88    58.18
2003  11  04  14  24  00   266.74  -202.98    63.76
2003  11  04  14  25  00   292.81  -203.45    89.37
2003  11  04  14  26  00   275.02  -219.33    55.69
2003  11  04  14  27  00   257.66  -215.63    42.03
2003  11  04  14  28  00   253.34  -193.69    59.65
2003  11  04  14  29  00   265.55  -209.95    55.60
2003  11  04  14  30  00   274.19  -211.30    62.89
2003  11  04  14  31  00   312.01  -255.45    56.57
2003  11  04  14  32  00   314.33  -246.12    68.21
2003  11  04  14  33  00   325.43  -242.75    82.68
2003  11  04  14  34  00   302.43  -229.75    72.68
2003  11  04  14  35  00   280.94  -208.25    72.70
2003  11  04  14  36  00   298.68  -220.17    78.52
2003  11  04  14  37  00   313.23  -247.40    65.82
2003  11  04  14  38  00   281.06  -217.23    63.83
2003  11  04  14  39  00   271.34  -211.35    59.99
2003  11  04  14  40  00   280.10  -219.97    60.13
2003  11  04  14  41  00   295.42  -219.90    75.51
2003  11  04  14  42  00   297.78  -219.50    78.28
2003  11  04  14  43  00   259.51  -208.23    51.28
2003  11  04  14  44  00   271.55  -213.44    58.12
2003  11  04  14  45  00   277.81  -205.63    72.17
2003  11  04  14  46  00   274.88  -188.03    86.85
2003  11  04  14  47  00   257.89  -168.49    89.40
2003  11  04  14  48  00   262.94  -165.17    97.77
2003  11  04  14  49  00   266.24  -158.92   107.33
2003  11  04  14  50  00   258.95  -159.99    98.96
2003  11  04  14  51  00   273.82  -171.09   102.74
2003  11  04  14  52  00   292.67  -185.93   106.74
2003  11  04  14  53  00   291.56  -191.95    99.61
2003  11  04  14  54  00   267.54  -177.24    90.30
2003  11  04  14  55  00   284.96  -195.95    89.01
2003  11  04  14  56  00   304.86  -220.31    84.54
2003  11  04  14  57  00   306.09  -219.45    86.64
2003  11  04  14  58  00   296.73  -205.59    91.13
2003  11  04  14  59  00   282.53  -199.99    82.54
2003  11  04  15  00  00   274.08  -204.41    69.67
2003  11  04  15  01  00   270.97  -203.28    67.68
2003  11  04  15  02  00   256.19  -191.26    64.94
2003  11  04  15  03  00   263.99  -176.84    87.15
2003  11  04  15  04  00   264.84  -156.18   108.66
2003  11  04  15  05  00   268.79  -155.11   113.67
2003  11  04  15  06  00   273.24  -152.34   120.89
2003  11  04  15  07  00   288.42  -158.62   129.80
2003  11  04  15  08  00   285.07  -157.78   127.29
2003  11  04  15  09  00   283.89  -153.50   130.39
2003  11  04  15  10  00   271.46  -144.50   126.96
2003  11  04  15  11  00   270.13  -143.22   126.91
2003  11  04  15  12  00   285.08  -160.91   124.17
2003  11  04  15  13  00   290.95  -177.25   113.70
2003  11  04  15  14  00   294.99  -187.91   107.08
2003  11  04  15  15  00   284.44  -195.08    89.37
2003  11  04  15  16  00   299.05  -206.80    92.25
2003  11  04  15  17  00   263.66  -172.62    91.03
2003  11  04  15  18  00   260.51  -170.01    90.49
2003  11  04  15  19  00   247.57  -162.48    85.09
2003  11  04  15  20  00   236.93  -150.17    86.76
2003  11  04  15  21  00   248.22  -158.33    89.90
2003  11  04  15  22  00   244.28  -162.18    82.10
2003  11  04  15  23  00   259.40  -185.58    73.82
2003  11  04  15  24  00   279.47  -199.62    79.86
2003  11  04  15  25  00   277.35  -191.00    86.36
2003  11  04  15  26  00   247.16  -166.42    80.74
2003  11  04  15  27  00   255.26  -172.40    82.87
2003  11  04  15  28  00   251.53  -175.22    76.31
2003  11  04  15  29  00   237.11  -166.39    70.72
2003  11  04  15  30  00   250.99  -176.18    74.81
2003  11  04  15  31  00   258.40  -186.79    71.61
2003  11  04  15  32  00   237.16  -187.67    49.49
2003  11  04  15  33  00   240.92  -193.61    47.31
2003  11  04  15  34  00   267.96  -215.12    52.84
2003  11  04  15  35  00   294.43  -241.88    52.55
2003  11  04  15  36  00   282.52  -240.41    42.11
2003  11  04  15  37  00   276.42  -236.03    40.39
2003  11  04  15  38  00   288.84  -244.11    44.73
2003  11  04  15  39  00   279.87  -241.46    38.41
2003  11  04  15  40  00   267.28  -232.60    34.68
2003  11  04  15  41  00   241.65  -208.79    32.86
2003  11  04  15  42  00   243.56  -208.31    35.24
2003  11  04  15  43  00   261.04  -219.02    42.02
2003  11  04  15  44  00   259.32  -216.91    42.41
2003  11  04  15  45  00   247.30  -208.25    39.05
2003  11  04  15  46  00   257.82  -218.50    39.31
2003  11  04  15  47  00   248.93  -212.63    36.30
2003  11  04  15  48  00   247.90  -214.14    33.76
2003  11  04  15  49  00   231.48  -201.21    30.27
2003  11  04  15  50  00   225.48  -195.56    29.92
2003  11  04  15  51  00   224.81  -192.33    32.48
2003  11  04  15  52  00   228.84  -192.61    36.23
2003  11  04  15  53  00   233.68  -196.19    37.49
2003  11  04  15  54  00   240.41  -199.97    40.45
2003  11  04  15  55  00   257.65  -204.64    53.01
2003  11  04  15  56  00   266.10  -211.12    54.98
2003  11  04  15  57  00   267.03  -216.48    50.55
2003  11  04  15  58  00   263.48  -214.76    48.72
2003  11  04  15  59  00   263.03  -217.92    45.11
2003  11  04  16  00  00   261.37  -219.96    41.41
2003  11  04  16  01  00   262.94  -221.11    41.83
2003  11  04  16  02  00   263.50  -221.68    41.81
2003  11  04  16  03  00   264.78  -223.05    41.73
2003  11  04  16  04  00   270.59  -227.51    43.08
2003  11  04  16  05  00   280.76  -233.66    47.10
2003  11  04  16  06  00   292.55  -239.32    53.23
2003  11  04  16  07  00   300.97  -243.58    57.38
2003  11  04  16  08  00   310.03  -249.21    60.82
2003  11  04  16  09  00   318.16  -255.61    62.55
2003  11  04  16  10  00   339.11  -260.16    78.95
2003  11  04  16  11  00   380.73  -263.80   116.93
2003  11  04  16  12  00   387.66  -262.55   125.11
2003  11  04  16  13  00   415.76  -253.34   162.41
2003  11  04  16  14  00   420.83  -239.34   181.48
2003  11  04  16  15  00   450.92  -234.87   216.05
2003  11  04  16  16  00   449.28  -233.61   215.67
2003  11  04  16  17  00   433.92  -230.99   202.93
2003  11  04  16  18  00   396.23  -225.90   170.34
2003  11  04  16  19  00   370.91  -223.92   146.99
2003  11  04  16  20  00   352.97  -226.95   126.02
2003  11  04  16  21  00   376.16  -230.86   145.30
2003  11  04  16  22  00   396.84  -235.16   161.68
2003  11  04  16  23  00   392.43  -239.04   153.39
2003  11  04  16  24  00   400.25  -235.54   164.71
2003  11  04  16  25  00   390.45  -223.73   166.72
2003  11  04  16  26  00   351.95  -205.99   145.96
2003  11  04  16  27  00   339.24  -191.95   147.29
2003  11  04  16  28  00   342.37  -179.20   163.17
2003  11  04  16  29  00   336.55  -171.57   164.97
2003  11  04  16  30  00   320.31  -166.87   153.44
2003  11  04  16  31  00   307.02  -164.63   142.39
2003  11  04  16  32  00   299.37  -153.70   145.67
2003  11  04  16  33  00   295.74  -141.00   154.74
2003  11  04  16  34  00   284.76  -133.58   151.18
2003  11  04  16  35  00   277.00  -129.85   147.15
2003  11  04  16  36  00   265.81  -127.53   138.28
2003  11  04  16  37  00   253.24  -129.20   124.04
2003  11  04  16  38  00   247.14  -134.17   112.97
2003  11  04  16  39  00   250.00  -139.83   110.17
2003  11  04  16  40  00   270.24  -142.79   127.45
2003  11  04  16  41  00   288.86  -144.86   144.00
2003  11  04  16  42  00   299.03  -149.63   149.39
2003  11  04  16  43  00   299.54  -157.59   141.95
2003  11  04  16  44  00   308.38  -164.16   144.22
2003  11  04  16  45  00   321.19  -169.15   152.04
2003  11  04  16  46  00   327.59  -170.64   156.95
2003  11  04  16  47  00   328.57  -170.60   157.97
2003  11  04  16  48  00   329.05  -172.27   156.78
2003  11  04  16  49  00   331.51  -174.44   157.07
2003  11  04  16  50  00   338.42  -177.91   160.51
2003  11  04  16  51  00   345.45  -180.06   165.39
2003  11  04  16  52  00   329.34  -179.43   149.91
2003  11  04  16  53  00   327.02  -180.21   146.81
2003  11  04  16  54  00   328.81  -177.09   151.72
2003  11  04  16  55  00   349.28  -170.87   178.41
2003  11  04  16  56  00   359.27  -164.63   194.64
2003  11  04  16  57  00   342.38  -156.49   185.89
2003  11  04  16  58  00   315.87  -152.26   163.61
2003  11  04  16  59  00   301.73  -152.42   149.30
2003  11  04  17  00  00   294.68  -152.89   141.79
2003  11  04  17  01  00   281.37  -151.46   129.90
2003  11  04  17  02  00   281.28  -148.74   132.54
2003  11  04  17  03  00   275.61  -148.92   126.69
2003  11  04  17  04  00   273.34  -150.31   123.03
2003  11  04  17  05  00   284.34  -152.60   131.74
2003  11  04  17  06  00   286.93  -151.79   135.15
2003  11  04  17  07  00   275.91  -148.08   127.83
2003  11  04  17  08  00   272.04  -144.74   127.30
2003  11  04  17  09  00   264.23  -144.00   120.23
2003  11  04  17  10  00   264.02  -145.76   118.26
2003  11  04  17  11  00   262.23  -148.13   114.10
2003  11  04  17  12  00   260.10  -153.58   106.52
2003  11  04  17  13  00   262.67  -158.86   103.81
2003  11  04  17  14  00   266.97  -161.76   105.21
2003  11  04  17  15  00   270.48  -162.67   107.81
2003  11  04  17  16  00   269.81  -158.65   111.15
2003  11  04  17  17  00   268.58  -157.73   110.85
2003  11  04  17  18  00   258.25  -154.52   103.73
2003  11  04  17  19  00   257.60  -152.99   104.60
2003  11  04  17  20  00   260.95  -149.16   111.79
2003  11  04  17  21  00   258.05  -146.11   111.94
2003  11  04  17  22  00   256.84  -150.08   106.76
2003  11  04  17  23  00   260.66  -157.65   103.01
2003  11  04  17  24  00   265.66  -163.73   101.93
2003  11  04  17  25  00   266.52  -164.22   102.30
2003  11  04  17  26  00   253.85  -161.60    92.25
2003  11  04  17  27  00   234.37  -156.52    77.85
2003  11  04  17  28  00   225.49  -154.80    70.69
2003  11  04  17  29  00   229.77  -156.27    73.50
2003  11  04  17  30  00   220.22  -160.65    59.57
2003  11  04  17  31  00   205.08  -166.34    38.74
2003  11  04  17  32  00   204.53  -170.05    34.48
2003  11  04  17  33  00   204.88  -169.69    35.19
2003  11  04  17  34  00   200.41  -166.39    34.02
2003  11  04  17  35  00   197.50  -161.37    36.13
2003  11  04  17  36  00   194.09  -156.75    37.35
2003  11  04  17  37  00   193.80  -152.35    41.45
2003  11  04  17  38  00   193.80  -146.66    47.14
2003  11  04  17  39  00   189.91  -140.58    49.34
2003  11  04  17  40  00   186.11  -134.66    51.44
2003  11  04  17  41  00   180.88  -130.66    50.23
2003  11  04  17  42  00   185.86  -132.26    53.60
2003  11  04  17  43  00   190.69  -137.58    53.11
2003  11  04  17  44  00   198.49  -142.09    56.40
2003  11  04  17  45  00   202.65  -142.56    60.09
2003  11  04  17  46  00   197.12  -142.33    54.79
2003  11  04  17  47  00   198.74  -140.15    58.59
2003  11  04  17  48  00   201.79  -138.89    62.89
2003  11  04  17  49  00   191.28  -137.42    53.86
2003  11  04  17  50  00   205.57  -136.85    68.72
2003  11  04  17  51  00   211.65  -141.95    69.70
2003  11  04  17  52  00   217.15  -147.48    69.66
2003  11  04  17  53  00   225.12  -146.49    78.63
2003  11  04  17  54  00   227.77  -145.18    82.59
2003  11  04  17  55  00   224.82  -146.28    78.54
2003  11  04  17  56  00   247.39  -147.13   100.27
2003  11  04  17  57  00   247.16  -149.21    97.95
2003  11  04  17  58  00   260.81  -155.48   105.33
2003  11  04  17  59  00   282.01  -161.59   120.42
2003  11  04  18  00  00   307.03  -159.89   147.13
2003  11  04  18  01  00   288.73  -154.40   134.33
2003  11  04  18  02  00   278.13  -158.32   119.80
2003  11  04  18  03  00   261.13  -165.79    95.34
2003  11  04  18  04  00   244.42  -175.54    68.88
2003  11  04  18  05  00   228.14  -183.32    44.82
2003  11  04  18  06  00   232.44  -192.36    40.08
2003  11  04  18  07  00   241.33  -202.60    38.73
2003  11  04  18  08  00   247.73  -211.38    36.35
2003  11  04  18  09  00   250.19  -213.04    37.16
2003  11  04  18  10  00   260.32  -212.43    47.89
2003  11  04  18  11  00   263.11  -205.52    57.59
2003  11  04  18  12  00   240.58  -193.58    47.00
2003  11  04  18  13  00   237.41  -176.52    60.89
2003  11  04  18  14  00   231.97  -157.01    74.96
2003  11  04  18  15  00   203.01  -139.39    63.62
2003  11  04  18  16  00   183.02  -126.15    56.87
2003  11  04  18  17  00   183.31  -119.20    64.11
2003  11  04  18  18  00   198.42  -125.86    72.55
2003  11  04  18  19  00   229.24  -144.25    85.00
2003  11  04  18  20  00   205.58  -159.65    45.93
2003  11  04  18  21  00   210.36  -158.75    51.61
2003  11  04  18  22  00   201.27  -147.30    53.97
2003  11  04  18  23  00   200.42  -146.13    54.29
2003  11  04  18  24  00   185.19  -147.82    37.37
2003  11  04  18  25  00   185.36  -149.54    35.82
2003  11  04  18  26  00   182.72  -148.43    34.29
2003  11  04  18  27  00   175.47  -143.75    31.73
2003  11  04  18  28  00   168.83  -131.18    37.65
2003  11  04  18  29  00   156.14  -117.98    38.17
2003  11  04  18  30  00   157.54  -122.20    35.34
2003  11  04  18  31  00   149.60  -117.03    32.57
2003  11  04  18  32  00   156.11  -122.67    33.44
2003  11  04  18  33  00   162.28  -128.24    34.04
2003  11  04  18  34  00   162.17  -127.89    34.28
2003  11  04  18  35  00   151.89  -118.37    33.52
2003  11  04  18  36  00   133.07  -100.56    32.51
2003  11  04  18  37  00   127.37   -85.77    41.60
2003  11  04  18  38  00   129.64   -76.50    53.14
2003  11  04  18  39  00   174.98  -106.02    68.95
2003  11  04  18  40  00   172.11   -96.26    75.85
2003  11  04  18  41  00   208.36  -108.69    99.67
2003  11  04  18  42  00   208.81  -118.75    90.06
2003  11  04  18  43  00   179.86  -124.00    55.86
2003  11  04  18  44  00   163.52  -120.01    43.50
2003  11  04  18  45  00   153.93  -110.34    43.59
2003  11  04  18  46  00   147.01  -103.77    43.24
2003  11  04  18  47  00   146.85  -103.31    43.54
2003  11  04  18  48  00   140.69  -107.00    33.69
2003  11  04  18  49  00   139.06  -107.24    31.81
2003  11  04  18  50  00   137.73  -102.83    34.90
2003  11  04  18  51  00   144.01  -104.49    39.53
2003  11  04  18  52  00   144.51  -108.32    36.19
2003  11  04  18  53  00   151.17  -114.55    36.63
2003  11  04  18  54  00   146.51  -108.66    37.85
2003  11  04  18  55  00   140.75  -100.39    40.36
2003  11  04  18  56  00   136.21   -95.23    40.99
2003  11  04  18  57  00   130.17   -90.17    40.00
2003  11  04  18  58  00   125.60   -85.70    39.91
2003  11  04  18  59  00   128.19   -85.68    42.52
2003  11  04  19  00  00   138.98   -85.14    53.84
2003  11  04  19  01  00   148.60   -88.27    60.33
2003  11  04  19  02  00   151.62   -96.86    54.75
2003  11  04  19  03  00   166.77   -95.99    70.78
2003  11  04  19  04  00   163.05   -93.64    69.41
2003  11  04  19  05  00   146.54   -90.25    56.29
2003  11  04  19  06  00   150.39   -96.21    54.18
2003  11  04  19  07  00   151.46  -103.40    48.07
2003  11  04  19  08  00   151.84  -110.27    41.57
2003  11  04  19  09  00   147.82  -110.05    37.77
2003  11  04  19  10  00   142.46  -106.72    35.74
2003  11  04  19  11  00   147.33  -108.17    39.16
2003  11  04  19  12  00   153.21  -114.14    39.08
2003  11  04  19  13  00   158.78  -122.51    36.26
2003  11  04  19  14  00   157.73  -122.81    34.93
2003  11  04  19  15  00   164.82  -119.19    45.63
2003  11  04  19  16  00   172.93  -117.76    55.18
2003  11  04  19  17  00   172.66  -117.61    55.05
2003  11  04  19  18  00   172.78  -120.08    52.70
2003  11  04  19  19  00   179.30  -123.77    55.54
2003  11  04  19  20  00   183.05  -125.05    58.00
2003  11  04  19  21  00   183.23  -124.95    58.28
2003  11  04  19  22  00   182.44  -124.35    58.09
2003  11  04  19  23  00   178.31  -120.83    57.47
2003  11  04  19  24  00   174.46  -118.80    55.66
2003  11  04  19  25  00   175.05  -119.29    55.76
2003  11  04  19  26  00   172.77  -118.29    54.48
2003  11  04  19  27  00   170.47  -117.38    53.09
2003  11  04  19  28  00   167.67  -115.66    52.00
2003  11  04  19  29  00   162.83  -112.84    49.99
2003  11  04  19  30  00   160.52  -112.50    48.02
2003  11  04  19  31  00   166.62  -114.97    51.66
2003  11  04  19  32  00   175.14  -122.85    52.28
2003  11  04  19  33  00   176.61  -129.27    47.35
2003  11  04  19  34  00   174.25  -126.99    47.26
2003  11  04  19  35  00   167.23  -124.07    43.17
2003  11  04  19  36  00   169.78  -120.65    49.13
2003  11  04  19  37  00   174.65  -123.23    51.43
2003  11  04  19  38  00   172.97  -127.41    45.56
2003  11  04  19  39  00   184.18  -132.32    51.86
2003  11  04  19  40  00   192.33  -133.54    58.79
2003  11  04  19  41  00   189.94  -130.26    59.69
2003  11  04  19  42  00   179.61  -123.96    55.65
2003  11  04  19  43  00   191.83  -119.76    72.07
2003  11  04  19  44  00   201.44  -116.65    84.79
2003  11  04  19  45  00   197.27  -113.05    84.21
2003  11  04  19  46  00   206.34  -127.17    79.16
2003  11  04  19  47  00   215.42  -136.12    79.30
2003  11  04  19  48  00   223.68  -137.07    86.61
2003  11  04  19  49  00   216.32  -133.02    83.30
2003  11  04  19  50  00   215.26  -129.97    85.29
2003  11  04  19  51  00   224.47  -127.92    96.54
2003  11  04  19  52  00   209.30  -125.88    83.42
2003  11  04  19  53  00   216.46  -125.84    90.63
2003  11  04  19  54  00   202.81  -119.79    83.02
2003  11  04  19  55  00   196.36  -115.75    80.61
2003  11  04  19  56  00   182.53  -110.72    71.81
2003  11  04  19  57  00   171.08  -111.15    59.92
2003  11  04  19  58  00   184.45  -118.38    66.07
2003  11  04  19  59  00   186.95  -118.80    68.15
2003  11  04  20  00  00   179.01  -109.82    69.19
2003  11  04  20  01  00   175.65  -111.53    64.12
2003  11  04  20  02  00   170.67  -118.59    52.08
2003  11  04  20  03  00   168.90  -112.35    56.55
2003  11  04  20  04  00   176.81  -119.39    57.42
2003  11  04  20  05  00   175.47  -113.05    62.42
2003  11  04  20  06  00   165.20  -106.07    59.12
2003  11  04  20  07  00   165.89  -105.16    60.73
2003  11  04  20  08  00   168.85  -109.25    59.60
2003  11  04  20  09  00   171.84  -112.15    59.69
2003  11  04  20  10  00   186.66  -109.98    76.68
2003  11  04  20  11  00   189.18  -109.10    80.09
2003  11  04  20  12  00   177.45  -106.71    70.73
2003  11  04  20  13  00   169.77  -105.42    64.35
2003  11  04  20  14  00   166.39  -106.33    60.06
2003  11  04  20  15  00   168.26  -106.45    61.81
2003  11  04  20  16  00   172.48  -103.88    68.60
2003  11  04  20  17  00   165.08  -106.19    58.90
2003  11  04  20  18  00   165.99  -107.99    57.99
2003  11  04  20  19  00   165.33  -109.00    56.33
2003  11  04  20  20  00   160.02  -105.42    54.59
2003  11  04  20  21  00   162.08  -103.85    58.23
2003  11  04  20  22  00   154.69  -105.57    49.12
2003  11  04  20  23  00   157.10  -106.97    50.14
2003  11  04  20  24  00   159.57  -106.57    52.99
2003  11  04  20  25  00   164.67  -108.84    55.83
2003  11  04  20  26  00   195.57  -119.03    76.54
2003  11  04  20  27  00   230.04  -127.66   102.38
2003  11  04  20  28  00   215.52  -124.00    91.51
2003  11  04  20  29  00   194.55  -113.23    81.32
2003  11  04  20  30  00   187.38  -110.14    77.23
2003  11  04  20  31  00   190.36  -105.84    84.52
2003  11  04  20  32  00   174.06  -114.12    59.94
2003  11  04  20  33  00   216.54  -124.22    92.32
2003  11  04  20  34  00   215.72  -127.78    87.94
2003  11  04  20  35  00   221.36  -132.65    88.71
2003  11  04  20  36  00   220.73  -139.41    81.32
2003  11  04  20  37  00   208.11  -138.90    69.22
2003  11  04  20  38  00   183.48  -121.08    62.40
2003  11  04  20  39  00   247.53  -125.89   121.64
2003  11  04  20  40  00   284.09  -114.56   169.53
2003  11  04  20  41  00   247.80  -118.26   129.54
2003  11  04  20  42  00   254.52  -180.55    73.97
2003  11  04  20  43  00   259.92  -193.42    66.51
2003  11  04  20  44  00   216.56  -149.27    67.28
2003  11  04  20  45  00   159.48  -105.62    53.86
2003  11  04  20  46  00   178.09  -115.76    62.33
2003  11  04  20  47  00   193.91  -139.74    54.17
2003  11  04  20  48  00   233.77  -177.61    56.17
2003  11  04  20  49  00   257.47  -199.17    58.30
2003  11  04  20  50  00   264.53  -206.10    58.43
2003  11  04  20  51  00   261.59  -211.01    50.58
2003  11  04  20  52  00   248.49  -203.77    44.72
2003  11  04  20  53  00   217.76  -179.90    37.87
2003  11  04  20  54  00   175.66  -138.82    36.84
2003  11  04  20  55  00   179.27  -144.12    35.15
2003  11  04  20  56  00   192.32  -152.02    40.30
2003  11  04  20  57  00   194.30  -150.86    43.44
2003  11  04  20  58  00   187.26  -148.67    38.59
2003  11  04  20  59  00   169.17  -140.44    28.74
2003  11  04  21  00  00   155.05  -134.29    20.76
2003  11  04  21  01  00   162.77  -140.10    22.67
2003  11  04  21  02  00   167.38  -140.93    26.45
2003  11  04  21  03  00   177.94  -142.72    35.22
2003  11  04  21  04  00   191.55  -144.57    46.98
2003  11  04  21  05  00   181.25  -132.53    48.73
2003  11  04  21  06  00   157.73  -116.20    41.53
2003  11  04  21  07  00   155.98  -108.11    47.87
2003  11  04  21  08  00   164.02  -109.86    54.17
2003  11  04  21  09  00   163.80  -105.48    58.32
2003  11  04  21  10  00   155.37   -98.55    56.82
2003  11  04  21  11  00   157.44   -95.11    62.33
2003  11  04  21  12  00   157.72   -99.07    58.66
2003  11  04  21  13  00   180.65  -116.44    64.22
2003  11  04  21  14  00   202.88  -125.74    77.15
2003  11  04  21  15  00   200.16  -121.92    78.24
2003  11  04  21  16  00   199.14  -115.45    83.69
2003  11  04  21  17  00   198.68  -112.07    86.61
2003  11  04  21  18  00   207.53  -114.03    93.50
2003  11  04  21  19  00   203.69  -119.98    83.71
2003  11  04  21  20  00   195.36  -116.12    79.24
2003  11  04  21  21  00   173.14  -106.61    66.53
2003  11  04  21  22  00   156.27  -102.20    54.08
2003  11  04  21  23  00   144.99   -95.64    49.35
2003  11  04  21  24  00   155.72  -102.06    53.65
2003  11  04  21  25  00   157.63  -108.66    48.96
2003  11  04  21  26  00   157.78  -112.43    45.34
2003  11  04  21  27  00   145.84  -108.05    37.79
2003  11  04  21  28  00   149.78  -102.65    47.13
2003  11  04  21  29  00   155.46   -96.82    58.64
2003  11  04  21  30  00   145.53   -94.99    50.55
2003  11  04  21  31  00   144.62   -98.64    45.99
2003  11  04  21  32  00   164.20  -117.83    46.37
2003  11  04  21  33  00   214.01  -148.74    65.27
2003  11  04  21  34  00   258.47  -177.72    80.76
2003  11  04  21  35  00   254.97  -173.45    81.53
2003  11  04  21  36  00   241.30  -162.23    79.07
2003  11  04  21  37  00   231.15  -148.06    83.09
2003  11  04  21  38  00   261.05  -166.95    94.10
2003  11  04  21  39  00   263.12  -166.77    96.35
2003  11  04  21  40  00   260.03  -173.53    86.49
2003  11  04  21  41  00   247.58  -160.35    87.23
2003  11  04  21  42  00   308.26  -221.49    86.78
2003  11  04  21  43  00   355.26  -271.47    83.79
2003  11  04  21  44  00   393.56  -304.49    89.07
2003  11  04  21  45  00   354.86  -270.43    84.43
2003  11  04  21  46  00   264.50  -186.71    77.78
2003  11  04  21  47  00   249.68  -178.63    71.05
2003  11  04  21  48  00   253.70  -180.66    73.04
2003  11  04  21  49  00   236.80  -156.17    80.63
2003  11  04  21  50  00   248.56  -158.91    89.64
2003  11  04  21  51  00   241.08  -156.37    84.70
2003  11  04  21  52  00   236.48  -155.05    81.43
2003  11  04  21  53  00   249.59  -171.46    78.13
2003  11  04  21  54  00   253.86  -175.73    78.12
2003  11  04  21  55  00   261.51  -182.88    78.63
2003  11  04  21  56  00   272.42  -186.09    86.33
2003  11  04  21  57  00   259.58  -161.00    98.58
2003  11  04  21  58  00   250.19  -151.55    98.64
2003  11  04  21  59  00   247.94  -152.24    95.70
2003  11  04  22  00  00   236.56  -147.89    88.67
2003  11  04  22  01  00   241.45  -160.23    81.21
2003  11  04  22  02  00   231.02  -154.12    76.90
2003  11  04  22  03  00   206.39  -130.47    75.92
2003  11  04  22  04  00   207.31  -130.86    76.45
2003  11  04  22  05  00   193.11  -113.29    79.82
2003  11  04  22  06  00   209.55  -129.34    80.21
2003  11  04  22  07  00   198.64  -120.03    78.61
2003  11  04  22  08  00   187.44  -110.08    77.36
2003  11  04  22  09  00   190.26  -113.10    77.17
2003  11  04  22  10  00   201.53  -123.12    78.41
2003  11  04  22  11  00   200.10  -121.55    78.55
2003  11  04  22  12  00   200.38  -121.96    78.42
2003  11  04  22  13  00   189.28  -112.59    76.69
2003  11  04  22  14  00   183.00  -105.88    77.11
2003  11  04  22  15  00   173.77   -96.30    77.47
2003  11  04  22  16  00   166.00   -93.10    72.90
2003  11  04  22  17  00   156.93   -93.14    63.79
2003  11  04  22  18  00   150.93   -95.62    55.31
2003  11  04  22  19  00   151.76  -101.32    50.43
2003  11  04  22  20  00   147.50  -103.57    43.93
2003  11  04  22  21  00   148.15  -104.45    43.71
2003  11  04  22  22  00   148.69  -109.69    39.00
2003  11  04  22  23  00   157.71  -116.34    41.37
2003  11  04  22  24  00   168.59  -120.91    47.67
2003  11  04  22  25  00   174.91  -123.09    51.82
2003  11  04  22  26  00   192.27  -129.38    62.89
2003  11  04  22  27  00   204.92  -126.70    78.22
2003  11  04  22  28  00   205.04  -119.49    85.55
2003  11  04  22  29  00   199.84  -119.52    80.32
2003  11  04  22  30  00   195.60  -116.07    79.53
2003  11  04  22  31  00   190.57  -115.49    75.08
2003  11  04  22  32  00   182.08  -115.20    66.88
2003  11  04  22  33  00   174.88  -115.44    59.43
2003  11  04  22  34  00   177.86  -115.98    61.88
2003  11  04  22  35  00   177.92  -113.21    64.71
2003  11  04  22  36  00   172.84  -110.26    62.57
2003  11  04  22  37  00   166.22  -111.59    54.62
2003  11  04  22  38  00   167.43  -115.64    51.79
2003  11  04  22  39  00   162.33  -112.44    49.89
2003  11  04  22  40  00   168.29  -112.30    55.99
2003  11  04  22  41  00   177.34  -112.24    65.10
2003  11  04  22  42  00   173.01  -112.80    60.20
2003  11  04  22  43  00   167.07  -112.77    54.30
2003  11  04  22  44  00   169.40  -114.00    55.39
2003  11  04  22  45  00   169.89  -115.39    54.49
2003  11  04  22  46  00   169.18  -112.58    56.60
2003  11  04  22  47  00   181.59  -119.90    61.69
2003  11  04  22  48  00   174.99  -115.21    59.77
2003  11  04  22  49  00   171.11  -116.25    54.86
2003  11  04  22  50  00   166.64  -119.69    46.95
2003  11  04  22  51  00   158.22  -116.18    42.04
2003  11  04  22  52  00   161.74  -124.61    37.13
2003  11  04  22  53  00   157.67  -123.45    34.22
2003  11  04  22  54  00   158.76  -129.45    29.31
2003  11  04  22  55  00   164.06  -130.74    33.32
2003  11  04  22  56  00   184.67  -147.83    36.83
2003  11  04  22  57  00   179.62  -146.01    33.61
2003  11  04  22  58  00   194.48  -158.77    35.70
2003  11  04  22  59  00   211.53  -173.73    37.80
2003  11  04  23  00  00   221.99  -178.09    43.90
2003  11  04  23  01  00   226.34  -176.34    50.00
2003  11  04  23  02  00   246.86  -193.75    53.11
2003  11  04  23  03  00   259.63  -200.42    59.21
2003  11  04  23  04  00   246.86  -184.55    62.31
2003  11  04  23  05  00   259.46  -199.06    60.40
2003  11  04  23  06  00   256.26  -194.66    61.60
2003  11  04  23  07  00   264.51  -200.92    63.59
2003  11  04  23  08  00   257.46  -191.77    65.69
2003  11  04  23  09  00   244.97  -178.20    66.78
2003  11  04  23  10  00   254.74  -187.88    66.87
2003  11  04  23  11  00   231.10  -168.14    62.96
2003  11  04  23  12  00   214.28  -150.24    64.05
2003  11  04  23  13  00   226.48  -156.34    70.14
2003  11  04  23  14  00   227.00  -152.77    74.23
2003  11  04  23  15  00   238.96  -160.64    78.32
2003  11  04  23  16  00   243.91  -161.50    82.41
2003  11  04  23  17  00   240.82  -153.33    87.50
2003  11  04  23  18  00   243.47  -150.89    92.59
2003  11  04  23  19  00   247.29  -147.62    99.67
2003  11  04  23  20  00   236.70  -131.94   104.76
2003  11  04  23  21  00   228.38  -120.53   107.85
2003  11  04  23  22  00   226.73  -121.80   104.93
2003  11  04  23  23  00   235.42  -132.40   103.02
2003  11  04  23  24  00   247.53  -144.42   103.11
2003  11  04  23  25  00   254.61  -151.42   103.19
2003  11  04  23  26  00   251.48  -151.20   100.28
2003  11  04  23  27  00   239.50  -141.13    98.37
2003  11  04  23  28  00   238.86  -138.40   100.46
2003  11  04  23  29  00   238.24  -134.69   103.55
2003  11  04  23  30  00   231.93  -124.28   107.64
2003  11  04  23  31  00   223.04  -114.31   108.73
2003  11  04  23  32  00   223.16  -112.34   110.82
2003  11  04  23  33  00   229.18  -114.28   114.90
2003  11  04  23  34  00   226.87  -111.89   114.99
2003  11  04  23  35  00   228.17  -115.09   113.08
2003  11  04  23  36  00   228.14  -115.97   112.16
2003  11  04  23  37  00   228.46  -115.23   113.23
2003  11  04  23  38  00   199.24   -96.96   102.28
2003  11  04  23  39  00   179.22   -91.84    87.38
2003  11  04  23  40  00   181.17   -93.66    87.52
2003  11  04  23  41  00   214.01  -118.38    95.63
2003  11  04  23  42  00   233.49  -129.77   103.72
2003  11  04  23  43  00   227.14  -118.33   108.82
2003  11  04  23  44  00   239.70  -114.96   124.74
2003  11  04  23  45  00   256.42  -114.99   141.43
2003  11  04  23  46  00   235.52   -91.09   144.43
2003  11  04  23  47  00   227.88   -91.80   136.08
2003  11  04  23  48  00   206.78   -89.86   116.91
2003  11  04  23  49  00   191.92   -92.70    99.22
2003  11  04  23  50  00   197.41   -96.10   101.31
2003  11  04  23  51  00   203.80   -99.76   104.04
2003  11  04  23  52  00   207.18  -102.96   104.22
2003  11  04  23  53  00   206.34  -101.93   104.41
2003  11  04  23  54  00   201.57   -98.91   102.66
2003  11  04  23  55  00   201.24  -103.06    98.18
2003  11  04  23  56  00   196.17  -101.97    94.20
2003  11  04  23  57  00   192.46  -100.82    91.64
2003  11  04  23  58  00   195.12   -97.67    97.45
2003  11  04  23  59  00   195.63   -97.35    98.28
2003  11  05  00  00  00   188.77   -97.87    90.89
2003  11  05  00  01  00   185.81   -99.12    86.69
2003  11  05  00  02  00   180.16   -93.16    86.99
2003  11  05  00  03  00   193.42  -106.60    86.81
2003  11  05  00  04  00   192.10  -108.36    83.73
2003  11  05  00  05  00   185.98  -104.26    81.72
2003  11  05  00  06  00   170.13   -90.40    79.73
2003  11  05  00  07  00   175.46   -97.90    77.56
2003  11  05  00  08  00   176.44   -99.13    77.32
2003  11  05  00  09  00   168.70   -92.48    76.22
2003  11  05  00  10  00   176.63  -103.67    72.96
2003  11  05  00  11  00   184.59  -114.51    70.09
2003  11  05  00  12  00   175.38  -104.81    70.57
2003  11  05  00  13  00   171.64  -101.18    70.46
2003  11  05  00  14  00   168.55   -98.25    70.30
2003  11  05  00  15  00   166.41   -97.65    68.75
2003  11  05  00  16  00   168.02   -99.79    68.23
2003  11  05  00  17  00   167.75   -99.95    67.80
2003  11  05  00  18  00   166.21   -96.65    69.56
2003  11  05  00  19  00   167.94  -100.25    67.69
2003  11  05  00  20  00   170.02  -104.04    65.98
2003  11  05  00  21  00   166.02   -99.75    66.28
2003  11  05  00  22  00   165.78  -103.14    62.64
2003  11  05  00  23  00   170.77  -109.40    61.37
2003  11  05  00  24  00   172.44  -108.24    64.19
2003  11  05  00  25  00   179.92  -120.37    59.55
2003  11  05  00  26  00   158.16  -112.56    45.60
2003  11  05  00  27  00   137.63  -100.59    37.04
2003  11  05  00  28  00   159.24  -109.85    49.39
2003  11  05  00  29  00   177.45  -130.41    47.04
2003  11  05  00  30  00   159.94  -124.54    35.40
2003  11  05  00  31  00   133.08  -101.61    31.47
2003  11  05  00  32  00   144.49  -111.42    33.07
2003  11  05  00  33  00   159.09  -126.27    32.83
2003  11  05  00  34  00   171.65  -134.83    36.81
2003  11  05  00  35  00   168.95  -131.19    37.76
2003  11  05  00  36  00   142.47  -108.55    33.92
2003  11  05  00  37  00   135.76   -99.72    36.03
2003  11  05  00  38  00   137.47   -99.00    38.48
2003  11  05  00  39  00   160.46  -113.03    47.43
2003  11  05  00  40  00   188.87  -123.48    65.40
2003  11  05  00  41  00   182.14  -121.60    60.55
2003  11  05  00  42  00   176.99  -111.24    65.76
2003  11  05  00  43  00   173.98  -104.11    69.87
2003  11  05  00  44  00   164.45   -92.89    71.57
2003  11  05  00  45  00   144.98   -96.90    48.08
2003  11  05  00  46  00   147.36  -108.19    39.17
2003  11  05  00  47  00   160.50  -120.15    40.35
2003  11  05  00  48  00   155.91  -109.93    45.98
2003  11  05  00  49  00   154.04  -105.72    48.32
2003  11  05  00  50  00   155.89  -111.84    44.05
2003  11  05  00  51  00   164.45  -115.47    48.98
2003  11  05  00  52  00   158.32  -114.06    44.26
2003  11  05  00  53  00   139.06   -97.90    41.16
2003  11  05  00  54  00   136.66   -90.07    46.59
2003  11  05  00  55  00   151.35   -98.32    53.03
2003  11  05  00  56  00   174.82  -115.46    59.36
2003  11  05  00  57  00   187.61  -119.90    67.70
2003  11  05  00  58  00   179.11  -105.37    73.74
2003  11  05  00  59  00   174.47   -99.90    74.57
2003  11  05  01  00  00   179.39  -103.99    75.41
2003  11  05  01  01  00   187.91  -113.26    74.65
2003  11  05  01  02  00   191.05  -118.64    72.41
2003  11  05  01  03  00   182.54  -110.77    71.78
2003  11  05  01  04  00   172.92  -104.19    68.73
2003  11  05  01  05  00   192.73  -129.74    62.99
2003  11  05  01  06  00   193.72  -134.28    59.43
2003  11  05  01  07  00   175.65  -114.85    60.80
2003  11  05  01  08  00   177.06  -119.51    57.55
2003  11  05  01  09  00   169.15  -116.05    53.11
2003  11  05  01  10  00   157.74  -108.27    49.47
2003  11  05  01  11  00   159.31  -109.89    49.42
2003  11  05  01  12  00   166.97  -117.09    49.88
2003  11  05  01  13  00   166.50  -117.36    49.14
2003  11  05  01  14  00   164.12  -112.80    51.32
2003  11  05  01  15  00   163.32  -106.46    56.85
2003  11  05  01  16  00   163.62  -103.14    60.49
2003  11  05  01  17  00   169.62  -109.02    60.59
2003  11  05  01  18  00   184.58  -125.63    58.95
2003  11  05  01  19  00   191.33  -130.62    60.71
2003  11  05  01  20  00   184.60  -121.11    63.49
2003  11  05  01  21  00   172.59  -106.72    65.86
2003  11  05  01  22  00   158.17   -97.33    60.84
2003  11  05  01  23  00   163.53  -102.21    61.32
2003  11  05  01  24  00   185.28  -127.85    57.43
2003  11  05  01  25  00   180.21  -126.38    53.82
2003  11  05  01  26  00   183.20  -124.11    59.09
2003  11  05  01  27  00   172.24  -126.27    45.97
2003  11  05  01  28  00   162.46  -123.05    39.41
2003  11  05  01  29  00   149.65  -115.51    34.14
2003  11  05  01  30  00   148.88  -113.09    35.78
2003  11  05  01  31  00   155.65  -118.78    36.87
2003  11  05  01  32  00   156.78  -119.80    36.97
2003  11  05  01  33  00   153.44  -113.84    39.60
2003  11  05  01  34  00   150.07  -109.67    40.40
2003  11  05  01  35  00   153.76  -114.92    38.85
2003  11  05  01  36  00   156.11  -117.96    38.15
2003  11  05  01  37  00   158.21  -115.16    43.04
2003  11  05  01  38  00   149.76  -109.25    40.51
2003  11  05  01  39  00   154.03  -105.31    48.72
2003  11  05  01  40  00   165.65  -109.02    56.63
2003  11  05  01  41  00   173.64  -120.10    53.54
2003  11  05  01  42  00   161.96  -132.35    29.61
2003  11  05  01  43  00   170.59  -135.58    35.01
2003  11  05  01  44  00   166.28  -122.15    44.13
2003  11  05  01  45  00   151.91  -103.97    47.94
2003  11  05  01  46  00   181.06  -134.43    46.63
2003  11  05  01  47  00   178.32  -136.00    42.32
2003  11  05  01  48  00   184.01  -129.05    54.96
2003  11  05  01  49  00   215.07  -131.18    83.89
2003  11  05  01  50  00   226.39  -122.58   103.81
2003  11  05  01  51  00   201.05  -116.31    84.74
2003  11  05  01  52  00   175.40  -116.73    58.67
2003  11  05  01  53  00   158.00  -119.00    39.00
2003  11  05  01  54  00   159.37  -119.18    40.19
2003  11  05  01  55  00   152.83  -109.94    42.89
2003  11  05  01  56  00   140.76   -95.02    45.74
2003  11  05  01  57  00   144.04   -98.39    45.65
2003  11  05  01  58  00   164.00  -104.17    59.82
2003  11  05  01  59  00   205.96  -132.78    73.18
2003  11  05  02  00  00   207.40  -143.05    64.35
2003  11  05  02  01  00   217.81  -130.49    87.32
2003  11  05  02  02  00   174.93  -112.27    62.67
2003  11  05  02  03  00   155.50  -105.05    50.45
2003  11  05  02  04  00   156.99  -106.42    50.57
2003  11  05  02  05  00   161.65  -112.55    49.10
2003  11  05  02  06  00   166.06  -118.59    47.47
2003  11  05  02  07  00   174.63  -123.22    51.41
2003  11  05  02  08  00   176.06  -122.31    53.75
2003  11  05  02  09  00   167.77  -117.12    50.65
2003  11  05  02  10  00   165.12  -115.26    49.86
2003  11  05  02  11  00   164.75  -114.36    50.40
2003  11  05  02  12  00   165.62  -113.85    51.77
2003  11  05  02  13  00   167.40  -113.51    53.89
2003  11  05  02  14  00   168.18  -113.76    54.43
2003  11  05  02  15  00   168.42  -114.12    54.30
2003  11  05  02  16  00   170.28  -115.44    54.84
2003  11  05  02  17  00   174.58  -119.87    54.71
2003  11  05  02  18  00   174.93  -120.92    54.00
2003  11  05  02  19  00   170.29  -118.00    52.29
2003  11  05  02  20  00   167.34  -115.65    51.69
2003  11  05  02  21  00   163.17  -114.57    48.59
2003  11  05  02  22  00   159.73  -112.81    46.92
2003  11  05  02  23  00   156.95  -109.54    47.41
2003  11  05  02  24  00   155.06  -110.90    44.16
2003  11  05  02  25  00   158.37  -115.63    42.74
2003  11  05  02  26  00   161.38  -118.75    42.63
2003  11  05  02  27  00   156.65  -115.89    40.77
2003  11  05  02  28  00   152.71  -113.63    39.08
2003  11  05  02  29  00   152.26  -112.58    39.68
2003  11  05  02  30  00   152.83  -112.14    40.69
2003  11  05  02  31  00   153.07  -114.19    38.88
2003  11  05  02  32  00   151.04  -113.98    37.06
2003  11  05  02  33  00   152.41  -113.34    39.07
2003  11  05  02  34  00   165.49  -117.39    48.09
2003  11  05  02  35  00   176.80  -119.63    57.17
2003  11  05  02  36  00   173.22  -119.06    54.16
2003  11  05  02  37  00   152.54  -116.29    36.25
2003  11  05  02  38  00   148.70  -113.34    35.35
2003  11  05  02  39  00   145.85  -111.21    34.63
2003  11  05  02  40  00   146.84  -109.92    36.92
2003  11  05  02  41  00   154.46  -115.01    39.46
2003  11  05  02  42  00   161.21  -121.72    39.49
2003  11  05  02  43  00   168.56  -128.69    39.87
2003  11  05  02  44  00   172.62  -128.10    44.51
2003  11  05  02  45  00   163.18  -121.17    42.01
2003  11  05  02  46  00   148.44  -113.29    35.15
2003  11  05  02  47  00   140.95  -112.62    28.33
2003  11  05  02  48  00   154.44  -119.38    35.06
2003  11  05  02  49  00   167.86  -126.07    41.78
2003  11  05  02  50  00   173.85  -129.68    44.17
2003  11  05  02  51  00   169.48  -124.55    44.93
2003  11  05  02  52  00   155.79  -115.96    39.83
2003  11  05  02  53  00   147.42  -114.27    33.15
2003  11  05  02  54  00   154.52  -117.21    37.32
2003  11  05  02  55  00   162.36  -119.91    42.45
2003  11  05  02  56  00   165.75  -120.35    45.40
2003  11  05  02  57  00   161.33  -116.81    44.52
2003  11  05  02  58  00   157.97  -116.47    41.50
2003  11  05  02  59  00   147.88  -116.13    31.75
2003  11  05  03  00  00   151.84  -114.19    37.65
2003  11  05  03  01  00   148.25  -112.17    36.08
2003  11  05  03  02  00   147.41  -112.94    34.47
2003  11  05  03  03  00   152.93  -116.57    36.35
2003  11  05  03  04  00   156.84  -120.39    36.45
2003  11  05  03  05  00   152.27  -117.44    34.83
2003  11  05  03  06  00   154.05  -119.92    34.13
2003  11  05  03  07  00   174.86  -128.66    46.19
2003  11  05  03  08  00   159.79  -129.54    30.26
2003  11  05  03  09  00   152.65  -123.32    29.33
2003  11  05  03  10  00   153.75  -120.93    32.82
2003  11  05  03  11  00   163.91  -126.02    37.89
2003  11  05  03  12  00   155.36  -122.26    33.10
2003  11  05  03  13  00   153.14  -117.54    35.60
2003  11  05  03  14  00   149.08  -111.54    37.54
2003  11  05  03  15  00   154.08  -112.83    41.25
2003  11  05  03  16  00   152.35  -114.17    38.18
2003  11  05  03  17  00   154.54  -114.20    40.34
2003  11  05  03  18  00   154.27  -113.11    41.15
2003  11  05  03  19  00   153.07  -115.15    37.92
2003  11  05  03  20  00   145.12  -112.74    32.37
2003  11  05  03  21  00   144.58  -109.18    35.40
2003  11  05  03  22  00   155.21  -115.82    39.40
2003  11  05  03  23  00   153.95  -120.95    33.00
2003  11  05  03  24  00   148.88  -120.10    28.79
2003  11  05  03  25  00   145.02  -116.89    28.13
2003  11  05  03  26  00   149.93  -113.98    35.95
2003  11  05  03  27  00   152.72  -112.65    40.07
2003  11  05  03  28  00   145.93  -110.79    35.14
2003  11  05  03  29  00   136.16  -106.33    29.83
2003  11  05  03  30  00   136.96  -106.86    30.10
2003  11  05  03  31  00   134.75  -110.12    24.63
2003  11  05  03  32  00   147.30  -113.71    33.60
2003  11  05  03  33  00   157.11  -115.97    41.14
2003  11  05  03  34  00   158.96  -118.03    40.93
2003  11  05  03  35  00   153.19  -119.70    33.50
2003  11  05  03  36  00   147.43  -117.77    29.66
2003  11  05  03  37  00   143.46  -114.44    29.02
2003  11  05  03  38  00   138.18  -112.10    26.08
2003  11  05  03  39  00   135.44  -110.88    24.56
2003  11  05  03  40  00   140.10  -109.94    30.15
2003  11  05  03  41  00   142.59  -109.61    32.97
2003  11  05  03  42  00   143.21  -111.58    31.63
2003  11  05  03  43  00   144.95  -113.73    31.21
2003  11  05  03  44  00   141.02  -112.80    28.23
2003  11  05  03  45  00   139.97  -111.26    28.71
2003  11  05  03  46  00   144.17  -111.52    32.65
2003  11  05  03  47  00   149.22  -115.07    34.15
2003  11  05  03  48  00   149.64  -116.85    32.79
2003  11  05  03  49  00   150.23  -116.60    33.62
2003  11  05  03  50  00   147.66  -115.66    32.00
2003  11  05  03  51  00   144.77  -114.04    30.72
2003  11  05  03  52  00   142.98  -112.74    30.24
2003  11  05  03  53  00   142.24  -112.52    29.72
2003  11  05  03  54  00   141.28  -111.69    29.59
2003  11  05  03  55  00   140.76  -110.64    30.12
2003  11  05  03  56  00   138.48  -109.20    29.28
2003  11  05  03  57  00   141.54  -110.46    31.08
2003  11  05  03  58  00   144.83  -113.84    31.00
2003  11  05  03  59  00   147.42  -116.10    31.32
2003  11  05  04  00  00   146.72  -115.86    30.86
2003  11  05  04  01  00   145.46  -114.93    30.54
2003  11  05  04  02  00   143.44  -114.18    29.26
2003  11  05  04  03  00   136.99  -111.56    25.43
2003  11  05  04  04  00   134.86  -108.76    26.09
2003  11  05  04  05  00   139.62  -110.53    29.09
2003  11  05  04  06  00   145.33  -114.46    30.87
2003  11  05  04  07  00   144.92  -116.20    28.71
2003  11  05  04  08  00   145.02  -114.18    30.84
2003  11  05  04  09  00   144.52  -110.88    33.64
2003  11  05  04  10  00   144.64  -110.27    34.37
2003  11  05  04  11  00   145.55  -111.92    33.63
2003  11  05  04  12  00   145.46  -114.25    31.21
2003  11  05  04  13  00   143.63  -114.32    29.30
2003  11  05  04  14  00   143.38  -114.79    28.59
2003  11  05  04  15  00   146.83  -115.45    31.38
2003  11  05  04  16  00   148.08  -115.23    32.86
2003  11  05  04  17  00   145.89  -113.41    32.48
2003  11  05  04  18  00   143.07  -112.89    30.18
2003  11  05  04  19  00   144.98  -113.67    31.31
2003  11  05  04  20  00   143.96  -114.62    29.33
2003  11  05  04  21  00   140.58  -113.59    26.99
2003  11  05  04  22  00   142.56  -112.24    30.32
2003  11  05  04  23  00   143.74  -111.40    32.34
2003  11  05  04  24  00   145.42  -111.26    34.16
2003  11  05  04  25  00   142.87  -107.59    35.28
2003  11  05  04  26  00   135.35  -104.95    30.39
2003  11  05  04  27  00   132.10  -103.64    28.47
2003  11  05  04  28  00   133.26  -103.73    29.54
2003  11  05  04  29  00   133.40  -101.12    32.28
2003  11  05  04  30  00   133.58  -100.79    32.79
2003  11  05  04  31  00   137.27  -104.52    32.75
2003  11  05  04  32  00   145.51  -111.63    33.89
2003  11  05  04  33  00   145.88  -113.85    32.03
2003  11  05  04  34  00   137.44  -108.64    28.80
2003  11  05  04  35  00   134.00  -101.97    32.03
2003  11  05  04  36  00   133.87  -103.28    30.59
2003  11  05  04  37  00   141.16  -109.61    31.56
2003  11  05  04  38  00   144.95  -114.03    30.92
2003  11  05  04  39  00   143.67  -114.80    28.87
2003  11  05  04  40  00   143.22  -116.18    27.04
2003  11  05  04  41  00   144.31  -117.15    27.17
2003  11  05  04  42  00   147.01  -117.61    29.40
2003  11  05  04  43  00   148.13  -117.36    30.77
2003  11  05  04  44  00   144.48  -114.33    30.15
2003  11  05  04  45  00   136.99  -109.22    27.76
2003  11  05  04  46  00   135.33  -107.00    28.34
2003  11  05  04  47  00   142.65  -109.35    33.30
2003  11  05  04  48  00   146.48  -113.37    33.10
2003  11  05  04  49  00   144.18  -114.03    30.15
2003  11  05  04  50  00   144.81  -113.82    30.99
2003  11  05  04  51  00   143.66  -113.90    29.76
2003  11  05  04  52  00   149.28  -114.45    34.83
2003  11  05  04  53  00   150.37  -113.31    37.07
2003  11  05  04  54  00   144.74  -110.87    33.86
2003  11  05  04  55  00   142.01  -110.54    31.47
2003  11  05  04  56  00   146.08  -112.70    33.38
2003  11  05  04  57  00   147.06  -113.24    33.82
2003  11  05  04  58  00   148.96  -112.08    36.87
2003  11  05  04  59  00   152.18  -112.64    39.54
2003  11  05  05  00  00   152.58  -112.60    39.98
2003  11  05  05  01  00   152.41  -112.37    40.04
2003  11  05  05  02  00   148.39  -110.52    37.86
2003  11  05  05  03  00   145.53  -107.99    37.53
2003  11  05  05  04  00   144.54  -108.26    36.28
2003  11  05  05  05  00   147.41  -112.22    35.18
2003  11  05  05  06  00   152.58  -116.26    36.32
2003  11  05  05  07  00   160.96  -121.07    39.89
2003  11  05  05  08  00   164.38  -121.30    43.09
2003  11  05  05  09  00   162.36  -117.56    44.80
2003  11  05  05  10  00   155.27  -112.45    42.82
2003  11  05  05  11  00   151.30  -111.23    40.07
2003  11  05  05  12  00   148.36  -110.49    37.87
2003  11  05  05  13  00   145.90  -110.23    35.67
2003  11  05  05  14  00   143.96  -109.79    34.18
2003  11  05  05  15  00   148.38  -114.94    33.44
2003  11  05  05  16  00   154.66  -121.16    33.50
2003  11  05  05  17  00   155.19  -123.39    31.80
2003  11  05  05  18  00   151.37  -119.55    31.82
2003  11  05  05  19  00   147.10  -114.34    32.76
2003  11  05  05  20  00   145.98  -112.82    33.16
2003  11  05  05  21  00   147.04  -115.17    31.87
2003  11  05  05  22  00   149.81  -117.59    32.22
2003  11  05  05  23  00   149.82  -119.02    30.79
2003  11  05  05  24  00   148.64  -119.67    28.97
2003  11  05  05  25  00   149.73  -118.90    30.84
2003  11  05  05  26  00   143.76  -113.46    30.31
2003  11  05  05  27  00   138.52  -108.74    29.78
2003  11  05  05  28  00   137.76  -108.51    29.24
2003  11  05  05  29  00   143.29  -113.16    30.13
2003  11  05  05  30  00   147.18  -117.09    30.10
2003  11  05  05  31  00   148.29  -117.33    30.96
2003  11  05  05  32  00   148.61  -115.68    32.93
2003  11  05  05  33  00   148.52  -115.31    33.21
2003  11  05  05  34  00   146.55  -115.45    31.09
2003  11  05  05  35  00   140.11  -110.60    29.50
2003  11  05  05  36  00   138.78  -107.97    30.82
2003  11  05  05  37  00   137.21  -106.01    31.20
2003  11  05  05  38  00   140.24  -106.86    33.38
2003  11  05  05  39  00   142.15  -107.61    34.53
2003  11  05  05  40  00   144.21  -108.36    35.84
2003  11  05  05  41  00   147.19  -110.42    36.77
2003  11  05  05  42  00   149.13  -114.04    35.09
2003  11  05  05  43  00   145.83  -114.27    31.56
2003  11  05  05  44  00   141.85  -112.52    29.33
2003  11  05  05  45  00   138.67  -109.88    28.79
2003  11  05  05  46  00   139.50  -110.73    28.77
2003  11  05  05  47  00   142.42  -113.46    28.96
2003  11  05  05  48  00   145.16  -114.19    30.97
2003  11  05  05  49  00   144.45  -113.31    31.14
2003  11  05  05  50  00   141.96  -111.36    30.60
2003  11  05  05  51  00   141.33  -110.73    30.60
2003  11  05  05  52  00   142.01  -111.58    30.43
2003  11  05  05  53  00   143.01  -113.12    29.89
2003  11  05  05  54  00   144.49  -113.85    30.64
2003  11  05  05  55  00   145.05  -112.77    32.27
2003  11  05  05  56  00   143.91  -111.32    32.59
2003  11  05  05  57  00   142.62  -111.26    31.35
2003  11  05  05  58  00   141.16  -110.61    30.54
2003  11  05  05  59  00   142.06  -110.85    31.20
2003  11  05  06  00  00   145.45  -111.17    34.28
2003  11  05  06  01  00   143.73  -110.08    33.64
2003  11  05  06  02  00   141.83  -109.14    32.69
2003  11  05  06  03  00   142.65  -109.20    33.46
2003  11  05  06  04  00   141.24  -107.23    34.01
2003  11  05  06  05  00   139.43  -105.76    33.67
2003  11  05  06  06  00   140.80  -105.70    35.10
2003  11  05  06  07  00   144.09  -108.13    35.96
2003  11  05  06  08  00   147.68  -112.01    35.67
2003  11  05  06  09  00   148.41  -113.34    35.08
2003  11  05  06  10  00   144.38  -111.41    32.97
2003  11  05  06  11  00   142.68  -109.78    32.91
2003  11  05  06  12  00   147.00  -112.09    34.91
2003  11  05  06  13  00   154.06  -115.77    38.30
2003  11  05  06  14  00   155.72  -113.34    42.39
2003  11  05  06  15  00   150.87  -106.62    44.24
2003  11  05  06  16  00   145.47  -102.15    43.32
2003  11  05  06  17  00   147.29  -104.51    42.78
2003  11  05  06  18  00   154.68  -111.52    43.17
2003  11  05  06  19  00   162.41  -118.69    43.72
2003  11  05  06  20  00   163.92  -120.19    43.73
2003  11  05  06  21  00   155.18  -113.13    42.05
2003  11  05  06  22  00   148.40  -105.62    42.78
2003  11  05  06  23  00   148.15  -103.45    44.70
2003  11  05  06  24  00   154.77  -106.15    48.62
2003  11  05  06  25  00   162.58  -108.05    54.54
2003  11  05  06  26  00   165.12  -106.66    58.46
2003  11  05  06  27  00   161.46  -102.08    59.38
2003  11  05  06  28  00   159.83  -100.52    59.31
2003  11  05  06  29  00   149.90   -96.66    53.24
2003  11  05  06  30  00   160.08   -95.72    64.35
2003  11  05  06  31  00   166.03  -100.78    65.25
2003  11  05  06  32  00   156.65  -109.65    47.01
2003  11  05  06  33  00   170.63  -114.68    55.95
2003  11  05  06  34  00   182.89  -113.98    68.91
2003  11  05  06  35  00   185.57  -109.71    75.87
2003  11  05  06  36  00   173.10  -100.28    72.82
2003  11  05  06  37  00   166.91   -97.14    69.77
2003  11  05  06  38  00   169.88  -100.16    69.72
2003  11  05  06  39  00   174.61  -104.94    69.67
2003  11  05  06  40  00   175.73  -109.11    66.62
2003  11  05  06  41  00   174.27  -109.70    64.57
2003  11  05  06  42  00   172.97  -107.44    65.53
2003  11  05  06  43  00   166.69  -102.20    64.49
2003  11  05  06  44  00   157.41   -98.96    58.46
2003  11  05  06  45  00   161.60  -103.17    58.43
2003  11  05  06  46  00   174.33  -111.94    62.39
2003  11  05  06  47  00   185.36  -119.99    65.36
2003  11  05  06  48  00   184.02  -116.68    67.34
2003  11  05  06  49  00   176.21  -109.90    66.31
2003  11  05  06  50  00   167.43  -102.14    65.29
2003  11  05  06  51  00   165.44   -99.17    66.27
2003  11  05  06  52  00   159.24   -97.98    61.25
2003  11  05  06  53  00   154.74   -99.50    55.24
2003  11  05  06  54  00   155.73  -103.50    52.23
2003  11  05  06  55  00   162.12  -106.90    55.22
2003  11  05  06  56  00   168.80  -110.58    58.22
2003  11  05  06  57  00   174.89  -113.67    61.22
2003  11  05  06  58  00   175.98  -113.76    62.22
2003  11  05  06  59  00   173.89  -112.66    61.23
2003  11  05  07  00  00   165.01  -109.77    55.24
2003  11  05  07  01  00   158.24  -106.99    51.25
2003  11  05  07  02  00   152.46  -104.19    48.27
2003  11  05  07  03  00   151.97  -104.68    47.29
2003  11  05  07  04  00   152.68  -105.37    47.31
2003  11  05  07  05  00   153.41  -108.08    45.33
2003  11  05  07  06  00   150.63  -108.27    42.36
2003  11  05  07  07  00   148.76  -106.36    42.39
2003  11  05  07  08  00   150.58  -106.15    44.43
2003  11  05  07  09  00   151.02  -106.56    44.47
2003  11  05  07  10  00   154.47  -108.96    45.50
2003  11  05  07  11  00   158.27  -113.73    44.54
2003  11  05  07  12  00   162.85  -116.26    46.59
2003  11  05  07  13  00   163.37  -114.73    48.64
2003  11  05  07  14  00   161.80  -111.11    50.69
2003  11  05  07  15  00   155.07  -106.33    48.74
2003  11  05  07  16  00   151.14  -104.35    46.79
2003  11  05  07  17  00   150.89  -104.96    45.94
2003  11  05  07  18  00   152.56  -107.44    45.13
2003  11  05  07  19  00   154.20  -111.39    42.81
2003  11  05  07  20  00   153.66  -111.07    42.59
2003  11  05  07  21  00   154.67  -111.05    43.62
2003  11  05  07  22  00   155.69  -112.33    43.36
2003  11  05  07  23  00   154.07  -111.92    42.15
2003  11  05  07  24  00   151.30  -112.08    39.22
2003  11  05  07  25  00   147.78  -109.76    38.02
2003  11  05  07  26  00   148.79  -111.32    37.47
2003  11  05  07  27  00   149.43  -112.98    36.44
2003  11  05  07  28  00   148.08  -112.86    35.22
2003  11  05  07  29  00   146.24  -111.26    34.98
2003  11  05  07  30  00   148.41  -110.54    37.87
2003  11  05  07  31  00   149.91  -109.92    39.99
2003  11  05  07  32  00   150.86  -111.77    39.09
2003  11  05  07  33  00   151.28  -114.73    36.55
2003  11  05  07  34  00   153.91  -117.09    36.82
2003  11  05  07  35  00   152.59  -115.96    36.63
2003  11  05  07  36  00   148.78  -113.25    35.53
2003  11  05  07  37  00   148.53  -113.70    34.83
2003  11  05  07  38  00   156.06  -118.12    37.95
2003  11  05  07  39  00   168.28  -121.75    46.53
2003  11  05  07  40  00   162.12  -119.76    42.36
2003  11  05  07  41  00   147.96  -108.54    39.42
2003  11  05  07  42  00   146.04  -107.02    39.02
2003  11  05  07  43  00   156.51  -110.68    45.83
2003  11  05  07  44  00   171.72  -119.68    52.03
2003  11  05  07  45  00   178.41  -124.68    53.73
2003  11  05  07  46  00   178.25  -121.83    56.42
2003  11  05  07  47  00   181.28  -127.32    53.96
2003  11  05  07  48  00   168.03  -117.96    50.07
2003  11  05  07  49  00   158.66  -106.09    52.57
2003  11  05  07  50  00   169.56  -111.04    58.52
2003  11  05  07  51  00   177.87  -114.67    63.21
2003  11  05  07  52  00   181.56  -114.29    67.27
2003  11  05  07  53  00   183.36  -114.92    68.44
2003  11  05  07  54  00   187.77  -114.75    73.03
2003  11  05  07  55  00   190.46  -115.39    75.08
2003  11  05  07  56  00   189.65  -114.14    75.51
2003  11  05  07  57  00   183.12  -110.02    73.11
2003  11  05  07  58  00   180.01  -105.39    74.63
2003  11  05  07  59  00   181.57  -103.34    78.24
2003  11  05  08  00  00   187.87  -106.08    81.79
2003  11  05  08  01  00   192.25  -110.30    81.95
2003  11  05  08  02  00   201.32  -115.51    85.81
2003  11  05  08  03  00   204.00  -117.13    86.87
2003  11  05  08  04  00   197.92  -111.96    85.96
2003  11  05  08  05  00   187.57  -104.21    83.36
2003  11  05  08  06  00   176.59   -97.47    79.12
2003  11  05  08  07  00   174.68   -95.83    78.85
2003  11  05  08  08  00   173.52   -99.36    74.16
2003  11  05  08  09  00   174.58  -104.97    69.61
2003  11  05  08  10  00   172.12  -105.29    66.83
2003  11  05  08  11  00   164.84  -100.25    64.59
2003  11  05  08  12  00   160.31   -97.99    62.32
2003  11  05  08  13  00   161.22   -98.60    62.62
2003  11  05  08  14  00   166.13  -101.21    64.92
2003  11  05  08  15  00   169.11  -105.30    63.81
2003  11  05  08  16  00   167.46  -106.62    60.85
2003  11  05  08  17  00   193.73  -105.06    88.67
2003  11  05  08  18  00   211.15  -102.40   108.75
2003  11  05  08  19  00   225.25  -100.43   124.82
2003  11  05  08  20  00   212.28  -101.36   110.92
2003  11  05  08  21  00   179.61  -100.70    78.90
2003  11  05  08  22  00   173.03  -100.13    72.90
2003  11  05  08  23  00   166.62   -98.44    68.18
2003  11  05  08  24  00   166.99   -97.74    69.25
2003  11  05  08  25  00   172.50  -101.63    70.86
2003  11  05  08  26  00   174.40  -102.84    71.56
2003  11  05  08  27  00   174.37   -97.60    76.76
2003  11  05  08  28  00   173.02   -91.55    81.47
2003  11  05  08  29  00   167.79   -91.47    76.32
2003  11  05  08  30  00   181.06   -98.07    83.00
2003  11  05  08  31  00   193.83  -102.46    91.37
2003  11  05  08  32  00   189.60  -101.88    87.72
2003  11  05  08  33  00   199.26   -96.13   103.13
2003  11  05  08  34  00   200.96   -89.42   111.53
2003  11  05  08  35  00   216.09  -101.92   114.16
2003  11  05  08  36  00   225.35  -118.04   107.31
2003  11  05  08  37  00   241.05  -128.57   112.48
2003  11  05  08  38  00   249.72  -121.50   128.22
2003  11  05  08  39  00   223.73  -108.78   114.95
2003  11  05  08  40  00   207.47   -99.67   107.80
2003  11  05  08  41  00   212.15   -97.11   115.04
2003  11  05  08  42  00   221.83   -99.92   121.91
2003  11  05  08  43  00   231.20  -108.17   123.02
2003  11  05  08  44  00   242.46  -114.66   127.80
2003  11  05  08  45  00   240.85  -117.18   123.67
2003  11  05  08  46  00   229.11  -112.82   116.28
2003  11  05  08  47  00   210.41  -105.47   104.94
2003  11  05  08  48  00   200.50  -101.68    98.82
2003  11  05  08  49  00   199.61  -102.28    97.33
2003  11  05  08  50  00   194.46  -103.89    90.56
2003  11  05  08  51  00   192.68  -103.81    88.87
2003  11  05  08  52  00   189.67  -102.52    87.14
2003  11  05  08  53  00   188.95  -102.26    86.69
2003  11  05  08  54  00   195.97  -104.07    91.90
2003  11  05  08  55  00   194.30  -108.46    85.84
2003  11  05  08  56  00   196.93  -109.06    87.86
2003  11  05  08  57  00   195.32  -104.49    90.83
2003  11  05  08  58  00   187.85   -99.83    88.02
2003  11  05  08  59  00   184.50   -99.86    84.64
2003  11  05  09  00  00   188.04  -103.97    84.06
2003  11  05  09  01  00   188.33  -106.89    81.45
2003  11  05  09  02  00   189.75  -109.00    80.75
2003  11  05  09  03  00   186.09  -104.63    81.46
2003  11  05  09  04  00   179.06   -99.77    79.29
2003  11  05  09  05  00   182.52  -101.29    81.23
2003  11  05  09  06  00   181.22  -101.13    80.09
2003  11  05  09  07  00   183.81  -103.55    80.26
2003  11  05  09  08  00   188.63  -107.26    81.37
2003  11  05  09  09  00   190.69  -107.47    83.22
2003  11  05  09  10  00   199.51  -108.29    91.22
2003  11  05  09  11  00   204.79  -106.92    97.87
2003  11  05  09  12  00   200.91  -104.56    96.35
2003  11  05  09  13  00   194.91  -104.69    90.21
2003  11  05  09  14  00   189.54  -105.30    84.24
2003  11  05  09  15  00   179.73  -105.51    74.22
2003  11  05  09  16  00   171.11  -102.82    68.29
2003  11  05  09  17  00   164.23   -98.17    66.06
2003  11  05  09  18  00   156.79   -94.82    61.98
2003  11  05  09  19  00   147.51   -90.16    57.35
2003  11  05  09  20  00   145.28   -88.49    56.80
2003  11  05  09  21  00   145.65   -90.71    54.94
2003  11  05  09  22  00   150.12   -93.33    56.79
2003  11  05  09  23  00   147.55   -92.07    55.48
2003  11  05  09  24  00   148.78   -92.70    56.08
2003  11  05  09  25  00   150.75   -93.84    56.91
2003  11  05  09  26  00   147.47   -92.89    54.58
2003  11  05  09  27  00   148.79   -94.01    54.78
2003  11  05  09  28  00   147.26   -92.65    54.60
2003  11  05  09  29  00   148.20   -91.22    56.97
2003  11  05  09  30  00   153.26   -92.78    60.49
2003  11  05  09  31  00   159.54   -97.89    61.65
2003  11  05  09  32  00   163.44   -99.42    64.02
2003  11  05  09  33  00   163.07   -96.88    66.18
2003  11  05  09  34  00   162.16   -92.72    69.44
2003  11  05  09  35  00   163.77   -92.83    70.94
2003  11  05  09  36  00   163.55   -94.34    69.21
2003  11  05  09  37  00   164.58   -96.41    68.17
2003  11  05  09  38  00   178.26  -111.08    67.18
2003  11  05  09  39  00   180.88  -114.18    66.70
2003  11  05  09  40  00   174.93  -110.01    64.92
2003  11  05  09  41  00   168.72  -102.68    66.04
2003  11  05  09  42  00   164.40   -94.98    69.42
2003  11  05  09  43  00   166.60   -96.66    69.94
2003  11  05  09  44  00   168.16   -98.98    69.18
2003  11  05  09  45  00   168.52   -99.95    68.57
2003  11  05  09  46  00   164.60   -96.93    67.66
2003  11  05  09  47  00   163.48   -95.33    68.15
2003  11  05  09  48  00   165.13   -95.30    69.83
2003  11  05  09  49  00   167.78   -98.53    69.24
2003  11  05  09  50  00   168.59  -102.67    65.92
2003  11  05  09  51  00   162.59  -103.15    59.43
2003  11  05  09  52  00   161.66  -103.74    57.92
2003  11  05  09  53  00   157.77  -100.24    57.54
2003  11  05  09  54  00   151.86   -94.63    57.24
2003  11  05  09  55  00   154.21   -93.61    60.60
2003  11  05  09  56  00   158.58   -97.38    61.21
2003  11  05  09  57  00   156.75   -99.25    57.50
2003  11  05  09  58  00   155.55   -99.93    55.62
2003  11  05  09  59  00   158.64   -99.22    59.42
2003  11  05  10  00  00   159.52   -97.22    62.30
2003  11  05  10  01  00   161.57   -98.31    63.26
2003  11  05  10  02  00   158.94   -97.39    61.55
2003  11  05  10  03  00   160.34   -95.89    64.45
2003  11  05  10  04  00   166.50   -96.69    69.81
2003  11  05  10  05  00   174.31   -97.59    76.72
2003  11  05  10  06  00   182.26  -100.17    82.10
2003  11  05  10  07  00   179.76   -99.56    80.20
2003  11  05  10  08  00   172.32  -100.57    71.75
2003  11  05  10  09  00   170.25  -101.28    68.97
2003  11  05  10  10  00   172.82  -100.77    72.04
2003  11  05  10  11  00   164.55   -98.39    66.16
2003  11  05  10  12  00   163.48   -96.51    66.96
2003  11  05  10  13  00   166.21   -95.71    70.50
2003  11  05  10  14  00   167.07   -94.52    72.55
2003  11  05  10  15  00   174.39   -95.52    78.87
2003  11  05  10  16  00   174.49   -96.23    78.26
2003  11  05  10  17  00   169.83   -96.33    73.49
2003  11  05  10  18  00   172.49   -99.74    72.75
2003  11  05  10  19  00   167.25  -101.54    65.71
2003  11  05  10  20  00   157.69  -101.27    56.42
2003  11  05  10  21  00   154.59  -100.11    54.49
2003  11  05  10  22  00   164.44  -101.01    63.43
2003  11  05  10  23  00   174.66  -102.33    72.33
2003  11  05  10  24  00   177.64   -99.36    78.28
2003  11  05  10  25  00   177.89   -95.61    82.28
2003  11  05  10  26  00   176.74   -93.44    83.29
2003  11  05  10  27  00   185.64   -93.36    92.28
2003  11  05  10  28  00   197.62   -95.37   102.25
2003  11  05  10  29  00   204.99   -99.76   105.24
2003  11  05  10  30  00   193.82   -98.56    95.26
2003  11  05  10  31  00   173.49   -92.21    81.28
2003  11  05  10  32  00   160.55   -86.27    74.27
2003  11  05  10  33  00   162.35   -86.11    76.24
2003  11  05  10  34  00   169.56   -89.31    80.25
2003  11  05  10  35  00   170.99   -92.72    78.27
2003  11  05  10  36  00   168.50   -92.26    76.24
2003  11  05  10  37  00   159.71   -90.50    69.21
2003  11  05  10  38  00   156.43   -91.24    65.19
2003  11  05  10  39  00   154.78   -92.57    62.21
2003  11  05  10  40  00   150.78   -94.41    56.37
2003  11  05  10  41  00   146.46   -95.35    51.12
2003  11  05  10  42  00   150.42   -96.34    54.08
2003  11  05  10  43  00   155.39   -97.33    58.06
2003  11  05  10  44  00   162.36   -98.33    64.03
2003  11  05  10  45  00   159.56   -97.56    62.00
2003  11  05  10  46  00   157.05   -99.09    57.96
2003  11  05  10  47  00   152.53  -101.61    50.92
2003  11  05  10  48  00   146.03  -102.14    43.89
2003  11  05  10  49  00   148.78  -103.00    45.79
2003  11  05  10  50  00   146.33  -102.86    43.47
2003  11  05  10  51  00   143.92  -102.42    41.49
2003  11  05  10  52  00   142.94  -102.76    40.18
2003  11  05  10  53  00   145.23  -103.80    41.43
2003  11  05  10  54  00   147.47  -105.45    42.02
2003  11  05  10  55  00   147.54  -104.40    43.14
2003  11  05  10  56  00   145.58  -103.14    42.44
2003  11  05  10  57  00   149.11  -104.28    44.83
2003  11  05  10  58  00   161.06  -105.11    55.94
2003  11  05  10  59  00   164.40  -103.66    60.74
2003  11  05  11  00  00   164.07  -104.20    59.87
2003  11  05  11  01  00   163.76  -105.84    57.92
2003  11  05  11  02  00   163.54  -104.68    58.86
2003  11  05  11  03  00   158.92  -102.84    56.08
2003  11  05  11  04  00   152.14  -104.00    48.14
2003  11  05  11  05  00   151.80  -103.95    47.85
2003  11  05  11  06  00   152.66  -100.90    51.76
2003  11  05  11  07  00   155.11   -99.35    55.76
2003  11  05  11  08  00   160.00  -101.89    58.11
2003  11  05  11  09  00   162.70  -106.43    56.27
2003  11  05  11  10  00   165.81  -109.08    56.73
2003  11  05  11  11  00   163.23  -108.74    54.49
2003  11  05  11  12  00   167.49  -108.59    58.90
2003  11  05  11  13  00   171.84  -109.34    62.51
2003  11  05  11  14  00   170.00  -109.88    60.12
2003  11  05  11  15  00   165.89  -108.93    56.96
2003  11  05  11  16  00   163.08  -107.97    55.11
2003  11  05  11  17  00   162.21  -107.62    54.59
2003  11  05  11  18  00   162.80  -107.08    55.72
2003  11  05  11  19  00   161.81  -105.43    56.38
2003  11  05  11  20  00   163.21  -106.46    56.75
2003  11  05  11  21  00   166.86  -109.29    57.58
2003  11  05  11  22  00   168.32  -111.63    56.69
2003  11  05  11  23  00   167.58  -111.38    56.20
2003  11  05  11  24  00   166.59  -110.22    56.37
2003  11  05  11  25  00   167.03  -110.05    56.97
2003  11  05  11  26  00   166.22  -110.99    55.23
2003  11  05  11  27  00   167.12  -112.73    54.39
2003  11  05  11  28  00   169.94  -114.27    55.67
2003  11  05  11  29  00   170.86  -113.11    57.75
2003  11  05  11  30  00   168.40  -110.44    57.96
2003  11  05  11  31  00   163.39  -108.17    55.21
2003  11  05  11  32  00   165.84  -108.50    57.34
2003  11  05  11  33  00   168.38  -110.01    58.37
2003  11  05  11  34  00   171.71  -112.33    59.38
2003  11  05  11  35  00   174.85  -113.45    61.40
2003  11  05  11  36  00   176.21  -112.78    63.43
2003  11  05  11  37  00   175.09  -111.61    63.48
2003  11  05  11  38  00   173.66  -112.13    61.53
2003  11  05  11  39  00   169.93  -113.34    56.59
2003  11  05  11  40  00   167.19  -115.54    51.64
2003  11  05  11  41  00   163.46  -116.76    46.70
2003  11  05  11  42  00   163.14  -115.39    47.75
2003  11  05  11  43  00   162.42  -115.61    46.81
2003  11  05  11  44  00   155.00  -111.12    43.88
2003  11  05  11  45  00   153.28  -109.34    43.94
2003  11  05  11  46  00   151.37  -108.15    43.22
2003  11  05  11  47  00   150.14  -107.56    42.58
2003  11  05  11  48  00   147.82  -107.87    39.94
2003  11  05  11  49  00   147.26  -109.79    37.47
2003  11  05  11  50  00   146.98  -110.89    36.09
2003  11  05  11  51  00   145.01  -111.68    33.33
2003  11  05  11  52  00   144.73  -112.28    32.46
2003  11  05  11  53  00   145.59  -112.48    33.11
2003  11  05  11  54  00   146.02  -111.20    34.82
2003  11  05  11  55  00   146.70  -109.00    37.70
2003  11  05  11  56  00   147.79  -108.00    39.79
2003  11  05  11  57  00   146.79  -110.08    36.71
2003  11  05  11  58  00   146.38  -112.85    33.53
2003  11  05  11  59  00   146.17  -113.64    32.53
2003  11  05  12  00  00   145.67  -113.03    32.64
2003  11  05  12  01  00   145.32  -111.63    33.70
2003  11  05  12  02  00   144.91  -110.71    34.20
2003  11  05  12  03  00   147.16  -111.09    36.08
2003  11  05  12  04  00   148.96  -111.46    37.50
2003  11  05  12  05  00   147.39  -111.24    36.15
2003  11  05  12  06  00   147.66  -110.91    36.75
2003  11  05  12  07  00   149.90  -111.88    38.03
2003  11  05  12  08  00   151.62  -114.74    36.88
2003  11  05  12  09  00   150.43  -116.61    33.82
2003  11  05  12  10  00   149.10  -116.17    32.93
2003  11  05  12  11  00   148.30  -114.64    33.66
2003  11  05  12  12  00   146.87  -112.42    34.45
2003  11  05  12  13  00   146.35  -111.97    34.38
2003  11  05  12  14  00   146.57  -112.83    33.74
2003  11  05  12  15  00   145.95  -113.09    32.86
2003  11  05  12  16  00   145.24  -112.54    32.69
2003  11  05  12  17  00   145.34  -111.80    33.54
2003  11  05  12  18  00   145.72  -110.45    35.27
2003  11  05  12  19  00   149.05  -109.60    39.45
2003  11  05  12  20  00   144.75  -109.34    35.41
2003  11  05  12  21  00   146.21  -110.77    35.44
2003  11  05  12  22  00   146.15  -112.50    33.64
2003  11  05  12  23  00   145.06  -114.43    30.63
2003  11  05  12  24  00   143.78  -114.96    28.82
2003  11  05  12  25  00   142.64  -112.70    29.94
2003  11  05  12  26  00   142.64  -111.54    31.09
2003  11  05  12  27  00   142.26  -111.38    30.88
2003  11  05  12  28  00   145.08  -112.02    33.06
2003  11  05  12  29  00   149.00  -115.85    33.15
2003  11  05  12  30  00   148.34  -116.50    31.84
2003  11  05  12  31  00   147.45  -114.93    32.52
2003  11  05  12  32  00   148.25  -115.05    33.20
2003  11  05  12  33  00   147.82  -116.27    31.55
2003  11  05  12  34  00   144.33  -115.57    28.76
2003  11  05  12  35  00   146.85  -115.78    31.07
2003  11  05  12  36  00   151.69  -117.61    34.08
2003  11  05  12  37  00   151.04  -116.53    34.51
2003  11  05  12  38  00   149.04  -115.44    33.60
2003  11  05  12  39  00   148.16  -115.04    33.12
2003  11  05  12  40  00   149.22  -116.73    32.49
2003  11  05  12  41  00   150.32  -120.23    30.09
2003  11  05  12  42  00   151.40  -121.63    29.76
2003  11  05  12  43  00   150.94  -121.03    29.91
2003  11  05  12  44  00   151.06  -120.82    30.23
2003  11  05  12  45  00   153.01  -122.32    30.69
2003  11  05  12  46  00   159.46  -123.42    36.04
2003  11  05  12  47  00   160.11  -123.81    36.31
2003  11  05  12  48  00   151.98  -122.99    29.00
2003  11  05  12  49  00   152.92  -122.78    30.14
2003  11  05  12  50  00   155.13  -123.69    31.44
2003  11  05  12  51  00   153.67  -124.17    29.50
2003  11  05  12  52  00   151.48  -124.25    27.23
2003  11  05  12  53  00   160.64  -125.24    35.40
2003  11  05  12  54  00   171.09  -125.43    45.66
2003  11  05  12  55  00   177.04  -124.12    52.92
2003  11  05  12  56  00   179.87  -122.70    57.18
2003  11  05  12  57  00   171.90  -123.47    48.42
2003  11  05  12  58  00   162.43  -124.74    37.69
2003  11  05  12  59  00   152.25  -124.82    27.44
2003  11  05  13  00  00   154.61  -125.00    29.61
2003  11  05  13  01  00   154.73  -124.68    30.05
2003  11  05  13  02  00   153.67  -123.66    30.01
2003  11  05  13  03  00   153.91  -124.62    29.29
2003  11  05  13  04  00   154.66  -125.99    28.68
2003  11  05  13  05  00   156.94  -126.55    30.39
2003  11  05  13  06  00   157.82  -126.02    31.80
2003  11  05  13  07  00   155.66  -125.09    30.57
2003  11  05  13  08  00   154.70  -124.16    30.54
2003  11  05  13  09  00   156.47  -124.62    31.85
2003  11  05  13  10  00   156.26  -126.37    29.89
2003  11  05  13  11  00   153.04  -127.82    25.22
2003  11  05  13  12  00   157.04  -128.48    28.56
2003  11  05  13  13  00   160.24  -127.05    33.19
2003  11  05  13  14  00   156.89  -124.90    31.98
2003  11  05  13  15  00   150.26  -122.24    28.02
2003  11  05  13  16  00   148.57  -122.78    25.80
2003  11  05  13  17  00   150.67  -126.31    24.35
2003  11  05  13  18  00   152.44  -129.26    23.17
2003  11  05  13  19  00   155.93  -130.02    25.90
2003  11  05  13  20  00   157.46  -128.38    29.08
2003  11  05  13  21  00   155.30  -126.23    29.07
2003  11  05  13  22  00   155.67  -125.48    30.19
2003  11  05  13  23  00   153.07  -123.83    29.23
2003  11  05  13  24  00   150.11  -121.59    28.52
2003  11  05  13  25  00   148.82  -121.04    27.78
2003  11  05  13  26  00   148.30  -121.59    26.71
2003  11  05  13  27  00   147.88  -120.64    27.24
2003  11  05  13  28  00   147.08  -119.78    27.30
2003  11  05  13  29  00   146.19  -118.73    27.46
2003  11  05  13  30  00   146.13  -117.69    28.44
2003  11  05  13  31  00   147.09  -116.55    30.54
2003  11  05  13  32  00   145.42  -115.50    29.93
2003  11  05  13  33  00   142.84  -114.34    28.50
2003  11  05  13  34  00   142.11  -113.49    28.62
2003  11  05  13  35  00   143.54  -113.82    29.71
2003  11  05  13  36  00   144.86  -114.35    30.51
2003  11  05  13  37  00   145.03  -114.49    30.54
2003  11  05  13  38  00   145.56  -115.34    30.22
2003  11  05  13  39  00   149.20  -114.79    34.41
2003  11  05  13  40  00   155.32  -114.63    40.70
2003  11  05  13  41  00   159.84  -115.87    43.97
2003  11  05  13  42  00   159.48  -116.22    43.26
2003  11  05  13  43  00   158.52  -114.96    43.55
2003  11  05  13  44  00   164.73  -114.89    49.84
2003  11  05  13  45  00   167.15  -115.03    52.12
2003  11  05  13  46  00   165.78  -116.37    49.42
2003  11  05  13  47  00   165.62  -116.91    48.71
2003  11  05  13  48  00   161.74  -114.75    46.99
2003  11  05  13  49  00   157.66  -113.38    44.27
2003  11  05  13  50  00   150.38  -112.82    37.55
2003  11  05  13  51  00   143.97  -112.36    31.61
2003  11  05  13  52  00   147.91  -113.59    34.32
2003  11  05  13  53  00   147.63  -114.82    32.81
2003  11  05  13  54  00   148.85  -116.17    32.68
2003  11  05  13  55  00   148.18  -116.22    31.96
2003  11  05  13  56  00   148.06  -116.16    31.90
2003  11  05  13  57  00   147.89  -115.40    32.49
2003  11  05  13  58  00   148.32  -114.54    33.78
2003  11  05  13  59  00   147.47  -114.99    32.48
2003  11  05  14  00  00   144.93  -115.24    29.69
2003  11  05  14  01  00   144.71  -116.18    28.52
2003  11  05  14  02  00   145.16  -117.33    27.83
2003  11  05  14  03  00   144.97  -116.67    28.30
2003  11  05  14  04  00   147.11  -114.72    32.38
2003  11  05  14  05  00   147.01  -114.37    32.64
2003  11  05  14  06  00   143.43  -115.11    28.33
2003  11  05  14  07  00   143.51  -115.24    28.27
2003  11  05  14  08  00   142.80  -113.78    29.02
2003  11  05  14  09  00   141.37  -111.43    29.94
2003  11  05  14  10  00   142.75  -111.37    31.38
2003  11  05  14  11  00   143.53  -111.34    32.19
2003  11  05  14  12  00   151.15  -111.79    39.36
2003  11  05  14  13  00   156.14  -113.02    43.12
2003  11  05  14  14  00   157.30  -116.45    40.86
2003  11  05  14  15  00   142.71  -119.19    23.51
2003  11  05  14  16  00   143.35  -119.35    24.00
2003  11  05  14  17  00   146.62  -116.73    29.89
2003  11  05  14  18  00   145.21  -113.59    31.62
2003  11  05  14  19  00   141.66  -110.93    30.73
2003  11  05  14  20  00   139.47  -110.68    28.79
2003  11  05  14  21  00   140.00  -110.23    29.77
2003  11  05  14  22  00   140.37  -112.17    28.19
2003  11  05  14  23  00   143.34  -113.53    29.81
2003  11  05  14  24  00   145.20  -114.59    30.61
2003  11  05  14  25  00   144.76  -114.96    29.81
2003  11  05  14  26  00   141.94  -113.39    28.55
2003  11  05  14  27  00   156.05  -114.65    41.39
2003  11  05  14  28  00   165.98  -115.70    50.28
2003  11  05  14  29  00   160.08  -115.04    45.04
2003  11  05  14  30  00   159.11  -113.89    45.22
2003  11  05  14  31  00   162.58  -114.24    48.34
2003  11  05  14  32  00   172.05  -115.59    56.45
2003  11  05  14  33  00   173.20  -114.65    58.55
2003  11  05  14  34  00   182.43  -117.12    65.31
2003  11  05  14  35  00   184.22  -120.48    63.74
2003  11  05  14  36  00   184.64  -121.23    63.41
2003  11  05  14  37  00   198.54  -123.20    75.33
2003  11  05  14  38  00   197.87  -122.24    75.63
2003  11  05  14  39  00   185.59  -118.92    66.67
2003  11  05  14  40  00   174.71  -114.11    60.61
2003  11  05  14  41  00   167.69  -111.65    56.04
2003  11  05  14  42  00   166.96  -112.82    54.14
2003  11  05  14  43  00   155.20  -111.49    43.70
2003  11  05  14  44  00   147.02  -110.86    36.16
2003  11  05  14  45  00   146.25  -112.12    34.13
2003  11  05  14  46  00   147.74  -111.58    36.16
2003  11  05  14  47  00   151.14  -112.94    38.19
2003  11  05  14  48  00   153.94  -113.71    40.23
2003  11  05  14  49  00   147.34  -112.06    35.27
2003  11  05  14  50  00   142.73  -113.42    29.31
2003  11  05  14  51  00   143.33  -113.97    29.36
2003  11  05  14  52  00   143.15  -110.74    32.41
2003  11  05  14  53  00   142.67  -110.21    32.46
2003  11  05  14  54  00   142.02  -110.85    31.17
2003  11  05  14  55  00   145.06  -111.00    34.06
2003  11  05  14  56  00   145.52  -107.66    37.86
2003  11  05  14  57  00   148.75  -108.70    40.06
2003  11  05  14  58  00   153.24  -109.65    43.60
2003  11  05  14  59  00   161.13  -108.61    52.53
2003  11  05  15  00  00   172.10  -110.95    61.15
2003  11  05  15  01  00   172.01  -113.20    58.82
2003  11  05  15  02  00   168.81  -112.58    56.23
2003  11  05  15  03  00   166.13  -110.85    55.29
2003  11  05  15  04  00   162.82  -110.54    52.27
2003  11  05  15  05  00   166.87  -112.05    54.82
2003  11  05  15  06  00   164.33  -109.04    55.29
2003  11  05  15  07  00   159.97  -107.24    52.73
2003  11  05  15  08  00   154.10  -101.63    52.47
2003  11  05  15  09  00   146.88   -97.83    49.05
2003  11  05  15  10  00   143.53   -94.82    48.70
2003  11  05  15  11  00   140.46   -86.41    54.05
2003  11  05  15  12  00   136.86   -84.36    52.50
2003  11  05  15  13  00   136.00   -88.40    47.60
2003  11  05  15  14  00   151.63   -98.01    53.62
2003  11  05  15  15  00   163.91   -99.87    64.04
2003  11  05  15  16  00   160.44  -102.43    58.01
2003  11  05  15  17  00   162.67  -102.89    59.78
2003  11  05  15  18  00   163.63  -102.37    61.26
2003  11  05  15  19  00   163.93  -105.17    58.76
2003  11  05  15  20  00   158.68  -105.23    53.45
2003  11  05  15  21  00   152.94  -104.26    48.68
2003  11  05  15  22  00   155.14  -102.99    52.15
2003  11  05  15  23  00   160.16  -101.23    58.93
2003  11  05  15  24  00   172.62  -102.76    69.86
2003  11  05  15  25  00   181.67  -103.90    77.77
2003  11  05  15  26  00   184.36  -104.27    80.09
2003  11  05  15  27  00   174.42  -105.02    69.40
2003  11  05  15  28  00   170.54  -104.56    65.98
2003  11  05  15  29  00   173.70  -101.92    71.78
2003  11  05  15  30  00   174.67   -98.96    75.71
2003  11  05  15  31  00   175.33   -97.60    77.73
2003  11  05  15  32  00   169.62   -98.53    71.09
2003  11  05  15  33  00   164.45   -99.56    64.89
2003  11  05  15  34  00   169.84  -100.90    68.94
2003  11  05  15  35  00   167.12  -101.34    65.78
2003  11  05  15  36  00   153.98  -101.75    52.23
2003  11  05  15  37  00   150.99  -104.36    46.62
2003  11  05  15  38  00   151.16  -103.59    47.57
2003  11  05  15  39  00   148.55  -100.23    48.32
2003  11  05  15  40  00   149.36   -99.08    50.28
2003  11  05  15  41  00   150.55   -97.82    52.73
2003  11  05  15  42  00   151.26   -98.86    52.40
2003  11  05  15  43  00   150.89  -100.61    50.28
2003  11  05  15  44  00   150.22  -102.07    48.15
2003  11  05  15  45  00   151.95  -101.74    50.22
2003  11  05  15  46  00   154.42  -101.69    52.73
2003  11  05  15  47  00   154.95  -100.94    54.01
2003  11  05  15  48  00   161.26  -100.09    61.18
2003  11  05  15  49  00   159.99   -99.23    60.76
2003  11  05  15  50  00   152.69   -98.27    54.42
2003  11  05  15  51  00   149.99   -98.41    51.58
2003  11  05  15  52  00   155.26   -97.24    58.02
2003  11  05  15  53  00   160.24   -96.37    63.86
2003  11  05  15  54  00   160.77   -95.11    65.66
2003  11  05  15  55  00   164.73   -94.04    70.68
2003  11  05  15  56  00   161.64   -94.68    66.96
2003  11  05  15  57  00   156.20   -93.01    63.19
2003  11  05  15  58  00   148.16   -91.84    56.32
2003  11  05  15  59  00   151.95   -93.05    58.90
2003  11  05  16  00  00   144.54   -95.26    49.28
2003  11  05  16  01  00   172.95  -102.87    70.08
2003  11  05  16  02  00   179.08  -107.67    71.40
2003  11  05  16  03  00   193.61  -102.60    91.01
2003  11  05  16  04  00   186.08  -102.54    83.54
2003  11  05  16  05  00   171.84  -102.37    69.47
2003  11  05  16  06  00   182.01  -111.84    70.17
2003  11  05  16  07  00   189.25  -106.95    82.30
2003  11  05  16  08  00   188.72  -105.13    83.60
2003  11  05  16  09  00   198.26  -103.48    94.77
2003  11  05  16  10  00   194.55  -102.13    92.42
2003  11  05  16  11  00   192.83  -103.86    88.97
2003  11  05  16  12  00   189.35  -106.10    83.25
2003  11  05  16  13  00   178.57  -104.33    74.23
2003  11  05  16  14  00   170.37  -104.95    65.42
2003  11  05  16  15  00   155.39  -105.48    49.91
2003  11  05  16  16  00   150.18  -103.60    46.58
2003  11  05  16  17  00   152.59  -104.71    47.88
2003  11  05  16  18  00   155.10  -105.12    49.98
2003  11  05  16  19  00   156.80  -104.53    52.27
2003  11  05  16  20  00   157.41  -102.96    54.45
2003  11  05  16  21  00   157.52  -101.78    55.74
2003  11  05  16  22  00   157.13  -100.80    56.33
2003  11  05  16  23  00   157.93  -100.72    57.21
2003  11  05  16  24  00   157.04  -100.84    56.20
2003  11  05  16  25  00   155.64  -100.36    55.28
2003  11  05  16  26  00   154.64  -100.77    53.87
2003  11  05  16  27  00   151.93   -98.70    53.24
2003  11  05  16  28  00   149.23   -96.31    52.91
2003  11  05  16  29  00   149.50   -95.92    53.57
2003  11  05  16  30  00   150.17   -97.12    53.05
2003  11  05  16  31  00   152.04   -99.03    53.01
2003  11  05  16  32  00   150.53   -96.27    54.26
2003  11  05  16  33  00   149.71   -96.68    53.03
2003  11  05  16  34  00   149.69   -98.39    51.30
2003  11  05  16  35  00   150.17   -99.70    50.47
2003  11  05  16  36  00   149.85   -97.23    52.62
2003  11  05  16  37  00   149.11   -94.63    54.48
2003  11  05  16  38  00   152.06   -96.12    55.95
2003  11  05  16  39  00   152.33   -96.62    55.71
2003  11  05  16  40  00   153.10   -97.13    55.97
2003  11  05  16  41  00   154.37   -97.03    57.33
2003  11  05  16  42  00   155.42   -97.72    57.69
2003  11  05  16  43  00   156.78   -98.43    58.35
2003  11  05  16  44  00   155.95   -97.06    58.89
2003  11  05  16  45  00   155.21   -94.97    60.23
2003  11  05  16  46  00   156.66   -95.47    61.19
2003  11  05  16  47  00   157.81   -96.58    61.23
2003  11  05  16  48  00   156.26   -95.19    61.07
2003  11  05  16  49  00   155.80   -97.09    58.71
2003  11  05  16  50  00   155.46   -99.01    56.45
2003  11  05  16  51  00   153.62   -98.23    55.39
2003  11  05  16  52  00   160.15   -97.64    62.51
2003  11  05  16  53  00   169.50   -98.75    70.76
2003  11  05  16  54  00   167.66  -100.66    67.00
2003  11  05  16  55  00   162.09  -103.86    58.23
2003  11  05  16  56  00   156.59  -105.99    50.60
2003  11  05  16  57  00   155.70  -104.03    51.67
2003  11  05  16  58  00   165.33  -103.44    61.89
2003  11  05  16  59  00   168.98  -104.87    64.11
2003  11  05  17  00  00   169.94  -103.60    66.33
2003  11  05  17  01  00   169.77  -103.23    66.54
2003  11  05  17  02  00   168.20  -103.45    64.75
2003  11  05  17  03  00   169.02  -104.08    64.94
2003  11  05  17  04  00   175.75  -101.61    74.14
2003  11  05  17  05  00   180.98   -99.64    81.34
2003  11  05  17  06  00   180.18  -100.65    79.53
2003  11  05  17  07  00   169.89  -101.18    68.71
2003  11  05  17  08  00   168.89  -102.99    65.90
2003  11  05  17  09  00   171.59  -106.52    65.07
2003  11  05  17  10  00   171.69  -103.44    68.26
2003  11  05  17  11  00   174.59  -105.17    69.43
2003  11  05  17  12  00   176.83  -102.23    74.60
2003  11  05  17  13  00   181.32  -100.55    80.78
2003  11  05  17  14  00   184.62  -102.68    81.94
2003  11  05  17  15  00   184.61  -103.51    81.10
2003  11  05  17  16  00   180.80  -103.54    77.26
2003  11  05  17  17  00   171.48  -105.08    66.40
2003  11  05  17  18  00   165.49  -103.94    61.54
2003  11  05  17  19  00   169.17  -103.48    65.69
2003  11  05  17  20  00   169.54  -103.73    65.82
2003  11  05  17  21  00   166.59  -106.12    60.47
2003  11  05  17  22  00   170.47  -108.04    62.43
2003  11  05  17  23  00   169.89  -107.06    62.83
2003  11  05  17  24  00   177.05  -112.49    64.55
2003  11  05  17  25  00   190.83  -116.36    74.47
2003  11  05  17  26  00   189.93  -113.70    76.23
2003  11  05  17  27  00   190.33  -109.81    80.52
2003  11  05  17  28  00   191.66  -110.68    80.98
2003  11  05  17  29  00   192.27  -115.26    77.01
2003  11  05  17  30  00   190.41  -117.35    73.05
2003  11  05  17  31  00   187.48  -117.96    69.52
2003  11  05  17  32  00   185.89  -121.74    64.15
2003  11  05  17  33  00   185.13  -125.75    59.38
2003  11  05  17  34  00   182.55  -127.04    55.51
2003  11  05  17  35  00   187.53  -131.83    55.71
2003  11  05  17  36  00   182.10  -131.94    50.16
2003  11  05  17  37  00   177.09  -128.94    48.15
2003  11  05  17  38  00   184.07  -131.34    52.73
2003  11  05  17  39  00   190.20  -135.14    55.06
2003  11  05  17  40  00   189.47  -133.24    56.23
2003  11  05  17  41  00   192.63  -130.85    61.78
2003  11  05  17  42  00   212.26  -130.46    81.80
2003  11  05  17  43  00   227.33  -129.07    98.25
2003  11  05  17  44  00   227.86  -125.50   102.37
2003  11  05  17  45  00   203.49  -123.93    79.56
2003  11  05  17  46  00   170.43  -117.27    53.15
2003  11  05  17  47  00   161.92  -114.19    47.73
2003  11  05  17  48  00   174.74  -122.95    51.79
2003  11  05  17  49  00   179.08  -121.82    57.27
2003  11  05  17  50  00   179.92  -125.22    54.70
2003  11  05  17  51  00   186.71  -131.21    55.50
2003  11  05  17  52  00   204.21  -138.92    65.28
2003  11  05  17  53  00   202.42  -133.89    68.52
2003  11  05  17  54  00   211.28  -140.12    71.16
2003  11  05  17  55  00   213.70  -143.76    69.95
2003  11  05  17  56  00   208.33  -145.81    62.52
2003  11  05  17  57  00   209.83  -144.09    65.74
2003  11  05  17  58  00   204.26  -140.58    63.68
2003  11  05  17  59  00   194.85  -137.42    57.43
2003  11  05  18  00  00   192.39  -142.78    49.61
2003  11  05  18  01  00   192.61  -145.26    47.34
2003  11  05  18  02  00   190.18  -140.94    49.23
2003  11  05  18  03  00   187.77  -136.33    51.44
2003  11  05  18  04  00   183.30  -132.66    50.64
2003  11  05  18  05  00   173.15  -125.69    47.46
2003  11  05  18  06  00   178.55  -130.89    47.65
2003  11  05  18  07  00   183.39  -133.38    50.01
2003  11  05  18  08  00   184.62  -132.25    52.37
2003  11  05  18  09  00   185.85  -133.54    52.31
2003  11  05  18  10  00   182.49  -130.46    52.04
2003  11  05  18  11  00   193.55  -127.96    65.59
2003  11  05  18  12  00   177.77  -117.69    60.08
2003  11  05  18  13  00   199.93  -116.00    83.93
2003  11  05  18  14  00   192.79  -120.99    71.79
2003  11  05  18  15  00   195.28  -119.60    75.68
2003  11  05  18  16  00   166.73  -111.15    55.58
2003  11  05  18  17  00   171.93  -109.67    62.26
2003  11  05  18  18  00   204.19  -118.15    86.04
2003  11  05  18  19  00   188.74  -122.17    66.57
2003  11  05  18  20  00   175.73  -108.48    67.25
2003  11  05  18  21  00   186.44  -102.62    83.82
2003  11  05  18  22  00   201.83  -106.44    95.39
2003  11  05  18  23  00   201.60  -108.68    92.92
2003  11  05  18  24  00   201.27  -110.54    90.73
2003  11  05  18  25  00   201.87  -108.29    93.58
2003  11  05  18  26  00   188.90  -100.95    87.94
2003  11  05  18  27  00   180.28   -98.69    81.59
2003  11  05  18  28  00   174.48  -105.53    68.95
2003  11  05  18  29  00   175.27  -107.50    67.77
2003  11  05  18  30  00   188.08  -103.85    84.23
2003  11  05  18  31  00   175.36   -95.95    79.41
2003  11  05  18  32  00   164.57   -88.67    75.90
2003  11  05  18  33  00   202.34   -91.61   110.72
2003  11  05  18  34  00   204.68  -105.84    98.84
2003  11  05  18  35  00   205.00  -109.93    95.07
2003  11  05  18  36  00   192.91  -109.84    83.07
2003  11  05  18  37  00   191.21  -112.42    78.79
2003  11  05  18  38  00   187.27  -118.72    68.55
2003  11  05  18  39  00   170.14  -119.31    50.83
2003  11  05  18  40  00   169.26  -120.72    48.54
2003  11  05  18  41  00   175.79  -124.03    51.76
2003  11  05  18  42  00   168.90  -124.35    44.55
2003  11  05  18  43  00   156.95  -117.16    39.79
2003  11  05  18  44  00   152.41  -115.17    37.24
2003  11  05  18  45  00   157.15  -121.71    35.45
2003  11  05  18  46  00   162.32  -124.75    37.58
2003  11  05  18  47  00   166.79  -122.47    44.32
2003  11  05  18  48  00   174.84  -120.40    54.44
2003  11  05  18  49  00   185.96  -119.15    66.81
2003  11  05  18  50  00   196.14  -120.68    75.46
2003  11  05  18  51  00   195.96  -115.99    79.97
2003  11  05  18  52  00   185.36  -109.93    75.42
2003  11  05  18  53  00   182.86  -110.23    72.62
2003  11  05  18  54  00   188.48  -116.54    71.93
2003  11  05  18  55  00   186.68  -116.75    69.92
2003  11  05  18  56  00   174.83  -111.99    62.84
2003  11  05  18  57  00   175.60  -110.33    65.26
2003  11  05  18  58  00   179.36  -113.18    66.18
2003  11  05  18  59  00   166.25  -110.71    55.54
2003  11  05  19  00  00   171.18  -113.96    57.22
2003  11  05  19  01  00   170.48  -116.64    53.85
2003  11  05  19  02  00   163.73  -113.27    50.46
2003  11  05  19  03  00   170.10  -120.02    50.08
2003  11  05  19  04  00   165.76  -123.29    42.46
2003  11  05  19  05  00   172.33  -118.85    53.48
2003  11  05  19  06  00   163.87  -114.22    49.65
2003  11  05  19  07  00   152.78  -104.91    47.86
2003  11  05  19  08  00   154.76   -96.48    58.28
2003  11  05  19  09  00   150.14   -97.24    52.90
2003  11  05  19  10  00   150.62   -94.10    56.52
2003  11  05  19  11  00   159.54   -87.38    72.16
2003  11  05  19  12  00   160.63   -85.86    74.77
2003  11  05  19  13  00   154.48   -87.12    67.36
2003  11  05  19  14  00   159.23   -84.27    74.97
2003  11  05  19  15  00   162.02   -82.45    79.57
2003  11  05  19  16  00   169.49   -84.33    85.16
2003  11  05  19  17  00   168.73   -87.98    80.76
2003  11  05  19  18  00   156.36   -88.87    67.49
2003  11  05  19  19  00   162.20   -85.25    76.95
2003  11  05  19  20  00   164.41   -81.88    82.53
2003  11  05  19  21  00   162.15   -81.04    81.11
2003  11  05  19  22  00   164.87   -87.18    77.69
2003  11  05  19  23  00   151.61   -87.46    64.16
2003  11  05  19  24  00   147.31   -86.91    60.41
2003  11  05  19  25  00   163.56   -92.09    71.47
2003  11  05  19  26  00   164.00   -93.94    70.06
2003  11  05  19  27  00   162.94  -100.29    62.64
2003  11  05  19  28  00   164.57  -106.36    58.20
2003  11  05  19  29  00   144.86   -99.06    45.80
2003  11  05  19  30  00   156.75   -96.36    60.39
2003  11  05  19  31  00   149.40   -99.43    49.97
2003  11  05  19  32  00   145.07  -102.76    42.31
2003  11  05  19  33  00   143.88  -102.37    41.51
2003  11  05  19  34  00   145.32   -88.60    56.72
2003  11  05  19  35  00   147.53   -85.23    62.30
2003  11  05  19  36  00   168.80   -99.30    69.50
2003  11  05  19  37  00   150.71   -90.31    60.40
2003  11  05  19  38  00   164.18   -85.17    79.01
2003  11  05  19  39  00   148.69   -88.78    59.91
2003  11  05  19  40  00   149.86   -90.54    59.31
2003  11  05  19  41  00   145.21   -88.51    56.70
2003  11  05  19  42  00   160.41   -91.31    69.10
2003  11  05  19  43  00   191.07  -102.63    88.44
2003  11  05  19  44  00   200.46  -109.14    91.32
2003  11  05  19  45  00   207.86   -95.17   112.68
2003  11  05  19  46  00   208.16   -93.56   114.60
2003  11  05  19  47  00   213.17   -96.18   116.98
2003  11  05  19  48  00   191.04   -95.22    95.82
2003  11  05  19  49  00   160.20   -92.48    67.71
2003  11  05  19  50  00   163.36  -105.44    57.92
2003  11  05  19  51  00   181.40  -119.01    62.40
2003  11  05  19  52  00   178.95  -118.20    60.75
2003  11  05  19  53  00   195.52  -113.30    82.22
2003  11  05  19  54  00   227.42  -113.53   113.89
2003  11  05  19  55  00   217.29  -105.36   111.93
2003  11  05  19  56  00   195.91   -94.94   100.97
2003  11  05  19  57  00   209.91   -93.81   116.10
2003  11  05  19  58  00   210.65   -96.50   114.15
2003  11  05  19  59  00   210.16   -99.96   110.21
2003  11  05  20  00  00   203.13  -100.72   102.41
2003  11  05  20  01  00   199.10  -106.22    92.88
2003  11  05  20  02  00   208.22  -106.91   101.31
2003  11  05  20  03  00   226.69  -102.90   123.78
2003  11  05  20  04  00   226.14   -95.58   130.56
2003  11  05  20  05  00   232.92   -97.05   135.87
2003  11  05  20  06  00   243.04  -110.12   132.92
2003  11  05  20  07  00   227.10  -105.33   121.77
2003  11  05  20  08  00   240.29   -98.40   141.89
2003  11  05  20  09  00   241.52  -103.26   138.26
2003  11  05  20  10  00   213.34  -106.85   106.50
2003  11  05  20  11  00   227.84   -99.30   128.55
2003  11  05  20  12  00   281.05  -113.01   168.04
2003  11  05  20  13  00   324.63  -131.58   193.05
2003  11  05  20  14  00   350.90  -136.29   214.61
2003  11  05  20  15  00   341.79  -125.78   216.01
2003  11  05  20  16  00   344.16  -128.43   215.73
2003  11  05  20  17  00   315.94  -122.76   193.18
2003  11  05  20  18  00   261.39  -117.78   143.61
2003  11  05  20  19  00   222.58  -123.69    98.89
2003  11  05  20  20  00   189.64  -123.30    66.33
2003  11  05  20  21  00   208.89  -132.41    76.49
2003  11  05  20  22  00   261.64  -156.81   104.83
2003  11  05  20  23  00   260.77  -144.80   115.97
2003  11  05  20  24  00   266.13  -151.90   114.23
2003  11  05  20  25  00   352.27  -240.12   112.14
2003  11  05  20  26  00   394.44  -233.07   161.37
2003  11  05  20  27  00   407.54  -245.28   162.26
2003  11  05  20  28  00   358.10  -230.18   127.92
2003  11  05  20  29  00   349.81  -259.75    90.06
2003  11  05  20  30  00   343.95  -250.26    93.69
2003  11  05  20  31  00   339.60  -259.63    79.97
2003  11  05  20  32  00   339.55  -260.55    78.99
2003  11  05  20  33  00   340.20  -241.65    98.55
2003  11  05  20  34  00   344.54  -236.07   108.47
2003  11  05  20  35  00   306.02  -222.42    83.59
2003  11  05  20  36  00   295.14  -205.79    89.35
2003  11  05  20  37  00   288.90  -189.01    99.90
2003  11  05  20  38  00   258.07  -171.87    86.20
2003  11  05  20  39  00   226.63  -158.28    68.35
2003  11  05  20  40  00   210.36  -149.11    61.25
2003  11  05  20  41  00   228.37  -153.19    75.18
2003  11  05  20  42  00   234.43  -155.65    78.78
2003  11  05  20  43  00   224.87  -163.56    61.31
2003  11  05  20  44  00   273.77  -192.76    81.01
2003  11  05  20  45  00   267.13  -174.61    92.53
2003  11  05  20  46  00   222.39  -141.58    80.82
2003  11  05  20  47  00   204.67  -129.19    75.48
2003  11  05  20  48  00   182.02  -118.36    63.66
2003  11  05  20  49  00   154.50  -107.92    46.58
2003  11  05  20  50  00   158.02  -100.45    57.57
2003  11  05  20  51  00   183.07   -97.18    85.89
2003  11  05  20  52  00   179.27   -97.87    81.40
2003  11  05  20  53  00   186.39   -89.27    97.12
2003  11  05  20  54  00   207.95   -96.76   111.19
2003  11  05  20  55  00   204.24  -141.18    63.06
2003  11  05  20  56  00   275.99  -217.16    58.83
2003  11  05  20  57  00   238.54  -159.57    78.97
2003  11  05  20  58  00   228.44  -148.77    79.67
2003  11  05  20  59  00   211.83  -146.49    65.34
2003  11  05  21  00  00   198.51  -132.21    66.30
2003  11  05  21  01  00   193.94  -106.16    87.78
2003  11  05  21  02  00   199.00  -100.70    98.30
2003  11  05  21  03  00   149.83  -100.23    49.61
2003  11  05  21  04  00   165.25   -89.26    75.98
2003  11  05  21  05  00   154.07   -91.49    62.58
2003  11  05  21  06  00   167.01  -109.38    57.63
2003  11  05  21  07  00   171.91  -107.59    64.31
2003  11  05  21  08  00   170.71  -106.71    64.00
2003  11  05  21  09  00   263.94  -181.19    82.75
2003  11  05  21  10  00   262.51  -212.49    50.02
2003  11  05  21  11  00   279.41  -223.15    56.26
2003  11  05  21  12  00   289.62  -237.97    51.66
2003  11  05  21  13  00   313.17  -256.52    56.65
2003  11  05  21  14  00   328.32  -268.59    59.73
2003  11  05  21  15  00   343.12  -261.21    81.91
2003  11  05  21  16  00   337.57  -251.44    86.13
2003  11  05  21  17  00   361.43  -271.94    89.49
2003  11  05  21  18  00   370.37  -273.49    96.88
2003  11  05  21  19  00   390.56  -283.82   106.74
2003  11  05  21  20  00   388.65  -272.05   116.60
2003  11  05  21  21  00   412.84  -301.97   110.88
2003  11  05  21  22  00   422.54  -316.53   106.01
2003  11  05  21  23  00   458.26  -350.61   107.65
2003  11  05  21  24  00   434.14  -344.75    89.40
2003  11  05  21  25  00   407.62  -337.74    69.87
2003  11  05  21  26  00   411.09  -353.00    58.08
2003  11  05  21  27  00   412.27  -354.92    57.35
2003  11  05  21  28  00   425.54  -347.23    78.31
2003  11  05  21  29  00   442.71  -339.72   102.99
2003  11  05  21  30  00   540.23  -413.10   127.13
2003  11  05  21  31  00   570.97  -425.52   145.45
2003  11  05  21  32  00   616.50  -468.69   147.82
2003  11  05  21  33  00   545.48  -400.07   145.41
2003  11  05  21  34  00   554.64  -400.17   154.48
2003  11  05  21  35  00   514.76  -367.07   147.69
2003  11  05  21  36  00   509.42  -374.38   135.05
2003  11  05  21  37  00   569.05  -443.38   125.66
2003  11  05  21  38  00   556.31  -437.40   118.91
2003  11  05  21  39  00   526.69  -425.49   101.20
2003  11  05  21  40  00   498.17  -402.62    95.55
2003  11  05  21  41  00   491.98  -378.83   113.15
2003  11  05  21  42  00   515.57  -384.01   131.56
2003  11  05  21  43  00   507.43  -372.32   135.11
2003  11  05  21  44  00   488.35  -378.57   109.78
2003  11  05  21  45  00   445.52  -384.49    61.03
2003  11  05  21  46  00   446.44  -393.98    52.46
2003  11  05  21  47  00   375.57  -321.50    54.07
2003  11  05  21  48  00   424.42  -371.00    53.42
2003  11  05  21  49  00   437.12  -396.86    40.25
2003  11  05  21  50  00   548.67  -503.83    44.84
2003  11  05  21  51  00   503.64  -464.73    38.91
2003  11  05  21  52  00   522.78  -478.70    44.07
2003  11  05  21  53  00   525.28  -468.92    56.36
2003  11  05  21  54  00   507.87  -452.03    55.84
2003  11  05  21  55  00   525.22  -445.52    79.70
2003  11  05  21  56  00   601.90  -504.61    97.29
2003  11  05  21  57  00   533.88  -449.45    84.43
2003  11  05  21  58  00   538.75  -461.91    76.83
2003  11  05  21  59  00   574.29  -500.10    74.19
2003  11  05  22  00  00   595.10  -506.70    88.40
2003  11  05  22  01  00   569.63  -499.07    70.56
2003  11  05  22  02  00   567.55  -498.61    68.94
2003  11  05  22  03  00   558.06  -487.05    71.02
2003  11  05  22  04  00   543.74  -476.17    67.57
2003  11  05  22  05  00   542.37  -469.83    72.54
2003  11  05  22  06  00   538.42  -464.84    73.58
2003  11  05  22  07  00   547.18  -476.54    70.64
2003  11  05  22  08  00   563.53  -494.62    68.91
2003  11  05  22  09  00   583.97  -511.82    72.15
2003  11  05  22  10  00   578.53  -508.20    70.33
2003  11  05  22  11  00   617.31  -544.40    72.91
2003  11  05  22  12  00   612.66  -536.59    76.07
2003  11  05  22  13  00   635.38  -556.38    79.00
2003  11  05  22  14  00   649.52  -570.70    78.82
2003  11  05  22  15  00   672.22  -590.55    81.67
2003  11  05  22  16  00   665.77  -583.32    82.44
2003  11  05  22  17  00   687.76  -595.78    91.97
2003  11  05  22  18  00   665.98  -582.50    83.48
2003  11  05  22  19  00   644.02  -562.28    81.73
2003  11  05  22  20  00   632.48  -548.46    84.02
2003  11  05  22  21  00   637.75  -550.34    87.41
2003  11  05  22  22  00   644.63  -550.26    94.37
2003  11  05  22  23  00   631.85  -539.55    92.30
2003  11  05  22  24  00   632.43  -541.15    91.28
2003  11  05  22  25  00   629.02  -536.96    92.06
2003  11  05  22  26  00   642.26  -548.42    93.84
2003  11  05  22  27  00   655.63  -558.87    96.75
2003  11  05  22  28  00   666.02  -570.47    95.55
2003  11  05  22  29  00   671.51  -581.14    90.37
2003  11  05  22  30  00   659.86  -572.51    87.36
2003  11  05  22  31  00   616.96  -532.61    84.35
2003  11  05  22  32  00   571.10  -488.86    82.24
2003  11  05  22  33  00   548.29  -468.23    80.06
2003  11  05  22  34  00   536.04  -457.05    79.00
2003  11  05  22  35  00   520.56  -442.62    77.94
2003  11  05  22  36  00   494.92  -421.02    73.89
2003  11  05  22  37  00   492.80  -421.97    70.83
2003  11  05  22  38  00   480.56  -414.84    65.72
2003  11  05  22  39  00   468.79  -406.20    62.58
2003  11  05  22  40  00   462.61  -400.11    62.49
2003  11  05  22  41  00   436.34  -374.98    61.36
2003  11  05  22  42  00   433.75  -373.39    60.36
2003  11  05  22  43  00   441.29  -381.92    59.37
2003  11  05  22  44  00   432.81  -378.26    54.55
2003  11  05  22  45  00   424.58  -371.74    52.85
2003  11  05  22  46  00   416.49  -362.56    53.93
2003  11  05  22  47  00   414.23  -361.50    52.74
2003  11  05  22  48  00   392.29  -344.61    47.68
2003  11  05  22  49  00   370.61  -324.62    45.99
2003  11  05  22  50  00   362.49  -316.64    45.85
2003  11  05  22  51  00   343.50  -308.17    35.33
2003  11  05  22  52  00   334.78  -304.41    30.37
2003  11  05  22  53  00   331.92  -296.67    35.25
2003  11  05  22  54  00   313.98  -272.93    41.05
2003  11  05  22  55  00   298.32  -253.71    44.62
2003  11  05  22  56  00   312.87  -272.32    40.55
2003  11  05  22  57  00   295.16  -253.74    41.42
2003  11  05  22  58  00   271.03  -240.34    30.69
2003  11  05  22  59  00   267.59  -221.01    46.58
2003  11  05  23  00  00   271.06  -218.71    52.35
2003  11  05  23  01  00   342.52  -279.01    63.51
2003  11  05  23  02  00   384.62  -314.00    70.62
2003  11  05  23  03  00   336.67  -270.58    66.09
2003  11  05  23  04  00   321.46  -242.44    79.02
2003  11  05  23  05  00   387.49  -296.77    90.72
2003  11  05  23  06  00   369.24  -279.77    89.46
2003  11  05  23  07  00   392.12  -297.83    94.30
2003  11  05  23  08  00   397.29  -296.09   101.21
2003  11  05  23  09  00   314.36  -222.97    91.39
2003  11  05  23  10  00   309.01  -224.69    84.32
2003  11  05  23  11  00   302.72  -225.19    77.52
2003  11  05  23  12  00   312.20  -223.69    88.52
2003  11  05  23  13  00   355.83  -242.92   112.91
2003  11  05  23  14  00   349.06  -236.88   112.18
2003  11  05  23  15  00   337.02  -221.34   115.67
2003  11  05  23  16  00   322.44  -214.86   107.58
2003  11  05  23  17  00   319.67  -208.28   111.39
2003  11  05  23  18  00   314.26  -195.31   118.95
2003  11  05  23  19  00   310.70  -206.76   103.94
2003  11  05  23  20  00   301.05  -218.44    82.61
2003  11  05  23  21  00   314.08  -233.77    80.31
2003  11  05  23  22  00   306.51  -225.97    80.54
2003  11  05  23  23  00   284.54  -216.32    68.22
2003  11  05  23  24  00   264.95  -203.47    61.48
2003  11  05  23  25  00   266.65  -195.31    71.34
2003  11  05  23  26  00   271.45  -208.97    62.48
2003  11  05  23  27  00   276.81  -214.42    62.39
2003  11  05  23  28  00   251.08  -185.71    65.37
2003  11  05  23  29  00   254.77  -186.46    68.31
2003  11  05  23  30  00   272.37  -200.17    72.20
2003  11  05  23  31  00   284.26  -207.22    77.04
2003  11  05  23  32  00   271.62  -191.69    79.93
2003  11  05  23  33  00   263.55  -182.62    80.93
2003  11  05  23  34  00   262.62  -176.73    85.90
2003  11  05  23  35  00   265.37  -175.58    89.79
2003  11  05  23  36  00   258.46  -169.65    88.81
2003  11  05  23  37  00   266.42  -174.63    91.79
2003  11  05  23  38  00   267.34  -169.53    97.81
2003  11  05  23  39  00   271.02  -170.16   100.86
2003  11  05  23  40  00   272.05  -174.28    97.77
2003  11  05  23  41  00   268.33  -175.56    92.78
2003  11  05  23  42  00   277.43  -186.60    90.83
2003  11  05  23  43  00   288.41  -199.69    88.72
2003  11  05  23  44  00   289.62  -200.98    88.64
2003  11  05  23  45  00   305.76  -215.14    90.62
2003  11  05  23  46  00   293.64  -202.01    91.64
2003  11  05  23  47  00   277.34  -189.67    87.68
2003  11  05  23  48  00   255.03  -167.40    87.62
2003  11  05  23  49  00   236.84  -150.22    86.62
2003  11  05  23  50  00   234.86  -152.22    82.64
2003  11  05  23  51  00   237.67  -161.93    75.74
2003  11  05  23  52  00   258.63  -183.74    74.89
2003  11  05  23  53  00   275.45  -198.48    76.97
2003  11  05  23  54  00   276.89  -201.82    75.07
2003  11  05  23  55  00   256.08  -186.95    69.13
2003  11  05  23  56  00   235.15  -166.04    69.11
2003  11  05  23  57  00   225.73  -152.56    73.17
2003  11  05  23  58  00   244.79  -169.51    75.28
2003  11  05  23  59  00   263.54  -180.34    83.20
